variant,model,train_data,threshold,f1,recall,precision,accuracy,balanced_accuracy,roc_auc,pr_auc,average_precision,mcc,tp,fp,fn,tn
with_billing_zip,LogisticRegression_SMOTE_C0.1,resampled,0.05,0.12188044109112015,0.963302752293578,0.06505576208178439,0.10314167160640189,0.5035144940175115,0.5805368542226254,0.0969174343029906,0.0969174343029906,0.008492711225859213,105,1509,4,69
with_billing_zip,LogisticRegression_SMOTE_C0.1,resampled,0.07,0.12228101116990006,0.9541284403669725,0.06532663316582915,0.11499703615886188,0.5055813304496459,0.5805368542226254,0.0969174343029906,0.0969174343029906,0.011904225524527072,104,1488,5,90
with_billing_zip,LogisticRegression_SMOTE_C0.1,resampled,0.09,0.12351543942992874,0.9541284403669725,0.06603174603174604,0.12507409602845287,0.5109678957221429,0.5805368542226254,0.0969174343029906,0.0969174343029906,0.021660614162383823,104,1471,5,107
with_billing_zip,LogisticRegression_SMOTE_C0.1,resampled,0.11,0.12409638554216867,0.944954128440367,0.06640876853642812,0.13811499703615887,0.5136684457157474,0.5805368542226254,0.0969174343029906,0.0969174343029906,0.02468542014468343,103,1448,6,130
with_billing_zip,LogisticRegression_SMOTE_C0.1,resampled,0.13,0.12607099143206854,0.944954128440367,0.06754098360655737,0.15352697095435686,0.5219067220148603,0.5805368542226254,0.0969174343029906,0.0969174343029906,0.03655793970821204,103,1422,6,156
with_billing_zip,LogisticRegression_SMOTE_C0.1,resampled,0.15,0.12710280373831775,0.9357798165137615,0.06818181818181818,0.16953171310017784,0.5261915559121406,0.5805368542226254,0.0969174343029906,0.0969174343029906,0.04064204591812004,102,1394,7,184
with_billing_zip,LogisticRegression_SMOTE_C0.1,resampled,0.17,0.12782440284054228,0.908256880733945,0.06875,0.1991701244813278,0.529223497401193,0.5805368542226254,0.0969174343029906,0.0969174343029906,0.040644259120446884,99,1341,10,237
with_billing_zip,LogisticRegression_SMOTE_C0.1,resampled,0.19,0.1276595744680851,0.8807339449541285,0.06881720430107527,0.22228808535862477,0.5287700143021593,0.5805368542226254,0.0969174343029906,0.0969174343029906,0.03739024340260499,96,1299,13,279
with_billing_zip,LogisticRegression_SMOTE_C0.1,resampled,0.21,0.12691771269177127,0.8348623853211009,0.06867924528301887,0.25785417901600477,0.5264299252334275,0.5805368542226254,0.0969174343029906,0.0969174343029906,0.03165413529274394,91,1234,18,344
with_billing_zip,LogisticRegression_SMOTE_C0.1,resampled,0.23,0.12703101920236337,0.7889908256880734,0.06907630522088354,0.2993479549496147,0.5272584039720468,0.5805368542226254,0.0969174343029906,0.0969174343029906,0.030479045145977476,86,1159,23,419
with_billing_zip,LogisticRegression_SMOTE_C0.1,resampled,0.25,0.12978889757623144,0.7614678899082569,0.07094017094017094,0.34024896265560167,0.5363106242950664,0.5805368542226254,0.0969174343029906,0.0969174343029906,0.038725074107232756,83,1087,26,491
with_billing_zip,LogisticRegression_SMOTE_C0.1,resampled,0.27,0.13388429752066117,0.7431192660550459,0.07356948228882834,0.3787788974510966,0.548365716677713,0.5805368542226254,0.0969174343029906,0.0969174343029906,0.04994498695809006,81,1020,28,558
with_billing_zip,LogisticRegression_SMOTE_C0.1,resampled,0.29,0.13464991023339318,0.6880733944954128,0.07462686567164178,0.42857142857142855,0.5493598911640563,0.5805368542226254,0.0969174343029906,0.0969174343029906,0.04945335034075272,75,930,34,648
with_billing_zip,LogisticRegression_SMOTE_C0.1,resampled,0.31,0.1393523061825319,0.6513761467889908,0.07802197802197802,0.48014226437462953,0.55984523435774,0.5805368542226254,0.0969174343029906,0.0969174343029906,0.05903303484467192,71,839,38,739
with_billing_zip,LogisticRegression_SMOTE_C0.1,resampled,0.33,0.1394335511982571,0.5871559633027523,0.07911001236093942,0.5317131001778305,0.557519680003721,0.5805368542226254,0.0969174343029906,0.0969174343029906,0.05660980861106865,64,745,45,833
with_billing_zip,LogisticRegression_SMOTE_C0.1,resampled,0.35,0.1419828641370869,0.5321100917431193,0.08192090395480225,0.5844694724362774,0.5600981383937396,0.5805368542226254,0.0969174343029906,0.0969174343029906,0.059875587643070924,58,650,51,928
with_billing_zip,LogisticRegression_SMOTE_C0.1,resampled,0.37,0.13480055020632736,0.44954128440366975,0.07928802588996764,0.6271487848251334,0.5444791339635586,0.5805368542226254,0.0969174343029906,0.0969174343029906,0.04539102360945338,49,569,60,1009
with_billing_zip,LogisticRegression_SMOTE_C0.1,resampled,0.39,0.12883435582822086,0.3853211009174312,0.07734806629834254,0.6633076467101363,0.5339153033104267,0.5805368542226254,0.0969174343029906,0.0969174343029906,0.03569270992143156,42,501,67,1077
with_billing_zip,LogisticRegression_SMOTE_C0.1,resampled,0.41,0.14017094017094017,0.3761467889908257,0.0861344537815126,0.7018375815056312,0.550240694875641,0.5805368542226254,0.0969174343029906,0.0969174343029906,0.054887927618380516,41,435,68,1143
with_billing_zip,LogisticRegression_SMOTE_C0.1,resampled,0.43,0.1436893203883495,0.3394495412844037,0.09113300492610837,0.7385892116182573,0.5528046185509471,0.5805368542226254,0.0969174343029906,0.0969174343029906,0.06073388630756547,37,369,72,1209
with_billing_zip,LogisticRegression_SMOTE_C0.1,resampled,0.45,0.15555555555555556,0.3211009174311927,0.10263929618768329,0.7747480735032602,0.5635922838106534,0.5805368542226254,0.0969174343029906,0.0969174343029906,0.07785767791501207,35,306,74,1272
with_billing_zip,LogisticRegression_SMOTE_C0.1,resampled,0.47,0.16,0.29357798165137616,0.10996563573883161,0.8008298755186722,0.5647230846152952,0.5805368542226254,0.0969174343029906,0.0969174343029906,0.08422998966887785,32,259,77,1319
with_billing_zip,LogisticRegression_SMOTE_C0.1,resampled,0.49,0.14917127071823205,0.24770642201834864,0.1067193675889328,0.8174273858921162,0.55224357856304,0.5805368542226254,0.0969174343029906,0.0969174343029906,0.071944040561963,27,226,82,1352
with_billing_zip,LogisticRegression_SMOTE_C0.1,resampled,0.51,0.16149068322981366,0.23853211009174313,0.12206572769953052,0.8399525785417902,0.5600138370484065,0.5805368542226254,0.0969174343029906,0.0969174343029906,0.08884021385850538,26,187,83,1391
with_billing_zip,LogisticRegression_SMOTE_C0.1,resampled,0.53,0.14915254237288136,0.2018348623853211,0.11827956989247312,0.8512151748666271,0.5489529191521029,0.5805368542226254,0.0969174343029906,0.0969174343029906,0.07684728357749829,22,164,87,1414
with_billing_zip,LogisticRegression_SMOTE_C0.1,resampled,0.55,0.15267175572519084,0.1834862385321101,0.13071895424836602,0.8684054534676942,0.5496011674282857,0.5805368542226254,0.0969174343029906,0.0969174343029906,0.08492396196683366,20,133,89,1445
with_billing_zip,LogisticRegression_SMOTE_C0.1,resampled,0.57,0.14782608695652175,0.1559633027522936,0.14049586776859505,0.8838174273858921,0.5450285461796955,0.5805368542226254,0.0969174343029906,0.0969174343029906,0.08580174201576256,17,104,92,1474
with_billing_zip,LogisticRegression_SMOTE_C0.1,resampled,0.59,0.1320754716981132,0.12844036697247707,0.13592233009708737,0.8909306461173682,0.5360199300008139,0.5805368542226254,0.0969174343029906,0.0969174343029906,0.07396792020582595,14,89,95,1489
with_billing_zip,LogisticRegression_SMOTE_C0.1,resampled,0.61,0.12307692307692308,0.11009174311926606,0.13953488372093023,0.8986366330764671,0.5315984697852351,0.5805368542226254,0.0969174343029906,0.0969174343029906,0.0706346673305003,12,74,97,1504
with_billing_zip,LogisticRegression_SMOTE_C1.0,resampled,0.05,0.12259194395796848,0.963302752293578,0.06546134663341646,0.10906935388263189,0.5066830618248626,0.5799322100905804,0.09712048696182515,0.09712048696182515,0.01519256120749919,105,1499,4,79
with_billing_zip,LogisticRegression_SMOTE_C1.0,resampled,0.07,0.12293144208037825,0.9541284403669725,0.065698041692988,0.12033195020746888,0.5084330414762619,0.5799322100905804,0.09712048696182515,0.09712048696182515,0.01723946774975412,104,1479,5,99
with_billing_zip,LogisticRegression_SMOTE_C1.0,resampled,0.09,0.12327947336923997,0.944954128440367,0.06594110115236876,0.13159454653230587,0.5101830211276613,0.5799322100905804,0.09712048696182515,0.09712048696182515,0.019115156922614035,103,1459,6,119
with_billing_zip,LogisticRegression_SMOTE_C1.0,resampled,0.11,0.12484848484848485,0.944954128440367,0.06683971447112265,0.14404267931238884,0.5168370135230985,0.5799322100905804,0.09712048696182515,0.09712048696182515,0.02944313549326047,103,1438,6,140
with_billing_zip,LogisticRegression_SMOTE_C1.0,resampled,0.13,0.12553846153846154,0.9357798165137615,0.06728232189973615,0.15767634854771784,0.5198544202974384,0.5799322100905804,0.09712048696182515,0.09712048696182515,0.03234493624422053,102,1414,7,164
with_billing_zip,LogisticRegression_SMOTE_C1.0,resampled,0.15,0.12830188679245283,0.9357798165137615,0.0688723835246455,0.17842323651452283,0.5309444076231672,0.5799322100905804,0.09712048696182515,0.09712048696182515,0.04646947627985482,102,1379,7,199
with_billing_zip,LogisticRegression_SMOTE_C1.0,resampled,0.17,0.1289902280130293,0.908256880733945,0.0694249649368864,0.2074688796680498,0.5336594923314846,0.5799322100905804,0.09712048696182515,0.09712048696182515,0.04576403289470657,99,1327,10,251
with_billing_zip,LogisticRegression_SMOTE_C1.0,resampled,0.19,0.1278600269179004,0.8715596330275229,0.06899055918663761,0.23177237700059278,0.5295694236113534,0.5799322100905804,0.09712048696182515,0.09712048696182515,0.037539785438655174,95,1282,14,296
with_billing_zip,LogisticRegression_SMOTE_C1.0,resampled,0.21,0.125,0.8073394495412844,0.06774441878367975,0.2697095435684647,0.5199561633004268,0.5799322100905804,0.09712048696182515,0.09712048696182515,0.023315962858492315,88,1211,21,367
with_billing_zip,LogisticRegression_SMOTE_C1.0,resampled,0.23,0.12874251497005987,0.7889908256880734,0.07008964955175224,0.3100177830468287,0.5329618260252789,0.5799322100905804,0.09712048696182515,0.09712048696182515,0.03639207423144982,86,1141,23,437
with_billing_zip,LogisticRegression_SMOTE_C1.0,resampled,0.25,0.12857142857142856,0.7431192660550459,0.07037358818418767,0.34914048606994663,0.5325228776409576,0.5799322100905804,0.09712048696182515,0.09712048696182515,0.03434516859741953,81,1070,28,508
with_billing_zip,LogisticRegression_SMOTE_C1.0,resampled,0.27,0.13242784380305603,0.7155963302752294,0.07296538821328344,0.3941908713692946,0.5437930954291229,0.5799322100905804,0.09712048696182515,0.09712048696182515,0.04469092024550128,78,991,31,587
with_billing_zip,LogisticRegression_SMOTE_C1.0,resampled,0.29,0.13382218148487626,0.6697247706422018,0.07433808553971487,0.43983402489626555,0.546839571632888,0.5799322100905804,0.09712048696182515,0.09712048696182515,0.04669381478355524,73,909,36,669
with_billing_zip,LogisticRegression_SMOTE_C1.0,resampled,0.31,0.13827655310621242,0.6330275229357798,0.07761529808773904,0.4902193242442205,0.5566912012651015,0.5799322100905804,0.09712048696182515,0.09712048696182515,0.05582902939024198,69,820,40,758
with_billing_zip,LogisticRegression_SMOTE_C1.0,resampled,0.33,0.1377049180327869,0.5779816513761468,0.07816377171215881,0.5323058684054535,0.5535662376018884,0.5799322100905804,0.09712048696182515,0.09712048696182515,0.05272692111852602,63,743,46,835
with_billing_zip,LogisticRegression_SMOTE_C1.0,resampled,0.35,0.13987730061349693,0.5229357798165137,0.08073654390934844,0.5844694724362774,0.555827839211172,0.5799322100905804,0.09712048696182515,0.09712048696182515,0.055643022021782666,57,649,52,929
with_billing_zip,LogisticRegression_SMOTE_C1.0,resampled,0.37,0.13186813186813187,0.44036697247706424,0.07754442649434572,0.6253704801422644,0.5392582644387856,0.5799322100905804,0.09712048696182515,0.09712048696182515,0.04004948070604078,48,571,61,1007
with_billing_zip,LogisticRegression_SMOTE_C1.0,resampled,0.39,0.13395638629283488,0.3944954128440367,0.08067542213883677,0.6704208654416123,0.5419878838618156,0.5799322100905804,0.09712048696182515,0.09712048696182515,0.04440728506169916,43,490,66,1088
with_billing_zip,LogisticRegression_SMOTE_C1.0,resampled,0.41,0.13993174061433447,0.3761467889908257,0.0859538784067086,0.7012448132780082,0.5499238380949059,0.5799322100905804,0.09712048696182515,0.09712048696182515,0.054507069761870135,41,436,68,1142
with_billing_zip,LogisticRegression_SMOTE_C1.0,resampled,0.43,0.14615384615384616,0.3486238532110092,0.09245742092457421,0.7368109069353883,0.5561243473913093,0.5799322100905804,0.09712048696182515,0.09712048696182515,0.06428383830750437,38,373,71,1205
with_billing_zip,LogisticRegression_SMOTE_C1.0,resampled,0.45,0.15384615384615385,0.3211009174311927,0.10115606936416185,0.7717842323651453,0.5620079999069778,0.5799322100905804,0.09712048696182515,0.09712048696182515,0.0755078368863059,35,311,74,1267
with_billing_zip,LogisticRegression_SMOTE_C1.0,resampled,0.47,0.16216216216216217,0.30275229357798167,0.11073825503355705,0.7978660343805573,0.5674090998941873,0.5799322100905804,0.09712048696182515,0.09712048696182515,0.08690725189448215,33,265,76,1313
with_billing_zip,LogisticRegression_SMOTE_C1.0,resampled,0.49,0.1487603305785124,0.24770642201834864,0.1062992125984252,0.8168346176644932,0.5519267217823048,0.5799322100905804,0.09712048696182515,0.09712048696182515,0.07139169550949037,27,227,82,1351
with_billing_zip,LogisticRegression_SMOTE_C1.0,resampled,0.51,0.15757575757575756,0.23853211009174313,0.11764705882352941,0.8352104327208062,0.5574789828025255,0.5799322100905804,0.09712048696182515,0.09712048696182515,0.08376116245791104,26,195,83,1383
with_billing_zip,LogisticRegression_SMOTE_C1.0,resampled,0.53,0.1716171617161716,0.23853211009174313,0.13402061855670103,0.8512151748666271,0.5660341158823734,0.5799322100905804,0.09712048696182515,0.09712048696182515,0.10177341389698927,26,168,83,1410
with_billing_zip,LogisticRegression_SMOTE_C1.0,resampled,0.55,0.14760147601476015,0.1834862385321101,0.12345679012345678,0.8630705394190872,0.5467494564016697,0.5799322100905804,0.09712048696182515,0.09712048696182515,0.07801549713209474,20,142,89,1436
with_billing_zip,LogisticRegression_SMOTE_C1.0,resampled,0.57,0.15254237288135594,0.1651376146788991,0.14173228346456693,0.8814463544754001,0.5480314182393228,0.5799322100905804,0.09712048696182515,0.09712048696182515,0.08950720478792426,18,109,91,1469
with_billing_zip,LogisticRegression_SMOTE_C1.0,resampled,0.59,0.15023474178403756,0.14678899082568808,0.15384615384615385,0.8927089508002372,0.5455110987081546,0.5799322100905804,0.09712048696182515,0.09712048696182515,0.09303726545679095,16,88,93,1490
with_billing_zip,LogisticRegression_SMOTE_C1.0,resampled,0.61,0.14213197969543148,0.12844036697247707,0.1590909090909091,0.8998221695317131,0.5407727817118406,0.5799322100905804,0.09712048696182515,0.09712048696182515,0.09015742893257161,14,74,95,1504
with_billing_zip,LogisticRegression_balanced_C0.1,original,0.05,0.12100840336134454,0.9908256880733946,0.06443914081145585,0.06994665085951393,0.49858141184404836,0.5821007895257032,0.1021883969697395,0.1021883969697395,-0.008666020735855297,108,1568,1,10
with_billing_zip,LogisticRegression_balanced_C0.1,original,0.07,0.1210762331838565,0.9908256880733946,0.06447761194029851,0.07053941908713693,0.4988982686247835,0.5821007895257032,0.1021883969697395,0.1021883969697395,-0.00644576447926058,108,1567,1,11
with_billing_zip,LogisticRegression_balanced_C0.1,original,0.09,0.12121212121212122,0.9908256880733946,0.06455469216975493,0.07172495554238292,0.49953198218625366,0.5821007895257032,0.1021883969697395,0.1021883969697395,-0.002536571679518515,108,1565,1,13
with_billing_zip,LogisticRegression_balanced_C0.1,original,0.11,0.12134831460674157,0.9908256880733946,0.06463195691202872,0.07291049199762893,0.5001656957477238,0.5821007895257032,0.1021883969697395,0.1021883969697395,0.0008405429134240072,108,1563,1,15
with_billing_zip,LogisticRegression_balanced_C0.1,original,0.13,0.12069937958262832,0.981651376146789,0.06430288461538461,0.07587433313574392,0.49747968046883173,0.5821007895257032,0.1021883969697395,0.1021883969697395,-0.010685916347695648,107,1557,2,21
with_billing_zip,LogisticRegression_balanced_C0.1,original,0.15,0.12131519274376418,0.981651376146789,0.06465256797583081,0.08120924718435092,0.5003313914954477,0.5821007895257032,0.1021883969697395,0.1021883969697395,0.0011944393836134685,107,1548,2,30
with_billing_zip,LogisticRegression_balanced_C0.1,original,0.17,0.1207977207977208,0.9724770642201835,0.06439854191980558,0.08535862477771192,0.4982790897780259,0.5821007895257032,0.1021883969697395,0.1021883969697395,-0.005494752237257996,106,1540,3,38
with_billing_zip,LogisticRegression_balanced_C0.1,original,0.19,0.12114285714285715,0.9724770642201835,0.06459475929311395,0.08832246591582692,0.4998633736817014,0.5821007895257032,0.1021883969697395,0.1021883969697395,-0.000412475258287698,106,1535,3,43
with_billing_zip,LogisticRegression_balanced_C0.1,original,0.21,0.12190914318573894,0.9724770642201835,0.06503067484662577,0.0948429164196799,0.5033487982697876,0.5821007895257032,0.1021883969697395,0.1021883969697395,0.009112855852515504,106,1524,3,54
with_billing_zip,LogisticRegression_balanced_C0.1,original,0.23,0.12138728323699421,0.963302752293578,0.0647748303516348,0.0989922940130409,0.5012964965523656,0.5821007895257032,0.1021883969697395,0.1021883969697395,0.0032877942766369205,105,1516,4,62
with_billing_zip,LogisticRegression_balanced_C0.1,original,0.25,0.12188044109112015,0.963302752293578,0.06505576208178439,0.10314167160640189,0.5035144940175115,0.5821007895257032,0.1021883969697395,0.1021883969697395,0.008492711225859213,105,1509,4,69
with_billing_zip,LogisticRegression_balanced_C0.1,original,0.27,0.1216374269005848,0.9541284403669725,0.06495940037476577,0.10966212211025489,0.50272961942303,0.5821007895257032,0.1021883969697395,0.1021883969697395,0.006101743571604396,104,1497,5,81
with_billing_zip,LogisticRegression_balanced_C0.1,original,0.29,0.12131919905771496,0.944954128440367,0.06482064191315293,0.11558980438648489,0.5016278880478134,0.5821007895257032,0.1021883969697395,0.1021883969697395,0.0034217343701009235,103,1486,6,92
with_billing_zip,LogisticRegression_balanced_C0.1,original,0.31,0.12261904761904761,0.944954128440367,0.06556333545512412,0.12625963248369887,0.5073313101010454,0.5821007895257032,0.1021883969697395,0.1021883969697395,0.014244960414035555,103,1468,6,110
with_billing_zip,LogisticRegression_balanced_C0.1,original,0.33,0.12447129909365559,0.944954128440367,0.0666235446313066,0.14107883817427386,0.515252729619423,0.5821007895257032,0.1021883969697395,0.1021883969697395,0.027097549273619383,103,1443,6,135
with_billing_zip,LogisticRegression_balanced_C0.1,original,0.35,0.12669126691266913,0.944954128440367,0.06789716545814106,0.15826911677534083,0.5244415762607412,0.5821007895257032,0.1021883969697395,0.1021883969697395,0.0399216702908873,103,1414,6,164
with_billing_zip,LogisticRegression_balanced_C0.1,original,0.37,0.12706480304955528,0.9174311926605505,0.06825938566552901,0.18553645524599882,0.5262060906268532,0.5821007895257032,0.1021883969697395,0.1021883969697395,0.03811568095724265,100,1365,9,213
with_billing_zip,LogisticRegression_balanced_C0.1,original,0.39,0.1246684350132626,0.8623853211009175,0.06719085060757685,0.2175459395376408,0.5176945616911431,0.5821007895257032,0.1021883969697395,0.1021883969697395,0.023122322392403066,94,1305,15,273
with_billing_zip,LogisticRegression_balanced_C0.1,original,0.41,0.12596221133659902,0.8256880733944955,0.06818181818181818,0.25963248369887376,0.5231101963930652,0.5821007895257032,0.1021883969697395,0.1021883969697395,0.027541042951149147,90,1230,19,348
with_billing_zip,LogisticRegression_balanced_C0.1,original,0.43,0.13053263315828958,0.7981651376146789,0.07107843137254902,0.3129816241849437,0.538816409111522,0.5821007895257032,0.1021883969697395,0.1021883969697395,0.04276917728549948,87,1137,22,441
with_billing_zip,LogisticRegression_balanced_C0.1,original,0.45,0.13628899835796388,0.7614678899082569,0.07484220018034266,0.3764078245406046,0.5556388879199079,0.5821007895257032,0.1021883969697395,0.1021883969697395,0.05764285630735496,83,1026,26,552
with_billing_zip,LogisticRegression_balanced_C0.1,original,0.47,0.13627992633517497,0.6788990825688074,0.07574206755373593,0.44398340248962653,0.5533278682806014,0.5821007895257032,0.1021883969697395,0.1021883969697395,0.05310978110655884,74,903,35,675
with_billing_zip,LogisticRegression_balanced_C0.1,original,0.49,0.14316239316239315,0.6146788990825688,0.08101571946795647,0.5245998814463545,0.5665282961826026,0.5821007895257032,0.1021883969697395,0.1021883969697395,0.06543365273334475,67,760,42,818
with_billing_zip,LogisticRegression_balanced_C0.1,original,0.51,0.14427860696517414,0.5321100917431193,0.08345323741007195,0.5921754593953764,0.564217276543296,0.5821007895257032,0.1021883969697395,0.1021883969697395,0.06415055069292994,58,637,51,941
with_billing_zip,LogisticRegression_balanced_C0.1,original,0.53,0.13580246913580246,0.4036697247706422,0.08163265306122448,0.6680497925311203,0.5449907559214429,0.5821007895257032,0.1021883969697395,0.1021883969697395,0.0474410953307854,44,495,65,1083
with_billing_zip,LogisticRegression_balanced_C0.1,original,0.55,0.13438735177865613,0.3119266055045872,0.08564231738035265,0.7403675163011263,0.5409442913454494,0.5821007895257032,0.1021883969697395,0.1021883969697395,0.04745696870539915,34,363,75,1215
with_billing_zip,LogisticRegression_balanced_C0.1,original,0.57,0.1330049261083744,0.24770642201834864,0.09090909090909091,0.7913455838767042,0.5383018802106952,0.5821007895257032,0.1021883969697395,0.1021883969697395,0.049446005515657684,27,270,82,1308
with_billing_zip,LogisticRegression_balanced_C0.1,original,0.59,0.14814814814814814,0.22018348623853212,0.11162790697674418,0.8363959691760522,0.5495720979988605,0.5821007895257032,0.1021883969697395,0.1021883969697395,0.07309049593758045,24,191,85,1387
with_billing_zip,LogisticRegression_balanced_C0.1,original,0.61,0.15384615384615385,0.1926605504587156,0.12804878048780488,0.8630705394190872,0.5510197555842374,0.5821007895257032,0.1021883969697395,0.1021883969697395,0.0846765669616848,21,143,88,1435
with_billing_zip,LogisticRegression_balanced_C1.0,original,0.05,0.12128017967434025,0.9908256880733946,0.0645933014354067,0.07231772377000593,0.4998488389669888,0.5816007953395891,0.10171446670912218,0.10171446670912218,-0.0007917222115955239,108,1564,1,14
with_billing_zip,LogisticRegression_balanced_C1.0,original,0.07,0.12141652613827993,0.9908256880733946,0.06467065868263473,0.07350326022525193,0.500482552528459,0.5816007953395891,0.10171446670912218,0.10171446670912218,0.0023755197384508478,108,1562,1,16
with_billing_zip,LogisticRegression_balanced_C1.0,original,0.09,0.12175873731679819,0.9908256880733946,0.06486486486486487,0.07646710136336693,0.5020668364321346,0.5816007953395891,0.10171446670912218,0.10171446670912218,0.008957450007297366,108,1557,1,21
with_billing_zip,LogisticRegression_balanced_C1.0,original,0.11,0.12097230073487847,0.981651376146789,0.06445783132530121,0.07824540604623592,0.4987471075917722,0.5816007953395891,0.10171446670912218,0.10171446670912218,-0.0049087916100835375,107,1553,2,25
with_billing_zip,LogisticRegression_balanced_C1.0,original,0.13,0.12166003411028994,0.981651376146789,0.06484848484848485,0.08417308832246592,0.5019156753991233,0.5816007953395891,0.10171446670912218,0.10171446670912218,0.0064309603513673895,107,1543,2,35
with_billing_zip,LogisticRegression_balanced_C1.0,original,0.15,0.12221587664191891,0.981651376146789,0.06516443361753958,0.08891523414344991,0.5044505296450041,0.5816007953395891,0.10171446670912218,0.10171446670912218,0.01358049528250163,107,1535,2,43
with_billing_zip,LogisticRegression_balanced_C1.0,original,0.17,0.12228571428571429,0.981651376146789,0.06520414381474711,0.08950800237107291,0.5047673864257393,0.5816007953395891,0.10171446670912218,0.10171446670912218,0.01439275369344308,107,1534,2,44
with_billing_zip,LogisticRegression_balanced_C1.0,original,0.19,0.12155963302752294,0.9724770642201835,0.06483180428134556,0.09187907528156491,0.501764514366112,0.5816007953395891,0.10171446670912218,0.10171446670912218,0.005019510792530504,106,1529,3,49
with_billing_zip,LogisticRegression_balanced_C1.0,original,0.21,0.12096774193548387,0.963302752293578,0.0645359557467732,0.0954356846473029,0.499395355867955,0.5816007953395891,0.10171446670912218,0.10171446670912218,-0.0016051927328503183,105,1522,4,56
with_billing_zip,LogisticRegression_balanced_C1.0,original,0.23,0.12152777777777778,0.963302752293578,0.06485484867201977,0.1001778304682869,0.5019302101138359,0.5816007953395891,0.10171446670912218,0.10171446670912218,0.004825290340677437,105,1514,4,64
with_billing_zip,LogisticRegression_balanced_C1.0,original,0.25,0.12259194395796848,0.963302752293578,0.06546134663341646,0.10906935388263189,0.5066830618248626,0.5816007953395891,0.10171446670912218,0.10171446670912218,0.01519256120749919,105,1499,4,79
with_billing_zip,LogisticRegression_balanced_C1.0,original,0.27,0.1214622641509434,0.944954128440367,0.06490233144297416,0.11677534084173088,0.5022616016092836,0.5816007953395891,0.10171446670912218,0.10171446670912218,0.004708953319087381,103,1484,6,94
with_billing_zip,LogisticRegression_balanced_C1.0,original,0.29,0.12247324613555291,0.944954128440367,0.06547997457088366,0.12507409602845287,0.5066975965395751,0.5816007953395891,0.10171446670912218,0.10171446670912218,0.01311894584691528,103,1470,6,108
with_billing_zip,LogisticRegression_balanced_C1.0,original,0.31,0.12372372372372373,0.944954128440367,0.06619537275064268,0.13515115589804386,0.512084161812072,0.5816007953395891,0.10171446670912218,0.10171446670912218,0.0222010150864453,103,1453,6,125
with_billing_zip,LogisticRegression_balanced_C1.0,original,0.33,0.12462189957652753,0.944954128440367,0.0667098445595855,0.14226437462951985,0.5158864431808933,0.5816007953395891,0.10171446670912218,0.10171446670912218,0.028043470029727312,103,1441,6,137
with_billing_zip,LogisticRegression_balanced_C1.0,original,0.35,0.12453760789149199,0.926605504587156,0.0667547918043622,0.15826911677534083,0.5159009778956059,0.5816007953395891,0.10171446670912218,0.10171446670912218,0.02570552568732268,101,1412,8,166
with_billing_zip,LogisticRegression_balanced_C1.0,original,0.37,0.1258741258741259,0.908256880733945,0.06762295081967214,0.18494368701837582,0.5216189346635505,0.5816007953395891,0.10171446670912218,0.10171446670912218,0.03138398324000747,99,1365,10,213
with_billing_zip,LogisticRegression_balanced_C1.0,original,0.39,0.12373907195696032,0.8440366972477065,0.06676342525399129,0.22762299940723177,0.5145405285985047,0.5816007953395891,0.10171446670912218,0.10171446670912218,0.018483026683297973,92,1286,17,292
with_billing_zip,LogisticRegression_balanced_C1.0,original,0.41,0.12875536480686695,0.8256880733944955,0.06982156710628394,0.27800829875518673,0.5329327565958536,0.5816007953395891,0.10171446670912218,0.10171446670912218,0.03813790509423507,90,1199,19,379
with_billing_zip,LogisticRegression_balanced_C1.0,original,0.43,0.1337432744043044,0.7981651376146789,0.07298657718120806,0.33195020746887965,0.5489558260950453,0.5816007953395891,0.10171446670912218,0.10171446670912218,0.052864046130478924,87,1105,22,473
with_billing_zip,LogisticRegression_balanced_C1.0,original,0.45,0.13378492802709568,0.7247706422018348,0.07369402985074627,0.3935981031416716,0.5477465378309554,0.5816007953395891,0.10171446670912218,0.10171446670912218,0.04877571891415126,79,993,30,585
with_billing_zip,LogisticRegression_balanced_C1.0,original,0.47,0.14218009478672985,0.6880733944954128,0.07928118393234672,0.46354475400118555,0.5680544412274275,0.5816007953395891,0.10171446670912218,0.10171446670912218,0.06742152077942075,75,871,34,707
with_billing_zip,LogisticRegression_balanced_C1.0,original,0.49,0.1422319474835886,0.5963302752293578,0.08074534161490683,0.5352697095435685,0.5636911198706991,0.5816007953395891,0.10171446670912218,0.10171446670912218,0.06269651431563748,65,740,44,838
with_billing_zip,LogisticRegression_balanced_C1.0,original,0.51,0.14213197969543148,0.5137614678899083,0.08247422680412371,0.5992886781268524,0.559478959546982,0.5816007953395891,0.10171446670912218,0.10171446670912218,0.05963413906797917,56,623,53,955
with_billing_zip,LogisticRegression_balanced_C1.0,original,0.53,0.13210445468509985,0.3944954128440367,0.07933579335793357,0.6650859513930053,0.5391361728351997,0.5816007953395891,0.10171446670912218,0.10171446670912218,0.04120716254519154,43,499,66,1079
with_billing_zip,LogisticRegression_balanced_C1.0,original,0.55,0.13358778625954199,0.3211009174311927,0.08433734939759036,0.7308832246591582,0.5401448820362554,0.5816007953395891,0.10171446670912218,0.10171446670912218,0.04583099924153889,35,380,74,1198
with_billing_zip,LogisticRegression_balanced_C1.0,original,0.57,0.1351981351981352,0.26605504587155965,0.090625,0.7800829875518672,0.5408221997418635,0.5816007953395891,0.10171446670912218,0.10171446670912218,0.05119574898050585,29,291,80,1287
with_billing_zip,LogisticRegression_balanced_C1.0,original,0.59,0.14619883040935672,0.22935779816513763,0.1072961373390558,0.8269116775340841,0.5487726886896664,0.5816007953395891,0.10171446670912218,0.10171446670912218,0.06950455672022696,25,208,84,1370
with_billing_zip,LogisticRegression_balanced_C1.0,original,0.61,0.15770609318996415,0.2018348623853211,0.12941176470588237,0.8606994665085952,0.5540226276438647,0.5816007953395891,0.10171446670912218,0.10171446670912218,0.08823790683704205,22,148,87,1430
with_billing_zip,RidgeClassifier_balanced_alpha0.3,original,0.05,0.13918305597579425,0.42201834862385323,0.08333333333333333,0.6627148784825133,0.5506796432599621,0.589228613620772,0.09702486647270939,0.09702486647270939,0.053108351820752575,46,506,63,1072
with_billing_zip,RidgeClassifier_balanced_alpha0.3,original,0.07,0.1353637901861252,0.3669724770642202,0.08298755186721991,0.6970954356846473,0.5434355414471925,0.589228613620772,0.09702486647270939,0.09702486647270939,0.047274281953429954,40,442,69,1136
with_billing_zip,RidgeClassifier_balanced_alpha0.3,original,0.09,0.13059701492537312,0.3211009174311927,0.08196721311475409,0.7237700059276823,0.5363426006674341,0.589228613620772,0.09702486647270939,0.09702486647270939,0.04109732322638053,35,392,74,1186
with_billing_zip,RidgeClassifier_balanced_alpha0.3,original,0.11,0.1346938775510204,0.30275229357798167,0.08661417322834646,0.7486662714878483,0.5411099870931734,0.589228613620772,0.09702486647270939,0.09702486647270939,0.04834037422903739,33,348,76,1230
with_billing_zip,RidgeClassifier_balanced_alpha0.3,original,0.13,0.13513513513513514,0.27522935779816515,0.08955223880597014,0.7723770005927683,0.5409733607748748,0.589228613620772,0.09702486647270939,0.09702486647270939,0.05049955864291578,30,305,79,1273
with_billing_zip,RidgeClassifier_balanced_alpha0.3,original,0.15,0.13367609254498714,0.23853211009174313,0.09285714285714286,0.8002371072910492,0.5387844327391542,0.589228613620772,0.09702486647270939,0.09702486647270939,0.05125404236344429,26,254,83,1324
with_billing_zip,RidgeClassifier_balanced_alpha0.3,original,0.17,0.14450867052023122,0.22935779816513763,0.10548523206751055,0.8245406046235921,0.547505261566726,0.589228613620772,0.09702486647270939,0.09702486647270939,0.06721717927523303,25,212,84,1366
with_billing_zip,RidgeClassifier_balanced_alpha0.3,original,0.19,0.1423948220064725,0.2018348623853211,0.11,0.8429164196799052,0.5445169242218113,0.589228613620772,0.09702486647270939,0.09702486647270939,0.06770978148908317,22,178,87,1400
with_billing_zip,RidgeClassifier_balanced_alpha0.3,original,0.21,0.15492957746478872,0.2018348623853211,0.12571428571428572,0.8577356253704801,0.5524383437401891,0.589228613620772,0.09702486647270939,0.09702486647270939,0.08455723831371063,22,153,87,1425
with_billing_zip,RidgeClassifier_balanced_alpha0.3,original,0.23,0.15849056603773584,0.1926605504587156,0.1346153846153846,0.8678126852400712,0.5535546098301183,0.589228613620772,0.09702486647270939,0.09702486647270939,0.09089577756810545,21,135,88,1443
with_billing_zip,RidgeClassifier_balanced_alpha0.3,original,0.25,0.16379310344827586,0.1743119266055046,0.15447154471544716,0.8850029638411381,0.5542028581063011,0.589228613620772,0.09702486647270939,0.09702486647270939,0.10250569661670329,19,104,90,1474
with_billing_zip,RidgeClassifier_balanced_alpha0.3,original,0.27,0.16113744075829384,0.1559633027522936,0.16666666666666666,0.8950800237107291,0.5510488250136626,0.589228613620772,0.09702486647270939,0.09702486647270939,0.1053095544501478,17,85,92,1493
with_billing_zip,RidgeClassifier_balanced_alpha0.3,original,0.29,0.13471502590673576,0.11926605504587157,0.15476190476190477,0.9010077059869591,0.5371361960907431,0.589228613620772,0.09702486647270939,0.09702486647270939,0.08394363204525325,13,71,96,1507
with_billing_zip,RidgeClassifier_balanced_alpha0.3,original,0.31,0.11235955056179775,0.09174311926605505,0.14492753623188406,0.9063426200355661,0.5271770095696562,0.589228613620772,0.09702486647270939,0.09702486647270939,0.0674659449123245,10,59,99,1519
with_billing_zip,RidgeClassifier_balanced_alpha0.3,original,0.33,0.11042944785276074,0.08256880733944955,0.16666666666666666,0.9140486069946651,0.5270258485366449,0.589228613620772,0.09702486647270939,0.09702486647270939,0.07548942376450384,9,45,100,1533
with_billing_zip,RidgeClassifier_balanced_alpha0.3,original,0.35,0.1032258064516129,0.07339449541284404,0.17391304347826086,0.917605216360403,0.5246566900384879,0.589228613620772,0.09702486647270939,0.09702486647270939,0.07443862001694158,8,38,101,1540
with_billing_zip,RidgeClassifier_balanced_alpha0.3,original,0.37,0.10738255033557047,0.07339449541284404,0.2,0.921161825726141,0.5265578307228986,0.589228613620772,0.09702486647270939,0.09702486647270939,0.08582475004113672,8,32,101,1546
with_billing_zip,RidgeClassifier_balanced_alpha0.3,original,0.39,0.09655172413793103,0.06422018348623854,0.19444444444444445,0.9223473621813871,0.5229212451018012,0.589228613620772,0.09702486647270939,0.09702486647270939,0.07798483583160089,7,29,102,1549
with_billing_zip,RidgeClassifier_balanced_alpha0.3,original,0.41,0.08391608391608392,0.05504587155963303,0.17647058823529413,0.9223473621813871,0.5186509459192334,0.589228613620772,0.09702486647270939,0.09702486647270939,0.0652561911673492,6,28,103,1550
with_billing_zip,RidgeClassifier_balanced_alpha0.3,original,0.43,0.0851063829787234,0.05504587155963303,0.1875,0.9235328986366331,0.5192846594807037,0.589228613620772,0.09702486647270939,0.09702486647270939,0.06950799009554168,6,26,103,1552
with_billing_zip,RidgeClassifier_balanced_alpha0.3,original,0.45,0.058823529411764705,0.03669724770642202,0.14814814814814814,0.9241256668642561,0.5110609178963035,0.589228613620772,0.09702486647270939,0.09702486647270939,0.04333631572243123,4,23,105,1555
with_billing_zip,RidgeClassifier_balanced_alpha0.3,original,0.47,0.05970149253731343,0.03669724770642202,0.16,0.9253112033195021,0.5116946314577737,0.589228613620772,0.09702486647270939,0.09702486647270939,0.04758803475630666,4,21,105,1557
with_billing_zip,RidgeClassifier_balanced_alpha0.3,original,0.49,0.046153846153846156,0.027522935779816515,0.14285714285714285,0.9264967397747481,0.5080580458366764,0.589228613620772,0.09702486647270939,0.09702486647270939,0.0357338106366866,3,18,106,1560
with_billing_zip,RidgeClassifier_balanced_alpha0.3,original,0.51,0.047244094488188976,0.027522935779816515,0.16666666666666666,0.9282750444576171,0.5090086161788816,0.589228613620772,0.09702486647270939,0.09702486647270939,0.043111229317040235,3,15,106,1563
with_billing_zip,RidgeClassifier_balanced_alpha0.3,original,0.53,0.031746031746031744,0.01834862385321101,0.11764705882352941,0.9276822762299941,0.5044214602155789,0.589228613620772,0.09702486647270939,0.09702486647270939,0.021766057362552646,2,15,107,1563
with_billing_zip,RidgeClassifier_balanced_alpha0.3,original,0.55,0.031746031746031744,0.01834862385321101,0.11764705882352941,0.9276822762299941,0.5044214602155789,0.589228613620772,0.09702486647270939,0.09702486647270939,0.021766057362552646,2,15,107,1563
with_billing_zip,RidgeClassifier_balanced_alpha0.3,original,0.57,0.016129032258064516,0.009174311926605505,0.06666666666666667,0.9276822762299941,0.5001511610330113,0.589228613620772,0.09702486647270939,0.09702486647270939,0.0007917222115955239,1,14,108,1564
with_billing_zip,RidgeClassifier_balanced_alpha0.3,original,0.59,0.016260162601626018,0.009174311926605505,0.07142857142857142,0.9282750444576171,0.5004680178137464,0.589228613620772,0.09702486647270939,0.09702486647270939,0.002536571679518515,1,13,108,1565
with_billing_zip,RidgeClassifier_balanced_alpha0.3,original,0.61,0.01652892561983471,0.009174311926605505,0.08333333333333333,0.9294605809128631,0.5011017313752165,0.589228613620772,0.09702486647270939,0.09702486647270939,0.00644576447926058,1,11,108,1567
with_billing_zip,LinearSVC_balanced_C0.1,original,0.05,0.1348973607038123,0.42201834862385323,0.08027923211169284,0.6502667457024304,0.5440256508645249,0.5838798386065279,0.10171001476832708,0.10171001476832708,0.045706990081037915,46,527,63,1051
with_billing_zip,LinearSVC_balanced_C0.1,original,0.07,0.13136288998357964,0.3669724770642202,0.08,0.6864256075874333,0.5377321193939606,0.5838798386065279,0.10171001476832708,0.10171001476832708,0.040625393668594134,40,460,69,1118
with_billing_zip,LinearSVC_balanced_C0.1,original,0.09,0.13653136531365315,0.3394495412844037,0.08545034642032333,0.7225844694724363,0.5442494854710992,0.5838798386065279,0.10171001476832708,0.10171001476832708,0.04980950809426635,37,396,72,1182
with_billing_zip,LinearSVC_balanced_C0.1,original,0.11,0.13333333333333333,0.29357798165137616,0.0862533692722372,0.7534084173088322,0.5393745421564866,0.5838798386065279,0.10171001476832708,0.10171001476832708,0.04674093131905256,32,339,77,1239
with_billing_zip,LinearSVC_balanced_C0.1,original,0.13,0.1336405529953917,0.26605504587155965,0.08923076923076922,0.7771191464137522,0.5392379158381879,0.5838798386065279,0.10171001476832708,0.10171001476832708,0.04891842221501629,29,296,80,1282
with_billing_zip,LinearSVC_balanced_C0.1,original,0.15,0.14213197969543148,0.25688073394495414,0.09824561403508772,0.7996443390634262,0.5470081743235544,0.5838798386065279,0.10171001476832708,0.10171001476832708,0.06168416524028257,28,257,81,1321
with_billing_zip,LinearSVC_balanced_C0.1,original,0.17,0.14367816091954022,0.22935779816513763,0.10460251046025104,0.8233550681683461,0.5468715480052557,0.5838798386065279,0.10171001476832708,0.10171001476832708,0.06608803051302972,25,214,84,1364
with_billing_zip,LinearSVC_balanced_C0.1,original,0.19,0.16181229773462782,0.22935779816513763,0.125,0.8464730290456431,0.559228962453925,0.5838798386065279,0.10171001476832708,0.10171001476832708,0.09008663953507051,25,175,84,1403
with_billing_zip,LinearSVC_balanced_C0.1,original,0.21,0.15658362989323843,0.2018348623853211,0.12790697674418605,0.8595139300533492,0.5533889140823944,0.5838798386065279,0.10171001476832708,0.10171001476832708,0.08675155970378215,22,150,87,1428
with_billing_zip,LinearSVC_balanced_C0.1,original,0.23,0.1556420233463035,0.1834862385321101,0.13513513513513514,0.8713692946058091,0.5511854513319613,0.5838798386065279,0.10171001476832708,0.10171001476832708,0.08895965982358707,20,128,89,1450
with_billing_zip,LinearSVC_balanced_C0.1,original,0.25,0.1518987341772152,0.1651376146788991,0.140625,0.8808535862477771,0.5477145614585877,0.5838798386065279,0.10171001476832708,0.10171001476832708,0.08859712685974223,18,110,91,1468
with_billing_zip,LinearSVC_balanced_C0.1,original,0.27,0.15384615384615385,0.1559633027522936,0.15178571428571427,0.8891523414344991,0.5478802572063115,0.5838798386065279,0.10171001476832708,0.10171001476832708,0.09455923028587966,17,95,92,1483
with_billing_zip,LinearSVC_balanced_C0.1,original,0.29,0.1717171717171717,0.1559633027522936,0.19101123595505617,0.9027860106698281,0.555167963163219,0.5838798386065279,0.10171001476832708,0.10171001476832708,0.12133896972524501,17,72,92,1506
with_billing_zip,LinearSVC_balanced_C0.1,original,0.31,0.1564245810055866,0.12844036697247707,0.2,0.9104919976289271,0.5464762037650726,0.5838798386065279,0.10171001476832708,0.10171001476832708,0.11458383702787393,14,56,95,1522
with_billing_zip,LinearSVC_balanced_C0.1,original,0.33,0.1686746987951807,0.12844036697247707,0.24561403508771928,0.918197984588026,0.5505953419146289,0.5838798386065279,0.10171001476832708,0.10171001476832708,0.13768164593145168,14,43,95,1535
with_billing_zip,LinearSVC_balanced_C0.1,original,0.35,0.1282051282051282,0.09174311926605505,0.2127659574468085,0.919383521043272,0.5341478587458286,0.5838798386065279,0.10171001476832708,0.10171001476832708,0.10202095095627679,10,37,99,1541
with_billing_zip,LinearSVC_balanced_C0.1,original,0.37,0.10884353741496598,0.07339449541284404,0.21052631578947367,0.9223473621813871,0.5271915442843688,0.5838798386065279,0.10171001476832708,0.10171001476832708,0.09010076762762752,8,30,101,1548
with_billing_zip,LinearSVC_balanced_C0.1,original,0.39,0.07246376811594203,0.045871559633027525,0.1724137931034483,0.9241256668642561,0.5153312170788712,0.5838798386065279,0.10171001476832708,0.10171001476832708,0.05799387324367429,5,24,104,1554
with_billing_zip,LinearSVC_balanced_C0.1,original,0.41,0.05970149253731343,0.03669724770642202,0.16,0.9253112033195021,0.5116946314577737,0.5838798386065279,0.10171001476832708,0.10171001476832708,0.04758803475630666,4,21,105,1557
with_billing_zip,LinearSVC_balanced_C0.1,original,0.43,0.06060606060606061,0.03669724770642202,0.17391304347826086,0.9264967397747481,0.512328345019244,0.5838798386065279,0.10171001476832708,0.10171001476832708,0.05227101641358391,4,19,105,1559
with_billing_zip,LinearSVC_balanced_C0.1,original,0.45,0.06060606060606061,0.03669724770642202,0.17391304347826086,0.9264967397747481,0.512328345019244,0.5838798386065279,0.10171001476832708,0.10171001476832708,0.05227101641358391,4,19,105,1559
with_billing_zip,LinearSVC_balanced_C0.1,original,0.47,0.031746031746031744,0.01834862385321101,0.11764705882352941,0.9276822762299941,0.5044214602155789,0.5838798386065279,0.10171001476832708,0.10171001476832708,0.021766057362552646,2,15,107,1563
with_billing_zip,LinearSVC_balanced_C0.1,original,0.49,0.032,0.01834862385321101,0.125,0.9282750444576171,0.504738316996314,0.5838798386065279,0.10171001476832708,0.10171001476832708,0.02403657805054617,2,14,107,1564
with_billing_zip,LinearSVC_balanced_C0.1,original,0.51,0.03225806451612903,0.01834862385321101,0.13333333333333333,0.9288678126852401,0.5050551737770491,0.5838798386065279,0.10171001476832708,0.10171001476832708,0.026477017807011848,2,13,107,1565
with_billing_zip,LinearSVC_balanced_C0.1,original,0.53,0.016260162601626018,0.009174311926605505,0.07142857142857142,0.9282750444576171,0.5004680178137464,0.5838798386065279,0.10171001476832708,0.10171001476832708,0.002536571679518515,1,13,108,1565
with_billing_zip,LinearSVC_balanced_C0.1,original,0.55,0.01639344262295082,0.009174311926605505,0.07692307692307693,0.9288678126852401,0.5007848745944815,0.5838798386065279,0.10171001476832708,0.10171001476832708,0.004413139062970722,1,12,108,1566
with_billing_zip,LinearSVC_balanced_C0.1,original,0.57,0.01639344262295082,0.009174311926605505,0.07692307692307693,0.9288678126852401,0.5007848745944815,0.5838798386065279,0.10171001476832708,0.10171001476832708,0.004413139062970722,1,12,108,1566
with_billing_zip,LinearSVC_balanced_C0.1,original,0.59,0.01652892561983471,0.009174311926605505,0.08333333333333333,0.9294605809128631,0.5011017313752165,0.5838798386065279,0.10171001476832708,0.10171001476832708,0.00644576447926058,1,11,108,1567
with_billing_zip,LinearSVC_balanced_C0.1,original,0.61,0.0,0.0,0.0,0.9300533491404861,0.49714828897338403,0.5838798386065279,0.10171001476832708,0.10171001476832708,-0.01924797411753996,0,9,109,1569
with_billing_zip,RandomForest_balanced_depth5,original,0.05,0.12138084632516703,1.0,0.06461173681090694,0.06461173681090694,0.5,0.5814292857059802,0.08697318665830144,0.08697318665830144,0.0,109,1578,0,0
with_billing_zip,RandomForest_balanced_depth5,original,0.07,0.12138084632516703,1.0,0.06461173681090694,0.06461173681090694,0.5,0.5814292857059802,0.08697318665830144,0.08697318665830144,0.0,109,1578,0,0
with_billing_zip,RandomForest_balanced_depth5,original,0.09,0.12138084632516703,1.0,0.06461173681090694,0.06461173681090694,0.5,0.5814292857059802,0.08697318665830144,0.08697318665830144,0.0,109,1578,0,0
with_billing_zip,RandomForest_balanced_depth5,original,0.11,0.12138084632516703,1.0,0.06461173681090694,0.06461173681090694,0.5,0.5814292857059802,0.08697318665830144,0.08697318665830144,0.0,109,1578,0,0
with_billing_zip,RandomForest_balanced_depth5,original,0.13,0.12138084632516703,1.0,0.06461173681090694,0.06461173681090694,0.5,0.5814292857059802,0.08697318665830144,0.08697318665830144,0.0,109,1578,0,0
with_billing_zip,RandomForest_balanced_depth5,original,0.15,0.12138084632516703,1.0,0.06461173681090694,0.06461173681090694,0.5,0.5814292857059802,0.08697318665830144,0.08697318665830144,0.0,109,1578,0,0
with_billing_zip,RandomForest_balanced_depth5,original,0.17,0.12151616499442586,1.0,0.06468842729970327,0.06579727326615294,0.5006337135614702,0.5814292857059802,0.08697318665830144,0.08697318665830144,0.009054715197067445,109,1576,0,2
with_billing_zip,RandomForest_balanced_depth5,original,0.19,0.12158393753485779,1.0,0.06472684085510688,0.06639004149377593,0.5009505703422054,0.5814292857059802,0.08697318665830144,0.08697318665830144,0.011093008181869195,109,1575,0,3
with_billing_zip,RandomForest_balanced_depth5,original,0.21,0.12171970965940815,1.0,0.06480380499405469,0.06757557794902193,0.5015842839036755,0.5814292857059802,0.08697318665830144,0.08697318665830144,0.014329523728931773,109,1573,0,5
with_billing_zip,RandomForest_balanced_depth5,original,0.23,0.12240314430095452,1.0,0.0651913875598086,0.07350326022525193,0.5047528517110266,0.5814292857059802,0.08697318665830144,0.08697318665830144,0.0248935733838208,109,1563,0,15
with_billing_zip,RandomForest_balanced_depth5,original,0.25,0.12300683371298406,0.9908256880733946,0.06557377049180328,0.08713692946058091,0.5077702584853665,0.5814292857059802,0.08697318665830144,0.08697318665830144,0.025110503158927152,108,1539,1,39
with_billing_zip,RandomForest_balanced_depth5,original,0.27,0.12028301886792453,0.9357798165137615,0.06427221172022685,0.11558980438648489,0.4973575888652458,0.5814292857059802,0.08697318665830144,0.08697318665830144,-0.005501849057905435,102,1485,7,93
with_billing_zip,RandomForest_balanced_depth5,original,0.29,0.12239902080783353,0.9174311926605505,0.06557377049180328,0.14997036158861884,0.5071946837827468,0.5814292857059802,0.08697318665830144,0.08697318665830144,0.012006488956717729,100,1425,9,153
with_billing_zip,RandomForest_balanced_depth5,original,0.31,0.12208936438011328,0.8899082568807339,0.06554054054054054,0.17308832246591582,0.506741200683713,0.5814292857059802,0.08697318665830144,0.08697318665830144,0.010102246697514803,97,1383,12,195
with_billing_zip,RandomForest_balanced_depth5,original,0.33,0.12491781722550953,0.8715596330275229,0.06728045325779036,0.2110254890337878,0.5184794362856245,0.5814292857059802,0.08697318665830144,0.08697318665830144,0.024598111611734138,95,1317,14,261
with_billing_zip,RandomForest_balanced_depth5,original,0.35,0.1299638989169675,0.8256880733944955,0.07053291536050156,0.2857142857142857,0.5370518947454099,0.5814292857059802,0.08697318665830144,0.08697318665830144,0.042438587199847236,90,1186,19,392
with_billing_zip,RandomForest_balanced_depth5,original,0.37,0.13215149073327961,0.7522935779816514,0.07243816254416961,0.36158861885002963,0.5434471692189626,0.5814292857059802,0.08697318665830144,0.08697318665830144,0.04546618602556323,82,1050,27,528
with_billing_zip,RandomForest_balanced_depth5,original,0.39,0.13595706618962433,0.6972477064220184,0.0753221010901883,0.42738589211618255,0.5529964767851536,0.5814292857059802,0.08697318665830144,0.08697318665830144,0.05314755776222454,76,933,33,645
with_billing_zip,RandomForest_balanced_depth5,original,0.41,0.13282001924927817,0.6330275229357798,0.07419354838709677,0.46591582691167754,0.5437000732549622,0.5814292857059802,0.08697318665830144,0.08697318665830144,0.04320057178818617,69,861,40,717
with_billing_zip,RandomForest_balanced_depth5,original,0.43,0.13920163766632548,0.6238532110091743,0.07834101382488479,0.5014819205690575,0.558441180916501,0.5814292857059802,0.08697318665830144,0.08697318665830144,0.05749286005469475,68,800,41,778
with_billing_zip,RandomForest_balanced_depth5,original,0.45,0.14347826086956522,0.6055045871559633,0.08138101109741061,0.5328986366330765,0.5666939919303264,0.5814292857059802,0.08697318665830144,0.08697318665830144,0.06563280667598634,66,745,43,833
with_billing_zip,RandomForest_balanced_depth5,original,0.47,0.14420803782505912,0.5596330275229358,0.08276797829036635,0.5708358032009484,0.5656213299845351,0.5814292857059802,0.08697318665830144,0.08697318665830144,0.06504983895784966,61,676,48,902
with_billing_zip,RandomForest_balanced_depth5,original,0.49,0.1444141689373297,0.48623853211009177,0.0848,0.6277415530527564,0.5618771874745643,0.5814292857059802,0.08697318665830144,0.08697318665830144,0.06299775053727343,53,572,56,1006
with_billing_zip,RandomForest_balanced_depth5,original,0.51,0.1458670988654781,0.41284403669724773,0.08858267716535433,0.6876111440426793,0.559717328868269,0.5814292857059802,0.08697318665830144,0.08697318665830144,0.06400418311523308,45,463,64,1115
with_billing_zip,RandomForest_balanced_depth5,original,0.53,0.1580135440180587,0.3211009174311927,0.10479041916167664,0.7788974510966212,0.5658102812757991,0.5814292857059802,0.08697318665830144,0.08697318665830144,0.08120230539439734,35,299,74,1279
with_billing_zip,RandomForest_balanced_depth5,original,0.55,0.11228070175438597,0.14678899082568808,0.09090909090909091,0.8500296384113811,0.5226974104952268,0.5814292857059802,0.08697318665830144,0.08697318665830144,0.03650770143688043,16,160,93,1418
with_billing_zip,RandomForest_balanced_depth5,original,0.57,0.10256410256410256,0.09174311926605505,0.11627906976744186,0.8962655601659751,0.5217904442971593,0.5814292857059802,0.08697318665830144,0.08697318665830144,0.048709978501327536,10,76,99,1502
with_billing_zip,RandomForest_balanced_depth5,original,0.59,0.06666666666666667,0.045871559633027525,0.12195121951219512,0.91701244813278,0.5115289357100499,0.5814292857059802,0.08697318665830144,0.08697318665830144,0.03681112731919799,5,36,104,1542
with_billing_zip,RandomForest_balanced_depth5,original,0.61,0.0,0.0,0.0,0.9264967397747481,0.49524714828897337,0.5814292857059802,0.08697318665830144,0.08697318665830144,-0.0248935733838208,0,15,109,1563
with_billing_zip,ExtraTrees_balanced_depth5,original,0.05,0.12138084632516703,1.0,0.06461173681090694,0.06461173681090694,0.5,0.6072778223509029,0.1003052496135579,0.1003052496135579,0.0,109,1578,0,0
with_billing_zip,ExtraTrees_balanced_depth5,original,0.07,0.12138084632516703,1.0,0.06461173681090694,0.06461173681090694,0.5,0.6072778223509029,0.1003052496135579,0.1003052496135579,0.0,109,1578,0,0
with_billing_zip,ExtraTrees_balanced_depth5,original,0.09,0.12138084632516703,1.0,0.06461173681090694,0.06461173681090694,0.5,0.6072778223509029,0.1003052496135579,0.1003052496135579,0.0,109,1578,0,0
with_billing_zip,ExtraTrees_balanced_depth5,original,0.11,0.12138084632516703,1.0,0.06461173681090694,0.06461173681090694,0.5,0.6072778223509029,0.1003052496135579,0.1003052496135579,0.0,109,1578,0,0
with_billing_zip,ExtraTrees_balanced_depth5,original,0.13,0.12138084632516703,1.0,0.06461173681090694,0.06461173681090694,0.5,0.6072778223509029,0.1003052496135579,0.1003052496135579,0.0,109,1578,0,0
with_billing_zip,ExtraTrees_balanced_depth5,original,0.15,0.12138084632516703,1.0,0.06461173681090694,0.06461173681090694,0.5,0.6072778223509029,0.1003052496135579,0.1003052496135579,0.0,109,1578,0,0
with_billing_zip,ExtraTrees_balanced_depth5,original,0.17,0.12138084632516703,1.0,0.06461173681090694,0.06461173681090694,0.5,0.6072778223509029,0.1003052496135579,0.1003052496135579,0.0,109,1578,0,0
with_billing_zip,ExtraTrees_balanced_depth5,original,0.19,0.12138084632516703,1.0,0.06461173681090694,0.06461173681090694,0.5,0.6072778223509029,0.1003052496135579,0.1003052496135579,0.0,109,1578,0,0
with_billing_zip,ExtraTrees_balanced_depth5,original,0.21,0.12151616499442586,1.0,0.06468842729970327,0.06579727326615294,0.5006337135614702,0.6072778223509029,0.1003052496135579,0.1003052496135579,0.009054715197067445,109,1576,0,2
with_billing_zip,ExtraTrees_balanced_depth5,original,0.23,0.12158393753485779,1.0,0.06472684085510688,0.06639004149377593,0.5009505703422054,0.6072778223509029,0.1003052496135579,0.1003052496135579,0.011093008181869195,109,1575,0,3
with_billing_zip,ExtraTrees_balanced_depth5,original,0.25,0.12165178571428571,1.0,0.0647653000594177,0.06698280972139893,0.5012674271229405,0.6072778223509029,0.1003052496135579,0.1003052496135579,0.012812907392210521,109,1574,0,4
with_billing_zip,ExtraTrees_balanced_depth5,original,0.27,0.12141652613827993,0.9908256880733946,0.06467065868263473,0.07350326022525193,0.500482552528459,0.6072778223509029,0.1003052496135579,0.1003052496135579,0.0023755197384508478,108,1562,1,16
with_billing_zip,ExtraTrees_balanced_depth5,original,0.29,0.12203389830508475,0.9908256880733946,0.0650210716435882,0.07883817427385892,0.5033342635550749,0.6072778223509029,0.1003052496135579,0.1003052496135579,0.013308379580453212,108,1553,1,25
with_billing_zip,ExtraTrees_balanced_depth5,original,0.31,0.12124645892351275,0.981651376146789,0.0646135265700483,0.08061647895672792,0.5000145347147126,0.6072778223509029,0.1003052496135579,0.1003052496135579,5.320987550244399e-05,107,1549,2,29
with_billing_zip,ExtraTrees_balanced_depth5,original,0.33,0.12145289443813848,0.981651376146789,0.0647307924984876,0.08239478363959692,0.5009651050569179,0.6072778223509029,0.1003052496135579,0.1003052496135579,0.0033767231090336557,107,1546,2,32
with_billing_zip,ExtraTrees_balanced_depth5,original,0.35,0.12013729977116705,0.963302752293578,0.06406345332519829,0.08832246591582692,0.49559307449913376,0.6072778223509029,0.1003052496135579,0.1003052496135579,-0.013032338670130041,105,1534,4,44
with_billing_zip,ExtraTrees_balanced_depth5,original,0.37,0.12110726643598616,0.963302752293578,0.06461538461538462,0.09662122110254891,0.5000290694294253,0.6072778223509029,0.1003052496135579,0.1003052496135579,7.596450709059116e-05,105,1520,4,58
with_billing_zip,ExtraTrees_balanced_depth5,original,0.39,0.12252042007001167,0.963302752293578,0.06542056074766354,0.1084765856550089,0.5063662050441274,0.6072778223509029,0.1003052496135579,0.1003052496135579,0.014555694164347424,105,1500,4,78
with_billing_zip,ExtraTrees_balanced_depth5,original,0.41,0.12776723592662872,0.926605504587156,0.06861413043478261,0.1825726141078838,0.5288921059057453,0.6072778223509029,0.1003052496135579,0.1003052496135579,0.0425993337901608,101,1371,8,207
with_billing_zip,ExtraTrees_balanced_depth5,original,0.43,0.13183730715287517,0.8623853211009175,0.07137433561123765,0.26615293420272673,0.543676817711422,0.6072778223509029,0.1003052496135579,0.1003052496135579,0.05189840164502523,94,1223,15,355
with_billing_zip,ExtraTrees_balanced_depth5,original,0.45,0.1375921375921376,0.7706422018348624,0.07553956834532374,0.3758150563129816,0.5595923303217405,0.6072778223509029,0.1003052496135579,0.1003052496135579,0.06181598540252009,84,1028,25,550
with_billing_zip,ExtraTrees_balanced_depth5,original,0.47,0.14432989690721648,0.7064220183486238,0.08037578288100208,0.4588026081802015,0.574060185346682,0.6072778223509029,0.1003052496135579,0.1003052496135579,0.07350806995704826,77,881,32,697
with_billing_zip,ExtraTrees_balanced_depth5,original,0.49,0.15073115860517436,0.6146788990825688,0.0858974358974359,0.5524599881446355,0.5814205648771527,0.6072778223509029,0.1003052496135579,0.1003052496135579,0.08029341144606403,67,713,42,865
with_billing_zip,ExtraTrees_balanced_depth5,original,0.51,0.15555555555555556,0.5137614678899083,0.09165302782324058,0.6395969176052163,0.5810252206369694,0.6072778223509029,0.1003052496135579,0.1003052496135579,0.08288772610351886,56,555,53,1023
with_billing_zip,ExtraTrees_balanced_depth5,original,0.53,0.16165413533834586,0.3944954128440367,0.1016548463356974,0.7356253704801423,0.5768421297426775,0.6072778223509029,0.1003052496135579,0.1003052496135579,0.08716706369160193,43,380,66,1198
with_billing_zip,ExtraTrees_balanced_depth5,original,0.55,0.16167664670658682,0.24770642201834864,0.12,0.8340248962655602,0.561115568423623,0.6072778223509029,0.1003052496135579,0.1003052496135579,0.08838603545437736,27,198,82,1380
with_billing_zip,ExtraTrees_balanced_depth5,original,0.57,0.1693548387096774,0.1926605504587156,0.1510791366906475,0.8778897451096621,0.5589411751026151,0.6072778223509029,0.1003052496135579,0.1003052496135579,0.10539564253887203,21,118,88,1460
with_billing_zip,ExtraTrees_balanced_depth5,original,0.59,0.08045977011494253,0.06422018348623854,0.1076923076923077,0.9051570835803201,0.513732398460483,0.6072778223509029,0.1003052496135579,0.1003052496135579,0.035080117332006604,7,58,102,1520
with_billing_zip,ExtraTrees_balanced_depth5,original,0.61,0.04878048780487805,0.027522935779816515,0.21428571428571427,0.9306461173681091,0.5102760433018221,0.6072778223509029,0.1003052496135579,0.1003052496135579,0.05569429122421087,3,11,106,1567
with_billing_zip,GradientBoosting_SMOTE_depth2_lr0.05,resampled,0.05,0.1217877094972067,1.0,0.06484235574063058,0.06816834617664493,0.5019011406844106,0.5777432820548598,0.0844596445846316,0.0844596445846316,0.015701875083666984,109,1572,0,6
with_billing_zip,GradientBoosting_SMOTE_depth2_lr0.05,resampled,0.07,0.1235827664399093,1.0,0.06586102719033232,0.08358032009484291,0.5101394169835235,0.5777432820548598,0.0844596445846316,0.0844596445846316,0.03654565412319104,109,1546,0,32
with_billing_zip,GradientBoosting_SMOTE_depth2_lr0.05,resampled,0.09,0.12572759022118743,0.9908256880733946,0.06712243629583592,0.10966212211025489,0.5198108161533006,0.5777432820548598,0.0844596445846316,0.0844596445846316,0.04638459707144648,108,1501,1,77
with_billing_zip,GradientBoosting_SMOTE_depth2_lr0.05,resampled,0.11,0.12706169822846672,0.9541284403669725,0.06806282722513089,0.15293420272673386,0.5258601644166928,0.5777432820548598,0.0844596445846316,0.0844596445846316,0.04351788563799436,104,1424,5,154
with_billing_zip,GradientBoosting_SMOTE_depth2_lr0.05,resampled,0.13,0.12638436482084692,0.8899082568807339,0.06802244039270687,0.2050978067575578,0.5238514668434088,0.5777432820548598,0.0844596445846316,0.0844596445846316,0.03242887036022691,97,1329,12,249
with_billing_zip,GradientBoosting_SMOTE_depth2_lr0.05,resampled,0.15,0.12410841654778887,0.7981651376146789,0.06728538283062645,0.2720806164789567,0.5169532912407995,0.5777432820548598,0.0844596445846316,0.0844596445846316,0.01970168601930857,87,1206,22,372
with_billing_zip,GradientBoosting_SMOTE_depth2_lr0.05,resampled,0.17,0.1292834890965732,0.7614678899082569,0.07063829787234042,0.3372851215174867,0.5347263403913908,0.5777432820548598,0.0844596445846316,0.0844596445846316,0.03713657505971804,83,1092,26,486
with_billing_zip,GradientBoosting_SMOTE_depth2_lr0.05,resampled,0.19,0.13131313131313133,0.7155963302752294,0.07228915662650602,0.3882631890930646,0.5406245276217718,0.5777432820548598,0.0844596445846316,0.0844596445846316,0.04160279953743263,78,1001,31,577
with_billing_zip,GradientBoosting_SMOTE_depth2_lr0.05,resampled,0.21,0.13493530499075784,0.6697247706422018,0.0750256937307297,0.4451689389448725,0.549691282659504,0.5777432820548598,0.0844596445846316,0.0844596445846316,0.049450584035596525,73,900,36,678
with_billing_zip,GradientBoosting_SMOTE_depth2_lr0.05,resampled,0.23,0.14056224899598393,0.6422018348623854,0.07891770011273957,0.49259039715471253,0.5622289275706096,0.5777432820548598,0.0844596445846316,0.0844596445846316,0.061274850065708736,70,817,39,761
with_billing_zip,GradientBoosting_SMOTE_depth2_lr0.05,resampled,0.25,0.14396456256921372,0.5963302752293578,0.0818639798488665,0.5417901600474214,0.5671765444587853,0.5777432820548598,0.0844596445846316,0.0844596445846316,0.06617263422057601,65,729,44,849
with_billing_zip,GradientBoosting_SMOTE_depth2_lr0.05,resampled,0.27,0.14180929095354522,0.5321100917431193,0.08180535966149506,0.5838767042086545,0.5597812816130046,0.5777432820548598,0.0844596445846316,0.0844596445846316,0.05954830724053844,58,651,51,927
with_billing_zip,GradientBoosting_SMOTE_depth2_lr0.05,resampled,0.29,0.14733969986357434,0.4954128440366973,0.08653846153846154,0.6295198577356254,0.5670980569993372,0.5777432820548598,0.0844596445846316,0.0844596445846316,0.06833571788840431,54,570,55,1008
with_billing_zip,GradientBoosting_SMOTE_depth2_lr0.05,resampled,0.31,0.15213946117274169,0.44036697247706424,0.09195402298850575,0.6828689982216953,0.569993372170091,0.5777432820548598,0.0844596445846316,0.0844596445846316,0.074448413531209,48,474,61,1104
with_billing_zip,GradientBoosting_SMOTE_depth2_lr0.05,resampled,0.33,0.14564831261101244,0.3761467889908257,0.09030837004405286,0.7148784825133373,0.5572115440518134,0.5777432820548598,0.0844596445846316,0.0844596445846316,0.0634265294108283,41,413,68,1165
with_billing_zip,GradientBoosting_SMOTE_depth2_lr0.05,resampled,0.35,0.13253012048192772,0.30275229357798167,0.08483290488431877,0.7439241256668643,0.5385751328472925,0.5777432820548598,0.0844596445846316,0.0844596445846316,0.045028971514666005,33,356,76,1222
with_billing_zip,GradientBoosting_SMOTE_depth2_lr0.05,resampled,0.37,0.13513513513513514,0.27522935779816515,0.08955223880597014,0.7723770005927683,0.5409733607748748,0.5777432820548598,0.0844596445846316,0.0844596445846316,0.05049955864291578,30,305,79,1273
with_billing_zip,GradientBoosting_SMOTE_depth2_lr0.05,resampled,0.39,0.12151898734177215,0.22018348623853212,0.08391608391608392,0.7943094250148192,0.5270752665666678,0.5777432820548598,0.0844596445846316,0.0844596445846316,0.035478675722615455,24,262,85,1316
with_billing_zip,GradientBoosting_SMOTE_depth2_lr0.05,resampled,0.41,0.13095238095238096,0.2018348623853211,0.09691629955947137,0.8269116775340841,0.5359617911419634,0.5777432820548598,0.0844596445846316,0.0844596445846316,0.05181418865078148,22,205,87,1373
with_billing_zip,GradientBoosting_SMOTE_depth2_lr0.05,resampled,0.43,0.11486486486486487,0.1559633027522936,0.09090909090909091,0.8446947243627742,0.5241159986511785,0.5777432820548598,0.0844596445846316,0.0844596445846316,0.03776900660077125,17,170,92,1408
with_billing_zip,GradientBoosting_SMOTE_depth2_lr0.05,resampled,0.45,0.12781954887218044,0.1559633027522936,0.10828025477707007,0.8624777711914642,0.5336217020732317,0.5777432820548598,0.0844596445846316,0.0844596445846316,0.05690113089208875,17,140,92,1438
with_billing_zip,GradientBoosting_SMOTE_depth2_lr0.05,resampled,0.47,0.1145374449339207,0.11926605504587157,0.11016949152542373,0.8808535862477771,0.5263630655457495,0.5777432820548598,0.0844596445846316,0.0844596445846316,0.050820645627522976,13,105,96,1473
with_billing_zip,GradientBoosting_SMOTE_depth2_lr0.05,resampled,0.49,0.09,0.08256880733944955,0.0989010989010989,0.8921161825726142,0.5153021476494459,0.5777432820548598,0.0844596445846316,0.0844596445846316,0.03330519590196377,9,82,100,1496
with_billing_zip,GradientBoosting_SMOTE_depth2_lr0.05,resampled,0.51,0.0855614973262032,0.07339449541284404,0.10256410256410256,0.8986366330764671,0.5145172730549645,0.5777432820548598,0.0844596445846316,0.0844596445846316,0.03399041493394039,8,70,101,1508
with_billing_zip,GradientBoosting_SMOTE_depth2_lr0.05,resampled,0.53,0.05813953488372093,0.045871559633027525,0.07936507936507936,0.9039715471250741,0.5045580865338775,0.5777432820548598,0.0844596445846316,0.0844596445846316,0.011819960433094679,5,58,104,1520
with_billing_zip,GradientBoosting_SMOTE_depth2_lr0.05,resampled,0.55,0.05,0.03669724770642202,0.0784313725490196,0.9098992294013041,0.5034563551586609,0.5777432820548598,0.0844596445846316,0.0844596445846316,0.009925179468833943,4,47,105,1531
with_billing_zip,GradientBoosting_SMOTE_depth2_lr0.05,resampled,0.57,0.05333333333333334,0.03669724770642202,0.0975609756097561,0.915826911677534,0.506624922966012,0.5777432820548598,0.0844596445846316,0.0844596445846316,0.021152939778227995,4,37,105,1541
with_billing_zip,GradientBoosting_SMOTE_depth2_lr0.05,resampled,0.59,0.043478260869565216,0.027522935779816515,0.10344827586206896,0.921754593953764,0.5055231915907955,0.5777432820548598,0.0844596445846316,0.0844596445846316,0.020892749177660437,3,26,106,1552
with_billing_zip,GradientBoosting_SMOTE_depth2_lr0.05,resampled,0.61,0.015748031496062992,0.009174311926605505,0.05555555555555555,0.9259039715471251,0.4992005906908059,0.5777432820548598,0.0844596445846316,0.0844596445846316,-0.003825617315968398,1,17,108,1561
with_billing_zip,HistGradientBoosting_balanced_lr0.03,original,0.05,0.12082853855005754,0.963302752293578,0.06445672191528545,0.0942501481920569,0.4987616423064848,0.5299531400797666,0.07331230060928642,0.07331230060928642,-0.0033417065641835365,105,1524,4,54
with_billing_zip,HistGradientBoosting_balanced_lr0.03,original,0.07,0.12316715542521994,0.963302752293578,0.06578947368421052,0.11381149970361588,0.5092179160707434,0.5299531400797666,0.07331230060928642,0.07331230060928642,0.020062837424986154,105,1491,4,87
with_billing_zip,HistGradientBoosting_balanced_lr0.03,original,0.09,0.12154031287605295,0.926605504587156,0.06503541532517708,0.13455838767042086,0.5032267066662015,0.5299531400797666,0.07331230060928642,0.07331230060928642,0.005867027222811226,101,1452,8,126
with_billing_zip,HistGradientBoosting_balanced_lr0.03,original,0.11,0.12158808933002481,0.8990825688073395,0.06520292747837658,0.16064018968583285,0.5043575074708434,0.5299531400797666,0.07331230060928642,0.07331230060928642,0.006873002195558241,98,1405,11,173
with_billing_zip,HistGradientBoosting_balanced_lr0.03,original,0.13,0.1219047619047619,0.8807339449541285,0.06548431105047749,0.18020154119739182,0.5062731828699667,0.5299531400797666,0.07331230060928642,0.07331230060928642,0.009141586435248674,96,1370,13,208
with_billing_zip,HistGradientBoosting_balanced_lr0.03,original,0.15,0.12185430463576159,0.8440366972477065,0.06566738044254104,0.21398933017190278,0.5072528226415972,0.5299531400797666,0.07331230060928642,0.07331230060928642,0.00950389692161537,92,1309,17,269
with_billing_zip,HistGradientBoosting_balanced_lr0.03,original,0.17,0.12465753424657534,0.8348623853211009,0.06735751295336788,0.24244220509780676,0.5181916489343147,0.5299531400797666,0.07331230060928642,0.07331230060928642,0.022396053547671248,91,1260,18,318
with_billing_zip,HistGradientBoosting_balanced_lr0.03,original,0.19,0.12491128459900638,0.8073394495412844,0.06769230769230769,0.2691167753408417,0.5196393065196917,0.5299531400797666,0.07331230060928642,0.07331230060928642,0.02296654856091315,88,1212,21,366
with_billing_zip,HistGradientBoosting_balanced_lr0.03,original,0.21,0.12398523985239852,0.7706422018348624,0.06741573033707865,0.2963841138114997,0.517133521703236,0.5299531400797666,0.07331230060928642,0.07331230060928642,0.019171896121933457,84,1162,25,416
with_billing_zip,HistGradientBoosting_balanced_lr0.03,original,0.23,0.12334113973458236,0.7247706422018348,0.0674061433447099,0.33432128037937164,0.5160608597574446,0.5299531400797666,0.07331230060928642,0.07331230060928642,0.017147393475927003,79,1093,30,485
with_billing_zip,HistGradientBoosting_balanced_lr0.03,original,0.25,0.12121212121212122,0.6788990825688074,0.06654676258992806,0.3639596917605216,0.5105522028813618,0.5299531400797666,0.07331230060928642,0.07331230060928642,0.010945952537129168,74,1038,35,540
with_billing_zip,HistGradientBoosting_balanced_lr0.03,original,0.27,0.12286689419795221,0.6605504587155964,0.06773283160865474,0.3906342620035566,0.5162701596493064,0.5299531400797666,0.07331230060928642,0.07331230060928642,0.016570271771137637,72,991,37,587
with_billing_zip,HistGradientBoosting_balanced_lr0.03,original,0.29,0.12104787714543812,0.6146788990825688,0.06713426853707415,0.42323651452282157,0.5123457866768991,0.5299531400797666,0.07331230060928642,0.07331230060928642,0.012349251374846812,67,931,42,647
with_billing_zip,HistGradientBoosting_balanced_lr0.03,original,0.31,0.12086874409820586,0.5871559633027523,0.06736842105263158,0.44813278008298757,0.5128428739200708,0.5299531400797666,0.07331230060928642,0.07331230060928642,0.01273102633630636,64,886,45,692
with_billing_zip,HistGradientBoosting_balanced_lr0.03,original,0.33,0.12133468149646107,0.5504587155963303,0.06818181818181818,0.4848844101956135,0.5154067975953768,0.5299531400797666,0.07331230060928642,0.07331230060928642,0.015164602040639448,60,820,49,758
with_billing_zip,HistGradientBoosting_balanced_lr0.03,original,0.35,0.11991434689507495,0.5137614678899083,0.06787878787878789,0.5127445168938944,0.5132178695596563,0.5299531400797666,0.07331230060928642,0.07331230060928642,0.013001025155795062,56,769,53,809
with_billing_zip,HistGradientBoosting_balanced_lr0.03,original,0.37,0.12371134020618557,0.4954128440366973,0.07068062827225131,0.5465323058684054,0.5227381076964221,0.5299531400797666,0.07331230060928642,0.07331230060928642,0.022459678405089462,54,710,55,868
with_billing_zip,HistGradientBoosting_balanced_lr0.03,original,0.39,0.12151898734177215,0.44036697247706424,0.07048458149779736,0.5886188500296384,0.5196131440332089,0.5299531400797666,0.07331230060928642,0.07331230060928642,0.019654926107434863,48,633,61,945
with_billing_zip,HistGradientBoosting_balanced_lr0.03,original,0.41,0.12430939226519337,0.41284403669724773,0.07317073170731707,0.6241849436870184,0.5258136533296125,0.5299531400797666,0.07331230060928642,0.07331230060928642,0.026370069038518306,45,570,64,1008
with_billing_zip,HistGradientBoosting_balanced_lr0.03,original,0.43,0.12139605462822459,0.3669724770642202,0.07272727272727272,0.6567871962062833,0.5218892803572052,0.5299531400797666,0.07331230060928642,0.07331230060928642,0.022959723345576187,40,510,69,1068
with_billing_zip,HistGradientBoosting_balanced_lr0.03,original,0.45,0.1188118811881188,0.3302752293577982,0.07243460764587525,0.6834617664493183,0.5190666387600145,0.5299531400797666,0.07331230060928642,0.07331230060928642,0.020564549850956102,36,461,73,1117
with_billing_zip,HistGradientBoosting_balanced_lr0.03,original,0.47,0.11313868613138686,0.28440366972477066,0.07061503416856492,0.7119146413752223,0.5129242683224614,0.5299531400797666,0.07331230060928642,0.07331230060928642,0.014483154286306227,31,408,78,1170
with_billing_zip,HistGradientBoosting_balanced_lr0.03,original,0.49,0.11909650924024641,0.26605504587155965,0.07671957671957672,0.7457024303497333,0.5224445064592272,0.5299531400797666,0.07331230060928642,0.07331230060928642,0.02646616896895476,29,349,80,1229
with_billing_zip,HistGradientBoosting_balanced_lr0.03,original,0.51,0.11764705882352941,0.22935779816513763,0.07911392405063292,0.7777119146413752,0.5224735758886525,0.5299531400797666,0.07331230060928642,0.07331230060928642,0.0283208742826221,25,291,84,1287
with_billing_zip,HistGradientBoosting_balanced_lr0.03,original,0.53,0.12105263157894737,0.21100917431192662,0.08487084870848709,0.8020154119739182,0.5269241055336565,0.5299531400797666,0.07331230060928642,0.07331230060928642,0.03605136858880064,23,248,86,1330
with_billing_zip,HistGradientBoosting_balanced_lr0.03,original,0.55,0.11764705882352941,0.1834862385321101,0.08658008658008658,0.8221695317131001,0.5248863385309472,0.5299531400797666,0.07331230060928642,0.07331230060928642,0.03559353080085367,20,211,89,1367
with_billing_zip,HistGradientBoosting_balanced_lr0.03,original,0.57,0.11920529801324503,0.1651376146788991,0.09326424870466321,0.8423236514522822,0.5271188707108057,0.5299531400797666,0.07331230060928642,0.07331230060928642,0.04189038881924867,18,175,91,1403
with_billing_zip,HistGradientBoosting_balanced_lr0.03,original,0.59,0.1111111111111111,0.13761467889908258,0.09316770186335403,0.8577356253704801,0.5225462494622155,0.5299531400797666,0.07331230060928642,0.07331230060928642,0.037729482390832396,15,146,94,1432
with_billing_zip,HistGradientBoosting_balanced_lr0.03,original,0.61,0.09401709401709402,0.10091743119266056,0.088,0.8743331357439241,0.514337042592528,0.5299531400797666,0.07331230060928642,0.07331230060928642,0.026912918624702378,11,114,98,1464
with_billing_zip,EasyEnsemble_n10,original,0.05,0.12138084632516703,1.0,0.06461173681090694,0.06461173681090694,0.5,0.618164323670655,0.09662381619578395,0.09662381619578395,0.0,109,1578,0,0
with_billing_zip,EasyEnsemble_n10,original,0.07,0.12138084632516703,1.0,0.06461173681090694,0.06461173681090694,0.5,0.618164323670655,0.09662381619578395,0.09662381619578395,0.0,109,1578,0,0
with_billing_zip,EasyEnsemble_n10,original,0.09,0.12138084632516703,1.0,0.06461173681090694,0.06461173681090694,0.5,0.618164323670655,0.09662381619578395,0.09662381619578395,0.0,109,1578,0,0
with_billing_zip,EasyEnsemble_n10,original,0.11,0.12138084632516703,1.0,0.06461173681090694,0.06461173681090694,0.5,0.618164323670655,0.09662381619578395,0.09662381619578395,0.0,109,1578,0,0
with_billing_zip,EasyEnsemble_n10,original,0.13,0.12138084632516703,1.0,0.06461173681090694,0.06461173681090694,0.5,0.618164323670655,0.09662381619578395,0.09662381619578395,0.0,109,1578,0,0
with_billing_zip,EasyEnsemble_n10,original,0.15,0.12138084632516703,1.0,0.06461173681090694,0.06461173681090694,0.5,0.618164323670655,0.09662381619578395,0.09662381619578395,0.0,109,1578,0,0
with_billing_zip,EasyEnsemble_n10,original,0.17,0.12138084632516703,1.0,0.06461173681090694,0.06461173681090694,0.5,0.618164323670655,0.09662381619578395,0.09662381619578395,0.0,109,1578,0,0
with_billing_zip,EasyEnsemble_n10,original,0.19,0.12138084632516703,1.0,0.06461173681090694,0.06461173681090694,0.5,0.618164323670655,0.09662381619578395,0.09662381619578395,0.0,109,1578,0,0
with_billing_zip,EasyEnsemble_n10,original,0.21,0.12138084632516703,1.0,0.06461173681090694,0.06461173681090694,0.5,0.618164323670655,0.09662381619578395,0.09662381619578395,0.0,109,1578,0,0
with_billing_zip,EasyEnsemble_n10,original,0.23,0.12138084632516703,1.0,0.06461173681090694,0.06461173681090694,0.5,0.618164323670655,0.09662381619578395,0.09662381619578395,0.0,109,1578,0,0
with_billing_zip,EasyEnsemble_n10,original,0.25,0.12138084632516703,1.0,0.06461173681090694,0.06461173681090694,0.5,0.618164323670655,0.09662381619578395,0.09662381619578395,0.0,109,1578,0,0
with_billing_zip,EasyEnsemble_n10,original,0.27,0.12138084632516703,1.0,0.06461173681090694,0.06461173681090694,0.5,0.618164323670655,0.09662381619578395,0.09662381619578395,0.0,109,1578,0,0
with_billing_zip,EasyEnsemble_n10,original,0.29,0.12138084632516703,1.0,0.06461173681090694,0.06461173681090694,0.5,0.618164323670655,0.09662381619578395,0.09662381619578395,0.0,109,1578,0,0
with_billing_zip,EasyEnsemble_n10,original,0.31,0.12138084632516703,1.0,0.06461173681090694,0.06461173681090694,0.5,0.618164323670655,0.09662381619578395,0.09662381619578395,0.0,109,1578,0,0
with_billing_zip,EasyEnsemble_n10,original,0.33,0.12144846796657381,1.0,0.06465005931198102,0.06520450503852994,0.5003168567807351,0.618164323670655,0.09662381619578395,0.09662381619578395,0.006400751466496426,109,1577,0,1
with_billing_zip,EasyEnsemble_n10,original,0.35,0.12165178571428571,1.0,0.0647653000594177,0.06698280972139893,0.5012674271229405,0.618164323670655,0.09662381619578395,0.09662381619578395,0.012812907392210521,109,1574,0,4
with_billing_zip,EasyEnsemble_n10,original,0.37,0.1218557853549469,1.0,0.06488095238095239,0.06876111440426794,0.5022179974651457,0.618164323670655,0.09662381619578395,0.09662381619578395,0.01696501033994349,109,1571,0,7
with_billing_zip,EasyEnsemble_n10,original,0.39,0.12226584408300617,1.0,0.06511350059737156,0.07231772377000593,0.5041191381495564,0.618164323670655,0.09662381619578395,0.09662381619578395,0.02316080760085005,109,1565,0,13
with_billing_zip,EasyEnsemble_n10,original,0.41,0.12110726643598616,0.963302752293578,0.06461538461538462,0.09662122110254891,0.5000290694294253,0.618164323670655,0.09662381619578395,0.09662381619578395,7.596450709059116e-05,105,1520,4,58
with_billing_zip,EasyEnsemble_n10,original,0.43,0.1278538812785388,0.8990825688073395,0.06882022471910113,0.2074688796680498,0.5293891931489169,0.618164323670655,0.09662381619578395,0.09662381619578395,0.0398337816361575,98,1326,11,252
with_billing_zip,EasyEnsemble_n10,original,0.45,0.13471502590673576,0.8348623853211009,0.07326892109500806,0.3070539419087137,0.5527290380344414,0.618164323670655,0.09662381619578395,0.09662381619578395,0.05883094018835817,91,1151,18,427
with_billing_zip,EasyEnsemble_n10,original,0.47,0.14439834024896264,0.7981651376146789,0.07937956204379562,0.3888559573206876,0.5793740770456157,0.618164323670655,0.09662381619578395,0.09662381619578395,0.08180435315887476,87,1009,22,569
with_billing_zip,EasyEnsemble_n10,original,0.49,0.15076335877862596,0.7247706422018348,0.08413205537806177,0.4724362774155305,0.5898884896687248,0.618164323670655,0.09662381619578395,0.09662381619578395,0.08896460039476303,79,860,30,718
with_billing_zip,EasyEnsemble_n10,original,0.51,0.1584385763490241,0.6330275229357798,0.09055118110236221,0.5655008891523414,0.5969320124184603,0.618164323670655,0.09662381619578395,0.09662381619578395,0.09576694231363833,69,693,40,885
with_billing_zip,EasyEnsemble_n10,original,0.53,0.1697530864197531,0.5045871559633027,0.10204081632653061,0.6810906935388263,0.5989348961058591,0.618164323670655,0.09662381619578395,0.09662381619578395,0.104323204657747,55,484,54,1094
with_billing_zip,EasyEnsemble_n10,original,0.55,0.15034168564920272,0.30275229357798167,0.1,0.7788974510966212,0.5572696829106638,0.618164323670655,0.09662381619578395,0.09662381619578395,0.07098631449540002,33,297,76,1281
with_billing_zip,EasyEnsemble_n10,original,0.57,0.13818181818181818,0.1743119266055046,0.1144578313253012,0.8595139300533492,0.5405780165346915,0.618164323670655,0.09662381619578395,0.09662381619578395,0.06698366524611044,19,147,90,1431
with_billing_zip,EasyEnsemble_n10,original,0.59,0.10869565217391304,0.09174311926605505,0.13333333333333333,0.9027860106698281,0.5252758688852455,0.618164323670655,0.09662381619578395,0.09662381619578395,0.06029616455466691,10,65,99,1513
with_billing_zip,EasyEnsemble_n10,original,0.61,0.041666666666666664,0.027522935779816515,0.08571428571428572,0.918197984588026,0.5036220509063848,0.618164323670655,0.09662381619578395,0.09662381619578395,0.01249430922602251,3,32,106,1546
with_billing_zip,RUSBoost_n100_lr0.05,original,0.05,0.12138084632516703,1.0,0.06461173681090694,0.06461173681090694,0.5,0.5674236346089,0.07925657254660853,0.07925657254660853,0.0,109,1578,0,0
with_billing_zip,RUSBoost_n100_lr0.05,original,0.07,0.12138084632516703,1.0,0.06461173681090694,0.06461173681090694,0.5,0.5674236346089,0.07925657254660853,0.07925657254660853,0.0,109,1578,0,0
with_billing_zip,RUSBoost_n100_lr0.05,original,0.09,0.12138084632516703,1.0,0.06461173681090694,0.06461173681090694,0.5,0.5674236346089,0.07925657254660853,0.07925657254660853,0.0,109,1578,0,0
with_billing_zip,RUSBoost_n100_lr0.05,original,0.11,0.12138084632516703,1.0,0.06461173681090694,0.06461173681090694,0.5,0.5674236346089,0.07925657254660853,0.07925657254660853,0.0,109,1578,0,0
with_billing_zip,RUSBoost_n100_lr0.05,original,0.13,0.16489361702127658,0.28440366972477066,0.11610486891385768,0.8138707765263782,0.5674236346088999,0.5674236346089,0.07925657254660853,0.07925657254660853,0.09082577274931365,31,236,78,1342
with_billing_zip,RUSBoost_n100_lr0.05,original,0.15,0.16489361702127658,0.28440366972477066,0.11610486891385768,0.8138707765263782,0.5674236346088999,0.5674236346089,0.07925657254660853,0.07925657254660853,0.09082577274931365,31,236,78,1342
with_billing_zip,RUSBoost_n100_lr0.05,original,0.17,0.16489361702127658,0.28440366972477066,0.11610486891385768,0.8138707765263782,0.5674236346088999,0.5674236346089,0.07925657254660853,0.07925657254660853,0.09082577274931365,31,236,78,1342
with_billing_zip,RUSBoost_n100_lr0.05,original,0.19,0.16489361702127658,0.28440366972477066,0.11610486891385768,0.8138707765263782,0.5674236346088999,0.5674236346089,0.07925657254660853,0.07925657254660853,0.09082577274931365,31,236,78,1342
with_billing_zip,RUSBoost_n100_lr0.05,original,0.21,0.16489361702127658,0.28440366972477066,0.11610486891385768,0.8138707765263782,0.5674236346088999,0.5674236346089,0.07925657254660853,0.07925657254660853,0.09082577274931365,31,236,78,1342
with_billing_zip,RUSBoost_n100_lr0.05,original,0.23,0.16489361702127658,0.28440366972477066,0.11610486891385768,0.8138707765263782,0.5674236346088999,0.5674236346089,0.07925657254660853,0.07925657254660853,0.09082577274931365,31,236,78,1342
with_billing_zip,RUSBoost_n100_lr0.05,original,0.25,0.16489361702127658,0.28440366972477066,0.11610486891385768,0.8138707765263782,0.5674236346088999,0.5674236346089,0.07925657254660853,0.07925657254660853,0.09082577274931365,31,236,78,1342
with_billing_zip,RUSBoost_n100_lr0.05,original,0.27,0.16489361702127658,0.28440366972477066,0.11610486891385768,0.8138707765263782,0.5674236346088999,0.5674236346089,0.07925657254660853,0.07925657254660853,0.09082577274931365,31,236,78,1342
with_billing_zip,RUSBoost_n100_lr0.05,original,0.29,0.16489361702127658,0.28440366972477066,0.11610486891385768,0.8138707765263782,0.5674236346088999,0.5674236346089,0.07925657254660853,0.07925657254660853,0.09082577274931365,31,236,78,1342
with_billing_zip,RUSBoost_n100_lr0.05,original,0.31,0.16489361702127658,0.28440366972477066,0.11610486891385768,0.8138707765263782,0.5674236346088999,0.5674236346089,0.07925657254660853,0.07925657254660853,0.09082577274931365,31,236,78,1342
with_billing_zip,RUSBoost_n100_lr0.05,original,0.33,0.16489361702127658,0.28440366972477066,0.11610486891385768,0.8138707765263782,0.5674236346088999,0.5674236346089,0.07925657254660853,0.07925657254660853,0.09082577274931365,31,236,78,1342
with_billing_zip,RUSBoost_n100_lr0.05,original,0.35,0.16489361702127658,0.28440366972477066,0.11610486891385768,0.8138707765263782,0.5674236346088999,0.5674236346089,0.07925657254660853,0.07925657254660853,0.09082577274931365,31,236,78,1342
with_billing_zip,RUSBoost_n100_lr0.05,original,0.37,0.16489361702127658,0.28440366972477066,0.11610486891385768,0.8138707765263782,0.5674236346088999,0.5674236346089,0.07925657254660853,0.07925657254660853,0.09082577274931365,31,236,78,1342
with_billing_zip,RUSBoost_n100_lr0.05,original,0.39,0.16489361702127658,0.28440366972477066,0.11610486891385768,0.8138707765263782,0.5674236346088999,0.5674236346089,0.07925657254660853,0.07925657254660853,0.09082577274931365,31,236,78,1342
with_billing_zip,RUSBoost_n100_lr0.05,original,0.41,0.16489361702127658,0.28440366972477066,0.11610486891385768,0.8138707765263782,0.5674236346088999,0.5674236346089,0.07925657254660853,0.07925657254660853,0.09082577274931365,31,236,78,1342
with_billing_zip,RUSBoost_n100_lr0.05,original,0.43,0.16489361702127658,0.28440366972477066,0.11610486891385768,0.8138707765263782,0.5674236346088999,0.5674236346089,0.07925657254660853,0.07925657254660853,0.09082577274931365,31,236,78,1342
with_billing_zip,RUSBoost_n100_lr0.05,original,0.45,0.16489361702127658,0.28440366972477066,0.11610486891385768,0.8138707765263782,0.5674236346088999,0.5674236346089,0.07925657254660853,0.07925657254660853,0.09082577274931365,31,236,78,1342
with_billing_zip,RUSBoost_n100_lr0.05,original,0.47,0.16489361702127658,0.28440366972477066,0.11610486891385768,0.8138707765263782,0.5674236346088999,0.5674236346089,0.07925657254660853,0.07925657254660853,0.09082577274931365,31,236,78,1342
with_billing_zip,RUSBoost_n100_lr0.05,original,0.49,0.16489361702127658,0.28440366972477066,0.11610486891385768,0.8138707765263782,0.5674236346088999,0.5674236346089,0.07925657254660853,0.07925657254660853,0.09082577274931365,31,236,78,1342
with_billing_zip,RUSBoost_n100_lr0.05,original,0.51,0.16489361702127658,0.28440366972477066,0.11610486891385768,0.8138707765263782,0.5674236346088999,0.5674236346089,0.07925657254660853,0.07925657254660853,0.09082577274931365,31,236,78,1342
with_billing_zip,RUSBoost_n100_lr0.05,original,0.53,0.16489361702127658,0.28440366972477066,0.11610486891385768,0.8138707765263782,0.5674236346088999,0.5674236346089,0.07925657254660853,0.07925657254660853,0.09082577274931365,31,236,78,1342
with_billing_zip,RUSBoost_n100_lr0.05,original,0.55,0.16489361702127658,0.28440366972477066,0.11610486891385768,0.8138707765263782,0.5674236346088999,0.5674236346089,0.07925657254660853,0.07925657254660853,0.09082577274931365,31,236,78,1342
with_billing_zip,RUSBoost_n100_lr0.05,original,0.57,0.16489361702127658,0.28440366972477066,0.11610486891385768,0.8138707765263782,0.5674236346088999,0.5674236346089,0.07925657254660853,0.07925657254660853,0.09082577274931365,31,236,78,1342
with_billing_zip,RUSBoost_n100_lr0.05,original,0.59,0.16489361702127658,0.28440366972477066,0.11610486891385768,0.8138707765263782,0.5674236346088999,0.5674236346089,0.07925657254660853,0.07925657254660853,0.09082577274931365,31,236,78,1342
with_billing_zip,RUSBoost_n100_lr0.05,original,0.61,0.16489361702127658,0.28440366972477066,0.11610486891385768,0.8138707765263782,0.5674236346088999,0.5674236346089,0.07925657254660853,0.07925657254660853,0.09082577274931365,31,236,78,1342
with_billing_zip,BalancedBagging_tree_depth3_leaf10,original,0.05,0.12138084632516703,1.0,0.06461173681090694,0.06461173681090694,0.5,0.6085975744468088,0.09586886625624197,0.09586886625624197,0.0,109,1578,0,0
with_billing_zip,BalancedBagging_tree_depth3_leaf10,original,0.07,0.12138084632516703,1.0,0.06461173681090694,0.06461173681090694,0.5,0.6085975744468088,0.09586886625624197,0.09586886625624197,0.0,109,1578,0,0
with_billing_zip,BalancedBagging_tree_depth3_leaf10,original,0.09,0.12138084632516703,1.0,0.06461173681090694,0.06461173681090694,0.5,0.6085975744468088,0.09586886625624197,0.09586886625624197,0.0,109,1578,0,0
with_billing_zip,BalancedBagging_tree_depth3_leaf10,original,0.11,0.12138084632516703,1.0,0.06461173681090694,0.06461173681090694,0.5,0.6085975744468088,0.09586886625624197,0.09586886625624197,0.0,109,1578,0,0
with_billing_zip,BalancedBagging_tree_depth3_leaf10,original,0.13,0.12138084632516703,1.0,0.06461173681090694,0.06461173681090694,0.5,0.6085975744468088,0.09586886625624197,0.09586886625624197,0.0,109,1578,0,0
with_billing_zip,BalancedBagging_tree_depth3_leaf10,original,0.15,0.12138084632516703,1.0,0.06461173681090694,0.06461173681090694,0.5,0.6085975744468088,0.09586886625624197,0.09586886625624197,0.0,109,1578,0,0
with_billing_zip,BalancedBagging_tree_depth3_leaf10,original,0.17,0.12138084632516703,1.0,0.06461173681090694,0.06461173681090694,0.5,0.6085975744468088,0.09586886625624197,0.09586886625624197,0.0,109,1578,0,0
with_billing_zip,BalancedBagging_tree_depth3_leaf10,original,0.19,0.12138084632516703,1.0,0.06461173681090694,0.06461173681090694,0.5,0.6085975744468088,0.09586886625624197,0.09586886625624197,0.0,109,1578,0,0
with_billing_zip,BalancedBagging_tree_depth3_leaf10,original,0.21,0.12138084632516703,1.0,0.06461173681090694,0.06461173681090694,0.5,0.6085975744468088,0.09586886625624197,0.09586886625624197,0.0,109,1578,0,0
with_billing_zip,BalancedBagging_tree_depth3_leaf10,original,0.23,0.12138084632516703,1.0,0.06461173681090694,0.06461173681090694,0.5,0.6085975744468088,0.09586886625624197,0.09586886625624197,0.0,109,1578,0,0
with_billing_zip,BalancedBagging_tree_depth3_leaf10,original,0.25,0.12138084632516703,1.0,0.06461173681090694,0.06461173681090694,0.5,0.6085975744468088,0.09586886625624197,0.09586886625624197,0.0,109,1578,0,0
with_billing_zip,BalancedBagging_tree_depth3_leaf10,original,0.27,0.12138084632516703,1.0,0.06461173681090694,0.06461173681090694,0.5,0.6085975744468088,0.09586886625624197,0.09586886625624197,0.0,109,1578,0,0
with_billing_zip,BalancedBagging_tree_depth3_leaf10,original,0.29,0.12138084632516703,1.0,0.06461173681090694,0.06461173681090694,0.5,0.6085975744468088,0.09586886625624197,0.09586886625624197,0.0,109,1578,0,0
with_billing_zip,BalancedBagging_tree_depth3_leaf10,original,0.31,0.12138084632516703,1.0,0.06461173681090694,0.06461173681090694,0.5,0.6085975744468088,0.09586886625624197,0.09586886625624197,0.0,109,1578,0,0
with_billing_zip,BalancedBagging_tree_depth3_leaf10,original,0.33,0.12114413909141895,0.9908256880733946,0.06451612903225806,0.07113218731475993,0.49921512540551854,0.6085975744468088,0.09586886625624197,0.09586886625624197,-0.004413139062970722,108,1566,1,12
with_billing_zip,BalancedBagging_tree_depth3_leaf10,original,0.35,0.12176909821941413,0.9724770642201835,0.06495098039215687,0.0936573799644339,0.5027150847083174,0.6085975744468088,0.09586886625624197,0.09586886625624197,0.007516898843057868,106,1526,3,52
with_billing_zip,BalancedBagging_tree_depth3_leaf10,original,0.37,0.12561576354679804,0.9357798165137615,0.06732673267326733,0.15826911677534083,0.5201712770781736,0.6085975744468088,0.09586886625624197,0.09586886625624197,0.03277627533401635,102,1413,7,165
with_billing_zip,BalancedBagging_tree_depth3_leaf10,original,0.39,0.13270142180094788,0.8990825688073395,0.07163742690058479,0.24066390041493776,0.5471331728700829,0.6085975744468088,0.09586886625624197,0.09586886625624197,0.05918137211939046,98,1270,11,308
with_billing_zip,BalancedBagging_tree_depth3_leaf10,original,0.41,0.13636363636363635,0.8256880733944955,0.07431874483897605,0.3242442205097807,0.5576475854931919,0.6085975744468088,0.09586886625624197,0.09586886625624197,0.06297995096916646,90,1121,19,457
with_billing_zip,BalancedBagging_tree_depth3_leaf10,original,0.43,0.13662551440329218,0.7614678899082569,0.07504520795660036,0.3781861292234736,0.5565894582621133,0.6085975744468088,0.09586886625624197,0.09586886625624197,0.05855535938199009,83,1023,26,555
with_billing_zip,BalancedBagging_tree_depth3_leaf10,original,0.45,0.14412811387900357,0.7431192660550459,0.07980295566502463,0.4297569650266746,0.5756153998209323,0.6085975744468088,0.09586886625624197,0.09586886625624197,0.07594327804746724,81,934,28,644
with_billing_zip,BalancedBagging_tree_depth3_leaf10,original,0.47,0.14694656488549618,0.7064220183486238,0.08200212992545261,0.4700652045050385,0.5800804641806491,0.6085975744468088,0.09586886625624197,0.09586886625624197,0.07925738347050425,77,862,32,716
with_billing_zip,BalancedBagging_tree_depth3_leaf10,original,0.49,0.15498938428874734,0.6697247706422018,0.08763505402160865,0.5281564908120925,0.594051231962419,0.6085975744468088,0.09586886625624197,0.09586886625624197,0.09249319822172328,73,760,36,818
with_billing_zip,BalancedBagging_tree_depth3_leaf10,original,0.51,0.15647921760391198,0.5871559633027523,0.09026798307475317,0.5909899229401304,0.5892053580772316,0.6085975744468088,0.09586886625624197,0.09586886625624197,0.08885771477220536,64,645,45,933
with_billing_zip,BalancedBagging_tree_depth3_leaf10,original,0.53,0.15267175572519084,0.45871559633027525,0.09157509157509157,0.6710136336692353,0.5721968349205242,0.6085975744468088,0.09586886625624197,0.09586886625624197,0.07587099143739665,50,496,59,1082
with_billing_zip,BalancedBagging_tree_depth3_leaf10,original,0.55,0.15257731958762888,0.3394495412844037,0.09840425531914894,0.7563722584469472,0.5623103219730003,0.6085975744468088,0.09586886625624197,0.09586886625624197,0.07361417870429972,37,339,72,1239
with_billing_zip,BalancedBagging_tree_depth3_leaf10,original,0.57,0.13580246913580246,0.2018348623853211,0.10232558139534884,0.8340248962655602,0.5397640725107848,0.6085975744468088,0.09586886625624197,0.09586886625624197,0.058629267221612796,22,193,87,1385
with_billing_zip,BalancedBagging_tree_depth3_leaf10,original,0.59,0.11483253588516747,0.11009174311926606,0.12,0.890337877889745,0.5271624748549435,0.6085975744468088,0.09586886625624197,0.09586886625624197,0.05655586094286952,12,88,97,1490
with_billing_zip,BalancedBagging_tree_depth3_leaf10,original,0.61,0.050955414012738856,0.03669724770642202,0.08333333333333333,0.9116775340841731,0.5044069255008663,0.6085975744468088,0.09586886625624197,0.09586886625624197,0.013032338670130041,4,44,105,1534
with_billing_zip,BalancedBagging_tree_depth3_leaf25,original,0.05,0.12138084632516703,1.0,0.06461173681090694,0.06461173681090694,0.5,0.6026674108440601,0.09770203132024526,0.09770203132024526,0.0,109,1578,0,0
with_billing_zip,BalancedBagging_tree_depth3_leaf25,original,0.07,0.12138084632516703,1.0,0.06461173681090694,0.06461173681090694,0.5,0.6026674108440601,0.09770203132024526,0.09770203132024526,0.0,109,1578,0,0
with_billing_zip,BalancedBagging_tree_depth3_leaf25,original,0.09,0.12138084632516703,1.0,0.06461173681090694,0.06461173681090694,0.5,0.6026674108440601,0.09770203132024526,0.09770203132024526,0.0,109,1578,0,0
with_billing_zip,BalancedBagging_tree_depth3_leaf25,original,0.11,0.12138084632516703,1.0,0.06461173681090694,0.06461173681090694,0.5,0.6026674108440601,0.09770203132024526,0.09770203132024526,0.0,109,1578,0,0
with_billing_zip,BalancedBagging_tree_depth3_leaf25,original,0.13,0.12138084632516703,1.0,0.06461173681090694,0.06461173681090694,0.5,0.6026674108440601,0.09770203132024526,0.09770203132024526,0.0,109,1578,0,0
with_billing_zip,BalancedBagging_tree_depth3_leaf25,original,0.15,0.12138084632516703,1.0,0.06461173681090694,0.06461173681090694,0.5,0.6026674108440601,0.09770203132024526,0.09770203132024526,0.0,109,1578,0,0
with_billing_zip,BalancedBagging_tree_depth3_leaf25,original,0.17,0.12138084632516703,1.0,0.06461173681090694,0.06461173681090694,0.5,0.6026674108440601,0.09770203132024526,0.09770203132024526,0.0,109,1578,0,0
with_billing_zip,BalancedBagging_tree_depth3_leaf25,original,0.19,0.12138084632516703,1.0,0.06461173681090694,0.06461173681090694,0.5,0.6026674108440601,0.09770203132024526,0.09770203132024526,0.0,109,1578,0,0
with_billing_zip,BalancedBagging_tree_depth3_leaf25,original,0.21,0.12138084632516703,1.0,0.06461173681090694,0.06461173681090694,0.5,0.6026674108440601,0.09770203132024526,0.09770203132024526,0.0,109,1578,0,0
with_billing_zip,BalancedBagging_tree_depth3_leaf25,original,0.23,0.12138084632516703,1.0,0.06461173681090694,0.06461173681090694,0.5,0.6026674108440601,0.09770203132024526,0.09770203132024526,0.0,109,1578,0,0
with_billing_zip,BalancedBagging_tree_depth3_leaf25,original,0.25,0.12138084632516703,1.0,0.06461173681090694,0.06461173681090694,0.5,0.6026674108440601,0.09770203132024526,0.09770203132024526,0.0,109,1578,0,0
with_billing_zip,BalancedBagging_tree_depth3_leaf25,original,0.27,0.12138084632516703,1.0,0.06461173681090694,0.06461173681090694,0.5,0.6026674108440601,0.09770203132024526,0.09770203132024526,0.0,109,1578,0,0
with_billing_zip,BalancedBagging_tree_depth3_leaf25,original,0.29,0.12138084632516703,1.0,0.06461173681090694,0.06461173681090694,0.5,0.6026674108440601,0.09770203132024526,0.09770203132024526,0.0,109,1578,0,0
with_billing_zip,BalancedBagging_tree_depth3_leaf25,original,0.31,0.12151616499442586,1.0,0.06468842729970327,0.06579727326615294,0.5006337135614702,0.6026674108440601,0.09770203132024526,0.09770203132024526,0.009054715197067445,109,1576,0,2
with_billing_zip,BalancedBagging_tree_depth3_leaf25,original,0.33,0.12069937958262832,0.981651376146789,0.06430288461538461,0.07587433313574392,0.49747968046883173,0.6026674108440601,0.09770203132024526,0.09770203132024526,-0.010685916347695648,107,1557,2,21
with_billing_zip,BalancedBagging_tree_depth3_leaf25,original,0.35,0.12195121951219512,0.963302752293578,0.06509609423434594,0.1037344398340249,0.5038313507982465,0.6026674108440601,0.09770203132024526,0.09770203132024526,0.009198470466227697,105,1508,4,70
with_billing_zip,BalancedBagging_tree_depth3_leaf25,original,0.37,0.12507664009809932,0.9357798165137615,0.06701708278580815,0.15411973918197985,0.5179532796130277,0.6026674108440601,0.09770203132024526,0.09770203132024526,0.029716060960017696,102,1420,7,158
with_billing_zip,BalancedBagging_tree_depth3_leaf25,original,0.39,0.13099257258609048,0.8899082568807339,0.0706997084548105,0.23710729104919975,0.5409617330031046,0.6026674108440601,0.09770203132024526,0.09770203132024526,0.05168240724998097,97,1275,12,303
with_billing_zip,BalancedBagging_tree_depth3_leaf25,original,0.41,0.13474640423921272,0.8165137614678899,0.07343234323432343,0.3224659158269117,0.552426715968419,0.6026674108440601,0.09770203132024526,0.09770203132024526,0.05731275476343541,89,1123,20,455
with_billing_zip,BalancedBagging_tree_depth3_leaf25,original,0.43,0.1370309951060359,0.7706422018348624,0.07520143240823635,0.37285121517486663,0.5580080464180649,0.6026674108440601,0.09770203132024526,0.09770203132024526,0.060300507786354755,84,1033,25,545
with_billing_zip,BalancedBagging_tree_depth3_leaf25,original,0.45,0.1431064572425829,0.7522935779816514,0.07907425265188042,0.4179016004742146,0.5735485633887978,0.6026674108440601,0.09770203132024526,0.09770203132024526,0.07430617083464822,82,955,27,623
with_billing_zip,BalancedBagging_tree_depth3_leaf25,original,0.47,0.14953271028037382,0.7339449541284404,0.08324661810613944,0.4605809128630705,0.5878216532365903,0.6026674108440601,0.09770203132024526,0.09770203132024526,0.08721041402898111,80,881,29,697
with_billing_zip,BalancedBagging_tree_depth3_leaf25,original,0.49,0.15163934426229508,0.6788990825688074,0.0853517877739331,0.5091879075281565,0.5881821141614633,0.6026674108440601,0.09770203132024526,0.09770203132024526,0.08674826069682358,74,793,35,785
with_billing_zip,BalancedBagging_tree_depth3_leaf25,original,0.51,0.14754098360655737,0.5779816513761468,0.08456375838926175,0.5684647302904564,0.5728945012267299,0.6026674108440601,0.09770203132024526,0.09770203132024526,0.07217518819883531,63,682,46,896
with_billing_zip,BalancedBagging_tree_depth3_leaf25,original,0.53,0.15138282387190685,0.47706422018348627,0.08996539792387544,0.6544161232957914,0.5718654434250765,0.6026674108440601,0.09770203132024526,0.09770203132024526,0.0744538502419242,52,526,57,1052
with_billing_zip,BalancedBagging_tree_depth3_leaf25,original,0.55,0.1522633744855967,0.3394495412844037,0.09814323607427056,0.7557794902193242,0.5619934651922652,0.6026674108440601,0.09770203132024526,0.09770203132024526,0.07317055236426154,37,340,72,1238
with_billing_zip,BalancedBagging_tree_depth3_leaf25,original,0.57,0.13897280966767372,0.21100917431192662,0.1036036036036036,0.8310610551274452,0.5424500877896768,0.6026674108440601,0.09770203132024526,0.09770203132024526,0.06174190671310199,23,199,86,1379
with_billing_zip,BalancedBagging_tree_depth3_leaf25,original,0.59,0.09954751131221719,0.10091743119266056,0.09821428571428571,0.8820391227030231,0.5184561807420844,0.6026674108440601,0.09770203132024526,0.09770203132024526,0.03644930806174792,11,101,98,1477
with_billing_zip,BalancedBagging_tree_depth3_leaf25,original,0.61,0.04938271604938271,0.03669724770642202,0.07547169811320754,0.9087136929460581,0.5028226415971908,0.6026674108440601,0.09770203132024526,0.09770203132024526,0.007955885434251592,4,49,105,1529
with_billing_zip,BalancedBagging_tree_depth5_leaf10,original,0.05,0.12138084632516703,1.0,0.06461173681090694,0.06461173681090694,0.5,0.5914814944012279,0.08744859616604915,0.08744859616604915,0.0,109,1578,0,0
with_billing_zip,BalancedBagging_tree_depth5_leaf10,original,0.07,0.12138084632516703,1.0,0.06461173681090694,0.06461173681090694,0.5,0.5914814944012279,0.08744859616604915,0.08744859616604915,0.0,109,1578,0,0
with_billing_zip,BalancedBagging_tree_depth5_leaf10,original,0.09,0.12138084632516703,1.0,0.06461173681090694,0.06461173681090694,0.5,0.5914814944012279,0.08744859616604915,0.08744859616604915,0.0,109,1578,0,0
with_billing_zip,BalancedBagging_tree_depth5_leaf10,original,0.11,0.12138084632516703,1.0,0.06461173681090694,0.06461173681090694,0.5,0.5914814944012279,0.08744859616604915,0.08744859616604915,0.0,109,1578,0,0
with_billing_zip,BalancedBagging_tree_depth5_leaf10,original,0.13,0.12138084632516703,1.0,0.06461173681090694,0.06461173681090694,0.5,0.5914814944012279,0.08744859616604915,0.08744859616604915,0.0,109,1578,0,0
with_billing_zip,BalancedBagging_tree_depth5_leaf10,original,0.15,0.12138084632516703,1.0,0.06461173681090694,0.06461173681090694,0.5,0.5914814944012279,0.08744859616604915,0.08744859616604915,0.0,109,1578,0,0
with_billing_zip,BalancedBagging_tree_depth5_leaf10,original,0.17,0.12138084632516703,1.0,0.06461173681090694,0.06461173681090694,0.5,0.5914814944012279,0.08744859616604915,0.08744859616604915,0.0,109,1578,0,0
with_billing_zip,BalancedBagging_tree_depth5_leaf10,original,0.19,0.12138084632516703,1.0,0.06461173681090694,0.06461173681090694,0.5,0.5914814944012279,0.08744859616604915,0.08744859616604915,0.0,109,1578,0,0
with_billing_zip,BalancedBagging_tree_depth5_leaf10,original,0.21,0.12144846796657381,1.0,0.06465005931198102,0.06520450503852994,0.5003168567807351,0.5914814944012279,0.08744859616604915,0.08744859616604915,0.006400751466496426,109,1577,0,1
with_billing_zip,BalancedBagging_tree_depth5_leaf10,original,0.23,0.12151616499442586,1.0,0.06468842729970327,0.06579727326615294,0.5006337135614702,0.5914814944012279,0.08744859616604915,0.08744859616604915,0.009054715197067445,109,1576,0,2
with_billing_zip,BalancedBagging_tree_depth5_leaf10,original,0.25,0.1217877094972067,1.0,0.06484235574063058,0.06816834617664493,0.5019011406844106,0.5914814944012279,0.08744859616604915,0.08744859616604915,0.015701875083666984,109,1572,0,6
with_billing_zip,BalancedBagging_tree_depth5_leaf10,original,0.27,0.12203389830508475,0.9908256880733946,0.0650210716435882,0.07883817427385892,0.5033342635550749,0.5914814944012279,0.08744859616604915,0.08744859616604915,0.013308379580453212,108,1553,1,25
with_billing_zip,BalancedBagging_tree_depth5_leaf10,original,0.29,0.12183908045977011,0.9724770642201835,0.06499080318822809,0.0942501481920569,0.5030319414890525,0.5914814944012279,0.08744859616604915,0.08744859616604915,0.008321403208558866,106,1525,3,53
with_billing_zip,BalancedBagging_tree_depth5_leaf10,original,0.31,0.12360211889346674,0.963302752293578,0.0660377358490566,0.11736810906935388,0.511119056755154,0.5914814944012279,0.08744859616604915,0.08744859616604915,0.023484442874008367,105,1485,4,93
with_billing_zip,BalancedBagging_tree_depth5_leaf10,original,0.33,0.1256797583081571,0.9541284403669725,0.06727037516170763,0.14226437462951985,0.5201567423634609,0.5914814944012279,0.08744859616604915,0.08744859616604915,0.03580987357790676,104,1442,5,136
with_billing_zip,BalancedBagging_tree_depth5_leaf10,original,0.35,0.12836970474967907,0.9174311926605505,0.06901311249137336,0.1950207468879668,0.5312757991186149,0.5914814944012279,0.08744859616604915,0.08744859616604915,0.04417560314998593,100,1349,9,229
with_billing_zip,BalancedBagging_tree_depth5_leaf10,original,0.37,0.13013698630136986,0.8715596330275229,0.07031828275351591,0.24718435091879076,0.5378076999104662,0.5914814944012279,0.08744859616604915,0.08744859616604915,0.04654571307782234,95,1256,14,322
with_billing_zip,BalancedBagging_tree_depth5_leaf10,original,0.39,0.13206162876008803,0.8256880733944955,0.07177033492822966,0.2987551867219917,0.5440227439215823,0.5914814944012279,0.08744859616604915,0.08744859616604915,0.04955427608589998,90,1164,19,414
with_billing_zip,BalancedBagging_tree_depth5_leaf10,original,0.41,0.13661636219221604,0.7889908256880734,0.07478260869565218,0.35566093657379966,0.5573597981418821,0.5914814944012279,0.08744859616604915,0.08744859616604915,0.06054360756449607,86,1064,23,514
with_billing_zip,BalancedBagging_tree_depth5_leaf10,original,0.43,0.14261460101867574,0.7706422018348624,0.07857811038353602,0.4013040901007706,0.5732171718933501,0.5914814944012279,0.08744859616604915,0.08744859616604915,0.0747182348638195,84,985,25,593
with_billing_zip,BalancedBagging_tree_depth5_leaf10,original,0.45,0.14061054579093432,0.6972477064220184,0.07818930041152264,0.44931831653823356,0.5647201776723527,0.5914814944012279,0.08744859616604915,0.08744859616604915,0.0643947248052408,76,896,33,682
with_billing_zip,BalancedBagging_tree_depth5_leaf10,original,0.47,0.13934426229508196,0.6238532110091743,0.0784313725490196,0.5020746887966805,0.5587580376972361,0.5914814944012279,0.08744859616604915,0.08744859616604915,0.057802623816215426,68,799,41,779
with_billing_zip,BalancedBagging_tree_depth5_leaf10,original,0.49,0.1459521094640821,0.5871559633027523,0.08333333333333333,0.5560165975103735,0.5705108080138603,0.5914814944012279,0.08744859616604915,0.08744859616604915,0.06961680211159273,64,704,45,874
with_billing_zip,BalancedBagging_tree_depth5_leaf10,original,0.51,0.14520547945205478,0.48623853211009177,0.0853462157809984,0.6301126259632484,0.5631446145975046,0.5914814944012279,0.08744859616604915,0.08744859616604915,0.06437372768518795,53,568,56,1010
with_billing_zip,BalancedBagging_tree_depth5_leaf10,original,0.53,0.14017094017094017,0.3761467889908257,0.0861344537815126,0.7018375815056312,0.550240694875641,0.5914814944012279,0.08744859616604915,0.08744859616604915,0.054887927618380516,41,435,68,1143
with_billing_zip,BalancedBagging_tree_depth5_leaf10,original,0.55,0.15348837209302327,0.30275229357798167,0.102803738317757,0.7842323651452282,0.5601213939372798,0.5914814944012279,0.08744859616604915,0.08744859616604915,0.0753091801169899,33,288,76,1290
with_billing_zip,BalancedBagging_tree_depth5_leaf10,original,0.57,0.12962962962962962,0.1926605504587156,0.09767441860465116,0.8328393598103142,0.5348600597667469,0.5914814944012279,0.08744859616604915,0.08744859616604915,0.05139865286362896,21,194,88,1384
with_billing_zip,BalancedBagging_tree_depth5_leaf10,original,0.59,0.0851063829787234,0.09174311926605505,0.07936507936507936,0.8725548310610551,0.509116173067755,0.5914814944012279,0.08744859616604915,0.08744859616604915,0.01704992926262888,10,116,99,1462
with_billing_zip,BalancedBagging_tree_depth5_leaf10,original,0.61,0.054945054945054944,0.045871559633027525,0.0684931506849315,0.8980438648488441,0.5013895187265265,0.5914814944012279,0.08744859616604915,0.08744859616604915,0.0033577468701081093,5,68,104,1510
with_billing_zip,BalancedBagging_tree_depth5_leaf25,original,0.05,0.12138084632516703,1.0,0.06461173681090694,0.06461173681090694,0.5,0.595443657631888,0.08525358132411495,0.08525358132411495,0.0,109,1578,0,0
with_billing_zip,BalancedBagging_tree_depth5_leaf25,original,0.07,0.12138084632516703,1.0,0.06461173681090694,0.06461173681090694,0.5,0.595443657631888,0.08525358132411495,0.08525358132411495,0.0,109,1578,0,0
with_billing_zip,BalancedBagging_tree_depth5_leaf25,original,0.09,0.12138084632516703,1.0,0.06461173681090694,0.06461173681090694,0.5,0.595443657631888,0.08525358132411495,0.08525358132411495,0.0,109,1578,0,0
with_billing_zip,BalancedBagging_tree_depth5_leaf25,original,0.11,0.12138084632516703,1.0,0.06461173681090694,0.06461173681090694,0.5,0.595443657631888,0.08525358132411495,0.08525358132411495,0.0,109,1578,0,0
with_billing_zip,BalancedBagging_tree_depth5_leaf25,original,0.13,0.12138084632516703,1.0,0.06461173681090694,0.06461173681090694,0.5,0.595443657631888,0.08525358132411495,0.08525358132411495,0.0,109,1578,0,0
with_billing_zip,BalancedBagging_tree_depth5_leaf25,original,0.15,0.12138084632516703,1.0,0.06461173681090694,0.06461173681090694,0.5,0.595443657631888,0.08525358132411495,0.08525358132411495,0.0,109,1578,0,0
with_billing_zip,BalancedBagging_tree_depth5_leaf25,original,0.17,0.12138084632516703,1.0,0.06461173681090694,0.06461173681090694,0.5,0.595443657631888,0.08525358132411495,0.08525358132411495,0.0,109,1578,0,0
with_billing_zip,BalancedBagging_tree_depth5_leaf25,original,0.19,0.12138084632516703,1.0,0.06461173681090694,0.06461173681090694,0.5,0.595443657631888,0.08525358132411495,0.08525358132411495,0.0,109,1578,0,0
with_billing_zip,BalancedBagging_tree_depth5_leaf25,original,0.21,0.12138084632516703,1.0,0.06461173681090694,0.06461173681090694,0.5,0.595443657631888,0.08525358132411495,0.08525358132411495,0.0,109,1578,0,0
with_billing_zip,BalancedBagging_tree_depth5_leaf25,original,0.23,0.12138084632516703,1.0,0.06461173681090694,0.06461173681090694,0.5,0.595443657631888,0.08525358132411495,0.08525358132411495,0.0,109,1578,0,0
with_billing_zip,BalancedBagging_tree_depth5_leaf25,original,0.25,0.12144846796657381,1.0,0.06465005931198102,0.06520450503852994,0.5003168567807351,0.595443657631888,0.08525358132411495,0.08525358132411495,0.006400751466496426,109,1577,0,1
with_billing_zip,BalancedBagging_tree_depth5_leaf25,original,0.27,0.11943661971830986,0.9724770642201835,0.06362545018007203,0.07350326022525193,0.4919419541633237,0.595443657631888,0.08525358132411495,0.08525358132411495,-0.0357338106366866,106,1560,3,18
with_billing_zip,BalancedBagging_tree_depth5_leaf25,original,0.29,0.12114285714285715,0.9724770642201835,0.06459475929311395,0.08832246591582692,0.4998633736817014,0.595443657631888,0.08525358132411495,0.08525358132411495,-0.000412475258287698,106,1535,3,43
with_billing_zip,BalancedBagging_tree_depth5_leaf25,original,0.31,0.12159814707585408,0.963302752293578,0.06489493201483312,0.1007705986959099,0.502247066894571,0.595443657631888,0.08525358132411495,0.08525358132411495,0.005578262425631279,105,1513,4,65
with_billing_zip,BalancedBagging_tree_depth5_leaf25,original,0.33,0.12455089820359282,0.9541284403669725,0.06662395900064061,0.13337285121517486,0.5154038906524343,0.595443657631888,0.08525358132411495,0.08525358132411495,0.0288098135085046,104,1457,5,121
with_billing_zip,BalancedBagging_tree_depth5_leaf25,original,0.35,0.12846347607052896,0.9357798165137615,0.06896551724137931,0.17960877296976882,0.5315781211846374,0.595443657631888,0.08525358132411495,0.08525358132411495,0.0472244900202041,102,1377,7,201
with_billing_zip,BalancedBagging_tree_depth5_leaf25,original,0.37,0.13377926421404682,0.9174311926605505,0.07215007215007214,0.23236514522821577,0.5512377763049268,0.595443657631888,0.08525358132411495,0.08525358132411495,0.0657994334804695,100,1286,9,292
with_billing_zip,BalancedBagging_tree_depth5_leaf25,original,0.39,0.13593637020968907,0.8623853211009175,0.07378335949764521,0.2916419679905157,0.5573016592830315,0.595443657631888,0.08525358132411495,0.08525358132411495,0.06552457341672402,94,1180,15,398
with_billing_zip,BalancedBagging_tree_depth5_leaf25,original,0.41,0.13814756671899528,0.8073394495412844,0.07553648068669527,0.34914048606994663,0.5624149719189312,0.595443657631888,0.08525358132411495,0.08525358132411495,0.0663876520860781,88,1077,21,501
with_billing_zip,BalancedBagging_tree_depth5_leaf25,original,0.43,0.1396508728179551,0.7706422018348624,0.07678244972577697,0.38648488441019563,0.5652957523749724,0.595443657631888,0.08525358132411495,0.08525358132411495,0.0672427810472538,84,1010,25,568
with_billing_zip,BalancedBagging_tree_depth5_leaf25,original,0.45,0.141718334809566,0.7339449541284404,0.0784313725490196,0.42560758743331356,0.5691271031732189,0.595443657631888,0.08525358132411495,0.08525358132411495,0.06951557174174268,80,940,29,638
with_billing_zip,BalancedBagging_tree_depth5_leaf25,original,0.47,0.14942528735632185,0.7155963302752294,0.08342245989304813,0.4736218138707765,0.5862519040476274,0.595443657631888,0.08525358132411495,0.08525358132411495,0.08531997301647355,78,857,31,721
with_billing_zip,BalancedBagging_tree_depth5_leaf25,original,0.49,0.15772179627601315,0.6605504587155964,0.08955223880597014,0.5441612329579134,0.5983360658596993,0.595443657631888,0.08525358132411495,0.08525358132411495,0.09680575966416562,72,732,37,846
with_billing_zip,BalancedBagging_tree_depth5_leaf25,original,0.51,0.14419225634178906,0.4954128440366973,0.084375,0.6200355660936574,0.5620283485075754,0.595443657631888,0.08525358132411495,0.08525358132411495,0.06285265598824193,54,586,55,992
with_billing_zip,BalancedBagging_tree_depth5_leaf25,original,0.53,0.136986301369863,0.3669724770642202,0.08421052631578947,0.7012448132780082,0.5456535389123383,0.595443657631888,0.08525358132411495,0.08525358132411495,0.04990833454725551,40,435,69,1143
with_billing_zip,BalancedBagging_tree_depth5_leaf25,original,0.55,0.12334801762114538,0.25688073394495414,0.08115942028985507,0.7640782454060462,0.5279967674794479,0.595443657631888,0.08525358132411495,0.08525358132411495,0.03412862795125164,28,317,81,1261
with_billing_zip,BalancedBagging_tree_depth5_leaf25,original,0.57,0.10650887573964497,0.1651376146788991,0.07860262008733625,0.8209839952578541,0.5157120266043418,0.595443657631888,0.08525358132411495,0.08525358132411495,0.022554460678419583,18,211,91,1367
with_billing_zip,BalancedBagging_tree_depth5_leaf25,original,0.59,0.10441767068273092,0.11926605504587157,0.09285714285714286,0.8678126852400712,0.5193922163695771,0.595443657631888,0.08525358132411495,0.08525358132411495,0.0345632854071887,13,127,96,1451
with_billing_zip,BalancedBagging_tree_depth5_leaf25,original,0.61,0.08163265306122448,0.07339449541284404,0.09195402298850575,0.8933017190278602,0.5116655620283486,0.595443657631888,0.08525358132411495,0.08525358132411495,0.025934793459331765,8,79,101,1499
with_billing_zip,BalancedBagging_tree_depthnone_leaf10,original,0.05,0.12138084632516703,1.0,0.06461173681090694,0.06461173681090694,0.5,0.572240439064662,0.07743464236912656,0.07743464236912656,0.0,109,1578,0,0
with_billing_zip,BalancedBagging_tree_depthnone_leaf10,original,0.07,0.12138084632516703,1.0,0.06461173681090694,0.06461173681090694,0.5,0.572240439064662,0.07743464236912656,0.07743464236912656,0.0,109,1578,0,0
with_billing_zip,BalancedBagging_tree_depthnone_leaf10,original,0.09,0.12138084632516703,1.0,0.06461173681090694,0.06461173681090694,0.5,0.572240439064662,0.07743464236912656,0.07743464236912656,0.0,109,1578,0,0
with_billing_zip,BalancedBagging_tree_depthnone_leaf10,original,0.11,0.12138084632516703,1.0,0.06461173681090694,0.06461173681090694,0.5,0.572240439064662,0.07743464236912656,0.07743464236912656,0.0,109,1578,0,0
with_billing_zip,BalancedBagging_tree_depthnone_leaf10,original,0.13,0.12053571428571429,0.9908256880733946,0.06417112299465241,0.06579727326615294,0.4963634143789026,0.572240439064662,0.07743464236912656,0.07743464236912656,-0.03676364024691597,108,1575,1,3
with_billing_zip,BalancedBagging_tree_depthnone_leaf10,original,0.15,0.11982082866741321,0.981651376146789,0.06380441264162194,0.06816834617664493,0.49336054231927534,0.572240439064662,0.07743464236912656,0.07743464236912656,-0.04252681127400424,107,1570,2,8
with_billing_zip,BalancedBagging_tree_depthnone_leaf10,original,0.17,0.1203599550056243,0.981651376146789,0.06411024565608149,0.07291049199762893,0.49589539656515624,0.572240439064662,0.07743464236912656,0.07743464236912656,-0.01964280600053592,107,1562,2,16
with_billing_zip,BalancedBagging_tree_depthnone_leaf10,original,0.19,0.12018140589569161,0.9724770642201835,0.06404833836858007,0.08002371072910491,0.4954273787514099,0.572240439064662,0.07743464236912656,0.07743464236912656,-0.016481167986175316,106,1549,3,29
with_billing_zip,BalancedBagging_tree_depthnone_leaf10,original,0.21,0.12075905692926969,0.963302752293578,0.06441717791411043,0.0936573799644339,0.4984447855257497,0.572240439064662,0.07743464236912656,0.07743464236912656,-0.004232098855117877,105,1525,4,53
with_billing_zip,BalancedBagging_tree_depthnone_leaf10,original,0.23,0.12295081967213115,0.963302752293578,0.06566604127579738,0.11203319502074689,0.508267345728538,0.572240439064662,0.07743464236912656,0.07743464236912656,0.018280887486399094,105,1494,4,84
with_billing_zip,BalancedBagging_tree_depthnone_leaf10,original,0.25,0.12395709177592372,0.9541284403669725,0.0662842574888464,0.12863070539419086,0.5128690364065535,0.572240439064662,0.07743464236912656,0.07743464236912656,0.024807916880917876,104,1465,5,113
with_billing_zip,BalancedBagging_tree_depthnone_leaf10,original,0.27,0.125,0.944954128440367,0.06692657569850552,0.14522821576763487,0.5174707270845688,0.572240439064662,0.07743464236912656,0.07743464236912656,0.030363900246465146,103,1436,6,142
with_billing_zip,BalancedBagging_tree_depthnone_leaf10,original,0.29,0.12640801001251564,0.926605504587156,0.06783075889858965,0.17249555423829283,0.5235055406332485,0.572240439064662,0.07743464236912656,0.07743464236912656,0.03590765506156854,101,1388,8,190
with_billing_zip,BalancedBagging_tree_depthnone_leaf10,original,0.31,0.1289902280130293,0.908256880733945,0.0694249649368864,0.2074688796680498,0.5336594923314846,0.572240439064662,0.07743464236912656,0.07743464236912656,0.04576403289470657,99,1327,10,251
with_billing_zip,BalancedBagging_tree_depthnone_leaf10,original,0.33,0.13242320819112627,0.8899082568807339,0.0715339233038348,0.24659158269116777,0.5460314414948664,0.572240439064662,0.07743464236912656,0.07743464236912656,0.056991157498702816,97,1259,12,319
with_billing_zip,BalancedBagging_tree_depthnone_leaf10,original,0.35,0.1340941512125535,0.8623853211009175,0.07269914926527456,0.2803793716656787,0.5512813804490646,0.572240439064662,0.07743464236912656,0.07743464236912656,0.05959489764516847,94,1199,15,379
with_billing_zip,BalancedBagging_tree_depthnone_leaf10,original,0.37,0.13582089552238805,0.8348623853211009,0.07392363931762795,0.3135743924125667,0.5562144626225276,0.572240439064662,0.07743464236912656,0.07743464236912656,0.062234808808510365,91,1140,18,438
with_billing_zip,BalancedBagging_tree_depthnone_leaf10,original,0.39,0.1362179487179487,0.7798165137614679,0.07462686567164178,0.36099585062240663,0.5559412099859304,0.572240439064662,0.07743464236912656,0.07743464236912656,0.058732225630318505,85,1054,24,524
with_billing_zip,BalancedBagging_tree_depthnone_leaf10,original,0.41,0.138353765323993,0.7247706422018348,0.07647628267182963,0.4167160640189686,0.5601039522796246,0.572240439064662,0.07743464236912656,0.07743464236912656,0.060654180615276485,79,954,30,624
with_billing_zip,BalancedBagging_tree_depthnone_leaf10,original,0.43,0.144390243902439,0.6788990825688074,0.08078602620087336,0.48014226437462953,0.572656131905443,0.572240439064662,0.07743464236912656,0.07743464236912656,0.07171237257873754,74,842,35,736
with_billing_zip,BalancedBagging_tree_depthnone_leaf10,original,0.45,0.1380065717415115,0.5779816513761468,0.07835820895522388,0.5334914048606995,0.5541999511633586,0.572240439064662,0.07743464236912656,0.07743464236912656,0.0533564913367142,63,741,46,837
with_billing_zip,BalancedBagging_tree_depthnone_leaf10,original,0.47,0.14,0.5137614678899083,0.08104196816208394,0.5921754593953764,0.5556766781781608,0.572240439064662,0.07743464236912656,0.07743464236912656,0.05566745508161773,56,635,53,943
with_billing_zip,BalancedBagging_tree_depthnone_leaf10,original,0.49,0.14942528735632185,0.47706422018348627,0.08858603066439523,0.6490812092471844,0.5690137323984605,0.572240439064662,0.07743464236912656,0.07743464236912656,0.07123884447602469,52,535,57,1043
with_billing_zip,BalancedBagging_tree_depthnone_leaf10,original,0.51,0.1292517006802721,0.3486238532110092,0.07933194154488518,0.6965026674570243,0.5345780863013221,0.572240439064662,0.07743464236912656,0.07743464236912656,0.03770478547025558,38,441,71,1137
with_billing_zip,BalancedBagging_tree_depthnone_leaf10,original,0.53,0.11570247933884298,0.25688073394495414,0.07466666666666667,0.7462951985773563,0.5184910640573948,0.572240439064662,0.07743464236912656,0.07743464236912656,0.021866339955398835,28,347,81,1231
with_billing_zip,BalancedBagging_tree_depthnone_leaf10,original,0.55,0.10230179028132992,0.1834862385321101,0.07092198581560284,0.7919383521043272,0.5087266427134568,0.572240439064662,0.07743464236912656,0.07743464236912656,0.011499559991230543,20,262,89,1316
with_billing_zip,BalancedBagging_tree_depthnone_leaf10,original,0.57,0.08832807570977919,0.12844036697247707,0.0673076923076923,0.8286899822169532,0.5027499680236276,0.572240439064662,0.07743464236912656,0.07743464236912656,0.004112525781010134,14,194,95,1384
with_billing_zip,BalancedBagging_tree_depthnone_leaf10,original,0.59,0.07722007722007722,0.09174311926605505,0.06666666666666667,0.8583283935981031,0.5015116103301125,0.572240439064662,0.07743464236912656,0.07743464236912656,0.002611283544421906,10,140,99,1438
with_billing_zip,BalancedBagging_tree_depthnone_leaf10,original,0.61,0.0673076923076923,0.06422018348623854,0.0707070707070707,0.8850029638411381,0.5029592679154894,0.572240439064662,0.07743464236912656,0.07743464236912656,0.006190677542530562,7,92,102,1486
with_billing_zip,BalancedBagging_tree_depthnone_leaf25,original,0.05,0.12138084632516703,1.0,0.06461173681090694,0.06461173681090694,0.5,0.596775037499564,0.08488631441387806,0.08488631441387806,0.0,109,1578,0,0
with_billing_zip,BalancedBagging_tree_depthnone_leaf25,original,0.07,0.12138084632516703,1.0,0.06461173681090694,0.06461173681090694,0.5,0.596775037499564,0.08488631441387806,0.08488631441387806,0.0,109,1578,0,0
with_billing_zip,BalancedBagging_tree_depthnone_leaf25,original,0.09,0.12138084632516703,1.0,0.06461173681090694,0.06461173681090694,0.5,0.596775037499564,0.08488631441387806,0.08488631441387806,0.0,109,1578,0,0
with_billing_zip,BalancedBagging_tree_depthnone_leaf25,original,0.11,0.12138084632516703,1.0,0.06461173681090694,0.06461173681090694,0.5,0.596775037499564,0.08488631441387806,0.08488631441387806,0.0,109,1578,0,0
with_billing_zip,BalancedBagging_tree_depthnone_leaf25,original,0.13,0.12138084632516703,1.0,0.06461173681090694,0.06461173681090694,0.5,0.596775037499564,0.08488631441387806,0.08488631441387806,0.0,109,1578,0,0
with_billing_zip,BalancedBagging_tree_depthnone_leaf25,original,0.15,0.12138084632516703,1.0,0.06461173681090694,0.06461173681090694,0.5,0.596775037499564,0.08488631441387806,0.08488631441387806,0.0,109,1578,0,0
with_billing_zip,BalancedBagging_tree_depthnone_leaf25,original,0.17,0.12138084632516703,1.0,0.06461173681090694,0.06461173681090694,0.5,0.596775037499564,0.08488631441387806,0.08488631441387806,0.0,109,1578,0,0
with_billing_zip,BalancedBagging_tree_depthnone_leaf25,original,0.19,0.12138084632516703,1.0,0.06461173681090694,0.06461173681090694,0.5,0.596775037499564,0.08488631441387806,0.08488631441387806,0.0,109,1578,0,0
with_billing_zip,BalancedBagging_tree_depthnone_leaf25,original,0.21,0.12138084632516703,1.0,0.06461173681090694,0.06461173681090694,0.5,0.596775037499564,0.08488631441387806,0.08488631441387806,0.0,109,1578,0,0
with_billing_zip,BalancedBagging_tree_depthnone_leaf25,original,0.23,0.1217877094972067,1.0,0.06484235574063058,0.06816834617664493,0.5019011406844106,0.596775037499564,0.08488631441387806,0.08488631441387806,0.015701875083666984,109,1572,0,6
with_billing_zip,BalancedBagging_tree_depthnone_leaf25,original,0.25,0.12056338028169014,0.981651376146789,0.06422569027611044,0.07468879668049792,0.49684596690736155,0.596775037499564,0.08488631441387806,0.08488631441387806,-0.013986718809814199,107,1559,2,19
with_billing_zip,BalancedBagging_tree_depthnone_leaf25,original,0.27,0.12107367218732153,0.9724770642201835,0.06455542021924482,0.0877296976882039,0.4995465169009663,0.596775037499564,0.08488631441387806,0.08488631441387806,-0.0013837735232333469,106,1536,3,42
with_billing_zip,BalancedBagging_tree_depthnone_leaf25,original,0.29,0.12202208018593841,0.963302752293578,0.06513647642679901,0.1043272080616479,0.5041482075789816,0.596775037499564,0.08488631441387806,0.08488631441387806,0.009895644257562931,105,1507,4,71
with_billing_zip,BalancedBagging_tree_depthnone_leaf25,original,0.31,0.12417910447761193,0.9541284403669725,0.06641123882503193,0.13040901007705988,0.5138196067487588,0.596775037499564,0.08488631441387806,0.08488631441387806,0.026333213785857665,104,1462,5,116
with_billing_zip,BalancedBagging_tree_depthnone_leaf25,original,0.33,0.12692544670363523,0.944954128440367,0.06803170409511229,0.16004742145820983,0.5253921466029465,0.596775037499564,0.08488631441387806,0.08488631441387806,0.0411538217105576,103,1411,6,167
with_billing_zip,BalancedBagging_tree_depthnone_leaf25,original,0.35,0.1297016861219196,0.9174311926605505,0.06978367062107467,0.2045050385299348,0.5363455076103767,0.596775037499564,0.08488631441387806,0.08488631441387806,0.04996979057018183,100,1333,9,245
with_billing_zip,BalancedBagging_tree_depthnone_leaf25,original,0.37,0.13674033149171272,0.908256880733945,0.07393577296489919,0.25903971547125076,0.5612260322554389,0.596775037499564,0.08488631441387806,0.08488631441387806,0.07439657623046024,99,1240,10,338
with_billing_zip,BalancedBagging_tree_depthnone_leaf25,original,0.39,0.13737075332348597,0.8532110091743119,0.0746987951807229,0.3076467101363367,0.5615864931803118,0.596775037499564,0.08488631441387806,0.08488631441387806,0.06886307459343914,93,1152,16,426
with_billing_zip,BalancedBagging_tree_depthnone_leaf25,original,0.41,0.1380392156862745,0.8073394495412844,0.07547169811320754,0.34854771784232363,0.5620981151381961,0.596775037499564,0.08488631441387806,0.08488631441387806,0.06608562862152616,88,1078,21,500
with_billing_zip,BalancedBagging_tree_depthnone_leaf25,original,0.43,0.14127659574468085,0.7614678899082569,0.07786116322701689,0.4018968583283936,0.5692637294915175,0.596775037499564,0.08488631441387806,0.08488631441387806,0.07061195145727711,83,983,26,595
with_billing_zip,BalancedBagging_tree_depthnone_leaf25,original,0.45,0.14482126489459213,0.7247706422018348,0.08044806517311609,0.4469472436277416,0.5762636480971152,0.596775037499564,0.08488631441387806,0.08488631441387806,0.07602632848299955,79,903,30,675
with_billing_zip,BalancedBagging_tree_depthnone_leaf25,original,0.47,0.15212981744421908,0.6880733944954128,0.08551881413911061,0.5044457617071725,0.58991755909815,0.596775037499564,0.08488631441387806,0.08488631441387806,0.08849096822703754,75,802,34,776
with_billing_zip,BalancedBagging_tree_depthnone_leaf25,original,0.49,0.14953271028037382,0.5871559633027523,0.0856760374832664,0.5684647302904564,0.5771648004092975,0.596775037499564,0.08488631441387806,0.08488631441387806,0.07638212799069728,64,683,45,895
with_billing_zip,BalancedBagging_tree_depthnone_leaf25,original,0.51,0.15752461322081576,0.5137614678899083,0.09302325581395349,0.6449318316538234,0.5838769316635853,0.596775037499564,0.08488631441387806,0.08488631441387806,0.08608473845697157,56,546,53,1032
with_billing_zip,BalancedBagging_tree_depthnone_leaf25,original,0.53,0.14335664335664336,0.3761467889908257,0.08855291576673865,0.7095435684647303,0.5543598330251974,0.596775037499564,0.08488631441387806,0.08488631441387806,0.05989542539046209,41,422,68,1156
with_billing_zip,BalancedBagging_tree_depthnone_leaf25,original,0.55,0.13247863247863248,0.28440366972477066,0.08635097493036212,0.7593360995850622,0.53827281078127,0.596775037499564,0.08488631441387806,0.08488631441387806,0.045977022275068134,31,328,78,1250
with_billing_zip,BalancedBagging_tree_depthnone_leaf25,original,0.57,0.1016949152542373,0.1651376146788991,0.07346938775510205,0.8114997036158862,0.5106423181125801,0.596775037499564,0.08488631441387806,0.08488631441387806,0.014851397017702663,18,227,91,1351
with_billing_zip,BalancedBagging_tree_depthnone_leaf25,original,0.59,0.1044776119402985,0.12844036697247707,0.0880503144654088,0.8577356253704801,0.5182759502796479,0.596775037499564,0.08488631441387806,0.08488631441387806,0.030755052496185986,14,145,95,1433
with_billing_zip,BalancedBagging_tree_depthnone_leaf25,original,0.61,0.09433962264150944,0.09174311926605505,0.0970873786407767,0.8861885002963841,0.5164038790246626,0.596775037499564,0.08488631441387806,0.08488631441387806,0.03368581823270727,10,93,99,1485
with_billing_zip,CatBoost_encoded_depth3_lr0.03,original,0.05,0.12165178571428571,1.0,0.0647653000594177,0.06698280972139893,0.5012674271229405,0.5717142823920652,0.07756541892272598,0.07756541892272598,0.012812907392210521,109,1574,0,4
with_billing_zip,CatBoost_encoded_depth3_lr0.03,original,0.07,0.12192393736017897,1.0,0.06491959499702203,0.06935388263189093,0.5025348542458808,0.5717142823920652,0.07756541892272598,0.07756541892272598,0.01814175906680867,109,1570,0,8
with_billing_zip,CatBoost_encoded_depth3_lr0.03,original,0.09,0.12192393736017897,1.0,0.06491959499702203,0.06935388263189093,0.5025348542458808,0.5717142823920652,0.07756541892272598,0.07756541892272598,0.01814175906680867,109,1570,0,8
with_billing_zip,CatBoost_encoded_depth3_lr0.03,original,0.11,0.12212885154061624,1.0,0.06503579952267304,0.07113218731475993,0.5034854245880862,0.5717142823920652,0.07756541892272598,0.07756541892272598,0.021292128816169056,109,1567,0,11
with_billing_zip,CatBoost_encoded_depth3_lr0.03,original,0.13,0.12148481439820022,0.9908256880733946,0.06470940683043738,0.07409602845287493,0.5007994093091941,0.5717142823920652,0.07756541892272598,0.07756541892272598,0.003825617315968398,108,1561,1,17
with_billing_zip,CatBoost_encoded_depth3_lr0.03,original,0.15,0.12189616252821671,0.9908256880733946,0.06494287432351173,0.07765263781861292,0.5027005499936048,0.5717142823920652,0.07756541892272598,0.07756541892272598,0.011212364820931861,108,1555,1,23
with_billing_zip,CatBoost_encoded_depth3_lr0.03,original,0.17,0.12251843448667045,0.9908256880733946,0.06529625151148731,0.08298755186721991,0.5055522610202208,0.5717142823920652,0.07756541892272598,0.07756541892272598,0.019712508622074257,108,1546,1,32
with_billing_zip,CatBoost_encoded_depth3_lr0.03,original,0.19,0.12193732193732194,0.981651376146789,0.06500607533414338,0.08654416123295791,0.5031831025220637,0.5717142823920652,0.07756541892272598,0.07756541892272598,0.010163435303712002,107,1539,2,39
with_billing_zip,CatBoost_encoded_depth3_lr0.03,original,0.21,0.12256586483390607,0.981651376146789,0.06536346976175932,0.09187907528156491,0.5060348135486796,0.5717142823920652,0.07756541892272598,0.07756541892272598,0.01749650313404322,107,1530,2,48
with_billing_zip,CatBoost_encoded_depth3_lr0.03,original,0.23,0.12254335260115606,0.9724770642201835,0.06539173349784085,0.1001778304682869,0.5062005092964036,0.5717142823920652,0.07756541892272598,0.07756541892272598,0.015723912986696304,106,1515,3,63
with_billing_zip,CatBoost_encoded_depth3_lr0.03,original,0.25,0.12128279883381925,0.9541284403669725,0.0647571606475716,0.10669828097213989,0.5011453355193545,0.5717142823920652,0.07756541892272598,0.07756541892272598,0.0026339904347831436,104,1502,5,76
with_billing_zip,CatBoost_encoded_depth3_lr0.03,original,0.27,0.12213740458015267,0.9541284403669725,0.06524466750313676,0.11381149970361588,0.5049476168881758,0.5717142823920652,0.07756541892272598,0.07756541892272598,0.010658772052679658,104,1490,5,88
with_billing_zip,CatBoost_encoded_depth3_lr0.03,original,0.29,0.12300413956238912,0.9541284403669725,0.06573957016434892,0.12092471843509188,0.508749898256997,0.5717142823920652,0.07756541892272598,0.07756541892272598,0.017807455103692214,104,1478,5,100
with_billing_zip,CatBoost_encoded_depth3_lr0.03,original,0.31,0.125,0.9541284403669725,0.06688102893890675,0.13692946058091288,0.5173050313368449,0.5717142823920652,0.07756541892272598,0.07756541892272598,0.031682319687298385,104,1451,5,127
with_billing_zip,CatBoost_encoded_depth3_lr0.03,original,0.33,0.12430769230769231,0.926605504587156,0.06662269129287599,0.15649081209247184,0.5149504075534005,0.5717142823920652,0.07756541892272598,0.07756541892272598,0.02435578434905215,101,1415,8,163
with_billing_zip,CatBoost_encoded_depth3_lr0.03,original,0.35,0.12899106002554278,0.926605504587156,0.06932052161976665,0.19146413752222882,0.5336449576167719,0.5717142823920652,0.07756541892272598,0.07756541892272598,0.048208435288932365,101,1356,8,222
with_billing_zip,CatBoost_encoded_depth3_lr0.03,original,0.37,0.12916383412644458,0.8715596330275229,0.0697503671071953,0.24066390041493776,0.53432227532238,0.5717142823920652,0.07756541892272598,0.07756541892272598,0.042790028974121895,95,1267,14,311
with_billing_zip,CatBoost_encoded_depth3_lr0.03,original,0.39,0.1317365269461078,0.8073394495412844,0.07171964140179299,0.3123888559573207,0.5427698515133546,0.5717142823920652,0.07756541892272598,0.07756541892272598,0.047220794441072515,88,1139,21,439
with_billing_zip,CatBoost_encoded_depth3_lr0.03,original,0.41,0.13398692810457516,0.7522935779816514,0.07354260089686099,0.37166567871962064,0.5488337344914594,0.5717142823920652,0.07756541892272598,0.07756541892272598,0.05072023225800671,82,1033,27,545
with_billing_zip,CatBoost_encoded_depth3_lr0.03,original,0.43,0.13744493392070484,0.7155963302752294,0.07602339181286549,0.4196799051570836,0.5574179370007326,0.5717142823920652,0.07756541892272598,0.07756541892272598,0.05783222726288437,78,948,31,630
with_billing_zip,CatBoost_encoded_depth3_lr0.03,original,0.45,0.13623462630085148,0.6605504587155964,0.0759493670886076,0.4588026081802015,0.5527086894338438,0.5717142823920652,0.07756541892272598,0.07756541892272598,0.0522339145332062,72,876,37,702
with_billing_zip,CatBoost_encoded_depth3_lr0.03,original,0.47,0.13494461228600202,0.6146788990825688,0.0757918552036199,0.4908120924718435,0.5484674596807013,0.5717142823920652,0.07756541892272598,0.07756541892272598,0.04771589745905662,67,817,42,761
with_billing_zip,CatBoost_encoded_depth3_lr0.03,original,0.49,0.1446051167964405,0.5963302752293578,0.08227848101265822,0.5441612329579134,0.5684439715817258,0.5717142823920652,0.07756541892272598,0.07756541892272598,0.06744071705211122,65,725,44,853
with_billing_zip,CatBoost_encoded_depth3_lr0.03,original,0.51,0.13659793814432988,0.48623853211009177,0.07946026986506746,0.6028452874925904,0.5485692026836897,0.5717142823920652,0.07756541892272598,0.07756541892272598,0.04884214350971559,53,614,56,964
with_billing_zip,CatBoost_encoded_depth3_lr0.03,original,0.53,0.1344,0.3853211009174312,0.08139534883720931,0.6793123888559573,0.5424704363902746,0.5717142823920652,0.07756541892272598,0.07756541892272598,0.04531898444501388,42,474,67,1104
with_billing_zip,CatBoost_encoded_depth3_lr0.03,original,0.55,0.13894736842105262,0.30275229357798167,0.09016393442622951,0.7575577949021932,0.5458628388042,0.5717142823920652,0.07756541892272598,0.07756541892272598,0.05470987539179949,33,333,76,1245
with_billing_zip,CatBoost_encoded_depth3_lr0.03,original,0.57,0.11834319526627218,0.1834862385321101,0.08733624454148471,0.8233550681683461,0.5255200520924175,0.5717142823920652,0.07756541892272598,0.07756541892272598,0.036633785438639314,20,209,89,1369
with_billing_zip,CatBoost_encoded_depth3_lr0.03,original,0.59,0.06611570247933884,0.07339449541284404,0.06015037593984962,0.8660343805572022,0.49709015011453356,0.5717142823920652,0.07756541892272598,0.07756541892272598,-0.005309040047550221,8,125,101,1453
with_billing_zip,CatBoost_encoded_depth3_lr0.03,original,0.61,0.043478260869565216,0.03669724770642202,0.05333333333333334,0.8956727919383521,0.49585179242101834,0.5717142823920652,0.07756541892272598,0.07756541892272598,-0.009895644257562931,4,71,105,1507
with_billing_zip,CatBoost_native_depth3_lr0.03,native_categorical,0.05,0.12151616499442586,1.0,0.06468842729970327,0.06579727326615294,0.5006337135614702,0.5896152370321275,0.10379488408466303,0.10379488408466303,0.009054715197067445,109,1576,0,2
with_billing_zip,CatBoost_native_depth3_lr0.03,native_categorical,0.07,0.12158393753485779,1.0,0.06472684085510688,0.06639004149377593,0.5009505703422054,0.5896152370321275,0.10379488408466303,0.10379488408466303,0.011093008181869195,109,1575,0,3
with_billing_zip,CatBoost_native_depth3_lr0.03,native_categorical,0.09,0.1217877094972067,1.0,0.06484235574063058,0.06816834617664493,0.5019011406844106,0.5896152370321275,0.10379488408466303,0.10379488408466303,0.015701875083666984,109,1572,0,6
with_billing_zip,CatBoost_native_depth3_lr0.03,native_categorical,0.11,0.1218557853549469,1.0,0.06488095238095239,0.06876111440426794,0.5022179974651457,0.5896152370321275,0.10379488408466303,0.10379488408466303,0.01696501033994349,109,1571,0,7
with_billing_zip,CatBoost_native_depth3_lr0.03,native_categorical,0.13,0.1218557853549469,1.0,0.06488095238095239,0.06876111440426794,0.5022179974651457,0.5896152370321275,0.10379488408466303,0.10379488408466303,0.01696501033994349,109,1571,0,7
with_billing_zip,CatBoost_native_depth3_lr0.03,native_categorical,0.15,0.122334455667789,1.0,0.06515242080095636,0.07291049199762893,0.5044359949302915,0.5896152370321275,0.10379488408466303,0.10379488408466303,0.024042288092827664,109,1564,0,14
with_billing_zip,CatBoost_native_depth3_lr0.03,native_categorical,0.17,0.1225407532321529,1.0,0.06526946107784432,0.07468879668049792,0.5053865652724968,0.5896152370321275,0.10379488408466303,0.10379488408466303,0.026517096839454343,109,1561,0,17
with_billing_zip,CatBoost_native_depth3_lr0.03,native_categorical,0.19,0.12281690140845071,1.0,0.06542617046818727,0.07705986959098993,0.5066539923954373,0.5896152370321275,0.10379488408466303,0.10379488408466303,0.029507464843930603,109,1557,0,21
with_billing_zip,CatBoost_native_depth3_lr0.03,native_categorical,0.21,0.12344280860702152,1.0,0.06578153289076645,0.08239478363959692,0.5095057034220533,0.5896152370321275,0.10379488408466303,0.10379488408466303,0.03536381603582017,109,1548,0,30
with_billing_zip,CatBoost_native_depth3_lr0.03,native_categorical,0.23,0.12128146453089245,0.9724770642201835,0.06467358145210494,0.08950800237107291,0.5004970872431717,0.5896152370321275,0.10379488408466303,0.10379488408466303,0.0014700065386492327,106,1533,3,45
with_billing_zip,CatBoost_native_depth3_lr0.03,native_categorical,0.25,0.12062033314187248,0.963302752293578,0.06433823529411764,0.09247184350918791,0.4978110719642795,0.5896152370321275,0.10379488408466303,0.10379488408466303,-0.006060197889531664,105,1527,4,51
with_billing_zip,CatBoost_native_depth3_lr0.03,native_categorical,0.27,0.12023121387283237,0.9541284403669725,0.06415792720542875,0.0978067575577949,0.49639248380832784,0.5896152370321275,0.10379488408466303,0.10379488408466303,-0.009148324433422462,104,1517,5,61
with_billing_zip,CatBoost_native_depth3_lr0.03,native_categorical,0.29,0.12011661807580175,0.944954128440367,0.06413449564134496,0.1055127445168939,0.4962413227753166,0.5896152370321275,0.10379488408466303,0.10379488408466303,-0.008644034599427931,103,1503,6,75
with_billing_zip,CatBoost_native_depth3_lr0.03,native_categorical,0.31,0.12007062978222484,0.9357798165137615,0.06415094339622641,0.11381149970361588,0.4964070185230405,0.5896152370321275,0.10379488408466303,0.10379488408466303,-0.007588698403208978,102,1488,7,90
with_billing_zip,CatBoost_native_depth3_lr0.03,native_categorical,0.33,0.12281757977122215,0.9357798165137615,0.06572164948453608,0.13633669235328985,0.5084475761909746,0.5896152370321275,0.10379488408466303,0.10379488408466303,0.01530791770656598,102,1450,7,128
with_billing_zip,CatBoost_native_depth3_lr0.03,native_categorical,0.35,0.12321095208462975,0.908256880733945,0.06608811748998665,0.16478956727919383,0.5108458041185567,0.5896152370321275,0.10379488408466303,0.10379488408466303,0.0169072000695356,99,1399,10,179
with_billing_zip,CatBoost_native_depth3_lr0.03,native_categorical,0.37,0.12549537648612946,0.8715596330275229,0.06761565836298933,0.2151748666271488,0.5206974337507704,0.5896152370321275,0.10379488408466303,0.10379488408466303,0.02727410630831495,95,1310,14,268
with_billing_zip,CatBoost_native_depth3_lr0.03,native_categorical,0.39,0.12707581227436823,0.8073394495412844,0.06896551724137931,0.2833432128037937,0.5272438692573342,0.5896152370321275,0.10379488408466303,0.10379488408466303,0.031204647672757595,88,1188,21,390
with_billing_zip,CatBoost_native_depth3_lr0.03,native_categorical,0.41,0.13155833985904464,0.7706422018348624,0.07191780821917808,0.34262003556609366,0.5418483506005745,0.5896152370321275,0.10379488408466303,0.10379488408466303,0.044583071896476444,84,1084,25,494
with_billing_zip,CatBoost_native_depth3_lr0.03,native_categorical,0.43,0.1354784081287045,0.7339449541284404,0.07462686567164178,0.3947836395969176,0.5526505505749933,0.5896152370321275,0.10379488408466303,0.10379488408466303,0.05378543811099589,80,992,29,586
with_billing_zip,CatBoost_native_depth3_lr0.03,native_categorical,0.45,0.13818181818181818,0.6972477064220184,0.07669021190716448,0.43805572021339656,0.5586998988383856,0.5896152370321275,0.10379488408466303,0.10379488408466303,0.05862632211094861,76,915,33,663
with_billing_zip,CatBoost_native_depth3_lr0.03,native_categorical,0.47,0.13853658536585367,0.6513761467889908,0.07751091703056769,0.47658565500889155,0.5579440936733293,0.5896152370321275,0.10379488408466303,0.10379488408466303,0.05719143484884274,71,845,38,733
with_billing_zip,CatBoost_native_depth3_lr0.03,native_categorical,0.49,0.1414364640883978,0.5871559633027523,0.08040201005025126,0.5394190871369294,0.5616388181532773,0.5896152370321275,0.10379488408466303,0.10379488408466303,0.060709360937873776,64,732,45,846
with_billing_zip,CatBoost_native_depth3_lr0.03,native_categorical,0.51,0.14157014157014158,0.5045871559633027,0.08233532934131736,0.6046235921754594,0.5580603713910304,0.5896152370321275,0.10379488408466303,0.10379488408466303,0.058371550621656464,55,613,54,965
with_billing_zip,CatBoost_native_depth3_lr0.03,native_categorical,0.53,0.1467304625199362,0.42201834862385323,0.0888030888030888,0.6828689982216953,0.5614527738049557,0.5896152370321275,0.10379488408466303,0.10379488408466303,0.06550374029315284,46,472,63,1106
with_billing_zip,CatBoost_native_depth3_lr0.03,native_categorical,0.55,0.16521739130434782,0.3486238532110092,0.10826210826210826,0.7723770005927683,0.5751357542354159,0.5896152370321275,0.10379488408466303,0.10379488408466303,0.09100947458598165,38,313,71,1265
with_billing_zip,CatBoost_native_depth3_lr0.03,native_categorical,0.57,0.12738853503184713,0.1834862385321101,0.0975609756097561,0.8375815056312982,0.5331246148300601,0.5896152370321275,0.10379488408466303,0.10379488408466303,0.04984786347176391,20,185,89,1393
with_billing_zip,CatBoost_native_depth3_lr0.03,native_categorical,0.59,0.13100436681222707,0.13761467889908258,0.125,0.8820391227030231,0.535537377472355,0.5896152370321275,0.10379488408466303,0.10379488408466303,0.06797621801552282,15,105,94,1473
with_billing_zip,CatBoost_native_depth3_lr0.03,native_categorical,0.61,0.1317365269461078,0.10091743119266056,0.1896551724137931,0.9140486069946651,0.5355664469017802,0.5896152370321275,0.10379488408466303,0.10379488408466303,0.09597600895020086,11,47,98,1531
with_billing_zip,CatBoost_encoded_depth4_lr0.03,original,0.05,0.1217877094972067,1.0,0.06484235574063058,0.06816834617664493,0.5019011406844106,0.5514470761967885,0.07711347483005596,0.07711347483005596,0.015701875083666984,109,1572,0,6
with_billing_zip,CatBoost_encoded_depth4_lr0.03,original,0.07,0.12212885154061624,1.0,0.06503579952267304,0.07113218731475993,0.5034854245880862,0.5514470761967885,0.07711347483005596,0.07711347483005596,0.021292128816169056,109,1567,0,11
with_billing_zip,CatBoost_encoded_depth4_lr0.03,original,0.09,0.12240314430095452,1.0,0.0651913875598086,0.07350326022525193,0.5047528517110266,0.5514470761967885,0.07711347483005596,0.07711347483005596,0.0248935733838208,109,1563,0,15
with_billing_zip,CatBoost_encoded_depth4_lr0.03,original,0.11,0.12267867191896455,1.0,0.06534772182254196,0.07587433313574392,0.506020278833967,0.5514470761967885,0.07711347483005596,0.07711347483005596,0.02805036564953177,109,1559,0,19
with_billing_zip,CatBoost_encoded_depth4_lr0.03,original,0.13,0.12316384180790961,1.0,0.06562311860325105,0.08002371072910491,0.5082382762991128,0.5514470761967885,0.07711347483005596,0.07711347483005596,0.03288225608631596,109,1552,0,26
with_billing_zip,CatBoost_encoded_depth4_lr0.03,original,0.15,0.12272727272727273,0.9908256880733946,0.06541490006056935,0.08476585655008892,0.506502831362426,0.5514470761967885,0.07711347483005596,0.07711347483005596,0.022124550127494126,108,1543,1,35
with_billing_zip,CatBoost_encoded_depth4_lr0.03,original,0.17,0.12298850574712644,0.981651376146789,0.06560392397302268,0.0954356846473029,0.5079359542330903,0.5514470761967885,0.07711347483005596,0.07711347483005596,0.02178085403582522,107,1524,2,54
with_billing_zip,CatBoost_encoded_depth4_lr0.03,original,0.19,0.12180974477958237,0.963302752293578,0.06501547987616099,0.1025489033787789,0.5031976372367764,0.5514470761967885,0.07711347483005596,0.07711347483005596,0.007778098259170275,105,1510,4,68
with_billing_zip,CatBoost_encoded_depth4_lr0.03,original,0.21,0.12287887653598596,0.963302752293578,0.065625,0.1114404267931239,0.5079504889478029,0.5514470761967885,0.07711347483005596,0.07711347483005596,0.01767546975112693,105,1495,4,83
with_billing_zip,CatBoost_encoded_depth4_lr0.03,original,0.23,0.12278630460448642,0.9541284403669725,0.06561514195583597,0.11914641375222289,0.5077993279147918,0.5514470761967885,0.07711347483005596,0.07711347483005596,0.016089376151115914,104,1481,5,97
with_billing_zip,CatBoost_encoded_depth4_lr0.03,original,0.25,0.12470023980815348,0.9541284403669725,0.06670942912123155,0.13455838767042086,0.5160376042139045,0.5514470761967885,0.07711347483005596,0.07711347483005596,0.02977886858079675,104,1455,5,123
with_billing_zip,CatBoost_encoded_depth4_lr0.03,original,0.27,0.12598425196850394,0.9541284403669725,0.06744487678339818,0.14463544754001187,0.5214241694864014,0.5514470761967885,0.07711347483005596,0.07711347483005596,0.03758153818429083,104,1438,5,140
with_billing_zip,CatBoost_encoded_depth4_lr0.03,original,0.29,0.12645794966236956,0.944954128440367,0.06776315789473684,0.15649081209247184,0.5234910059185358,0.5514470761967885,0.07711347483005596,0.07711347483005596,0.038673931958616244,103,1417,6,161
with_billing_zip,CatBoost_encoded_depth4_lr0.03,original,0.31,0.127420362273579,0.9357798165137615,0.06836461126005362,0.17190278601066983,0.527458983035081,0.5514470761967885,0.07711347483005596,0.07711347483005596,0.04222595451802409,102,1390,7,188
with_billing_zip,CatBoost_encoded_depth4_lr0.03,original,0.33,0.12297734627831715,0.8715596330275229,0.06615598885793872,0.1967990515708358,0.510874873547982,0.5514470761967885,0.07711347483005596,0.07711347483005596,0.015024737015542895,95,1341,14,237
with_billing_zip,CatBoost_encoded_depth4_lr0.03,original,0.35,0.12372535690006799,0.8348623853211009,0.06681350954478708,0.23592175459395376,0.5147062243462285,0.5514470761967885,0.07711347483005596,0.07711347483005596,0.018334441990351714,91,1271,18,307
with_billing_zip,CatBoost_encoded_depth4_lr0.03,original,0.37,0.12490922294843863,0.7889908256880734,0.06782334384858044,0.2857142857142857,0.5199706980151394,0.5514470761967885,0.07711347483005596,0.07711347483005596,0.022726018213205,86,1182,23,396
with_billing_zip,CatBoost_encoded_depth4_lr0.03,original,0.39,0.13043478260869565,0.7706422018348624,0.07124681933842239,0.3360995850622407,0.5383629260124883,0.5514470761967885,0.07711347483005596,0.07711347483005596,0.04111683807485425,84,1095,25,483
with_billing_zip,CatBoost_encoded_depth4_lr0.03,original,0.41,0.1326530612244898,0.7155963302752294,0.07310215557638237,0.3953764078245406,0.5444268089905931,0.5514470761967885,0.07711347483005596,0.07711347483005596,0.04530684392148511,78,989,31,589
with_billing_zip,CatBoost_encoded_depth4_lr0.03,original,0.43,0.13247470101195952,0.6605504587155964,0.0736196319018405,0.44101956135151155,0.5432029860117906,0.5514470761967885,0.07711347483005596,0.07711347483005596,0.04303461912029576,72,906,37,672
with_billing_zip,CatBoost_encoded_depth4_lr0.03,original,0.45,0.13254203758654798,0.6146788990825688,0.07427937915742794,0.48014226437462953,0.5427640376274694,0.5514470761967885,0.07711347483005596,0.07711347483005596,0.04215386010701908,67,835,42,743
with_billing_zip,CatBoost_encoded_depth4_lr0.03,original,0.47,0.13533834586466165,0.5779816513761468,0.07664233576642336,0.5228215767634855,0.5484965291101267,0.5514470761967885,0.07711347483005596,0.07711347483005596,0.047704949328848806,63,759,46,819
with_billing_zip,CatBoost_encoded_depth4_lr0.03,original,0.49,0.13317479191438764,0.5137614678899083,0.07650273224043716,0.5678719620628334,0.5426855501680213,0.5514470761967885,0.07711347483005596,0.07711347483005596,0.042346780821985175,56,676,53,902
with_billing_zip,CatBoost_encoded_depth4_lr0.03,original,0.51,0.13445378151260504,0.44036697247706424,0.07933884297520662,0.6336692353289863,0.5436942593690771,0.5514470761967885,0.07711347483005596,0.07711347483005596,0.044795027617456684,48,557,61,1021
with_billing_zip,CatBoost_encoded_depth4_lr0.03,original,0.53,0.1267605633802817,0.3302752293577982,0.0784313725490196,0.7059869590989923,0.5311071964279486,0.5514470761967885,0.07711347483005596,0.07711347483005596,0.03436782826083317,36,423,73,1155
with_billing_zip,CatBoost_encoded_depth4_lr0.03,original,0.55,0.11926605504587157,0.23853211009174313,0.07951070336391437,0.7723770005927683,0.5238921640446041,0.5514470761967885,0.07711347483005596,0.07711347483005596,0.029717269411722654,26,301,83,1277
with_billing_zip,CatBoost_encoded_depth4_lr0.03,original,0.57,0.09146341463414634,0.13761467889908258,0.0684931506849315,0.8233550681683461,0.5041685561795793,0.5514470761967885,0.07711347483005596,0.07711347483005596,0.006098138976605456,15,204,94,1374
with_billing_zip,CatBoost_encoded_depth4_lr0.03,original,0.59,0.0847457627118644,0.09174311926605505,0.07874015748031496,0.8719620628334321,0.5087993162870199,0.5514470761967885,0.07711347483005596,0.07711347483005596,0.016397646244207875,10,117,99,1461
with_billing_zip,CatBoost_encoded_depth4_lr0.03,original,0.61,0.0851063829787234,0.07339449541284404,0.10126582278481013,0.8980438648488441,0.5142004162742293,0.5514470761967885,0.07711347483005596,0.07711347483005596,0.03304770093163012,8,71,101,1507
with_billing_zip,CatBoost_native_depth4_lr0.03,native_categorical,0.05,0.12171970965940815,1.0,0.06480380499405469,0.06757557794902193,0.5015842839036755,0.5667230613597517,0.08464972243835206,0.08464972243835206,0.014329523728931773,109,1573,0,5
with_billing_zip,CatBoost_native_depth4_lr0.03,native_categorical,0.07,0.1218557853549469,1.0,0.06488095238095239,0.06876111440426794,0.5022179974651457,0.5667230613597517,0.08464972243835206,0.08464972243835206,0.01696501033994349,109,1571,0,7
with_billing_zip,CatBoost_native_depth4_lr0.03,native_categorical,0.09,0.12199216564073867,1.0,0.06495828367103695,0.06994665085951393,0.502851711026616,0.5667230613597517,0.08464972243835206,0.08464972243835206,0.01924797411753996,109,1569,0,9
with_billing_zip,CatBoost_native_depth4_lr0.03,native_categorical,0.11,0.12247191011235956,1.0,0.06523040095751047,0.07409602845287493,0.5050697084917617,0.5667230613597517,0.08464972243835206,0.08464972243835206,0.025717663877394187,109,1562,0,16
with_billing_zip,CatBoost_native_depth4_lr0.03,native_categorical,0.13,0.12260967379077616,1.0,0.06530856800479329,0.07528156490812092,0.5057034220532319,0.5667230613597517,0.08464972243835206,0.08464972243835206,0.027294040632472715,109,1560,0,18
with_billing_zip,CatBoost_native_depth4_lr0.03,native_categorical,0.15,0.12309429700734048,1.0,0.06558363417569193,0.07943094250148192,0.5079214195183777,0.5667230613597517,0.08464972243835206,0.08464972243835206,0.032234003159566406,109,1553,0,25
with_billing_zip,CatBoost_native_depth4_lr0.03,native_categorical,0.17,0.1235827664399093,1.0,0.06586102719033232,0.08358032009484291,0.5101394169835235,0.5667230613597517,0.08464972243835206,0.08464972243835206,0.03654565412319104,109,1546,0,32
with_billing_zip,CatBoost_native_depth4_lr0.03,native_categorical,0.19,0.12249570692615913,0.981651376146789,0.06532356532356533,0.0912863070539419,0.5057179567679445,0.5667230613597517,0.08464972243835206,0.08464972243835206,0.016741047274277648,107,1531,2,47
with_billing_zip,CatBoost_native_depth4_lr0.03,native_categorical,0.21,0.11886901327178304,0.944954128440367,0.06342364532019705,0.0948429164196799,0.49053790072208464,0.5667230613597517,0.08464972243835206,0.08464972243835206,-0.024536971434772438,103,1521,6,57
with_billing_zip,CatBoost_native_depth4_lr0.03,native_categorical,0.23,0.11716937354988399,0.926605504587156,0.06253869969040247,0.0978067575577949,0.48358158626062486,0.5667230613597517,0.08464972243835206,0.08464972243835206,-0.03993699906163065,101,1514,8,64
with_billing_zip,CatBoost_native_depth4_lr0.03,native_categorical,0.25,0.11833626244874049,0.926605504587156,0.06320400500625782,0.1078838174273859,0.48896815153312173,0.5667230613597517,0.08464972243835206,0.08464972243835206,-0.024263957746195847,101,1497,8,81
with_billing_zip,CatBoost_native_depth4_lr0.03,native_categorical,0.27,0.11869436201780416,0.9174311926605505,0.06345177664974619,0.11973918197984589,0.49103498796525624,0.5667230613597517,0.08464972243835206,0.08464972243835206,-0.017779028454394195,100,1476,9,102
with_billing_zip,CatBoost_native_depth4_lr0.03,native_categorical,0.29,0.12070006035003017,0.9174311926605505,0.06459948320413436,0.13633669235328985,0.49990697782583926,0.5667230613597517,0.08464972243835206,0.08464972243835206,-0.0001663375696016919,100,1448,9,130
with_billing_zip,CatBoost_native_depth4_lr0.03,native_categorical,0.31,0.12275263484190949,0.908256880733945,0.06582446808510638,0.16123295791345585,0.5089446634341461,0.5667230613597517,0.08464972243835206,0.08464972243835206,0.014142014716583613,99,1405,10,173
with_billing_zip,CatBoost_native_depth4_lr0.03,native_categorical,0.33,0.1240506329113924,0.8990825688073395,0.06662134602311352,0.17960877296976882,0.5144969244543668,0.5667230613597517,0.08464972243835206,0.08464972243835206,0.021332384743787052,98,1373,11,205
with_billing_zip,CatBoost_native_depth4_lr0.03,native_categorical,0.35,0.12648221343873517,0.8807339449541285,0.06813342796309439,0.21398933017190278,0.5243340193718677,0.5667230613597517,0.08464972243835206,0.08464972243835206,0.032250221293431,96,1313,13,265
with_billing_zip,CatBoost_native_depth4_lr0.03,native_categorical,0.37,0.129304286718201,0.8440366972477065,0.0700152207001522,0.26556016597510373,0.5348193625655516,0.5667230613597517,0.08464972243835206,0.08464972243835206,0.04125394277531576,92,1222,17,356
with_billing_zip,CatBoost_native_depth4_lr0.03,native_categorical,0.39,0.13445378151260504,0.8073394495412844,0.07333333333333333,0.32839359810314167,0.5513249845932024,0.5667230613597517,0.08464972243835206,0.08464972243835206,0.055689134476661524,88,1112,21,466
with_billing_zip,CatBoost_native_depth4_lr0.03,native_categorical,0.41,0.13212221304706853,0.7339449541284404,0.07259528130671507,0.3770005927682276,0.5431448471529401,0.5667230613597517,0.08464972243835206,0.08464972243835206,0.04457146906317276,80,1022,29,556
with_billing_zip,CatBoost_native_depth4_lr0.03,native_categorical,0.43,0.13405797101449277,0.6788990825688074,0.0743718592964824,0.4333135743924126,0.5476244462273695,0.5667230613597517,0.08464972243835206,0.08464972243835206,0.047606044172815346,74,921,35,657
with_billing_zip,CatBoost_native_depth4_lr0.03,native_categorical,0.45,0.1376597836774828,0.6422018348623854,0.07709251101321586,0.48014226437462953,0.5555749351751724,0.5667230613597517,0.08464972243835206,0.08464972243835206,0.05481053683886258,70,838,39,740
with_billing_zip,CatBoost_native_depth4_lr0.03,native_categorical,0.47,0.13933547695605572,0.5963302752293578,0.07888349514563107,0.5240071132187315,0.5576708410367321,0.5667230613597517,0.08464972243835206,0.08464972243835206,0.056726243558655035,65,759,44,819
with_billing_zip,CatBoost_native_depth4_lr0.03,native_categorical,0.49,0.14153132250580047,0.5596330275229358,0.08100929614873838,0.5613515115589804,0.5605516214927733,0.5667230613597517,0.08464972243835206,0.08464972243835206,0.05988962521727453,61,692,48,886
with_billing_zip,CatBoost_native_depth4_lr0.03,native_categorical,0.51,0.1392235609103079,0.47706422018348627,0.08150470219435736,0.6188500296384114,0.55285403658097,0.5667230613597517,0.08464972243835206,0.08464972243835206,0.05358914419967548,52,586,57,992
with_billing_zip,CatBoost_native_depth4_lr0.03,native_categorical,0.53,0.13036020583190394,0.3486238532110092,0.08016877637130802,0.6994665085951393,0.5361623702049976,0.5667230613597517,0.08464972243835206,0.08464972243835206,0.039557975821328854,38,436,71,1142
with_billing_zip,CatBoost_native_depth4_lr0.03,native_categorical,0.55,0.12009237875288684,0.23853211009174313,0.08024691358024691,0.7741553052756373,0.5248427343868094,0.5667230613597517,0.08464972243835206,0.08464972243835206,0.031008139347655443,26,298,83,1280
with_billing_zip,CatBoost_native_depth4_lr0.03,native_categorical,0.57,0.12297734627831715,0.1743119266055046,0.095,0.8393598103141672,0.5298048859896978,0.5667230613597517,0.08464972243835206,0.08464972243835206,0.04533292344309585,19,181,90,1397
with_billing_zip,CatBoost_native_depth4_lr0.03,native_categorical,0.59,0.09259259259259259,0.09174311926605505,0.09345794392523364,0.8838174273858921,0.5151364519017221,0.5667230613597517,0.08464972243835206,0.08464972243835206,0.030535173848799696,10,97,99,1481
with_billing_zip,CatBoost_native_depth4_lr0.03,native_categorical,0.61,0.05847953216374269,0.045871559633027525,0.08064516129032258,0.9045643153526971,0.5048749433146126,0.5667230613597517,0.08464972243835206,0.08464972243835206,0.012739247839092138,5,57,104,1521
without_billing_zip,LogisticRegression_SMOTE_C0.1,resampled,0.05,0.12211981566820276,0.9724770642201835,0.06515058389674247,0.09662122110254891,0.5042993686119929,0.5922983453680771,0.1000258049048958,0.1000258049048958,0.011413846403296254,106,1521,3,57
without_billing_zip,LogisticRegression_SMOTE_C0.1,resampled,0.07,0.12071967498549042,0.9541284403669725,0.0644361833952912,0.1019561351511559,0.49861048127347357,0.5922983453680771,0.1000258049048958,0.1000258049048958,-0.0033577468701081093,104,1510,5,68
without_billing_zip,LogisticRegression_SMOTE_C0.1,resampled,0.09,0.12185120093731693,0.9541284403669725,0.06508135168961202,0.1114404267931239,0.5036801897652353,0.5922983453680771,0.1000258049048958,0.1000258049048958,0.008094379580153872,104,1494,5,84
without_billing_zip,LogisticRegression_SMOTE_C0.1,resampled,0.11,0.12232779097387174,0.944954128440367,0.0653968253968254,0.12388855957320688,0.5060638829781049,0.5922983453680771,0.1000258049048958,0.1000258049048958,0.011975627125028534,103,1472,6,106
without_billing_zip,LogisticRegression_SMOTE_C0.1,resampled,0.13,0.12200956937799043,0.9357798165137615,0.06525911708253358,0.12981624184943688,0.5049621516028884,0.5922983453680771,0.1000258049048958,0.1000258049048958,0.009349242854990756,102,1461,7,117
without_billing_zip,LogisticRegression_SMOTE_C0.1,resampled,0.15,0.12227602905569007,0.926605504587156,0.06545690213869086,0.14048606994665086,0.5063952744735526,0.5922983453680771,0.1000258049048958,0.1000258049048958,0.011253606449216429,101,1442,8,136
without_billing_zip,LogisticRegression_SMOTE_C0.1,resampled,0.17,0.12257281553398058,0.926605504587156,0.06562703053931124,0.14285714285714285,0.5076627015964931,0.5922983453680771,0.1000258049048958,0.1000258049048958,0.01331767737931483,101,1438,8,140
without_billing_zip,LogisticRegression_SMOTE_C0.1,resampled,0.19,0.12254901960784313,0.9174311926605505,0.06565988181221274,0.15115589804386484,0.5078283973442169,0.5922983453680771,0.1000258049048958,0.1000258049048958,0.012992649696758996,100,1423,9,155
without_billing_zip,LogisticRegression_SMOTE_C0.1,resampled,0.21,0.12523481527864747,0.9174311926605505,0.06720430107526881,0.17190278601066983,0.5189183846699457,0.5922983453680771,0.1000258049048958,0.1000258049048958,0.028837180249985116,100,1388,9,190
without_billing_zip,LogisticRegression_SMOTE_C0.1,resampled,0.23,0.1279896574014221,0.908256880733945,0.06884561891515995,0.2003556609365738,0.5298572109626632,0.5922983453680771,0.1000258049048958,0.1000258049048958,0.04138727800153209,99,1339,10,239
without_billing_zip,LogisticRegression_SMOTE_C0.1,resampled,0.25,0.1307011572498298,0.8807339449541285,0.07058823529411765,0.24303497332542975,0.539860001627888,0.5922983453680771,0.1000258049048958,0.1000258049048958,0.049578196638708,96,1264,13,314
without_billing_zip,LogisticRegression_SMOTE_C0.1,resampled,0.27,0.13136531365313653,0.8165137614678899,0.07142857142857142,0.3023117960877297,0.5416535854234253,0.5922983453680771,0.1000258049048958,0.1000258049048958,0.04660911088075746,89,1157,20,421
without_billing_zip,LogisticRegression_SMOTE_C0.1,resampled,0.29,0.13160032493907392,0.7431192660550459,0.07219251336898395,0.3663307646710136,0.5417117242822758,0.5922983453680771,0.1000258049048958,0.1000258049048958,0.043454447734309704,81,1041,28,537
without_billing_zip,LogisticRegression_SMOTE_C0.1,resampled,0.31,0.13743218806509946,0.6972477064220184,0.07622868605817452,0.4344991108476586,0.556798758153975,0.5922983453680771,0.1000258049048958,0.1000258049048958,0.05680197808737092,76,921,33,657
without_billing_zip,LogisticRegression_SMOTE_C0.1,resampled,0.33,0.14784394250513347,0.6605504587155964,0.08323699421965318,0.5080023710729105,0.5790078022348577,0.5922983453680771,0.1000258049048958,0.1000258049048958,0.07771820522740404,72,793,37,785
without_billing_zip,LogisticRegression_SMOTE_C0.1,resampled,0.35,0.14575866188769415,0.5596330275229358,0.08379120879120878,0.5761707172495554,0.568473041011151,0.5922983453680771,0.1000258049048958,0.1000258049048958,0.06797377144727994,61,667,48,911
without_billing_zip,LogisticRegression_SMOTE_C0.1,resampled,0.37,0.15083798882681565,0.4954128440366973,0.08896210873146623,0.6395969176052163,0.572484622271834,0.5922983453680771,0.1000258049048958,0.1000258049048958,0.0742568292256277,54,553,55,1025
without_billing_zip,LogisticRegression_SMOTE_C0.1,resampled,0.39,0.14545454545454545,0.4036697247706422,0.08870967741935484,0.6935388263189093,0.5586155974930525,0.5922983453680771,0.1000258049048958,0.1000258049048958,0.06325767438054847,44,452,65,1126
without_billing_zip,LogisticRegression_SMOTE_C0.1,resampled,0.41,0.14671814671814673,0.3486238532110092,0.09290953545232274,0.7379964433906343,0.5567580609527796,0.5922983453680771,0.1000258049048958,0.1000258049048958,0.06511742420903358,38,371,71,1207
without_billing_zip,LogisticRegression_SMOTE_C0.1,resampled,0.43,0.1504424778761062,0.3119266055045872,0.09912536443148688,0.7723770005927683,0.5580545575051453,0.5922983453680771,0.1000258049048958,0.1000258049048958,0.0709228809780561,34,309,75,1269
without_billing_zip,LogisticRegression_SMOTE_C0.1,resampled,0.45,0.14634146341463414,0.27522935779816515,0.09966777408637874,0.7925311203319502,0.5517464913198684,0.5922983453680771,0.1000258049048958,0.1000258049048958,0.06645272412265049,30,271,79,1307
without_billing_zip,LogisticRegression_SMOTE_C0.1,resampled,0.47,0.14893617021276595,0.25688073394495414,0.10486891385767791,0.8103141671606402,0.5527115963767864,0.5922983453680771,0.1000258049048958,0.1000258049048958,0.07100731815397536,28,239,81,1339
without_billing_zip,LogisticRegression_SMOTE_C0.1,resampled,0.49,0.13953488372093023,0.22018348623853212,0.10212765957446808,0.8245406046235921,0.5432349623841584,0.5922983453680771,0.1000258049048958,0.1000258049048958,0.061392396991927556,24,211,85,1367
without_billing_zip,LogisticRegression_SMOTE_C0.1,resampled,0.51,0.1342281879194631,0.1834862385321101,0.10582010582010581,0.8470657972732661,0.5381943233218218,0.5922983453680771,0.1000258049048958,0.1000258049048958,0.0595399897383083,20,169,89,1409
without_billing_zip,LogisticRegression_SMOTE_C0.1,resampled,0.53,0.14615384615384616,0.1743119266055046,0.12582781456953643,0.8684054534676942,0.5453308682457181,0.5922983453680771,0.1000258049048958,0.1000258049048958,0.07807404847483904,19,132,90,1446
without_billing_zip,LogisticRegression_SMOTE_C0.1,resampled,0.55,0.1459227467811159,0.1559633027522936,0.13709677419354838,0.8820391227030231,0.5440779758374903,0.5922983453680771,0.1000258049048958,0.1000258049048958,0.0830477852432483,17,107,92,1471
without_billing_zip,LogisticRegression_SMOTE_C0.1,resampled,0.57,0.1320754716981132,0.12844036697247707,0.13592233009708737,0.8909306461173682,0.5360199300008139,0.5922983453680771,0.1000258049048958,0.1000258049048958,0.07396792020582595,14,89,95,1489
without_billing_zip,LogisticRegression_SMOTE_C0.1,resampled,0.59,0.13114754098360656,0.11009174311926606,0.16216216216216217,0.9057498518079431,0.5354007511540564,0.5922983453680771,0.1000258049048958,0.1000258049048958,0.08499163379189749,12,62,97,1516
without_billing_zip,LogisticRegression_SMOTE_C0.1,resampled,0.61,0.13580246913580246,0.10091743119266056,0.20754716981132076,0.91701244813278,0.5371507308054557,0.5922983453680771,0.1000258049048958,0.1000258049048958,0.10471288964957295,11,42,98,1536
without_billing_zip,LogisticRegression_SMOTE_C1.0,resampled,0.05,0.12152777777777778,0.963302752293578,0.06485484867201977,0.1001778304682869,0.5019302101138359,0.5959669073615423,0.10005835591236799,0.10005835591236799,0.004825290340677437,105,1514,4,64
without_billing_zip,LogisticRegression_SMOTE_C1.0,resampled,0.07,0.12128279883381925,0.9541284403669725,0.0647571606475716,0.10669828097213989,0.5011453355193545,0.5959669073615423,0.10005835591236799,0.10005835591236799,0.0026339904347831436,104,1502,5,76
without_billing_zip,LogisticRegression_SMOTE_C1.0,resampled,0.09,0.12225519287833828,0.944954128440367,0.06535532994923858,0.12329579134558388,0.5057470261973698,0.5959669073615423,0.10005835591236799,0.10005835591236799,0.011397256567554253,103,1473,6,105
without_billing_zip,LogisticRegression_SMOTE_C1.0,resampled,0.11,0.12208258527827648,0.9357798165137615,0.06530089628681178,0.13040901007705988,0.5052790083836235,0.5959669073615423,0.10005835591236799,0.10005835591236799,0.009909541813150754,102,1460,7,118
without_billing_zip,LogisticRegression_SMOTE_C1.0,resampled,0.13,0.12235009085402786,0.926605504587156,0.0654993514915694,0.14107883817427386,0.5067121312542877,0.5959669073615423,0.10005835591236799,0.10005835591236799,0.011774188828701158,101,1441,8,137
without_billing_zip,LogisticRegression_SMOTE_C1.0,resampled,0.15,0.12294583079732198,0.926605504587156,0.06584093872229466,0.14582098399525786,0.5092469855001686,0.5959669073615423,0.10005835591236799,0.10005835591236799,0.01583210004199132,101,1433,8,145
without_billing_zip,LogisticRegression_SMOTE_C1.0,resampled,0.17,0.1224739742804654,0.9174311926605505,0.06561679790026247,0.15056312981624184,0.5075115405634818,0.5959669073615423,0.10005835591236799,0.10005835591236799,0.012500848019166852,100,1424,9,154
without_billing_zip,LogisticRegression_SMOTE_C1.0,resampled,0.19,0.12345679012345678,0.9174311926605505,0.06618133686300463,0.15826911677534083,0.5116306787130382,0.5959669073615423,0.10005835591236799,0.10005835591236799,0.018707391579016214,100,1411,9,167
without_billing_zip,LogisticRegression_SMOTE_C1.0,resampled,0.21,0.12531328320802004,0.9174311926605505,0.06724949562878278,0.17249555423829283,0.5192352414506808,0.5959669073615423,0.10005835591236799,0.10005835591236799,0.029256603376861916,100,1387,9,191
without_billing_zip,LogisticRegression_SMOTE_C1.0,resampled,0.23,0.12807244501940493,0.908256880733945,0.06889352818371608,0.2009484291641968,0.5301740677433984,0.5959669073615423,0.10005835591236799,0.10005835591236799,0.04175728144315043,99,1338,10,240
without_billing_zip,LogisticRegression_SMOTE_C1.0,resampled,0.25,0.12942779291553133,0.8715596330275229,0.06990434142752024,0.24244220509780676,0.5352728456645853,0.5959669073615423,0.10005835591236799,0.10005835591236799,0.043821838297721606,95,1264,14,314
without_billing_zip,LogisticRegression_SMOTE_C1.0,resampled,0.27,0.1326219512195122,0.7981651376146789,0.07231920199501247,0.3254297569650267,0.5454704015069592,0.5959669073615423,0.10005835591236799,0.10005835591236799,0.049427658638490926,87,1116,22,462
without_billing_zip,LogisticRegression_SMOTE_C1.0,resampled,0.29,0.1353637901861252,0.7339449541284404,0.07455731593662628,0.3941908713692946,0.5523336937942582,0.5959669073615423,0.10005835591236799,0.10005835591236799,0.05348033099941972,80,993,29,585
without_billing_zip,LogisticRegression_SMOTE_C1.0,resampled,0.31,0.13825757575757575,0.6697247706422018,0.07708553326293559,0.4605809128630705,0.5579295589586167,0.5959669073615423,0.10005835591236799,0.10005835591236799,0.057399236647584735,73,874,36,704
without_billing_zip,LogisticRegression_SMOTE_C1.0,resampled,0.33,0.1513859275053305,0.6513761467889908,0.0856453558504222,0.5281564908120925,0.5855106335972837,0.5959669073615423,0.10005835591236799,0.10005835591236799,0.08409999292342533,71,758,38,820
without_billing_zip,LogisticRegression_SMOTE_C1.0,resampled,0.35,0.15121951219512195,0.5688073394495413,0.08720112517580872,0.5874333135743924,0.5787636190276857,0.5959669073615423,0.10005835591236799,0.10005835591236799,0.07842647542183198,62,649,47,929
without_billing_zip,LogisticRegression_SMOTE_C1.0,resampled,0.37,0.15647226173541964,0.5045871559633027,0.09259259259259259,0.6484884410195614,0.5815077731654283,0.5959669073615423,0.10005835591236799,0.10005835591236799,0.08390589393840066,55,539,54,1039
without_billing_zip,LogisticRegression_SMOTE_C1.0,resampled,0.39,0.14910858995137763,0.42201834862385323,0.09055118110236221,0.6887966804979253,0.5646213416123069,0.5959669073615423,0.10005835591236799,0.10005835591236799,0.06926023417473745,46,462,63,1116
without_billing_zip,LogisticRegression_SMOTE_C1.0,resampled,0.41,0.14048059149722736,0.3486238532110092,0.08796296296296297,0.7243627741553053,0.5494703549958722,0.5959669073615423,0.10005835591236799,0.10005835591236799,0.05572858737875198,38,394,71,1184
without_billing_zip,LogisticRegression_SMOTE_C1.0,resampled,0.43,0.15021459227467812,0.3211009174311927,0.09803921568627451,0.7652637818612922,0.5585225753188916,0.5959669073615423,0.10005835591236799,0.10005835591236799,0.07044663364257411,35,322,74,1256
without_billing_zip,LogisticRegression_SMOTE_C1.0,resampled,0.45,0.14903846153846154,0.28440366972477066,0.10097719869706841,0.7901600474214582,0.5547493633794955,0.5959669073615423,0.10005835591236799,0.10005835591236799,0.06976973713604055,31,276,78,1302
without_billing_zip,LogisticRegression_SMOTE_C1.0,resampled,0.47,0.13953488372093023,0.24770642201834864,0.09712230215827339,0.8026081802015412,0.5443221590446623,0.5959669073615423,0.10005835591236799,0.10005835591236799,0.058740786532187596,27,251,82,1327
without_billing_zip,LogisticRegression_SMOTE_C1.0,resampled,0.49,0.12921348314606743,0.21100917431192662,0.0931174089068826,0.8162418494368702,0.5345286682712992,0.5959669073615423,0.10005835591236799,0.10005835591236799,0.04802273051155557,23,224,86,1354
without_billing_zip,LogisticRegression_SMOTE_C1.0,resampled,0.51,0.1419753086419753,0.21100917431192662,0.10697674418604651,0.8352104327208062,0.5446680852548226,0.5959669073615423,0.10005835591236799,0.10005835591236799,0.06585988157959662,23,192,86,1386
without_billing_zip,LogisticRegression_SMOTE_C1.0,resampled,0.53,0.15272727272727274,0.1926605504587156,0.12650602409638553,0.8618850029638412,0.5503860420227672,0.5959669073615423,0.10005835591236799,0.10005835591236799,0.08317414354257699,21,145,88,1433
without_billing_zip,LogisticRegression_SMOTE_C1.0,resampled,0.55,0.14049586776859505,0.1559633027522936,0.12781954887218044,0.8767042086544161,0.5412262648108743,0.5959669073615423,0.10005835591236799,0.10005835591236799,0.07521758836599124,17,116,92,1462
without_billing_zip,LogisticRegression_SMOTE_C1.0,resampled,0.57,0.14678899082568808,0.14678899082568808,0.14678899082568808,0.8897451096621221,0.543926814804479,0.5959669073615423,0.10005835591236799,0.10005835591236799,0.08785362960895804,16,93,93,1485
without_billing_zip,LogisticRegression_SMOTE_C1.0,resampled,0.59,0.13978494623655913,0.11926605504587157,0.16883116883116883,0.9051570835803201,0.5393541935558889,0.5959669073615423,0.10005835591236799,0.10005835591236799,0.09271061473407012,13,64,96,1514
without_billing_zip,LogisticRegression_SMOTE_C1.0,resampled,0.61,0.1411764705882353,0.11009174311926606,0.19672131147540983,0.9134558387670421,0.5395198893036128,0.5959669073615423,0.10005835591236799,0.10005835591236799,0.10408479121309684,12,49,97,1529
without_billing_zip,LogisticRegression_balanced_C0.1,original,0.05,0.12100840336134454,0.9908256880733946,0.06443914081145585,0.06994665085951393,0.49858141184404836,0.5939378611876606,0.10208286864655666,0.10208286864655666,-0.008666020735855297,108,1568,1,10
without_billing_zip,LogisticRegression_balanced_C0.1,original,0.07,0.12100840336134454,0.9908256880733946,0.06443914081145585,0.06994665085951393,0.49858141184404836,0.5939378611876606,0.10208286864655666,0.10208286864655666,-0.008666020735855297,108,1568,1,10
without_billing_zip,LogisticRegression_balanced_C0.1,original,0.09,0.12121212121212122,0.9908256880733946,0.06455469216975493,0.07172495554238292,0.49953198218625366,0.5939378611876606,0.10208286864655666,0.10208286864655666,-0.002536571679518515,108,1565,1,13
without_billing_zip,LogisticRegression_balanced_C0.1,original,0.11,0.12022471910112359,0.981651376146789,0.06403351286654697,0.07172495554238292,0.495261683003686,0.5939378611876606,0.10208286864655666,0.10208286864655666,-0.02403657805054617,107,1564,2,14
without_billing_zip,LogisticRegression_balanced_C0.1,original,0.13,0.12076749435665914,0.981651376146789,0.06434155141310884,0.07646710136336693,0.49779653724956685,0.5939378611876606,0.10208286864655666,0.10208286864655666,-0.009148517259705436,107,1556,2,22
without_billing_zip,LogisticRegression_balanced_C0.1,original,0.15,0.12124645892351275,0.981651376146789,0.0646135265700483,0.08061647895672792,0.5000145347147126,0.5939378611876606,0.10208286864655666,0.10208286864655666,5.320987550244399e-05,107,1549,2,29
without_billing_zip,LogisticRegression_balanced_C0.1,original,0.17,0.1217985202048947,0.981651376146789,0.06492718446601942,0.08535862477771192,0.5025493889605935,0.5939378611876606,0.10208286864655666,0.10208286864655666,0.00834107330084518,107,1541,2,37
without_billing_zip,LogisticRegression_balanced_C0.1,original,0.19,0.12183908045977011,0.9724770642201835,0.06499080318822809,0.0942501481920569,0.5030319414890525,0.5939378611876606,0.10208286864655666,0.10208286864655666,0.008321403208558866,106,1525,3,53
without_billing_zip,LogisticRegression_balanced_C0.1,original,0.21,0.12219020172910663,0.9724770642201835,0.06519065190651907,0.0972139893301719,0.504616225392728,0.5939378611876606,0.10208286864655666,0.10208286864655666,0.012157899848944302,106,1520,3,58
without_billing_zip,LogisticRegression_balanced_C0.1,original,0.23,0.12117714945181765,0.963302752293578,0.06465517241379311,0.0972139893301719,0.5003459262101604,0.5939378611876606,0.10208286864655666,0.10208286864655666,0.0008970505685830783,105,1519,4,59
without_billing_zip,LogisticRegression_balanced_C0.1,original,0.25,0.12093023255813953,0.9541284403669725,0.06455617628801986,0.1037344398340249,0.49956105161567893,0.5939378611876606,0.10208286864655666,0.10208286864655666,-0.0010405324593162162,104,1507,5,71
without_billing_zip,LogisticRegression_balanced_C0.1,original,0.27,0.12039742840444184,0.944954128440367,0.06429463171036205,0.1078838174273859,0.497508749898257,0.5939378611876606,0.10208286864655666,0.10208286864655666,-0.005599810812583094,103,1499,6,79
without_billing_zip,LogisticRegression_balanced_C0.1,original,0.29,0.1214622641509434,0.944954128440367,0.06490233144297416,0.11677534084173088,0.5022616016092836,0.5939378611876606,0.10208286864655666,0.10208286864655666,0.004708953319087381,103,1484,6,94
without_billing_zip,LogisticRegression_balanced_C0.1,original,0.31,0.12240047534165181,0.944954128440367,0.06543837357052097,0.12448132780082988,0.50638073975884,0.5939378611876606,0.10208286864655666,0.10208286864655666,0.012549493282033567,103,1471,6,107
without_billing_zip,LogisticRegression_balanced_C0.1,original,0.33,0.12379807692307693,0.944954128440367,0.06623794212218649,0.13574392412566685,0.5124010185928071,0.5939378611876606,0.10208286864655666,0.10208286864655666,0.02270397711843019,103,1452,6,126
without_billing_zip,LogisticRegression_balanced_C0.1,original,0.35,0.12469437652811736,0.9357798165137615,0.06679764243614932,0.15115589804386484,0.5163689957093522,0.5939378611876606,0.10208286864655666,0.10208286864655666,0.027468773549178063,102,1425,7,153
without_billing_zip,LogisticRegression_balanced_C0.1,original,0.37,0.1260239445494644,0.9174311926605505,0.06765899864682003,0.17783046828689983,0.5220869524772969,0.5939378611876606,0.10208286864655666,0.10208286864655666,0.03296265467677359,100,1378,9,200
without_billing_zip,LogisticRegression_balanced_C0.1,original,0.39,0.12671456564337036,0.8899082568807339,0.06821378340365682,0.2074688796680498,0.5251188939663493,0.5939378611876606,0.10208286864655666,0.10208286864655666,0.0339409912330321,97,1325,12,253
without_billing_zip,LogisticRegression_balanced_C0.1,original,0.41,0.12863070539419086,0.8532110091743119,0.06955871353777113,0.25311203319502074,0.5324356693526819,0.5939378611876606,0.10208286864655666,0.10208286864655666,0.03932963200403641,93,1244,16,334
without_billing_zip,LogisticRegression_balanced_C0.1,original,0.43,0.133630289532294,0.8256880733944955,0.07269789983844911,0.3082394783639597,0.549092452413344,0.5939378611876606,0.10208286864655666,0.10208286864655666,0.05461701729164693,90,1148,19,430
without_billing_zip,LogisticRegression_balanced_C0.1,original,0.45,0.13980263157894737,0.7798165137614679,0.07678410117434507,0.3799644339063426,0.5660806269694538,0.5939378611876606,0.10208286864655666,0.10208286864655666,0.06840425097516799,85,1022,24,556
without_billing_zip,LogisticRegression_balanced_C0.1,original,0.47,0.1478743068391867,0.7339449541284404,0.08221993833504625,0.45346769413159455,0.584019371867769,0.5939378611876606,0.10208286864655666,0.10208286864655666,0.0836123920896716,80,893,29,685
without_billing_zip,LogisticRegression_balanced_C0.1,original,0.49,0.1439153439153439,0.6238532110091743,0.08133971291866028,0.5204505038529935,0.5685805979000245,0.5939378611876606,0.10208286864655666,0.10208286864655666,0.06744194588364032,68,768,41,810
without_billing_zip,LogisticRegression_balanced_C0.1,original,0.51,0.14285714285714285,0.5137614678899083,0.08296296296296296,0.6016597510373444,0.5607463866699225,0.5939378611876606,0.10208286864655666,0.10208286864655666,0.060964224211444866,56,619,53,959
without_billing_zip,LogisticRegression_balanced_C0.1,original,0.53,0.14469453376205788,0.41284403669724773,0.08771929824561403,0.6846473029045643,0.5581330449645935,0.5939378611876606,0.10208286864655666,0.10208286864655666,0.06213368117768715,45,468,64,1110
without_billing_zip,LogisticRegression_balanced_C0.1,original,0.55,0.13034623217922606,0.29357798165137616,0.08376963350785341,0.7468879668049793,0.5358891175684004,0.5939378611876606,0.10208286864655666,0.10208286864655666,0.04216213426504783,32,350,77,1228
without_billing_zip,LogisticRegression_balanced_C0.1,original,0.57,0.13953488372093023,0.24770642201834864,0.09712230215827339,0.8026081802015412,0.5443221590446623,0.5939378611876606,0.10208286864655666,0.10208286864655666,0.058740786532187596,27,251,82,1327
without_billing_zip,LogisticRegression_balanced_C0.1,original,0.59,0.14067278287461774,0.21100917431192662,0.10550458715596331,0.8334321280379372,0.5437175149126173,0.5939378611876606,0.10208286864655666,0.10208286864655666,0.06407860761149575,23,195,86,1383
without_billing_zip,LogisticRegression_balanced_C0.1,original,0.61,0.13584905660377358,0.1651376146788991,0.11538461538461539,0.8642560758743332,0.5388425715980047,0.5939378611876606,0.10208286864655666,0.10208286864655666,0.06592571133176058,18,138,91,1440
without_billing_zip,LogisticRegression_balanced_C1.0,original,0.05,0.12128017967434025,0.9908256880733946,0.0645933014354067,0.07231772377000593,0.4998488389669888,0.592775084010651,0.10050693817488285,0.10050693817488285,-0.0007917222115955239,108,1564,1,14
without_billing_zip,LogisticRegression_balanced_C1.0,original,0.07,0.12155317951603826,0.9908256880733946,0.06474820143884892,0.07468879668049792,0.5011162660899292,0.592775084010651,0.10050693817488285,0.10050693817488285,0.005201033514930082,108,1560,1,18
without_billing_zip,LogisticRegression_balanced_C1.0,original,0.09,0.12063134160090191,0.981651376146789,0.06426426426426426,0.07528156490812092,0.49716282368809667,0.592775084010651,0.10050693817488285,0.10050693817488285,-0.012296021388357567,107,1558,2,20
without_billing_zip,LogisticRegression_balanced_C1.0,original,0.11,0.12097230073487847,0.981651376146789,0.06445783132530121,0.07824540604623592,0.4987471075917722,0.592775084010651,0.10050693817488285,0.10050693817488285,-0.0049087916100835375,107,1553,2,25
without_billing_zip,LogisticRegression_balanced_C1.0,original,0.13,0.12124645892351275,0.981651376146789,0.0646135265700483,0.08061647895672792,0.5000145347147126,0.592775084010651,0.10050693817488285,0.10050693817488285,5.320987550244399e-05,107,1549,2,29
without_billing_zip,LogisticRegression_balanced_C1.0,original,0.15,0.12214611872146118,0.981651376146789,0.06512477175897748,0.08832246591582692,0.504133672864269,0.592775084010651,0.10050693817488285,0.10050693817488285,0.012752276715054559,107,1536,2,42
without_billing_zip,LogisticRegression_balanced_C1.0,original,0.17,0.12228571428571429,0.981651376146789,0.06520414381474711,0.08950800237107291,0.5047673864257393,0.592775084010651,0.10050693817488285,0.10050693817488285,0.01439275369344308,107,1534,2,44
without_billing_zip,LogisticRegression_balanced_C1.0,original,0.19,0.12256586483390607,0.981651376146789,0.06536346976175932,0.09187907528156491,0.5060348135486796,0.592775084010651,0.10050693817488285,0.10050693817488285,0.01749650313404322,107,1530,2,48
without_billing_zip,LogisticRegression_balanced_C1.0,original,0.21,0.12124711316397228,0.963302752293578,0.06469500924214418,0.0978067575577949,0.5006627829908955,0.592775084010651,0.10050693817488285,0.10050693817488285,0.0017057636357663878,105,1518,4,60
without_billing_zip,LogisticRegression_balanced_C1.0,original,0.23,0.12152777777777778,0.963302752293578,0.06485484867201977,0.1001778304682869,0.5019302101138359,0.592775084010651,0.10050693817488285,0.10050693817488285,0.004825290340677437,105,1514,4,64
without_billing_zip,LogisticRegression_balanced_C1.0,original,0.25,0.12025685931115003,0.944954128440367,0.064214463840399,0.10669828097213989,0.49687503633678676,0.592775084010651,0.10050693817488285,0.10050693817488285,-0.007103959677277785,103,1501,6,77
without_billing_zip,LogisticRegression_balanced_C1.0,original,0.27,0.12139068945197407,0.944954128440367,0.06486146095717885,0.11618257261410789,0.5019447448285485,0.592775084010651,0.10050693817488285,0.10050693817488285,0.00406833327696753,103,1485,6,93
without_billing_zip,LogisticRegression_balanced_C1.0,original,0.29,0.12247324613555291,0.944954128440367,0.06547997457088366,0.12507409602845287,0.5066975965395751,0.592775084010651,0.10050693817488285,0.10050693817488285,0.01311894584691528,103,1470,6,108
without_billing_zip,LogisticRegression_balanced_C1.0,original,0.31,0.12320574162679426,0.944954128440367,0.06589891234804862,0.13100177830468288,0.5098661643469262,0.592775084010651,0.10050693817488285,0.10050693817488285,0.01858894566481466,103,1460,6,118
without_billing_zip,LogisticRegression_balanced_C1.0,original,0.33,0.12402167369054787,0.944954128440367,0.0663659793814433,0.13752222880853587,0.5133515889350124,0.592775084010651,0.10050693817488285,0.10050693817488285,0.024194516870701153,103,1449,6,129
without_billing_zip,LogisticRegression_balanced_C1.0,original,0.35,0.12477064220183487,0.9357798165137615,0.06684141546526867,0.15174866627148784,0.5166858524900874,0.592775084010651,0.10050693817488285,0.10050693817488285,0.027922541119569103,102,1424,7,154
without_billing_zip,LogisticRegression_balanced_C1.0,original,0.37,0.125,0.908256880733945,0.0671186440677966,0.17842323651452283,0.5181335100754643,0.592775084010651,0.10050693817488285,0.10050693817488285,0.02689767126024984,99,1376,10,202
without_billing_zip,LogisticRegression_balanced_C1.0,original,0.39,0.12648221343873517,0.8807339449541285,0.06813342796309439,0.21398933017190278,0.5243340193718677,0.592775084010651,0.10050693817488285,0.10050693817488285,0.032250221293431,96,1313,13,265
without_billing_zip,LogisticRegression_balanced_C1.0,original,0.41,0.1306179775280899,0.8532110091743119,0.07072243346007605,0.26615293420272673,0.5394065185288544,0.592775084010651,0.10050693817488285,0.10050693817488285,0.04673373218144964,93,1222,16,356
without_billing_zip,LogisticRegression_balanced_C1.0,original,0.43,0.13149847094801223,0.7889908256880734,0.07172643869891576,0.3266152934202727,0.5418338158858618,0.592775084010651,0.10050693817488285,0.10050693817488285,0.04536330856452378,86,1113,23,465
without_billing_zip,LogisticRegression_balanced_C1.0,original,0.45,0.13898305084745763,0.7522935779816514,0.0765639589169001,0.3977474807350326,0.5627754328438042,0.592775084010651,0.10050693817488285,0.10050693817488285,0.06410639696344135,82,989,27,589
without_billing_zip,LogisticRegression_balanced_C1.0,original,0.47,0.15019011406844107,0.7247706422018348,0.08377518557794274,0.4700652045050385,0.5886210625457844,0.592775084010651,0.10050693817488285,0.10050693817488285,0.08775894278676427,79,864,30,714
without_billing_zip,LogisticRegression_balanced_C1.0,original,0.49,0.14096916299559473,0.5871559633027523,0.08010012515644556,0.5376407824540604,0.560688247811072,0.592775084010651,0.10050693817488285,0.10050693817488285,0.059761497333874265,64,735,45,843
without_billing_zip,LogisticRegression_balanced_C1.0,original,0.51,0.142668428005284,0.4954128440366973,0.08333333333333333,0.6152934202726734,0.5594934942616947,0.592775084010651,0.10050693817488285,0.10050693817488285,0.0601410414849848,54,594,55,984
without_billing_zip,LogisticRegression_balanced_C1.0,original,0.53,0.14308426073131955,0.41284403669724773,0.08653846153846154,0.6804979253112033,0.5559150474994476,0.592775084010651,0.10050693817488285,0.10050693817488285,0.059537191256773446,45,475,64,1103
without_billing_zip,LogisticRegression_balanced_C1.0,original,0.55,0.13127413127413126,0.3119266055045872,0.08312958435207823,0.7332542975696502,0.5371420099766282,0.592775084010651,0.10050693817488285,0.10050693817488285,0.04261230878969639,34,375,75,1203
without_billing_zip,LogisticRegression_balanced_C1.0,original,0.57,0.13975903614457832,0.26605504587155965,0.09477124183006536,0.7883817427385892,0.545258194672155,0.592775084010651,0.10050693817488285,0.10050693817488285,0.057747929513176394,29,277,80,1301
without_billing_zip,LogisticRegression_balanced_C1.0,original,0.59,0.14035087719298245,0.22018348623853212,0.10300429184549356,0.8257261410788381,0.5438686759456286,0.592775084010651,0.10050693817488285,0.10050693817488285,0.06251598912057128,24,209,85,1369
without_billing_zip,LogisticRegression_balanced_C1.0,original,0.61,0.13284132841328414,0.1651376146788991,0.1111111111111111,0.8606994665085952,0.536941430913594,0.592775084010651,0.10050693817488285,0.10050693817488285,0.061647863297765206,18,144,91,1434
without_billing_zip,RidgeClassifier_balanced_alpha0.3,original,0.05,0.1465648854961832,0.44036697247706424,0.08791208791208792,0.6686425607587433,0.5623888094324485,0.5991936140277438,0.09775309156609266,0.09775309156609266,0.06556382743716407,48,498,61,1080
without_billing_zip,RidgeClassifier_balanced_alpha0.3,original,0.07,0.13781512605042018,0.3761467889908257,0.08436213991769548,0.6959098992294013,0.5470721270682899,0.5991936140277438,0.09775309156609266,0.09775309156609266,0.05110588685661826,41,445,68,1133
without_billing_zip,RidgeClassifier_balanced_alpha0.3,original,0.09,0.1308411214953271,0.3211009174311927,0.08215962441314555,0.7243627741553053,0.5366594574481692,0.5991936140277438,0.09775309156609266,0.09775309156609266,0.04148780273362016,35,391,74,1187
without_billing_zip,RidgeClassifier_balanced_alpha0.3,original,0.11,0.13692946058091288,0.30275229357798167,0.08847184986595175,0.7534084173088322,0.5436448413390542,0.5991936140277438,0.09775309156609266,0.09775309156609266,0.05171036039644271,33,340,76,1238
without_billing_zip,RidgeClassifier_balanced_alpha0.3,original,0.13,0.14622641509433962,0.28440366972477066,0.09841269841269841,0.7854179016004742,0.5522145091336147,0.5991936140277438,0.09775309156609266,0.09775309156609266,0.0658803065094144,31,284,78,1294
without_billing_zip,RidgeClassifier_balanced_alpha0.3,original,0.15,0.140625,0.24770642201834864,0.09818181818181818,0.8043864848844102,0.5452727293868675,0.5991936140277438,0.09775309156609266,0.09775309156609266,0.06026285830441206,27,248,82,1330
without_billing_zip,RidgeClassifier_balanced_alpha0.3,original,0.17,0.14689265536723164,0.23853211009174313,0.10612244897959183,0.8209839952578541,0.549874420064883,0.5991936140277438,0.09775309156609266,0.09775309156609266,0.06959995045963524,26,219,83,1359
without_billing_zip,RidgeClassifier_balanced_alpha0.3,original,0.19,0.15873015873015872,0.22935779816513763,0.12135922330097088,0.8429164196799052,0.5573278217695143,0.5991936140277438,0.09775309156609266,0.09775309156609266,0.08608967042884143,25,181,84,1397
without_billing_zip,RidgeClassifier_balanced_alpha0.3,original,0.21,0.13818181818181818,0.1743119266055046,0.1144578313253012,0.8595139300533492,0.5405780165346915,0.5991936140277438,0.09775309156609266,0.09775309156609266,0.06698366524611044,19,147,90,1431
without_billing_zip,RidgeClassifier_balanced_alpha0.3,original,0.23,0.14814814814814814,0.1651376146788991,0.13432835820895522,0.8772969768820391,0.545813420774177,0.5991936140277438,0.09775309156609266,0.09775309156609266,0.08330121534369814,18,116,91,1462
without_billing_zip,RidgeClassifier_balanced_alpha0.3,original,0.25,0.14883720930232558,0.14678899082568808,0.1509433962264151,0.8915234143449912,0.5448773851466844,0.5991936140277438,0.09775309156609266,0.09775309156609266,0.09092962930422989,16,90,93,1488
without_billing_zip,RidgeClassifier_balanced_alpha0.3,original,0.27,0.1326530612244898,0.11926605504587157,0.14942528735632185,0.8992294013040901,0.5361856257485378,0.5991936140277438,0.09775309156609266,0.09775309156609266,0.08044762247240514,13,74,96,1504
without_billing_zip,RidgeClassifier_balanced_alpha0.3,original,0.29,0.11049723756906077,0.09174311926605505,0.1388888888888889,0.9045643153526971,0.5262264392274508,0.5991936140277438,0.09775309156609266,0.09775309156609266,0.06379454772203111,10,62,99,1516
without_billing_zip,RidgeClassifier_balanced_alpha0.3,original,0.31,0.12048192771084337,0.09174311926605505,0.17543859649122806,0.9134558387670421,0.5309792909384774,0.5991936140277438,0.09775309156609266,0.09775309156609266,0.08430182710091816,10,47,99,1531
without_billing_zip,RidgeClassifier_balanced_alpha0.3,original,0.33,0.11042944785276074,0.08256880733944955,0.16666666666666666,0.9140486069946651,0.5270258485366449,0.5991936140277438,0.09775309156609266,0.09775309156609266,0.07548942376450384,9,45,100,1533
without_billing_zip,RidgeClassifier_balanced_alpha0.3,original,0.35,0.1038961038961039,0.07339449541284404,0.17777777777777778,0.918197984588026,0.524973546819223,0.5991936140277438,0.09775309156609266,0.09775309156609266,0.07620511755190823,8,37,101,1541
without_billing_zip,RidgeClassifier_balanced_alpha0.3,original,0.37,0.09523809523809523,0.06422018348623854,0.18421052631578946,0.921161825726141,0.5222875315403309,0.5991936140277438,0.09775309156609266,0.09775309156609266,0.07385103542880267,7,31,102,1547
without_billing_zip,RidgeClassifier_balanced_alpha0.3,original,0.39,0.0958904109589041,0.06422018348623854,0.1891891891891892,0.921754593953764,0.522604388321066,0.5991936140277438,0.09775309156609266,0.09775309156609266,0.07588338041309987,7,30,102,1548
without_billing_zip,RidgeClassifier_balanced_alpha0.3,original,0.41,0.09722222222222222,0.06422018348623854,0.2,0.9229401304090101,0.5232381018825363,0.5991936140277438,0.09775309156609266,0.09775309156609266,0.0801601187422343,7,28,102,1550
without_billing_zip,RidgeClassifier_balanced_alpha0.3,original,0.43,0.08633093525179857,0.05504587155963303,0.2,0.9247184350918791,0.5199183730421739,0.5991936140277438,0.09775309156609266,0.09775309156609266,0.0741017943356085,6,24,103,1554
without_billing_zip,RidgeClassifier_balanced_alpha0.3,original,0.45,0.06015037593984962,0.03669724770642202,0.16666666666666666,0.9259039715471251,0.5120114882385088,0.5991936140277438,0.09775309156609266,0.09775309156609266,0.04987028142098003,4,20,105,1558
without_billing_zip,RidgeClassifier_balanced_alpha0.3,original,0.47,0.046153846153846156,0.027522935779816515,0.14285714285714285,0.9264967397747481,0.5080580458366764,0.5991936140277438,0.09775309156609266,0.09775309156609266,0.0357338106366866,3,18,106,1560
without_billing_zip,RidgeClassifier_balanced_alpha0.3,original,0.49,0.046875,0.027522935779816515,0.15789473684210525,0.9276822762299941,0.5086917593981465,0.5991936140277438,0.09775309156609266,0.09775309156609266,0.04049763075427329,3,16,106,1562
without_billing_zip,RidgeClassifier_balanced_alpha0.3,original,0.51,0.032,0.01834862385321101,0.125,0.9282750444576171,0.504738316996314,0.5991936140277438,0.09775309156609266,0.09775309156609266,0.02403657805054617,2,14,107,1564
without_billing_zip,RidgeClassifier_balanced_alpha0.3,original,0.53,0.032,0.01834862385321101,0.125,0.9282750444576171,0.504738316996314,0.5991936140277438,0.09775309156609266,0.09775309156609266,0.02403657805054617,2,14,107,1564
without_billing_zip,RidgeClassifier_balanced_alpha0.3,original,0.55,0.032,0.01834862385321101,0.125,0.9282750444576171,0.504738316996314,0.5991936140277438,0.09775309156609266,0.09775309156609266,0.02403657805054617,2,14,107,1564
without_billing_zip,RidgeClassifier_balanced_alpha0.3,original,0.57,0.016260162601626018,0.009174311926605505,0.07142857142857142,0.9282750444576171,0.5004680178137464,0.5991936140277438,0.09775309156609266,0.09775309156609266,0.002536571679518515,1,13,108,1565
without_billing_zip,RidgeClassifier_balanced_alpha0.3,original,0.59,0.0,0.0,0.0,0.9294605809128631,0.4968314321926489,0.5991936140277438,0.09775309156609266,0.09775309156609266,-0.02029519452218241,0,10,109,1568
without_billing_zip,RidgeClassifier_balanced_alpha0.3,original,0.61,0.0,0.0,0.0,0.9300533491404861,0.49714828897338403,0.5991936140277438,0.09775309156609266,0.09775309156609266,-0.01924797411753996,0,9,109,1569
without_billing_zip,LinearSVC_balanced_C0.1,original,0.05,0.1484848484848485,0.44954128440366975,0.08892921960072596,0.6668642560758743,0.5657085382728108,0.5953390076859573,0.10107136681050582,0.10107136681050582,0.06888958763205133,49,502,60,1076
without_billing_zip,LinearSVC_balanced_C0.1,original,0.07,0.1414141414141414,0.3853211009174312,0.0865979381443299,0.6976882039122703,0.5522929965930629,0.5953390076859573,0.10107136681050582,0.10107136681050582,0.05680900336489258,42,443,67,1135
without_billing_zip,LinearSVC_balanced_C0.1,original,0.09,0.1275797373358349,0.3119266055045872,0.08018867924528301,0.7243627741553053,0.5323891582656015,0.5953390076859573,0.10107136681050582,0.10107136681050582,0.03671231762851928,34,390,75,1188
without_billing_zip,LinearSVC_balanced_C0.1,original,0.11,0.1308016877637131,0.28440366972477066,0.08493150684931507,0.7557794902193242,0.5363716700968594,0.5953390076859573,0.10107136681050582,0.10107136681050582,0.043430799831875644,31,334,78,1244
without_billing_zip,LinearSVC_balanced_C0.1,original,0.13,0.13711583924349882,0.26605504587155965,0.09235668789808917,0.7836395969176052,0.5427233404262741,0.5953390076859573,0.10107136681050582,0.10107136681050582,0.053971172511130795,29,285,80,1293
without_billing_zip,LinearSVC_balanced_C0.1,original,0.15,0.14361702127659576,0.24770642201834864,0.10112359550561797,0.8091286307053942,0.5478075836327485,0.5953390076859573,0.10107136681050582,0.10107136681050582,0.06440116662219593,27,240,82,1338
without_billing_zip,LinearSVC_balanced_C0.1,original,0.17,0.14035087719298245,0.22018348623853212,0.10300429184549356,0.8257261410788381,0.5438686759456286,0.5953390076859573,0.10107136681050582,0.10107136681050582,0.06251598912057128,24,209,85,1369
without_billing_zip,LinearSVC_balanced_C0.1,original,0.19,0.1518987341772152,0.22018348623853212,0.11594202898550725,0.8411381149970362,0.5521069522447413,0.5953390076859573,0.10107136681050582,0.10107136681050582,0.07808657699566747,24,183,85,1395
without_billing_zip,LinearSVC_balanced_C0.1,original,0.21,0.14388489208633093,0.1834862385321101,0.11834319526627218,0.8589211618257261,0.544531458936524,0.5953390076859573,0.10107136681050582,0.10107136681050582,0.07292634197704834,20,149,89,1429
without_billing_zip,LinearSVC_balanced_C0.1,original,0.23,0.14007782101167315,0.1651376146788991,0.12162162162162163,0.8689982216953172,0.5413774258438855,0.5953390076859573,0.10107136681050582,0.10107136681050582,0.07191343695643675,18,130,91,1448
without_billing_zip,LinearSVC_balanced_C0.1,original,0.25,0.1452991452991453,0.1559633027522936,0.136,0.8814463544754001,0.5437611190567552,0.5953390076859573,0.10107136681050582,0.10107136681050582,0.08214660928148207,17,108,92,1470
without_billing_zip,LinearSVC_balanced_C0.1,original,0.27,0.15841584158415842,0.14678899082568808,0.17204301075268819,0.8992294013040901,0.5489965232962408,0.5953390076859573,0.10107136681050582,0.10107136681050582,0.10555440831252387,16,77,93,1501
without_billing_zip,LinearSVC_balanced_C0.1,original,0.29,0.16393442622950818,0.13761467889908258,0.20270270270270271,0.9093064611736811,0.5501127893861699,0.5953390076859573,0.10107136681050582,0.10107136681050582,0.12031292288869444,15,59,94,1519
without_billing_zip,LinearSVC_balanced_C0.1,original,0.31,0.16184971098265896,0.12844036697247707,0.21875,0.9140486069946651,0.5483773444494832,0.5953390076859573,0.10107136681050582,0.10107136681050582,0.12450578257203608,14,50,95,1528
without_billing_zip,LinearSVC_balanced_C0.1,original,0.33,0.12578616352201258,0.09174311926605505,0.2,0.917605216360403,0.5331972884036232,0.5953390076859573,0.10107136681050582,0.10107136681050582,0.09624762321328208,10,40,99,1538
without_billing_zip,LinearSVC_balanced_C0.1,original,0.35,0.10884353741496598,0.07339449541284404,0.21052631578947367,0.9223473621813871,0.5271915442843688,0.5953390076859573,0.10107136681050582,0.10107136681050582,0.09010076762762752,8,30,101,1548
without_billing_zip,LinearSVC_balanced_C0.1,original,0.37,0.0851063829787234,0.05504587155963303,0.1875,0.9235328986366331,0.5192846594807037,0.5953390076859573,0.10107136681050582,0.10107136681050582,0.06950799009554168,6,26,103,1552
without_billing_zip,LinearSVC_balanced_C0.1,original,0.39,0.07352941176470588,0.045871559633027525,0.18518518518518517,0.9253112033195021,0.5159649306403414,0.5953390076859573,0.10107136681050582,0.10107136681050582,0.06255007777860508,5,22,104,1556
without_billing_zip,LinearSVC_balanced_C0.1,original,0.41,0.07518796992481203,0.045871559633027525,0.20833333333333334,0.9270895080023711,0.5169155009825467,0.5953390076859573,0.10107136681050582,0.10107136681050582,0.07023116350161733,5,19,104,1559
without_billing_zip,LinearSVC_balanced_C0.1,original,0.43,0.06060606060606061,0.03669724770642202,0.17391304347826086,0.9264967397747481,0.512328345019244,0.5953390076859573,0.10107136681050582,0.10107136681050582,0.05227101641358391,4,19,105,1559
without_billing_zip,LinearSVC_balanced_C0.1,original,0.45,0.047244094488188976,0.027522935779816515,0.16666666666666666,0.9282750444576171,0.5090086161788816,0.5953390076859573,0.10107136681050582,0.10107136681050582,0.043111229317040235,3,15,106,1563
without_billing_zip,LinearSVC_balanced_C0.1,original,0.47,0.032,0.01834862385321101,0.125,0.9282750444576171,0.504738316996314,0.5953390076859573,0.10107136681050582,0.10107136681050582,0.02403657805054617,2,14,107,1564
without_billing_zip,LinearSVC_balanced_C0.1,original,0.49,0.032,0.01834862385321101,0.125,0.9282750444576171,0.504738316996314,0.5953390076859573,0.10107136681050582,0.10107136681050582,0.02403657805054617,2,14,107,1564
without_billing_zip,LinearSVC_balanced_C0.1,original,0.51,0.01639344262295082,0.009174311926605505,0.07692307692307693,0.9288678126852401,0.5007848745944815,0.5953390076859573,0.10107136681050582,0.10107136681050582,0.004413139062970722,1,12,108,1566
without_billing_zip,LinearSVC_balanced_C0.1,original,0.53,0.01639344262295082,0.009174311926605505,0.07692307692307693,0.9288678126852401,0.5007848745944815,0.5953390076859573,0.10107136681050582,0.10107136681050582,0.004413139062970722,1,12,108,1566
without_billing_zip,LinearSVC_balanced_C0.1,original,0.55,0.01639344262295082,0.009174311926605505,0.07692307692307693,0.9288678126852401,0.5007848745944815,0.5953390076859573,0.10107136681050582,0.10107136681050582,0.004413139062970722,1,12,108,1566
without_billing_zip,LinearSVC_balanced_C0.1,original,0.57,0.0,0.0,0.0,0.9288678126852401,0.4965145754119138,0.5953390076859573,0.10107136681050582,0.10107136681050582,-0.021292128816169056,0,11,109,1567
without_billing_zip,LinearSVC_balanced_C0.1,original,0.59,0.0,0.0,0.0,0.9306461173681091,0.49746514575411915,0.5953390076859573,0.10107136681050582,0.10107136681050582,-0.01814175906680867,0,8,109,1570
without_billing_zip,LinearSVC_balanced_C0.1,original,0.61,0.0,0.0,0.0,0.9306461173681091,0.49746514575411915,0.5953390076859573,0.10107136681050582,0.10107136681050582,-0.01814175906680867,0,8,109,1570
without_billing_zip,RandomForest_balanced_depth5,original,0.05,0.12138084632516703,1.0,0.06461173681090694,0.06461173681090694,0.5,0.5855542377414216,0.08554976400961894,0.08554976400961894,0.0,109,1578,0,0
without_billing_zip,RandomForest_balanced_depth5,original,0.07,0.12138084632516703,1.0,0.06461173681090694,0.06461173681090694,0.5,0.5855542377414216,0.08554976400961894,0.08554976400961894,0.0,109,1578,0,0
without_billing_zip,RandomForest_balanced_depth5,original,0.09,0.12138084632516703,1.0,0.06461173681090694,0.06461173681090694,0.5,0.5855542377414216,0.08554976400961894,0.08554976400961894,0.0,109,1578,0,0
without_billing_zip,RandomForest_balanced_depth5,original,0.11,0.12138084632516703,1.0,0.06461173681090694,0.06461173681090694,0.5,0.5855542377414216,0.08554976400961894,0.08554976400961894,0.0,109,1578,0,0
without_billing_zip,RandomForest_balanced_depth5,original,0.13,0.12138084632516703,1.0,0.06461173681090694,0.06461173681090694,0.5,0.5855542377414216,0.08554976400961894,0.08554976400961894,0.0,109,1578,0,0
without_billing_zip,RandomForest_balanced_depth5,original,0.15,0.12144846796657381,1.0,0.06465005931198102,0.06520450503852994,0.5003168567807351,0.5855542377414216,0.08554976400961894,0.08554976400961894,0.006400751466496426,109,1577,0,1
without_billing_zip,RandomForest_balanced_depth5,original,0.17,0.12151616499442586,1.0,0.06468842729970327,0.06579727326615294,0.5006337135614702,0.5855542377414216,0.08554976400961894,0.08554976400961894,0.009054715197067445,109,1576,0,2
without_billing_zip,RandomForest_balanced_depth5,original,0.19,0.1218557853549469,1.0,0.06488095238095239,0.06876111440426794,0.5022179974651457,0.5855542377414216,0.08554976400961894,0.08554976400961894,0.01696501033994349,109,1571,0,7
without_billing_zip,RandomForest_balanced_depth5,original,0.21,0.12199216564073867,1.0,0.06495828367103695,0.06994665085951393,0.502851711026616,0.5855542377414216,0.08554976400961894,0.08554976400961894,0.01924797411753996,109,1569,0,9
without_billing_zip,RandomForest_balanced_depth5,original,0.23,0.12258796821793416,0.9908256880733946,0.06533575317604355,0.08358032009484291,0.5058691178009558,0.5855542377414216,0.08554976400961894,0.08554976400961894,0.02053495167812937,108,1545,1,33
without_billing_zip,RandomForest_balanced_depth5,original,0.25,0.12138728323699421,0.963302752293578,0.0647748303516348,0.0989922940130409,0.5012964965523656,0.5855542377414216,0.08554976400961894,0.08554976400961894,0.0032877942766369205,105,1516,4,62
without_billing_zip,RandomForest_balanced_depth5,original,0.27,0.12092471843509188,0.9357798165137615,0.06463878326996197,0.12092471843509188,0.5002092998918617,0.5855542377414216,0.08554976400961894,0.08554976400961894,0.00041859978372344505,102,1476,7,102
without_billing_zip,RandomForest_balanced_depth5,original,0.29,0.12076401725200246,0.8990825688073395,0.06472919418758256,0.15411973918197985,0.5008720828827572,0.5855542377414216,0.08554976400961894,0.08554976400961894,0.0014134111634994024,98,1416,11,162
without_billing_zip,RandomForest_balanced_depth5,original,0.31,0.122397476340694,0.8899082568807339,0.06571815718157181,0.1754593953764078,0.5080086278066533,0.5855542377414216,0.08554976400961894,0.08554976400961894,0.011903384118955973,97,1379,12,199
without_billing_zip,RandomForest_balanced_depth5,original,0.33,0.12606697307944845,0.8807339449541285,0.06789250353606789,0.2110254890337878,0.5227497354681923,0.5855542377414216,0.08554976400961894,0.08554976400961894,0.030371557718966862,96,1318,13,260
without_billing_zip,RandomForest_balanced_depth5,original,0.35,0.12944523470839261,0.8348623853211009,0.07016191210485737,0.27445168938944875,0.5353019150940105,0.5855542377414216,0.08554976400961894,0.08554976400961894,0.0411711235157362,91,1206,18,372
without_billing_zip,RandomForest_balanced_depth5,original,0.37,0.13322759714512292,0.7706422018348624,0.07291666666666667,0.3521043272080617,0.5469180590923362,0.5855542377414216,0.08554976400961894,0.08554976400961894,0.04957168158569303,84,1068,25,510
without_billing_zip,RandomForest_balanced_depth5,original,0.39,0.13973799126637554,0.7339449541284404,0.07722007722007722,0.4161232957913456,0.5640573946814572,0.5855542377414216,0.08554976400961894,0.08554976400961894,0.0646987132421414,80,956,29,622
without_billing_zip,RandomForest_balanced_depth5,original,0.41,0.13786591123701605,0.6697247706422018,0.07684210526315789,0.4588026081802015,0.5569789886164114,0.5855542377414216,0.08554976400961894,0.08554976400961894,0.05648276306426912,73,877,36,701
without_billing_zip,RandomForest_balanced_depth5,original,0.43,0.13953488372093023,0.6330275229357798,0.07840909090909091,0.4955542382928275,0.5595429122917175,0.5855542377414216,0.08554976400961894,0.08554976400961894,0.058606895018569395,69,811,40,767
without_billing_zip,RandomForest_balanced_depth5,original,0.45,0.14161220043572983,0.5963302752293578,0.08034610630407911,0.5328986366330765,0.5624236927477587,0.5855542377414216,0.08554976400961894,0.08554976400961894,0.061436247542027,65,744,44,834
without_billing_zip,RandomForest_balanced_depth5,original,0.47,0.1445221445221445,0.5688073394495413,0.08277703604806408,0.5649081209247184,0.5667230613597516,0.5855542377414216,0.08554976400961894,0.08554976400961894,0.06602834019810293,62,687,47,891
without_billing_zip,RandomForest_balanced_depth5,original,0.49,0.15446071904127828,0.5321100917431193,0.09034267912772585,0.6235921754593954,0.5810106859222568,0.5855542377414216,0.08554976400961894,0.08554976400961894,0.08203768454113448,58,584,51,994
without_billing_zip,RandomForest_balanced_depth5,original,0.51,0.14930015552099535,0.44036697247706424,0.0898876404494382,0.6757557794902194,0.5661910908012697,0.5855542377414216,0.08554976400961894,0.08554976400961894,0.06996985921000674,48,486,61,1092
without_billing_zip,RandomForest_balanced_depth5,original,0.53,0.13389121338912133,0.29357798165137616,0.08672086720867209,0.7545939537640782,0.5400082557179569,0.5855542377414216,0.08554976400961894,0.08554976400961894,0.04758559163123729,32,337,77,1241
without_billing_zip,RandomForest_balanced_depth5,original,0.55,0.132013201320132,0.1834862385321101,0.10309278350515463,0.8441019561351512,0.5366100394181463,0.5855542377414216,0.08554976400961894,0.08554976400961894,0.05642429893549405,20,174,89,1404
without_billing_zip,RandomForest_balanced_depth5,original,0.57,0.09259259259259259,0.09174311926605505,0.09345794392523364,0.8838174273858921,0.5151364519017221,0.5855542377414216,0.08554976400961894,0.08554976400961894,0.030535173848799696,10,97,99,1481
without_billing_zip,RandomForest_balanced_depth5,original,0.59,0.06172839506172839,0.045871559633027525,0.09433962264150944,0.9098992294013041,0.5077266543412285,0.5855542377414216,0.08554976400961894,0.08554976400961894,0.02177831460786893,5,48,104,1530
without_billing_zip,RandomForest_balanced_depth5,original,0.61,0.0,0.0,0.0,0.9229401304090101,0.49334600760456276,0.5855542377414216,0.08554976400961894,0.08554976400961894,-0.029507464843930603,0,21,109,1557
without_billing_zip,ExtraTrees_balanced_depth5,original,0.05,0.12138084632516703,1.0,0.06461173681090694,0.06461173681090694,0.5,0.6141963465541098,0.10323001322169395,0.10323001322169395,0.0,109,1578,0,0
without_billing_zip,ExtraTrees_balanced_depth5,original,0.07,0.12138084632516703,1.0,0.06461173681090694,0.06461173681090694,0.5,0.6141963465541098,0.10323001322169395,0.10323001322169395,0.0,109,1578,0,0
without_billing_zip,ExtraTrees_balanced_depth5,original,0.09,0.12138084632516703,1.0,0.06461173681090694,0.06461173681090694,0.5,0.6141963465541098,0.10323001322169395,0.10323001322169395,0.0,109,1578,0,0
without_billing_zip,ExtraTrees_balanced_depth5,original,0.11,0.12138084632516703,1.0,0.06461173681090694,0.06461173681090694,0.5,0.6141963465541098,0.10323001322169395,0.10323001322169395,0.0,109,1578,0,0
without_billing_zip,ExtraTrees_balanced_depth5,original,0.13,0.12138084632516703,1.0,0.06461173681090694,0.06461173681090694,0.5,0.6141963465541098,0.10323001322169395,0.10323001322169395,0.0,109,1578,0,0
without_billing_zip,ExtraTrees_balanced_depth5,original,0.15,0.12138084632516703,1.0,0.06461173681090694,0.06461173681090694,0.5,0.6141963465541098,0.10323001322169395,0.10323001322169395,0.0,109,1578,0,0
without_billing_zip,ExtraTrees_balanced_depth5,original,0.17,0.12138084632516703,1.0,0.06461173681090694,0.06461173681090694,0.5,0.6141963465541098,0.10323001322169395,0.10323001322169395,0.0,109,1578,0,0
without_billing_zip,ExtraTrees_balanced_depth5,original,0.19,0.12144846796657381,1.0,0.06465005931198102,0.06520450503852994,0.5003168567807351,0.6141963465541098,0.10323001322169395,0.10323001322169395,0.006400751466496426,109,1577,0,1
without_billing_zip,ExtraTrees_balanced_depth5,original,0.21,0.12158393753485779,1.0,0.06472684085510688,0.06639004149377593,0.5009505703422054,0.6141963465541098,0.10323001322169395,0.10323001322169395,0.011093008181869195,109,1575,0,3
without_billing_zip,ExtraTrees_balanced_depth5,original,0.23,0.12165178571428571,1.0,0.0647653000594177,0.06698280972139893,0.5012674271229405,0.6141963465541098,0.10323001322169395,0.10323001322169395,0.012812907392210521,109,1574,0,4
without_billing_zip,ExtraTrees_balanced_depth5,original,0.25,0.12192393736017897,1.0,0.06491959499702203,0.06935388263189093,0.5025348542458808,0.6141963465541098,0.10323001322169395,0.10323001322169395,0.01814175906680867,109,1570,0,8
without_billing_zip,ExtraTrees_balanced_depth5,original,0.27,0.12189616252821671,0.9908256880733946,0.06494287432351173,0.07765263781861292,0.5027005499936048,0.6141963465541098,0.10323001322169395,0.10323001322169395,0.011212364820931861,108,1555,1,23
without_billing_zip,ExtraTrees_balanced_depth5,original,0.29,0.12117780294450736,0.981651376146789,0.06457453228726615,0.08002371072910491,0.4996976779339775,0.6141963465541098,0.10323001322169395,0.10323001322169395,-0.0011247207546560543,107,1550,2,28
without_billing_zip,ExtraTrees_balanced_depth5,original,0.31,0.12131519274376418,0.981651376146789,0.06465256797583081,0.08120924718435092,0.5003313914954477,0.6141963465541098,0.10323001322169395,0.10323001322169395,0.0011944393836134685,107,1548,2,30
without_billing_zip,ExtraTrees_balanced_depth5,original,0.33,0.12072892938496584,0.9724770642201835,0.06435944140862174,0.08476585655008892,0.49796223299729075,0.6141963465541098,0.10323001322169395,0.10323001322169395,-0.006585283469662527,106,1541,3,37
without_billing_zip,ExtraTrees_balanced_depth5,original,0.35,0.12055109070034443,0.963302752293578,0.06429883649724434,0.09187907528156491,0.49749421518354436,0.6141963465541098,0.10323001322169395,0.10323001322169395,-0.006999234514897527,105,1528,4,50
without_billing_zip,ExtraTrees_balanced_depth5,original,0.37,0.11988472622478386,0.9541284403669725,0.06396063960639606,0.0948429164196799,0.4948081999046523,0.6141963465541098,0.10323001322169395,0.10323001322169395,-0.01367380927595373,104,1522,5,56
without_billing_zip,ExtraTrees_balanced_depth5,original,0.39,0.12170860152135751,0.9541284403669725,0.065,0.11025489033787789,0.5030464762037651,0.6141963465541098,0.10323001322169395,0.10323001322169395,0.006772903948512258,104,1496,5,82
without_billing_zip,ExtraTrees_balanced_depth5,original,0.41,0.12923864363403711,0.926605504587156,0.06946354883081156,0.19324244220509781,0.5345955279589772,0.6141963465541098,0.10323001322169395,0.10323001322169395,0.049301092473919485,101,1353,8,225
without_billing_zip,ExtraTrees_balanced_depth5,original,0.43,0.13220815752461323,0.8623853211009175,0.0715917745620716,0.2685240071132187,0.5449442448343624,0.6141963465541098,0.10323001322169395,0.10323001322169395,0.05319890186017843,94,1219,15,359
without_billing_zip,ExtraTrees_balanced_depth5,original,0.45,0.13911620294599017,0.7798165137614679,0.07637017070979335,0.3764078245406046,0.5641794862850432,0.6141963465541098,0.10323001322169395,0.10323001322169395,0.06660233453069216,85,1028,24,550
without_billing_zip,ExtraTrees_balanced_depth5,original,0.47,0.14246068455134134,0.7064220183486238,0.07921810699588477,0.45050385299347956,0.5696241904163906,0.6141963465541098,0.10323001322169395,0.10323001322169395,0.06927407715641046,77,895,32,683
without_billing_zip,ExtraTrees_balanced_depth5,original,0.49,0.15098468271334792,0.6330275229357798,0.08571428571428572,0.5400118553645524,0.5833071708468507,0.6141963465541098,0.10323001322169395,0.10323001322169395,0.08200623949144405,69,736,40,842
without_billing_zip,ExtraTrees_balanced_depth5,original,0.51,0.1589041095890411,0.5321100917431193,0.09339774557165861,0.6360403082394783,0.587664678317694,0.6141963465541098,0.10323001322169395,0.10323001322169395,0.08937107567453334,58,563,51,1015
without_billing_zip,ExtraTrees_balanced_depth5,original,0.53,0.15738963531669867,0.3761467889908257,0.09951456310679611,0.7397747480735033,0.5705195288426879,0.6141963465541098,0.10323001322169395,0.10323001322169395,0.08070537237384516,41,371,68,1207
without_billing_zip,ExtraTrees_balanced_depth5,original,0.55,0.16292134831460675,0.26605504587155965,0.11740890688259109,0.8233550681683461,0.5639527447355264,0.6141963465541098,0.10323001322169395,0.10323001322169395,0.0889459564955567,29,218,80,1360
without_billing_zip,ExtraTrees_balanced_depth5,original,0.57,0.16,0.1834862385321101,0.14184397163120568,0.8755186721991701,0.553403448797107,0.6141963465541098,0.10323001322169395,0.10323001322169395,0.09487499098640398,20,121,89,1457
without_billing_zip,ExtraTrees_balanced_depth5,original,0.59,0.11428571428571428,0.09174311926605505,0.15151515151515152,0.9081209247184351,0.5281275799118614,0.6141963465541098,0.10323001322169395,0.10323001322169395,0.07132891798371938,10,56,99,1522
without_billing_zip,ExtraTrees_balanced_depth5,original,0.61,0.0,0.0,0.0,0.9324244220509781,0.49841571609632446,0.6141963465541098,0.10323001322169395,0.10323001322169395,-0.014329523728931773,0,5,109,1573
without_billing_zip,GradientBoosting_SMOTE_depth2_lr0.05,resampled,0.05,0.11988795518207283,0.981651376146789,0.06384248210023866,0.06876111440426794,0.49367739910001046,0.5791589632678691,0.0953145703740047,0.0953145703740047,-0.03862417028787965,107,1569,2,9
without_billing_zip,GradientBoosting_SMOTE_depth2_lr0.05,resampled,0.07,0.12138400453771979,0.981651376146789,0.06469165659008465,0.08180201541197392,0.5006482482761828,0.5791589632678691,0.0953145703740047,0.0953145703740047,0.002301512786765738,107,1547,2,31
without_billing_zip,GradientBoosting_SMOTE_depth2_lr0.05,resampled,0.09,0.12296983758700696,0.9724770642201835,0.06563467492260062,0.1037344398340249,0.5081016499808142,0.5791589632678691,0.0953145703740047,0.0953145703740047,0.019706872589370508,106,1509,3,69
without_billing_zip,GradientBoosting_SMOTE_depth2_lr0.05,resampled,0.11,0.12280701754385964,0.963302752293578,0.0655840099937539,0.11084765856550088,0.5076336321670678,0.5791589632678691,0.0953145703740047,0.0953145703740047,0.017064087986190784,105,1496,4,82
without_billing_zip,GradientBoosting_SMOTE_depth2_lr0.05,resampled,0.13,0.12232779097387174,0.944954128440367,0.0653968253968254,0.12388855957320688,0.5060638829781049,0.5791589632678691,0.0953145703740047,0.0953145703740047,0.011975627125028534,103,1472,6,106
without_billing_zip,GradientBoosting_SMOTE_depth2_lr0.05,resampled,0.15,0.12515337423312883,0.9357798165137615,0.0670611439842209,0.15471250740960285,0.5182701363937628,0.5791589632678691,0.0953145703740047,0.0953145703740047,0.03015920453268888,102,1419,7,159
without_billing_zip,GradientBoosting_SMOTE_depth2_lr0.05,resampled,0.17,0.12672521957340024,0.926605504587156,0.06801346801346801,0.17486662714878481,0.5247729677561889,0.5791589632678691,0.0953145703740047,0.0953145703740047,0.03751767093452781,101,1384,8,194
without_billing_zip,GradientBoosting_SMOTE_depth2_lr0.05,resampled,0.19,0.12658227848101267,0.8715596330275229,0.06824712643678162,0.2228808535862478,0.5248165719003267,0.5791589632678691,0.0953145703740047,0.0953145703740047,0.032122394200941935,95,1297,14,281
without_billing_zip,GradientBoosting_SMOTE_depth2_lr0.05,resampled,0.21,0.13559322033898305,0.8073394495412844,0.07401177460050462,0.33491404860699464,0.5548104091812887,0.5791589632678691,0.0953145703740047,0.0953145703740047,0.05908186414143252,88,1101,21,477
without_billing_zip,GradientBoosting_SMOTE_depth2_lr0.05,resampled,0.23,0.1360655737704918,0.7614678899082569,0.0747074707470747,0.3752222880853586,0.5550051743584377,0.5791589632678691,0.0953145703740047,0.0953145703740047,0.05703376194222591,83,1028,26,550
without_billing_zip,GradientBoosting_SMOTE_depth2_lr0.05,resampled,0.25,0.1358695652173913,0.6880733944954128,0.07537688442211055,0.4344991108476586,0.5525284589714072,0.5791589632678691,0.0953145703740047,0.0953145703740047,0.052508162009569266,75,920,34,658
without_billing_zip,GradientBoosting_SMOTE_depth2_lr0.05,resampled,0.27,0.1375770020533881,0.6146788990825688,0.07745664739884393,0.5020746887966805,0.5544877385146685,0.5791589632678691,0.0953145703740047,0.0953145703740047,0.053598367812740036,67,798,42,780
without_billing_zip,GradientBoosting_SMOTE_depth2_lr0.05,resampled,0.29,0.1342281879194631,0.5504587155963303,0.07643312101910828,0.5411973918197984,0.545508191765212,0.5791589632678691,0.0953145703740047,0.0953145703740047,0.04485885935527046,60,725,49,853
without_billing_zip,GradientBoosting_SMOTE_depth2_lr0.05,resampled,0.31,0.12547051442910917,0.45871559633027525,0.07267441860465117,0.5868405453467694,0.5272031720561389,0.5791589632678691,0.0953145703740047,0.0953145703740047,0.027216942088520338,50,638,59,940
without_billing_zip,GradientBoosting_SMOTE_depth2_lr0.05,resampled,0.33,0.1386748844375963,0.41284403669724773,0.08333333333333333,0.6686425607587433,0.5495779118847456,0.5791589632678691,0.0953145703740047,0.0953145703740047,0.0522524172887111,45,495,64,1083
without_billing_zip,GradientBoosting_SMOTE_depth2_lr0.05,resampled,0.35,0.13903743315508021,0.3577981651376147,0.08628318584070796,0.7136929460580913,0.5480372321252078,0.5791589632678691,0.0953145703740047,0.0953145703740047,0.05333005401397806,39,413,70,1165
without_billing_zip,GradientBoosting_SMOTE_depth2_lr0.05,resampled,0.37,0.14553014553014554,0.3211009174311927,0.09408602150537634,0.7563722584469472,0.553769723607865,0.5791589632678691,0.0953145703740047,0.0953145703740047,0.06376761907349321,35,337,74,1241
without_billing_zip,GradientBoosting_SMOTE_depth2_lr0.05,resampled,0.39,0.1391304347826087,0.22018348623853212,0.1016949152542373,0.8239478363959691,0.5429181056034232,0.5791589632678691,0.0953145703740047,0.0953145703740047,0.06083416906772421,24,212,85,1366
without_billing_zip,GradientBoosting_SMOTE_depth2_lr0.05,resampled,0.41,0.14685314685314685,0.1926605504587156,0.11864406779661017,0.8553645524599881,0.546900617434681,0.5791589632678691,0.0953145703740047,0.0953145703740047,0.07524890721548438,21,156,88,1422
without_billing_zip,GradientBoosting_SMOTE_depth2_lr0.05,resampled,0.43,0.14516129032258066,0.1651376146788991,0.12949640287769784,0.8743331357439241,0.5442291368705015,0.5791589632678691,0.0953145703740047,0.0953145703740047,0.07908831629655444,18,121,91,1457
without_billing_zip,GradientBoosting_SMOTE_depth2_lr0.05,resampled,0.45,0.15178571428571427,0.1559633027522936,0.14782608695652175,0.8873740367516301,0.5469296868641063,0.5791589632678691,0.0953145703740047,0.0953145703740047,0.09155228950748714,17,98,92,1480
without_billing_zip,GradientBoosting_SMOTE_depth2_lr0.05,resampled,0.47,0.13829787234042554,0.11926605504587157,0.16455696202531644,0.9039715471250741,0.5387204799944186,0.5791589632678691,0.0953145703740047,0.0953145703740047,0.09011164307253085,13,66,96,1512
without_billing_zip,GradientBoosting_SMOTE_depth2_lr0.05,resampled,0.49,0.14035087719298245,0.11009174311926606,0.1935483870967742,0.9128630705394191,0.5392030325228776,0.5791589632678691,0.0953145703740047,0.0953145703740047,0.10244573426237123,12,50,97,1528
without_billing_zip,GradientBoosting_SMOTE_depth2_lr0.05,resampled,0.51,0.11180124223602485,0.08256880733944955,0.17307692307692307,0.915234143449911,0.5276595620981152,0.5791589632678691,0.0953145703740047,0.0953145703740047,0.07868310575111656,9,43,100,1535
without_billing_zip,GradientBoosting_SMOTE_depth2_lr0.05,resampled,0.53,0.0684931506849315,0.045871559633027525,0.13513513513513514,0.919383521043272,0.5127963628329903,0.5791589632678691,0.0953145703740047,0.0953145703740047,0.042957644107312974,5,32,104,1546
without_billing_zip,GradientBoosting_SMOTE_depth2_lr0.05,resampled,0.55,0.05673758865248227,0.03669724770642202,0.125,0.921161825726141,0.509476633992628,0.5791589632678691,0.0953145703740047,0.0953145703740047,0.0341567753559641,4,28,105,1550
without_billing_zip,GradientBoosting_SMOTE_depth2_lr0.05,resampled,0.57,0.045112781954887216,0.027522935779816515,0.125,0.9247184350918791,0.507107475494471,0.5791589632678691,0.0953145703740047,0.0953145703740047,0.029509399340342735,3,21,106,1557
without_billing_zip,GradientBoosting_SMOTE_depth2_lr0.05,resampled,0.59,0.046875,0.027522935779816515,0.15789473684210525,0.9276822762299941,0.5086917593981465,0.5791589632678691,0.0953145703740047,0.0953145703740047,0.04049763075427329,3,16,106,1562
without_billing_zip,GradientBoosting_SMOTE_depth2_lr0.05,resampled,0.61,0.032520325203252036,0.01834862385321101,0.14285714285714285,0.9294605809128631,0.5053720305577842,0.5791589632678691,0.0953145703740047,0.0953145703740047,0.029115431451864692,2,12,107,1566
without_billing_zip,HistGradientBoosting_balanced_lr0.03,original,0.05,0.12202208018593841,0.963302752293578,0.06513647642679901,0.1043272080616479,0.5041482075789816,0.5649701747654097,0.08465162738181002,0.08465162738181002,0.009895644257562931,105,1507,4,71
without_billing_zip,HistGradientBoosting_balanced_lr0.03,original,0.07,0.12009512485136742,0.926605504587156,0.06420851875397329,0.12270302311796087,0.4968895710514994,0.5649701747654097,0.08465162738181002,0.08465162738181002,-0.0060925659966143,101,1472,8,106
without_billing_zip,HistGradientBoosting_balanced_lr0.03,original,0.09,0.11951219512195121,0.8990825688073395,0.06401045068582625,0.14404267931238884,0.4954855176102604,0.5649701747654097,0.08465162738181002,0.08465162738181002,-0.007662223446955857,98,1433,11,145
without_billing_zip,HistGradientBoosting_balanced_lr0.03,original,0.11,0.12163009404388715,0.8899082568807339,0.06527590847913863,0.16953171310017784,0.5048400599993024,0.5649701747654097,0.08465162738181002,0.08465162738181002,0.007345816172421056,97,1389,12,189
without_billing_zip,HistGradientBoosting_balanced_lr0.03,original,0.13,0.1245985870263327,0.8899082568807339,0.06698895027624309,0.19205690574985182,0.5168806176672365,0.5649701747654097,0.08465162738181002,0.08465162738181002,0.02380136400329717,97,1351,12,227
without_billing_zip,HistGradientBoosting_balanced_lr0.03,original,0.15,0.1221273801707157,0.8532110091743119,0.06577086280056577,0.2074688796680498,0.5080376972360786,0.5649701747654097,0.08465162738181002,0.08465162738181002,0.010730559301423892,93,1321,16,257
without_billing_zip,HistGradientBoosting_balanced_lr0.03,original,0.17,0.12255892255892256,0.8348623853211009,0.06613372093023256,0.22762299940723177,0.510270229415937,0.5649701747654097,0.08465162738181002,0.08465162738181002,0.013022293445909794,91,1285,18,293
without_billing_zip,HistGradientBoosting_balanced_lr0.03,original,0.19,0.1216309606081548,0.8073394495412844,0.06576980568011959,0.24659158269116777,0.5075987488517576,0.5649701747654097,0.08465162738181002,0.08465162738181002,0.009223549113645157,88,1250,21,328
without_billing_zip,HistGradientBoosting_balanced_lr0.03,original,0.21,0.12437455325232309,0.7981651376146789,0.06744186046511629,0.27385892116182575,0.5179038615830048,0.5649701747654097,0.08465162738181002,0.08465162738181002,0.020751684079272515,87,1203,22,375
without_billing_zip,HistGradientBoosting_balanced_lr0.03,original,0.23,0.12656364974245768,0.7889908256880734,0.0688,0.2963841138114997,0.5256741200683713,0.5649701747654097,0.08465162738181002,0.08465162738181002,0.0288135379091581,86,1164,23,414
without_billing_zip,HistGradientBoosting_balanced_lr0.03,original,0.25,0.12654320987654322,0.7522935779816514,0.06908171861836562,0.32898636633076467,0.5260200462785316,0.5649701747654097,0.08465162738181002,0.08465162738181002,0.028015246435099082,82,1105,27,473
without_billing_zip,HistGradientBoosting_balanced_lr0.03,original,0.27,0.1293451899757478,0.7339449541284404,0.07092198581560284,0.36158861885002963,0.5349065708538273,0.5649701747654097,0.08465162738181002,0.08465162738181002,0.0364622510596054,80,1048,29,530
without_billing_zip,HistGradientBoosting_balanced_lr0.03,original,0.29,0.12827004219409283,0.6972477064220184,0.07063197026022305,0.3876704208654416,0.5317670724759015,0.5649701747654097,0.08465162738181002,0.08465162738181002,0.03249729382769182,76,1000,33,578
without_billing_zip,HistGradientBoosting_balanced_lr0.03,original,0.31,0.1275465013286094,0.6605504587155964,0.07058823529411765,0.4161232957913456,0.529895001220916,0.5649701747654097,0.08465162738181002,0.08465162738181002,0.030062999991256587,72,948,37,630
without_billing_zip,HistGradientBoosting_balanced_lr0.03,original,0.33,0.13358419567262464,0.6513761467889908,0.07442348008385745,0.45406046235921754,0.5459035360053953,0.5649701747654097,0.08465162738181002,0.08465162738181002,0.045531998247057164,71,883,38,695
without_billing_zip,HistGradientBoosting_balanced_lr0.03,original,0.35,0.13948919449901767,0.6513761467889908,0.0781078107810781,0.48073503260225253,0.5601620911384751,0.5649701747654097,0.08465162738181002,0.08465162738181002,0.059340052634004575,71,838,38,740
without_billing_zip,HistGradientBoosting_balanced_lr0.03,original,0.37,0.13278008298755187,0.5871559633027523,0.07485380116959064,0.5044457617071725,0.5429442680899059,0.5649701747654097,0.08465162738181002,0.08465162738181002,0.042233515061573995,64,791,45,787
without_billing_zip,HistGradientBoosting_balanced_lr0.03,original,0.39,0.13701657458563535,0.5688073394495413,0.07788944723618091,0.5370480142264374,0.5518307926652015,0.5649701747654097,0.08465162738181002,0.08465162738181002,0.05104923153755373,62,734,47,844
without_billing_zip,HistGradientBoosting_balanced_lr0.03,original,0.41,0.1368547418967587,0.5229357798165137,0.0787292817679558,0.5737996443390634,0.55012441715794,0.5649701747654097,0.08465162738181002,0.08465162738181002,0.04979246802294705,57,667,52,911
without_billing_zip,HistGradientBoosting_balanced_lr0.03,original,0.43,0.1366622864651774,0.47706422018348627,0.07975460122699386,0.6105512744516894,0.5484180416506785,0.5649701747654097,0.08465162738181002,0.08465162738181002,0.04888886907081657,52,600,57,978
without_billing_zip,HistGradientBoosting_balanced_lr0.03,original,0.45,0.13861386138613863,0.44954128440366975,0.08193979933110368,0.6390041493775933,0.5508162695782607,0.5649701747654097,0.08465162738181002,0.08465162738181002,0.052231799985758665,49,549,60,1029
without_billing_zip,HistGradientBoosting_balanced_lr0.03,original,0.47,0.14330218068535824,0.42201834862385323,0.08630393996247655,0.6739774748073504,0.5566999220939292,0.5649701747654097,0.08465162738181002,0.08465162738181002,0.05996705172586833,46,487,63,1091
without_billing_zip,HistGradientBoosting_balanced_lr0.03,original,0.49,0.14285714285714285,0.3761467889908257,0.08817204301075268,0.7083580320094843,0.5537261194637272,0.5649701747654097,0.08465162738181002,0.08465162738181002,0.059118055120750315,41,424,68,1154
without_billing_zip,HistGradientBoosting_balanced_lr0.03,original,0.51,0.14,0.3211009174311927,0.08951406649616368,0.7451096621221103,0.547749444773898,0.5649701747654097,0.08465162738181002,0.08465162738181002,0.055638343397118574,35,356,74,1222
without_billing_zip,HistGradientBoosting_balanced_lr0.03,original,0.53,0.14545454545454545,0.29357798165137616,0.09667673716012085,0.7771191464137522,0.5520488133858908,0.5649701747654097,0.08465162738181002,0.08465162738181002,0.06444121724119191,32,299,77,1279
without_billing_zip,HistGradientBoosting_balanced_lr0.03,original,0.55,0.13756613756613756,0.23853211009174313,0.09665427509293681,0.8067575577949022,0.5422698573272404,0.5649701747654097,0.08465162738181002,0.08465162738181002,0.05676926489846257,26,243,83,1335
without_billing_zip,HistGradientBoosting_balanced_lr0.03,original,0.57,0.1411042944785276,0.21100917431192662,0.10599078341013825,0.8340248962655602,0.5440343716933524,0.5649701747654097,0.08465162738181002,0.08465162738181002,0.06466957602947547,23,194,86,1384
without_billing_zip,HistGradientBoosting_balanced_lr0.03,original,0.59,0.14285714285714285,0.1834862385321101,0.11695906432748537,0.8577356253704801,0.5438977453750538,0.5649701747654097,0.08465162738181002,0.08465162738181002,0.0715140383929684,20,151,89,1427
without_billing_zip,HistGradientBoosting_balanced_lr0.03,original,0.61,0.12,0.13761467889908258,0.10638297872340426,0.8695909899229401,0.5288833850769177,0.5649701747654097,0.08465162738181002,0.08465162738181002,0.05131336946496706,15,126,94,1452
without_billing_zip,EasyEnsemble_n10,original,0.05,0.12138084632516703,1.0,0.06461173681090694,0.06461173681090694,0.5,0.6322804385995512,0.10591189230391285,0.10591189230391285,0.0,109,1578,0,0
without_billing_zip,EasyEnsemble_n10,original,0.07,0.12138084632516703,1.0,0.06461173681090694,0.06461173681090694,0.5,0.6322804385995512,0.10591189230391285,0.10591189230391285,0.0,109,1578,0,0
without_billing_zip,EasyEnsemble_n10,original,0.09,0.12138084632516703,1.0,0.06461173681090694,0.06461173681090694,0.5,0.6322804385995512,0.10591189230391285,0.10591189230391285,0.0,109,1578,0,0
without_billing_zip,EasyEnsemble_n10,original,0.11,0.12138084632516703,1.0,0.06461173681090694,0.06461173681090694,0.5,0.6322804385995512,0.10591189230391285,0.10591189230391285,0.0,109,1578,0,0
without_billing_zip,EasyEnsemble_n10,original,0.13,0.12138084632516703,1.0,0.06461173681090694,0.06461173681090694,0.5,0.6322804385995512,0.10591189230391285,0.10591189230391285,0.0,109,1578,0,0
without_billing_zip,EasyEnsemble_n10,original,0.15,0.12138084632516703,1.0,0.06461173681090694,0.06461173681090694,0.5,0.6322804385995512,0.10591189230391285,0.10591189230391285,0.0,109,1578,0,0
without_billing_zip,EasyEnsemble_n10,original,0.17,0.12138084632516703,1.0,0.06461173681090694,0.06461173681090694,0.5,0.6322804385995512,0.10591189230391285,0.10591189230391285,0.0,109,1578,0,0
without_billing_zip,EasyEnsemble_n10,original,0.19,0.12138084632516703,1.0,0.06461173681090694,0.06461173681090694,0.5,0.6322804385995512,0.10591189230391285,0.10591189230391285,0.0,109,1578,0,0
without_billing_zip,EasyEnsemble_n10,original,0.21,0.12138084632516703,1.0,0.06461173681090694,0.06461173681090694,0.5,0.6322804385995512,0.10591189230391285,0.10591189230391285,0.0,109,1578,0,0
without_billing_zip,EasyEnsemble_n10,original,0.23,0.12138084632516703,1.0,0.06461173681090694,0.06461173681090694,0.5,0.6322804385995512,0.10591189230391285,0.10591189230391285,0.0,109,1578,0,0
without_billing_zip,EasyEnsemble_n10,original,0.25,0.12138084632516703,1.0,0.06461173681090694,0.06461173681090694,0.5,0.6322804385995512,0.10591189230391285,0.10591189230391285,0.0,109,1578,0,0
without_billing_zip,EasyEnsemble_n10,original,0.27,0.12138084632516703,1.0,0.06461173681090694,0.06461173681090694,0.5,0.6322804385995512,0.10591189230391285,0.10591189230391285,0.0,109,1578,0,0
without_billing_zip,EasyEnsemble_n10,original,0.29,0.12138084632516703,1.0,0.06461173681090694,0.06461173681090694,0.5,0.6322804385995512,0.10591189230391285,0.10591189230391285,0.0,109,1578,0,0
without_billing_zip,EasyEnsemble_n10,original,0.31,0.12138084632516703,1.0,0.06461173681090694,0.06461173681090694,0.5,0.6322804385995512,0.10591189230391285,0.10591189230391285,0.0,109,1578,0,0
without_billing_zip,EasyEnsemble_n10,original,0.33,0.12165178571428571,1.0,0.0647653000594177,0.06698280972139893,0.5012674271229405,0.6322804385995512,0.10591189230391285,0.10591189230391285,0.012812907392210521,109,1574,0,4
without_billing_zip,EasyEnsemble_n10,original,0.35,0.12199216564073867,1.0,0.06495828367103695,0.06994665085951393,0.502851711026616,0.6322804385995512,0.10591189230391285,0.10591189230391285,0.01924797411753996,109,1569,0,9
without_billing_zip,EasyEnsemble_n10,original,0.37,0.12226584408300617,1.0,0.06511350059737156,0.07231772377000593,0.5041191381495564,0.6322804385995512,0.10591189230391285,0.10591189230391285,0.02316080760085005,109,1565,0,13
without_billing_zip,EasyEnsemble_n10,original,0.39,0.12267867191896455,1.0,0.06534772182254196,0.07587433313574392,0.506020278833967,0.6322804385995512,0.10591189230391285,0.10591189230391285,0.02805036564953177,109,1559,0,19
without_billing_zip,EasyEnsemble_n10,original,0.41,0.1252236135957066,0.963302752293578,0.06696428571428571,0.13040901007705988,0.5180899059313264,0.6322804385995512,0.10591189230391285,0.10591189230391285,0.03473653881466482,105,1463,4,115
without_billing_zip,EasyEnsemble_n10,original,0.43,0.136908962597036,0.8899082568807339,0.07415902140672782,0.27504445761707175,0.5612405669701515,0.6322804385995512,0.10591189230391285,0.10591189230391285,0.07214603528760977,97,1211,12,367
without_billing_zip,EasyEnsemble_n10,original,0.45,0.14126984126984127,0.8165137614678899,0.07732406602953953,0.35862477771191464,0.5717549795932606,0.6322804385995512,0.10591189230391285,0.10591189230391285,0.07577548638350946,89,1062,20,516
without_billing_zip,EasyEnsemble_n10,original,0.47,0.14554794520547945,0.7798165137614679,0.08026440037771483,0.4084173088322466,0.581289752444739,0.6322804385995512,0.10591189230391285,0.10591189230391285,0.08268081390163996,85,974,24,604
without_billing_zip,EasyEnsemble_n10,original,0.49,0.15354330708661418,0.7155963302752294,0.08599779492833518,0.4902193242442205,0.5951238939082104,0.6322804385995512,0.10591189230391285,0.10591189230391285,0.09380703712198055,78,829,31,749
without_billing_zip,EasyEnsemble_n10,original,0.51,0.15819209039548024,0.6422018348623854,0.09020618556701031,0.5583876704208655,0.5974000302322067,0.6322804385995512,0.10591189230391285,0.10591189230391285,0.0960872549792335,70,706,39,872
without_billing_zip,EasyEnsemble_n10,original,0.53,0.16,0.5504587155963303,0.093603744149766,0.6265560165975104,0.5911355681910675,0.6322804385995512,0.10591189230391285,0.10591189230391285,0.09231872387971388,60,581,49,997
without_billing_zip,EasyEnsemble_n10,original,0.55,0.1680327868852459,0.3761467889908257,0.10817941952506596,0.7593360995850622,0.5809758026069465,0.6322804385995512,0.10591189230391285,0.10591189230391285,0.09539564052649441,41,338,68,1240
without_billing_zip,EasyEnsemble_n10,original,0.57,0.16260162601626016,0.27522935779816515,0.11538461538461539,0.8168346176644932,0.5647376193300078,0.6322804385995512,0.10591189230391285,0.10591189230391285,0.08815659512953956,30,230,79,1348
without_billing_zip,EasyEnsemble_n10,original,0.59,0.12380952380952381,0.11926605504587157,0.12871287128712872,0.8909306461173682,0.5317496308182463,0.6322804385995512,0.10591189230391285,0.10591189230391285,0.06579958362072406,13,88,96,1490
without_billing_zip,EasyEnsemble_n10,original,0.61,0.08633093525179857,0.05504587155963303,0.2,0.9247184350918791,0.5199183730421739,0.6322804385995512,0.10591189230391285,0.10591189230391285,0.0741017943356085,6,24,103,1554
without_billing_zip,RUSBoost_n100_lr0.05,original,0.05,0.12138084632516703,1.0,0.06461173681090694,0.06461173681090694,0.5,0.5674236346089,0.07925657254660853,0.07925657254660853,0.0,109,1578,0,0
without_billing_zip,RUSBoost_n100_lr0.05,original,0.07,0.12138084632516703,1.0,0.06461173681090694,0.06461173681090694,0.5,0.5674236346089,0.07925657254660853,0.07925657254660853,0.0,109,1578,0,0
without_billing_zip,RUSBoost_n100_lr0.05,original,0.09,0.12138084632516703,1.0,0.06461173681090694,0.06461173681090694,0.5,0.5674236346089,0.07925657254660853,0.07925657254660853,0.0,109,1578,0,0
without_billing_zip,RUSBoost_n100_lr0.05,original,0.11,0.12138084632516703,1.0,0.06461173681090694,0.06461173681090694,0.5,0.5674236346089,0.07925657254660853,0.07925657254660853,0.0,109,1578,0,0
without_billing_zip,RUSBoost_n100_lr0.05,original,0.13,0.16489361702127658,0.28440366972477066,0.11610486891385768,0.8138707765263782,0.5674236346088999,0.5674236346089,0.07925657254660853,0.07925657254660853,0.09082577274931365,31,236,78,1342
without_billing_zip,RUSBoost_n100_lr0.05,original,0.15,0.16489361702127658,0.28440366972477066,0.11610486891385768,0.8138707765263782,0.5674236346088999,0.5674236346089,0.07925657254660853,0.07925657254660853,0.09082577274931365,31,236,78,1342
without_billing_zip,RUSBoost_n100_lr0.05,original,0.17,0.16489361702127658,0.28440366972477066,0.11610486891385768,0.8138707765263782,0.5674236346088999,0.5674236346089,0.07925657254660853,0.07925657254660853,0.09082577274931365,31,236,78,1342
without_billing_zip,RUSBoost_n100_lr0.05,original,0.19,0.16489361702127658,0.28440366972477066,0.11610486891385768,0.8138707765263782,0.5674236346088999,0.5674236346089,0.07925657254660853,0.07925657254660853,0.09082577274931365,31,236,78,1342
without_billing_zip,RUSBoost_n100_lr0.05,original,0.21,0.16489361702127658,0.28440366972477066,0.11610486891385768,0.8138707765263782,0.5674236346088999,0.5674236346089,0.07925657254660853,0.07925657254660853,0.09082577274931365,31,236,78,1342
without_billing_zip,RUSBoost_n100_lr0.05,original,0.23,0.16489361702127658,0.28440366972477066,0.11610486891385768,0.8138707765263782,0.5674236346088999,0.5674236346089,0.07925657254660853,0.07925657254660853,0.09082577274931365,31,236,78,1342
without_billing_zip,RUSBoost_n100_lr0.05,original,0.25,0.16489361702127658,0.28440366972477066,0.11610486891385768,0.8138707765263782,0.5674236346088999,0.5674236346089,0.07925657254660853,0.07925657254660853,0.09082577274931365,31,236,78,1342
without_billing_zip,RUSBoost_n100_lr0.05,original,0.27,0.16489361702127658,0.28440366972477066,0.11610486891385768,0.8138707765263782,0.5674236346088999,0.5674236346089,0.07925657254660853,0.07925657254660853,0.09082577274931365,31,236,78,1342
without_billing_zip,RUSBoost_n100_lr0.05,original,0.29,0.16489361702127658,0.28440366972477066,0.11610486891385768,0.8138707765263782,0.5674236346088999,0.5674236346089,0.07925657254660853,0.07925657254660853,0.09082577274931365,31,236,78,1342
without_billing_zip,RUSBoost_n100_lr0.05,original,0.31,0.16489361702127658,0.28440366972477066,0.11610486891385768,0.8138707765263782,0.5674236346088999,0.5674236346089,0.07925657254660853,0.07925657254660853,0.09082577274931365,31,236,78,1342
without_billing_zip,RUSBoost_n100_lr0.05,original,0.33,0.16489361702127658,0.28440366972477066,0.11610486891385768,0.8138707765263782,0.5674236346088999,0.5674236346089,0.07925657254660853,0.07925657254660853,0.09082577274931365,31,236,78,1342
without_billing_zip,RUSBoost_n100_lr0.05,original,0.35,0.16489361702127658,0.28440366972477066,0.11610486891385768,0.8138707765263782,0.5674236346088999,0.5674236346089,0.07925657254660853,0.07925657254660853,0.09082577274931365,31,236,78,1342
without_billing_zip,RUSBoost_n100_lr0.05,original,0.37,0.16489361702127658,0.28440366972477066,0.11610486891385768,0.8138707765263782,0.5674236346088999,0.5674236346089,0.07925657254660853,0.07925657254660853,0.09082577274931365,31,236,78,1342
without_billing_zip,RUSBoost_n100_lr0.05,original,0.39,0.16489361702127658,0.28440366972477066,0.11610486891385768,0.8138707765263782,0.5674236346088999,0.5674236346089,0.07925657254660853,0.07925657254660853,0.09082577274931365,31,236,78,1342
without_billing_zip,RUSBoost_n100_lr0.05,original,0.41,0.16489361702127658,0.28440366972477066,0.11610486891385768,0.8138707765263782,0.5674236346088999,0.5674236346089,0.07925657254660853,0.07925657254660853,0.09082577274931365,31,236,78,1342
without_billing_zip,RUSBoost_n100_lr0.05,original,0.43,0.16489361702127658,0.28440366972477066,0.11610486891385768,0.8138707765263782,0.5674236346088999,0.5674236346089,0.07925657254660853,0.07925657254660853,0.09082577274931365,31,236,78,1342
without_billing_zip,RUSBoost_n100_lr0.05,original,0.45,0.16489361702127658,0.28440366972477066,0.11610486891385768,0.8138707765263782,0.5674236346088999,0.5674236346089,0.07925657254660853,0.07925657254660853,0.09082577274931365,31,236,78,1342
without_billing_zip,RUSBoost_n100_lr0.05,original,0.47,0.16489361702127658,0.28440366972477066,0.11610486891385768,0.8138707765263782,0.5674236346088999,0.5674236346089,0.07925657254660853,0.07925657254660853,0.09082577274931365,31,236,78,1342
without_billing_zip,RUSBoost_n100_lr0.05,original,0.49,0.16489361702127658,0.28440366972477066,0.11610486891385768,0.8138707765263782,0.5674236346088999,0.5674236346089,0.07925657254660853,0.07925657254660853,0.09082577274931365,31,236,78,1342
without_billing_zip,RUSBoost_n100_lr0.05,original,0.51,0.16489361702127658,0.28440366972477066,0.11610486891385768,0.8138707765263782,0.5674236346088999,0.5674236346089,0.07925657254660853,0.07925657254660853,0.09082577274931365,31,236,78,1342
without_billing_zip,RUSBoost_n100_lr0.05,original,0.53,0.16489361702127658,0.28440366972477066,0.11610486891385768,0.8138707765263782,0.5674236346088999,0.5674236346089,0.07925657254660853,0.07925657254660853,0.09082577274931365,31,236,78,1342
without_billing_zip,RUSBoost_n100_lr0.05,original,0.55,0.16489361702127658,0.28440366972477066,0.11610486891385768,0.8138707765263782,0.5674236346088999,0.5674236346089,0.07925657254660853,0.07925657254660853,0.09082577274931365,31,236,78,1342
without_billing_zip,RUSBoost_n100_lr0.05,original,0.57,0.16489361702127658,0.28440366972477066,0.11610486891385768,0.8138707765263782,0.5674236346088999,0.5674236346089,0.07925657254660853,0.07925657254660853,0.09082577274931365,31,236,78,1342
without_billing_zip,RUSBoost_n100_lr0.05,original,0.59,0.16489361702127658,0.28440366972477066,0.11610486891385768,0.8138707765263782,0.5674236346088999,0.5674236346089,0.07925657254660853,0.07925657254660853,0.09082577274931365,31,236,78,1342
without_billing_zip,RUSBoost_n100_lr0.05,original,0.61,0.16489361702127658,0.28440366972477066,0.11610486891385768,0.8138707765263782,0.5674236346088999,0.5674236346089,0.07925657254660853,0.07925657254660853,0.09082577274931365,31,236,78,1342
without_billing_zip,BalancedBagging_tree_depth3_leaf10,original,0.05,0.12138084632516703,1.0,0.06461173681090694,0.06461173681090694,0.5,0.6199259310938245,0.10062144024852343,0.10062144024852343,0.0,109,1578,0,0
without_billing_zip,BalancedBagging_tree_depth3_leaf10,original,0.07,0.12138084632516703,1.0,0.06461173681090694,0.06461173681090694,0.5,0.6199259310938245,0.10062144024852343,0.10062144024852343,0.0,109,1578,0,0
without_billing_zip,BalancedBagging_tree_depth3_leaf10,original,0.09,0.12138084632516703,1.0,0.06461173681090694,0.06461173681090694,0.5,0.6199259310938245,0.10062144024852343,0.10062144024852343,0.0,109,1578,0,0
without_billing_zip,BalancedBagging_tree_depth3_leaf10,original,0.11,0.12138084632516703,1.0,0.06461173681090694,0.06461173681090694,0.5,0.6199259310938245,0.10062144024852343,0.10062144024852343,0.0,109,1578,0,0
without_billing_zip,BalancedBagging_tree_depth3_leaf10,original,0.13,0.12138084632516703,1.0,0.06461173681090694,0.06461173681090694,0.5,0.6199259310938245,0.10062144024852343,0.10062144024852343,0.0,109,1578,0,0
without_billing_zip,BalancedBagging_tree_depth3_leaf10,original,0.15,0.12138084632516703,1.0,0.06461173681090694,0.06461173681090694,0.5,0.6199259310938245,0.10062144024852343,0.10062144024852343,0.0,109,1578,0,0
without_billing_zip,BalancedBagging_tree_depth3_leaf10,original,0.17,0.12138084632516703,1.0,0.06461173681090694,0.06461173681090694,0.5,0.6199259310938245,0.10062144024852343,0.10062144024852343,0.0,109,1578,0,0
without_billing_zip,BalancedBagging_tree_depth3_leaf10,original,0.19,0.12138084632516703,1.0,0.06461173681090694,0.06461173681090694,0.5,0.6199259310938245,0.10062144024852343,0.10062144024852343,0.0,109,1578,0,0
without_billing_zip,BalancedBagging_tree_depth3_leaf10,original,0.21,0.12138084632516703,1.0,0.06461173681090694,0.06461173681090694,0.5,0.6199259310938245,0.10062144024852343,0.10062144024852343,0.0,109,1578,0,0
without_billing_zip,BalancedBagging_tree_depth3_leaf10,original,0.23,0.12138084632516703,1.0,0.06461173681090694,0.06461173681090694,0.5,0.6199259310938245,0.10062144024852343,0.10062144024852343,0.0,109,1578,0,0
without_billing_zip,BalancedBagging_tree_depth3_leaf10,original,0.25,0.12138084632516703,1.0,0.06461173681090694,0.06461173681090694,0.5,0.6199259310938245,0.10062144024852343,0.10062144024852343,0.0,109,1578,0,0
without_billing_zip,BalancedBagging_tree_depth3_leaf10,original,0.27,0.12138084632516703,1.0,0.06461173681090694,0.06461173681090694,0.5,0.6199259310938245,0.10062144024852343,0.10062144024852343,0.0,109,1578,0,0
without_billing_zip,BalancedBagging_tree_depth3_leaf10,original,0.29,0.12138084632516703,1.0,0.06461173681090694,0.06461173681090694,0.5,0.6199259310938245,0.10062144024852343,0.10062144024852343,0.0,109,1578,0,0
without_billing_zip,BalancedBagging_tree_depth3_leaf10,original,0.31,0.12138084632516703,1.0,0.06461173681090694,0.06461173681090694,0.5,0.6199259310938245,0.10062144024852343,0.10062144024852343,0.0,109,1578,0,0
without_billing_zip,BalancedBagging_tree_depth3_leaf10,original,0.33,0.12060301507537688,0.9908256880733946,0.06420927467300833,0.06639004149377593,0.4966802711596377,0.6199259310938245,0.10062144024852343,0.10062144024852343,-0.030026268070532262,108,1574,1,4
without_billing_zip,BalancedBagging_tree_depth3_leaf10,original,0.35,0.12313003452243959,0.981651376146789,0.06568446899938613,0.09662122110254891,0.5085696677945605,0.6199259310938245,0.10062144024852343,0.10062144024852343,0.023125236974678557,107,1522,2,56
without_billing_zip,BalancedBagging_tree_depth3_leaf10,original,0.37,0.12507664009809932,0.9357798165137615,0.06701708278580815,0.15411973918197985,0.5179532796130277,0.6199259310938245,0.10062144024852343,0.10062144024852343,0.029716060960017696,102,1420,7,158
without_billing_zip,BalancedBagging_tree_depth3_leaf10,original,0.39,0.1375515818431912,0.9174311926605505,0.07434944237918216,0.2566686425607587,0.5642289043150661,0.6199259310938245,0.10062144024852343,0.10062144024852343,0.07855124310117982,100,1245,9,333
without_billing_zip,BalancedBagging_tree_depth3_leaf10,original,0.41,0.14156626506024098,0.8623853211009175,0.0771123872026251,0.3242442205097807,0.5747287822234626,0.6199259310938245,0.10062144024852343,0.10062144024852343,0.08206535826526636,94,1125,15,453
without_billing_zip,BalancedBagging_tree_depth3_leaf10,original,0.43,0.14166666666666666,0.7798165137614679,0.07791017415215398,0.3894487255483106,0.5711503354612155,0.6199259310938245,0.10062144024852343,0.10062144024852343,0.07318771545992152,85,1006,24,572
without_billing_zip,BalancedBagging_tree_depth3_leaf10,original,0.45,0.14492753623188406,0.7339449541284404,0.08040201005025126,0.44042679312388855,0.5770485226915967,0.6199259310938245,0.10062144024852343,0.10062144024852343,0.07701875119333887,80,915,29,663
without_billing_zip,BalancedBagging_tree_depth3_leaf10,original,0.47,0.15,0.7155963302752294,0.08378088077336197,0.4759928867812685,0.5875193311705678,0.6199259310938245,0.10062144024852343,0.10062144024852343,0.08652965973500824,78,853,31,725
without_billing_zip,BalancedBagging_tree_depth3_leaf10,original,0.49,0.1506276150627615,0.6605504587155964,0.08500590318772137,0.5186721991701245,0.5847112242880896,0.6199259310938245,0.10062144024852343,0.10062144024852343,0.08330217757354863,72,775,37,803
without_billing_zip,BalancedBagging_tree_depth3_leaf10,original,0.51,0.15903614457831325,0.6055045871559633,0.09153952843273232,0.5862477771191464,0.5952111021964861,0.6199259310938245,0.10062144024852343,0.10062144024852343,0.09462984772316459,66,655,43,923
without_billing_zip,BalancedBagging_tree_depth3_leaf10,original,0.53,0.15873015873015872,0.5045871559633027,0.09417808219178082,0.6544161232957914,0.5846763409727793,0.6199259310938245,0.10062144024852343,0.10062144024852343,0.0875114031526887,55,529,54,1049
without_billing_zip,BalancedBagging_tree_depth3_leaf10,original,0.55,0.1717557251908397,0.41284403669724773,0.10843373493975904,0.7427385892116183,0.589185009476634,0.6199259310938245,0.10062144024852343,0.10062144024852343,0.10181716558511318,45,370,64,1208
without_billing_zip,BalancedBagging_tree_depth3_leaf10,original,0.57,0.1437125748502994,0.22018348623853212,0.10666666666666667,0.8304682868998222,0.5464035301915093,0.6199259310938245,0.10062144024852343,0.10062144024852343,0.06710931715935244,24,201,85,1377
without_billing_zip,BalancedBagging_tree_depth3_leaf10,original,0.59,0.12173913043478261,0.12844036697247707,0.11570247933884298,0.8802608180201541,0.530316507947582,0.6199259310938245,0.10062144024852343,0.10062144024852343,0.0577680030653575,14,107,95,1471
without_billing_zip,BalancedBagging_tree_depth3_leaf10,original,0.61,0.08433734939759036,0.06422018348623854,0.12280701754385964,0.9098992294013041,0.5162672527063639,0.6199259310938245,0.10062144024852343,0.10062144024852343,0.04426696297801802,7,50,102,1528
without_billing_zip,BalancedBagging_tree_depth3_leaf25,original,0.05,0.12138084632516703,1.0,0.06461173681090694,0.06461173681090694,0.5,0.6232834501924396,0.09736447997273447,0.09736447997273447,0.0,109,1578,0,0
without_billing_zip,BalancedBagging_tree_depth3_leaf25,original,0.07,0.12138084632516703,1.0,0.06461173681090694,0.06461173681090694,0.5,0.6232834501924396,0.09736447997273447,0.09736447997273447,0.0,109,1578,0,0
without_billing_zip,BalancedBagging_tree_depth3_leaf25,original,0.09,0.12138084632516703,1.0,0.06461173681090694,0.06461173681090694,0.5,0.6232834501924396,0.09736447997273447,0.09736447997273447,0.0,109,1578,0,0
without_billing_zip,BalancedBagging_tree_depth3_leaf25,original,0.11,0.12138084632516703,1.0,0.06461173681090694,0.06461173681090694,0.5,0.6232834501924396,0.09736447997273447,0.09736447997273447,0.0,109,1578,0,0
without_billing_zip,BalancedBagging_tree_depth3_leaf25,original,0.13,0.12138084632516703,1.0,0.06461173681090694,0.06461173681090694,0.5,0.6232834501924396,0.09736447997273447,0.09736447997273447,0.0,109,1578,0,0
without_billing_zip,BalancedBagging_tree_depth3_leaf25,original,0.15,0.12138084632516703,1.0,0.06461173681090694,0.06461173681090694,0.5,0.6232834501924396,0.09736447997273447,0.09736447997273447,0.0,109,1578,0,0
without_billing_zip,BalancedBagging_tree_depth3_leaf25,original,0.17,0.12138084632516703,1.0,0.06461173681090694,0.06461173681090694,0.5,0.6232834501924396,0.09736447997273447,0.09736447997273447,0.0,109,1578,0,0
without_billing_zip,BalancedBagging_tree_depth3_leaf25,original,0.19,0.12138084632516703,1.0,0.06461173681090694,0.06461173681090694,0.5,0.6232834501924396,0.09736447997273447,0.09736447997273447,0.0,109,1578,0,0
without_billing_zip,BalancedBagging_tree_depth3_leaf25,original,0.21,0.12138084632516703,1.0,0.06461173681090694,0.06461173681090694,0.5,0.6232834501924396,0.09736447997273447,0.09736447997273447,0.0,109,1578,0,0
without_billing_zip,BalancedBagging_tree_depth3_leaf25,original,0.23,0.12138084632516703,1.0,0.06461173681090694,0.06461173681090694,0.5,0.6232834501924396,0.09736447997273447,0.09736447997273447,0.0,109,1578,0,0
without_billing_zip,BalancedBagging_tree_depth3_leaf25,original,0.25,0.12138084632516703,1.0,0.06461173681090694,0.06461173681090694,0.5,0.6232834501924396,0.09736447997273447,0.09736447997273447,0.0,109,1578,0,0
without_billing_zip,BalancedBagging_tree_depth3_leaf25,original,0.27,0.12138084632516703,1.0,0.06461173681090694,0.06461173681090694,0.5,0.6232834501924396,0.09736447997273447,0.09736447997273447,0.0,109,1578,0,0
without_billing_zip,BalancedBagging_tree_depth3_leaf25,original,0.29,0.12138084632516703,1.0,0.06461173681090694,0.06461173681090694,0.5,0.6232834501924396,0.09736447997273447,0.09736447997273447,0.0,109,1578,0,0
without_billing_zip,BalancedBagging_tree_depth3_leaf25,original,0.31,0.12138084632516703,1.0,0.06461173681090694,0.06461173681090694,0.5,0.6232834501924396,0.09736447997273447,0.09736447997273447,0.0,109,1578,0,0
without_billing_zip,BalancedBagging_tree_depth3_leaf25,original,0.33,0.12124645892351275,0.981651376146789,0.0646135265700483,0.08061647895672792,0.5000145347147126,0.6232834501924396,0.09736447997273447,0.09736447997273447,5.320987550244399e-05,107,1549,2,29
without_billing_zip,BalancedBagging_tree_depth3_leaf25,original,0.35,0.12448620082207869,0.9724770642201835,0.06649937264742785,0.11618257261410789,0.5147556423762515,0.6232834501924396,0.09736447997273447,0.09736447997273447,0.03178844120998939,106,1488,3,90
without_billing_zip,BalancedBagging_tree_depth3_leaf25,original,0.37,0.12627781118460613,0.963302752293578,0.06756756756756757,0.13870776526378187,0.5225259008616179,0.6232834501924396,0.09736447997273447,0.09736447997273447,0.04109865267579087,105,1449,4,129
without_billing_zip,BalancedBagging_tree_depth3_leaf25,original,0.39,0.13439787092481703,0.926605504587156,0.07245337159253945,0.22880853586247776,0.5536069348030837,0.6232834501924396,0.09736447997273447,0.09736447997273447,0.06957488903902952,101,1293,8,285
without_billing_zip,BalancedBagging_tree_depth3_leaf25,original,0.41,0.14050822122571002,0.8623853211009175,0.07648494711147275,0.31831653823355066,0.5715602144161115,0.6232834501924396,0.09736447997273447,0.09736447997273447,0.07911515746390779,94,1135,15,443
without_billing_zip,BalancedBagging_tree_depth3_leaf25,original,0.43,0.1453344343517754,0.8073394495412844,0.07985480943738657,0.38648488441019563,0.582376949105243,0.6232834501924396,0.09736447997273447,0.09736447997273447,0.08510081460127945,88,1014,21,564
without_billing_zip,BalancedBagging_tree_depth3_leaf25,original,0.45,0.1444043321299639,0.7339449541284404,0.08008008008008008,0.43805572021339656,0.5757810955686562,0.6232834501924396,0.09736447997273447,0.09736447997273447,0.07581945536499644,80,919,29,659
without_billing_zip,BalancedBagging_tree_depth3_leaf25,original,0.47,0.14919735599622286,0.7247706422018348,0.08315789473684211,0.46591582691167754,0.5864030650806386,0.6232834501924396,0.09736447997273447,0.09736447997273447,0.08565058754957763,79,871,30,707
without_billing_zip,BalancedBagging_tree_depth3_leaf25,original,0.49,0.15124378109452735,0.6972477064220184,0.08482142857142858,0.4943687018375815,0.5888012930082208,0.6232834501924396,0.09736447997273447,0.09736447997273447,0.08749309647318072,76,820,33,758
without_billing_zip,BalancedBagging_tree_depth3_leaf25,original,0.51,0.1602787456445993,0.6330275229357798,0.09175531914893617,0.5714285714285714,0.6001005802258113,0.6232834501924396,0.09736447997273447,0.09736447997273447,0.09901901758694573,69,683,40,895
without_billing_zip,BalancedBagging_tree_depth3_leaf25,original,0.53,0.15766423357664233,0.4954128440366973,0.09375,0.6579727326615293,0.5823071824746224,0.6232834501924396,0.09736447997273447,0.09736447997273447,0.08534266650629872,54,522,55,1056
without_billing_zip,BalancedBagging_tree_depth3_leaf25,original,0.55,0.1596806387225549,0.3669724770642202,0.10204081632653061,0.7504445761707172,0.5719526517133522,0.6232834501924396,0.09736447997273447,0.09736447997273447,0.08376558584356558,40,352,69,1226
without_billing_zip,BalancedBagging_tree_depth3_leaf25,original,0.57,0.1415929203539823,0.22018348623853212,0.10434782608695652,0.8275044457617071,0.5448192462878338,0.6232834501924396,0.09736447997273447,0.09736447997273447,0.0642196004220459,24,206,85,1372
without_billing_zip,BalancedBagging_tree_depth3_leaf25,original,0.59,0.1206896551724138,0.12844036697247707,0.11382113821138211,0.8790752815649081,0.5296827943861118,0.6232834501924396,0.09736447997273447,0.09736447997273447,0.0561345955246786,14,109,95,1469
without_billing_zip,BalancedBagging_tree_depth3_leaf25,original,0.61,0.06976744186046512,0.05504587155963303,0.09523809523809523,0.9051570835803201,0.5094620992779153,0.6232834501924396,0.09736447997273447,0.09736447997273447,0.024536971434772438,6,57,103,1521
without_billing_zip,BalancedBagging_tree_depth5_leaf10,original,0.05,0.12138084632516703,1.0,0.06461173681090694,0.06461173681090694,0.5,0.6053098219788141,0.09716417730826432,0.09716417730826432,0.0,109,1578,0,0
without_billing_zip,BalancedBagging_tree_depth5_leaf10,original,0.07,0.12138084632516703,1.0,0.06461173681090694,0.06461173681090694,0.5,0.6053098219788141,0.09716417730826432,0.09716417730826432,0.0,109,1578,0,0
without_billing_zip,BalancedBagging_tree_depth5_leaf10,original,0.09,0.12138084632516703,1.0,0.06461173681090694,0.06461173681090694,0.5,0.6053098219788141,0.09716417730826432,0.09716417730826432,0.0,109,1578,0,0
without_billing_zip,BalancedBagging_tree_depth5_leaf10,original,0.11,0.12138084632516703,1.0,0.06461173681090694,0.06461173681090694,0.5,0.6053098219788141,0.09716417730826432,0.09716417730826432,0.0,109,1578,0,0
without_billing_zip,BalancedBagging_tree_depth5_leaf10,original,0.13,0.12138084632516703,1.0,0.06461173681090694,0.06461173681090694,0.5,0.6053098219788141,0.09716417730826432,0.09716417730826432,0.0,109,1578,0,0
without_billing_zip,BalancedBagging_tree_depth5_leaf10,original,0.15,0.12138084632516703,1.0,0.06461173681090694,0.06461173681090694,0.5,0.6053098219788141,0.09716417730826432,0.09716417730826432,0.0,109,1578,0,0
without_billing_zip,BalancedBagging_tree_depth5_leaf10,original,0.17,0.12138084632516703,1.0,0.06461173681090694,0.06461173681090694,0.5,0.6053098219788141,0.09716417730826432,0.09716417730826432,0.0,109,1578,0,0
without_billing_zip,BalancedBagging_tree_depth5_leaf10,original,0.19,0.12138084632516703,1.0,0.06461173681090694,0.06461173681090694,0.5,0.6053098219788141,0.09716417730826432,0.09716417730826432,0.0,109,1578,0,0
without_billing_zip,BalancedBagging_tree_depth5_leaf10,original,0.21,0.12138084632516703,1.0,0.06461173681090694,0.06461173681090694,0.5,0.6053098219788141,0.09716417730826432,0.09716417730826432,0.0,109,1578,0,0
without_billing_zip,BalancedBagging_tree_depth5_leaf10,original,0.23,0.12138084632516703,1.0,0.06461173681090694,0.06461173681090694,0.5,0.6053098219788141,0.09716417730826432,0.09716417730826432,0.0,109,1578,0,0
without_billing_zip,BalancedBagging_tree_depth5_leaf10,original,0.25,0.12171970965940815,1.0,0.06480380499405469,0.06757557794902193,0.5015842839036755,0.6053098219788141,0.09716417730826432,0.09716417730826432,0.014329523728931773,109,1573,0,5
without_billing_zip,BalancedBagging_tree_depth5_leaf10,original,0.27,0.12203389830508475,0.9908256880733946,0.0650210716435882,0.07883817427385892,0.5033342635550749,0.6053098219788141,0.09716417730826432,0.09716417730826432,0.013308379580453212,108,1553,1,25
without_billing_zip,BalancedBagging_tree_depth5_leaf10,original,0.29,0.12173913043478261,0.963302752293578,0.06497524752475248,0.1019561351511559,0.5028807804560412,0.6053098219788141,0.09716417730826432,0.09716417730826432,0.007054350815567936,105,1511,4,67
without_billing_zip,BalancedBagging_tree_depth5_leaf10,original,0.31,0.12293144208037825,0.9541284403669725,0.065698041692988,0.12033195020746888,0.5084330414762619,0.6053098219788141,0.09716417730826432,0.09716417730826432,0.01723946774975412,104,1479,5,99
without_billing_zip,BalancedBagging_tree_depth5_leaf10,original,0.33,0.12598425196850394,0.9541284403669725,0.06744487678339818,0.14463544754001187,0.5214241694864014,0.6053098219788141,0.09716417730826432,0.09716417730826432,0.03758153818429083,104,1438,5,140
without_billing_zip,BalancedBagging_tree_depth5_leaf10,original,0.35,0.12833545108005082,0.926605504587156,0.0689419795221843,0.18672199170124482,0.531110103370891,0.6053098219788141,0.09716417730826432,0.09716417730826432,0.0452483657908387,101,1364,8,214
without_billing_zip,BalancedBagging_tree_depth5_leaf10,original,0.37,0.13099257258609048,0.8899082568807339,0.0706997084548105,0.23710729104919975,0.5409617330031046,0.6053098219788141,0.09716417730826432,0.09716417730826432,0.05168240724998097,97,1275,12,303
without_billing_zip,BalancedBagging_tree_depth5_leaf10,original,0.39,0.13121845710165825,0.8348623853211009,0.07120500782472614,0.2857142857142857,0.5413221939279775,0.6053098219788141,0.09716417730826432,0.09716417730826432,0.04740815288765236,91,1187,18,391
without_billing_zip,BalancedBagging_tree_depth5_leaf10,original,0.41,0.13809154383242825,0.8165137614678899,0.07542372881355933,0.34143449911084767,0.5625661329519425,0.6053098219788141,0.09716417730826432,0.09716417730826432,0.06709514162766153,89,1091,20,487
without_billing_zip,BalancedBagging_tree_depth5_leaf10,original,0.43,0.14358108108108109,0.7798165137614679,0.07906976744186046,0.3989330171902786,0.5762200439529773,0.6053098219788141,0.09716417730826432,0.09716417730826432,0.07794459337607698,85,990,24,588
without_billing_zip,BalancedBagging_tree_depth5_leaf10,original,0.45,0.1458910433979686,0.7247706422018348,0.0811088295687885,0.45168938944872555,0.578798502342996,0.6053098219788141,0.09716417730826432,0.09716417730826432,0.07843148971420418,79,895,30,683
without_billing_zip,BalancedBagging_tree_depth5_leaf10,original,0.47,0.14585414585414586,0.6697247706422018,0.08183856502242152,0.49318316538233553,0.5753566818990477,0.6053098219788141,0.09716417730826432,0.09716417730826432,0.0742253954278505,73,819,36,759
without_billing_zip,BalancedBagging_tree_depth5_leaf10,original,0.49,0.1434878587196468,0.5963302752293578,0.08155583437892096,0.5400118553645524,0.56622597411658,0.6053098219788141,0.09716417730826432,0.09716417730826432,0.0652230246805802,65,732,44,846
without_billing_zip,BalancedBagging_tree_depth5_leaf10,original,0.51,0.14304291287386217,0.5045871559633027,0.08333333333333333,0.6093657379964433,0.5605952256369111,0.6053098219788141,0.09716417730826432,0.09716417730826432,0.0610489166436826,55,605,54,973
without_billing_zip,BalancedBagging_tree_depth5_leaf10,original,0.53,0.15333333333333332,0.42201834862385323,0.09368635437881874,0.6988737403675163,0.5700079068848036,0.6053098219788141,0.09716417730826432,0.09716417730826432,0.07577701635779263,46,445,63,1133
without_billing_zip,BalancedBagging_tree_depth5_leaf10,original,0.55,0.16018306636155608,0.3211009174311927,0.10670731707317073,0.7824540604623592,0.5677114219602097,0.6053098219788141,0.09716417730826432,0.09716417730826432,0.08412247234785145,35,293,74,1285
without_billing_zip,BalancedBagging_tree_depth5_leaf10,original,0.57,0.16463414634146342,0.24770642201834864,0.1232876712328767,0.8375815056312982,0.5630167091080336,0.6053098219788141,0.09716417730826432,0.09716417730826432,0.09218651097270089,27,192,82,1386
without_billing_zip,BalancedBagging_tree_depth5_leaf10,original,0.59,0.12096774193548387,0.13761467889908258,0.1079136690647482,0.8707765263781861,0.5295170986383879,0.6053098219788141,0.09716417730826432,0.09716417730826432,0.05278099005423686,15,124,94,1454
without_billing_zip,BalancedBagging_tree_depth5_leaf10,original,0.61,0.10638297872340426,0.09174311926605505,0.12658227848101267,0.9004149377593361,0.5240084417623051,0.6053098219788141,0.09716417730826432,0.09716417730826432,0.055873277787990415,10,69,99,1509
without_billing_zip,BalancedBagging_tree_depth5_leaf25,original,0.05,0.12138084632516703,1.0,0.06461173681090694,0.06461173681090694,0.5,0.6101993000081396,0.09230303748407144,0.09230303748407144,0.0,109,1578,0,0
without_billing_zip,BalancedBagging_tree_depth5_leaf25,original,0.07,0.12138084632516703,1.0,0.06461173681090694,0.06461173681090694,0.5,0.6101993000081396,0.09230303748407144,0.09230303748407144,0.0,109,1578,0,0
without_billing_zip,BalancedBagging_tree_depth5_leaf25,original,0.09,0.12138084632516703,1.0,0.06461173681090694,0.06461173681090694,0.5,0.6101993000081396,0.09230303748407144,0.09230303748407144,0.0,109,1578,0,0
without_billing_zip,BalancedBagging_tree_depth5_leaf25,original,0.11,0.12138084632516703,1.0,0.06461173681090694,0.06461173681090694,0.5,0.6101993000081396,0.09230303748407144,0.09230303748407144,0.0,109,1578,0,0
without_billing_zip,BalancedBagging_tree_depth5_leaf25,original,0.13,0.12138084632516703,1.0,0.06461173681090694,0.06461173681090694,0.5,0.6101993000081396,0.09230303748407144,0.09230303748407144,0.0,109,1578,0,0
without_billing_zip,BalancedBagging_tree_depth5_leaf25,original,0.15,0.12138084632516703,1.0,0.06461173681090694,0.06461173681090694,0.5,0.6101993000081396,0.09230303748407144,0.09230303748407144,0.0,109,1578,0,0
without_billing_zip,BalancedBagging_tree_depth5_leaf25,original,0.17,0.12138084632516703,1.0,0.06461173681090694,0.06461173681090694,0.5,0.6101993000081396,0.09230303748407144,0.09230303748407144,0.0,109,1578,0,0
without_billing_zip,BalancedBagging_tree_depth5_leaf25,original,0.19,0.12138084632516703,1.0,0.06461173681090694,0.06461173681090694,0.5,0.6101993000081396,0.09230303748407144,0.09230303748407144,0.0,109,1578,0,0
without_billing_zip,BalancedBagging_tree_depth5_leaf25,original,0.21,0.12138084632516703,1.0,0.06461173681090694,0.06461173681090694,0.5,0.6101993000081396,0.09230303748407144,0.09230303748407144,0.0,109,1578,0,0
without_billing_zip,BalancedBagging_tree_depth5_leaf25,original,0.23,0.12138084632516703,1.0,0.06461173681090694,0.06461173681090694,0.5,0.6101993000081396,0.09230303748407144,0.09230303748407144,0.0,109,1578,0,0
without_billing_zip,BalancedBagging_tree_depth5_leaf25,original,0.25,0.1218557853549469,1.0,0.06488095238095239,0.06876111440426794,0.5022179974651457,0.6101993000081396,0.09230303748407144,0.09230303748407144,0.01696501033994349,109,1571,0,7
without_billing_zip,BalancedBagging_tree_depth5_leaf25,original,0.27,0.12072892938496584,0.9724770642201835,0.06435944140862174,0.08476585655008892,0.49796223299729075,0.6101993000081396,0.09230303748407144,0.09230303748407144,-0.006585283469662527,106,1541,3,37
without_billing_zip,BalancedBagging_tree_depth5_leaf25,original,0.29,0.12275622466705269,0.9724770642201835,0.06551297898640297,0.1019561351511559,0.5071510796386088,0.6101993000081396,0.09230303748407144,0.09230303748407144,0.017752296981957242,106,1512,3,66
without_billing_zip,BalancedBagging_tree_depth5_leaf25,original,0.31,0.1237594862813777,0.9724770642201835,0.06608478802992519,0.11025489033787789,0.5115870745689004,0.6101993000081396,0.09230303748407144,0.09230303748407144,0.026340821649887675,106,1498,3,80
without_billing_zip,BalancedBagging_tree_depth5_leaf25,original,0.33,0.1252236135957066,0.963302752293578,0.06696428571428571,0.13040901007705988,0.5180899059313264,0.6101993000081396,0.09230303748407144,0.09230303748407144,0.03473653881466482,105,1463,4,115
without_billing_zip,BalancedBagging_tree_depth5_leaf25,original,0.35,0.13027295285359802,0.963302752293578,0.06986027944111776,0.16893894487255484,0.5386855966791084,0.6101993000081396,0.09230303748407144,0.09230303748407144,0.06101795411506943,105,1398,4,180
without_billing_zip,BalancedBagging_tree_depth5_leaf25,original,0.37,0.13133940182054615,0.926605504587156,0.07067879636109167,0.2080616478956728,0.5425169474773549,0.6101993000081396,0.09230303748407144,0.09230303748407144,0.05808083525757978,101,1328,8,250
without_billing_zip,BalancedBagging_tree_depth5_leaf25,original,0.39,0.13399153737658676,0.8715596330275229,0.07257448433919023,0.2720806164789567,0.5511156847013406,0.6101993000081396,0.09230303748407144,0.09230303748407144,0.060274720262932326,95,1214,14,364
without_billing_zip,BalancedBagging_tree_depth5_leaf25,original,0.41,0.13761467889908258,0.8256880733944955,0.0750625521267723,0.33135743924125666,0.5614498668620133,0.6101993000081396,0.09230303748407144,0.09230303748407144,0.06663435339764215,90,1109,19,469
without_billing_zip,BalancedBagging_tree_depth5_leaf25,original,0.43,0.13991769547325103,0.7798165137614679,0.07685352622061482,0.3805572021339656,0.566397483750189,0.6101993000081396,0.09230303748407144,0.09230303748407144,0.06870411278800204,85,1021,24,557
without_billing_zip,BalancedBagging_tree_depth5_leaf25,original,0.45,0.14781834372217276,0.7614678899082569,0.08185404339250493,0.4327208061647896,0.5857402820897432,0.6101993000081396,0.09230303748407144,0.09230303748407144,0.08609048262482329,83,931,26,647
without_billing_zip,BalancedBagging_tree_depth5_leaf25,original,0.47,0.1452081316553727,0.6880733944954128,0.08116883116883117,0.47658565500889155,0.5750252904036,0.6101993000081396,0.09230303748407144,0.09230303748407144,0.0741150105261999,75,849,34,729
without_billing_zip,BalancedBagging_tree_depth5_leaf25,original,0.49,0.14666666666666667,0.6055045871559633,0.08343868520859671,0.5447540011855364,0.5730311275450286,0.6101993000081396,0.09230303748407144,0.09230303748407144,0.07195525280528084,66,725,43,853
without_billing_zip,BalancedBagging_tree_depth5_leaf25,original,0.51,0.1444141689373297,0.48623853211009177,0.0848,0.6277415530527564,0.5618771874745643,0.6101993000081396,0.09230303748407144,0.09230303748407144,0.06299775053727343,53,572,56,1006
without_billing_zip,BalancedBagging_tree_depth5_leaf25,original,0.53,0.16151202749140894,0.43119266055045874,0.09936575052854123,0.7107291049199763,0.5806153416820735,0.6101993000081396,0.09230303748407144,0.09230303748407144,0.0882418347251051,47,426,62,1152
without_billing_zip,BalancedBagging_tree_depth5_leaf25,original,0.55,0.14442013129102846,0.30275229357798167,0.09482758620689655,0.7682276229994073,0.5515662608574319,0.6101993000081396,0.09230303748407144,0.09230303748407144,0.06265885793144689,33,315,76,1263
without_billing_zip,BalancedBagging_tree_depth5_leaf25,original,0.57,0.1489971346704871,0.23853211009174313,0.10833333333333334,0.8239478363959691,0.5514587039685586,0.6101993000081396,0.09230303748407144,0.09230303748407144,0.07242953576136694,26,214,83,1364
without_billing_zip,BalancedBagging_tree_depth5_leaf25,original,0.59,0.13986013986013987,0.1834862385321101,0.11299435028248588,0.8541790160047421,0.5419966046906431,0.6101993000081396,0.09230303748407144,0.09230303748407144,0.06738074640771681,20,157,89,1421
without_billing_zip,BalancedBagging_tree_depth5_leaf25,original,0.61,0.08411214953271028,0.08256880733944955,0.08571428571428572,0.8838174273858921,0.5108661527191545,0.6101993000081396,0.09230303748407144,0.09230303748407144,0.022114374477608473,9,96,100,1482
without_billing_zip,BalancedBagging_tree_depthnone_leaf10,original,0.05,0.12138084632516703,1.0,0.06461173681090694,0.06461173681090694,0.5,0.5887257124917152,0.09117959419591053,0.09117959419591053,0.0,109,1578,0,0
without_billing_zip,BalancedBagging_tree_depthnone_leaf10,original,0.07,0.12138084632516703,1.0,0.06461173681090694,0.06461173681090694,0.5,0.5887257124917152,0.09117959419591053,0.09117959419591053,0.0,109,1578,0,0
without_billing_zip,BalancedBagging_tree_depthnone_leaf10,original,0.09,0.12138084632516703,1.0,0.06461173681090694,0.06461173681090694,0.5,0.5887257124917152,0.09117959419591053,0.09117959419591053,0.0,109,1578,0,0
without_billing_zip,BalancedBagging_tree_depthnone_leaf10,original,0.11,0.12138084632516703,1.0,0.06461173681090694,0.06461173681090694,0.5,0.5887257124917152,0.09117959419591053,0.09117959419591053,0.0,109,1578,0,0
without_billing_zip,BalancedBagging_tree_depthnone_leaf10,original,0.13,0.12053571428571429,0.9908256880733946,0.06417112299465241,0.06579727326615294,0.4963634143789026,0.5887257124917152,0.09117959419591053,0.09117959419591053,-0.03676364024691597,108,1575,1,3
without_billing_zip,BalancedBagging_tree_depthnone_leaf10,original,0.15,0.1203599550056243,0.981651376146789,0.06411024565608149,0.07291049199762893,0.49589539656515624,0.5887257124917152,0.09117959419591053,0.09117959419591053,-0.01964280600053592,107,1562,2,16
without_billing_zip,BalancedBagging_tree_depthnone_leaf10,original,0.17,0.12138400453771979,0.981651376146789,0.06469165659008465,0.08180201541197392,0.5006482482761828,0.5887257124917152,0.09117959419591053,0.09117959419591053,0.002301512786765738,107,1547,2,31
without_billing_zip,BalancedBagging_tree_depthnone_leaf10,original,0.19,0.12235563178959405,0.981651376146789,0.06524390243902439,0.09010077059869591,0.5050842432064744,0.5887257124917152,0.09117959419591053,0.09117959419591053,0.015189805330937951,107,1533,2,45
without_billing_zip,BalancedBagging_tree_depthnone_leaf10,original,0.21,0.12405797101449276,0.981651376146789,0.06621287128712872,0.1043272080616479,0.5126888059441169,0.5887257124917152,0.09117959419591053,0.09117959419591053,0.031071888304696305,107,1509,2,69
without_billing_zip,BalancedBagging_tree_depthnone_leaf10,original,0.23,0.12367491166077739,0.963302752293578,0.06607929515418502,0.11796087729697688,0.5114359135358891,0.5887257124917152,0.09117959419591053,0.09117959419591053,0.024037683949958987,105,1484,4,94
without_billing_zip,BalancedBagging_tree_depthnone_leaf10,original,0.25,0.12529832935560858,0.963302752293578,0.06700701978302488,0.13100177830468288,0.5184067627120614,0.5887257124917152,0.09117959419591053,0.09117959419591053,0.03520862269728348,105,1462,4,116
without_billing_zip,BalancedBagging_tree_depthnone_leaf10,original,0.27,0.1267519804996953,0.9541284403669725,0.06788511749347259,0.15056312981624184,0.5245927372937524,0.5887257124917152,0.09117959419591053,0.09117959419591053,0.04186088280059104,104,1428,5,150
without_billing_zip,BalancedBagging_tree_depthnone_leaf10,original,0.29,0.12980466288594833,0.944954128440367,0.06968876860622462,0.1813870776526378,0.5367989907094104,0.5887257124917152,0.09117959419591053,0.09117959419591053,0.05491895835131309,103,1375,6,203
without_billing_zip,BalancedBagging_tree_depthnone_leaf10,original,0.31,0.13236267372600927,0.9174311926605505,0.07132667617689016,0.2228808535862478,0.546168067813165,0.5887257124917152,0.09117959419591053,0.09117959419591053,0.06058177678227492,100,1302,9,276
without_billing_zip,BalancedBagging_tree_depthnone_leaf10,original,0.33,0.13019390581717452,0.8623853211009175,0.07041198501872659,0.2554831061055127,0.53797339565819,0.5887257124917152,0.09117959419591053,0.09117959419591053,0.04594774623687337,94,1241,15,337
without_billing_zip,BalancedBagging_tree_depthnone_leaf10,original,0.35,0.1320754716981132,0.8348623853211009,0.07171000788022065,0.29104919976289273,0.5441739049545935,0.5887257124917152,0.09117959419591053,0.09117959419591053,0.050308756696754955,91,1178,18,400
without_billing_zip,BalancedBagging_tree_depthnone_leaf10,original,0.37,0.13608562691131498,0.8165137614678899,0.07422852376980818,0.33017190278601066,0.5565458541179753,0.5887257124917152,0.09117959419591053,0.09117959419591053,0.061316592189362557,89,1110,20,468
without_billing_zip,BalancedBagging_tree_depthnone_leaf10,original,0.39,0.137987012987013,0.7798165137614679,0.07569011576135352,0.37048014226437465,0.5610109184776921,0.5887257124917152,0.09117959419591053,0.09117959419591053,0.06358795774924604,85,1038,24,540
without_billing_zip,BalancedBagging_tree_depthnone_leaf10,original,0.41,0.1335676625659051,0.6972477064220184,0.0738581146744412,0.4155305275637226,0.5466593411704516,0.5887257124917152,0.09117959419591053,0.09117959419591053,0.04703430294995865,76,953,33,625
without_billing_zip,BalancedBagging_tree_depthnone_leaf10,original,0.43,0.13740458015267176,0.6605504587155964,0.07667731629392971,0.46413752222880855,0.5555604004604597,0.5887257124917152,0.09117959419591053,0.09117959419591053,0.05498934115985725,72,867,37,711
without_billing_zip,BalancedBagging_tree_depthnone_leaf10,original,0.45,0.1322140608604407,0.5779816513761468,0.07464454976303317,0.5097806757557795,0.5415256799339543,0.5887257124917152,0.09117959419591053,0.09117959419591053,0.04083461691724377,63,781,46,797
without_billing_zip,BalancedBagging_tree_depthnone_leaf10,original,0.47,0.1353558926487748,0.5321100917431193,0.07754010695187166,0.5607587433313574,0.5474238671643353,0.5887257124917152,0.09117959419591053,0.09117959419591053,0.046936436544860106,58,690,51,888
without_billing_zip,BalancedBagging_tree_depthnone_leaf10,original,0.49,0.13262599469496023,0.45871559633027525,0.07751937984496124,0.6123295791345584,0.5408280136277486,0.5887257124917152,0.09117959419591053,0.09117959419591053,0.04130867627281952,50,595,59,983
without_billing_zip,BalancedBagging_tree_depthnone_leaf10,original,0.51,0.14263565891472868,0.42201834862385323,0.08582089552238806,0.6721991701244814,0.5557493517517238,0.5887257124917152,0.09117959419591053,0.09117959419591053,0.05887304642128279,46,490,63,1088
without_billing_zip,BalancedBagging_tree_depthnone_leaf10,original,0.53,0.14571948998178508,0.3669724770642202,0.09090909090909091,0.7219917012448133,0.556743526238067,0.5887257124917152,0.09117959419591053,0.09117959419591053,0.06354092019257439,40,400,69,1178
without_billing_zip,BalancedBagging_tree_depthnone_leaf10,original,0.55,0.1545253863134658,0.3211009174311927,0.10174418604651163,0.7729697688203913,0.562641713468448,0.5887257124917152,0.09117959419591053,0.09117959419591053,0.07644395446480827,35,309,74,1269
without_billing_zip,BalancedBagging_tree_depthnone_leaf10,original,0.57,0.15803814713896458,0.26605504587155965,0.1124031007751938,0.8168346176644932,0.5604673201474402,0.5887257124917152,0.09117959419591053,0.09117959419591053,0.08260217791555566,29,229,80,1349
without_billing_zip,BalancedBagging_tree_depthnone_leaf10,original,0.59,0.14965986394557823,0.2018348623853211,0.11891891891891893,0.8518079430942501,0.549269775932838,0.5887257124917152,0.09117959419591053,0.09117959419591053,0.07752762872311592,22,163,87,1415
without_billing_zip,BalancedBagging_tree_depthnone_leaf10,original,0.61,0.11290322580645161,0.12844036697247707,0.10071942446043165,0.8695909899229401,0.5246130858943501,0.5887257124917152,0.09117959419591053,0.09117959419591053,0.044011881306797666,14,125,95,1453
without_billing_zip,BalancedBagging_tree_depthnone_leaf25,original,0.05,0.12138084632516703,1.0,0.06461173681090694,0.06461173681090694,0.5,0.6074813083568795,0.09311750120834315,0.09311750120834315,0.0,109,1578,0,0
without_billing_zip,BalancedBagging_tree_depthnone_leaf25,original,0.07,0.12138084632516703,1.0,0.06461173681090694,0.06461173681090694,0.5,0.6074813083568795,0.09311750120834315,0.09311750120834315,0.0,109,1578,0,0
without_billing_zip,BalancedBagging_tree_depthnone_leaf25,original,0.09,0.12138084632516703,1.0,0.06461173681090694,0.06461173681090694,0.5,0.6074813083568795,0.09311750120834315,0.09311750120834315,0.0,109,1578,0,0
without_billing_zip,BalancedBagging_tree_depthnone_leaf25,original,0.11,0.12138084632516703,1.0,0.06461173681090694,0.06461173681090694,0.5,0.6074813083568795,0.09311750120834315,0.09311750120834315,0.0,109,1578,0,0
without_billing_zip,BalancedBagging_tree_depthnone_leaf25,original,0.13,0.12138084632516703,1.0,0.06461173681090694,0.06461173681090694,0.5,0.6074813083568795,0.09311750120834315,0.09311750120834315,0.0,109,1578,0,0
without_billing_zip,BalancedBagging_tree_depthnone_leaf25,original,0.15,0.12138084632516703,1.0,0.06461173681090694,0.06461173681090694,0.5,0.6074813083568795,0.09311750120834315,0.09311750120834315,0.0,109,1578,0,0
without_billing_zip,BalancedBagging_tree_depthnone_leaf25,original,0.17,0.12138084632516703,1.0,0.06461173681090694,0.06461173681090694,0.5,0.6074813083568795,0.09311750120834315,0.09311750120834315,0.0,109,1578,0,0
without_billing_zip,BalancedBagging_tree_depthnone_leaf25,original,0.19,0.12138084632516703,1.0,0.06461173681090694,0.06461173681090694,0.5,0.6074813083568795,0.09311750120834315,0.09311750120834315,0.0,109,1578,0,0
without_billing_zip,BalancedBagging_tree_depthnone_leaf25,original,0.21,0.12199216564073867,1.0,0.06495828367103695,0.06994665085951393,0.502851711026616,0.6074813083568795,0.09311750120834315,0.09311750120834315,0.01924797411753996,109,1569,0,9
without_billing_zip,BalancedBagging_tree_depthnone_leaf25,original,0.23,0.12138400453771979,0.981651376146789,0.06469165659008465,0.08180201541197392,0.5006482482761828,0.6074813083568795,0.09311750120834315,0.09311750120834315,0.002301512786765738,107,1547,2,31
without_billing_zip,BalancedBagging_tree_depthnone_leaf25,original,0.25,0.12211981566820276,0.9724770642201835,0.06515058389674247,0.09662122110254891,0.5042993686119929,0.6074813083568795,0.09311750120834315,0.09311750120834315,0.011413846403296254,106,1521,3,57
without_billing_zip,BalancedBagging_tree_depthnone_leaf25,original,0.27,0.12296983758700696,0.9724770642201835,0.06563467492260062,0.1037344398340249,0.5081016499808142,0.6074813083568795,0.09311750120834315,0.09311750120834315,0.019706872589370508,106,1509,3,69
without_billing_zip,BalancedBagging_tree_depthnone_leaf25,original,0.29,0.1239766081871345,0.9724770642201835,0.06620861961274203,0.11203319502074689,0.5125376449111058,0.6074813083568795,0.09311750120834315,0.09311750120834315,0.028026432400777172,106,1495,3,83
without_billing_zip,BalancedBagging_tree_depthnone_leaf25,original,0.31,0.12582384661473936,0.963302752293578,0.0673076923076923,0.13515115589804386,0.5206247601772073,0.6074813083568795,0.09311750120834315,0.09311750120834315,0.03843452266357941,105,1455,4,123
without_billing_zip,BalancedBagging_tree_depthnone_leaf25,original,0.33,0.1288723667905824,0.9541284403669725,0.0691029900332226,0.16656787196206282,0.5331478703736003,0.6074813083568795,0.09311750120834315,0.09311750120834315,0.052534963149410176,104,1401,5,177
without_billing_zip,BalancedBagging_tree_depthnone_leaf25,original,0.35,0.13102119460500963,0.9357798165137615,0.07044198895027624,0.1979845880260818,0.5414006813874257,0.6074813083568795,0.09311750120834315,0.09311750120834315,0.058374208048038286,102,1346,7,232
without_billing_zip,BalancedBagging_tree_depthnone_leaf25,original,0.37,0.13324269204622705,0.8990825688073395,0.07195301027900147,0.24422050978067575,0.5490343135544936,0.6074813083568795,0.09311750120834315,0.09311750120834315,0.061131719211949535,98,1264,11,314
without_billing_zip,BalancedBagging_tree_depthnone_leaf25,original,0.39,0.13527272727272727,0.8532110091743119,0.07345971563981042,0.2951985773562537,0.5549325007848745,0.6074813083568795,0.09311750120834315,0.09311750120834315,0.062412016394542774,93,1173,16,405
without_billing_zip,BalancedBagging_tree_depthnone_leaf25,original,0.41,0.1359375,0.7981651376146789,0.07429547395388557,0.34439834024896265,0.5556098184904826,0.6074813083568795,0.09311750120834315,0.09311750120834315,0.05933964219254726,87,1084,22,494
without_billing_zip,BalancedBagging_tree_depthnone_leaf25,original,0.43,0.14262023217247097,0.7889908256880734,0.07839562443026436,0.3870776526378186,0.5741532075208429,0.6074813083568795,0.09311750120834315,0.09311750120834315,0.07645349891033573,86,1011,23,567
without_billing_zip,BalancedBagging_tree_depthnone_leaf25,original,0.45,0.1437670609645132,0.7247706422018348,0.0797979797979798,0.44220509780675754,0.5737287938512343,0.6074813083568795,0.09311750120834315,0.09311750120834315,0.07362069058488928,79,911,30,667
without_billing_zip,BalancedBagging_tree_depthnone_leaf25,original,0.47,0.15058324496288442,0.6513761467889908,0.08513189448441247,0.5251926496739775,0.5839263496936082,0.6074813083568795,0.09311750120834315,0.09311750120834315,0.08253488251395381,71,763,38,815
without_billing_zip,BalancedBagging_tree_depthnone_leaf25,original,0.49,0.1514041514041514,0.5688073394495413,0.08732394366197183,0.5880260818020154,0.5790804758084209,0.6074813083568795,0.09311750120834315,0.09311750120834315,0.07875707196635741,62,648,47,930
without_billing_zip,BalancedBagging_tree_depthnone_leaf25,original,0.51,0.1529745042492918,0.4954128440366973,0.09045226130653267,0.6455245998814464,0.5756531900791851,0.6074813083568795,0.09311750120834315,0.09311750120834315,0.07778996484835972,54,543,55,1035
without_billing_zip,BalancedBagging_tree_depthnone_leaf25,original,0.53,0.15492957746478872,0.4036697247706422,0.09586056644880174,0.7154712507409603,0.5703392983802513,0.6074813083568795,0.09311750120834315,0.09311750120834315,0.07771220824477901,44,415,65,1163
without_billing_zip,BalancedBagging_tree_depthnone_leaf25,original,0.55,0.1568627450980392,0.3302752293577982,0.10285714285714286,0.7705986959098993,0.5656445855280753,0.6074813083568795,0.09311750120834315,0.09311750120834315,0.07959685874844509,36,314,73,1264
without_billing_zip,BalancedBagging_tree_depthnone_leaf25,original,0.57,0.15135135135135136,0.25688073394495414,0.10727969348659004,0.8138707765263782,0.554612737061197,0.6074813083568795,0.09311750120834315,0.09311750120834315,0.07425242991561035,28,233,81,1345
without_billing_zip,BalancedBagging_tree_depthnone_leaf25,original,0.59,0.1414141414141414,0.1926605504587156,0.11170212765957446,0.8488441019561351,0.5434151928465948,0.6074813083568795,0.09311750120834315,0.09311750120834315,0.06783576663556894,21,167,88,1411
without_billing_zip,BalancedBagging_tree_depthnone_leaf25,original,0.61,0.1282051282051282,0.13761467889908258,0.12,0.8790752815649081,0.5339530935686795,0.6074813083568795,0.09311750120834315,0.09311750120834315,0.06373537906255551,15,110,94,1468
without_billing_zip,CatBoost_encoded_depth3_lr0.03,original,0.05,0.12165178571428571,1.0,0.0647653000594177,0.06698280972139893,0.5012674271229405,0.5862170207323171,0.0911946414690433,0.0911946414690433,0.012812907392210521,109,1574,0,4
without_billing_zip,CatBoost_encoded_depth3_lr0.03,original,0.07,0.1218557853549469,1.0,0.06488095238095239,0.06876111440426794,0.5022179974651457,0.5862170207323171,0.0911946414690433,0.0911946414690433,0.01696501033994349,109,1571,0,7
without_billing_zip,CatBoost_encoded_depth3_lr0.03,original,0.09,0.12206047032474804,1.0,0.06499701848539058,0.07053941908713693,0.5031685678073511,0.5862170207323171,0.0911946414690433,0.0911946414690433,0.02029519452218241,109,1568,0,10
without_billing_zip,CatBoost_encoded_depth3_lr0.03,original,0.11,0.12128017967434025,0.9908256880733946,0.0645933014354067,0.07231772377000593,0.4998488389669888,0.5862170207323171,0.0911946414690433,0.0911946414690433,-0.0007917222115955239,108,1564,1,14
without_billing_zip,CatBoost_encoded_depth3_lr0.03,original,0.13,0.12162162162162163,0.9908256880733946,0.0647870425914817,0.07528156490812092,0.5014331228706643,0.5862170207323171,0.0911946414690433,0.0911946414690433,0.006510245606325378,108,1559,1,19
without_billing_zip,CatBoost_encoded_depth3_lr0.03,original,0.15,0.12189616252821671,0.9908256880733946,0.06494287432351173,0.07765263781861292,0.5027005499936048,0.5862170207323171,0.0911946414690433,0.0911946414690433,0.011212364820931861,108,1555,1,23
without_billing_zip,CatBoost_encoded_depth3_lr0.03,original,0.17,0.1211092246745897,0.981651376146789,0.06453558504221954,0.07943094250148192,0.4993808211532424,0.5862170207323171,0.0911946414690433,0.0911946414690433,-0.002342187144653512,107,1551,2,27
without_billing_zip,CatBoost_encoded_depth3_lr0.03,original,0.19,0.12066021627774616,0.9724770642201835,0.06432038834951456,0.08417308832246592,0.49764537621655563,0.5862170207323171,0.0911946414690433,0.0911946414690433,-0.007703841931225308,106,1542,3,36
without_billing_zip,CatBoost_encoded_depth3_lr0.03,original,0.21,0.12027491408934708,0.963302752293578,0.06414172266340867,0.08950800237107291,0.49622678806060394,0.5862170207323171,0.0911946414690433,0.0911946414690433,-0.010939528452788103,105,1532,4,46
without_billing_zip,CatBoost_encoded_depth3_lr0.03,original,0.23,0.12188044109112015,0.963302752293578,0.06505576208178439,0.10314167160640189,0.5035144940175115,0.5862170207323171,0.0911946414690433,0.0911946414690433,0.008492711225859213,105,1509,4,69
without_billing_zip,CatBoost_encoded_depth3_lr0.03,original,0.25,0.12185120093731693,0.9541284403669725,0.06508135168961202,0.1114404267931239,0.5036801897652353,0.5862170207323171,0.0911946414690433,0.0911946414690433,0.008094379580153872,104,1494,5,84
without_billing_zip,CatBoost_encoded_depth3_lr0.03,original,0.27,0.12174940898345153,0.944954128440367,0.06506632975363234,0.11914641375222289,0.503529028732224,0.5862170207323171,0.0911946414690433,0.0911946414690433,0.007214310185522752,103,1480,6,98
without_billing_zip,CatBoost_encoded_depth3_lr0.03,original,0.29,0.12164579606440072,0.9357798165137615,0.06505102040816327,0.12685240071132187,0.5033778676992128,0.5862170207323171,0.0911946414690433,0.0911946414690433,0.006486237843908166,102,1466,7,112
without_billing_zip,CatBoost_encoded_depth3_lr0.03,original,0.31,0.12303980699638119,0.9357798165137615,0.065848934796643,0.13811499703615887,0.5093981465331798,0.5862170207323171,0.0911946414690433,0.0911946414690433,0.016860626352698995,102,1447,7,131
without_billing_zip,CatBoost_encoded_depth3_lr0.03,original,0.33,0.12298136645962733,0.908256880733945,0.06595602931379081,0.16301126259632484,0.5098952337763515,0.5862170207323171,0.0911946414690433,0.0911946414690433,0.015533738319347042,99,1402,10,176
without_billing_zip,CatBoost_encoded_depth3_lr0.03,original,0.35,0.12299807815502883,0.8807339449541285,0.06611570247933884,0.1885002963841138,0.5107091778002582,0.5862170207323171,0.0911946414690433,0.0911946414690433,0.015206722955574606,96,1356,13,222
without_billing_zip,CatBoost_encoded_depth3_lr0.03,original,0.37,0.12749003984063745,0.8807339449541285,0.06871868289191124,0.22110254890337877,0.5281363007406891,0.5862170207323171,0.0911946414690433,0.0911946414690433,0.0366662537315841,96,1301,13,277
without_billing_zip,CatBoost_encoded_depth3_lr0.03,original,0.39,0.13133476088508209,0.8440366972477065,0.07120743034055728,0.27860106698280973,0.5417902117417239,0.5862170207323171,0.0911946414690433,0.0911946414690433,0.048522314795476834,92,1200,17,378
without_billing_zip,CatBoost_encoded_depth3_lr0.03,original,0.41,0.13513513513513514,0.7798165137614679,0.07397737162750218,0.35506816834617666,0.5527726421785794,0.5862170207323171,0.0911946414690433,0.0911946414690433,0.055674257083464886,85,1064,24,514
without_billing_zip,CatBoost_encoded_depth3_lr0.03,original,0.43,0.14072119613016712,0.7339449541284404,0.07782101167315175,0.4208654416123296,0.5665922489273381,0.5862170207323171,0.0911946414690433,0.0911946414690433,0.06710906088597124,80,948,29,630
without_billing_zip,CatBoost_encoded_depth3_lr0.03,original,0.45,0.13773584905660377,0.6697247706422018,0.07676130389064142,0.4582098399525785,0.5566621318356764,0.5862170207323171,0.0911946414690433,0.0911946414690433,0.056177251675042866,73,878,36,700
without_billing_zip,CatBoost_encoded_depth3_lr0.03,original,0.47,0.13654618473895583,0.6238532110091743,0.07666290868094701,0.4902193242442205,0.5524209020825339,0.5862170207323171,0.0911946414690433,0.0911946414690433,0.051617198637591705,68,819,41,759
without_billing_zip,CatBoost_encoded_depth3_lr0.03,original,0.49,0.13680781758957655,0.5779816513761468,0.07758620689655173,0.5287492590397155,0.5516650969174777,0.5862170207323171,0.0911946414690433,0.0911946414690433,0.050840750319732855,63,749,46,829
without_billing_zip,CatBoost_encoded_depth3_lr0.03,original,0.51,0.13708690330477355,0.5137614678899083,0.07909604519774012,0.5820983995257855,0.5502901129056639,0.5862170207323171,0.0911946414690433,0.0911946414690433,0.050103882471951584,56,652,53,926
without_billing_zip,CatBoost_encoded_depth3_lr0.03,original,0.53,0.14442700156985872,0.42201834862385323,0.08712121212121213,0.6769413159454654,0.5582842059976048,0.5862170207323171,0.0911946414690433,0.0911946414690433,0.06180006748024287,46,482,63,1096
without_billing_zip,CatBoost_encoded_depth3_lr0.03,original,0.55,0.13807531380753138,0.30275229357798167,0.08943089430894309,0.7557794902193242,0.5449122684619946,0.5862170207323171,0.0911946414690433,0.0911946414690433,0.05341839647624908,33,336,76,1242
without_billing_zip,CatBoost_encoded_depth3_lr0.03,original,0.57,0.1524390243902439,0.22935779816513763,0.1141552511415525,0.8352104327208062,0.5532086836199579,0.5862170207323171,0.0911946414690433,0.0911946414690433,0.07783844897335165,25,194,84,1384
without_billing_zip,CatBoost_encoded_depth3_lr0.03,original,0.59,0.11555555555555555,0.11926605504587157,0.11206896551724138,0.8820391227030231,0.5269967791072196,0.5862170207323171,0.0911946414690433,0.0911946414690433,0.05245556993066939,13,103,96,1475
without_billing_zip,CatBoost_encoded_depth3_lr0.03,original,0.61,0.08187134502923976,0.06422018348623854,0.11290322580645161,0.9069353882631891,0.5146829688026884,0.5862170207323171,0.0911946414690433,0.0911946414690433,0.038369672531457594,7,55,102,1523
without_billing_zip,CatBoost_native_depth3_lr0.03,native_categorical,0.05,0.12165178571428571,1.0,0.0647653000594177,0.06698280972139893,0.5012674271229405,0.5962169044545994,0.09414675095834524,0.09414675095834524,0.012812907392210521,109,1574,0,4
without_billing_zip,CatBoost_native_depth3_lr0.03,native_categorical,0.07,0.1217877094972067,1.0,0.06484235574063058,0.06816834617664493,0.5019011406844106,0.5962169044545994,0.09414675095834524,0.09414675095834524,0.015701875083666984,109,1572,0,6
without_billing_zip,CatBoost_native_depth3_lr0.03,native_categorical,0.09,0.1218557853549469,1.0,0.06488095238095239,0.06876111440426794,0.5022179974651457,0.5962169044545994,0.09414675095834524,0.09414675095834524,0.01696501033994349,109,1571,0,7
without_billing_zip,CatBoost_native_depth3_lr0.03,native_categorical,0.11,0.12192393736017897,1.0,0.06491959499702203,0.06935388263189093,0.5025348542458808,0.5962169044545994,0.09414675095834524,0.09414675095834524,0.01814175906680867,109,1570,0,8
without_billing_zip,CatBoost_native_depth3_lr0.03,native_categorical,0.13,0.12226584408300617,1.0,0.06511350059737156,0.07231772377000593,0.5041191381495564,0.5962169044545994,0.09414675095834524,0.09414675095834524,0.02316080760085005,109,1565,0,13
without_billing_zip,CatBoost_native_depth3_lr0.03,native_categorical,0.15,0.122334455667789,1.0,0.06515242080095636,0.07291049199762893,0.5044359949302915,0.5962169044545994,0.09414675095834524,0.09414675095834524,0.024042288092827664,109,1564,0,14
without_billing_zip,CatBoost_native_depth3_lr0.03,native_categorical,0.17,0.12155317951603826,0.9908256880733946,0.06474820143884892,0.07468879668049792,0.5011162660899292,0.5962169044545994,0.09414675095834524,0.09414675095834524,0.005201033514930082,108,1560,1,18
without_billing_zip,CatBoost_native_depth3_lr0.03,native_categorical,0.19,0.12196499153020893,0.9908256880733946,0.06498194945848375,0.07824540604623592,0.5030174067743398,0.5962169044545994,0.09414675095834524,0.09414675095834524,0.012278493680598138,108,1554,1,24
without_billing_zip,CatBoost_native_depth3_lr0.03,native_categorical,0.21,0.12272727272727273,0.9908256880733946,0.06541490006056935,0.08476585655008892,0.506502831362426,0.5962169044545994,0.09414675095834524,0.09414675095834524,0.022124550127494126,108,1543,1,35
without_billing_zip,CatBoost_native_depth3_lr0.03,native_categorical,0.23,0.12148997134670488,0.9724770642201835,0.0647921760391198,0.0912863070539419,0.5014476575853769,0.5962169044545994,0.09414675095834524,0.09414675095834524,0.004157055824625151,106,1530,3,48
without_billing_zip,CatBoost_native_depth3_lr0.03,native_categorical,0.25,0.12117714945181765,0.963302752293578,0.06465517241379311,0.0972139893301719,0.5003459262101604,0.5962169044545994,0.09414675095834524,0.09414675095834524,0.0008970505685830783,105,1519,4,59
without_billing_zip,CatBoost_native_depth3_lr0.03,native_categorical,0.27,0.12216404886561955,0.963302752293578,0.06521739130434782,0.1055127445168939,0.5047819211404518,0.5962169044545994,0.09414675095834524,0.09414675095834524,0.011265250497676566,105,1505,4,73
without_billing_zip,CatBoost_native_depth3_lr0.03,native_categorical,0.29,0.12295081967213115,0.963302752293578,0.06566604127579738,0.11203319502074689,0.508267345728538,0.5962169044545994,0.09414675095834524,0.09414675095834524,0.018280887486399094,105,1494,4,84
without_billing_zip,CatBoost_native_depth3_lr0.03,native_categorical,0.31,0.11973918197984589,0.926605504587156,0.06400506970849176,0.11973918197984589,0.49530528714782385,0.5962169044545994,0.09414675095834524,0.09414675095834524,-0.009389425704352274,101,1477,8,101
without_billing_zip,CatBoost_native_depth3_lr0.03,native_categorical,0.33,0.12051125989044431,0.908256880733945,0.06453715775749674,0.14344991108476585,0.49943896001209287,0.5962169044545994,0.09414675095834524,0.09414675095834524,-0.000960576959479511,99,1435,10,143
without_billing_zip,CatBoost_native_depth3_lr0.03,native_categorical,0.35,0.12507896399241947,0.908256880733945,0.06716417910447761,0.17901600474214582,0.5184503668561994,0.5962169044545994,0.09414675095834524,0.09414675095834524,0.02731261018938889,99,1375,10,203
without_billing_zip,CatBoost_native_depth3_lr0.03,native_categorical,0.37,0.1303763440860215,0.8899082568807339,0.07034082668600435,0.23295791345583877,0.5387437355379588,0.5962169044545994,0.09414675095834524,0.09414675095834524,0.04931065192944313,97,1282,12,296
without_billing_zip,CatBoost_native_depth3_lr0.03,native_categorical,0.39,0.1332367849384504,0.8440366972477065,0.07232704402515723,0.29045643153526973,0.5481273473564261,0.5962169044545994,0.09414675095834524,0.09414675095834524,0.05494410017689485,92,1180,17,398
without_billing_zip,CatBoost_native_depth3_lr0.03,native_categorical,0.41,0.14126984126984127,0.8165137614678899,0.07732406602953953,0.35862477771191464,0.5717549795932606,0.5962169044545994,0.09414675095834524,0.09414675095834524,0.07577548638350946,89,1062,20,516
without_billing_zip,CatBoost_native_depth3_lr0.03,native_categorical,0.43,0.13989637305699482,0.7431192660550459,0.07721639656816015,0.4096028452874926,0.5648422692759386,0.5962169044545994,0.09414675095834524,0.09414675095834524,0.06574411233736449,81,968,28,610
without_billing_zip,CatBoost_native_depth3_lr0.03,native_categorical,0.45,0.14165890027958994,0.6972477064220184,0.07883817427385892,0.45406046235921754,0.5672550319182336,0.5962169044545994,0.09414675095834524,0.09414675095834524,0.0668211370729109,76,888,33,690
without_billing_zip,CatBoost_native_depth3_lr0.03,native_categorical,0.47,0.13916500994035785,0.6422018348623854,0.07803790412486064,0.4866627148784825,0.5590603597632586,0.5962169044545994,0.09414675095834524,0.09414675095834524,0.058194650598757426,70,827,39,751
without_billing_zip,CatBoost_native_depth3_lr0.03,native_categorical,0.49,0.13989071038251366,0.5871559633027523,0.0794044665012407,0.5334914048606995,0.5584702503459262,0.5962169044545994,0.09414675095834524,0.09414675095834524,0.05755409406729431,64,742,45,836
without_billing_zip,CatBoost_native_depth3_lr0.03,native_categorical,0.51,0.14356435643564355,0.5321100917431193,0.08297567954220315,0.5898043864848844,0.5629498494203555,0.5962169044545994,0.09414675095834524,0.09414675095834524,0.06283105897135917,58,641,51,937
without_billing_zip,CatBoost_native_depth3_lr0.03,native_categorical,0.53,0.153125,0.44954128440366975,0.09227871939736347,0.6787196206283344,0.5720456738875129,0.5962169044545994,0.09414675095834524,0.09414675095834524,0.07627434281601558,49,482,60,1096
without_billing_zip,CatBoost_native_depth3_lr0.03,native_categorical,0.55,0.13924050632911392,0.30275229357798167,0.09041095890410959,0.7581505631298162,0.5461796955849351,0.5962169044545994,0.09414675095834524,0.09414675095834524,0.055142398188073566,33,332,76,1246
without_billing_zip,CatBoost_native_depth3_lr0.03,native_categorical,0.57,0.15568862275449102,0.23853211009174313,0.11555555555555555,0.8328393598103142,0.5562115556795851,0.5962169044545994,0.09414675095834524,0.09414675095834524,0.08129379602270238,26,199,83,1379
without_billing_zip,CatBoost_native_depth3_lr0.03,native_categorical,0.59,0.13793103448275862,0.14678899082568808,0.13008130081300814,0.8814463544754001,0.5394908198741875,0.5962169044545994,0.09414675095834524,0.09414675095834524,0.07468303596148848,16,107,93,1471
without_billing_zip,CatBoost_native_depth3_lr0.03,native_categorical,0.61,0.09467455621301775,0.07339449541284404,0.13333333333333333,0.9093064611736811,0.5202206951081965,0.5962169044545994,0.09414675095834524,0.09414675095834524,0.053681349277436605,8,52,101,1526
without_billing_zip,CatBoost_encoded_depth4_lr0.03,original,0.05,0.12199216564073867,1.0,0.06495828367103695,0.06994665085951393,0.502851711026616,0.5649294775642144,0.0832570816989365,0.0832570816989365,0.01924797411753996,109,1569,0,9
without_billing_zip,CatBoost_encoded_depth4_lr0.03,original,0.07,0.12240314430095452,1.0,0.0651913875598086,0.07350326022525193,0.5047528517110266,0.5649294775642144,0.0832570816989365,0.0832570816989365,0.0248935733838208,109,1563,0,15
without_billing_zip,CatBoost_encoded_depth4_lr0.03,original,0.09,0.12155317951603826,0.9908256880733946,0.06474820143884892,0.07468879668049792,0.5011162660899292,0.5649294775642144,0.0832570816989365,0.0832570816989365,0.005201033514930082,108,1560,1,18
without_billing_zip,CatBoost_encoded_depth4_lr0.03,original,0.11,0.12231030577576443,0.9908256880733946,0.06517803258901629,0.08120924718435092,0.5046016906780154,0.5649294775642144,0.0832570816989365,0.0832570816989365,0.01711954764058206,108,1549,1,29
without_billing_zip,CatBoost_encoded_depth4_lr0.03,original,0.13,0.12272727272727273,0.9908256880733946,0.06541490006056935,0.08476585655008892,0.506502831362426,0.5649294775642144,0.0832570816989365,0.0832570816989365,0.022124550127494126,108,1543,1,35
without_billing_zip,CatBoost_encoded_depth4_lr0.03,original,0.15,0.12378223495702005,0.9908256880733946,0.06601466992665037,0.0936573799644339,0.5112556830734527,0.5649294775642144,0.0832570816989365,0.0832570816989365,0.03232152641154334,108,1528,1,50
without_billing_zip,CatBoost_encoded_depth4_lr0.03,original,0.17,0.12233121754183497,0.9724770642201835,0.06527093596059114,0.0983995257854179,0.5052499389541982,0.5649294775642144,0.0832570816989365,0.0832570816989365,0.013614061570260835,106,1518,3,60
without_billing_zip,CatBoost_encoded_depth4_lr0.03,original,0.19,0.12266355140186916,0.963302752293578,0.06550218340611354,0.10966212211025489,0.5069999186055976,0.5649294775642144,0.0832570816989365,0.0832570816989365,0.015822799684146367,105,1498,4,80
without_billing_zip,CatBoost_encoded_depth4_lr0.03,original,0.21,0.1223529411764706,0.9541284403669725,0.06536769327467001,0.11558980438648489,0.505898187230381,0.5649294775642144,0.0832570816989365,0.0832570816989365,0.012518278010155988,104,1487,5,91
without_billing_zip,CatBoost_encoded_depth4_lr0.03,original,0.23,0.12092471843509188,0.9357798165137615,0.06463878326996197,0.12092471843509188,0.5002092998918617,0.5649294775642144,0.0832570816989365,0.0832570816989365,0.00041859978372344505,102,1476,7,102
without_billing_zip,CatBoost_encoded_depth4_lr0.03,original,0.25,0.1223021582733813,0.9357798165137615,0.0654265554842848,0.13218731475992887,0.5062295787258287,0.5649294775642144,0.0832570816989365,0.0832570816989365,0.011567176974559985,102,1457,7,121
without_billing_zip,CatBoost_encoded_depth4_lr0.03,original,0.27,0.1234718826405868,0.926605504587156,0.06614276358873608,0.14997036158861884,0.5114649829653144,0.5649294775642144,0.0832570816989365,0.0832570816989365,0.01923936119303113,101,1426,8,152
without_billing_zip,CatBoost_encoded_depth4_lr0.03,original,0.29,0.12121212121212122,0.8990825688073395,0.0649867374005305,0.15767634854771784,0.5027732235671678,0.5649294775642144,0.0832570816989365,0.0832570816989365,0.004427457897923912,98,1410,11,168
without_billing_zip,CatBoost_encoded_depth4_lr0.03,original,0.31,0.12113564668769716,0.8807339449541285,0.06504065040650407,0.17427385892116182,0.5031046150626156,0.5649294775642144,0.0832570816989365,0.0832570816989365,0.004614451629417415,96,1380,13,198
without_billing_zip,CatBoost_encoded_depth4_lr0.03,original,0.33,0.1256544502617801,0.8807339449541285,0.06765327695560254,0.2080616478956728,0.5211654515645168,0.5649294775642144,0.0832570816989365,0.0832570816989365,0.028468572306123843,96,1323,13,255
without_billing_zip,CatBoost_encoded_depth4_lr0.03,original,0.35,0.12763068567549218,0.8623853211009175,0.0689149560117302,0.23829282750444578,0.5287845490168719,0.5649294775642144,0.0832570816989365,0.0832570816989365,0.03597060374588636,94,1270,15,308
without_billing_zip,CatBoost_encoded_depth4_lr0.03,original,0.37,0.12624113475177304,0.8165137614678899,0.06840891621829362,0.2697095435684647,0.5242264624829944,0.5649294775642144,0.0832570816989365,0.0832570816989365,0.028356618937862985,89,1212,20,366
without_billing_zip,CatBoost_encoded_depth4_lr0.03,original,0.39,0.1282442748091603,0.7706422018348624,0.06994171523730225,0.3230586840545347,0.5313920768363158,0.5649294775642144,0.0832570816989365,0.0832570816989365,0.03408216341410613,84,1117,25,461
without_billing_zip,CatBoost_encoded_depth4_lr0.03,original,0.41,0.1315570358034971,0.7247706422018348,0.07234432234432235,0.3817427385892116,0.5414094022162533,0.5649294775642144,0.0832570816989365,0.0832570816989365,0.04261140980327771,79,1013,30,565
without_billing_zip,CatBoost_encoded_depth4_lr0.03,original,0.43,0.12991765782250686,0.6513761467889908,0.07215447154471545,0.43627741553052757,0.5363978325833421,0.5649294775642144,0.0832570816989365,0.0832570816989365,0.03629920014308,71,913,38,665
without_billing_zip,CatBoost_encoded_depth4_lr0.03,original,0.45,0.13108242303872888,0.6055045871559633,0.07349665924276169,0.48132780082987553,0.539127452006372,0.5649294775642144,0.0832570816989365,0.0832570816989365,0.038556858492349286,66,832,43,746
without_billing_zip,CatBoost_encoded_depth4_lr0.03,original,0.47,0.13390928725701945,0.5688073394495413,0.07588739290085679,0.5245998814463545,0.5451768002697643,0.5649294775642144,0.0832570816989365,0.0832570816989365,0.044446908337368675,62,755,47,823
without_billing_zip,CatBoost_encoded_depth4_lr0.03,original,0.49,0.1426872770511296,0.5504587155963303,0.08196721311475409,0.5726141078838174,0.5623016011441728,0.5649294775642144,0.0832570816989365,0.0832570816989365,0.06180715108804047,60,672,49,906
without_billing_zip,CatBoost_encoded_depth4_lr0.03,original,0.51,0.1392757660167131,0.45871559633027525,0.08210180623973727,0.6336692353289863,0.5522348577342124,0.5649294775642144,0.0832570816989365,0.0832570816989365,0.0534735643509858,50,559,59,1019
without_billing_zip,CatBoost_encoded_depth4_lr0.03,original,0.53,0.12802768166089964,0.3394495412844037,0.07889125799573561,0.7012448132780082,0.5328426413646353,0.5649294775642144,0.0832570816989365,0.0832570816989365,0.03604331741668973,37,432,72,1146
without_billing_zip,CatBoost_encoded_depth4_lr0.03,original,0.55,0.1368653421633554,0.28440366972477066,0.09011627906976744,0.7682276229994073,0.5430256624922966,0.5649294775642144,0.0832570816989365,0.0832570816989365,0.052505776139664354,31,313,78,1265
without_billing_zip,CatBoost_encoded_depth4_lr0.03,original,0.57,0.13753581661891118,0.22018348623853212,0.1,0.8215767634854771,0.5416506784804829,0.5649294775642144,0.0832570816989365,0.0832570816989365,0.058624471155172615,24,216,85,1362
without_billing_zip,CatBoost_encoded_depth4_lr0.03,original,0.59,0.11764705882352941,0.13761467889908258,0.10273972602739725,0.8666271487848252,0.5272991011732422,0.5649294775642144,0.0832570816989365,0.0832570816989365,0.04773834347672809,15,131,94,1447
without_billing_zip,CatBoost_encoded_depth4_lr0.03,original,0.61,0.06521739130434782,0.05504587155963303,0.08,0.8980438648488441,0.5056598179090941,0.5649294775642144,0.0832570816989365,0.0832570816989365,0.013501625346513684,6,69,103,1509
without_billing_zip,CatBoost_native_depth4_lr0.03,native_categorical,0.05,0.1217877094972067,1.0,0.06484235574063058,0.06816834617664493,0.5019011406844106,0.5837373984023442,0.0875137597797204,0.0875137597797204,0.015701875083666984,109,1572,0,6
without_billing_zip,CatBoost_native_depth4_lr0.03,native_categorical,0.07,0.1218557853549469,1.0,0.06488095238095239,0.06876111440426794,0.5022179974651457,0.5837373984023442,0.0875137597797204,0.0875137597797204,0.01696501033994349,109,1571,0,7
without_billing_zip,CatBoost_native_depth4_lr0.03,native_categorical,0.09,0.12226584408300617,1.0,0.06511350059737156,0.07231772377000593,0.5041191381495564,0.5837373984023442,0.0875137597797204,0.0875137597797204,0.02316080760085005,109,1565,0,13
without_billing_zip,CatBoost_native_depth4_lr0.03,native_categorical,0.11,0.12274774774774774,1.0,0.0653869226154769,0.07646710136336693,0.5063371356147022,0.5837373984023442,0.0875137597797204,0.0875137597797204,0.028787698624319118,109,1558,0,20
without_billing_zip,CatBoost_native_depth4_lr0.03,native_categorical,0.13,0.12203389830508475,0.9908256880733946,0.0650210716435882,0.07883817427385892,0.5033342635550749,0.5837373984023442,0.0875137597797204,0.0875137597797204,0.013308379580453212,108,1553,1,25
without_billing_zip,CatBoost_native_depth4_lr0.03,native_categorical,0.15,0.12237960339943343,0.9908256880733946,0.06521739130434782,0.08180201541197392,0.5049185474587505,0.5837373984023442,0.0875137597797204,0.0875137597797204,0.018006221870027046,108,1548,1,30
without_billing_zip,CatBoost_native_depth4_lr0.03,native_categorical,0.17,0.12200684150513112,0.981651376146789,0.06504559270516717,0.08713692946058091,0.5034999593027988,0.5837373984023442,0.0875137597797204,0.0875137597797204,0.01104465468811107,107,1538,2,40
without_billing_zip,CatBoost_native_depth4_lr0.03,native_categorical,0.19,0.12249570692615913,0.981651376146789,0.06532356532356533,0.0912863070539419,0.5057179567679445,0.5837373984023442,0.0875137597797204,0.0875137597797204,0.016741047274277648,107,1531,2,47
without_billing_zip,CatBoost_native_depth4_lr0.03,native_categorical,0.21,0.12233121754183497,0.9724770642201835,0.06527093596059114,0.0983995257854179,0.5052499389541982,0.5837373984023442,0.0875137597797204,0.0875137597797204,0.013614061570260835,106,1518,3,60
without_billing_zip,CatBoost_native_depth4_lr0.03,native_categorical,0.23,0.12170860152135751,0.9541284403669725,0.065,0.11025489033787789,0.5030464762037651,0.5837373984023442,0.0875137597797204,0.0875137597797204,0.006772903948512258,104,1496,5,82
without_billing_zip,CatBoost_native_depth4_lr0.03,native_categorical,0.25,0.12264150943396226,0.9541284403669725,0.06553245116572148,0.11796087729697688,0.5071656143533215,0.5837373984023442,0.0875137597797204,0.0875137597797204,0.014919755696080197,104,1483,5,95
without_billing_zip,CatBoost_native_depth4_lr0.03,native_categorical,0.27,0.12350119904076738,0.944954128440367,0.06606799230275817,0.13337285121517486,0.5111335914698666,0.5837373984023442,0.0875137597797204,0.0875137597797204,0.02067302277767837,103,1456,6,122
without_billing_zip,CatBoost_native_depth4_lr0.03,native_categorical,0.29,0.12439024390243902,0.9357798165137615,0.06662312214239059,0.14878482513337285,0.5151015685864118,0.5837373984023442,0.0875137597797204,0.0875137597797204,0.025631198201503978,102,1429,7,149
without_billing_zip,CatBoost_native_depth4_lr0.03,native_categorical,0.31,0.12382739212007504,0.908256880733945,0.06644295302013423,0.16953171310017784,0.5133806583644376,0.5837373984023442,0.0875137597797204,0.0875137597797204,0.020485566543950482,99,1391,10,187
without_billing_zip,CatBoost_native_depth4_lr0.03,native_categorical,0.33,0.12531969309462915,0.8990825688073395,0.06735395189003436,0.1890930646117368,0.5195666329461286,0.5837373984023442,0.0875137597797204,0.0875137597797204,0.027934271705725558,98,1357,11,221
without_billing_zip,CatBoost_native_depth4_lr0.03,native_categorical,0.35,0.12813738441215325,0.8899082568807339,0.06903914590747331,0.2175459395376408,0.5305054592388461,0.5837373984023442,0.0875137597797204,0.0875137597797204,0.04019866174149678,97,1308,12,270
without_billing_zip,CatBoost_native_depth4_lr0.03,native_categorical,0.37,0.13202247191011235,0.8623853211009175,0.0714828897338403,0.2673384706579727,0.5443105312728922,0.5837373984023442,0.0875137597797204,0.0875137597797204,0.05254959277381505,94,1221,15,357
without_billing_zip,CatBoost_native_depth4_lr0.03,native_categorical,0.39,0.13363363363363365,0.8165137614678899,0.07277187244480784,0.31594546532305867,0.5489412913803328,0.5837373984023442,0.0875137597797204,0.0875137597797204,0.053888978317420025,89,1134,20,444
without_billing_zip,CatBoost_native_depth4_lr0.03,native_categorical,0.41,0.13957307060755336,0.7798165137614679,0.07664562669071236,0.3787788974510966,0.5654469134079836,0.5837373984023442,0.0875137597797204,0.0875137597797204,0.06780414142653028,85,1024,24,554
without_billing_zip,CatBoost_native_depth4_lr0.03,native_categorical,0.43,0.13898916967509026,0.7064220183486238,0.07707707707707707,0.4344991108476586,0.5610690573365426,0.5837373984023442,0.0875137597797204,0.0875137597797204,0.06109997001449405,77,922,32,656
without_billing_zip,CatBoost_native_depth4_lr0.03,native_categorical,0.45,0.1348973607038123,0.6330275229357798,0.07549234135667396,0.4754001185536455,0.5487697817467239,0.5837373984023442,0.0875137597797204,0.0875137597797204,0.04812654793213568,69,845,40,733
without_billing_zip,CatBoost_native_depth4_lr0.03,native_categorical,0.47,0.1371308016877637,0.5963302752293578,0.07747318235995232,0.5151155898043864,0.5529179893257055,0.5837373984023442,0.0875137597797204,0.0875137597797204,0.0520380689109123,65,774,44,804
without_billing_zip,CatBoost_native_depth4_lr0.03,native_categorical,0.49,0.14055299539170507,0.5596330275229358,0.08036890645586298,0.5577949021932425,0.5586504808083627,0.5837373984023442,0.0875137597797204,0.0875137597797204,0.057966014985083206,61,698,48,880
without_billing_zip,CatBoost_native_depth4_lr0.03,native_categorical,0.51,0.138996138996139,0.4954128440366973,0.08083832335329341,0.6034380557202134,0.5531563586469925,0.5837373984023442,0.0875137597797204,0.0875137597797204,0.05344125442685676,54,614,55,964
without_billing_zip,CatBoost_native_depth4_lr0.03,native_categorical,0.53,0.1412151067323481,0.3944954128440367,0.086,0.6899822169531713,0.5524441576260741,0.5837373984023442,0.0875137597797204,0.0875137597797204,0.05646554138483103,43,457,66,1121
without_billing_zip,CatBoost_native_depth4_lr0.03,native_categorical,0.55,0.14634146341463414,0.30275229357798167,0.09649122807017543,0.7717842323651453,0.5534674015418426,0.5837373984023442,0.0875137597797204,0.0875137597797204,0.06539004364607379,33,309,76,1269
without_billing_zip,CatBoost_native_depth4_lr0.03,native_categorical,0.57,0.13125,0.1926605504587156,0.0995260663507109,0.8352104327208062,0.5361274868896874,0.5837373984023442,0.0875137597797204,0.0875137597797204,0.05369700828689104,21,190,88,1388
without_billing_zip,CatBoost_native_depth4_lr0.03,native_categorical,0.59,0.11555555555555555,0.11926605504587157,0.11206896551724138,0.8820391227030231,0.5269967791072196,0.5837373984023442,0.0875137597797204,0.0875137597797204,0.05245556993066939,13,103,96,1475
without_billing_zip,CatBoost_native_depth4_lr0.03,native_categorical,0.61,0.10285714285714286,0.08256880733944955,0.13636363636363635,0.9069353882631891,0.5232235671678236,0.5837373984023442,0.0875137597797204,0.0875137597797204,0.05889279927365999,9,57,100,1521
