CRM_PID_Value_Segment,EffectiveSegment,Billing_ZIP,Active_subscribers,Not_Active_subscribers,Suspended_subscribers,Total_SUBs,AvgMobileRevenue,AvgFIXRevenue,TotalRevenue,ARPU,CHURN,churn_binary
Bronze,SOHO,6000,2,,,2,40.17,0.0,40.17,,No,0
Bronze,SOHO,6400,3,,,3,40.17,0.0,40.17,13.39,No,0
Bronze,SOHO,6000,2,3.0,,5,40.17,0.0,40.17,20.09,No,0
Bronze,SOHO,4400,1,2.0,,3,40.17,0.0,40.17,40.17,No,0
Iron,SOHO,4000,2,1.0,,3,40.17,0.0,40.17,20.09,No,0
Bronze,SOHO,4644,4,,,4,40.33,0.0,40.33,10.08,Yes,1
Iron,SOHO,6100,5,2.0,,7,40.33,0.0,40.33,8.07,No,0
Iron,SOHO,6100,3,,,3,40.33,0.0,40.33,13.44,No,0
Bronze,SOHO,6280,1,,,1,40.33,0.0,40.33,40.33,No,0
Bronze,SOHO,4550,3,,,3,40.5,0.0,40.5,13.5,No,0
Bronze,SOHO,6000,4,1.0,,5,40.5,0.0,40.5,10.13,No,0
Iron,SOHO,6000,2,,,2,40.5,0.0,40.5,20.25,No,0
Iron,SOHO,4230,4,,,4,40.67,0.0,40.67,10.17,No,0
Bronze,SOHO,4550,5,1.0,,6,40.83,0.0,40.83,8.17,No,0
Bronze,SOHO,4300,3,1.0,,4,40.83,0.0,40.83,13.61,No,0
Iron,SOHO,4015,3,8.0,,11,40.83,0.0,40.83,13.61,No,0
Bronze,SOHO,4500,2,,,2,40.83,0.0,40.83,20.42,No,0
Bronze,SOHO,6000,1,3.0,,4,40.83,0.0,40.83,40.83,No,0
Iron,SOHO,4400,4,,,4,41.0,0.0,41.0,10.25,Yes,1
Iron,SOHO,4004,4,,,4,41.0,0.0,41.0,10.25,No,0
Bronze,SOHO,4017,6,,,6,41.0,0.0,41.0,6.83,No,0
Iron,SOHO,4023,5,,,5,41.0,0.0,41.0,8.2,No,0
Iron,SOHO,6000,4,,,4,41.0,0.0,41.0,10.25,No,0
Iron,SOHO,6000,3,,,3,41.0,0.0,41.0,13.67,No,0
Bronze,SOHO,6000,3,3.0,,6,41.0,0.0,41.0,13.67,No,0
Bronze,SOHO,4000,3,7.0,,10,41.17,0.0,41.17,13.72,No,0
Bronze,SOHO,4004,3,2.0,,5,41.17,0.0,41.17,13.72,No,0
Bronze,SOHO,4000,1,4.0,,5,41.17,0.0,41.17,41.17,No,0
Bronze,SOHO,4230,4,1.0,,5,41.17,0.0,41.17,10.29,No,0
Bronze,SOHO,6000,4,2.0,,6,41.17,0.0,41.17,10.29,No,0
Bronze,SOHO,9283,4,2.0,,6,41.17,0.0,41.17,10.29,No,0
Bronze,SOHO,4000,4,,,4,41.17,0.0,41.17,10.29,No,0
Bronze,SOHO,4173,5,,,5,41.17,0.0,41.17,8.23,No,0
Iron,SOHO,8900,3,,,3,41.17,0.0,41.17,13.72,No,0
Bronze,SOHO,6155,3,,,3,41.33,0.0,41.33,13.78,No,0
Iron,SOHO,4400,2,,,2,41.33,0.0,41.33,20.67,No,0
Iron,SOHO,4400,3,,,3,41.33,0.0,41.33,13.78,No,0
Iron,SOHO,6310,4,,,4,41.33,0.0,41.33,10.33,No,0
Bronze,SOHO,4400,3,1.0,,4,41.5,0.0,41.5,13.83,No,0
Bronze,SOHO,4400,2,1.0,,3,41.5,0.0,41.5,20.75,No,0
Bronze,SOHO,4468,2,,,2,41.67,0.0,41.67,20.84,No,0
Bronze,SOHO,4023,1,2.0,,3,41.67,0.0,41.67,41.67,No,0
Bronze,SOHO,4023,3,4.0,,7,41.67,0.0,41.67,13.89,No,0
Bronze,SOHO,4400,4,,,4,41.83,0.0,41.83,10.46,No,0
Bronze,SOHO,4000,3,7.0,,10,41.83,0.0,41.83,13.94,No,0
Bronze,SOHO,4013,2,1.0,,3,41.83,0.0,41.83,20.92,No,0
Bronze,SOHO,6000,2,,1.0,3,41.83,0.0,41.83,20.92,No,0
Bronze,SOHO,4400,3,,,3,42.0,0.0,42.0,14.0,No,0
Bronze,SOHO,4004,4,,,4,42.0,0.0,42.0,10.5,No,0
Bronze,SOHO,4000,5,2.0,,7,42.0,0.0,42.0,8.4,Yes,1
Iron,SOHO,4004,5,1.0,,6,42.0,0.0,42.0,8.4,No,0
Iron,SOHO,4000,5,,,5,42.0,0.0,42.0,8.4,No,0
Iron,SOHO,6100,5,1.0,,6,42.0,0.0,42.0,8.4,No,0
Iron,SOHO,6000,5,1.0,,6,42.0,0.0,42.0,8.4,No,0
Bronze,SOHO,4023,3,,,3,42.17,0.0,42.17,14.06,No,0
Bronze,SOHO,4400,3,1.0,,4,42.17,0.0,42.17,14.06,Yes,1
Bronze,SOHO,6091,5,,,5,42.17,0.0,42.17,8.43,No,0
Bronze,SOHO,4144,3,,,3,42.33,0.0,42.33,14.11,No,0
Bronze,SOHO,6260,5,,,5,42.33,0.0,42.33,8.47,No,0
Bronze,SOHO,6000,5,,,5,42.33,0.0,42.33,8.47,No,0
Iron,SOHO,4550,1,4.0,,5,42.33,0.0,42.33,42.33,No,0
Bronze,SOHO,4225,3,3.0,,6,42.33,0.0,42.33,14.11,No,0
Bronze,SOHO,6400,4,2.0,,6,42.33,0.0,42.33,10.58,No,0
Bronze,SOHO,6260,2,,,2,42.33,0.0,42.33,21.17,No,0
Bronze,SOHO,4150,4,,,4,42.5,0.0,42.5,10.63,No,0
Bronze,SOHO,4002,1,4.0,,5,42.5,0.0,42.5,42.5,No,0
Lead,SOHO,4000,3,,,3,42.5,0.0,42.5,14.17,No,0
Bronze,SOHO,6001,4,1.0,,5,42.5,0.0,42.5,10.63,No,0
Bronze,SOHO,4023,5,4.0,,9,42.5,0.0,42.5,8.5,No,0
Bronze,SOHO,6000,3,3.0,,6,42.5,0.0,42.5,14.17,No,0
Bronze,SOHO,4223,3,2.0,,5,42.67,0.0,42.67,14.22,No,0
Bronze,SOHO,6000,4,3.0,,7,42.67,0.0,42.67,10.67,No,0
Bronze,SOHO,6300,3,,,3,42.67,0.0,42.67,14.22,Yes,1
Bronze,SOHO,4600,4,1.0,,5,42.83,0.0,42.83,10.71,Yes,1
Bronze,SOHO,4400,4,1.0,,5,42.83,0.0,42.83,10.71,No,0
Bronze,SOHO,4002,3,,,3,42.83,0.0,42.83,14.28,No,0
Bronze,SOHO,6200,3,2.0,,5,42.83,0.0,42.83,14.28,No,0
Bronze,SOHO,4000,1,5.0,,6,43.0,0.0,43.0,43.0,No,0
Bronze,SOHO,4023,2,,,2,43.0,0.0,43.0,21.5,No,0
Bronze,SOHO,4000,3,,,3,43.0,0.0,43.0,14.33,No,0
Bronze,SOHO,4000,1,6.0,,7,43.0,0.0,43.0,43.0,No,0
Bronze,SOHO,6000,4,,,4,43.0,0.0,43.0,10.75,No,0
Bronze,SOHO,6000,1,1.0,,2,43.0,0.0,43.0,43.0,No,0
Bronze,SOHO,4004,4,2.0,,6,43.17,0.0,43.17,10.79,No,0
Iron,SOHO,4220,4,1.0,,5,43.17,0.0,43.17,10.79,No,0
Iron,SOHO,6100,6,,,6,43.17,0.0,43.17,7.2,No,0
Iron,SOHO,4023,4,,,4,43.17,0.0,43.17,10.79,No,0
Bronze,SOHO,4465,2,,,2,43.33,0.0,43.33,21.67,No,0
Bronze,SOHO,4400,5,6.0,,11,43.33,0.0,43.33,8.67,No,0
Bronze,SOHO,6000,4,,,4,43.33,0.0,43.33,10.83,No,0
Bronze,SOHO,6000,2,1.0,,3,43.33,0.0,43.33,21.67,No,0
Bronze,SOHO,6900,3,,,3,43.33,0.0,43.33,14.44,No,0
Iron,SOHO,4003,5,1.0,,6,43.5,0.0,43.5,8.7,No,0
Bronze,SOHO,4150,5,,,5,43.5,0.0,43.5,8.7,Yes,1
Iron,SOHO,4400,3,3.0,,6,43.5,0.0,43.5,14.5,No,0
Bronze,SOHO,6100,3,1.0,,4,43.5,0.0,43.5,14.5,Yes,1
Silver,SOHO,4002,4,3.0,,7,43.67,0.0,43.67,10.92,No,0
Bronze,SOHO,6400,4,,,4,43.67,0.0,43.67,10.92,No,0
Bronze,SOHO,6000,3,,,3,43.67,0.0,43.67,14.56,No,0
Iron,SOHO,4600,2,,1.0,3,43.67,0.0,43.67,21.84,No,0
Iron,SOHO,4023,1,5.0,,6,43.67,0.0,43.67,43.67,No,0
Bronze,SOHO,6400,4,,,4,43.67,0.0,43.67,10.92,No,0
Bronze,SOHO,4150,3,4.0,,7,43.83,0.0,43.83,14.61,No,0
Bronze,SOHO,4109,3,,,3,43.83,0.0,43.83,14.61,No,0
Bronze,SOHO,4500,1,1.0,,2,43.83,0.0,43.83,43.83,No,0
Bronze,SOHO,4114,5,1.0,,6,44.0,0.0,44.0,8.8,No,0
Bronze,SOHO,6000,3,,,3,44.0,0.0,44.0,14.67,No,0
Bronze,SOHO,4700,4,,,4,44.17,0.0,44.17,11.04,No,0
Bronze,SOHO,4400,3,2.0,,5,44.17,0.0,44.17,14.72,No,0
Bronze,SOHO,6000,2,3.0,,5,44.17,0.0,44.17,22.09,No,0
Iron,SOHO,4000,1,,,1,25.5,18.67,44.17,25.5,No,0
Bronze,SOHO,4000,2,5.0,,7,44.17,0.0,44.17,22.09,No,0
Bronze,SOHO,4000,3,1.0,,4,44.33,0.0,44.33,14.78,No,0
Iron,SOHO,4197,2,,,2,44.33,0.0,44.33,22.17,No,0
Bronze,SOHO,6100,2,9.0,,11,44.33,0.0,44.33,22.17,No,0
Bronze,SOHO,4000,4,,,4,44.33,0.0,44.33,11.08,No,0
Bronze,SOHO,6400,1,,3.0,4,44.33,0.0,44.33,44.33,No,0
Silver,SOHO,4700,3,6.0,,9,44.5,0.0,44.5,14.83,No,0
Bronze,SOHO,6100,6,,,6,44.5,0.0,44.5,7.42,No,0
Lead,SOHO,6400,4,1.0,,5,44.5,0.0,44.5,11.13,No,0
Bronze,SOHO,6000,3,,,3,44.5,0.0,44.5,14.83,No,0
Bronze,SOHO,4000,3,1.0,,4,44.67,0.0,44.67,14.89,No,0
Bronze,SOHO,6550,5,,,5,44.67,0.0,44.67,8.93,No,0
Bronze,SOHO,4023,3,5.0,,8,44.83,0.0,44.83,14.94,No,0
Silver,SOHO,4003,3,3.0,,6,44.83,0.0,44.83,14.94,No,0
Bronze,SOHO,6000,3,,,3,44.83,0.0,44.83,14.94,No,0
Bronze,SOHO,6000,3,,,3,44.83,0.0,44.83,14.94,No,0
Iron,SOHO,4003,4,5.0,,9,45.0,0.0,45.0,11.25,No,0
Bronze,SOHO,4002,3,2.0,,5,45.0,0.0,45.0,15.0,No,0
Bronze,SOHO,4400,3,,,3,45.17,0.0,45.17,15.06,No,0
Bronze,SOHO,4000,5,4.0,,9,45.17,0.0,45.17,9.03,No,0
Bronze,SOHO,4400,4,2.0,,6,45.17,0.0,45.17,11.29,No,0
Bronze,SOHO,6100,2,1.0,,3,45.17,0.0,45.17,22.59,No,0
Bronze,SOHO,4412,3,5.0,,8,45.33,0.0,45.33,15.11,No,0
Iron,SOHO,4030,2,,,2,45.33,0.0,45.33,22.67,No,0
Bronze,SOHO,4002,3,3.0,,6,45.33,0.0,45.33,15.11,No,0
Bronze,SOHO,6100,3,1.0,,4,45.33,0.0,45.33,15.11,No,0
Bronze,SOHO,4000,5,1.0,,6,45.5,0.0,45.5,9.1,No,0
Bronze,SOHO,4003,4,2.0,,6,45.67,0.0,45.67,11.42,No,0
Bronze,SOHO,6100,4,1.0,,5,45.67,0.0,45.67,11.42,No,0
Bronze,SOHO,6000,3,1.0,,4,45.67,0.0,45.67,15.22,No,0
Bronze,SOHO,6600,3,,,3,45.67,0.0,45.67,15.22,No,0
Bronze,SOHO,6300,5,,,5,45.67,0.0,45.67,9.13,No,0
Bronze,SOHO,4000,5,9.0,,14,45.83,0.0,45.83,9.17,No,0
Bronze,SOHO,4400,4,2.0,,6,46.0,0.0,46.0,11.5,No,0
Bronze,SOHO,4220,3,,,3,46.0,0.0,46.0,15.33,No,0
Iron,SOHO,4400,3,,,3,46.0,0.0,46.0,15.33,No,0
Bronze,SOHO,6001,1,,,1,46.0,0.0,46.0,46.0,No,0
Iron,SOHO,6450,4,,,4,46.0,0.0,46.0,11.5,No,0
Bronze,SOHO,6001,5,1.0,,6,46.0,0.0,46.0,9.2,No,0
Bronze,SOHO,6000,3,1.0,,4,46.0,0.0,46.0,15.33,No,0
Bronze,SOHO,4581,4,,,4,46.0,0.0,46.0,11.5,No,0
Bronze,SOHO,4400,3,,,3,46.17,0.0,46.17,15.39,No,0
Iron,SOHO,6100,4,,,4,46.17,0.0,46.17,11.54,No,0
Bronze,SOHO,4000,2,1.0,,3,46.17,0.0,46.17,23.09,No,0
Bronze,SOHO,6500,4,2.0,,6,46.17,0.0,46.17,11.54,No,0
Bronze,SOHO,6550,6,,,6,46.17,0.0,46.17,7.7,No,0
Bronze,SOHO,4400,3,1.0,,4,46.33,0.0,46.33,15.44,No,0
Bronze,SOHO,6400,2,2.0,,4,46.33,0.0,46.33,23.17,No,0
Bronze,SOHO,6100,5,1.0,,6,46.33,0.0,46.33,9.27,No,0
Bronze,SOHO,6100,4,,,4,46.33,0.0,46.33,11.58,No,0
Bronze,SOHO,4271,3,,,3,46.5,0.0,46.5,15.5,No,0
Bronze,SOHO,4004,3,,,3,46.5,0.0,46.5,15.5,No,0
Bronze,SOHO,6001,1,5.0,,6,46.5,0.0,46.5,46.5,No,0
Bronze,SOHO,6400,3,,,3,46.5,0.0,46.5,15.5,No,0
Bronze,SOHO,6000,4,,,4,46.5,0.0,46.5,11.63,No,0
Bronze,SOHO,4000,5,,,5,46.67,0.0,46.67,9.33,No,0
Bronze,SOHO,4230,3,2.0,,5,46.67,0.0,46.67,15.56,No,0
Bronze,SOHO,6000,4,,,4,46.67,0.0,46.67,11.67,No,0
Bronze,SOHO,6200,3,2.0,,5,46.67,0.0,46.67,15.56,No,0
Bronze,SOHO,4130,3,1.0,,4,46.83,0.0,46.83,15.61,No,0
Bronze,SOHO,4000,3,1.0,,4,46.83,0.0,46.83,15.61,No,0
Iron,SOHO,4000,10,2.0,,12,47.0,0.0,47.0,4.7,No,0
Bronze,SOHO,6000,3,3.0,,6,47.0,0.0,47.0,15.67,No,0
Bronze,SOHO,4400,6,13.0,,19,47.0,0.0,47.0,7.83,No,0
Bronze,SOHO,4400,4,2.0,,6,47.0,0.0,47.0,11.75,No,0
Bronze,SOHO,6300,3,,,3,47.0,0.0,47.0,15.67,No,0
Bronze,SOHO,6600,3,,,3,47.0,0.0,47.0,15.67,No,0
Bronze,SOHO,4400,3,1.0,,4,47.17,0.0,47.17,15.72,No,0
Bronze,SOHO,4023,6,2.0,,8,47.17,0.0,47.17,7.86,No,0
Iron,SOHO,6000,1,,,1,47.17,0.0,47.17,47.17,No,0
Bronze,SOHO,6260,3,5.0,,8,47.17,0.0,47.17,15.72,No,0
Bronze,SOHO,6000,4,3.0,,7,47.17,0.0,47.17,11.79,No,0
Bronze,SOHO,4000,5,,,5,47.2,0.0,47.2,9.44,No,0
Bronze,SOHO,4484,1,,,1,47.33,0.0,47.33,47.33,No,0
Bronze,SOHO,4000,4,,,4,47.33,0.0,47.33,11.83,No,0
Bronze,SOHO,6000,3,1.0,,4,47.33,0.0,47.33,15.78,No,0
Bronze,SOHO,6400,4,,,4,47.33,0.0,47.33,11.83,No,0
Bronze,SOHO,6000,6,1.0,,7,47.33,0.0,47.33,7.89,No,0
Iron,SOHO,4130,4,1.0,,5,47.5,0.0,47.5,11.88,No,0
Iron,SOHO,4470,2,1.0,,3,47.5,0.0,47.5,23.75,No,0
Iron,SOHO,4550,2,,,2,47.5,0.0,47.5,23.75,No,0
Iron,SOHO,4400,4,,,4,47.5,0.0,47.5,11.88,No,0
Bronze,SOHO,6600,5,,,5,47.5,0.0,47.5,9.5,No,0
Bronze,SOHO,6000,3,,,3,47.5,0.0,47.5,15.83,No,0
Bronze,SOHO,6300,4,,,4,47.6,0.0,47.6,11.9,No,0
Bronze,SOHO,2442,4,2.0,,6,47.67,0.0,47.67,11.92,No,0
Bronze,SOHO,4230,6,5.0,,11,47.67,0.0,47.67,7.95,No,0
Bronze,SOHO,4400,5,2.0,,7,47.67,0.0,47.67,9.53,No,0
Bronze,SOHO,6138,3,,,3,47.67,0.0,47.67,15.89,No,0
Bronze,SOHO,4400,4,1.0,,5,47.83,0.0,47.83,11.96,No,0
Bronze,SOHO,4000,6,5.0,,11,47.83,0.0,47.83,7.97,No,0
Iron,SOHO,6000,2,1.0,,3,47.83,0.0,47.83,23.92,No,0
Bronze,SOHO,6100,5,,,5,47.83,0.0,47.83,9.57,No,0
Bronze,SOHO,6500,3,1.0,,4,47.83,0.0,47.83,15.94,No,0
Bronze,SOHO,4004,5,,,5,48.0,0.0,48.0,9.6,No,0
Bronze,SOHO,4000,5,,,5,48.0,0.0,48.0,9.6,No,0
Bronze,SOHO,4400,6,1.0,,7,48.17,0.0,48.17,8.03,No,0
Bronze,SOHO,4151,5,,,5,48.17,0.0,48.17,9.63,No,0
Iron,SOHO,6000,6,4.0,,10,48.17,0.0,48.17,8.03,No,0
Iron,SOHO,6400,7,,,7,48.17,0.0,48.17,6.88,No,0
Bronze,SOHO,6400,5,2.0,,7,48.17,0.0,48.17,9.63,No,0
Bronze,SOHO,4400,2,,,2,48.33,0.0,48.33,24.17,No,0
Bronze,SOHO,6400,4,1.0,,5,48.33,0.0,48.33,12.08,No,0
Iron,SOHO,6600,4,1.0,,5,48.33,0.0,48.33,12.08,No,0
Bronze,SOHO,4023,5,3.0,,8,48.33,0.0,48.33,9.67,No,0
Bronze,SOHO,4000,3,,,3,48.5,0.0,48.5,16.17,No,0
Bronze,SOHO,6300,5,3.0,,8,48.5,0.0,48.5,9.7,No,0
Bronze,SOHO,4160,2,1.0,,3,48.5,0.0,48.5,24.25,No,0
Bronze,SOHO,6400,3,,,3,48.5,0.0,48.5,16.17,No,0
Bronze,SOHO,6300,3,2.0,,5,48.5,0.0,48.5,16.17,No,0
Bronze,SOHO,4550,4,,,4,48.67,0.0,48.67,12.17,No,0
Bronze,SOHO,4000,6,,,6,48.67,0.0,48.67,8.11,No,0
Bronze,SOHO,4000,3,1.0,,4,48.67,0.0,48.67,16.22,No,0
Lead,SOHO,6000,3,,,3,48.67,0.0,48.67,16.22,No,0
Bronze,SOHO,4023,4,2.0,,6,48.67,0.0,48.67,12.17,No,0
Silver,SOHO,4004,3,3.0,,6,48.83,0.0,48.83,16.28,No,0
Bronze,SOHO,6000,5,1.0,,6,48.83,0.0,48.83,9.77,No,0
Bronze,SOHO,6600,4,,,4,48.83,0.0,48.83,12.21,No,0
Bronze,SOHO,6000,5,,,5,48.83,0.0,48.83,9.77,No,0
Bronze,SOHO,4002,3,,,3,48.83,0.0,48.83,16.28,No,0
Bronze,SOHO,4600,4,9.0,,13,49.0,0.0,49.0,12.25,No,0
Bronze,SOHO,4000,3,,,3,49.0,0.0,49.0,16.33,No,0
Bronze,SOHO,4230,6,,,6,49.0,0.0,49.0,8.17,No,0
Iron,SOHO,6000,2,1.0,,3,49.0,0.0,49.0,24.5,No,0
Bronze,SOHO,6000,3,,,3,49.0,0.0,49.0,16.33,No,0
Iron,SOHO,4000,3,2.0,,5,49.17,0.0,49.17,16.39,No,0
Bronze,SOHO,6000,3,1.0,,4,49.17,0.0,49.17,16.39,No,0
Bronze,SOHO,6000,5,1.0,,6,49.17,0.0,49.17,9.83,No,0
Bronze,SOHO,6000,1,1.0,,2,49.17,0.0,49.17,49.17,No,0
Bronze,SOHO,4023,2,,1.0,3,49.17,0.0,49.17,24.59,No,0
Bronze,SOHO,4419,1,3.0,,4,49.33,0.0,49.33,49.33,No,0
Bronze,SOHO,4015,5,1.0,,6,49.33,0.0,49.33,9.87,No,0
Bronze,SOHO,4225,4,3.0,,7,49.33,0.0,49.33,12.33,No,0
Bronze,SOHO,4000,5,1.0,,6,49.33,0.0,49.33,9.87,No,0
Bronze,SOHO,6000,4,,,4,49.33,0.0,49.33,12.33,No,0
Bronze,SOHO,4400,4,,,4,49.33,0.0,49.33,12.33,No,0
Bronze,SOHO,4023,6,,,6,49.33,0.0,49.33,8.22,No,0
Bronze,SOHO,4700,2,2.0,,4,49.5,0.0,49.5,24.75,Yes,1
Bronze,SOHO,6000,4,1.0,,5,49.5,0.0,49.5,12.38,No,0
Bronze,SOHO,6000,5,,,5,49.5,0.0,49.5,9.9,No,0
Bronze,SOHO,4000,3,2.0,,5,49.5,0.0,49.5,16.5,No,0
Bronze,SOHO,4004,4,4.0,,8,49.67,0.0,49.67,12.42,No,0
Bronze,SOHO,6004,4,,,4,49.67,0.0,49.67,12.42,No,0
Bronze,SOHO,6200,6,1.0,,7,49.67,0.0,49.67,8.28,No,0
Bronze,SOHO,6000,4,,,4,49.67,0.0,49.67,12.42,No,0
Bronze,SOHO,4400,2,,,2,49.67,0.0,49.67,24.84,No,0
Bronze,SOHO,4600,3,,,3,49.67,0.0,49.67,16.56,No,0
Bronze,SOHO,6100,5,3.0,,8,49.83,0.0,49.83,9.97,No,0
Bronze,SOHO,4400,4,1.0,,5,49.83,0.0,49.83,12.46,No,0
Bronze,SOHO,6000,4,,,4,49.83,0.0,49.83,12.46,No,0
Bronze,SOHO,4600,3,,,3,50.0,0.0,50.0,16.67,No,0
Bronze,SOHO,4220,2,,,2,50.0,0.0,50.0,25.0,No,0
Bronze,SOHO,6450,10,,,10,50.0,0.0,50.0,5.0,No,0
Bronze,SOHO,6000,4,,,4,50.17,0.0,50.17,12.54,No,0
Bronze,SOHO,6100,4,2.0,,6,50.17,0.0,50.17,12.54,No,0
Bronze,SOHO,6000,4,,,4,50.17,0.0,50.17,12.54,Yes,1
Bronze,SOHO,4000,2,9.0,,11,50.17,0.0,50.17,25.09,No,0
Bronze,SOHO,6490,2,1.0,,3,50.17,0.0,50.17,25.09,No,0
Bronze,SOHO,4300,2,1.0,,3,50.33,0.0,50.33,25.17,No,0
Bronze,SOHO,6260,5,,,5,50.33,0.0,50.33,10.07,Yes,1
Bronze,SOHO,6000,4,1.0,,5,50.33,0.0,50.33,12.58,No,0
Bronze,SOHO,6100,4,2.0,,6,50.33,0.0,50.33,12.58,No,0
Bronze,SOHO,6400,3,1.0,,4,50.33,0.0,50.33,16.78,No,0
Bronze,SOHO,4500,4,,,4,50.5,0.0,50.5,12.63,No,0
Bronze,SOHO,4002,2,,,2,50.5,0.0,50.5,25.25,No,0
Bronze,SOHO,6000,8,,,8,50.5,0.0,50.5,6.31,No,0
Bronze,SOHO,6000,3,,,3,50.5,0.0,50.5,16.83,No,0
Bronze,SOHO,4004,3,,,3,50.5,0.0,50.5,16.83,No,0
Bronze,SOHO,4500,3,,,3,50.67,0.0,50.67,16.89,No,0
Bronze,SOHO,6100,2,1.0,,3,50.67,0.0,50.67,25.34,No,0
Bronze,SOHO,6000,3,3.0,,6,50.67,0.0,50.67,16.89,No,0
Bronze,SOHO,8000,3,1.0,,4,50.67,0.0,50.67,16.89,No,0
Bronze,SOHO,1142,6,,,6,50.67,0.0,50.67,8.45,No,0
Bronze,SOHO,6300,3,,,3,50.67,0.0,50.67,16.89,No,0
Bronze,SOHO,6300,4,2.0,,6,50.67,0.0,50.67,12.67,No,0
Bronze,SOHO,4500,4,,,4,50.83,0.0,50.83,12.71,No,0
Bronze,SOHO,4300,4,,,4,50.83,0.0,50.83,12.71,No,0
Bronze,SOHO,6010,3,2.0,,5,50.83,0.0,50.83,16.94,No,0
Bronze,SOHO,4400,5,1.0,,6,51.0,0.0,51.0,10.2,No,0
Bronze,SOHO,4004,6,1.0,,7,51.0,0.0,51.0,8.5,No,0
Bronze,SOHO,4230,3,5.0,,8,51.0,0.0,51.0,17.0,No,0
Bronze,SOHO,4000,4,1.0,,5,51.0,0.0,51.0,12.75,No,0
Bronze,SOHO,4580,5,,,5,51.0,0.0,51.0,10.2,No,0
Bronze,SOHO,6000,5,,,5,51.0,0.0,51.0,10.2,No,0
Bronze,SOHO,6014,4,2.0,,6,51.0,0.0,51.0,12.75,No,0
Bronze,SOHO,6000,1,,,1,26.33,24.83,51.16,26.33,No,0
Bronze,SOHO,4004,6,,,6,51.17,0.0,51.17,8.53,No,0
Lead,SOHO,6400,6,,,6,51.17,0.0,51.17,8.53,No,0
Bronze,SOHO,4003,3,2.0,,5,51.17,0.0,51.17,17.06,No,0
Bronze,SOHO,4000,5,,,5,51.33,0.0,51.33,10.27,No,0
Bronze,SOHO,4230,5,,,5,51.33,0.0,51.33,10.27,No,0
Bronze,SOHO,6000,6,,,6,51.33,0.0,51.33,8.56,No,0
Bronze,SOHO,6200,4,,,4,51.33,0.0,51.33,12.83,No,0
Bronze,SOHO,6000,3,2.0,,5,51.33,0.0,51.33,17.11,No,0
Bronze,SOHO,4002,6,5.0,,11,51.33,0.0,51.33,8.56,No,0
Bronze,SOHO,4021,1,4.0,,5,51.5,0.0,51.5,51.5,No,0
Bronze,SOHO,6300,5,2.0,,7,51.5,0.0,51.5,10.3,No,0
Bronze,SOHO,6300,5,1.0,,6,51.5,0.0,51.5,10.3,Yes,1
Bronze,SOHO,4400,2,1.0,,3,51.67,0.0,51.67,25.84,No,0
Bronze,SOHO,4170,5,,,5,51.67,0.0,51.67,10.33,No,0
Bronze,SOHO,6000,2,,,2,51.67,0.0,51.67,25.84,No,0
Bronze,SOHO,6000,1,,,1,51.67,0.0,51.67,51.67,No,0
Bronze,SOHO,6000,6,,,6,51.67,0.0,51.67,8.61,No,0
Bronze,SOHO,6000,3,6.0,,9,51.67,0.0,51.67,17.22,No,0
Bronze,SOHO,6000,4,,,4,51.67,0.0,51.67,12.92,No,0
Bronze,SOHO,6260,4,4.0,,8,51.67,0.0,51.67,12.92,No,0
Bronze,SOHO,4400,4,1.0,,5,51.83,0.0,51.83,12.96,No,0
Bronze,SOHO,6000,2,1.0,,3,51.83,0.0,51.83,25.92,No,0
Bronze,SOHO,6000,5,,,5,51.83,0.0,51.83,10.37,No,0
Bronze,SOHO,6165,4,4.0,1.0,9,51.83,0.0,51.83,12.96,No,0
Bronze,SOHO,4000,3,,,3,51.83,0.0,51.83,17.28,No,0
Bronze,SOHO,6300,7,1.0,,8,51.83,0.0,51.83,7.4,No,0
Bronze,SOHO,6500,12,13.0,,25,51.83,0.0,51.83,4.32,No,0
Bronze,SOHO,4579,7,1.0,,8,52.0,0.0,52.0,7.43,No,0
Bronze,SOHO,4600,5,,,5,52.0,0.0,52.0,10.4,No,0
Bronze,SOHO,4400,5,1.0,,6,52.0,0.0,52.0,10.4,No,0
Bronze,SOHO,4500,1,,,1,52.0,0.0,52.0,52.0,No,0
Bronze,SOHO,6100,4,,,4,52.17,0.0,52.17,13.04,Yes,1
Bronze,SOHO,6000,2,1.0,,3,52.17,0.0,52.17,26.09,No,0
Bronze,SOHO,4400,4,1.0,,5,52.17,0.0,52.17,13.04,No,0
Bronze,SOHO,6100,1,,,1,52.17,0.0,52.17,52.17,No,0
Bronze,SOHO,6000,5,3.0,,8,52.17,0.0,52.17,10.43,No,0
Bronze,SOHO,6280,3,1.0,,4,52.33,0.0,52.33,17.44,No,0
Bronze,SOHO,4400,4,1.0,,5,52.33,0.0,52.33,13.08,No,0
Iron,SOHO,6300,7,,,7,52.33,0.0,52.33,7.48,No,0
Bronze,SOHO,6000,5,,,5,52.5,0.0,52.5,10.5,No,0
Bronze,SOHO,6000,2,,,2,52.5,0.0,52.5,26.25,No,0
Bronze,SOHO,4644,4,,,4,52.67,0.0,52.67,13.17,No,0
Iron,SOHO,4018,4,1.0,,5,52.67,0.0,52.67,13.17,Yes,1
Bronze,SOHO,6000,4,,,4,52.67,0.0,52.67,13.17,No,0
Bronze,SOHO,8470,4,,,4,52.67,0.0,52.67,13.17,No,0
Bronze,SOHO,4002,3,2.0,,5,52.83,0.0,52.83,17.61,No,0
Bronze,SOHO,4350,4,4.0,,8,52.83,0.0,52.83,13.21,No,0
Bronze,SOHO,6260,3,,,3,52.83,0.0,52.83,17.61,No,0
Bronze,SOHO,6000,3,,,3,52.83,0.0,52.83,17.61,No,0
Bronze,SOHO,4006,2,4.0,,6,52.83,0.0,52.83,26.42,No,0
Bronze,SOHO,4000,3,,1.0,4,53.0,0.0,53.0,17.67,No,0
Bronze,SOHO,6000,4,1.0,,5,53.0,0.0,53.0,13.25,No,0
Bronze,SOHO,6000,6,3.0,,9,53.0,0.0,53.0,8.83,No,0
Iron,SOHO,4004,2,8.0,,10,53.0,0.0,53.0,26.5,No,0
Bronze,SOHO,1505,5,1.0,,6,53.0,0.0,53.0,10.6,No,0
Iron,SOHO,4000,6,,,6,53.17,0.0,53.17,8.86,No,0
Silver,SOHO,6400,2,2.0,1.0,5,53.33,0.0,53.33,26.67,No,0
Bronze,SOHO,6000,5,,,5,53.33,0.0,53.33,10.67,No,0
Bronze,SOHO,6100,2,5.0,,7,53.33,0.0,53.33,26.67,No,0
Bronze,SOHO,4270,2,,,2,53.33,0.0,53.33,26.67,No,0
Iron,SOHO,4002,6,,,6,53.5,0.0,53.5,8.92,No,0
Bronze,SOHO,6000,2,1.0,,3,53.5,0.0,53.5,26.75,No,0
Bronze,SOHO,6158,4,1.0,,5,53.5,0.0,53.5,13.38,No,0
Silver,SOHO,6000,4,1.0,,5,53.5,0.0,53.5,13.38,Yes,1
Bronze,SOHO,6000,1,,,1,53.5,0.0,53.5,53.5,No,0
Bronze,SOHO,6900,3,,,3,53.5,0.0,53.5,17.83,No,0
Bronze,SOHO,4030,5,,,5,53.67,0.0,53.67,10.73,No,0
Bronze,SOHO,4002,2,1.0,,3,53.67,0.0,53.67,26.84,No,0
Bronze,SOHO,6138,5,,,5,53.67,0.0,53.67,10.73,No,0
Bronze,SOHO,6000,3,,,3,53.67,0.0,53.67,17.89,No,0
Bronze,SOHO,6300,6,2.0,,8,53.67,0.0,53.67,8.95,No,0
Bronze,SOHO,6500,4,,,4,53.83,0.0,53.83,13.46,No,0
Bronze,SOHO,6300,3,,,3,53.83,0.0,53.83,17.94,No,0
Bronze,SOHO,4000,6,,,6,54.0,0.0,54.0,9.0,No,0
Bronze,SOHO,4000,3,1.0,,4,54.0,0.0,54.0,18.0,No,0
Bronze,SOHO,4004,5,,,5,54.0,0.0,54.0,10.8,No,0
Silver,SOHO,4400,3,1.0,,4,54.0,0.0,54.0,18.0,No,0
Bronze,SOHO,6000,3,,,3,54.17,0.0,54.17,18.06,No,0
Bronze,SOHO,4500,3,,,3,54.17,0.0,54.17,18.06,No,0
Bronze,SOHO,4600,5,,,5,54.33,0.0,54.33,10.87,No,0
Iron,SOHO,4400,1,,,1,54.33,0.0,54.33,54.33,No,0
Bronze,SOHO,4000,3,,,3,54.33,0.0,54.33,18.11,No,0
Bronze,SOHO,6000,5,,,5,54.33,0.0,54.33,10.87,No,0
Iron,SOHO,4000,4,,,4,54.5,0.0,54.5,13.63,No,0
Bronze,SOHO,6000,2,,,2,54.5,0.0,54.5,27.25,No,0
Bronze,SOHO,6000,4,,,4,54.5,0.0,54.5,13.63,No,0
Bronze,SOHO,6000,5,,1.0,6,54.67,0.0,54.67,10.93,No,0
Bronze,SOHO,6400,3,,,3,54.67,0.0,54.67,18.22,No,0
Bronze,SOHO,6000,3,,,3,54.67,0.0,54.67,18.22,No,0
Bronze,SOHO,6400,5,2.0,,7,54.67,0.0,54.67,10.93,No,0
Bronze,SOHO,6300,6,,,6,54.67,0.0,54.67,9.11,No,0
Bronze,SOHO,4004,4,1.0,,5,54.83,0.0,54.83,13.71,No,0
Bronze,SOHO,4600,6,,,6,54.83,0.0,54.83,9.14,No,0
Bronze,SOHO,4030,3,4.0,,7,54.83,0.0,54.83,18.28,No,0
Bronze,SOHO,4000,4,2.0,,6,54.83,0.0,54.83,13.71,No,0
Bronze,SOHO,4300,4,1.0,,5,54.83,0.0,54.83,13.71,No,0
Iron,SOHO,6100,3,,,3,54.83,0.0,54.83,18.28,No,0
Bronze,SOHO,6000,3,2.0,,5,54.83,0.0,54.83,18.28,No,0
Bronze,SOHO,6100,2,,,2,54.83,0.0,54.83,27.42,No,0
Bronze,SOHO,4400,2,3.0,,5,55.0,0.0,55.0,27.5,No,0
Bronze,SOHO,6300,6,2.0,,8,55.0,0.0,55.0,9.17,No,0
Bronze,SOHO,6000,3,,,3,55.0,0.0,55.0,18.33,No,0
Bronze,SOHO,6000,4,,,4,55.0,0.0,55.0,13.75,No,0
Silver,SOHO,4003,2,10.0,,12,55.17,0.0,55.17,27.59,No,0
Silver,SOHO,4419,2,10.0,,12,55.17,0.0,55.17,27.59,No,0
Iron,SOHO,4000,5,,,5,55.17,0.0,55.17,11.03,No,0
Bronze,SOHO,6000,4,1.0,,5,55.17,0.0,55.17,13.79,No,0
Bronze,SOHO,6000,3,1.0,,4,55.17,0.0,55.17,18.39,No,0
Bronze,SOHO,4000,6,,,6,55.17,0.0,55.17,9.2,No,0
Bronze,SOHO,4250,3,4.0,,7,55.33,0.0,55.33,18.44,No,0
Bronze,SOHO,4000,7,1.0,,8,55.33,0.0,55.33,7.9,No,0
Bronze,SOHO,4000,3,1.0,,4,55.33,0.0,55.33,18.44,No,0
Bronze,SOHO,4330,6,3.0,,9,55.33,0.0,55.33,9.22,Yes,1
Bronze,SOHO,6000,3,2.0,,5,55.33,0.0,55.33,18.44,No,0
Bronze,SOHO,4110,2,3.0,,5,55.33,0.0,55.33,27.67,No,0
Bronze,SOHO,4000,1,3.0,,4,55.33,0.0,55.33,55.33,No,0
Bronze,SOHO,6400,2,1.0,,3,55.33,0.0,55.33,27.67,No,0
Bronze,SOHO,6800,3,,,3,55.33,0.0,55.33,18.44,No,0
Bronze,SOHO,4400,4,,,4,55.5,0.0,55.5,13.88,No,0
Bronze,SOHO,4330,3,1.0,,4,55.5,0.0,55.5,18.5,No,0
Bronze,SOHO,6000,3,2.0,,5,55.5,0.0,55.5,18.5,No,0
Bronze,SOHO,6600,6,1.0,,7,55.5,0.0,55.5,9.25,No,0
Bronze,SOHO,6870,8,,,8,55.5,0.0,55.5,6.94,No,0
Bronze,SOHO,4415,4,5.0,,9,55.67,0.0,55.67,13.92,No,0
Bronze,SOHO,6100,5,,,5,55.67,0.0,55.67,11.13,No,0
Bronze,SOHO,6000,4,,,4,55.67,0.0,55.67,13.92,No,0
Bronze,SOHO,6000,5,3.0,,8,55.67,0.0,55.67,11.13,No,0
Bronze,SOHO,6600,5,,,5,55.67,0.0,55.67,11.13,No,0
Bronze,SOHO,4004,4,,,4,55.83,0.0,55.83,13.96,No,0
Bronze,SOHO,4002,6,1.0,,7,55.83,0.0,55.83,9.31,No,0
Bronze,SOHO,4001,3,3.0,,6,55.83,0.0,55.83,18.61,No,0
Bronze,SOHO,6000,4,1.0,,5,55.83,0.0,55.83,13.96,No,0
Bronze,SOHO,6000,4,,,4,55.83,0.0,55.83,13.96,No,0
Bronze,SOHO,6180,2,6.0,,8,55.83,0.0,55.83,27.92,No,0
Bronze,SOHO,6000,2,,,2,55.83,0.0,55.83,27.92,No,0
Bronze,SOHO,4003,5,2.0,2.0,9,56.0,0.0,56.0,11.2,No,0
Bronze,SOHO,6000,3,,,3,56.0,0.0,56.0,18.67,No,0
Bronze,SOHO,4400,5,,,5,56.17,0.0,56.17,11.23,No,0
Bronze,SOHO,4400,8,1.0,,9,56.17,0.0,56.17,7.02,No,0
Bronze,SOHO,6200,5,2.0,,7,56.17,0.0,56.17,11.23,No,0
Bronze,SOHO,6450,2,,,2,56.17,0.0,56.17,28.09,No,0
Bronze,SOHO,4000,5,,,5,56.17,0.0,56.17,11.23,No,0
Bronze,SOHO,6300,1,1.0,,2,56.17,0.0,56.17,56.17,No,0
Bronze,SOHO,6199,2,3.0,,5,56.33,0.0,56.33,28.17,No,0
Bronze,SOHO,4490,5,,,5,56.33,0.0,56.33,11.27,No,0
Bronze,SOHO,6450,2,3.0,,5,56.33,0.0,56.33,28.17,No,0
Bronze,SOHO,4004,1,10.0,,11,56.5,0.0,56.5,56.5,No,0
Bronze,SOHO,6000,2,1.0,,3,56.5,0.0,56.5,28.25,No,0
Bronze,SOHO,6000,3,,,3,56.5,0.0,56.5,18.83,No,0
Bronze,SOHO,6000,6,,,6,56.5,0.0,56.5,9.42,No,0
Bronze,SOHO,6500,3,1.0,,4,56.5,0.0,56.5,18.83,No,0
Bronze,SOHO,4600,4,,,4,56.67,0.0,56.67,14.17,No,0
Bronze,SOHO,4107,4,5.0,,9,56.67,0.0,56.67,14.17,No,0
Bronze,SOHO,6000,4,,,4,56.67,0.0,56.67,14.17,No,0
Bronze,SOHO,6500,5,2.0,,7,56.67,0.0,56.67,11.33,No,0
Bronze,SOHO,6800,5,,,5,56.83,0.0,56.83,11.37,No,0
Bronze,SOHO,6260,3,2.0,,5,56.83,0.0,56.83,18.94,No,0
Bronze,SOHO,4400,4,5.0,,9,57.0,0.0,57.0,14.25,No,0
Bronze,SOHO,6000,5,3.0,,8,57.0,0.0,57.0,11.4,No,0
Bronze,SOHO,6000,5,2.0,,7,57.0,0.0,57.0,11.4,No,0
Bronze,SOHO,6000,6,,,6,57.17,0.0,57.17,9.53,No,0
Bronze,SOHO,6000,3,,,3,57.17,0.0,57.17,19.06,No,0
Bronze,SOHO,6000,3,2.0,,5,57.17,0.0,57.17,19.06,No,0
Bronze,SOHO,4000,4,,,4,57.25,0.0,57.25,14.31,No,0
Bronze,SOHO,6280,4,,,4,57.33,0.0,57.33,14.33,No,0
Bronze,SOHO,4002,6,,,6,57.33,0.0,57.33,9.56,No,0
Bronze,SOHO,4023,5,3.0,,8,57.5,0.0,57.5,11.5,No,0
Bronze,SOHO,4000,6,1.0,,7,57.5,0.0,57.5,9.58,No,0
Bronze,SOHO,4000,4,2.0,,6,57.5,0.0,57.5,14.38,No,0
Bronze,SOHO,6600,5,,,5,57.5,0.0,57.5,11.5,No,0
Bronze,SOHO,4000,5,,,5,57.5,0.0,57.5,11.5,No,0
Bronze,SOHO,6400,2,5.0,,7,57.5,0.0,57.5,28.75,No,0
Bronze,SOHO,6850,7,,,7,57.5,0.0,57.5,8.21,No,0
Bronze,SOHO,6600,3,2.0,,5,57.5,0.0,57.5,19.17,No,0
Bronze,SOHO,4190,4,,,4,57.67,0.0,57.67,14.42,No,0
Bronze,SOHO,6000,3,2.0,,5,57.67,0.0,57.67,19.22,No,0
Bronze,SOHO,6000,5,,,5,57.67,0.0,57.67,11.53,No,0
Bronze,SOHO,6000,2,,,2,57.83,0.0,57.83,28.92,No,0
Bronze,SOHO,6800,1,7.0,,8,57.83,0.0,57.83,57.83,No,0
Bronze,SOHO,6600,3,,,3,57.83,0.0,57.83,19.28,No,0
Bronze,SOHO,4017,3,6.0,,9,58.0,0.0,58.0,19.33,No,0
Bronze,SOHO,6770,4,1.0,,5,58.0,0.0,58.0,14.5,No,0
Bronze,SOHO,6300,4,,,4,58.0,0.0,58.0,14.5,No,0
Bronze,SOHO,4178,4,4.0,,8,58.17,0.0,58.17,14.54,No,0
Bronze,SOHO,6000,3,,,3,58.17,0.0,58.17,19.39,No,0
Bronze,SOHO,6100,3,2.0,,5,58.17,0.0,58.17,19.39,No,0
Bronze,SOHO,4002,5,1.0,,6,58.17,0.0,58.17,11.63,No,0
Bronze,SOHO,6000,3,,,3,58.25,0.0,58.25,19.42,No,0
Bronze,SOHO,4000,5,,,5,58.33,0.0,58.33,11.67,No,0
Bronze,SOHO,4290,6,1.0,,7,58.33,0.0,58.33,9.72,No,0
Bronze,SOHO,6160,3,5.0,,8,58.33,0.0,58.33,19.44,No,0
Bronze,SOHO,6600,6,1.0,,7,58.33,0.0,58.33,9.72,No,0
Bronze,SOHO,4600,7,1.0,,8,58.5,0.0,58.5,8.36,No,0
Bronze,SOHO,4000,6,2.0,,8,58.5,0.0,58.5,9.75,No,0
Bronze,SOHO,6000,5,,,5,58.5,0.0,58.5,11.7,No,0
Bronze,SOHO,4225,2,,,2,58.5,0.0,58.5,29.25,No,0
Bronze,SOHO,6500,3,1.0,,4,58.5,0.0,58.5,19.5,No,0
Bronze,SOHO,6000,5,,,5,58.67,0.0,58.67,11.73,No,0
Bronze,SOHO,6000,3,,,3,58.67,0.0,58.67,19.56,No,0
Bronze,SOHO,6000,3,4.0,,7,58.67,0.0,58.67,19.56,No,0
Bronze,SOHO,6300,5,2.0,,7,58.67,0.0,58.67,11.73,No,0
Bronze,SOHO,4230,4,,,4,58.83,0.0,58.83,14.71,No,0
Bronze,SOHO,4490,7,,,7,58.83,0.0,58.83,8.4,No,0
Bronze,SOHO,4230,3,3.0,,6,58.83,0.0,58.83,19.61,No,0
Bronze,SOHO,6000,4,1.0,,5,58.83,0.0,58.83,14.71,No,0
Bronze,SOHO,6800,3,,,3,58.83,0.0,58.83,19.61,No,0
Bronze,SOHO,6300,4,,,4,58.83,0.0,58.83,14.71,No,0
Bronze,SOHO,4600,2,1.0,,3,59.0,0.0,59.0,29.5,No,0
Bronze,SOHO,6000,2,1.0,,3,59.0,0.0,59.0,29.5,No,0
Bronze,SOHO,6000,6,,,6,59.0,0.0,59.0,9.83,No,0
Bronze,SOHO,6138,3,2.0,,5,59.0,0.0,59.0,19.67,No,0
Silver,SOHO,6062,6,6.0,,12,59.0,0.0,59.0,9.83,No,0
Bronze,SOHO,6600,5,2.0,,7,59.0,0.0,59.0,11.8,No,0
Bronze,SOHO,6000,4,,,4,59.17,0.0,59.17,14.79,No,0
Silver,SOHO,6000,2,,,2,59.17,0.0,59.17,29.59,No,0
Bronze,SOHO,6400,3,,,3,59.17,0.0,59.17,19.72,No,0
Bronze,SOHO,6450,4,,1.0,5,59.17,0.0,59.17,14.79,No,0
Bronze,SOHO,6100,4,2.0,,6,59.33,0.0,59.33,14.83,No,0
Bronze,SOHO,4400,4,1.0,,5,59.33,0.0,59.33,14.83,No,0
Bronze,SOHO,6400,2,1.0,,3,59.33,0.0,59.33,29.67,No,0
Lead,SOHO,6100,7,1.0,,8,59.33,0.0,59.33,8.48,No,0
Bronze,SOHO,6200,5,,,5,59.33,0.0,59.33,11.87,No,0
Bronze,SOHO,6000,4,,,4,59.33,0.0,59.33,14.83,No,0
Bronze,SOHO,6600,2,2.0,,4,59.33,0.0,59.33,29.67,No,0
Bronze,SOHO,4500,4,,,4,59.5,0.0,59.5,14.88,No,0
Bronze,SOHO,4210,6,1.0,,7,59.5,0.0,59.5,9.92,No,0
Bronze,SOHO,4000,3,,,3,59.5,0.0,59.5,19.83,No,0
Bronze,SOHO,6400,4,1.0,,5,59.5,0.0,59.5,14.88,No,0
Bronze,SOHO,4002,5,,,5,59.67,0.0,59.67,11.93,No,0
Bronze,SOHO,6000,3,,,3,59.67,0.0,59.67,19.89,No,0
Bronze,SOHO,6000,4,1.0,,5,59.67,0.0,59.67,14.92,No,0
Bronze,SOHO,4000,3,3.0,,6,59.83,0.0,59.83,19.94,No,0
Bronze,SOHO,6100,4,,,4,59.83,0.0,59.83,14.96,No,0
Bronze,SOHO,6000,4,,,4,59.83,0.0,59.83,14.96,No,0
Bronze,SOHO,4414,3,,,3,59.83,0.0,59.83,19.94,No,0
Bronze,SOHO,6400,4,1.0,,5,60.0,0.0,60.0,15.0,No,0
Silver,SOHO,6000,4,9.0,,13,60.0,0.0,60.0,15.0,No,0
Bronze,SOHO,6100,4,,,4,60.0,0.0,60.0,15.0,Yes,1
Bronze,SOHO,4023,3,1.0,,4,60.0,0.0,60.0,20.0,No,0
Bronze,SOHO,6000,5,2.0,,7,60.0,0.0,60.0,12.0,No,0
Bronze,SOHO,4400,4,,,4,60.17,0.0,60.17,15.04,No,0
Bronze,SOHO,4017,5,,,5,60.17,0.0,60.17,12.03,No,0
Bronze,SOHO,4400,3,,,3,60.17,0.0,60.17,20.06,No,0
Bronze,SOHO,6000,3,1.0,,4,60.17,0.0,60.17,20.06,No,0
Bronze,SOHO,6100,5,1.0,,6,60.17,0.0,60.17,12.03,No,0
Bronze,SOHO,6000,7,,,7,60.17,0.0,60.17,8.6,No,0
Bronze,SOHO,4013,4,2.0,,6,60.17,0.0,60.17,15.04,No,0
Silver,SOHO,6570,4,,,4,60.17,0.0,60.17,15.04,No,0
Bronze,SOHO,4023,5,2.0,,7,60.33,0.0,60.33,12.07,No,0
Bronze,SOHO,4021,4,2.0,,6,60.33,0.0,60.33,15.08,No,0
Bronze,SOHO,4400,3,,,3,60.33,0.0,60.33,20.11,No,0
Bronze,SOHO,4000,2,2.0,,4,60.33,0.0,60.33,30.17,No,0
Silver,SOHO,4003,4,1.0,,5,60.33,0.0,60.33,15.08,No,0
Bronze,SOHO,6400,6,1.0,,7,60.33,0.0,60.33,10.06,No,0
Bronze,SOHO,6600,4,,,4,60.33,0.0,60.33,15.08,No,0
Bronze,SOHO,6000,3,1.0,,4,60.5,0.0,60.5,20.17,No,0
Bronze,SOHO,6000,2,,,2,60.5,0.0,60.5,30.25,No,0
Iron,SOHO,6489,11,,,11,60.5,0.0,60.5,5.5,No,0
Bronze,SOHO,6800,4,,,4,60.5,0.0,60.5,15.13,No,0
Bronze,SOHO,6300,5,,,5,60.5,0.0,60.5,12.1,No,0
Bronze,SOHO,6000,2,,,2,60.67,0.0,60.67,30.34,No,0
Bronze,SOHO,6300,2,1.0,,3,60.67,0.0,60.67,30.34,No,0
Bronze,SOHO,6100,3,,,3,60.83,0.0,60.83,20.28,No,0
Bronze,SOHO,6000,2,5.0,,7,60.83,0.0,60.83,30.42,No,0
Bronze,SOHO,4000,4,,,4,60.83,0.0,60.83,15.21,No,0
Bronze,SOHO,6000,5,,,5,60.83,0.0,60.83,12.17,No,0
Bronze,SOHO,4632,3,1.0,,4,61.0,0.0,61.0,20.33,No,0
Bronze,SOHO,4001,3,3.0,,6,61.0,0.0,61.0,20.33,No,0
Bronze,SOHO,1164,6,1.0,,7,61.0,0.0,61.0,10.17,No,0
Bronze,SOHO,6000,5,1.0,,6,61.0,0.0,61.0,12.2,No,0
Bronze,SOHO,6000,4,2.0,,6,61.0,0.0,61.0,15.25,No,0
Bronze,SOHO,6000,5,1.0,,6,61.0,0.0,61.0,12.2,No,0
Bronze,SOHO,6300,6,,,6,61.0,0.0,61.0,10.17,No,0
Bronze,SOHO,4600,4,,,4,61.17,0.0,61.17,15.29,No,0
Bronze,SOHO,6000,2,6.0,,8,61.17,0.0,61.17,30.59,No,0
Bronze,SOHO,6100,5,,,5,61.33,0.0,61.33,12.27,No,0
Bronze,SOHO,4550,4,2.0,,6,61.33,0.0,61.33,15.33,No,0
Bronze,SOHO,4400,4,,,4,61.33,0.0,61.33,15.33,No,0
Bronze,SOHO,4400,4,,,4,61.5,0.0,61.5,15.38,No,0
Bronze,SOHO,6100,6,,,6,61.5,0.0,61.5,10.25,No,0
Bronze,SOHO,6000,2,,1.0,3,61.5,0.0,61.5,30.75,No,0
Bronze,SOHO,6000,1,3.0,,4,61.5,0.0,61.5,61.5,No,0
Bronze,SOHO,6100,5,,,5,61.5,0.0,61.5,12.3,No,0
Bronze,SOHO,4400,7,2.0,,9,61.67,0.0,61.67,8.81,No,0
Bronze,SOHO,6000,3,1.0,,4,61.67,0.0,61.67,20.56,No,0
Bronze,SOHO,6500,4,1.0,,5,61.67,0.0,61.67,15.42,No,0
Bronze,SOHO,6000,2,1.0,,3,61.67,0.0,61.67,30.84,No,0
Bronze,SOHO,6000,6,,,6,61.67,0.0,61.67,10.28,No,0
Bronze,SOHO,4700,1,3.0,,4,61.67,0.0,61.67,61.67,No,0
Bronze,SOHO,4601,2,1.0,,3,61.67,0.0,61.67,30.84,Yes,1
Bronze,SOHO,4008,1,2.0,,3,61.67,0.0,61.67,61.67,No,0
Bronze,SOHO,4000,3,3.0,,6,61.83,0.0,61.83,20.61,No,0
Bronze,SOHO,4150,5,1.0,,6,61.83,0.0,61.83,12.37,No,0
Bronze,SOHO,4000,1,1.0,,2,61.83,0.0,61.83,61.83,No,0
Bronze,SOHO,6100,6,1.0,,7,61.83,0.0,61.83,10.31,No,0
Bronze,SOHO,6155,4,,,4,62.0,0.0,62.0,15.5,No,0
Bronze,SOHO,6000,4,3.0,,7,62.0,0.0,62.0,15.5,No,0
Bronze,SOHO,4500,7,,,7,62.17,0.0,62.17,8.88,No,0
Bronze,SOHO,6000,5,,,5,62.17,0.0,62.17,12.43,No,0
Bronze,SOHO,6000,5,1.0,,6,62.17,0.0,62.17,12.43,No,0
Bronze,SOHO,6001,6,,,6,62.17,0.0,62.17,10.36,No,0
Bronze,SOHO,1335,5,4.0,,9,62.33,0.0,62.33,12.47,No,0
Bronze,SOHO,1505,3,4.0,,7,62.33,0.0,62.33,20.78,No,0
Bronze,SOHO,6600,4,,,4,62.33,0.0,62.33,15.58,No,0
Bronze,SOHO,6000,2,,,2,62.5,0.0,62.5,31.25,No,0
Bronze,SOHO,4000,7,,,7,62.5,0.0,62.5,8.93,No,0
Bronze,SOHO,6600,3,,,3,62.5,0.0,62.5,20.83,No,0
Bronze,SOHO,4600,3,,,3,62.5,0.0,62.5,20.83,No,0
Bronze,SOHO,4023,1,2.0,,3,62.5,0.0,62.5,62.5,No,0
Bronze,SOHO,6300,3,1.0,,4,62.5,0.0,62.5,20.83,No,0
Bronze,SOHO,4465,5,2.0,,7,62.67,0.0,62.67,12.53,No,0
Bronze,SOHO,4023,6,,,6,62.67,0.0,62.67,10.45,No,0
Bronze,SOHO,6100,7,1.0,,8,62.67,0.0,62.67,8.95,No,0
Bronze,SOHO,6550,5,,,5,62.67,0.0,62.67,12.53,No,0
Bronze,SOHO,6000,4,1.0,,5,62.67,0.0,62.67,15.67,No,0
Bronze,SOHO,6000,7,,,7,62.67,0.0,62.67,8.95,No,0
Bronze,SOHO,4550,4,3.0,,7,62.67,0.0,62.67,15.67,No,0
Bronze,SOHO,6100,3,2.0,,5,62.67,0.0,62.67,20.89,No,0
Bronze,SOHO,6300,4,,,4,62.67,0.0,62.67,15.67,No,0
Bronze,SOHO,4400,3,1.0,,4,62.83,0.0,62.83,20.94,No,0
Bronze,SOHO,4000,5,,,5,62.83,0.0,62.83,12.57,No,0
Bronze,SOHO,6400,4,2.0,,6,62.83,0.0,62.83,15.71,No,0
Bronze,SOHO,6100,5,3.0,,8,62.83,0.0,62.83,12.57,No,0
Bronze,SOHO,6400,6,,,6,62.83,0.0,62.83,10.47,No,0
Bronze,SOHO,4550,8,4.0,,12,62.83,0.0,62.83,7.85,No,0
Bronze,SOHO,4300,4,,,4,63.0,0.0,63.0,15.75,No,0
Iron,SOHO,4000,2,1.0,1.0,4,63.0,0.0,63.0,31.5,No,0
Bronze,SOHO,4227,5,,,5,63.0,0.0,63.0,12.6,No,0
Bronze,SOHO,6800,3,,,3,63.0,0.0,63.0,21.0,No,0
Bronze,SOHO,4400,1,1.0,,2,63.0,0.0,63.0,63.0,No,0
Bronze,SOHO,6000,3,,,3,63.0,0.0,63.0,21.0,No,0
Bronze,SOHO,6372,7,5.0,,12,63.0,0.0,63.0,9.0,No,0
Bronze,SOHO,4004,4,,,4,63.17,0.0,63.17,15.79,No,0
Bronze,SOHO,6100,3,2.0,,5,63.17,0.0,63.17,21.06,No,0
Bronze,SOHO,6000,3,1.0,,4,63.17,0.0,63.17,21.06,No,0
Bronze,SOHO,6300,3,,,3,63.17,0.0,63.17,21.06,No,0
Bronze,SOHO,6100,5,,,5,63.33,0.0,63.33,12.67,No,0
Bronze,SOHO,4004,5,,,5,63.33,0.0,63.33,12.67,No,0
Bronze,SOHO,6900,6,,,6,63.33,0.0,63.33,10.56,No,0
Bronze,SOHO,4150,3,,,3,63.5,0.0,63.5,21.17,No,0
Silver,SOHO,6770,7,5.0,1.0,13,63.5,0.0,63.5,9.07,No,0
Bronze,SOHO,6000,3,,,3,63.5,0.0,63.5,21.17,No,0
Bronze,SOHO,4700,2,6.0,,8,63.5,0.0,63.5,31.75,No,0
Bronze,SOHO,6400,4,,,4,63.67,0.0,63.67,15.92,No,0
Bronze,SOHO,6000,4,,,4,63.67,0.0,63.67,15.92,No,0
Bronze,SOHO,8241,5,1.0,,6,63.67,0.0,63.67,12.73,No,0
Bronze,SOHO,6200,4,,,4,63.67,0.0,63.67,15.92,No,0
Bronze,SOHO,4230,9,,,9,63.83,0.0,63.83,7.09,No,0
Bronze,SOHO,1505,6,,,6,63.83,0.0,63.83,10.64,No,0
Bronze,SOHO,6300,5,,,5,63.83,0.0,63.83,12.77,No,0
Bronze,SOHO,6400,8,,,8,63.83,0.0,63.83,7.98,No,0
Bronze,SOHO,6000,4,,,4,63.83,0.0,63.83,15.96,No,0
Bronze,SOHO,6100,6,,,6,63.83,0.0,63.83,10.64,No,0
Silver,SOHO,6500,5,,,5,63.83,0.0,63.83,12.77,No,0
Bronze,SOHO,4000,4,1.0,,5,64.0,0.0,64.0,16.0,No,0
Bronze,SOHO,6000,5,,,5,64.0,0.0,64.0,12.8,No,0
Bronze,SOHO,6000,6,,,6,64.0,0.0,64.0,10.67,No,0
Bronze,SOHO,6500,5,,,5,64.0,0.0,64.0,12.8,No,0
Bronze,SOHO,4640,4,1.0,,5,64.17,0.0,64.17,16.04,No,0
Bronze,SOHO,4400,4,1.0,,5,64.17,0.0,64.17,16.04,No,0
Bronze,SOHO,4023,4,3.0,,7,64.17,0.0,64.17,16.04,No,0
Bronze,SOHO,6000,4,,,4,64.17,0.0,64.17,16.04,No,0
Bronze,SOHO,4000,5,,,5,64.33,0.0,64.33,12.87,No,0
Bronze,SOHO,4004,5,,,5,64.33,0.0,64.33,12.87,No,0
Silver,SOHO,4400,2,8.0,,10,64.33,0.0,64.33,32.17,Yes,1
Bronze,SOHO,4003,4,1.0,1.0,6,64.33,0.0,64.33,16.08,No,0
Bronze,SOHO,6000,4,,,4,64.33,0.0,64.33,16.08,No,0
Bronze,SOHO,4400,2,1.0,,3,64.33,0.0,64.33,32.17,No,0
Bronze,SOHO,6500,5,1.0,,6,64.33,0.0,64.33,12.87,No,0
Bronze,SOHO,6343,7,,,7,64.33,0.0,64.33,9.19,No,0
Bronze,SOHO,4400,5,,,5,64.5,0.0,64.5,12.9,Yes,1
Bronze,SOHO,4500,3,,,3,64.5,0.0,64.5,21.5,Yes,1
Bronze,SOHO,6000,8,,,8,64.5,0.0,64.5,8.06,No,0
Bronze,SOHO,6100,5,1.0,,6,64.5,0.0,64.5,12.9,No,0
Bronze,SOHO,6000,4,,,4,64.5,0.0,64.5,16.13,No,0
Bronze,SOHO,6000,5,1.0,,6,64.5,0.0,64.5,12.9,No,0
Bronze,SOHO,4000,6,2.0,,8,64.5,0.0,64.5,10.75,No,0
Bronze,SOHO,4004,4,,,4,64.5,0.0,64.5,16.13,Yes,1
Silver,SOHO,4000,3,1.0,,4,64.5,0.0,64.5,21.5,No,0
Bronze,SOHO,6800,4,1.0,,5,64.5,0.0,64.5,16.13,No,0
Bronze,SOHO,4000,4,5.0,,9,64.67,0.0,64.67,16.17,No,0
Bronze,SOHO,4400,2,,,2,64.67,0.0,64.67,32.34,No,0
Bronze,SOHO,4600,4,2.0,,6,64.67,0.0,64.67,16.17,No,0
Bronze,SOHO,4470,3,,,3,64.67,0.0,64.67,21.56,No,0
Silver,SOHO,6000,4,,,4,64.67,0.0,64.67,16.17,No,0
Bronze,SOHO,6100,5,1.0,,6,64.67,0.0,64.67,12.93,No,0
Bronze,SOHO,6000,2,,,2,64.67,0.0,64.67,32.34,No,0
Bronze,SOHO,4000,4,,,4,64.83,0.0,64.83,16.21,No,0
Bronze,SOHO,4023,6,,,6,64.83,0.0,64.83,10.81,No,0
Bronze,SOHO,4002,4,1.0,,5,64.83,0.0,64.83,16.21,No,0
Bronze,SOHO,6400,6,,,6,64.83,0.0,64.83,10.81,No,0
Bronze,SOHO,6000,4,1.0,,5,64.83,0.0,64.83,16.21,No,0
Silver,SOHO,6550,3,1.0,,4,64.83,0.0,64.83,21.61,No,0
Silver,SOHO,6300,6,3.0,,9,64.83,0.0,64.83,10.81,No,0
Bronze,SOHO,6300,5,,,5,64.83,0.0,64.83,12.97,No,0
Bronze,SOHO,4400,3,2.0,,5,65.0,0.0,65.0,21.67,No,0
Bronze,SOHO,4000,2,1.0,,3,65.0,0.0,65.0,32.5,No,0
Bronze,SOHO,6000,4,,,4,65.0,0.0,65.0,16.25,No,0
Bronze,SOHO,4400,6,3.0,,9,65.17,0.0,65.17,10.86,No,0
Bronze,SOHO,4000,5,1.0,,6,65.17,0.0,65.17,13.03,No,0
Bronze,SOHO,6100,5,,1.0,6,65.17,0.0,65.17,13.03,No,0
Bronze,SOHO,6292,3,,,3,65.17,0.0,65.17,21.72,No,0
Bronze,SOHO,4530,1,,,1,65.17,0.0,65.17,65.17,No,0
Bronze,SOHO,6300,3,,,3,65.17,0.0,65.17,21.72,No,0
Bronze,SOHO,6600,3,,,3,65.17,0.0,65.17,21.72,No,0
Bronze,SOHO,4490,3,,,3,65.33,0.0,65.33,21.78,No,0
Bronze,SOHO,4003,6,,,6,65.33,0.0,65.33,10.89,No,0
Bronze,SOHO,4600,3,18.0,,21,65.33,0.0,65.33,21.78,No,0
Bronze,SOHO,6000,4,,,4,65.33,0.0,65.33,16.33,No,0
Bronze,SOHO,6000,4,1.0,,5,65.33,0.0,65.33,16.33,No,0
Bronze,SOHO,6100,3,,,3,65.33,0.0,65.33,21.78,No,0
Bronze,SOHO,6000,6,1.0,,7,65.33,0.0,65.33,10.89,Yes,1
Bronze,SOHO,6600,3,,,3,65.33,0.0,65.33,21.78,No,0
Bronze,SOHO,6190,6,,,6,65.5,0.0,65.5,10.92,No,0
Bronze,SOHO,6000,4,,,4,65.5,0.0,65.5,16.38,No,0
Bronze,SOHO,6400,4,,,4,65.5,0.0,65.5,16.38,No,0
Bronze,SOHO,4004,4,1.0,,5,65.67,0.0,65.67,16.42,No,0
Bronze,SOHO,6065,4,1.0,,5,65.67,0.0,65.67,16.42,No,0
Bronze,SOHO,6450,6,1.0,,7,65.67,0.0,65.67,10.95,No,0
Bronze,SOHO,6400,1,,,1,65.67,0.0,65.67,65.67,No,0
Bronze,SOHO,6000,4,1.0,,5,65.67,0.0,65.67,16.42,No,0
Bronze,SOHO,6000,3,,,3,65.67,0.0,65.67,21.89,No,0
Bronze,SOHO,6000,5,,,5,65.67,0.0,65.67,13.13,No,0
Bronze,SOHO,4003,4,,,4,65.83,0.0,65.83,16.46,No,0
Silver,SOHO,6000,4,1.0,,5,65.83,0.0,65.83,16.46,No,0
Bronze,SOHO,4023,7,1.0,,8,65.83,0.0,65.83,9.4,No,0
Bronze,SOHO,6300,5,1.0,,6,65.83,0.0,65.83,13.17,No,0
Bronze,SOHO,4500,2,,,2,66.0,0.0,66.0,33.0,No,0
Bronze,SOHO,4023,2,3.0,,5,66.17,0.0,66.17,33.09,No,0
Silver,SOHO,6100,2,2.0,,4,66.17,0.0,66.17,33.09,Yes,1
Bronze,SOHO,6100,6,,,6,66.17,0.0,66.17,11.03,No,0
Silver,SOHO,6061,5,,,5,66.17,0.0,66.17,13.23,No,0
Bronze,SOHO,6000,6,,,6,66.17,0.0,66.17,11.03,No,0
Bronze,SOHO,4002,6,,,6,66.33,0.0,66.33,11.06,No,0
Bronze,SOHO,6100,6,4.0,,10,66.33,0.0,66.33,11.06,No,0
Bronze,SOHO,4300,2,,,2,66.33,0.0,66.33,33.17,No,0
Bronze,SOHO,6300,4,,,4,66.33,0.0,66.33,16.58,No,0
Bronze,SOHO,4023,7,1.0,,8,66.5,0.0,66.5,9.5,No,0
Bronze,SOHO,4210,4,,,4,66.5,0.0,66.5,16.63,No,0
Bronze,SOHO,6400,7,1.0,,8,66.5,0.0,66.5,9.5,No,0
Bronze,SOHO,6000,5,6.0,,11,66.5,0.0,66.5,13.3,No,0
Bronze,SOHO,6000,8,,,8,66.5,0.0,66.5,8.31,No,0
Bronze,SOHO,6400,3,,,3,66.5,0.0,66.5,22.17,No,0
Bronze,SOHO,4147,4,3.0,,7,66.67,0.0,66.67,16.67,No,0
Bronze,SOHO,6400,3,,,3,66.67,0.0,66.67,22.22,Yes,1
Bronze,SOHO,6000,3,,,3,66.83,0.0,66.83,22.28,No,0
Bronze,SOHO,4400,6,,,6,66.83,0.0,66.83,11.14,No,0
Bronze,SOHO,4023,5,2.0,,7,67.0,0.0,67.0,13.4,No,0
Bronze,SOHO,4000,4,1.0,,5,67.0,0.0,67.0,16.75,No,0
Bronze,SOHO,4300,3,,,3,67.0,0.0,67.0,22.33,No,0
Bronze,SOHO,6000,6,3.0,,9,67.0,0.0,67.0,11.17,No,0
Bronze,SOHO,4940,7,,,7,67.17,0.0,67.17,9.6,No,0
Bronze,SOHO,4400,5,,,5,67.17,0.0,67.17,13.43,No,0
Bronze,SOHO,6000,6,1.0,,7,67.17,0.0,67.17,11.2,No,0
Bronze,SOHO,6400,3,1.0,,4,67.17,0.0,67.17,22.39,No,0
Bronze,SOHO,6530,5,1.0,,6,67.17,0.0,67.17,13.43,No,0
Bronze,SOHO,6000,5,,,5,67.33,0.0,67.33,13.47,No,0
Bronze,SOHO,6000,7,1.0,,8,67.5,0.0,67.5,9.64,No,0
Bronze,SOHO,6000,4,,,4,67.5,0.0,67.5,16.88,Yes,1
Bronze,SOHO,6400,6,,,6,67.5,0.0,67.5,11.25,No,0
Bronze,SOHO,6000,5,,,5,67.5,0.0,67.5,13.5,No,0
Bronze,SOHO,6000,4,,,4,67.5,0.0,67.5,16.88,No,0
Bronze,SOHO,4400,6,,,6,67.5,0.0,67.5,11.25,No,0
Bronze,SOHO,4400,3,1.0,,4,67.5,0.0,67.5,22.5,No,0
Bronze,SOHO,4522,4,1.0,,5,67.5,0.0,67.5,16.88,No,0
Bronze,SOHO,4230,5,2.0,,7,67.67,0.0,67.67,13.53,No,0
Bronze,SOHO,6100,5,1.0,,6,67.67,0.0,67.67,13.53,No,0
Bronze,SOHO,6300,4,,,4,67.67,0.0,67.67,16.92,No,0
Bronze,SOHO,4002,7,3.0,,10,67.83,0.0,67.83,9.69,No,0
Bronze,SOHO,4400,5,,,5,67.83,0.0,67.83,13.57,No,0
Bronze,SOHO,6000,7,,,7,67.83,0.0,67.83,9.69,No,0
Silver,SOHO,6004,5,1.0,,6,67.83,0.0,67.83,13.57,No,0
Bronze,SOHO,6500,4,,,4,67.83,0.0,67.83,16.96,No,0
Bronze,SOHO,4197,7,,,7,68.0,0.0,68.0,9.71,No,0
Bronze,SOHO,4000,8,1.0,,9,68.0,0.0,68.0,8.5,No,0
Bronze,SOHO,6100,4,,,4,68.0,0.0,68.0,17.0,No,0
Bronze,SOHO,6260,5,,,5,68.0,0.0,68.0,13.6,No,0
Bronze,SOHO,4023,6,6.0,,12,68.0,0.0,68.0,11.33,No,0
Bronze,SOHO,4004,2,,,2,68.17,0.0,68.17,34.09,Yes,1
Bronze,SOHO,6270,5,,,5,68.17,0.0,68.17,13.63,No,0
Bronze,SOHO,4002,9,1.0,,10,68.17,0.0,68.17,7.57,No,0
Bronze,SOHO,4000,4,1.0,,5,68.17,0.0,68.17,17.04,No,0
Bronze,SOHO,4000,5,,,5,68.33,0.0,68.33,13.67,No,0
Bronze,SOHO,4000,3,,,3,68.33,0.0,68.33,22.78,Yes,1
Bronze,SOHO,6000,7,,,7,68.33,0.0,68.33,9.76,No,0
Bronze,SOHO,6000,2,,,2,68.33,0.0,68.33,34.17,No,0
Bronze,SOHO,6100,4,,,4,68.33,0.0,68.33,17.08,No,0
Bronze,SOHO,6200,5,,,5,68.33,0.0,68.33,13.67,No,0
Bronze,SOHO,6100,7,2.0,,9,68.33,0.0,68.33,9.76,No,0
Gold,SOHO,6400,6,1.0,,7,68.33,0.0,68.33,11.39,No,0
Bronze,SOHO,6000,5,3.0,,8,68.33,0.0,68.33,13.67,No,0
Bronze,SOHO,6000,3,,,3,68.33,0.0,68.33,22.78,No,0
Silver,SOHO,6300,5,,,5,68.33,0.0,68.33,13.67,No,0
Bronze,SOHO,6600,5,6.0,2.0,13,68.5,0.0,68.5,13.7,No,0
Bronze,SOHO,6000,4,,,4,68.5,0.0,68.5,17.13,No,0
Bronze,SOHO,4400,6,2.0,,8,68.67,0.0,68.67,11.45,No,0
Bronze,SOHO,4000,6,,,6,68.67,0.0,68.67,11.45,No,0
Silver,SOHO,6000,6,2.0,,8,68.67,0.0,68.67,11.45,No,0
Bronze,SOHO,6100,6,,,6,68.67,0.0,68.67,11.45,No,0
Bronze,SOHO,6100,6,,,6,68.67,0.0,68.67,11.45,No,0
Bronze,SOHO,4137,5,1.0,,6,68.83,0.0,68.83,13.77,No,0
Bronze,SOHO,4300,3,3.0,,6,68.83,0.0,68.83,22.94,Yes,1
Bronze,SOHO,4020,5,3.0,,8,68.83,0.0,68.83,13.77,No,0
Bronze,SOHO,4000,3,,,3,68.83,0.0,68.83,22.94,No,0
Bronze,SOHO,4640,1,2.0,,3,68.83,0.0,68.83,68.83,No,0
Bronze,SOHO,4400,3,3.0,,6,68.83,0.0,68.83,22.94,No,0
Bronze,SOHO,6100,3,4.0,,7,68.83,0.0,68.83,22.94,No,0
Bronze,SOHO,6000,3,,1.0,4,68.83,0.0,68.83,22.94,No,0
Iron,SOHO,4250,5,1.0,,6,69.0,0.0,69.0,13.8,No,0
Bronze,SOHO,4000,4,,,4,69.0,0.0,69.0,17.25,No,0
Bronze,SOHO,6000,3,1.0,,4,69.0,0.0,69.0,23.0,Yes,1
Bronze,SOHO,6500,3,,,3,69.0,0.0,69.0,23.0,No,0
Bronze,SOHO,4004,5,,,5,69.17,0.0,69.17,13.83,No,0
Bronze,SOHO,4004,8,5.0,,13,69.17,0.0,69.17,8.65,No,0
Bronze,SOHO,6100,3,,,3,69.17,0.0,69.17,23.06,No,0
Bronze,SOHO,4004,4,1.0,,5,69.17,0.0,69.17,17.29,No,0
Bronze,SOHO,6000,5,3.0,,8,69.33,0.0,69.33,13.87,No,0
Bronze,SOHO,6400,8,,,8,69.33,0.0,69.33,8.67,No,0
Bronze,SOHO,6100,3,1.0,,4,69.33,0.0,69.33,23.11,No,0
Bronze,SOHO,4400,5,,,5,69.5,0.0,69.5,13.9,No,0
Bronze,SOHO,4023,5,5.0,,10,69.5,0.0,69.5,13.9,No,0
Silver,SOHO,4400,4,6.0,,10,69.5,0.0,69.5,17.38,No,0
Bronze,SOHO,6100,4,1.0,,5,69.5,0.0,69.5,17.38,No,0
Silver,SOHO,6000,6,4.0,,10,69.5,0.0,69.5,11.58,No,0
Bronze,SOHO,6600,3,,,3,69.5,0.0,69.5,23.17,No,0
Bronze,SOHO,4400,4,1.0,,5,69.67,0.0,69.67,17.42,No,0
Bronze,SOHO,4000,5,,,5,69.67,0.0,69.67,13.93,No,0
Bronze,SOHO,6171,5,3.0,,8,69.67,0.0,69.67,13.93,No,0
Bronze,SOHO,6000,5,1.0,,6,69.67,0.0,69.67,13.93,No,0
Bronze,SOHO,6100,6,1.0,,7,69.67,0.0,69.67,11.61,No,0
Bronze,SOHO,6600,4,,,4,69.67,0.0,69.67,17.42,No,0
Silver,SOHO,6300,6,,,6,69.75,0.0,69.75,11.63,No,0
Bronze,SOHO,4500,3,2.0,,5,69.83,0.0,69.83,23.28,No,0
Bronze,SOHO,6600,2,,,2,69.83,0.0,69.83,34.92,No,0
Bronze,SOHO,6300,3,,,3,69.83,0.0,69.83,23.28,No,0
Bronze,SOHO,4000,4,,,4,70.0,0.0,70.0,17.5,No,0
Bronze,SOHO,6000,5,,,5,70.0,0.0,70.0,14.0,No,0
Bronze,SOHO,6000,9,,,9,70.0,0.0,70.0,7.78,No,0
Bronze,SOHO,6300,10,,,10,70.0,0.0,70.0,7.0,No,0
Bronze,SOHO,6300,3,,,3,70.0,0.0,70.0,23.33,No,0
Bronze,SOHO,6300,6,,,6,70.0,0.0,70.0,11.67,Yes,1
Bronze,SOHO,4400,5,,,5,70.17,0.0,70.17,14.03,No,0
Bronze,SOHO,4004,8,,,8,70.17,0.0,70.17,8.77,No,0
Bronze,SOHO,4150,7,2.0,,9,70.17,0.0,70.17,10.02,No,0
Bronze,SOHO,6000,3,1.0,,4,70.17,0.0,70.17,23.39,No,0
Bronze,SOHO,6600,3,2.0,,5,70.17,0.0,70.17,23.39,No,0
Silver,SOHO,4230,1,4.0,,5,70.33,0.0,70.33,70.33,Yes,1
Bronze,SOHO,4000,6,,,6,70.33,0.0,70.33,11.72,No,0
Bronze,SOHO,6000,5,,,5,70.33,0.0,70.33,14.07,No,0
Bronze,SOHO,6004,4,,,4,70.33,0.0,70.33,17.58,No,0
Silver,SOHO,4002,2,,,2,70.33,0.0,70.33,35.17,No,0
Bronze,SOHO,6690,6,,,6,70.33,0.0,70.33,11.72,No,0
Bronze,SOHO,6300,6,,,6,70.33,0.0,70.33,11.72,No,0
Bronze,SOHO,4003,6,,,6,70.5,0.0,70.5,11.75,No,0
Bronze,SOHO,4550,3,1.0,,4,70.67,0.0,70.67,23.56,No,0
Bronze,SOHO,6400,6,,,6,70.67,0.0,70.67,11.78,No,0
Bronze,SOHO,6600,7,2.0,,9,70.67,0.0,70.67,10.1,No,0
Bronze,SOHO,4006,3,2.0,,5,70.83,0.0,70.83,23.61,No,0
Bronze,SOHO,4407,4,,,4,70.83,0.0,70.83,17.71,No,0
Bronze,SOHO,4000,4,,,4,70.83,0.0,70.83,17.71,No,0
Bronze,SOHO,6000,4,,,4,70.83,0.0,70.83,17.71,No,0
Bronze,SOHO,6100,5,3.0,,8,70.83,0.0,70.83,14.17,No,0
Silver,SOHO,6500,6,1.0,,7,70.83,0.0,70.83,11.81,No,0
Bronze,SOHO,4000,3,,,3,71.0,0.0,71.0,23.67,No,0
Bronze,SOHO,4339,3,,,3,71.0,0.0,71.0,23.67,No,0
Bronze,SOHO,6140,6,3.0,,9,71.0,0.0,71.0,11.83,No,0
Bronze,SOHO,6000,4,,,4,71.0,0.0,71.0,17.75,No,0
Bronze,SOHO,6000,7,,,7,71.0,0.0,71.0,10.14,No,0
Bronze,SOHO,4003,3,,,3,71.17,0.0,71.17,23.72,No,0
Bronze,SOHO,4225,6,3.0,,9,71.17,0.0,71.17,11.86,No,0
Bronze,SOHO,6600,7,1.0,,8,71.17,0.0,71.17,10.17,No,0
Silver,SOHO,4150,3,4.0,,7,71.17,0.0,71.17,23.72,No,0
Bronze,SOHO,6500,5,2.0,,7,71.17,0.0,71.17,14.23,No,0
Bronze,SOHO,4230,8,,,8,71.33,0.0,71.33,8.92,No,0
Bronze,SOHO,6300,3,1.0,,4,71.33,0.0,71.33,23.78,No,0
Bronze,SOHO,6550,3,,,3,71.33,0.0,71.33,23.78,No,0
Bronze,SOHO,4500,2,,,2,71.5,0.0,71.5,35.75,No,0
Bronze,SOHO,4000,8,1.0,,9,71.5,0.0,71.5,8.94,No,0
Silver,SOHO,4000,10,,,10,71.5,0.0,71.5,7.15,No,0
Bronze,SOHO,6000,4,,,4,71.5,0.0,71.5,17.88,No,0
Bronze,SOHO,6000,3,1.0,,4,71.5,0.0,71.5,23.83,No,0
Bronze,SOHO,6300,2,2.0,,4,71.5,0.0,71.5,35.75,No,0
Bronze,SOHO,4400,6,1.0,,7,71.67,0.0,71.67,11.95,No,0
Bronze,SOHO,4004,6,6.0,,12,71.67,0.0,71.67,11.95,No,0
Bronze,SOHO,6550,2,,1.0,3,71.67,0.0,71.67,35.84,No,0
Bronze,SOHO,4003,3,1.0,,4,71.67,0.0,71.67,23.89,No,0
Bronze,SOHO,4000,4,3.0,1.0,8,71.67,0.0,71.67,17.92,No,0
Bronze,SOHO,4000,6,3.0,,9,71.67,0.0,71.67,11.95,Yes,1
Bronze,SOHO,4000,5,3.0,,8,71.83,0.0,71.83,14.37,No,0
Bronze,SOHO,4400,3,1.0,,4,71.83,0.0,71.83,23.94,No,0
Bronze,SOHO,6100,4,1.0,,5,71.83,0.0,71.83,17.96,No,0
Bronze,SOHO,6000,5,,,5,71.83,0.0,71.83,14.37,No,0
Bronze,SOHO,4500,5,,,5,71.83,0.0,71.83,14.37,No,0
Bronze,SOHO,6362,4,3.0,,7,71.83,0.0,71.83,17.96,No,0
Bronze,SOHO,4001,5,,,5,72.0,0.0,72.0,14.4,No,0
Bronze,SOHO,6000,5,1.0,,6,72.0,0.0,72.0,14.4,No,0
Bronze,SOHO,6000,5,1.0,,6,72.0,0.0,72.0,14.4,No,0
Bronze,SOHO,6600,4,1.0,,5,72.0,0.0,72.0,18.0,No,0
Bronze,SOHO,6600,4,1.0,,5,72.0,0.0,72.0,18.0,No,0
Bronze,SOHO,6100,6,,,6,72.17,0.0,72.17,12.03,No,0
Bronze,SOHO,6400,3,,,3,72.17,0.0,72.17,24.06,No,0
Bronze,SOHO,6280,6,,,6,72.17,0.0,72.17,12.03,No,0
Bronze,SOHO,4000,8,,,8,72.17,0.0,72.17,9.02,No,0
Bronze,SOHO,6600,2,3.0,,5,72.17,0.0,72.17,36.09,No,0
Bronze,SOHO,6300,3,,,3,72.17,0.0,72.17,24.06,No,0
Bronze,SOHO,6600,7,,,7,72.17,0.0,72.17,10.31,No,0
Bronze,SOHO,4500,5,,,5,72.33,0.0,72.33,14.47,No,0
Bronze,SOHO,4400,1,3.0,,4,72.33,0.0,72.33,72.33,No,0
Iron,SOHO,4173,7,2.0,,9,72.33,0.0,72.33,10.33,No,0
Bronze,SOHO,6000,3,,,3,72.33,0.0,72.33,24.11,No,0
Bronze,SOHO,6600,5,,,5,72.33,0.0,72.33,14.47,Yes,1
Bronze,SOHO,6280,6,2.0,,8,72.33,0.0,72.33,12.06,No,0
Bronze,SOHO,6000,5,3.0,,8,72.33,0.0,72.33,14.47,No,0
Bronze,SOHO,4000,5,,,5,72.33,0.0,72.33,14.47,No,0
Bronze,SOHO,4300,3,2.0,,5,72.5,0.0,72.5,24.17,No,0
Silver,SOHO,6142,5,,,5,72.5,0.0,72.5,14.5,No,0
Silver,SOHO,6400,5,,,5,72.5,0.0,72.5,14.5,No,0
Bronze,SOHO,4006,6,2.0,,8,72.5,0.0,72.5,12.08,No,0
Silver,SOHO,6000,6,2.0,,8,72.5,0.0,72.5,12.08,No,0
Bronze,SOHO,6000,5,1.0,,6,72.5,0.0,72.5,14.5,No,0
Silver,SOHO,6500,5,,,5,72.5,0.0,72.5,14.5,No,0
Bronze,SOHO,4400,4,,,4,72.67,0.0,72.67,18.17,No,0
Silver,SOHO,4023,7,,,7,72.67,0.0,72.67,10.38,No,0
Bronze,SOHO,6070,5,,,5,72.67,0.0,72.67,14.53,No,0
Bronze,SOHO,6000,6,1.0,,7,72.67,0.0,72.67,12.11,Yes,1
Bronze,SOHO,4400,2,2.0,,4,72.83,0.0,72.83,36.42,No,0
Bronze,SOHO,6000,4,2.0,,6,72.83,0.0,72.83,18.21,No,0
Bronze,SOHO,6000,4,1.0,,5,72.83,0.0,72.83,18.21,No,0
Silver,SOHO,6100,5,5.0,,10,72.83,0.0,72.83,14.57,No,0
Bronze,SOHO,6000,5,,,5,72.83,0.0,72.83,14.57,No,0
Bronze,SOHO,6100,4,,,4,72.83,0.0,72.83,18.21,No,0
Bronze,SOHO,6100,4,,,4,72.83,0.0,72.83,18.21,No,0
Bronze,SOHO,6000,4,,,4,72.83,0.0,72.83,18.21,No,0
Bronze,SOHO,6400,4,1.0,,5,72.83,0.0,72.83,18.21,No,0
Bronze,SOHO,6600,7,,,7,72.83,0.0,72.83,10.4,No,0
Bronze,SOHO,6300,9,,,9,72.83,0.0,72.83,8.09,No,0
Bronze,SOHO,4500,2,3.0,,5,73.0,0.0,73.0,36.5,No,0
Bronze,SOHO,4230,6,,,6,73.0,0.0,73.0,12.17,No,0
Bronze,SOHO,6400,8,2.0,,10,73.0,0.0,73.0,9.13,No,0
Bronze,SOHO,4142,3,,,3,73.0,0.0,73.0,24.33,No,0
Bronze,SOHO,4700,3,2.0,,5,73.17,0.0,73.17,24.39,No,0
Bronze,SOHO,4002,3,2.0,,5,73.17,0.0,73.17,24.39,No,0
Bronze,SOHO,6000,7,,,7,73.17,0.0,73.17,10.45,No,0
Bronze,SOHO,6200,9,5.0,,14,73.17,0.0,73.17,8.13,No,0
Bronze,SOHO,4550,3,1.0,,4,73.33,0.0,73.33,24.44,No,0
Bronze,SOHO,4142,3,,,3,73.33,0.0,73.33,24.44,No,0
Bronze,SOHO,4400,4,1.0,,5,73.33,0.0,73.33,18.33,No,0
Bronze,SOHO,6000,5,,,5,73.33,0.0,73.33,14.67,No,0
Bronze,SOHO,6400,3,,,3,73.33,0.0,73.33,24.44,No,0
Bronze,SOHO,4230,3,,,3,73.33,0.0,73.33,24.44,No,0
Bronze,SOHO,6400,5,,,5,73.33,0.0,73.33,14.67,No,0
Bronze,SOHO,6900,4,1.0,,5,73.33,0.0,73.33,18.33,Yes,1
Bronze,SOHO,6600,5,,,5,73.33,0.0,73.33,14.67,No,0
Iron,SOHO,6300,5,,,5,73.33,0.0,73.33,14.67,No,0
Bronze,SOHO,6300,3,,,3,73.33,0.0,73.33,24.44,Yes,1
Bronze,SOHO,6500,4,,,4,73.33,0.0,73.33,18.33,No,0
Silver,SOHO,8260,7,,,7,73.4,0.0,73.4,10.49,No,0
Bronze,SOHO,4632,4,,,4,73.5,0.0,73.5,18.38,Yes,1
Bronze,SOHO,6100,5,,,5,73.5,0.0,73.5,14.7,No,0
Bronze,SOHO,6400,4,,,4,73.5,0.0,73.5,18.38,No,0
Bronze,SOHO,6000,3,,,3,73.5,0.0,73.5,24.5,No,0
Silver,SOHO,6300,9,,,9,73.5,0.0,73.5,8.17,No,0
Bronze,SOHO,6400,5,2.0,,7,73.5,0.0,73.5,14.7,No,0
Bronze,SOHO,4550,5,,,5,73.67,0.0,73.67,14.73,No,0
Bronze,SOHO,4002,5,,,5,73.67,0.0,73.67,14.73,No,0
Iron,SOHO,4408,6,,,6,73.67,0.0,73.67,12.28,No,0
Bronze,SOHO,6000,4,3.0,,7,73.67,0.0,73.67,18.42,No,0
Bronze,SOHO,6000,4,,,4,73.67,0.0,73.67,18.42,No,0
Bronze,SOHO,6500,5,1.0,,6,73.67,0.0,73.67,14.73,No,0
Bronze,SOHO,4600,6,,,6,73.83,0.0,73.83,12.31,No,0
Bronze,SOHO,4000,8,,,8,73.83,0.0,73.83,9.23,No,0
Bronze,SOHO,4500,6,1.0,,7,74.0,0.0,74.0,12.33,No,0
Bronze,SOHO,6845,8,1.0,,9,74.0,0.0,74.0,9.25,Yes,1
Silver,SOHO,6260,2,4.0,,6,74.0,0.0,74.0,37.0,No,0
Bronze,SOHO,6000,2,1.0,,3,74.0,0.0,74.0,37.0,No,0
Silver,SOHO,4000,4,,,4,74.0,0.0,74.0,18.5,No,0
Silver,SOHO,6000,9,,,9,74.0,0.0,74.0,8.22,No,0
Silver,SOHO,6400,2,,,2,74.17,0.0,74.17,37.09,No,0
Bronze,SOHO,6000,4,,,4,74.17,0.0,74.17,18.54,No,0
Bronze,SOHO,6000,8,,,8,74.17,0.0,74.17,9.27,No,0
Bronze,SOHO,6600,6,,,6,74.17,0.0,74.17,12.36,No,0
Bronze,SOHO,6600,3,1.0,,4,74.17,0.0,74.17,24.72,No,0
Bronze,SOHO,6000,3,,,3,74.33,0.0,74.33,24.78,No,0
Bronze,SOHO,6000,6,,,6,74.33,0.0,74.33,12.39,No,0
Bronze,SOHO,6000,7,2.0,,9,74.33,0.0,74.33,10.62,Yes,1
Bronze,SOHO,4270,4,,,4,74.33,0.0,74.33,18.58,No,0
Bronze,SOHO,6400,3,3.0,,6,74.33,0.0,74.33,24.78,No,0
Bronze,SOHO,4003,5,,,5,74.5,0.0,74.5,14.9,No,0
Bronze,SOHO,6000,3,,,3,74.5,0.0,74.5,24.83,No,0
Silver,SOHO,6100,4,2.0,,6,74.5,0.0,74.5,18.63,No,0
Bronze,SOHO,4400,3,1.0,,4,74.5,0.0,74.5,24.83,No,0
Bronze,SOHO,6000,5,1.0,,6,74.5,0.0,74.5,14.9,No,0
Bronze,SOHO,4004,3,,,3,74.67,0.0,74.67,24.89,No,0
Bronze,SOHO,6142,6,,,6,74.67,0.0,74.67,12.45,No,0
Bronze,SOHO,6000,4,,,4,74.67,0.0,74.67,18.67,Yes,1
Bronze,SOHO,6400,5,2.0,,7,74.67,0.0,74.67,14.93,Yes,1
Bronze,SOHO,6000,3,2.0,,5,74.83,0.0,74.83,24.94,No,0
Bronze,SOHO,6100,6,3.0,,9,74.83,0.0,74.83,12.47,No,0
Bronze,SOHO,6600,3,1.0,,4,74.83,0.0,74.83,24.94,No,0
Bronze,SOHO,4418,3,,,3,75.0,0.0,75.0,25.0,No,0
Silver,SOHO,4230,4,,,4,75.0,0.0,75.0,18.75,No,0
Bronze,SOHO,4000,4,3.0,,7,75.0,0.0,75.0,18.75,No,0
Bronze,SOHO,4130,3,1.0,,4,75.0,0.0,75.0,25.0,No,0
Bronze,SOHO,6400,6,,,6,75.0,0.0,75.0,12.5,No,0
Bronze,SOHO,6000,6,1.0,,7,75.0,0.0,75.0,12.5,No,0
Bronze,SOHO,6450,4,1.0,,5,75.17,0.0,75.17,18.79,No,0
Bronze,SOHO,6000,4,2.0,,6,75.17,0.0,75.17,18.79,No,0
Bronze,SOHO,6280,6,1.0,,7,75.17,0.0,75.17,12.53,No,0
Bronze,SOHO,4112,6,1.0,,7,75.17,0.0,75.17,12.53,No,0
Bronze,SOHO,1000,12,,,12,75.17,0.0,75.17,6.26,No,0
Silver,SOHO,6300,3,,,3,75.17,0.0,75.17,25.06,No,0
Bronze,SOHO,6300,6,,,6,75.17,0.0,75.17,12.53,No,0
Bronze,SOHO,4000,6,1.0,,7,75.33,0.0,75.33,12.56,No,0
Bronze,SOHO,4640,8,,,8,75.33,0.0,75.33,9.42,No,0
Bronze,SOHO,6000,4,,,4,75.33,0.0,75.33,18.83,No,0
Bronze,SOHO,6100,6,,,6,75.33,0.0,75.33,12.56,No,0
Bronze,SOHO,6600,5,,1.0,6,75.33,0.0,75.33,15.07,No,0
Bronze,SOHO,4500,5,2.0,,7,75.5,0.0,75.5,15.1,No,0
Bronze,SOHO,4003,9,1.0,,10,75.5,0.0,75.5,8.39,No,0
Bronze,SOHO,6450,4,,,4,75.5,0.0,75.5,18.88,No,0
Bronze,SOHO,6000,3,,,3,75.5,0.0,75.5,25.17,No,0
Bronze,SOHO,6000,6,,,6,75.5,0.0,75.5,12.58,No,0
Bronze,SOHO,6400,4,1.0,,5,75.5,0.0,75.5,18.88,No,0
Bronze,SOHO,6260,12,,,12,75.67,0.0,75.67,6.31,No,0
Bronze,SOHO,6450,8,,,8,75.67,0.0,75.67,9.46,No,0
Bronze,SOHO,6000,4,2.0,,6,75.67,0.0,75.67,18.92,No,0
Bronze,SOHO,4000,4,1.0,,5,75.67,0.0,75.67,18.92,No,0
Bronze,SOHO,6490,7,1.0,,8,75.67,0.0,75.67,10.81,No,0
Bronze,SOHO,6600,8,6.0,,14,75.67,0.0,75.67,9.46,No,0
Bronze,SOHO,6600,4,1.0,,5,75.67,0.0,75.67,18.92,No,0
Bronze,SOHO,4002,4,5.0,,9,75.83,0.0,75.83,18.96,No,0
Bronze,SOHO,4600,4,,,4,75.83,0.0,75.83,18.96,No,0
Bronze,SOHO,6400,5,,,5,75.83,0.0,75.83,15.17,No,0
Bronze,SOHO,6100,4,,,4,75.83,0.0,75.83,18.96,No,0
Bronze,SOHO,6000,5,1.0,,6,75.83,0.0,75.83,15.17,No,0
Bronze,SOHO,6450,7,,,7,75.83,0.0,75.83,10.83,No,0
Bronze,SOHO,6500,4,1.0,,5,75.83,0.0,75.83,18.96,No,0
Bronze,SOHO,4004,6,,,6,76.0,0.0,76.0,12.67,No,0
Bronze,SOHO,6400,3,5.0,,8,76.0,0.0,76.0,25.33,No,0
Bronze,SOHO,6000,7,,,7,76.0,0.0,76.0,10.86,No,0
Bronze,SOHO,6600,5,,,5,76.0,0.0,76.0,15.2,No,0
Bronze,SOHO,4020,8,1.0,,9,76.17,0.0,76.17,9.52,No,0
Bronze,SOHO,6000,7,2.0,,9,76.17,0.0,76.17,10.88,No,0
Bronze,SOHO,4330,3,1.0,,4,76.33,0.0,76.33,25.44,No,0
Bronze,SOHO,4700,3,,,3,76.33,0.0,76.33,25.44,No,0
Silver,SOHO,6000,4,1.0,,5,76.33,0.0,76.33,19.08,No,0
Bronze,SOHO,6000,5,3.0,,8,76.67,0.0,76.67,15.33,Yes,1
Bronze,SOHO,6260,6,1.0,,7,76.67,0.0,76.67,12.78,No,0
Bronze,SOHO,6400,8,,,8,76.67,0.0,76.67,9.58,No,0
Silver,SOHO,6600,4,6.0,,10,76.67,0.0,76.67,19.17,No,0
Silver,SOHO,6600,2,,,2,76.67,0.0,76.67,38.34,No,0
Silver,SOHO,4137,7,2.0,,9,76.83,0.0,76.83,10.98,No,0
Silver,SOHO,4003,3,3.0,,6,76.83,0.0,76.83,25.61,No,0
Bronze,SOHO,4412,6,,,6,76.83,0.0,76.83,12.81,No,0
Bronze,SOHO,6100,5,1.0,,6,76.83,0.0,76.83,15.37,No,0
Bronze,SOHO,6600,6,,,6,76.83,0.0,76.83,12.81,No,0
Bronze,SOHO,6500,3,,,3,76.83,0.0,76.83,25.61,No,0
Bronze,SOHO,4579,5,1.0,,6,77.0,0.0,77.0,15.4,No,0
Bronze,SOHO,4600,6,3.0,,9,77.0,0.0,77.0,12.83,No,0
Bronze,SOHO,4015,3,,,3,77.0,0.0,77.0,25.67,No,0
Bronze,SOHO,6000,5,1.0,,6,77.0,0.0,77.0,15.4,No,0
Silver,SOHO,5400,6,,,6,77.0,0.0,77.0,12.83,No,0
Silver,SOHO,4400,7,7.0,,14,77.0,0.0,77.0,11.0,Yes,1
Bronze,SOHO,6300,7,1.0,,8,77.0,0.0,77.0,11.0,No,0
Bronze,SOHO,4230,4,2.0,,6,77.17,0.0,77.17,19.29,No,0
Bronze,SOHO,4000,2,,,2,77.17,0.0,77.17,38.59,No,0
Bronze,SOHO,4600,4,,,4,77.17,0.0,77.17,19.29,No,0
Bronze,SOHO,4002,4,7.0,,11,77.17,0.0,77.17,19.29,No,0
Bronze,SOHO,6000,4,1.0,,5,77.17,0.0,77.17,19.29,No,0
Silver,SOHO,6450,9,,,9,77.2,0.0,77.2,8.58,No,0
Bronze,SOHO,4003,5,1.0,,6,77.33,0.0,77.33,15.47,No,0
Silver,SOHO,4400,2,2.0,,4,77.33,0.0,77.33,38.67,No,0
Bronze,SOHO,6260,4,,,4,77.33,0.0,77.33,19.33,No,0
Bronze,SOHO,4300,4,,,4,77.5,0.0,77.5,19.38,No,0
Bronze,SOHO,4003,6,1.0,,7,77.5,0.0,77.5,12.92,No,0
Bronze,SOHO,4023,4,,,4,77.5,0.0,77.5,19.38,No,0
Bronze,SOHO,6000,6,,,6,77.5,0.0,77.5,12.92,No,0
Bronze,SOHO,6000,3,3.0,,6,77.5,0.0,77.5,25.83,No,0
Bronze,SOHO,6167,6,,,6,77.5,0.0,77.5,12.92,No,0
Bronze,SOHO,4000,7,4.0,,11,77.67,0.0,77.67,11.1,No,0
Silver,SOHO,4300,3,20.0,,23,77.67,0.0,77.67,25.89,No,0
Bronze,SOHO,6400,4,5.0,,9,77.67,0.0,77.67,19.42,No,0
Silver,SOHO,4000,5,,,5,77.83,0.0,77.83,15.57,No,0
Silver,SOHO,2500,5,1.0,,6,78.0,0.0,78.0,15.6,No,0
Bronze,SOHO,4000,7,,,7,78.0,0.0,78.0,11.14,No,0
Bronze,SOHO,6000,4,,,4,78.0,0.0,78.0,19.5,No,0
Bronze,SOHO,4002,6,6.0,,12,78.0,0.0,78.0,13.0,No,0
Bronze,SOHO,6000,7,,,7,78.0,0.0,78.0,11.14,No,0
Bronze,SOHO,4000,6,1.0,,7,78.0,0.0,78.0,13.0,No,0
Bronze,SOHO,4004,6,1.0,,7,78.17,0.0,78.17,13.03,No,0
Bronze,SOHO,4000,7,,,7,78.17,0.0,78.17,11.17,No,0
Bronze,SOHO,6000,4,,,4,78.17,0.0,78.17,19.54,No,0
Bronze,SOHO,6097,1,1.0,,2,78.17,0.0,78.17,78.17,Yes,1
Bronze,SOHO,6900,3,,,3,78.17,0.0,78.17,26.06,No,0
Bronze,SOHO,4581,2,1.0,,3,78.33,0.0,78.33,39.17,No,0
Bronze,SOHO,4400,8,,,8,78.33,0.0,78.33,9.79,No,0
Silver,SOHO,6000,4,,,4,78.33,0.0,78.33,19.58,No,0
Gold,SOHO,6100,2,,,2,78.33,0.0,78.33,39.17,No,0
Bronze,SOHO,6400,3,,,3,78.33,0.0,78.33,26.11,No,0
Bronze,SOHO,6000,3,2.0,,5,78.33,0.0,78.33,26.11,No,0
Bronze,SOHO,6800,6,,,6,78.33,0.0,78.33,13.06,No,0
Bronze,SOHO,6600,8,,,8,78.33,0.0,78.33,9.79,No,0
Bronze,SOHO,4409,3,,,3,78.5,0.0,78.5,26.17,No,0
Bronze,SOHO,4000,5,6.0,,11,78.5,0.0,78.5,15.7,Yes,1
Silver,SOHO,4003,6,1.0,,7,78.5,0.0,78.5,13.08,No,0
Bronze,SOHO,6900,7,,,7,78.5,0.0,78.5,11.21,No,0
Bronze,SOHO,6000,4,1.0,,5,78.67,0.0,78.67,19.67,No,0
Bronze,SOHO,4006,4,6.0,,10,78.67,0.0,78.67,19.67,Yes,1
Silver,SOHO,6000,4,2.0,,6,78.67,0.0,78.67,19.67,No,0
Bronze,SOHO,6300,7,,,7,78.67,0.0,78.67,11.24,No,0
Bronze,SOHO,6440,5,2.0,,7,78.83,0.0,78.83,15.77,No,0
Bronze,SOHO,6600,4,2.0,1.0,7,78.83,0.0,78.83,19.71,No,0
Bronze,SOHO,6300,4,2.0,,6,78.83,0.0,78.83,19.71,No,0
Bronze,SOHO,6300,4,1.0,,5,78.83,0.0,78.83,19.71,No,0
Bronze,SOHO,4110,3,3.0,,6,79.0,0.0,79.0,26.33,No,0
Bronze,SOHO,4003,6,1.0,,7,79.0,0.0,79.0,13.17,No,0
Bronze,SOHO,4172,3,,,3,79.0,0.0,79.0,26.33,No,0
Silver,SOHO,1712,6,1.0,,7,79.0,0.0,79.0,13.17,No,0
Bronze,SOHO,6190,7,2.0,,9,79.0,0.0,79.0,11.29,No,0
Bronze,SOHO,6000,6,5.0,,11,79.0,0.0,79.0,13.17,No,0
Bronze,SOHO,6155,5,,,5,79.0,0.0,79.0,15.8,No,0
Bronze,SOHO,6300,4,,,4,79.0,0.0,79.0,19.75,No,0
Bronze,SOHO,4400,3,,,3,79.17,0.0,79.17,26.39,No,0
Bronze,SOHO,6000,7,,,7,79.17,0.0,79.17,11.31,No,0
Bronze,SOHO,4300,6,,,6,79.17,0.0,79.17,13.2,No,0
Bronze,SOHO,4000,11,,,11,79.17,0.0,79.17,7.2,No,0
Silver,SOHO,6100,6,1.0,,7,79.17,0.0,79.17,13.2,No,0
Bronze,SOHO,6600,3,,,3,79.17,0.0,79.17,26.39,No,0
Bronze,SOHO,6300,8,1.0,,9,79.17,0.0,79.17,9.9,No,0
Bronze,SOHO,6550,12,,,12,79.33,0.0,79.33,6.61,No,0
Bronze,SOHO,6000,5,2.0,,7,79.33,0.0,79.33,15.87,No,0
Bronze,SOHO,6500,6,,,6,79.33,0.0,79.33,13.22,No,0
Bronze,SOHO,4400,5,,,5,79.5,0.0,79.5,15.9,No,0
Bronze,SOHO,6100,5,,,5,79.5,0.0,79.5,15.9,No,0
Bronze,SOHO,6000,5,,,5,79.5,0.0,79.5,15.9,Yes,1
Silver,SOHO,6600,5,1.0,,6,79.5,0.0,79.5,15.9,No,0
Bronze,SOHO,6800,7,4.0,,11,79.5,0.0,79.5,11.36,No,0
Bronze,SOHO,4210,5,,,5,79.67,0.0,79.67,15.93,Yes,1
Bronze,SOHO,4000,5,,,5,79.67,0.0,79.67,15.93,No,0
Bronze,SOHO,6000,6,1.0,,7,79.67,0.0,79.67,13.28,No,0
Bronze,SOHO,6180,6,2.0,,8,79.67,0.0,79.67,13.28,No,0
Bronze,SOHO,4400,6,,,6,79.67,0.0,79.67,13.28,No,0
Bronze,SOHO,4023,3,,,3,79.67,0.0,79.67,26.56,No,0
Bronze,SOHO,6865,3,,,3,79.67,0.0,79.67,26.56,No,0
Bronze,SOHO,4122,5,5.0,,10,79.83,0.0,79.83,15.97,No,0
Bronze,SOHO,6400,5,,,5,79.83,0.0,79.83,15.97,No,0
Bronze,SOHO,6000,7,1.0,,8,79.83,0.0,79.83,11.4,No,0
Bronze,SOHO,6400,8,2.0,,10,79.83,0.0,79.83,9.98,No,0
Bronze,SOHO,6300,2,,,2,79.83,0.0,79.83,39.92,No,0
Bronze,SOHO,4550,3,2.0,,5,80.0,0.0,80.0,26.67,No,0
Bronze,SOHO,4400,3,,,3,80.0,0.0,80.0,26.67,No,0
Bronze,SOHO,4400,2,,1.0,3,80.0,0.0,80.0,40.0,No,0
Bronze,SOHO,4023,6,2.0,,8,80.0,0.0,80.0,13.33,No,0
Bronze,SOHO,4003,5,2.0,,7,80.0,0.0,80.0,16.0,No,0
Bronze,SOHO,4900,2,1.0,,3,80.0,0.0,80.0,40.0,No,0
Bronze,SOHO,4006,7,,,7,80.0,0.0,80.0,11.43,No,0
Bronze,SOHO,6400,3,,,3,80.0,0.0,80.0,26.67,No,0
Bronze,SOHO,4004,7,,,7,80.33,0.0,80.33,11.48,No,0
Silver,SOHO,4400,6,3.0,,9,80.33,0.0,80.33,13.39,Yes,1
Bronze,SOHO,6000,4,2.0,,6,80.33,0.0,80.33,20.08,No,0
Bronze,SOHO,6000,2,,,2,80.33,0.0,80.33,40.17,No,0
Bronze,SOHO,6450,4,3.0,,7,80.33,0.0,80.33,20.08,No,0
Bronze,SOHO,4490,8,,,8,80.33,0.0,80.33,10.04,No,0
Bronze,SOHO,4490,7,,,7,80.5,0.0,80.5,11.5,No,0
Silver,SOHO,4000,11,1.0,,12,80.5,0.0,80.5,7.32,No,0
Bronze,SOHO,4400,8,,,8,80.5,0.0,80.5,10.06,No,0
Bronze,SOHO,6300,5,1.0,,6,80.5,0.0,80.5,16.1,No,0
Bronze,SOHO,6000,7,,,7,80.67,0.0,80.67,11.52,No,0
Silver,SOHO,6000,6,1.0,,7,80.67,0.0,80.67,13.45,No,0
Bronze,SOHO,6000,6,,,6,80.67,0.0,80.67,13.45,No,0
Bronze,SOHO,6450,9,,,9,80.67,0.0,80.67,8.96,No,0
Bronze,SOHO,4600,6,,,6,80.67,0.0,80.67,13.45,No,0
Silver,SOHO,4000,6,,,6,80.8,0.0,80.8,13.47,No,0
Bronze,SOHO,4400,4,,,4,80.83,0.0,80.83,20.21,No,0
Bronze,SOHO,6000,5,,,5,80.83,0.0,80.83,16.17,No,0
Bronze,SOHO,6000,5,,,5,80.83,0.0,80.83,16.17,No,0
Bronze,SOHO,6062,6,3.0,,9,80.83,0.0,80.83,13.47,No,0
Bronze,SOHO,6065,6,,,6,81.0,0.0,81.0,13.5,No,0
Bronze,SOHO,6000,9,,,9,81.0,0.0,81.0,9.0,No,0
Bronze,SOHO,6100,7,,,7,81.0,0.0,81.0,11.57,No,0
Bronze,SOHO,4400,6,4.0,,10,81.17,0.0,81.17,13.53,No,0
Bronze,SOHO,4400,3,9.0,,12,81.17,0.0,81.17,27.06,No,0
Bronze,SOHO,4180,7,,,7,81.17,0.0,81.17,11.6,No,0
Bronze,SOHO,4550,4,,,4,81.17,0.0,81.17,20.29,No,0
Silver,SOHO,6000,4,,,4,81.17,0.0,81.17,20.29,No,0
Bronze,SOHO,6400,6,,,6,81.33,0.0,81.33,13.56,No,0
Bronze,SOHO,6450,6,,,6,81.5,0.0,81.5,13.58,No,0
Silver,SOHO,6600,1,4.0,,5,81.5,0.0,81.5,81.5,No,0
Bronze,SOHO,6600,3,2.0,,5,81.5,0.0,81.5,27.17,No,0
Bronze,SOHO,6570,7,,,7,81.5,0.0,81.5,11.64,Yes,1
Bronze,SOHO,4400,7,,,7,81.67,0.0,81.67,11.67,Yes,1
Silver,SOHO,6000,8,,,8,81.67,0.0,81.67,10.21,No,0
Bronze,SOHO,6100,5,1.0,,6,81.67,0.0,81.67,16.33,No,0
Bronze,SOHO,4000,5,3.0,,8,81.83,0.0,81.83,16.37,No,0
Bronze,SOHO,6000,2,3.0,1.0,6,81.83,0.0,81.83,40.92,No,0
Bronze,SOHO,6200,3,1.0,,4,81.83,0.0,81.83,27.28,No,0
Bronze,SOHO,6400,4,,,4,81.83,0.0,81.83,20.46,No,0
Bronze,SOHO,6400,3,,,3,81.83,0.0,81.83,27.28,No,0
Silver,SOHO,6300,7,,,7,81.83,0.0,81.83,11.69,No,0
Bronze,SOHO,6300,4,,,4,81.83,0.0,81.83,20.46,No,0
Bronze,SOHO,4003,6,1.0,,7,82.0,0.0,82.0,13.67,No,0
Bronze,SOHO,4000,8,,,8,82.0,0.0,82.0,10.25,No,0
Bronze,SOHO,6000,5,3.0,,8,82.0,0.0,82.0,16.4,No,0
Bronze,SOHO,6000,6,2.0,,8,82.0,0.0,82.0,13.67,No,0
Bronze,SOHO,6437,1,5.0,,6,82.0,0.0,82.0,82.0,No,0
Bronze,SOHO,4400,8,1.0,,9,82.0,0.0,82.0,10.25,No,0
Bronze,SOHO,4400,3,,,3,82.17,0.0,82.17,27.39,No,0
Bronze,SOHO,4300,3,11.0,,14,82.17,0.0,82.17,27.39,No,0
Bronze,SOHO,6280,6,,,6,82.17,0.0,82.17,13.7,No,0
Bronze,SOHO,4000,4,2.0,,6,82.33,0.0,82.33,20.58,No,0
Bronze,SOHO,4230,6,,,6,82.33,0.0,82.33,13.72,No,0
Gold,SOHO,6100,1,,,1,82.33,0.0,82.33,82.33,No,0
Bronze,SOHO,4400,6,,,6,82.33,0.0,82.33,13.72,No,0
Bronze,SOHO,6000,4,,,4,82.33,0.0,82.33,20.58,No,0
Silver,SOHO,6560,5,,,5,82.33,0.0,82.33,16.47,No,0
Bronze,SOHO,4600,4,,,4,82.5,0.0,82.5,20.63,No,0
Bronze,SOHO,4400,1,,,1,67.0,15.5,82.5,67.0,No,0
Bronze,SOHO,4600,8,,,8,82.5,0.0,82.5,10.31,No,0
Bronze,SOHO,6000,6,,,6,82.5,0.0,82.5,13.75,No,0
Bronze,SOHO,6000,9,1.0,,10,82.5,0.0,82.5,9.17,No,0
Bronze,SOHO,6000,4,,,4,82.5,0.0,82.5,20.63,No,0
Bronze,SOHO,4150,6,,,6,82.5,0.0,82.5,13.75,No,0
Bronze,SOHO,4000,7,,,7,82.5,0.0,82.5,11.79,No,0
Bronze,SOHO,4210,4,,,4,82.5,0.0,82.5,20.63,No,0
Bronze,SOHO,6000,4,,,4,82.5,0.0,82.5,20.63,No,0
Bronze,SOHO,6300,7,6.0,,13,82.5,0.0,82.5,11.79,No,0
Bronze,SOHO,4470,5,,,5,82.67,0.0,82.67,16.53,No,0
Bronze,SOHO,6000,5,2.0,,7,82.67,0.0,82.67,16.53,No,0
Bronze,SOHO,6600,5,4.0,,9,82.67,0.0,82.67,16.53,No,0
Bronze,SOHO,4023,8,4.0,,12,82.67,0.0,82.67,10.33,No,0
Bronze,SOHO,6400,5,,,5,82.67,0.0,82.67,16.53,No,0
Bronze,SOHO,6000,7,11.0,,18,82.83,0.0,82.83,11.83,No,0
Bronze,SOHO,4500,5,1.0,,6,82.83,0.0,82.83,16.57,No,0
Bronze,SOHO,4023,6,,,6,83.0,0.0,83.0,13.83,No,0
Silver,SOHO,4000,4,3.0,,7,83.0,0.0,83.0,20.75,No,0
Bronze,SOHO,4000,8,9.0,,17,83.0,0.0,83.0,10.38,No,0
Bronze,SOHO,6000,4,,1.0,5,83.0,0.0,83.0,20.75,No,0
Bronze,SOHO,6200,5,,,5,83.0,0.0,83.0,16.6,No,0
Bronze,SOHO,6100,4,,,4,83.0,0.0,83.0,20.75,No,0
Bronze,SOHO,6100,5,,,5,83.0,0.0,83.0,16.6,Yes,1
Bronze,SOHO,6300,6,4.0,,10,83.0,0.0,83.0,13.83,No,0
Bronze,SOHO,6000,3,2.0,,5,83.17,0.0,83.17,27.72,No,0
Bronze,SOHO,6600,4,,,4,83.17,0.0,83.17,20.79,No,0
Bronze,SOHO,4400,6,,,6,83.33,0.0,83.33,13.89,No,0
Silver,SOHO,6000,10,,,10,83.33,0.0,83.33,8.33,No,0
Bronze,SOHO,6450,2,1.0,,3,83.33,0.0,83.33,41.67,No,0
Bronze,SOHO,4004,6,,,6,83.5,0.0,83.5,13.92,No,0
Bronze,SOHO,6500,5,,,5,83.5,0.0,83.5,16.7,No,0
Bronze,SOHO,6000,6,1.0,,7,83.5,0.0,83.5,13.92,No,0
Bronze,SOHO,6000,5,,,5,83.5,0.0,83.5,16.7,No,0
Bronze,SOHO,6000,3,,,3,83.5,0.0,83.5,27.83,No,0
Bronze,SOHO,6200,2,2.0,,4,83.5,0.0,83.5,41.75,No,0
Bronze,SOHO,6600,5,,,5,83.5,0.0,83.5,16.7,No,0
Bronze,SOHO,4003,3,1.0,,4,83.67,0.0,83.67,27.89,No,0
Bronze,SOHO,6000,5,,,5,83.67,0.0,83.67,16.73,Yes,1
Silver,SOHO,6100,3,,,3,83.67,0.0,83.67,27.89,No,0
Silver,SOHO,6100,5,,,5,83.67,0.0,83.67,16.73,No,0
Bronze,SOHO,6400,7,1.0,,8,83.67,0.0,83.67,11.95,No,0
Bronze,SOHO,4770,1,1.0,,2,83.83,0.0,83.83,83.83,No,0
Bronze,SOHO,4230,9,1.0,,10,83.83,0.0,83.83,9.31,No,0
Bronze,SOHO,4400,7,3.0,,10,83.83,0.0,83.83,11.98,No,0
Bronze,SOHO,6490,12,,,12,83.83,0.0,83.83,6.99,No,0
Silver,SOHO,6000,6,3.0,,9,83.83,0.0,83.83,13.97,No,0
Silver,SOHO,4004,3,,,3,84.0,0.0,84.0,28.0,No,0
Bronze,SOHO,4004,5,1.0,,6,84.0,0.0,84.0,16.8,No,0
Bronze,SOHO,4600,4,5.0,,9,84.0,0.0,84.0,21.0,No,0
Bronze,SOHO,6000,3,,,3,84.0,0.0,84.0,28.0,No,0
Bronze,SOHO,4000,7,,,7,84.0,0.0,84.0,12.0,No,0
Bronze,SOHO,6600,3,,,3,84.0,0.0,84.0,28.0,No,0
Bronze,SOHO,6300,4,,,4,84.0,0.0,84.0,21.0,No,0
Bronze,SOHO,4600,4,1.0,,5,84.17,0.0,84.17,21.04,No,0
Silver,SOHO,4000,8,1.0,,9,84.17,0.0,84.17,10.52,No,0
Bronze,SOHO,4003,2,3.0,,5,84.17,0.0,84.17,42.09,No,0
Bronze,SOHO,6190,8,,,8,84.17,0.0,84.17,10.52,No,0
Bronze,SOHO,6400,6,1.0,1.0,8,84.17,0.0,84.17,14.03,No,0
Silver,SOHO,4295,17,2.0,,19,84.17,0.0,84.17,4.95,No,0
Bronze,SOHO,6000,7,3.0,,10,84.17,0.0,84.17,12.02,No,0
Bronze,SOHO,4000,4,,,4,84.33,0.0,84.33,21.08,No,0
Silver,SOHO,4023,2,18.0,,20,82.33,2.0,84.33,41.17,No,0
Bronze,SOHO,4004,5,,,5,84.33,0.0,84.33,16.87,No,0
Bronze,SOHO,6000,6,4.0,,10,84.33,0.0,84.33,14.06,No,0
Bronze,SOHO,6000,3,2.0,,5,84.33,0.0,84.33,28.11,Yes,1
Bronze,SOHO,6400,5,1.0,,6,84.33,0.0,84.33,16.87,No,0
Bronze,SOHO,4300,2,2.0,,4,84.33,0.0,84.33,42.17,No,0
Lead,SOHO,6000,1,,,1,84.5,0.0,84.5,84.5,No,0
Bronze,SOHO,6000,4,,,4,84.5,0.0,84.5,21.13,No,0
Bronze,SOHO,6100,3,,,3,84.5,0.0,84.5,28.17,No,0
Bronze,SOHO,6600,3,,,3,84.5,0.0,84.5,28.17,No,0
Bronze,SOHO,6600,4,,,4,84.5,0.0,84.5,21.13,No,0
Bronze,SOHO,4500,3,2.0,,5,84.67,0.0,84.67,28.22,No,0
Bronze,SOHO,4000,8,,,8,84.67,0.0,84.67,10.58,No,0
Bronze,SOHO,6000,5,4.0,,9,84.67,0.0,84.67,16.93,No,0
Bronze,SOHO,6300,3,,,3,84.67,0.0,84.67,28.22,No,0
Silver,SOHO,4400,4,,,4,84.83,0.0,84.83,21.21,No,0
Bronze,SOHO,4000,6,1.0,,7,84.83,0.0,84.83,14.14,No,0
Bronze,SOHO,6000,4,,,4,84.83,0.0,84.83,21.21,No,0
Bronze,SOHO,6100,6,,,6,84.83,0.0,84.83,14.14,No,0
Silver,SOHO,4002,14,,,14,84.83,0.0,84.83,6.06,No,0
Bronze,SOHO,4641,4,,,4,85.0,0.0,85.0,21.25,No,0
Bronze,SOHO,4004,3,2.0,,5,85.0,0.0,85.0,28.33,No,0
Bronze,SOHO,4000,8,1.0,,9,85.0,0.0,85.0,10.63,No,0
Bronze,SOHO,4120,8,,,8,85.0,0.0,85.0,10.63,No,0
Silver,SOHO,6000,9,,,9,85.0,0.0,85.0,9.44,No,0
Bronze,SOHO,6000,7,,,7,85.0,0.0,85.0,12.14,No,0
Bronze,SOHO,6000,5,,,5,85.0,0.0,85.0,17.0,No,0
Bronze,SOHO,6600,5,,,5,85.0,0.0,85.0,17.0,No,0
Bronze,SOHO,6100,7,,,7,85.17,0.0,85.17,12.17,No,0
Bronze,SOHO,4220,6,1.0,,7,85.17,0.0,85.17,14.2,No,0
Bronze,SOHO,6607,5,,,5,85.17,0.0,85.17,17.03,No,0
Bronze,SOHO,6600,5,,,5,85.17,0.0,85.17,17.03,No,0
Bronze,SOHO,4225,4,,,4,85.33,0.0,85.33,21.33,No,0
Bronze,SOHO,6172,5,1.0,,6,85.33,0.0,85.33,17.07,No,0
Bronze,SOHO,6200,4,,,4,85.33,0.0,85.33,21.33,No,0
Bronze,SOHO,6000,4,1.0,1.0,6,85.33,0.0,85.33,21.33,No,0
Bronze,SOHO,6000,1,1.0,,2,85.5,0.0,85.5,85.5,No,0
Bronze,SOHO,6100,4,,,4,85.5,0.0,85.5,21.38,No,0
Bronze,SOHO,4550,2,,,2,85.67,0.0,85.67,42.84,No,0
Bronze,SOHO,6000,5,1.0,,6,85.67,0.0,85.67,17.13,No,0
Bronze,SOHO,6100,4,,,4,85.67,0.0,85.67,21.42,No,0
Bronze,SOHO,6000,4,4.0,,8,85.67,0.0,85.67,21.42,No,0
Bronze,SOHO,6300,4,1.0,,5,85.67,0.0,85.67,21.42,No,0
Bronze,SOHO,4000,5,2.0,,7,85.83,0.0,85.83,17.17,No,0
Bronze,SOHO,6100,3,2.0,,5,85.83,0.0,85.83,28.61,No,0
Bronze,SOHO,6400,9,1.0,,10,85.83,0.0,85.83,9.54,No,0
Bronze,SOHO,6100,6,,,6,85.83,0.0,85.83,14.31,No,0
Bronze,SOHO,6000,5,,,5,85.83,0.0,85.83,17.17,No,0
Bronze,SOHO,4300,5,2.0,,7,86.0,0.0,86.0,17.2,No,0
Bronze,SOHO,6400,4,2.0,,6,86.0,0.0,86.0,21.5,No,0
Bronze,SOHO,6000,5,,,5,86.0,0.0,86.0,17.2,No,0
Bronze,SOHO,6100,3,1.0,,4,86.0,0.0,86.0,28.67,No,0
Bronze,SOHO,4600,8,,,8,86.17,0.0,86.17,10.77,No,0
Bronze,SOHO,6400,7,2.0,,9,86.17,0.0,86.17,12.31,No,0
Bronze,SOHO,6000,7,2.0,,9,86.17,0.0,86.17,12.31,No,0
Bronze,SOHO,4230,4,2.0,,6,86.33,0.0,86.33,21.58,No,0
Bronze,SOHO,4180,8,4.0,,12,86.33,0.0,86.33,10.79,No,0
Bronze,SOHO,6550,11,1.0,,12,86.33,0.0,86.33,7.85,No,0
Bronze,SOHO,6500,6,1.0,,7,86.33,0.0,86.33,14.39,No,0
Silver,SOHO,4003,6,,,6,86.5,0.0,86.5,14.42,No,0
Bronze,SOHO,6450,6,4.0,,10,86.5,0.0,86.5,14.42,No,0
Bronze,SOHO,6000,4,,,4,86.5,0.0,86.5,21.63,No,0
Bronze,SOHO,6000,7,,,7,86.5,0.0,86.5,12.36,No,0
Bronze,SOHO,6300,6,,,6,86.5,0.0,86.5,14.42,No,0
Silver,SOHO,4400,5,,,5,86.67,0.0,86.67,17.33,No,0
Bronze,SOHO,4140,8,,,8,86.67,0.0,86.67,10.83,No,0
Bronze,SOHO,4360,2,3.0,,5,86.67,0.0,86.67,43.34,No,0
Bronze,SOHO,4002,3,,,3,86.67,0.0,86.67,28.89,Yes,1
Bronze,SOHO,6100,4,4.0,,8,86.67,0.0,86.67,21.67,No,0
Bronze,SOHO,4600,3,1.0,,4,86.67,0.0,86.67,28.89,No,0
Bronze,SOHO,6750,4,,,4,86.67,0.0,86.67,21.67,No,0
Silver,SOHO,6600,3,2.0,,5,86.67,0.0,86.67,28.89,No,0
Bronze,SOHO,4002,4,2.0,,6,86.83,0.0,86.83,21.71,No,0
Bronze,SOHO,4400,5,1.0,,6,86.83,0.0,86.83,17.37,No,0
Bronze,SOHO,6000,5,,,5,86.83,0.0,86.83,17.37,No,0
Iron,SOHO,6300,4,,,4,86.83,0.0,86.83,21.71,No,0
Bronze,SOHO,4600,7,,,7,87.0,0.0,87.0,12.43,No,0
Bronze,SOHO,4872,11,10.0,,21,87.0,0.0,87.0,7.91,No,0
Bronze,SOHO,6008,5,,,5,87.0,0.0,87.0,17.4,No,0
Silver,SOHO,6450,4,2.0,,6,87.0,0.0,87.0,21.75,No,0
SME,SOHO,6000,4,2.0,,6,87.0,0.0,87.0,21.75,No,0
Silver,SOHO,6300,5,,,5,87.0,0.0,87.0,17.4,No,0
Bronze,SOHO,4023,3,,,3,87.17,0.0,87.17,29.06,No,0
Bronze,SOHO,6000,7,,,7,87.17,0.0,87.17,12.45,No,0
Silver,SOHO,4400,7,11.0,,18,87.33,0.0,87.33,12.48,No,0
Bronze,SOHO,6568,8,,,8,87.33,0.0,87.33,10.92,No,0
Bronze,SOHO,6489,6,,,6,87.33,0.0,87.33,14.56,No,0
Bronze,SOHO,6400,7,4.0,,11,87.33,0.0,87.33,12.48,No,0
Bronze,SOHO,6000,5,,2.0,7,87.33,0.0,87.33,17.47,No,0
Bronze,SOHO,6000,10,,,10,87.33,0.0,87.33,8.73,No,0
Bronze,SOHO,6000,3,,,3,87.33,0.0,87.33,29.11,No,0
Bronze,SOHO,6400,4,3.0,,7,87.33,0.0,87.33,21.83,No,0
Silver,SOHO,4000,7,1.0,,8,87.5,0.0,87.5,12.5,No,0
Silver,SOHO,4002,6,,,6,87.5,0.0,87.5,14.58,No,0
Bronze,SOHO,4400,5,,1.0,6,87.5,0.0,87.5,17.5,No,0
Silver,SOHO,6100,3,2.0,,5,87.5,0.0,87.5,29.17,No,0
Bronze,SOHO,6000,5,5.0,,10,87.5,0.0,87.5,17.5,No,0
Bronze,SOHO,6300,5,,,5,87.5,0.0,87.5,17.5,Yes,1
Silver,SOHO,6450,5,,,5,87.6,0.0,87.6,17.52,No,0
Bronze,SOHO,4003,3,1.0,,4,87.67,0.0,87.67,29.22,No,0
Bronze,SOHO,6000,4,2.0,,6,87.67,0.0,87.67,21.92,No,0
Bronze,SOHO,6000,2,,,2,87.67,0.0,87.67,43.84,No,0
Bronze,SOHO,6100,6,1.0,,7,87.67,0.0,87.67,14.61,No,0
Silver,SOHO,1303,5,,,5,87.83,0.0,87.83,17.57,No,0
Bronze,SOHO,4204,7,,,7,87.83,0.0,87.83,12.55,No,0
Bronze,SOHO,4400,3,,,3,87.83,0.0,87.83,29.28,No,0
Bronze,SOHO,4003,11,1.0,,12,87.83,0.0,87.83,7.98,No,0
Bronze,SOHO,6000,4,4.0,,8,87.83,0.0,87.83,21.96,No,0
Bronze,SOHO,6000,3,,,3,87.83,0.0,87.83,29.28,No,0
Bronze,SOHO,6100,7,4.0,,11,87.83,0.0,87.83,12.55,Yes,1
Bronze,SOHO,4220,4,,,4,88.0,0.0,88.0,22.0,No,0
Bronze,SOHO,6100,9,,,9,88.0,0.0,88.0,9.78,No,0
Silver,SOHO,4230,9,,,9,88.17,0.0,88.17,9.8,No,0
Lead,SOHO,4000,8,,,8,88.17,0.0,88.17,11.02,No,0
Bronze,SOHO,6400,7,,,7,88.17,0.0,88.17,12.6,No,0
Bronze,SOHO,6000,4,,,4,88.17,0.0,88.17,22.04,No,0
Bronze,SOHO,4406,3,2.0,,5,88.33,0.0,88.33,29.44,Yes,1
Bronze,SOHO,4400,5,,,5,88.33,0.0,88.33,17.67,No,0
Bronze,SOHO,6400,5,1.0,,6,88.33,0.0,88.33,17.67,No,0
Bronze,SOHO,6000,6,,,6,88.33,0.0,88.33,14.72,No,0
Bronze,SOHO,6600,3,,,3,88.33,0.0,88.33,29.44,No,0
Silver,SOHO,6300,3,,,3,88.33,0.0,88.33,29.44,No,0
Bronze,SOHO,6450,8,2.0,,10,88.33,0.0,88.33,11.04,No,0
Bronze,SOHO,6100,5,,,5,88.5,0.0,88.5,17.7,No,0
Bronze,SOHO,6000,6,,,6,88.5,0.0,88.5,14.75,No,0
Bronze,SOHO,6000,5,1.0,,6,88.5,0.0,88.5,17.7,No,0
Bronze,SOHO,4002,7,,,7,88.5,0.0,88.5,12.64,No,0
Bronze,SOHO,6900,4,1.0,,5,88.5,0.0,88.5,22.13,No,0
Bronze,SOHO,4000,4,,,4,88.67,0.0,88.67,22.17,No,0
Bronze,SOHO,4400,4,1.0,,5,88.67,0.0,88.67,22.17,No,0
Bronze,SOHO,6063,8,,,8,88.67,0.0,88.67,11.08,No,0
Silver,SOHO,6100,5,,,5,88.67,0.0,88.67,17.73,No,0
Silver,SOHO,6550,3,,,3,88.8,0.0,88.8,29.6,No,0
Bronze,SOHO,6450,5,,,5,88.83,0.0,88.83,17.77,No,0
Bronze,SOHO,6400,4,,,4,88.83,0.0,88.83,22.21,No,0
Silver,SOHO,6442,7,3.0,,10,88.83,0.0,88.83,12.69,No,0
Bronze,SOHO,4300,5,,,5,89.0,0.0,89.0,17.8,No,0
Bronze,SOHO,6000,3,2.0,,5,89.0,0.0,89.0,29.67,No,0
Bronze,SOHO,6500,6,,,6,89.0,0.0,89.0,14.83,No,0
Bronze,SOHO,4002,9,,,9,89.17,0.0,89.17,9.91,Yes,1
Bronze,SOHO,4400,5,,,5,89.17,0.0,89.17,17.83,No,0
Bronze,SOHO,6000,6,,,6,89.17,0.0,89.17,14.86,No,0
Bronze,SOHO,6600,7,1.0,,8,89.17,0.0,89.17,12.74,No,0
Bronze,SOHO,4023,3,1.0,,4,89.33,0.0,89.33,29.78,No,0
Silver,SOHO,4230,6,5.0,,11,89.33,0.0,89.33,14.89,No,0
Bronze,SOHO,6000,4,1.0,,5,89.33,0.0,89.33,22.33,No,0
Silver,SOHO,6000,5,,,5,89.33,0.0,89.33,17.87,No,0
Bronze,SOHO,6400,4,,,4,89.33,0.0,89.33,22.33,No,0
Bronze,SOHO,6600,7,,,7,89.33,0.0,89.33,12.76,No,0
Bronze,SOHO,4400,3,,,3,89.5,0.0,89.5,29.83,No,0
Bronze,SOHO,4600,6,1.0,,7,89.5,0.0,89.5,14.92,No,0
Bronze,SOHO,4300,4,1.0,,5,89.5,0.0,89.5,22.38,No,0
Bronze,SOHO,6000,6,2.0,,8,89.5,0.0,89.5,14.92,No,0
Bronze,SOHO,6000,4,1.0,,5,89.5,0.0,89.5,22.38,No,0
Bronze,SOHO,6000,8,,,8,89.5,0.0,89.5,11.19,No,0
Bronze,SOHO,4600,6,1.0,,7,89.5,0.0,89.5,14.92,No,0
Bronze,SOHO,4645,4,,,4,89.67,0.0,89.67,22.42,No,0
Silver,SOHO,4013,6,4.0,,10,89.67,0.0,89.67,14.95,No,0
Bronze,SOHO,6002,3,3.0,,6,89.67,0.0,89.67,29.89,No,0
Silver,SOHO,6300,15,,,15,89.67,0.0,89.67,5.98,No,0
Bronze,SOHO,6500,5,,,5,89.67,0.0,89.67,17.93,No,0
Bronze,SOHO,6300,4,,,4,89.67,0.0,89.67,22.42,No,0
Bronze,SOHO,6300,6,2.0,,8,89.67,0.0,89.67,14.95,No,0
Bronze,SOHO,4000,2,,,2,89.83,0.0,89.83,44.92,No,0
Bronze,SOHO,4004,6,3.0,,9,89.83,0.0,89.83,14.97,No,0
Bronze,SOHO,6000,6,,,6,89.83,0.0,89.83,14.97,No,0
Bronze,SOHO,6000,4,,,4,89.83,0.0,89.83,22.46,No,0
Silver,SOHO,6000,4,2.0,,6,89.83,0.0,89.83,22.46,No,0
Bronze,SOHO,6600,7,5.0,,12,89.83,0.0,89.83,12.83,No,0
Bronze,SOHO,4003,8,2.0,,10,90.0,0.0,90.0,11.25,No,0
Bronze,SOHO,4230,4,,,4,90.0,0.0,90.0,22.5,No,0
Bronze,SOHO,6003,3,,,3,90.0,0.0,90.0,30.0,No,0
Bronze,SOHO,6300,4,,,4,90.0,0.0,90.0,22.5,No,0
Bronze,SOHO,4400,4,1.0,,5,90.17,0.0,90.17,22.54,No,0
Bronze,SOHO,4400,13,,,13,90.17,0.0,90.17,6.94,No,0
Bronze,SOHO,4550,6,1.0,,7,90.33,0.0,90.33,15.06,No,0
Bronze,SOHO,4230,6,,,6,90.33,0.0,90.33,15.06,No,0
Bronze,SOHO,6000,6,,,6,90.33,0.0,90.33,15.06,No,0
Bronze,SOHO,4400,4,,,4,90.33,0.0,90.33,22.58,No,0
Bronze,SOHO,6600,6,,,6,90.33,0.0,90.33,15.06,No,0
Bronze,SOHO,6362,8,,,8,90.33,0.0,90.33,11.29,No,0
Bronze,SOHO,6056,3,1.0,,4,90.5,0.0,90.5,30.17,No,0
Bronze,SOHO,6049,4,,,4,90.5,0.0,90.5,22.63,No,0
Gold,SOHO,6000,2,2.0,,4,90.5,0.0,90.5,45.25,No,0
Bronze,SOHO,6000,4,,,4,90.5,0.0,90.5,22.63,No,0
Bronze,SOHO,6647,4,,,4,90.5,0.0,90.5,22.63,No,0
Bronze,SOHO,6000,5,1.0,,6,90.67,0.0,90.67,18.13,No,0
Silver,SOHO,4000,2,5.0,,7,90.67,0.0,90.67,45.34,No,0
Bronze,SOHO,6400,6,2.0,,8,90.67,0.0,90.67,15.11,No,0
Silver,SOHO,6300,6,,,6,90.67,0.0,90.67,15.11,No,0
Bronze,SOHO,4000,13,1.0,,14,90.83,0.0,90.83,6.99,No,0
Bronze,SOHO,4003,3,2.0,,5,90.83,0.0,90.83,30.28,No,0
Bronze,SOHO,6151,5,3.0,,8,90.83,0.0,90.83,18.17,No,0
Bronze,SOHO,6000,5,3.0,,8,90.83,0.0,90.83,18.17,No,0
Bronze,SOHO,6200,5,,,5,90.83,0.0,90.83,18.17,No,0
Silver,SOHO,4002,4,2.0,,6,91.17,0.0,91.17,22.79,No,0
Bronze,SOHO,4600,6,6.0,,12,91.17,0.0,91.17,15.2,No,0
Silver,SOHO,6000,7,1.0,,8,91.17,0.0,91.17,13.02,No,0
Bronze,SOHO,6000,6,,,6,91.17,0.0,91.17,15.2,No,0
Bronze,SOHO,4400,5,,3.0,8,91.33,0.0,91.33,18.27,No,0
Bronze,SOHO,6000,5,1.0,,6,91.33,0.0,91.33,18.27,No,0
Bronze,SOHO,6450,4,,,4,91.33,0.0,91.33,22.83,No,0
Silver,SOHO,4000,9,,,9,91.4,0.0,91.4,10.16,No,0
Bronze,SOHO,6500,5,1.0,,6,91.5,0.0,91.5,18.3,No,0
Bronze,SOHO,4400,4,4.0,,8,91.67,0.0,91.67,22.92,No,0
Bronze,SOHO,4230,4,,,4,91.67,0.0,91.67,22.92,No,0
Silver,SOHO,4357,5,8.0,,13,91.67,0.0,91.67,18.33,No,0
Bronze,SOHO,6100,4,,,4,91.67,0.0,91.67,22.92,No,0
Bronze,SOHO,6400,4,19.0,,23,91.67,0.0,91.67,22.92,No,0
Bronze,SOHO,6400,1,11.0,,12,91.67,0.0,91.67,91.67,No,0
Bronze,SOHO,6000,4,,,4,91.67,0.0,91.67,22.92,No,0
Bronze,SOHO,4550,1,2.0,,3,91.67,0.0,91.67,91.67,No,0
Bronze,SOHO,6000,4,1.0,,5,91.67,0.0,91.67,22.92,No,0
Silver,SOHO,6000,4,1.0,,5,91.67,0.0,91.67,22.92,No,0
Bronze,SOHO,6450,8,,,8,91.75,0.0,91.75,11.47,No,0
Bronze,SOHO,4538,4,4.0,,8,91.83,0.0,91.83,22.96,No,0
Bronze,SOHO,6000,3,,,3,91.83,0.0,91.83,30.61,No,0
Silver,SOHO,4004,4,5.0,1.0,10,92.0,0.0,92.0,23.0,No,0
Silver,SOHO,4000,3,2.0,,5,92.0,0.0,92.0,30.67,No,0
Bronze,SOHO,6000,4,1.0,,5,92.0,0.0,92.0,23.0,No,0
Bronze,SOHO,6000,7,1.0,,8,92.0,0.0,92.0,13.14,No,0
Bronze,SOHO,4003,5,8.0,,13,92.17,0.0,92.17,18.43,No,0
Silver,SOHO,6000,7,5.0,,12,92.17,0.0,92.17,13.17,No,0
Bronze,SOHO,6000,5,,,5,92.17,0.0,92.17,18.43,No,0
Bronze,SOHO,4400,8,,,8,92.17,0.0,92.17,11.52,No,0
Bronze,SOHO,6100,3,,,3,92.17,0.0,92.17,30.72,No,0
Silver,SOHO,4001,1,1.0,,2,92.33,0.0,92.33,92.33,No,0
Silver,SOHO,6060,6,2.0,,8,92.33,0.0,92.33,15.39,No,0
Bronze,SOHO,6000,10,,,10,92.33,0.0,92.33,9.23,No,0
Bronze,SOHO,4023,3,1.0,,4,92.5,0.0,92.5,30.83,No,0
Bronze,SOHO,6070,7,,,7,92.5,0.0,92.5,13.21,No,0
Bronze,SOHO,6000,6,,,6,92.5,0.0,92.5,15.42,No,0
Silver,SOHO,4135,10,2.0,,12,92.67,0.0,92.67,9.27,No,0
Bronze,SOHO,4150,10,,,10,92.67,0.0,92.67,9.27,No,0
Bronze,SOHO,4000,9,,1.0,10,92.67,0.0,92.67,10.3,No,0
Bronze,SOHO,6100,3,,,3,92.67,0.0,92.67,30.89,No,0
Bronze,SOHO,6000,30,1.0,,31,92.67,0.0,92.67,3.09,No,0
Bronze,SOHO,6000,7,,,7,92.67,0.0,92.67,13.24,No,0
Bronze,SOHO,6200,4,,,4,92.67,0.0,92.67,23.17,No,0
Bronze,SOHO,6000,8,1.0,,9,92.67,0.0,92.67,11.58,No,0
Bronze,SOHO,4500,5,,,5,92.67,0.0,92.67,18.53,No,0
Bronze,SOHO,6000,4,,,4,92.67,0.0,92.67,23.17,No,0
Bronze,SOHO,4003,5,,,5,82.83,10.0,92.83,16.57,No,0
Bronze,SOHO,6260,2,1.0,,3,92.83,0.0,92.83,46.42,No,0
Bronze,SOHO,6000,6,1.0,,7,92.83,0.0,92.83,15.47,No,0
Bronze,SOHO,6300,8,3.0,,11,92.83,0.0,92.83,11.6,No,0
Bronze,SOHO,6400,4,,,4,93.0,0.0,93.0,23.25,No,0
Bronze,SOHO,4602,5,2.0,,7,93.17,0.0,93.17,18.63,No,0
Bronze,SOHO,4000,11,,,11,93.17,0.0,93.17,8.47,No,0
Bronze,SOHO,6400,4,,,4,93.17,0.0,93.17,23.29,No,0
Bronze,SOHO,6000,4,,,4,93.17,0.0,93.17,23.29,No,0
Bronze,SOHO,4270,4,,,4,93.33,0.0,93.33,23.33,Yes,1
Bronze,SOHO,6100,5,,,5,93.33,0.0,93.33,18.67,No,0
Bronze,SOHO,6368,9,,,9,93.33,0.0,93.33,10.37,No,0
Bronze,SOHO,6000,5,,,5,93.5,0.0,93.5,18.7,Yes,1
Silver,SOHO,6000,5,,,5,93.5,0.0,93.5,18.7,No,0
Silver,SOHO,6300,2,4.0,,6,93.5,0.0,93.5,46.75,No,0
Silver,SOHO,4640,11,5.0,,16,93.67,0.0,93.67,8.52,No,0
Silver,SOHO,6300,7,2.0,,9,93.67,0.0,93.67,13.38,No,0
Silver,SOHO,4000,5,2.0,,7,93.83,0.0,93.83,18.77,No,0
Bronze,SOHO,6000,5,,,5,93.83,0.0,93.83,18.77,No,0
Bronze,SOHO,6000,6,,,6,93.83,0.0,93.83,15.64,No,0
Bronze,SOHO,6100,7,5.0,,12,93.83,0.0,93.83,13.4,No,0
Bronze,SOHO,4400,2,4.0,,6,93.83,0.0,93.83,46.92,Yes,1
Bronze,SOHO,6000,3,,,3,93.83,0.0,93.83,31.28,No,0
Silver,SOHO,6826,6,2.0,,8,93.83,0.0,93.83,15.64,No,0
Bronze,SOHO,4400,5,,,5,94.0,0.0,94.0,18.8,No,0
Bronze,SOHO,6000,5,,,5,94.0,0.0,94.0,18.8,No,0
Bronze,SOHO,6000,12,,,12,94.0,0.0,94.0,7.83,No,0
Bronze,SOHO,6750,6,1.0,,7,94.0,0.0,94.0,15.67,No,0
Bronze,SOHO,6000,3,2.0,,5,94.0,0.0,94.0,31.33,No,0
Silver,SOHO,6800,3,,,3,94.0,0.0,94.0,31.33,No,0
Bronze,SOHO,6400,3,,,3,94.0,0.0,94.0,31.33,No,0
Bronze,SOHO,4400,3,,,3,94.17,0.0,94.17,31.39,No,0
Bronze,SOHO,4210,6,1.0,,7,94.17,0.0,94.17,15.7,No,0
Bronze,SOHO,4000,8,3.0,,11,94.17,0.0,94.17,11.77,No,0
Bronze,SOHO,6000,3,2.0,,5,94.17,0.0,94.17,31.39,No,0
Bronze,SOHO,6000,5,,,5,94.17,0.0,94.17,18.83,No,0
Bronze,SOHO,4400,8,,,8,94.17,0.0,94.17,11.77,No,0
Bronze,SOHO,6300,3,,,3,94.17,0.0,94.17,31.39,No,0
Silver,SOHO,,2,,,2,94.33,0.0,94.33,47.17,No,0
Silver,SOHO,6800,4,,,4,94.33,0.0,94.33,23.58,Yes,1
Bronze,SOHO,6600,12,2.0,,14,94.33,0.0,94.33,7.86,No,0
Bronze,SOHO,6400,7,,,7,94.33,0.0,94.33,13.48,No,0
Silver,SOHO,4470,4,5.0,,9,94.5,0.0,94.5,23.63,No,0
Bronze,SOHO,4000,5,6.0,,11,94.5,0.0,94.5,18.9,No,0
Bronze,SOHO,1618,5,,,5,94.5,0.0,94.5,18.9,No,0
Bronze,SOHO,6300,4,,,4,94.5,0.0,94.5,23.63,No,0
Bronze,SOHO,4270,7,,,7,94.67,0.0,94.67,13.52,No,0
Silver,SOHO,4500,5,,,5,94.67,0.0,94.67,18.93,No,0
Silver,SOHO,6000,10,3.0,,13,94.67,0.0,94.67,9.47,No,0
Bronze,SOHO,6000,6,1.0,,7,94.67,0.0,94.67,15.78,Yes,1
Bronze,SOHO,6100,6,,,6,94.67,0.0,94.67,15.78,Yes,1
Bronze,SOHO,6000,5,,,5,94.67,0.0,94.67,18.93,No,0
Bronze,SOHO,6000,2,1.0,,3,94.67,0.0,94.67,47.34,No,0
Silver,SOHO,6200,7,3.0,,10,94.67,0.0,94.67,13.52,No,0
Silver,SOHO,6000,6,,,6,94.67,0.0,94.67,15.78,No,0
Bronze,SOHO,6649,5,,,5,94.67,0.0,94.67,18.93,No,0
Bronze,SOHO,6301,5,,,5,94.67,0.0,94.67,18.93,No,0
Gold,SOHO,8900,4,,,4,94.83,0.0,94.83,23.71,No,0
Bronze,SOHO,6000,4,,,4,94.83,0.0,94.83,23.71,No,0
Bronze,SOHO,4400,5,1.0,,6,94.83,0.0,94.83,18.97,No,0
Bronze,SOHO,4270,10,3.0,,13,94.83,0.0,94.83,9.48,No,0
Bronze,SOHO,4270,13,2.0,,15,94.83,0.0,94.83,7.29,No,0
Silver,SOHO,6300,6,,,6,94.83,0.0,94.83,15.81,No,0
Bronze,SOHO,4023,4,1.0,,5,95.0,0.0,95.0,23.75,No,0
Bronze,SOHO,4004,7,,,7,95.0,0.0,95.0,13.57,No,0
Bronze,SOHO,4210,5,1.0,,6,95.0,0.0,95.0,19.0,No,0
Bronze,SOHO,4835,4,4.0,,8,95.0,0.0,95.0,23.75,No,0
Silver,SOHO,6000,3,8.0,,11,95.0,0.0,95.0,31.67,No,0
Bronze,SOHO,6600,8,2.0,,10,95.0,0.0,95.0,11.88,No,0
Bronze,SOHO,4225,3,2.0,,5,95.0,0.0,95.0,31.67,No,0
Bronze,SOHO,6600,6,,,6,95.17,0.0,95.17,15.86,No,0
Bronze,SOHO,6400,12,,,12,95.17,0.0,95.17,7.93,No,0
Bronze,SOHO,6000,5,,,5,95.17,0.0,95.17,19.03,No,0
Silver,SOHO,4230,6,,,6,95.5,0.0,95.5,15.92,No,0
Bronze,SOHO,6200,4,2.0,,6,95.5,0.0,95.5,23.88,Yes,1
Bronze,SOHO,6260,8,2.0,,10,95.5,0.0,95.5,11.94,No,0
Bronze,SOHO,6900,7,,,7,95.5,0.0,95.5,13.64,No,0
Bronze,SOHO,6300,4,,,4,95.5,0.0,95.5,23.88,No,0
Silver,SOHO,4000,6,,,6,95.67,0.0,95.67,15.95,No,0
Bronze,SOHO,6400,3,1.0,1.0,5,95.67,0.0,95.67,31.89,No,0
Bronze,SOHO,6000,7,,,7,85.83,10.0,95.83,12.26,No,0
Bronze,SOHO,6000,9,,,9,95.83,0.0,95.83,10.65,No,0
Silver,SOHO,4020,8,,,8,96.0,0.0,96.0,12.0,No,0
Bronze,SOHO,4205,8,3.0,,11,96.0,0.0,96.0,12.0,No,0
Bronze,SOHO,4000,6,,,6,96.0,0.0,96.0,16.0,No,0
Bronze,SOHO,6000,4,1.0,,5,96.0,0.0,96.0,24.0,No,0
Bronze,SOHO,6000,2,1.0,,3,61.0,35.0,96.0,30.5,No,0
Bronze,SOHO,6000,6,5.0,,11,96.0,0.0,96.0,16.0,No,0
Bronze,SOHO,6260,8,,,8,96.0,0.0,96.0,12.0,No,0
Bronze,SOHO,6400,7,1.0,,8,96.0,0.0,96.0,13.71,No,0
Bronze,SOHO,6000,4,,,4,96.0,0.0,96.0,24.0,No,0
Bronze,SOHO,6000,4,1.0,,5,96.0,0.0,96.0,24.0,No,0
Bronze,SOHO,1000,5,,,5,96.0,0.0,96.0,19.2,No,0
Bronze,SOHO,6000,8,,,8,96.17,0.0,96.17,12.02,No,0
Silver,SOHO,6400,7,,,7,96.17,0.0,96.17,13.74,No,0
Bronze,SOHO,4015,5,5.0,,10,96.17,0.0,96.17,19.23,No,0
Bronze,SOHO,6884,5,,,5,96.17,0.0,96.17,19.23,Yes,1
Silver,SOHO,6600,2,1.0,,3,96.17,0.0,96.17,48.09,No,0
Bronze,SOHO,6300,4,,,4,96.17,0.0,96.17,24.04,No,0
Bronze,SOHO,6300,10,,,10,96.17,0.0,96.17,9.62,No,0
Bronze,SOHO,6300,4,,,4,96.17,0.0,96.17,24.04,No,0
Bronze,SOHO,4230,5,1.0,,6,96.33,0.0,96.33,19.27,No,0
Bronze,SOHO,4000,8,3.0,,11,96.33,0.0,96.33,12.04,No,0
Bronze,SOHO,6490,11,,,11,96.33,0.0,96.33,8.76,No,0
Bronze,SOHO,4000,4,11.0,,15,96.5,0.0,96.5,24.13,No,0
Gold,SOHO,4000,4,3.0,,7,96.5,0.0,96.5,24.13,No,0
Bronze,SOHO,4000,8,3.0,,11,96.5,0.0,96.5,12.06,No,0
Bronze,SOHO,6280,5,1.0,,6,96.5,0.0,96.5,19.3,No,0
Bronze,SOHO,6100,9,,,9,96.5,0.0,96.5,10.72,No,0
Bronze,SOHO,6006,4,1.0,,5,96.5,0.0,96.5,24.13,No,0
Bronze,SOHO,6000,5,,,5,96.5,0.0,96.5,19.3,No,0
Silver,SOHO,6000,9,2.0,,11,96.5,0.0,96.5,10.72,No,0
Bronze,SOHO,6600,6,,,6,96.5,0.0,96.5,16.08,No,0
Gold,SOHO,6363,8,,,8,96.5,0.0,96.5,12.06,No,0
Bronze,SOHO,4023,8,,,8,96.67,0.0,96.67,12.08,No,0
Bronze,SOHO,6280,7,4.0,,11,96.67,0.0,96.67,13.81,No,0
Bronze,SOHO,6100,7,,,7,96.67,0.0,96.67,13.81,No,0
Silver,SOHO,4002,8,2.0,,10,96.83,0.0,96.83,12.1,No,0
Silver,SOHO,6140,5,1.0,,6,96.83,0.0,96.83,19.37,No,0
Silver,SOHO,6260,4,,,4,96.83,0.0,96.83,24.21,No,0
Bronze,SOHO,6000,2,7.0,,9,96.83,0.0,96.83,48.42,No,0
Silver,SOHO,6400,5,,,5,96.83,0.0,96.83,19.37,No,0
Bronze,SOHO,6300,3,1.0,,4,96.83,0.0,96.83,32.28,No,0
Bronze,SOHO,6000,3,,,3,97.0,0.0,97.0,32.33,No,0
Silver,SOHO,6300,7,,,7,97.0,0.0,97.0,13.86,No,0
Bronze,SOHO,4002,9,,,9,97.33,0.0,97.33,10.81,No,0
Bronze,SOHO,6000,4,,,4,97.33,0.0,97.33,24.33,Yes,1
Silver,SOHO,1680,4,6.0,,10,97.33,0.0,97.33,24.33,No,0
Bronze,SOHO,6570,7,,,7,97.33,0.0,97.33,13.9,No,0
Bronze,SOHO,4180,5,,,5,97.5,0.0,97.5,19.5,No,0
Bronze,SOHO,4000,4,1.0,,5,97.5,0.0,97.5,24.38,No,0
Silver,SOHO,6000,7,,,7,97.5,0.0,97.5,13.93,No,0
Bronze,SOHO,6400,9,1.0,,10,97.5,0.0,97.5,10.83,Yes,1
Silver,SOHO,4003,9,,,9,97.5,0.0,97.5,10.83,No,0
Silver,SOHO,6600,7,1.0,,8,97.5,0.0,97.5,13.93,No,0
Bronze,SOHO,6300,5,3.0,,8,97.5,0.0,97.5,19.5,No,0
Bronze,SOHO,4000,5,,,5,97.67,0.0,97.67,19.53,Yes,1
Silver,SOHO,4220,4,1.0,,5,97.67,0.0,97.67,24.42,No,0
Bronze,SOHO,4003,3,3.0,,6,97.67,0.0,97.67,32.56,No,0
Silver,SOHO,6000,5,1.0,,6,97.67,0.0,97.67,19.53,No,0
Bronze,SOHO,6100,7,7.0,,14,97.67,0.0,97.67,13.95,No,0
Silver,SOHO,6163,3,2.0,,5,97.67,0.0,97.67,32.56,No,0
Bronze,SOHO,4000,8,5.0,,13,97.67,0.0,97.67,12.21,No,0
Bronze,SOHO,6300,7,1.0,,8,97.67,0.0,97.67,13.95,No,0
Bronze,SOHO,4109,3,4.0,,7,97.83,0.0,97.83,32.61,No,0
Bronze,SOHO,4108,3,,,3,97.83,0.0,97.83,32.61,No,0
Bronze,SOHO,6500,4,3.0,,7,97.83,0.0,97.83,24.46,No,0
Gold,SOHO,4210,6,2.0,,8,98.0,0.0,98.0,16.33,Yes,1
Bronze,SOHO,4522,4,,,4,98.0,0.0,98.0,24.5,No,0
Lead,SOHO,4013,6,,,6,98.0,0.0,98.0,16.33,No,0
Bronze,SOHO,6563,5,8.0,,13,98.0,0.0,98.0,19.6,No,0
Silver,SOHO,4003,9,,,9,98.17,0.0,98.17,10.91,No,0
Silver,SOHO,4230,5,,,5,98.17,0.0,98.17,19.63,No,0
Silver,SOHO,6570,6,,,6,98.25,0.0,98.25,16.38,No,0
Bronze,SOHO,4000,3,1.0,,4,98.33,0.0,98.33,32.78,No,0
Bronze,SOHO,4023,7,,,7,98.33,0.0,98.33,14.05,No,0
Silver,SOHO,1345,10,2.0,,12,98.33,0.0,98.33,9.83,No,0
Bronze,SOHO,6260,6,5.0,,11,98.33,0.0,98.33,16.39,Yes,1
Bronze,SOHO,6000,8,1.0,,9,98.33,0.0,98.33,12.29,No,0
Silver,SOHO,6363,10,,,10,98.33,0.0,98.33,9.83,No,0
Bronze,SOHO,4400,8,,,8,98.5,0.0,98.5,12.31,No,0
Bronze,SOHO,4500,7,3.0,,10,98.5,0.0,98.5,14.07,No,0
Bronze,SOHO,4000,7,3.0,,10,98.5,0.0,98.5,14.07,No,0
Silver,SOHO,4300,6,,,6,98.5,0.0,98.5,16.42,No,0
Bronze,SOHO,4004,7,,,7,98.5,0.0,98.5,14.07,No,0
Bronze,SOHO,6000,6,2.0,,8,98.5,0.0,98.5,16.42,No,0
Bronze,SOHO,6000,6,1.0,,7,98.5,0.0,98.5,16.42,No,0
Bronze,SOHO,6400,8,1.0,,9,98.5,0.0,98.5,12.31,No,0
Silver,SOHO,6300,5,1.0,,6,98.5,0.0,98.5,19.7,No,0
Bronze,SOHO,4110,5,,,5,98.67,0.0,98.67,19.73,No,0
Bronze,SOHO,4004,7,,,7,98.67,0.0,98.67,14.1,No,0
Bronze,SOHO,4023,10,,,10,98.67,0.0,98.67,9.87,No,0
Bronze,SOHO,4601,6,6.0,,12,98.67,0.0,98.67,16.45,No,0
Silver,SOHO,4400,2,,,2,98.67,0.0,98.67,49.34,No,0
Silver,SOHO,4400,6,4.0,,10,98.67,0.0,98.67,16.45,No,0
Bronze,SOHO,4020,6,,,6,98.67,0.0,98.67,16.45,No,0
Silver,SOHO,6100,3,,,3,98.67,0.0,98.67,32.89,No,0
Bronze,SOHO,6000,1,4.0,,5,98.67,0.0,98.67,98.67,No,0
Bronze,SOHO,6000,5,,,5,98.67,0.0,98.67,19.73,No,0
Bronze,SOHO,6400,7,1.0,,8,98.67,0.0,98.67,14.1,No,0
Bronze,SOHO,6600,11,,,11,98.67,0.0,98.67,8.97,No,0
Bronze,SOHO,6100,4,1.0,,5,98.83,0.0,98.83,24.71,No,0
Bronze,SOHO,6000,4,,,4,98.83,0.0,98.83,24.71,No,0
Bronze,SOHO,6400,7,,,7,98.83,0.0,98.83,14.12,No,0
Silver,SOHO,6000,6,,,6,98.83,0.0,98.83,16.47,No,0
Bronze,SOHO,6600,9,,,9,98.83,0.0,98.83,10.98,No,0
Silver,SOHO,6500,3,8.0,,11,98.83,0.0,98.83,32.94,No,0
Bronze,SOHO,4017,5,,,5,99.0,0.0,99.0,19.8,No,0
Bronze,SOHO,6400,6,,,6,99.0,0.0,99.0,16.5,No,0
Bronze,SOHO,4500,3,4.0,,7,99.0,0.0,99.0,33.0,No,0
Silver,SOHO,6000,3,,,3,99.17,0.0,99.17,33.06,No,0
Bronze,SOHO,6000,5,,,5,99.17,0.0,99.17,19.83,No,0
Silver,SOHO,6100,7,1.0,,8,99.17,0.0,99.17,14.17,No,0
Silver,SOHO,6000,7,,,7,99.17,0.0,99.17,14.17,No,0
Bronze,SOHO,4500,5,1.0,,6,99.33,0.0,99.33,19.87,No,0
Bronze,SOHO,6003,5,1.0,,6,99.33,0.0,99.33,19.87,No,0
Bronze,SOHO,6000,6,,,6,99.33,0.0,99.33,16.56,No,0
Bronze,SOHO,6000,4,1.0,,5,99.5,0.0,99.5,24.88,No,0
Silver,SOHO,6000,6,4.0,,10,99.5,0.0,99.5,16.58,No,0
Bronze,SOHO,6003,6,4.0,,10,99.5,0.0,99.5,16.58,Yes,1
Silver,SOHO,6003,4,2.0,,6,99.5,0.0,99.5,24.88,No,0
Bronze,SOHO,4000,7,1.0,,8,99.67,0.0,99.67,14.24,No,0
Silver,SOHO,4000,6,,,6,99.67,0.0,99.67,16.61,No,0
Bronze,SOHO,4600,5,,,5,99.67,0.0,99.67,19.93,No,0
Bronze,SOHO,4550,5,,,5,99.67,0.0,99.67,19.93,No,0
Silver,SOHO,4000,5,1.0,,6,99.67,0.0,99.67,19.93,No,0
Bronze,SOHO,6100,5,,1.0,6,99.67,0.0,99.67,19.93,No,0
Bronze,SOHO,4701,10,,,10,99.67,0.0,99.67,9.97,No,0
Silver,SOHO,6100,6,1.0,,7,99.67,0.0,99.67,16.61,No,0
Gold,SOHO,6300,3,,,3,99.67,0.0,99.67,33.22,No,0
Bronze,SOHO,4500,4,,,4,99.83,0.0,99.83,24.96,Yes,1
Silver,SOHO,4640,3,4.0,,7,99.83,0.0,99.83,33.28,No,0
Silver,SOHO,4400,3,,,3,99.83,0.0,99.83,33.28,No,0
Bronze,SOHO,6100,7,1.0,,8,99.83,0.0,99.83,14.26,No,0
Bronze,SOHO,6000,4,3.0,,7,99.83,0.0,99.83,24.96,No,0
Bronze,SOHO,6000,8,,1.0,9,99.83,0.0,99.83,12.48,No,0
Bronze,SOHO,4020,3,,,3,100.0,0.0,100.0,33.33,No,0
Bronze,SOHO,1404,5,2.0,,7,100.0,0.0,100.0,20.0,No,0
Bronze,SOHO,6000,7,2.0,,9,100.0,0.0,100.0,14.29,No,0
Bronze,SOHO,6400,3,1.0,,4,100.0,0.0,100.0,33.33,No,0
Silver,SOHO,6000,4,,,4,100.0,0.0,100.0,25.0,No,0
Silver,SOHO,6300,10,,,10,100.0,0.0,100.0,10.0,No,0
Silver,SOHO,6600,4,4.0,,8,100.0,0.0,100.0,25.0,No,0
Bronze,SOHO,6300,2,1.0,,3,100.0,0.0,100.0,50.0,Yes,1
Bronze,SOHO,6300,12,,,12,100.0,0.0,100.0,8.33,No,0
Bronze,SOHO,6600,10,,,10,100.0,0.0,100.0,10.0,No,0
Bronze,SOHO,6300,5,,,5,100.0,0.0,100.0,20.0,No,0
Bronze,SOHO,4340,5,2.0,,7,100.17,0.0,100.17,20.03,No,0
Bronze,SOHO,4002,5,,,5,100.17,0.0,100.17,20.03,No,0
Bronze,SOHO,4002,6,4.0,1.0,11,100.17,0.0,100.17,16.7,No,0
Silver,SOHO,6000,4,,,4,100.17,0.0,100.17,25.04,No,0
Bronze,SOHO,4000,8,,,8,100.33,0.0,100.33,12.54,Yes,1
Bronze,SOHO,4023,6,,,6,100.33,0.0,100.33,16.72,Yes,1
Silver,SOHO,4002,9,7.0,,16,100.33,0.0,100.33,11.15,No,0
Silver,SOHO,6260,6,,,6,100.33,0.0,100.33,16.72,Yes,1
Silver,SOHO,4000,5,,1.0,6,100.5,0.0,100.5,20.1,No,0
Bronze,SOHO,6100,6,,,6,100.5,0.0,100.5,16.75,No,0
Bronze,SOHO,6450,4,4.0,,8,100.5,0.0,100.5,25.13,No,0
Bronze,SOHO,6800,6,,,6,100.5,0.0,100.5,16.75,No,0
Bronze,SOHO,6900,10,3.0,,13,100.5,0.0,100.5,10.05,No,0
Bronze,SOHO,6600,5,1.0,,6,100.5,0.0,100.5,20.1,No,0
Silver,SOHO,6300,2,,,2,100.5,0.0,100.5,50.25,No,0
Bronze,SOHO,4023,8,,,8,100.67,0.0,100.67,12.58,No,0
Silver,SOHO,6100,9,4.0,,13,100.67,0.0,100.67,11.19,No,0
Bronze,SOHO,6300,7,1.0,,8,100.67,0.0,100.67,14.38,No,0
Bronze,SOHO,6300,5,,,5,100.67,0.0,100.67,20.13,No,0
Silver,SOHO,6500,3,1.0,,4,100.67,0.0,100.67,33.56,No,0
Bronze,SOHO,6149,5,,,5,100.83,0.0,100.83,20.17,No,0
Bronze,SOHO,6180,5,,,5,100.83,0.0,100.83,20.17,No,0
Silver,SOHO,4004,6,,,6,100.83,0.0,100.83,16.81,No,0
Bronze,SOHO,6400,8,1.0,,9,100.83,0.0,100.83,12.6,No,0
Bronze,SOHO,6100,7,,,7,101.17,0.0,101.17,14.45,No,0
Silver,SOHO,6400,5,2.0,,7,101.17,0.0,101.17,20.23,No,0
Bronze,SOHO,6000,2,1.0,,3,101.17,0.0,101.17,50.59,No,0
Silver,SOHO,4300,6,4.0,,10,101.33,0.0,101.33,16.89,No,0
Silver,SOHO,4142,5,,,5,101.33,0.0,101.33,20.27,No,0
Silver,SOHO,4134,10,1.0,,11,101.5,0.0,101.5,10.15,No,0
Bronze,SOHO,6150,9,,,9,101.5,0.0,101.5,11.28,No,0
Bronze,SOHO,6100,5,,,5,101.5,0.0,101.5,20.3,No,0
Silver,SOHO,6600,6,1.0,,7,101.5,0.0,101.5,16.92,No,0
Silver,SOHO,6600,6,4.0,,10,101.5,0.0,101.5,16.92,No,0
Bronze,SOHO,6300,5,,,5,101.5,0.0,101.5,20.3,No,0
Bronze,SOHO,6300,5,,,5,101.5,0.0,101.5,20.3,Yes,1
Bronze,SOHO,4004,5,1.0,,6,101.67,0.0,101.67,20.33,No,0
Bronze,SOHO,4000,10,,,10,101.67,0.0,101.67,10.17,No,0
Bronze,SOHO,4400,3,4.0,,7,101.67,0.0,101.67,33.89,No,0
Bronze,SOHO,4004,11,1.0,,12,101.67,0.0,101.67,9.24,No,0
Silver,SOHO,6400,5,2.0,,7,101.67,0.0,101.67,20.33,No,0
Silver,SOHO,4002,4,,,4,101.83,0.0,101.83,25.46,No,0
Bronze,SOHO,6000,9,2.0,,11,101.83,0.0,101.83,11.31,No,0
Silver,SOHO,9000,8,,,8,101.83,0.0,101.83,12.73,No,0
Bronze,SOHO,6600,6,,,6,101.83,0.0,101.83,16.97,No,0
Silver,SOHO,4002,3,,,3,102.0,0.0,102.0,34.0,No,0
Silver,SOHO,6100,4,1.0,,5,102.0,0.0,102.0,25.5,No,0
Silver,SOHO,6600,8,,,8,102.0,0.0,102.0,12.75,No,0
Bronze,SOHO,6300,9,2.0,,11,102.0,0.0,102.0,11.33,No,0
Bronze,SOHO,6600,4,,,4,102.17,0.0,102.17,25.54,No,0
Bronze,SOHO,6300,5,,,5,102.17,0.0,102.17,20.43,No,0
Silver,SOHO,6100,7,2.0,,9,102.33,0.0,102.33,14.62,No,0
Bronze,SOHO,4000,8,,,8,102.33,0.0,102.33,12.79,No,0
Silver,SOHO,6300,6,4.0,,10,102.33,0.0,102.33,17.06,No,0
Bronze,SOHO,4015,7,2.0,,9,102.5,0.0,102.5,14.64,Yes,1
Silver,SOHO,4400,8,1.0,,9,102.5,0.0,102.5,12.81,No,0
Bronze,SOHO,6000,3,,,3,102.5,0.0,102.5,34.17,No,0
Silver,SOHO,4300,6,,,6,102.67,0.0,102.67,17.11,No,0
Bronze,SOHO,4240,8,1.0,,9,102.67,0.0,102.67,12.83,No,0
Bronze,SOHO,4003,9,,,9,102.67,0.0,102.67,11.41,Yes,1
Bronze,SOHO,6400,3,,,3,102.67,0.0,102.67,34.22,No,0
Bronze,SOHO,6000,4,4.0,,8,102.67,0.0,102.67,25.67,No,0
Bronze,SOHO,6100,5,10.0,,15,102.83,0.0,102.83,20.57,No,0
Bronze,SOHO,6100,5,,,5,102.83,0.0,102.83,20.57,No,0
Bronze,SOHO,6400,11,,,11,102.83,0.0,102.83,9.35,No,0
Bronze,SOHO,6000,7,3.0,,10,102.83,0.0,102.83,14.69,No,0
Bronze,SOHO,6600,3,,,3,102.83,0.0,102.83,34.28,No,0
Silver,SOHO,4101,8,1.0,,9,103.0,0.0,103.0,12.88,No,0
Bronze,SOHO,6000,6,,,6,103.0,0.0,103.0,17.17,No,0
Silver,SOHO,6000,5,2.0,,7,103.0,0.0,103.0,20.6,No,0
Bronze,SOHO,6000,7,,,7,103.0,0.0,103.0,14.71,No,0
Silver,SOHO,6000,7,2.0,,9,103.0,0.0,103.0,14.71,No,0
Lead,SOHO,6000,9,,,9,103.0,0.0,103.0,11.44,No,0
Silver,SOHO,6300,8,,,8,103.0,0.0,103.0,12.88,No,0
Silver,SOHO,4300,6,2.0,,8,103.17,0.0,103.17,17.2,No,0
Silver,SOHO,4400,5,,,5,103.17,0.0,103.17,20.63,No,0
Bronze,SOHO,4230,9,,,9,103.17,0.0,103.17,11.46,No,0
Bronze,SOHO,6100,7,,,7,103.17,0.0,103.17,14.74,No,0
Bronze,SOHO,4023,16,,,16,103.17,0.0,103.17,6.45,No,0
Silver,SOHO,4147,9,,,9,103.17,0.0,103.17,11.46,No,0
Silver,SOHO,6000,6,2.0,,8,103.17,0.0,103.17,17.2,No,0
Bronze,SOHO,6600,5,4.0,,9,103.17,0.0,103.17,20.63,No,0
Bronze,SOHO,6050,6,,,6,103.33,0.0,103.33,17.22,No,0
Silver,SOHO,6300,6,1.0,,7,103.33,0.0,103.33,17.22,No,0
Bronze,SOHO,6600,7,2.0,,9,103.5,0.0,103.5,14.79,No,0
Silver,SOHO,4409,6,1.0,,7,103.67,0.0,103.67,17.28,Yes,1
Bronze,SOHO,4003,8,,,8,103.67,0.0,103.67,12.96,No,0
Bronze,SOHO,6000,8,,,8,103.67,0.0,103.67,12.96,No,0
Silver,SOHO,4002,8,6.0,,14,103.67,0.0,103.67,12.96,No,0
Silver,SOHO,6368,7,,,7,103.67,0.0,103.67,14.81,No,0
Silver,SOHO,6500,3,3.0,,6,103.67,0.0,103.67,34.56,No,0
Silver,SOHO,6000,7,1.0,,8,103.83,0.0,103.83,14.83,No,0
Bronze,SOHO,6100,7,,,7,103.83,0.0,103.83,14.83,No,0
Silver,SOHO,4000,6,,,6,104.0,0.0,104.0,17.33,No,0
Silver,SOHO,6420,3,,,3,104.0,0.0,104.0,34.67,No,0
Silver,SOHO,4003,3,1.0,,4,104.0,0.0,104.0,34.67,No,0
Silver,SOHO,6300,7,3.0,,10,104.0,0.0,104.0,14.86,No,0
Bronze,SOHO,6400,6,2.0,,8,104.17,0.0,104.17,17.36,No,0
Bronze,SOHO,4600,6,1.0,,7,104.33,0.0,104.33,17.39,No,0
Bronze,SOHO,4120,9,1.0,1.0,11,104.33,0.0,104.33,11.59,No,0
Bronze,SOHO,6000,6,,,6,104.33,0.0,104.33,17.39,No,0
Silver,SOHO,4230,4,,,4,104.5,0.0,104.5,26.13,No,0
Silver,SOHO,6000,8,,,8,104.5,0.0,104.5,13.06,No,0
Bronze,SOHO,6000,8,,,8,104.5,0.0,104.5,13.06,No,0
Bronze,SOHO,4004,6,,,6,104.67,0.0,104.67,17.45,No,0
Bronze,SOHO,4400,6,1.0,,7,104.67,0.0,104.67,17.45,No,0
Bronze,SOHO,6100,5,,,5,104.67,0.0,104.67,20.93,No,0
Silver,SOHO,6100,4,12.0,,16,104.67,0.0,104.67,26.17,No,0
Silver,SOHO,6600,10,1.0,,11,104.67,0.0,104.67,10.47,No,0
Bronze,SOHO,6490,5,,,5,104.67,0.0,104.67,20.93,Yes,1
Silver,SOHO,4500,5,,,5,104.83,0.0,104.83,20.97,No,0
Bronze,SOHO,6100,5,2.0,,7,104.83,0.0,104.83,20.97,No,0
Bronze,SOHO,4400,6,,,6,105.0,0.0,105.0,17.5,No,0
Silver,SOHO,6218,1,8.0,,9,105.0,0.0,105.0,105.0,No,0
Bronze,SOHO,6148,9,,,9,105.0,0.0,105.0,11.67,No,0
Bronze,SOHO,6000,6,1.0,,7,105.0,0.0,105.0,17.5,No,0
Silver,SOHO,6300,7,1.0,,8,105.0,0.0,105.0,15.0,No,0
Bronze,SOHO,4300,8,3.0,,11,105.17,0.0,105.17,13.15,No,0
Bronze,SOHO,4000,8,,,8,105.17,0.0,105.17,13.15,Yes,1
Silver,SOHO,6631,4,,,4,105.17,0.0,105.17,26.29,No,0
Bronze,SOHO,6400,10,1.0,,11,105.17,0.0,105.17,10.52,No,0
Silver,SOHO,6100,5,,,5,105.17,0.0,105.17,21.03,No,0
Bronze,SOHO,6100,9,,,9,105.33,0.0,105.33,11.7,No,0
Silver,SOHO,6100,10,3.0,,13,105.33,0.0,105.33,10.53,No,0
Silver,SOHO,4002,6,2.0,,8,105.33,0.0,105.33,17.56,No,0
Bronze,SOHO,6000,5,,,5,105.33,0.0,105.33,21.07,No,0
Bronze,SOHO,6000,5,,,5,105.33,0.0,105.33,21.07,No,0
Gold,SOHO,4000,7,,1.0,8,105.5,0.0,105.5,15.07,No,0
Bronze,SOHO,6000,6,,,6,105.5,0.0,105.5,17.58,No,0
Bronze,SOHO,6500,5,1.0,,6,105.5,0.0,105.5,21.1,No,0
Silver,SOHO,6300,6,,,6,105.5,0.0,105.5,17.58,No,0
Bronze,SOHO,4140,6,,,6,105.67,0.0,105.67,17.61,No,0
Bronze,SOHO,8000,9,,,9,105.67,0.0,105.67,11.74,Yes,1
Silver,SOHO,6400,8,,1.0,9,105.67,0.0,105.67,13.21,No,0
Bronze,SOHO,6100,12,,,12,105.67,0.0,105.67,8.81,No,0
Silver,SOHO,6900,1,10.0,,11,105.67,0.0,105.67,105.67,Yes,1
Silver,SOHO,6600,8,,,8,105.67,0.0,105.67,13.21,No,0
Silver,SOHO,6300,9,,,9,105.67,0.0,105.67,11.74,No,0
Bronze,SOHO,6000,6,1.0,,7,105.83,0.0,105.83,17.64,No,0
Silver,SOHO,4000,5,2.0,,7,106.0,0.0,106.0,21.2,No,0
Bronze,SOHO,4400,5,,,5,106.0,0.0,106.0,21.2,Yes,1
Silver,SOHO,4003,7,,,7,106.0,0.0,106.0,15.14,No,0
Silver,SOHO,4000,4,,,4,106.0,0.0,106.0,26.5,No,0
Silver,SOHO,6000,5,,,5,106.0,0.0,106.0,21.2,No,0
Bronze,SOHO,6000,4,1.0,,5,106.0,0.0,106.0,26.5,No,0
Bronze,SOHO,6000,5,,,5,106.0,0.0,106.0,21.2,No,0
Bronze,SOHO,6500,7,,,7,106.0,0.0,106.0,15.14,No,0
Bronze,SOHO,4550,6,,,6,106.17,0.0,106.17,17.7,No,0
Silver,SOHO,6450,8,2.0,,10,106.17,0.0,106.17,13.27,No,0
Bronze,SOHO,6000,5,,,5,106.17,0.0,106.17,21.23,No,0
Silver,SOHO,6000,4,,,4,106.17,0.0,106.17,26.54,No,0
Bronze,SOHO,6500,7,,,7,106.17,0.0,106.17,15.17,No,0
Bronze,SOHO,4210,5,,,5,106.33,0.0,106.33,21.27,No,0
Bronze,SOHO,4001,5,4.0,,9,106.33,0.0,106.33,21.27,No,0
Bronze,SOHO,6000,3,1.0,,4,106.33,0.0,106.33,35.44,No,0
Bronze,SOHO,4003,6,3.0,,9,106.5,0.0,106.5,17.75,No,0
Silver,SOHO,4016,8,3.0,,11,106.5,0.0,106.5,13.31,No,0
Silver,SOHO,6000,7,,,7,106.5,0.0,106.5,15.21,No,0
Silver,SOHO,6000,2,2.0,,4,106.5,0.0,106.5,53.25,No,0
Bronze,SOHO,4230,9,,,9,106.67,0.0,106.67,11.85,Yes,1
Bronze,SOHO,4000,6,1.0,,7,106.67,0.0,106.67,17.78,No,0
Bronze,SOHO,6000,4,2.0,,6,106.67,0.0,106.67,26.67,No,0
Bronze,SOHO,6100,8,1.0,,9,106.67,0.0,106.67,13.33,No,0
Bronze,SOHO,4023,4,,,4,106.67,0.0,106.67,26.67,No,0
Bronze,SOHO,6600,7,,,7,106.67,0.0,106.67,15.24,No,0
Silver,SOHO,4004,5,1.0,,6,106.83,0.0,106.83,21.37,No,0
Silver,SOHO,4003,1,,,1,106.83,0.0,106.83,106.83,No,0
Bronze,SOHO,6000,5,,,5,106.83,0.0,106.83,21.37,No,0
Silver,SOHO,6000,8,1.0,,9,106.83,0.0,106.83,13.35,No,0
Silver,SOHO,6100,5,,,5,106.83,0.0,106.83,21.37,No,0
Gold,SOHO,4004,8,,,8,106.83,0.0,106.83,13.35,No,0
Bronze,SOHO,4000,14,,,14,107.0,0.0,107.0,7.64,No,0
Silver,SOHO,6000,3,,,3,107.0,0.0,107.0,35.67,No,0
Silver,SOHO,6000,5,,,5,107.0,0.0,107.0,21.4,No,0
Silver,SOHO,6100,6,,,6,107.0,0.0,107.0,17.83,No,0
Bronze,SOHO,6000,6,1.0,,7,107.17,0.0,107.17,17.86,No,0
Bronze,SOHO,4442,5,,,5,107.33,0.0,107.33,21.47,No,0
Bronze,SOHO,4400,5,3.0,,8,107.33,0.0,107.33,21.47,No,0
Bronze,SOHO,4004,3,,,3,107.33,0.0,107.33,35.78,No,0
Silver,SOHO,4000,7,4.0,,11,107.33,0.0,107.33,15.33,No,0
Silver,SOHO,4004,6,,,6,107.33,0.0,107.33,17.89,No,0
Bronze,SOHO,6260,7,3.0,,10,107.33,0.0,107.33,15.33,No,0
Bronze,SOHO,6014,3,3.0,,6,107.33,0.0,107.33,35.78,No,0
Bronze,SOHO,4889,8,,,8,107.5,0.0,107.5,13.44,No,0
Bronze,SOHO,4003,3,6.0,,9,107.67,0.0,107.67,35.89,No,0
Bronze,SOHO,6437,8,1.0,,9,107.83,0.0,107.83,13.48,No,0
Bronze,SOHO,6000,6,1.0,,7,107.83,0.0,107.83,17.97,No,0
Silver,SOHO,6000,9,1.0,,10,107.83,0.0,107.83,11.98,No,0
Bronze,SOHO,6400,7,1.0,,8,108.0,0.0,108.0,15.43,No,0
Silver,SOHO,6000,7,,,7,108.0,0.0,108.0,15.43,No,0
Silver,SOHO,6000,2,,,2,108.0,0.0,108.0,54.0,No,0
Bronze,SOHO,6100,7,2.0,,9,108.0,0.0,108.0,15.43,No,0
Silver,SOHO,4500,6,2.0,,8,108.17,0.0,108.17,18.03,No,0
Silver,SOHO,4000,12,1.0,,13,108.17,0.0,108.17,9.01,No,0
Bronze,SOHO,6000,6,,,6,108.17,0.0,108.17,18.03,No,0
Bronze,SOHO,6100,7,5.0,,12,108.17,0.0,108.17,15.45,No,0
Bronze,SOHO,6300,7,,,7,108.33,0.0,108.33,15.48,No,0
Bronze,SOHO,6450,9,,,9,108.33,0.0,108.33,12.04,Yes,1
Bronze,SOHO,6400,8,,,8,108.33,0.0,108.33,13.54,No,0
Silver,SOHO,4000,4,,,4,108.33,0.0,108.33,27.08,No,0
Silver,SOHO,4000,11,,,11,108.5,0.0,108.5,9.86,No,0
Silver,SOHO,4000,3,,,3,108.5,0.0,108.5,36.17,No,0
Bronze,SOHO,4006,10,1.0,,11,108.67,0.0,108.67,10.87,Yes,1
Bronze,SOHO,4023,10,1.0,,11,108.67,0.0,108.67,10.87,No,0
Silver,SOHO,6167,9,5.0,,14,108.67,0.0,108.67,12.07,No,0
Silver,SOHO,6800,3,21.0,,24,108.67,0.0,108.67,36.22,Yes,1
Bronze,SOHO,4020,5,2.0,,7,108.83,0.0,108.83,21.77,No,0
Bronze,SOHO,4004,4,2.0,,6,108.83,0.0,108.83,27.21,No,0
Bronze,SOHO,4023,12,,,12,108.83,0.0,108.83,9.07,No,0
Bronze,SOHO,4000,5,,,5,109.0,0.0,109.0,21.8,No,0
Bronze,SOHO,4002,6,1.0,,7,109.0,0.0,109.0,18.17,No,0
Bronze,SOHO,6100,7,1.0,,8,109.0,0.0,109.0,15.57,No,0
Bronze,SOHO,4000,8,2.0,,10,109.0,0.0,109.0,13.63,No,0
Silver,SOHO,4500,5,,,5,109.17,0.0,109.17,21.83,No,0
Bronze,SOHO,6000,6,4.0,,10,109.17,0.0,109.17,18.2,No,0
Gold,SOHO,6100,2,16.0,,18,109.17,0.0,109.17,54.59,No,0
Bronze,SOHO,6872,6,,,6,109.17,0.0,109.17,18.2,No,0
Bronze,SOHO,6600,5,2.0,,7,109.17,0.0,109.17,21.83,Yes,1
Bronze,SOHO,6000,4,,,4,109.33,0.0,109.33,27.33,Yes,1
Bronze,SOHO,6000,4,1.0,,5,109.33,0.0,109.33,27.33,No,0
Bronze,SOHO,6600,4,1.0,,5,109.33,0.0,109.33,27.33,No,0
Bronze,SOHO,4199,3,2.0,,5,109.5,0.0,109.5,36.5,No,0
Bronze,SOHO,4000,5,,,5,109.5,0.0,109.5,21.9,No,0
Silver,SOHO,6000,4,,,4,109.5,0.0,109.5,27.38,No,0
Bronze,SOHO,6500,3,1.0,,4,109.5,0.0,109.5,36.5,No,0
Bronze,SOHO,4600,6,1.0,,7,109.67,0.0,109.67,18.28,No,0
Silver,SOHO,4000,6,3.0,,9,109.67,0.0,109.67,18.28,No,0
Gold,SOHO,4330,1,6.0,,7,109.67,0.0,109.67,109.67,No,0
Silver,SOHO,6300,6,2.0,,8,109.67,0.0,109.67,18.28,Yes,1
Silver,SOHO,4144,11,,,11,109.83,0.0,109.83,9.98,No,0
Bronze,SOHO,4000,3,1.0,,4,109.83,0.0,109.83,36.61,No,0
Bronze,SOHO,6000,8,,,8,109.83,0.0,109.83,13.73,No,0
Bronze,SOHO,6000,7,1.0,,8,109.83,0.0,109.83,15.69,Yes,1
Silver,SOHO,6100,6,,,6,109.83,0.0,109.83,18.31,No,0
Bronze,SOHO,6100,8,,1.0,9,110.0,0.0,110.0,13.75,No,0
Bronze,SOHO,6400,5,,,5,110.0,0.0,110.0,22.0,No,0
Bronze,SOHO,6000,6,14.0,,20,110.0,0.0,110.0,18.33,No,0
Bronze,SOHO,6404,3,,,3,110.0,0.0,110.0,36.67,No,0
Lead,SOHO,6000,4,,,4,110.17,0.0,110.17,27.54,No,0
Silver,SOHO,6000,3,1.0,,4,110.17,0.0,110.17,36.72,No,0
Silver,SOHO,4199,9,1.0,,10,110.17,0.0,110.17,12.24,Yes,1
Bronze,SOHO,6600,8,,,8,110.17,0.0,110.17,13.77,No,0
Bronze,SOHO,6300,10,,,10,110.25,0.0,110.25,11.03,No,0
Bronze,SOHO,6000,6,1.0,,7,110.33,0.0,110.33,18.39,No,0
Bronze,SOHO,6000,7,,,7,110.33,0.0,110.33,15.76,No,0
Bronze,SOHO,6500,12,2.0,,14,110.33,0.0,110.33,9.19,No,0
Silver,SOHO,4000,6,2.0,,8,110.5,0.0,110.5,18.42,No,0
Silver,SOHO,6100,4,,,4,110.5,0.0,110.5,27.63,No,0
Silver,SOHO,4400,31,2.0,,33,110.67,0.0,110.67,3.57,No,0
Bronze,SOHO,4400,7,4.0,,11,110.67,0.0,110.67,15.81,No,0
Silver,SOHO,4400,6,3.0,,9,110.67,0.0,110.67,18.45,No,0
Bronze,SOHO,6000,5,,,5,110.67,0.0,110.67,22.13,No,0
Bronze,SOHO,6000,6,,,6,110.67,0.0,110.67,18.45,No,0
Silver,SOHO,6600,4,,,4,110.67,0.0,110.67,27.67,No,0
Bronze,SOHO,6400,12,1.0,,13,110.83,0.0,110.83,9.24,No,0
Bronze,SOHO,6000,3,,,3,110.83,0.0,110.83,36.94,No,0
Bronze,SOHO,4230,5,,,5,111.0,0.0,111.0,22.2,No,0
Bronze,SOHO,6000,9,,,9,111.0,0.0,111.0,12.33,No,0
Bronze,SOHO,6000,4,,,4,111.0,0.0,111.0,27.75,No,0
Silver,SOHO,6300,4,1.0,,5,111.0,0.0,111.0,27.75,No,0
Bronze,SOHO,4270,11,3.0,,14,111.17,0.0,111.17,10.11,No,0
Bronze,SOHO,4004,10,1.0,,11,111.17,0.0,111.17,11.12,No,0
Bronze,SOHO,6000,3,,,3,111.17,0.0,111.17,37.06,No,0
Silver,SOHO,6280,8,,,8,111.17,0.0,111.17,13.9,No,0
Bronze,SOHO,6100,6,,,6,111.17,0.0,111.17,18.53,No,0
Bronze,SOHO,6000,5,,,5,111.17,0.0,111.17,22.23,No,0
Silver,SOHO,6600,8,5.0,,13,111.17,0.0,111.17,13.9,No,0
Bronze,SOHO,6300,6,,,6,111.17,0.0,111.17,18.53,No,0
Silver,SOHO,4500,9,5.0,,14,111.33,0.0,111.33,12.37,No,0
Silver,SOHO,4000,4,1.0,,5,111.33,0.0,111.33,27.83,No,0
Silver,SOHO,6500,7,,,7,111.33,0.0,111.33,15.9,No,0
Bronze,SOHO,4270,16,2.0,,18,111.33,0.0,111.33,6.96,No,0
Bronze,SOHO,4000,4,1.0,,5,111.33,0.0,111.33,27.83,Yes,1
Silver,SOHO,4270,12,1.0,,13,111.5,0.0,111.5,9.29,No,0
Bronze,SOHO,6000,6,1.0,,7,111.5,0.0,111.5,18.58,No,0
Bronze,SOHO,4000,16,,,16,111.5,0.0,111.5,6.97,No,0
Silver,SOHO,6400,5,,,5,111.5,0.0,111.5,22.3,No,0
Bronze,SOHO,4000,8,,,8,111.67,0.0,111.67,13.96,No,0
Bronze,SOHO,4600,8,6.0,,14,111.67,0.0,111.67,13.96,No,0
Silver,SOHO,4282,6,3.0,,9,111.67,0.0,111.67,18.61,No,0
Bronze,SOHO,4000,10,4.0,,14,111.67,0.0,111.67,11.17,No,0
Bronze,SOHO,6100,6,1.0,,7,111.67,0.0,111.67,18.61,No,0
Bronze,SOHO,6000,6,1.0,,7,111.67,0.0,111.67,18.61,No,0
Silver,SOHO,6000,7,,,7,111.67,0.0,111.67,15.95,No,0
Bronze,SOHO,4400,10,1.0,,11,111.83,0.0,111.83,11.18,No,0
Bronze,SOHO,6000,6,,,6,111.83,0.0,111.83,18.64,Yes,1
Bronze,SOHO,6300,6,4.0,,10,111.83,0.0,111.83,18.64,No,0
Bronze,SOHO,4017,2,4.0,,6,112.0,0.0,112.0,56.0,No,0
Bronze,SOHO,6000,4,,,4,112.0,0.0,112.0,28.0,No,0
Bronze,SOHO,4400,6,,,6,112.0,0.0,112.0,18.67,No,0
Bronze,SOHO,4270,10,1.0,,11,112.33,0.0,112.33,11.23,No,0
Silver,SOHO,4700,11,11.0,,22,112.33,0.0,112.33,10.21,No,0
Bronze,SOHO,6000,3,,,3,112.33,0.0,112.33,37.44,No,0
Bronze,SOHO,6000,10,,,10,112.33,0.0,112.33,11.23,No,0
Bronze,SOHO,4000,10,,,10,112.5,0.0,112.5,11.25,No,0
Silver,SOHO,4002,10,,,10,112.5,0.0,112.5,11.25,No,0
Iron,SOHO,4000,6,,,6,112.5,0.0,112.5,18.75,No,0
Silver,SOHO,6000,4,,,4,112.5,0.0,112.5,28.13,No,0
Bronze,SOHO,6600,5,1.0,,6,112.5,0.0,112.5,22.5,Yes,1
Bronze,SOHO,6900,5,,,5,112.5,0.0,112.5,22.5,Yes,1
Bronze,SOHO,4002,4,2.0,,6,112.83,0.0,112.83,28.21,No,0
Silver,SOHO,6000,9,,,9,112.83,0.0,112.83,12.54,No,0
Bronze,SOHO,6000,5,,,5,112.83,0.0,112.83,22.57,No,0
Bronze,SOHO,6300,11,4.0,,15,112.83,0.0,112.83,10.26,No,0
Bronze,SOHO,6600,5,,,5,112.83,0.0,112.83,22.57,No,0
Bronze,SOHO,4500,8,1.0,,9,113.0,0.0,113.0,14.13,No,0
Bronze,SOHO,4003,7,,,7,113.0,0.0,113.0,16.14,No,0
Silver,SOHO,6010,3,2.0,,5,113.0,0.0,113.0,37.67,No,0
Silver,SOHO,6300,3,,,3,113.0,0.0,113.0,37.67,No,0
Bronze,SOHO,6000,5,,,5,113.17,0.0,113.17,22.63,No,0
Bronze,SOHO,6000,3,,,3,113.33,0.0,113.33,37.78,No,0
Bronze,SOHO,6600,5,1.0,,6,113.33,0.0,113.33,22.67,No,0
Bronze,SOHO,4000,2,2.0,,4,113.5,0.0,113.5,56.75,No,0
Silver,SOHO,4000,8,1.0,,9,113.5,0.0,113.5,14.19,No,0
Silver,SOHO,6000,4,,,4,113.5,0.0,113.5,28.38,No,0
Silver,SOHO,6220,3,15.0,,18,113.5,0.0,113.5,37.83,No,0
Silver,SOHO,6000,8,,,8,113.67,0.0,113.67,14.21,No,0
Silver,SOHO,6000,5,,,5,113.67,0.0,113.67,22.73,No,0
Bronze,SOHO,6000,4,,,4,113.8,0.0,113.8,28.45,No,0
Bronze,SOHO,4000,8,,,8,113.83,0.0,113.83,14.23,Yes,1
Silver,SOHO,4000,7,,,7,113.83,0.0,113.83,16.26,No,0
Silver,SOHO,6000,3,,,3,113.83,0.0,113.83,37.94,No,0
Bronze,SOHO,6300,8,,,8,113.83,0.0,113.83,14.23,No,0
Silver,SOHO,4000,3,6.0,,9,114.0,0.0,114.0,38.0,No,0
Silver,SOHO,4020,2,,,2,114.17,0.0,114.17,57.09,No,0
Bronze,SOHO,4400,6,,,6,114.17,0.0,114.17,19.03,No,0
Silver,SOHO,4201,10,,,10,114.17,0.0,114.17,11.42,Yes,1
Iron,SOHO,6000,5,,,5,114.17,0.0,114.17,22.83,No,0
Bronze,SOHO,6100,6,,,6,114.17,0.0,114.17,19.03,No,0
Bronze,SOHO,6800,6,1.0,,7,114.17,0.0,114.17,19.03,No,0
Silver,SOHO,6400,15,2.0,,17,114.17,0.0,114.17,7.61,No,0
Silver,SOHO,6898,5,,,5,114.33,0.0,114.33,22.87,No,0
Silver,SOHO,4000,4,,,4,114.5,0.0,114.5,28.63,No,0
Silver,SOHO,6000,7,1.0,,8,114.5,0.0,114.5,16.36,No,0
Silver,SOHO,4400,2,5.0,,7,114.67,0.0,114.67,57.34,No,0
Silver,SOHO,4003,5,,,5,114.67,0.0,114.67,22.93,No,0
Bronze,SOHO,6300,5,,,5,114.67,0.0,114.67,22.93,No,0
Bronze,SOHO,6600,4,,,4,114.67,0.0,114.67,28.67,No,0
Bronze,SOHO,6000,7,6.0,,13,114.83,0.0,114.83,16.4,No,0
Bronze,SOHO,4004,6,,,6,114.83,0.0,114.83,19.14,No,0
Bronze,SOHO,6000,2,1.0,,3,114.83,0.0,114.83,57.42,No,0
Bronze,SOHO,6300,6,,,6,114.83,0.0,114.83,19.14,No,0
Silver,SOHO,4017,6,,,6,115.0,0.0,115.0,19.17,No,0
Bronze,SOHO,6000,8,,,8,115.0,0.0,115.0,14.38,No,0
Bronze,SOHO,6000,6,1.0,,7,115.0,0.0,115.0,19.17,Yes,1
Silver,SOHO,6300,9,7.0,,16,115.0,0.0,115.0,12.78,No,0
Bronze,SOHO,6000,6,,,6,115.17,0.0,115.17,19.2,No,0
Silver,SOHO,6200,8,,,8,115.17,0.0,115.17,14.4,No,0
Bronze,SOHO,4444,5,1.0,,6,115.33,0.0,115.33,23.07,No,0
Silver,SOHO,4000,7,,,7,115.33,0.0,115.33,16.48,No,0
Silver,SOHO,6199,9,1.0,,10,115.33,0.0,115.33,12.81,No,0
Bronze,SOHO,6275,10,,,10,115.33,0.0,115.33,11.53,No,0
Silver,SOHO,4400,4,4.0,,8,115.5,0.0,115.5,28.88,No,0
Silver,SOHO,6200,3,,,3,115.5,0.0,115.5,38.5,No,0
Bronze,SOHO,6600,5,,,5,115.5,0.0,115.5,23.1,No,0
Silver,SOHO,6300,5,,,5,115.5,0.0,115.5,23.1,No,0
Silver,SOHO,4003,6,1.0,1.0,8,115.67,0.0,115.67,19.28,No,0
Silver,SOHO,6300,9,,,9,115.67,0.0,115.67,12.85,No,0
Bronze,SOHO,4003,7,,,7,104.33,11.5,115.83,14.9,No,0
Bronze,SOHO,4002,9,,,9,115.83,0.0,115.83,12.87,No,0
Bronze,SOHO,4016,9,3.0,,12,115.83,0.0,115.83,12.87,No,0
Silver,SOHO,4000,16,,,16,115.83,0.0,115.83,7.24,No,0
Bronze,SOHO,4003,5,1.0,,6,115.83,0.0,115.83,23.17,No,0
Bronze,SOHO,6100,7,,,7,115.83,0.0,115.83,16.55,No,0
Silver,SOHO,6100,5,2.0,,7,115.83,0.0,115.83,23.17,No,0
Silver,SOHO,4000,9,,,9,115.83,0.0,115.83,12.87,No,0
Bronze,SOHO,6000,7,,,7,115.83,0.0,115.83,16.55,No,0
Silver,SOHO,6000,8,,,8,115.83,0.0,115.83,14.48,No,0
Bronze,SOHO,6100,8,2.0,,10,116.0,0.0,116.0,14.5,No,0
Silver,SOHO,6000,5,17.0,,22,116.0,0.0,116.0,23.2,No,0
Silver,SOHO,6260,10,,,10,116.0,0.0,116.0,11.6,No,0
Silver,SOHO,6400,4,4.0,,8,116.0,0.0,116.0,29.0,No,0
Silver,SOHO,4300,5,1.0,,6,116.17,0.0,116.17,23.23,No,0
Bronze,SOHO,6000,9,,,9,116.17,0.0,116.17,12.91,No,0
Silver,SOHO,6450,4,1.0,,5,116.17,0.0,116.17,29.04,No,0
Silver,SOHO,6300,8,1.0,,9,116.17,0.0,116.17,14.52,No,0
Silver,SOHO,4023,7,2.0,,9,116.33,0.0,116.33,16.62,No,0
Silver,SOHO,6000,8,1.0,,9,116.33,0.0,116.33,14.54,No,0
Silver,SOHO,6000,7,1.0,,8,116.33,0.0,116.33,16.62,No,0
Bronze,SOHO,6000,4,2.0,,6,116.33,0.0,116.33,29.08,No,0
Silver,SOHO,6300,4,,,4,116.33,0.0,116.33,29.08,No,0
Silver,SOHO,4580,8,2.0,,10,116.5,0.0,116.5,14.56,No,0
Bronze,SOHO,4600,5,1.0,,6,116.5,0.0,116.5,23.3,No,0
Silver,SOHO,6000,9,,,9,116.5,0.0,116.5,12.94,No,0
Silver,SOHO,6450,8,,,8,116.67,0.0,116.67,14.58,No,0
Bronze,SOHO,4230,6,3.0,,9,116.67,0.0,116.67,19.45,No,0
Bronze,SOHO,6300,10,1.0,,11,116.67,0.0,116.67,11.67,No,0
Bronze,SOHO,6000,5,4.0,,9,116.67,0.0,116.67,23.33,No,0
Bronze,SOHO,4218,4,,,4,116.83,0.0,116.83,29.21,No,0
Bronze,SOHO,6400,9,,,9,116.83,0.0,116.83,12.98,No,0
Silver,SOHO,6300,7,,,7,116.83,0.0,116.83,16.69,No,0
Bronze,SOHO,4004,9,,,9,117.0,0.0,117.0,13.0,No,0
Silver,SOHO,4001,4,4.0,1.0,9,117.0,0.0,117.0,29.25,No,0
Silver,SOHO,6152,4,1.0,,5,117.0,0.0,117.0,29.25,No,0
Silver,SOHO,4004,6,1.0,1.0,8,117.0,0.0,117.0,19.5,No,0
Bronze,SOHO,6100,7,,,7,117.0,0.0,117.0,16.71,No,0
Bronze,SOHO,4000,6,,,6,117.17,0.0,117.17,19.53,No,0
Silver,SOHO,4000,17,,,17,117.17,0.0,117.17,6.89,No,0
Silver,SOHO,4400,11,8.0,,19,117.17,0.0,117.17,10.65,No,0
Silver,SOHO,6000,7,2.0,,9,117.17,0.0,117.17,16.74,No,0
Silver,SOHO,4400,6,1.0,,7,117.33,0.0,117.33,19.56,No,0
Bronze,SOHO,4020,6,5.0,,11,117.33,0.0,117.33,19.56,No,0
Silver,SOHO,4400,9,,,9,117.33,0.0,117.33,13.04,No,0
Silver,SOHO,6000,6,,,6,117.33,0.0,117.33,19.56,No,0
Bronze,SOHO,6000,3,,,3,117.33,0.0,117.33,39.11,No,0
Bronze,SOHO,4600,7,,,7,117.33,0.0,117.33,16.76,Yes,1
Bronze,SOHO,6000,7,,,7,117.33,0.0,117.33,16.76,No,0
Silver,SOHO,4150,9,1.0,,10,117.5,0.0,117.5,13.06,No,0
Silver,SOHO,4640,7,,,7,117.5,0.0,117.5,16.79,No,0
Silver,SOHO,6300,9,1.0,,10,117.5,0.0,117.5,13.06,No,0
Silver,SOHO,4023,10,,,10,117.67,0.0,117.67,11.77,No,0
Bronze,SOHO,4000,5,1.0,,6,118.17,0.0,118.17,23.63,No,0
Silver,SOHO,4002,7,1.0,,8,118.17,0.0,118.17,16.88,No,0
Silver,SOHO,4000,6,,,6,118.17,0.0,118.17,19.7,Yes,1
Bronze,SOHO,4579,5,1.0,,6,118.17,0.0,118.17,23.63,No,0
Silver,SOHO,6000,5,2.0,,7,118.17,0.0,118.17,23.63,No,0
Silver,SOHO,6000,8,,,8,118.17,0.0,118.17,14.77,No,0
Bronze,SOHO,6000,6,,,6,118.17,0.0,118.17,19.7,No,0
Bronze,SOHO,4101,6,,,6,118.33,0.0,118.33,19.72,No,0
Silver,SOHO,6000,15,12.0,,27,118.33,0.0,118.33,7.89,No,0
Silver,SOHO,6100,8,1.0,,9,118.33,0.0,118.33,14.79,No,0
Silver,SOHO,6000,5,2.0,,7,118.33,0.0,118.33,23.67,No,0
Bronze,SOHO,6900,4,4.0,,8,118.33,0.0,118.33,29.58,No,0
Bronze,SOHO,6600,8,1.0,,9,118.33,0.0,118.33,14.79,Yes,1
Bronze,SOHO,6600,8,,,8,118.33,0.0,118.33,14.79,No,0
Bronze,SOHO,6300,1,1.0,,2,118.33,0.0,118.33,118.33,No,0
Bronze,SOHO,4230,6,,,6,118.5,0.0,118.5,19.75,No,0
Gold,SOHO,4400,4,1.0,,5,118.67,0.0,118.67,29.67,No,0
Silver,SOHO,4000,3,5.0,,8,118.67,0.0,118.67,39.56,No,0
Silver,SOHO,6300,3,1.0,,4,118.67,0.0,118.67,39.56,No,0
Bronze,SOHO,4000,9,,,9,118.83,0.0,118.83,13.2,No,0
Silver,SOHO,4500,2,2.0,,4,118.83,0.0,118.83,59.42,No,0
Bronze,SOHO,4500,4,,,4,118.83,0.0,118.83,29.71,No,0
Silver,SOHO,4002,13,2.0,,15,118.83,0.0,118.83,9.14,No,0
Silver,SOHO,4000,9,1.0,,10,118.83,0.0,118.83,13.2,No,0
Bronze,SOHO,1715,5,,,5,118.83,0.0,118.83,23.77,No,0
Bronze,SOHO,4400,5,,,5,119.0,0.0,119.0,23.8,No,0
Silver,SOHO,4210,10,,,10,119.0,0.0,119.0,11.9,No,0
Silver,SOHO,6260,4,4.0,,8,119.0,0.0,119.0,29.75,No,0
Bronze,SOHO,6000,6,2.0,,8,113.33,5.83,119.16,18.89,No,0
Bronze,SOHO,4000,8,,,8,119.17,0.0,119.17,14.9,No,0
Silver,SOHO,6100,8,,,8,119.17,0.0,119.17,14.9,No,0
Silver,SOHO,6160,9,3.0,1.0,13,119.33,0.0,119.33,13.26,No,0
Silver,SOHO,4023,5,1.0,,6,119.33,0.0,119.33,23.87,No,0
Bronze,SOHO,4300,5,,,5,119.5,0.0,119.5,23.9,No,0
Silver,SOHO,6000,7,,,7,119.5,0.0,119.5,17.07,No,0
Silver,SOHO,6050,8,,,8,119.5,0.0,119.5,14.94,No,0
Gold,SOHO,6000,5,2.0,,7,119.67,0.0,119.67,23.93,No,0
Silver,SOHO,4003,9,,,9,119.83,0.0,119.83,13.31,No,0
Silver,SOHO,4600,6,7.0,,13,119.83,0.0,119.83,19.97,No,0
Silver,SOHO,6550,2,,,2,119.83,0.0,119.83,59.92,No,0
Bronze,SOHO,6000,9,1.0,,10,119.83,0.0,119.83,13.31,No,0
Silver,SOHO,6180,7,2.0,,9,119.83,0.0,119.83,17.12,No,0
Silver,SOHO,4400,4,,,4,120.0,0.0,120.0,30.0,No,0
Bronze,SOHO,6400,7,,,7,120.0,0.0,120.0,17.14,No,0
Silver,SOHO,6489,10,,,10,120.0,0.0,120.0,12.0,No,0
Silver,SOHO,6100,3,,,3,120.0,0.0,120.0,40.0,No,0
Silver,SOHO,6800,3,5.0,,8,120.0,0.0,120.0,40.0,No,0
Bronze,SOHO,6300,9,,,9,120.17,0.0,120.17,13.35,No,0
Silver,SOHO,6300,5,7.0,,12,120.33,0.0,120.33,24.07,No,0
Bronze,SOHO,6300,4,1.0,,5,120.33,0.0,120.33,30.08,No,0
Bronze,SOHO,4150,19,,,19,120.5,0.0,120.5,6.34,No,0
Gold,SOHO,6000,6,,,6,120.5,0.0,120.5,20.08,No,0
Silver,SOHO,6300,3,2.0,,5,120.5,0.0,120.5,40.17,No,0
Bronze,SOHO,4002,14,3.0,,17,120.67,0.0,120.67,8.62,No,0
Silver,SOHO,6000,6,5.0,,11,120.67,0.0,120.67,20.11,No,0
Bronze,SOHO,4600,4,,,4,120.67,0.0,120.67,30.17,Yes,1
Gold,SOHO,6000,4,2.0,,6,120.67,0.0,120.67,30.17,No,0
Gold,SOHO,6649,6,4.0,,10,120.67,0.0,120.67,20.11,No,0
Silver,SOHO,6600,8,,,8,120.67,0.0,120.67,15.08,No,0
Bronze,SOHO,4000,5,9.0,,14,120.83,0.0,120.83,24.17,No,0
Silver,SOHO,6000,5,1.0,,6,120.83,0.0,120.83,24.17,No,0
Bronze,SOHO,6450,5,1.0,,6,120.83,0.0,120.83,24.17,No,0
Bronze,SOHO,6300,8,1.0,,9,120.83,0.0,120.83,15.1,No,0
Bronze,SOHO,4017,6,1.0,,7,121.0,0.0,121.0,20.17,No,0
Silver,SOHO,4400,7,,,7,121.0,0.0,121.0,17.29,No,0
Silver,SOHO,4400,5,,,5,121.0,0.0,121.0,24.2,No,0
Silver,SOHO,6000,9,2.0,,11,121.0,0.0,121.0,13.44,No,0
Silver,SOHO,6285,5,1.0,1.0,7,121.0,0.0,121.0,24.2,No,0
Silver,SOHO,6100,10,,,10,121.0,0.0,121.0,12.1,No,0
Bronze,SOHO,4000,9,2.0,,11,121.17,0.0,121.17,13.46,No,0
Bronze,SOHO,4400,6,,,6,121.17,0.0,121.17,20.2,No,0
Bronze,SOHO,4579,8,3.0,,11,121.17,0.0,121.17,15.15,No,0
Bronze,SOHO,4400,5,,,5,121.17,0.0,121.17,24.23,No,0
Bronze,SOHO,4000,10,,,10,121.17,0.0,121.17,12.12,No,0
Bronze,SOHO,6600,11,1.0,,12,121.17,0.0,121.17,11.02,No,0
Silver,SOHO,4000,9,,1.0,10,121.33,0.0,121.33,13.48,No,0
Bronze,SOHO,4580,6,1.0,,7,121.33,0.0,121.33,20.22,No,0
Silver,SOHO,6000,1,5.0,,6,121.33,0.0,121.33,121.33,No,0
Silver,SOHO,4180,6,,,6,121.5,0.0,121.5,20.25,No,0
Silver,SOHO,6000,7,,,7,121.5,0.0,121.5,17.36,Yes,1
Gold,SOHO,6304,7,,,7,121.5,0.0,121.5,17.36,No,0
Bronze,SOHO,6300,9,5.0,,14,121.5,0.0,121.5,13.5,No,0
Bronze,SOHO,4003,10,,,10,121.67,0.0,121.67,12.17,No,0
Silver,SOHO,4360,8,6.0,,14,121.83,0.0,121.83,15.23,No,0
Silver,SOHO,4003,5,3.0,,8,121.83,0.0,121.83,24.37,No,0
Bronze,SOHO,4173,8,2.0,,10,121.83,0.0,121.83,15.23,No,0
Bronze,SOHO,6450,5,1.0,,6,121.83,0.0,121.83,24.37,No,0
Bronze,SOHO,6000,5,,,5,121.83,0.0,121.83,24.37,No,0
Silver,SOHO,6000,6,,,6,121.83,0.0,121.83,20.31,No,0
Bronze,SOHO,6600,5,1.0,,6,122.0,0.0,122.0,24.4,No,0
Silver,SOHO,4004,5,,,5,122.33,0.0,122.33,24.47,No,0
Bronze,SOHO,6100,7,,,7,122.33,0.0,122.33,17.48,No,0
Silver,SOHO,6400,3,1.0,,4,122.33,0.0,122.33,40.78,No,0
Silver,SOHO,4230,8,2.0,,10,122.33,0.0,122.33,15.29,Yes,1
Bronze,SOHO,6600,11,,,11,122.33,0.0,122.33,11.12,Yes,1
Bronze,SOHO,6000,4,,1.0,5,122.4,0.0,122.4,30.6,No,0
Silver,SOHO,4500,8,,,8,122.5,0.0,122.5,15.31,No,0
Silver,SOHO,6600,5,4.0,,9,122.5,0.0,122.5,24.5,No,0
Silver,SOHO,6300,9,,,9,122.5,0.0,122.5,13.61,No,0
Silver,SOHO,4004,5,1.0,,6,122.67,0.0,122.67,24.53,Yes,1
Silver,SOHO,4400,8,4.0,,12,122.67,0.0,122.67,15.33,No,0
Bronze,SOHO,6000,6,,,6,122.67,0.0,122.67,20.45,No,0
Silver,SOHO,4400,12,,,12,122.83,0.0,122.83,10.24,No,0
Silver,SOHO,6000,3,3.0,,6,122.83,0.0,122.83,40.94,No,0
Silver,SOHO,6050,4,,,4,122.83,0.0,122.83,30.71,Yes,1
Silver,SOHO,4008,4,1.0,,5,122.83,0.0,122.83,30.71,No,0
Bronze,SOHO,6000,3,1.0,,4,122.83,0.0,122.83,40.94,No,0
Bronze,SOHO,6600,8,,,8,122.83,0.0,122.83,15.35,No,0
Silver,SOHO,4000,6,4.0,,10,123.0,0.0,123.0,20.5,No,0
Silver,SOHO,4004,4,2.0,,6,123.0,0.0,123.0,30.75,No,0
Bronze,SOHO,6550,10,,,10,123.0,0.0,123.0,12.3,No,0
Bronze,SOHO,6000,5,,,5,123.17,0.0,123.17,24.63,No,0
Bronze,SOHO,6000,5,,,5,123.17,0.0,123.17,24.63,No,0
Bronze,SOHO,6600,9,1.0,,10,123.17,0.0,123.17,13.69,No,0
Gold,SOHO,6000,9,,,9,123.33,0.0,123.33,13.7,No,0
Gold,SOHO,6000,9,1.0,,10,123.33,0.0,123.33,13.7,No,0
Silver,SOHO,6300,9,,,9,123.33,0.0,123.33,13.7,No,0
Bronze,SOHO,6000,6,2.0,,8,123.5,0.0,123.5,20.58,No,0
Bronze,SOHO,6100,4,1.0,,5,123.5,0.0,123.5,30.88,No,0
Bronze,SOHO,4001,5,1.0,,6,90.83,32.67,123.5,18.17,No,0
Bronze,SOHO,8000,7,3.0,,10,123.5,0.0,123.5,17.64,Yes,1
Silver,SOHO,6000,4,1.0,,5,123.67,0.0,123.67,30.92,No,0
Silver,SOHO,6003,5,2.0,,7,123.67,0.0,123.67,24.73,No,0
Bronze,SOHO,4300,6,,,6,123.83,0.0,123.83,20.64,No,0
Silver,SOHO,6000,7,,,7,123.83,0.0,123.83,17.69,No,0
Bronze,SOHO,6300,3,,,3,123.83,0.0,123.83,41.28,No,0
Silver,SOHO,4003,8,,,8,124.0,0.0,124.0,15.5,No,0
Silver,SOHO,4000,7,,,7,124.0,0.0,124.0,17.71,No,0
Silver,SOHO,6000,13,,,13,124.0,0.0,124.0,9.54,No,0
Gold,SOHO,4000,5,7.0,,12,124.0,0.0,124.0,24.8,No,0
Bronze,SOHO,6500,5,,,5,124.0,0.0,124.0,24.8,No,0
Bronze,SOHO,4600,6,,,6,124.17,0.0,124.17,20.7,No,0
Silver,SOHO,4000,3,,,3,124.17,0.0,124.17,41.39,No,0
Silver,SOHO,6000,5,,,5,124.17,0.0,124.17,24.83,No,0
Silver,SOHO,6000,3,3.0,,6,124.17,0.0,124.17,41.39,No,0
Silver,SOHO,6000,5,,,5,124.17,0.0,124.17,24.83,No,0
Gold,SOHO,6300,10,1.0,,11,124.17,0.0,124.17,12.42,No,0
Bronze,SOHO,4004,2,2.0,,4,124.33,0.0,124.33,62.17,No,0
Silver,SOHO,4230,12,,,12,124.33,0.0,124.33,10.36,No,0
Silver,SOHO,4218,13,4.0,,17,124.33,0.0,124.33,9.56,No,0
Silver,SOHO,6000,6,,,6,124.33,0.0,124.33,20.72,No,0
Silver,SOHO,6600,4,,,4,124.33,0.0,124.33,31.08,No,0
Silver,SOHO,4400,10,1.0,,11,124.5,0.0,124.5,12.45,No,0
Silver,SOHO,4364,6,1.0,,7,124.5,0.0,124.5,20.75,No,0
Bronze,SOHO,4300,3,,,3,124.5,0.0,124.5,41.5,No,0
Silver,SOHO,4470,6,,,6,124.5,0.0,124.5,20.75,No,0
Silver,SOHO,6000,8,1.0,,9,124.5,0.0,124.5,15.56,Yes,1
Silver,SOHO,6800,5,,2.0,7,124.5,0.0,124.5,24.9,No,0
Bronze,SOHO,6600,11,,,11,124.5,0.0,124.5,11.32,No,0
Silver,SOHO,6300,7,4.0,,11,124.5,0.0,124.5,17.79,No,0
Bronze,SOHO,6000,4,,,4,124.67,0.0,124.67,31.17,No,0
Bronze,SOHO,6000,15,14.0,,29,124.83,0.0,124.83,8.32,No,0
Silver,SOHO,4230,3,1.0,,4,124.83,0.0,124.83,41.61,No,0
Silver,SOHO,6300,5,1.0,,6,124.83,0.0,124.83,24.97,No,0
Silver,SOHO,4349,5,,,5,125.0,0.0,125.0,25.0,No,0
Silver,SOHO,4000,9,3.0,,12,125.0,0.0,125.0,13.89,No,0
Silver,SOHO,4023,1,1.0,,2,125.0,0.0,125.0,125.0,No,0
Silver,SOHO,6000,8,,,8,125.0,0.0,125.0,15.63,No,0
Silver,SOHO,6000,4,,,4,125.0,0.0,125.0,31.25,No,0
Silver,SOHO,6200,11,,,11,125.17,0.0,125.17,11.38,No,0
Bronze,SOHO,6000,6,,,6,125.17,0.0,125.17,20.86,No,0
Bronze,SOHO,6690,3,,,3,125.17,0.0,125.17,41.72,No,0
Silver,SOHO,6300,3,,,3,125.17,0.0,125.17,41.72,No,0
Gold,SOHO,6300,11,,,11,125.17,0.0,125.17,11.38,No,0
Silver,SOHO,4230,6,2.0,,8,125.33,0.0,125.33,20.89,No,0
Bronze,SOHO,6200,11,,,11,125.33,0.0,125.33,11.39,No,0
Bronze,SOHO,6450,5,1.0,,6,125.33,0.0,125.33,25.07,No,0
Silver,SOHO,4000,3,,,3,125.67,0.0,125.67,41.89,Yes,1
Silver,SOHO,6001,5,,,5,125.67,0.0,125.67,25.13,No,0
Bronze,SOHO,6100,4,1.0,,5,125.67,0.0,125.67,31.42,No,0
Bronze,SOHO,6400,9,3.0,,12,125.67,0.0,125.67,13.96,No,0
Silver,SOHO,4000,7,,,7,125.83,0.0,125.83,17.98,No,0
Gold,SOHO,4400,5,7.0,,12,125.83,0.0,125.83,25.17,No,0
Silver,SOHO,6450,6,2.0,2.0,10,125.83,0.0,125.83,20.97,No,0
Silver,SOHO,4400,7,1.0,,8,126.0,0.0,126.0,18.0,No,0
Bronze,SOHO,4400,7,,,7,126.0,0.0,126.0,18.0,No,0
Bronze,SOHO,4150,5,1.0,,6,126.17,0.0,126.17,25.23,No,0
Bronze,SOHO,4000,9,3.0,,12,126.17,0.0,126.17,14.02,No,0
Bronze,SOHO,6163,5,1.0,,6,126.17,0.0,126.17,25.23,No,0
Bronze,SOHO,6670,13,,,13,126.17,0.0,126.17,9.71,Yes,1
Silver,SOHO,6000,3,2.0,,5,126.33,0.0,126.33,42.11,No,0
Silver,SOHO,4210,9,3.0,,12,126.5,0.0,126.5,14.06,No,0
Silver,SOHO,4000,5,,,5,126.5,0.0,126.5,25.3,No,0
Bronze,SOHO,4197,8,3.0,,11,126.67,0.0,126.67,15.83,No,0
Silver,SOHO,6165,11,1.0,,12,126.67,0.0,126.67,11.52,No,0
Silver,SOHO,6400,10,4.0,,14,126.67,0.0,126.67,12.67,No,0
Bronze,SOHO,4003,2,2.0,,4,126.67,0.0,126.67,63.34,No,0
Silver,SOHO,6000,9,,,9,126.67,0.0,126.67,14.07,No,0
Silver,SOHO,4013,3,3.0,,6,126.83,0.0,126.83,42.28,Yes,1
Gold,SOHO,4400,6,1.0,,7,127.0,0.0,127.0,21.17,No,0
Bronze,SOHO,6000,8,,,8,127.0,0.0,127.0,15.88,No,0
Silver,SOHO,6000,3,5.0,1.0,9,127.0,0.0,127.0,42.33,No,0
Silver,SOHO,6158,6,,,6,127.17,0.0,127.17,21.2,No,0
Silver,SOHO,6000,5,,,5,127.17,0.0,127.17,25.43,No,0
Silver,SOHO,4000,7,,,7,127.5,0.0,127.5,18.21,Yes,1
Silver,SOHO,6450,9,,,9,127.5,0.0,127.5,14.17,No,0
Silver,SOHO,6000,6,1.0,,7,127.67,0.0,127.67,21.28,No,0
Bronze,SOHO,6280,3,1.0,,4,127.67,0.0,127.67,42.56,No,0
Silver,SOHO,6000,6,3.0,,9,127.67,0.0,127.67,21.28,No,0
Bronze,SOHO,4004,11,,,11,127.83,0.0,127.83,11.62,No,0
Silver,SOHO,4000,9,3.0,,12,127.83,0.0,127.83,14.2,Yes,1
Silver,SOHO,4000,8,15.0,,23,127.83,0.0,127.83,15.98,No,0
Bronze,SOHO,6000,4,,,4,127.83,0.0,127.83,31.96,No,0
Bronze,SOHO,6300,3,1.0,,4,127.83,0.0,127.83,42.61,No,0
Silver,SOHO,4000,10,,,10,127.83,0.17,128.0,12.78,No,0
Gold,SOHO,6000,7,,,7,128.0,0.0,128.0,18.29,No,0
Silver,SOHO,6600,8,1.0,,9,128.0,0.0,128.0,16.0,No,0
Silver,SOHO,6500,5,1.0,,6,128.0,0.0,128.0,25.6,No,0
Bronze,SOHO,4550,8,1.0,,9,128.17,0.0,128.17,16.02,No,0
Silver,SOHO,6100,13,3.0,2.0,18,128.17,0.0,128.17,9.86,No,0
Silver,SOHO,6400,5,2.0,,7,128.17,0.0,128.17,25.63,No,0
Gold,SOHO,4003,13,2.0,,15,128.33,0.0,128.33,9.87,No,0
Silver,SOHO,4000,7,3.0,,10,128.33,0.0,128.33,18.33,No,0
Silver,SOHO,6300,6,1.0,,7,128.33,0.0,128.33,21.39,No,0
Silver,SOHO,6300,11,,,11,128.33,0.0,128.33,11.67,No,0
Bronze,SOHO,4000,6,,,6,128.5,0.0,128.5,21.42,No,0
Silver,SOHO,4000,5,,,5,128.5,0.0,128.5,25.7,No,0
Silver,SOHO,4002,4,,,4,128.5,0.0,128.5,32.13,No,0
Silver,SOHO,6000,13,,,13,128.5,0.0,128.5,9.88,No,0
Gold,SOHO,6000,8,,,8,128.5,0.0,128.5,16.06,No,0
Silver,SOHO,6000,7,,,7,128.5,0.0,128.5,18.36,No,0
Bronze,SOHO,4000,7,2.0,,9,128.5,0.0,128.5,18.36,No,0
Silver,SOHO,6400,6,2.0,,8,128.5,0.0,128.5,21.42,No,0
Silver,SOHO,4180,13,,,13,128.67,0.0,128.67,9.9,No,0
Silver,SOHO,6600,4,,,4,128.83,0.0,128.83,32.21,No,0
Bronze,SOHO,6100,7,1.0,,8,129.0,0.0,129.0,18.43,No,0
Silver,SOHO,6400,7,3.0,,10,129.0,0.0,129.0,18.43,Yes,1
Bronze,SOHO,6673,6,1.0,,7,129.0,0.0,129.0,21.5,Yes,1
Silver,SOHO,4000,8,5.0,,13,129.17,0.0,129.17,16.15,No,0
Silver,SOHO,4004,4,2.0,,6,129.17,0.0,129.17,32.29,Yes,1
Silver,SOHO,6100,6,2.0,,8,129.17,0.0,129.17,21.53,No,0
Silver,SOHO,6000,5,1.0,,6,129.17,0.0,129.17,25.83,No,0
Silver,SOHO,4003,8,2.0,,10,129.33,0.0,129.33,16.17,No,0
Bronze,SOHO,4500,6,1.0,,7,129.33,0.0,129.33,21.56,No,0
Silver,SOHO,4003,8,,,8,129.5,0.0,129.5,16.19,No,0
Bronze,SOHO,6000,3,1.0,,4,129.5,0.0,129.5,43.17,No,0
Silver,SOHO,6000,8,,,8,129.67,0.0,129.67,16.21,No,0
Bronze,SOHO,6500,4,6.0,,10,129.67,0.0,129.67,32.42,No,0
Silver,SOHO,4442,17,,,17,129.83,0.0,129.83,7.64,No,0
Bronze,SOHO,6160,2,2.0,,4,129.83,0.0,129.83,64.92,Yes,1
Bronze,SOHO,6000,8,1.0,,9,129.83,0.0,129.83,16.23,No,0
Silver,SOHO,6000,7,15.0,,22,129.83,0.0,129.83,18.55,No,0
Silver,SOHO,6000,4,1.0,,5,129.83,0.0,129.83,32.46,No,0
Silver,SOHO,6000,9,,,9,130.0,0.0,130.0,14.44,No,0
Bronze,SOHO,6550,1,5.0,,6,130.0,0.0,130.0,130.0,No,0
Silver,SOHO,4400,3,,,3,130.17,0.0,130.17,43.39,Yes,1
Silver,SOHO,6000,5,,,5,130.17,0.0,130.17,26.03,No,0
Silver,SOHO,6400,9,2.0,,11,130.17,0.0,130.17,14.46,No,0
Silver,SOHO,6500,5,,,5,130.17,0.0,130.17,26.03,No,0
Silver,SOHO,6097,6,5.0,,11,130.33,0.0,130.33,21.72,No,0
Bronze,SOHO,6000,9,,,9,130.33,0.0,130.33,14.48,No,0
Silver,SOHO,4180,10,3.0,1.0,14,130.5,0.0,130.5,13.05,Yes,1
Silver,SOHO,6400,6,,,6,130.5,0.0,130.5,21.75,No,0
Silver,SOHO,6300,6,1.0,,7,130.5,0.0,130.5,21.75,No,0
Bronze,SOHO,6900,3,1.0,,4,130.67,0.0,130.67,43.56,No,0
Silver,SOHO,4001,7,4.0,,11,130.83,0.0,130.83,18.69,No,0
Silver,SOHO,4400,9,,,9,130.83,0.0,130.83,14.54,No,0
Silver,SOHO,4023,10,,,10,130.83,0.0,130.83,13.08,No,0
Bronze,SOHO,6100,11,,,11,131.0,0.0,131.0,11.91,No,0
Silver,SOHO,6300,9,1.0,,10,131.17,0.0,131.17,14.57,No,0
Silver,SOHO,6200,3,,,3,131.17,0.0,131.17,43.72,No,0
Silver,SOHO,6000,5,,,5,131.17,0.0,131.17,26.23,No,0
Bronze,SOHO,6000,2,1.0,,3,131.33,0.0,131.33,65.67,No,0
Bronze,SOHO,4400,10,1.0,,11,131.5,0.0,131.5,13.15,No,0
Silver,SOHO,4003,9,2.0,,11,131.5,0.0,131.5,14.61,No,0
Gold,SOHO,6000,6,2.0,,8,131.5,0.0,131.5,21.92,No,0
Silver,SOHO,4002,5,,,5,131.67,0.0,131.67,26.33,No,0
Silver,SOHO,6450,8,,,8,131.67,0.0,131.67,16.46,No,0
Bronze,SOHO,6600,5,3.0,,8,131.67,0.0,131.67,26.33,No,0
Silver,SOHO,6570,8,,,8,131.67,0.0,131.67,16.46,No,0
Silver,SOHO,6000,6,,,6,131.83,0.0,131.83,21.97,No,0
Silver,SOHO,6137,9,,,9,131.83,0.0,131.83,14.65,No,0
Silver,SOHO,4000,7,1.0,,8,132.0,0.0,132.0,18.86,No,0
Silver,SOHO,4003,10,,,10,132.0,0.0,132.0,13.2,No,0
Gold,SOHO,4002,6,1.0,,7,132.0,0.0,132.0,22.0,No,0
Silver,SOHO,4000,6,,,6,132.17,0.0,132.17,22.03,No,0
Silver,SOHO,6062,8,,,8,132.17,0.0,132.17,16.52,No,0
Bronze,SOHO,6000,8,1.0,,9,132.17,0.0,132.17,16.52,No,0
Silver,SOHO,6000,16,,,16,132.17,0.0,132.17,8.26,No,0
Silver,SOHO,6400,10,3.0,,13,132.17,0.0,132.17,13.22,No,0
Silver,SOHO,6300,10,,,10,132.17,0.0,132.17,13.22,No,0
Silver,SOHO,4150,10,4.0,,14,132.33,0.0,132.33,13.23,No,0
Bronze,SOHO,6550,10,1.0,,11,132.33,0.0,132.33,13.23,No,0
Silver,SOHO,6000,10,3.0,,13,132.33,0.0,132.33,13.23,No,0
Silver,SOHO,6000,4,2.0,,6,132.33,0.0,132.33,33.08,No,0
Bronze,SOHO,4002,6,,,6,132.5,0.0,132.5,22.08,No,0
Bronze,SOHO,4000,4,1.0,,5,132.5,0.0,132.5,33.13,No,0
Silver,SOHO,4000,7,1.0,,8,132.5,0.0,132.5,18.93,No,0
Silver,SOHO,6898,8,2.0,,10,132.5,0.0,132.5,16.56,No,0
Bronze,SOHO,4004,6,,,6,132.67,0.0,132.67,22.11,No,0
Silver,SOHO,4000,6,,1.0,7,132.67,0.0,132.67,22.11,No,0
Silver,SOHO,6362,11,2.0,,13,132.67,0.0,132.67,12.06,No,0
Gold,SOHO,4400,2,1.0,,3,119.67,13.0,132.67,59.84,No,0
Bronze,SOHO,4581,9,1.0,,10,132.83,0.0,132.83,14.76,Yes,1
Silver,SOHO,4580,11,,,11,132.83,0.0,132.83,12.08,Yes,1
Silver,SOHO,4004,2,2.0,,4,132.83,0.0,132.83,66.42,No,0
Silver,SOHO,6000,9,,,9,132.83,0.0,132.83,14.76,No,0
Silver,SOHO,4500,3,1.0,,4,133.0,0.0,133.0,44.33,No,0
Silver,SOHO,4000,11,,,11,133.0,0.0,133.0,12.09,No,0
Bronze,SOHO,6000,8,,,8,133.0,0.0,133.0,16.63,Yes,1
Silver,SOHO,6000,6,,,6,133.0,0.0,133.0,22.17,Yes,1
Silver,SOHO,4855,18,2.0,,20,133.17,0.0,133.17,7.4,No,0
Silver,SOHO,4002,5,,,5,133.17,0.0,133.17,26.63,No,0
Silver,SOHO,6000,2,,,2,133.17,0.0,133.17,66.59,Yes,1
Silver,SOHO,4300,8,1.0,,9,133.2,0.0,133.2,16.65,No,0
Gold,SOHO,4101,11,,,11,133.33,0.0,133.33,12.12,No,0
Bronze,SOHO,1330,7,,,7,133.33,0.0,133.33,19.05,No,0
Silver,SOHO,6000,4,,,4,133.33,0.0,133.33,33.33,No,0
Bronze,SOHO,6100,10,,,10,133.33,0.0,133.33,13.33,No,0
Silver,SOHO,4000,4,,,4,133.5,0.0,133.5,33.38,No,0
Silver,SOHO,4003,13,1.0,,14,133.5,0.0,133.5,10.27,No,0
Silver,SOHO,4127,9,,,9,133.5,0.0,133.5,14.83,No,0
Bronze,SOHO,6000,4,,,4,133.5,0.0,133.5,33.38,No,0
Silver,SOHO,6100,6,1.0,,7,133.5,0.0,133.5,22.25,No,0
Gold,SOHO,6500,6,1.0,,7,133.5,0.0,133.5,22.25,No,0
Bronze,SOHO,6300,5,,,5,133.5,0.0,133.5,26.7,Yes,1
Silver,SOHO,6000,5,10.0,1.0,16,133.67,0.0,133.67,26.73,No,0
Silver,SOHO,6850,6,,,6,133.67,0.0,133.67,22.28,No,0
Silver,SOHO,4003,7,5.0,,12,133.83,0.0,133.83,19.12,No,0
Silver,SOHO,4023,4,,,4,133.83,0.0,133.83,33.46,No,0
Silver,SOHO,6304,7,2.0,,9,133.83,0.0,133.83,19.12,No,0
Gold,SOHO,4003,7,4.0,,11,134.0,0.0,134.0,19.14,No,0
Bronze,SOHO,4400,7,,,7,134.0,0.0,134.0,19.14,No,0
Silver,SOHO,4016,11,1.0,,12,134.0,0.0,134.0,12.18,No,0
Silver,SOHO,6100,12,2.0,,14,134.0,0.0,134.0,11.17,No,0
Silver,SOHO,4109,7,3.0,,10,134.0,0.0,134.0,19.14,No,0
Silver,SOHO,6600,6,4.0,,10,134.0,0.0,134.0,22.33,No,0
Silver,SOHO,4000,6,,,6,134.17,0.0,134.17,22.36,No,0
Bronze,SOHO,6400,10,,,10,134.17,0.0,134.17,13.42,No,0
Silver,SOHO,6000,7,4.0,,11,134.17,0.0,134.17,19.17,No,0
Silver,SOHO,6000,9,1.0,,10,134.33,0.0,134.33,14.93,No,0
Silver,SOHO,4000,6,,,6,134.5,0.0,134.5,22.42,No,0
Silver,SOHO,4000,4,4.0,,8,133.0,1.5,134.5,33.25,No,0
Bronze,SOHO,6600,12,,,12,134.5,0.0,134.5,11.21,No,0
Silver,SOHO,6300,12,,,12,134.5,0.0,134.5,11.21,No,0
Gold,SOHO,6300,4,,,4,134.5,0.0,134.5,33.63,No,0
Silver,SOHO,6500,5,,1.0,6,134.5,0.0,134.5,26.9,No,0
Silver,SOHO,6300,4,,,4,134.5,0.0,134.5,33.63,No,0
Silver,SOHO,4400,12,1.0,,13,134.67,0.0,134.67,11.22,No,0
Silver,SOHO,6300,11,8.0,,19,134.67,0.0,134.67,12.24,No,0
Silver,SOHO,6000,6,,,6,134.67,0.0,134.67,22.45,No,0
Silver,SOHO,4300,8,2.0,,10,134.83,0.0,134.83,16.85,No,0
Silver,SOHO,6000,3,,,3,134.83,0.0,134.83,44.94,No,0
Silver,SOHO,6260,10,1.0,,11,134.83,0.0,134.83,13.48,No,0
Silver,SOHO,8200,6,2.0,1.0,9,135.0,0.0,135.0,22.5,Yes,1
Silver,SOHO,6000,5,3.0,,8,135.0,0.0,135.0,27.0,No,0
Silver,SOHO,4000,14,1.0,,15,135.0,0.0,135.0,9.64,No,0
Gold,SOHO,6400,9,1.0,,10,135.17,0.0,135.17,15.02,No,0
Silver,SOHO,4000,6,3.0,,9,135.33,0.0,135.33,22.56,No,0
Silver,SOHO,4002,6,1.0,,7,135.33,0.0,135.33,22.56,No,0
Silver,SOHO,6000,7,,,7,135.5,0.0,135.5,19.36,No,0
Bronze,SOHO,6450,5,1.0,,6,135.5,0.0,135.5,27.1,No,0
Silver,SOHO,6000,9,3.0,,12,135.5,0.0,135.5,15.06,No,0
Silver,SOHO,6450,6,,,6,135.67,0.0,135.67,22.61,No,0
Silver,SOHO,6300,6,,,6,135.83,0.0,135.83,22.64,No,0
Silver,SOHO,4400,7,,,7,136.0,0.0,136.0,19.43,No,0
Silver,SOHO,4550,3,2.0,,5,136.0,0.0,136.0,45.33,No,0
Silver,SOHO,6000,3,,,3,136.0,0.0,136.0,45.33,No,0
Silver,SOHO,6600,2,5.0,,7,136.0,0.0,136.0,68.0,No,0
Silver,SOHO,6300,8,,,8,136.0,0.0,136.0,17.0,No,0
Silver,SOHO,6000,6,,1.0,7,136.17,0.0,136.17,22.7,No,0
Silver,SOHO,6500,9,,,9,136.17,0.0,136.17,15.13,No,0
Silver,SOHO,6000,7,,,7,136.25,0.0,136.25,19.46,No,0
Silver,SOHO,6000,5,1.0,,6,136.33,0.0,136.33,27.27,No,0
Bronze,SOHO,4500,4,,,4,136.5,0.0,136.5,34.13,No,0
Bronze,SOHO,4003,6,2.0,,8,136.5,0.0,136.5,22.75,No,0
Bronze,SOHO,4400,6,3.0,,9,136.67,0.0,136.67,22.78,No,0
Silver,SOHO,4550,6,6.0,,12,136.67,0.0,136.67,22.78,No,0
Silver,SOHO,4000,8,,,8,136.67,0.0,136.67,17.08,No,0
Silver,SOHO,6162,3,,,3,136.67,0.0,136.67,45.56,No,0
Silver,SOHO,6000,7,,,7,136.67,0.0,136.67,19.52,No,0
Bronze,SOHO,4270,3,1.0,,4,136.83,0.0,136.83,45.61,No,0
Bronze,SOHO,6000,10,5.0,,15,136.83,0.0,136.83,13.68,No,0
Silver,SOHO,4000,7,,,7,136.83,0.0,136.83,19.55,No,0
Bronze,SOHO,6600,3,4.0,,7,136.83,0.0,136.83,45.61,No,0
Silver,SOHO,6000,9,,,9,137.0,0.0,137.0,15.22,No,0
Silver,SOHO,6450,6,1.0,,7,137.0,0.0,137.0,22.83,Yes,1
Silver,SOHO,6300,10,,,10,137.0,0.0,137.0,13.7,No,0
Bronze,SOHO,6000,7,1.0,,8,137.17,0.0,137.17,19.6,No,0
Silver,SOHO,6800,22,,,22,137.33,0.0,137.33,6.24,No,0
Bronze,SOHO,4500,5,1.0,,6,137.33,0.0,137.33,27.47,No,0
Silver,SOHO,4000,20,,,20,137.5,0.0,137.5,6.88,Yes,1
Bronze,SOHO,4000,11,2.0,,13,137.5,0.0,137.5,12.5,No,0
Bronze,SOHO,4000,2,1.0,,3,137.67,0.0,137.67,68.84,No,0
Silver,SOHO,4001,9,,,9,137.83,0.0,137.83,15.31,Yes,1
Silver,SOHO,6400,5,,,5,138.0,0.0,138.0,27.6,No,0
Silver,SOHO,6550,5,,,5,138.0,0.0,138.0,27.6,No,0
Bronze,SOHO,4400,9,,,9,138.17,0.0,138.17,15.35,No,0
Silver,SOHO,6000,7,,1.0,8,138.17,0.0,138.17,19.74,No,0
Silver,SOHO,4000,9,3.0,,12,138.17,0.0,138.17,15.35,No,0
Silver,SOHO,4110,7,3.0,,10,138.33,0.0,138.33,19.76,No,0
Silver,SOHO,4004,7,4.0,,11,138.33,0.0,138.33,19.76,No,0
Gold,SOHO,4000,10,1.0,,11,138.33,0.0,138.33,13.83,No,0
Silver,SOHO,6100,9,2.0,,11,138.33,0.0,138.33,15.37,No,0
Silver,SOHO,6450,7,,,7,138.5,0.0,138.5,19.79,No,0
Silver,SOHO,6400,4,9.0,,13,138.5,0.0,138.5,34.63,No,0
Bronze,SOHO,6260,6,,,6,138.67,0.0,138.67,23.11,No,0
Silver,SOHO,6300,6,1.0,,7,138.67,0.0,138.67,23.11,No,0
Silver,SOHO,4023,3,,,3,139.0,0.0,139.0,46.33,No,0
Silver,SOHO,6000,9,4.0,,13,139.0,0.0,139.0,15.44,No,0
Gold,SOHO,6500,3,4.0,,7,139.0,0.0,139.0,46.33,No,0
Silver,SOHO,6500,7,,,7,139.0,0.0,139.0,19.86,No,0
Silver,SOHO,4000,5,,,5,139.17,0.0,139.17,27.83,Yes,1
Silver,SOHO,4550,2,3.0,,5,139.17,0.0,139.17,69.59,No,0
Silver,SOHO,6000,11,,,11,139.17,0.0,139.17,12.65,No,0
Silver,SOHO,4400,14,,,14,139.25,0.0,139.25,9.95,No,0
Bronze,SOHO,4000,4,2.0,,6,139.33,0.0,139.33,34.83,No,0
Silver,SOHO,6180,12,3.0,,15,139.33,0.0,139.33,11.61,No,0
Silver,SOHO,4221,5,,,5,139.5,0.0,139.5,27.9,No,0
Gold,SOHO,4002,4,7.0,,11,139.5,0.0,139.5,34.88,No,0
Silver,SOHO,6100,5,1.0,,6,139.5,0.0,139.5,27.9,No,0
Gold,SOHO,6100,16,3.0,,19,139.5,0.0,139.5,8.72,No,0
Silver,SOHO,4400,9,,,9,139.5,0.0,139.5,15.5,No,0
Silver,SOHO,6000,7,,,7,139.5,0.0,139.5,19.93,No,0
Bronze,SOHO,4003,8,2.0,,10,139.67,0.0,139.67,17.46,No,0
Bronze,SOHO,4000,12,3.0,,15,139.67,0.0,139.67,11.64,No,0
Silver,SOHO,6000,6,,,6,139.67,0.0,139.67,23.28,No,0
Silver,SOHO,6300,7,1.0,,8,139.67,0.0,139.67,19.95,No,0
Bronze,SOHO,6300,5,2.0,,7,139.83,0.0,139.83,27.97,No,0
Gold,SOHO,6000,8,6.0,,14,140.0,0.0,140.0,17.5,No,0
Silver,SOHO,6003,7,2.0,,9,140.0,0.0,140.0,20.0,No,0
Silver,SOHO,4400,8,1.0,,9,140.17,0.0,140.17,17.52,Yes,1
Silver,SOHO,6000,4,3.0,,7,140.17,0.0,140.17,35.04,No,0
Gold,SOHO,6000,10,1.0,,11,140.17,0.0,140.17,14.02,No,0
Silver,SOHO,4000,9,,,9,140.33,0.0,140.33,15.59,No,0
Silver,SOHO,6000,11,1.0,,12,140.33,0.0,140.33,12.76,No,0
Silver,SOHO,6500,5,,,5,140.33,0.0,140.33,28.07,No,0
Bronze,SOHO,4000,3,,,3,140.5,0.0,140.5,46.83,No,0
Silver,SOHO,6400,7,,,7,140.5,0.0,140.5,20.07,No,0
Silver,SOHO,4003,10,2.0,,12,140.83,0.0,140.83,14.08,No,0
Silver,SOHO,6300,8,,,8,140.83,0.0,140.83,17.6,No,0
Silver,SOHO,4002,6,,,6,141.0,0.0,141.0,23.5,No,0
Bronze,SOHO,6000,8,,,8,141.0,0.0,141.0,17.63,No,0
Silver,SOHO,4210,4,,,4,141.17,0.0,141.17,35.29,No,0
Silver,SOHO,4230,7,,,7,141.17,0.0,141.17,20.17,No,0
Silver,SOHO,6400,7,,,7,141.17,0.0,141.17,20.17,No,0
Silver,SOHO,4701,2,3.0,3.0,8,141.33,0.0,141.33,70.67,Yes,1
Silver,SOHO,6000,8,1.0,,9,141.33,0.0,141.33,17.67,No,0
Silver,SOHO,6000,6,,,6,141.33,0.0,141.33,23.56,No,0
Silver,SOHO,4003,3,2.0,,5,141.5,0.0,141.5,47.17,No,0
Silver,SOHO,6000,3,,,3,141.5,0.0,141.5,47.17,No,0
Bronze,SOHO,6432,6,1.0,,7,141.5,0.0,141.5,23.58,No,0
Silver,SOHO,6400,8,,,8,141.5,0.0,141.5,17.69,No,0
Silver,SOHO,4230,11,,,11,141.67,0.0,141.67,12.88,No,0
Silver,SOHO,4002,7,1.0,,8,141.83,0.0,141.83,20.26,No,0
Silver,SOHO,4644,7,,,7,141.83,0.0,141.83,20.26,No,0
Silver,SOHO,4452,8,,,8,142.0,0.0,142.0,17.75,No,0
Silver,SOHO,6400,9,9.0,,18,142.0,0.0,142.0,15.78,No,0
Silver,SOHO,6600,9,,,9,142.0,0.0,142.0,15.78,Yes,1
Bronze,SOHO,6000,5,,,5,142.17,0.0,142.17,28.43,No,0
Silver,SOHO,6000,7,,,7,142.33,0.0,142.33,20.33,No,0
Silver,SOHO,4400,4,,1.0,5,142.33,0.0,142.33,35.58,No,0
Silver,SOHO,4002,14,1.0,,15,142.33,0.0,142.33,10.17,No,0
Silver,SOHO,6600,10,,,10,142.33,0.0,142.33,14.23,No,0
Bronze,SOHO,6490,9,2.0,,11,142.33,0.0,142.33,15.81,No,0
Silver,SOHO,6158,7,,,7,142.5,0.0,142.5,20.36,No,0
Silver,SOHO,4000,7,1.0,,8,142.83,0.0,142.83,20.4,No,0
Silver,SOHO,4224,1,,,1,143.0,0.0,143.0,143.0,No,0
Silver,SOHO,6000,10,1.0,,11,143.0,0.0,143.0,14.3,No,0
Silver,SOHO,6500,6,,,6,143.0,0.0,143.0,23.83,No,0
Silver,SOHO,6000,7,,,7,143.17,0.0,143.17,20.45,No,0
Gold,SOHO,4150,6,,,6,143.5,0.0,143.5,23.92,No,0
Silver,SOHO,4400,5,,,5,143.5,0.0,143.5,28.7,No,0
Silver,SOHO,4016,14,2.0,,16,143.5,0.0,143.5,10.25,No,0
Gold,SOHO,4000,12,,,12,143.67,0.0,143.67,11.97,No,0
Silver,SOHO,4000,11,1.0,,12,143.67,0.0,143.67,13.06,Yes,1
Bronze,SOHO,4000,11,1.0,,12,143.83,0.0,143.83,13.08,No,0
Silver,SOHO,6155,5,1.0,,6,143.83,0.0,143.83,28.77,No,0
Silver,SOHO,6000,14,,,14,143.83,0.0,143.83,10.27,No,0
Silver,SOHO,6400,7,1.0,,8,143.83,0.0,143.83,20.55,Yes,1
Gold,SOHO,4000,7,10.0,,17,144.0,0.0,144.0,20.57,No,0
Gold,SOHO,4180,6,7.0,,13,144.0,0.0,144.0,24.0,No,0
Gold,SOHO,4000,10,13.0,,23,144.0,0.0,144.0,14.4,No,0
Silver,SOHO,6300,7,,,7,144.0,0.0,144.0,20.57,No,0
Silver,SOHO,4000,13,4.0,,17,144.17,0.0,144.17,11.09,No,0
Bronze,SOHO,6000,5,,,5,144.17,0.0,144.17,28.83,No,0
Silver,SOHO,6000,5,9.0,,14,144.5,0.0,144.5,28.9,No,0
Silver,SOHO,6400,7,2.0,,9,144.5,0.0,144.5,20.64,No,0
Silver,SOHO,6400,9,,,9,144.5,0.0,144.5,16.06,No,0
Silver,SOHO,4004,15,1.0,,16,144.67,0.0,144.67,9.64,No,0
Silver,SOHO,4003,9,4.0,,13,144.67,0.0,144.67,16.07,No,0
Silver,SOHO,6100,10,,,10,141.17,3.5,144.67,14.12,No,0
Silver,SOHO,6300,10,,,10,144.67,0.0,144.67,14.47,No,0
Silver,SOHO,6300,5,2.0,1.0,8,144.67,0.0,144.67,28.93,No,0
Silver,SOHO,4360,6,,,6,144.83,0.0,144.83,24.14,No,0
Silver,SOHO,4000,8,2.0,,10,144.83,0.0,144.83,18.1,No,0
Silver,SOHO,4003,19,1.0,,20,144.83,0.0,144.83,7.62,No,0
Silver,SOHO,6600,6,,,6,144.83,0.0,144.83,24.14,Yes,1
Silver,SOHO,4000,14,,,14,144.83,0.0,144.83,10.35,No,0
Silver,SOHO,6290,10,1.0,2.0,13,145.0,0.0,145.0,14.5,No,0
Silver,SOHO,4004,8,,,8,145.17,0.0,145.17,18.15,No,0
Silver,SOHO,6000,8,1.0,,9,145.17,0.0,145.17,18.15,No,0
Gold,SOHO,6900,10,,1.0,11,145.17,0.0,145.17,14.52,No,0
Silver,SOHO,4400,4,4.0,,8,145.33,0.0,145.33,36.33,No,0
Silver,SOHO,4136,7,,,7,145.5,0.0,145.5,20.79,No,0
Silver,SOHO,4400,10,2.0,,12,145.5,0.0,145.5,14.55,No,0
Silver,SOHO,6000,10,,,10,145.5,0.0,145.5,14.55,No,0
Silver,SOHO,6100,5,,,5,145.5,0.0,145.5,29.1,No,0
Silver,SOHO,6000,6,,,6,145.5,0.0,145.5,24.25,No,0
Silver,SOHO,4400,10,2.0,,12,145.67,0.0,145.67,14.57,No,0
Gold,SOHO,6000,4,1.0,,5,145.67,0.0,145.67,36.42,No,0
Silver,SOHO,4000,10,2.0,,12,145.83,0.0,145.83,14.58,Yes,1
Silver,SOHO,6000,12,,,12,145.83,0.0,145.83,12.15,No,0
Silver,SOHO,4180,7,,,7,146.0,0.0,146.0,20.86,No,0
Silver,SOHO,6000,10,,,10,146.0,0.0,146.0,14.6,No,0
Bronze,SOHO,6000,13,3.0,,16,146.0,0.0,146.0,11.23,No,0
Bronze,SOHO,4000,4,,,4,146.33,0.0,146.33,36.58,No,0
Iron,SOHO,4000,16,,,16,146.33,0.0,146.33,9.15,No,0
Silver,SOHO,6400,12,3.0,,15,146.33,0.0,146.33,12.19,No,0
Bronze,SOHO,6300,6,2.0,,8,146.33,0.0,146.33,24.39,No,0
Silver,SOHO,6600,8,,,8,146.33,0.0,146.33,18.29,No,0
Bronze,SOHO,6000,8,1.0,,9,146.5,0.0,146.5,18.31,No,0
Silver,SOHO,6000,10,,1.0,11,146.5,0.0,146.5,14.65,No,0
Silver,SOHO,4023,8,,,8,146.67,0.0,146.67,18.33,No,0
Silver,SOHO,6450,7,1.0,,8,146.67,0.0,146.67,20.95,No,0
Bronze,SOHO,6000,4,,,4,146.67,0.0,146.67,36.67,No,0
Silver,SOHO,4250,10,1.0,,11,146.83,0.0,146.83,14.68,Yes,1
Silver,SOHO,4000,7,,,7,147.17,0.0,147.17,21.02,No,0
Silver,SOHO,6450,11,,,11,147.17,0.0,147.17,13.38,No,0
Bronze,SOHO,6300,7,1.0,,8,147.17,0.0,147.17,21.02,No,0
Gold,SOHO,4400,6,1.0,,7,147.33,0.0,147.33,24.56,No,0
Silver,SOHO,4581,7,3.0,,10,147.33,0.0,147.33,21.05,No,0
Silver,SOHO,6100,9,1.0,,10,147.5,0.0,147.5,16.39,No,0
Silver,SOHO,6400,2,2.0,,4,147.5,0.0,147.5,73.75,No,0
Silver,SOHO,6600,7,,,7,147.5,0.0,147.5,21.07,No,0
Silver,SOHO,4003,8,1.0,,9,147.67,0.0,147.67,18.46,No,0
Bronze,SOHO,4020,9,5.0,,14,147.67,0.0,147.67,16.41,No,0
Bronze,SOHO,4580,6,2.0,,8,147.83,0.0,147.83,24.64,No,0
Silver,SOHO,6600,7,,,7,147.83,0.0,147.83,21.12,No,0
Silver,SOHO,6450,8,,,8,147.83,0.0,147.83,18.48,No,0
Silver,SOHO,4000,20,,1.0,21,147.83,0.0,147.83,7.39,No,0
Silver,SOHO,4400,10,8.0,1.0,19,148.0,0.0,148.0,14.8,No,0
Silver,SOHO,6145,10,1.0,1.0,12,148.0,0.0,148.0,14.8,No,0
Gold,SOHO,6500,9,1.0,,10,148.0,0.0,148.0,16.44,No,0
Bronze,SOHO,4400,5,,,5,148.17,0.0,148.17,29.63,No,0
Silver,SOHO,4400,5,4.0,,9,148.17,0.0,148.17,29.63,No,0
Silver,SOHO,4230,11,3.0,,14,148.33,0.0,148.33,13.48,No,0
Silver,SOHO,6000,6,,,6,148.33,0.0,148.33,24.72,No,0
Bronze,SOHO,4015,5,2.0,,7,148.33,0.0,148.33,29.67,No,0
Silver,SOHO,6300,8,,,8,148.33,0.0,148.33,18.54,No,0
Silver,SOHO,6137,15,2.0,,17,148.5,0.0,148.5,9.9,No,0
Silver,SOHO,6300,17,,,17,148.5,0.0,148.5,8.74,No,0
Silver,SOHO,4600,6,,,6,148.67,0.0,148.67,24.78,No,0
Silver,SOHO,6000,5,,,5,148.67,0.0,148.67,29.73,No,0
Silver,SOHO,4210,8,7.0,,15,148.83,0.0,148.83,18.6,No,0
Silver,SOHO,4003,7,1.0,,8,148.83,0.0,148.83,21.26,No,0
Silver,SOHO,6175,1,1.0,7.0,9,148.83,0.0,148.83,148.83,No,0
Silver,SOHO,6000,10,,,10,148.83,0.0,148.83,14.88,No,0
Silver,SOHO,4002,5,13.0,,18,148.83,0.0,148.83,29.77,No,0
Gold,SOHO,6100,8,4.0,,12,148.83,0.0,148.83,18.6,No,0
Silver,SOHO,6272,9,6.0,,15,148.83,0.0,148.83,16.54,No,0
Silver,SOHO,6890,3,,,3,148.83,0.0,148.83,49.61,No,0
Silver,SOHO,6600,6,,,6,149.0,0.0,149.0,24.83,No,0
Silver,SOHO,4400,4,1.0,,5,149.17,0.0,149.17,37.29,Yes,1
Gold,SOHO,4004,8,1.0,,9,149.17,0.0,149.17,18.65,No,0
Gold,SOHO,1233,12,1.0,,13,149.33,0.0,149.33,12.44,No,0
Silver,SOHO,4700,2,4.0,,6,149.5,0.0,149.5,74.75,No,0
Gold,SOHO,4003,9,4.0,,13,149.67,0.0,149.67,16.63,No,0
Silver,SOHO,4004,8,,,8,149.83,0.0,149.83,18.73,No,0
Silver,SOHO,6000,9,1.0,,10,149.83,0.0,149.83,16.65,No,0
Silver,SOHO,6000,11,1.0,,12,149.83,0.0,149.83,13.62,No,0
Silver,SOHO,4004,10,,,10,150.0,0.0,150.0,15.0,No,0
Gold,SOHO,4023,3,,,3,150.0,0.0,150.0,50.0,Yes,1
Silver,SOHO,4124,6,,,6,150.0,0.0,150.0,25.0,No,0
Silver,SOHO,6000,4,2.0,,6,150.0,0.0,150.0,37.5,No,0
Gold,SOHO,4000,8,,,8,150.0,0.0,150.0,18.75,No,0
Silver,SOHO,4023,8,,,8,150.0,0.0,150.0,18.75,No,0
Bronze,SOHO,4000,4,,,4,150.17,0.0,150.17,37.54,No,0
Gold,SOHO,6600,5,1.0,,6,150.17,0.0,150.17,30.03,No,0
Silver,SOHO,6300,9,,,9,150.17,0.0,150.17,16.69,No,0
Silver,SOHO,4023,17,2.0,,19,150.33,0.0,150.33,8.84,No,0
Silver,SOHO,6151,12,,,12,150.33,0.0,150.33,12.53,No,0
Silver,SOHO,4000,12,3.0,,15,150.5,0.0,150.5,12.54,No,0
Silver,SOHO,6400,9,,,9,150.5,0.0,150.5,16.72,No,0
Silver,SOHO,6300,13,,,13,150.6,0.0,150.6,11.58,No,0
Silver,SOHO,6000,4,9.0,,13,150.67,0.0,150.67,37.67,No,0
Silver,SOHO,6000,9,,,9,150.83,0.0,150.83,16.76,No,0
Silver,SOHO,6400,12,1.0,1.0,14,151.0,0.0,151.0,12.58,No,0
Gold,SOHO,6280,6,,,6,151.0,0.0,151.0,25.17,No,0
Silver,SOHO,4500,8,2.0,,10,151.17,0.0,151.17,18.9,No,0
Silver,SOHO,6000,9,3.0,,12,151.17,0.0,151.17,16.8,No,0
Silver,SOHO,6300,10,4.0,,14,151.17,0.0,151.17,15.12,No,0
Silver,SOHO,4400,11,9.0,,20,151.33,0.0,151.33,13.76,No,0
Silver,SOHO,4600,7,2.0,,9,151.33,0.0,151.33,21.62,No,0
Silver,SOHO,6500,9,7.0,,16,151.33,0.0,151.33,16.81,No,0
Silver,SOHO,6400,17,,,17,151.5,0.0,151.5,8.91,No,0
Silver,SOHO,6000,9,1.0,,10,151.5,0.0,151.5,16.83,No,0
Silver,SOHO,6600,11,1.0,1.0,13,151.5,0.0,151.5,13.77,No,0
Silver,SOHO,4003,6,,,6,151.67,0.0,151.67,25.28,No,0
Silver,SOHO,4108,5,1.0,1.0,7,151.67,0.0,151.67,30.33,No,0
Silver,SOHO,4004,8,,,8,151.67,0.0,151.67,18.96,No,0
Silver,SOHO,6300,7,,,7,151.83,0.0,151.83,21.69,No,0
Silver,SOHO,4000,8,3.0,,11,152.0,0.0,152.0,19.0,No,0
Silver,SOHO,4600,6,1.0,,7,152.0,0.0,152.0,25.33,No,0
Silver,SOHO,4400,3,,,3,152.0,0.0,152.0,50.67,No,0
Bronze,SOHO,6500,3,1.0,,4,152.17,0.0,152.17,50.72,No,0
Silver,SOHO,6100,1,6.0,,7,152.17,0.0,152.17,152.17,No,0
Silver,SOHO,6000,2,,,2,152.33,0.0,152.33,76.17,No,0
Silver,SOHO,6600,8,7.0,,15,152.33,0.0,152.33,19.04,No,0
Silver,SOHO,4600,6,,,6,152.5,0.0,152.5,25.42,No,0
Silver,SOHO,6600,14,,,14,152.5,0.0,152.5,10.89,No,0
Silver,SOHO,4300,4,2.0,1.0,7,152.67,0.0,152.67,38.17,No,0
Silver,SOHO,4400,4,3.0,,7,152.67,0.0,152.67,38.17,No,0
Silver,SOHO,6400,9,,,9,152.67,0.0,152.67,16.96,No,0
Silver,SOHO,4000,9,1.0,,10,152.83,0.0,152.83,16.98,No,0
Silver,SOHO,6100,3,,,3,153.0,0.0,153.0,51.0,No,0
Silver,SOHO,4400,7,,,7,153.0,0.0,153.0,21.86,No,0
Silver,SOHO,6065,12,3.0,,15,153.0,0.0,153.0,12.75,No,0
Bronze,SOHO,4600,1,11.0,,12,153.17,0.0,153.17,153.17,No,0
Silver,SOHO,6000,7,1.0,,8,153.17,0.0,153.17,21.88,No,0
Silver,SOHO,6300,6,,,6,153.17,0.0,153.17,25.53,No,0
Silver,SOHO,4000,10,,,10,153.33,0.0,153.33,15.33,No,0
Silver,SOHO,6000,3,1.0,,4,153.33,0.0,153.33,51.11,No,0
Silver,SOHO,4230,17,,,17,153.5,0.0,153.5,9.03,No,0
Silver,SOHO,6400,5,5.0,,10,153.5,0.0,153.5,30.7,No,0
Silver,SOHO,4000,8,,,8,153.67,0.0,153.67,19.21,No,0
Silver,SOHO,4002,7,,,7,153.67,0.0,153.67,21.95,No,0
Gold,SOHO,4000,6,4.0,,10,153.67,0.0,153.67,25.61,No,0
Silver,SOHO,4400,7,2.0,,9,153.67,0.0,153.67,21.95,No,0
Silver,SOHO,6000,14,3.0,,17,153.67,0.0,153.67,10.98,Yes,1
Silver,SOHO,6400,5,,,5,153.67,0.0,153.67,30.73,No,0
Silver,SOHO,6000,6,,,6,153.83,0.0,153.83,25.64,No,0
Silver,SOHO,4000,9,,,9,153.83,0.0,153.83,17.09,No,0
Silver,SOHO,6600,7,1.0,,8,153.83,0.0,153.83,21.98,No,0
Bronze,SOHO,6300,4,,,4,153.83,0.0,153.83,38.46,Yes,1
Silver,SOHO,4000,10,,,10,154.0,0.0,154.0,15.4,No,0
Silver,SOHO,4000,10,,,10,154.0,0.0,154.0,15.4,No,0
Silver,SOHO,6057,15,,,15,154.0,0.0,154.0,10.27,No,0
Silver,SOHO,6400,7,,,7,154.0,0.0,154.0,22.0,No,0
Silver,SOHO,6000,3,1.0,,4,154.17,0.0,154.17,51.39,No,0
Silver,SOHO,6000,11,,,11,154.17,0.0,154.17,14.02,No,0
Silver,SOHO,6300,9,2.0,,11,154.33,0.0,154.33,17.15,Yes,1
Gold,SOHO,4500,6,1.0,,7,154.67,0.0,154.67,25.78,Yes,1
Bronze,SOHO,4000,9,6.0,,15,154.67,0.0,154.67,17.19,Yes,1
Silver,SOHO,4003,10,1.0,,11,154.83,0.0,154.83,15.48,No,0
Bronze,SOHO,6450,3,,,3,155.0,0.0,155.0,51.67,No,0
Silver,SOHO,4700,4,2.0,,6,155.17,0.0,155.17,38.79,No,0
Silver,SOHO,4000,4,2.0,,6,155.17,0.0,155.17,38.79,No,0
Silver,SOHO,4400,8,,,8,155.33,0.0,155.33,19.42,No,0
Bronze,SOHO,6000,8,,,8,155.33,0.0,155.33,19.42,No,0
Silver,SOHO,6400,15,,1.0,16,155.33,0.0,155.33,10.36,No,0
Silver,SOHO,4000,3,,,3,155.33,0.0,155.33,51.78,No,0
Silver,SOHO,4230,10,,,10,155.5,0.0,155.5,15.55,Yes,1
Gold,SOHO,6000,2,8.0,,10,155.5,0.0,155.5,77.75,Yes,1
Silver,SOHO,4400,14,,,14,155.83,0.0,155.83,11.13,No,0
Silver,SOHO,6600,10,1.0,,11,155.83,0.0,155.83,15.58,No,0
Silver,SOHO,6000,6,,,6,156.0,0.0,156.0,26.0,No,0
Gold,SOHO,6000,12,,,12,156.17,0.0,156.17,13.01,No,0
Silver,SOHO,6100,8,,,8,156.17,0.0,156.17,19.52,No,0
Gold,SOHO,4000,9,,,9,156.33,0.0,156.33,17.37,No,0
Silver,SOHO,6500,15,6.0,,21,156.33,0.0,156.33,10.42,No,0
Gold,SOHO,4001,9,10.0,,19,156.5,0.0,156.5,17.39,No,0
Silver,SOHO,6000,9,,,9,156.5,0.0,156.5,17.39,No,0
Silver,SOHO,4023,5,,,5,156.67,0.0,156.67,31.33,No,0
Silver,SOHO,4003,6,4.0,,10,156.67,0.0,156.67,26.11,No,0
Silver,SOHO,6600,9,,1.0,10,156.67,0.0,156.67,17.41,No,0
Silver,SOHO,6000,9,,,9,156.75,0.0,156.75,17.42,No,0
Silver,SOHO,6159,9,,,9,156.83,0.0,156.83,17.43,No,0
Silver,SOHO,6300,14,2.0,,16,156.83,0.0,156.83,11.2,No,0
Silver,SOHO,4000,7,3.0,,10,157.0,0.0,157.0,22.43,No,0
Silver,SOHO,4270,3,,,3,157.0,0.0,157.0,52.33,No,0
Silver,SOHO,6800,6,1.0,,7,157.17,0.0,157.17,26.2,No,0
Silver,SOHO,4000,6,,,6,157.33,0.0,157.33,26.22,No,0
Gold,SOHO,6600,7,5.0,,12,157.33,0.0,157.33,22.48,No,0
Silver,SOHO,6300,7,1.0,,8,157.33,0.0,157.33,22.48,No,0
Gold,SOHO,6300,16,,,16,157.33,0.0,157.33,9.83,No,0
Silver,SOHO,4600,8,3.0,,11,157.5,0.0,157.5,19.69,No,0
Silver,SOHO,4000,11,1.0,,12,157.5,0.0,157.5,14.32,No,0
Silver,SOHO,6770,6,,,6,157.5,0.0,157.5,26.25,No,0
Silver,SOHO,4000,10,,,10,157.5,0.0,157.5,15.75,No,0
Silver,SOHO,4000,13,,1.0,14,157.67,0.0,157.67,12.13,Yes,1
Silver,SOHO,6450,6,2.0,,8,157.67,0.0,157.67,26.28,No,0
Gold,SOHO,6000,9,,,9,157.67,0.0,157.67,17.52,No,0
Silver,SOHO,6300,12,,,12,157.67,0.0,157.67,13.14,No,0
Gold,SOHO,4020,4,,,4,158.17,0.0,158.17,39.54,No,0
Bronze,SOHO,6000,6,,,6,158.17,0.0,158.17,26.36,No,0
Silver,SOHO,6000,12,,,12,158.33,0.0,158.33,13.19,No,0
Bronze,SOHO,6000,6,3.0,,9,158.33,0.0,158.33,26.39,No,0
Bronze,SOHO,4000,5,5.0,,10,158.5,0.0,158.5,31.7,No,0
Silver,SOHO,6600,7,10.0,,17,158.5,0.0,158.5,22.64,No,0
Silver,SOHO,4004,11,4.0,,15,158.67,0.0,158.67,14.42,No,0
Silver,SOHO,4000,10,,,10,158.67,0.0,158.67,15.87,No,0
Silver,SOHO,4300,5,2.0,,7,158.83,0.0,158.83,31.77,No,0
Silver,SOHO,6600,14,1.0,,15,158.83,0.0,158.83,11.35,No,0
Bronze,SOHO,1839,5,,,5,159.0,0.0,159.0,31.8,No,0
Silver,SOHO,4210,7,3.0,,10,159.0,0.0,159.0,22.71,No,0
Silver,SOHO,6400,12,,,12,159.17,0.0,159.17,13.26,No,0
Gold,SOHO,6600,7,2.0,,9,159.17,0.0,159.17,22.74,No,0
Gold,SOHO,6600,8,,,8,159.33,0.0,159.33,19.92,No,0
Silver,SOHO,6065,6,3.0,,9,159.5,0.0,159.5,26.58,No,0
Bronze,SOHO,4015,4,,,4,159.5,0.0,159.5,39.88,No,0
Silver,SOHO,6100,4,3.0,,7,159.5,0.0,159.5,39.88,No,0
Bronze,SOHO,4023,8,6.0,,14,159.67,0.0,159.67,19.96,No,0
Bronze,SOHO,6000,7,,,7,159.67,0.0,159.67,22.81,No,0
Silver,SOHO,4000,8,,,8,159.67,0.0,159.67,19.96,No,0
Silver,SOHO,6300,13,9.0,,22,159.67,0.0,159.67,12.28,No,0
Silver,SOHO,4900,4,3.0,,7,159.83,0.0,159.83,39.96,No,0
Silver,SOHO,6701,3,,,3,159.83,0.0,159.83,53.28,No,0
Bronze,SOHO,4150,13,7.0,,20,160.0,0.0,160.0,12.31,No,0
Silver,SOHO,6000,11,,,11,160.0,0.0,160.0,14.55,Yes,1
Silver,SOHO,6400,11,4.0,,15,160.0,0.0,160.0,14.55,Yes,1
Bronze,SOHO,4600,8,,,8,160.0,0.0,160.0,20.0,No,0
Gold,SOHO,8900,10,1.0,1.0,12,160.0,0.0,160.0,16.0,No,0
Silver,SOHO,4008,5,,,5,160.17,0.0,160.17,32.03,No,0
Silver,SOHO,6000,15,2.0,,17,160.17,0.0,160.17,10.68,No,0
Silver,SOHO,6000,7,1.0,,8,160.17,0.0,160.17,22.88,No,0
Silver,SOHO,6800,10,,,10,160.33,0.0,160.33,16.03,No,0
Silver,SOHO,4500,9,,,9,160.5,0.0,160.5,17.83,No,0
Silver,SOHO,4600,13,,,13,160.5,0.0,160.5,12.35,No,0
Gold,SOHO,4000,11,8.0,,19,160.5,0.0,160.5,14.59,No,0
Silver,SOHO,4173,6,4.0,,10,160.67,0.0,160.67,26.78,No,0
Silver,SOHO,6000,9,,,9,160.67,0.0,160.67,17.85,No,0
Silver,SOHO,6000,9,1.0,1.0,11,160.67,0.0,160.67,17.85,No,0
Silver,SOHO,6300,13,,,13,160.75,0.0,160.75,12.37,No,0
Gold,SOHO,6000,7,6.0,,13,160.83,0.0,160.83,22.98,No,0
Silver,SOHO,4550,10,1.0,,11,161.0,0.0,161.0,16.1,No,0
Silver,SOHO,4003,10,,,10,161.0,0.0,161.0,16.1,No,0
Silver,SOHO,4003,12,1.0,,13,161.0,0.0,161.0,13.42,No,0
Silver,SOHO,4000,6,,,6,161.0,0.0,161.0,26.83,No,0
Silver,SOHO,6000,10,1.0,,11,161.0,0.0,161.0,16.1,No,0
Silver,SOHO,4341,15,3.0,,18,161.0,0.0,161.0,10.73,No,0
Silver,SOHO,4000,6,,,6,161.0,0.0,161.0,26.83,No,0
Gold,SOHO,6140,15,,,15,161.0,0.0,161.0,10.73,Yes,1
Silver,SOHO,4173,7,,,7,161.33,0.0,161.33,23.05,No,0
Gold,SOHO,4000,9,1.0,,10,161.33,0.0,161.33,17.93,No,0
Silver,SOHO,4020,7,,,7,161.33,0.0,161.33,23.05,No,0
Silver,SOHO,4004,8,1.0,1.0,10,161.5,0.0,161.5,20.19,No,0
Silver,SOHO,4400,9,,,9,161.5,0.0,161.5,17.94,No,0
Silver,SOHO,6000,9,,,9,161.5,0.0,161.5,17.94,No,0
Silver,SOHO,4190,13,,5.0,18,161.5,0.0,161.5,12.42,No,0
Silver,SOHO,6300,5,3.0,,8,161.5,0.0,161.5,32.3,No,0
Bronze,SOHO,6304,7,,,7,161.5,0.0,161.5,23.07,No,0
Silver,SOHO,6300,5,,,5,161.5,0.0,161.5,32.3,No,0
Silver,SOHO,4400,18,9.0,,27,161.67,0.0,161.67,8.98,No,0
Silver,SOHO,4000,11,,,11,161.67,0.0,161.67,14.7,No,0
Silver,SOHO,6450,13,3.0,,16,161.67,0.0,161.67,12.44,No,0
Silver,SOHO,6300,15,,,15,161.83,0.0,161.83,10.79,No,0
Bronze,SOHO,4000,7,,,7,162.0,0.0,162.0,23.14,No,0
Silver,SOHO,4107,5,3.0,,8,162.17,0.0,162.17,32.43,No,0
Silver,SOHO,4004,10,,,10,162.5,0.0,162.5,16.25,No,0
Silver,SOHO,6000,6,,,6,162.83,0.0,162.83,27.14,No,0
Silver,SOHO,6000,4,,,4,163.0,0.0,163.0,40.75,No,0
Gold,SOHO,6450,4,2.0,,6,163.0,0.0,163.0,40.75,No,0
Silver,SOHO,6600,6,1.0,,7,163.0,0.0,163.0,27.17,No,0
Silver,SOHO,4003,6,,,6,163.33,0.0,163.33,27.22,No,0
Silver,SOHO,6000,10,,1.0,11,163.33,0.0,163.33,16.33,No,0
Silver,SOHO,6000,5,,,5,163.33,0.0,163.33,32.67,No,0
Gold,SOHO,6000,6,,,6,163.33,0.0,163.33,27.22,No,0
Silver,SOHO,4409,9,2.0,,11,163.5,0.0,163.5,18.17,No,0
Silver,SOHO,6000,7,,,7,163.5,0.0,163.5,23.36,No,0
Gold,SOHO,4101,8,,,8,163.67,0.0,163.67,20.46,No,0
Silver,SOHO,4023,9,,,9,163.83,0.0,163.83,18.2,No,0
Gold,SOHO,6300,10,,1.0,11,163.83,0.0,163.83,16.38,No,0
Gold,SOHO,6000,9,,,9,164.0,0.0,164.0,18.22,No,0
Bronze,SOHO,6000,4,4.0,,8,164.0,0.0,164.0,41.0,No,0
Silver,SOHO,6000,5,,,5,164.0,0.0,164.0,32.8,Yes,1
Silver,SOHO,6600,14,,,14,164.0,0.0,164.0,11.71,No,0
Silver,SOHO,6159,8,1.0,,9,164.17,0.0,164.17,20.52,No,0
Silver,SOHO,4000,11,1.0,,12,164.17,0.0,164.17,14.92,No,0
Silver,SOHO,6890,8,,,8,164.17,0.0,164.17,20.52,No,0
Silver,SOHO,6600,5,1.0,,6,164.33,0.0,164.33,32.87,No,0
Silver,SOHO,,11,,,11,164.5,0.0,164.5,14.95,No,0
Silver,SOHO,6100,11,1.0,,12,164.5,0.0,164.5,14.95,No,0
Silver,SOHO,4270,18,2.0,,20,164.5,0.0,164.5,9.14,No,0
Gold,SOHO,4000,5,,,5,164.67,0.0,164.67,32.93,No,0
Gold,SOHO,4004,5,,,5,164.67,0.0,164.67,32.93,No,0
Gold,SOHO,6500,7,2.0,,9,164.67,0.0,164.67,23.52,No,0
Gold,SOHO,6139,8,1.0,,9,164.67,0.0,164.67,20.58,No,0
Silver,SOHO,4000,11,1.0,,12,164.83,0.0,164.83,14.98,No,0
Silver,SOHO,9300,5,,,5,164.83,0.0,164.83,32.97,No,0
Silver,SOHO,4700,7,3.0,,10,164.83,0.0,164.83,23.55,No,0
Bronze,SOHO,4000,8,,,8,165.0,0.0,165.0,20.63,No,0
Silver,SOHO,6000,9,3.0,,12,165.17,0.0,165.17,18.35,No,0
Silver,SOHO,6900,4,1.0,1.0,6,165.17,0.0,165.17,41.29,No,0
Silver,SOHO,6400,8,,,8,165.2,0.0,165.2,20.65,No,0
Silver,SOHO,4400,10,1.0,,11,165.5,0.0,165.5,16.55,No,0
Silver,SOHO,6000,4,,,4,165.5,0.0,165.5,41.38,No,0
Silver,SOHO,6300,6,,,6,165.5,0.0,165.5,27.58,No,0
Silver,SOHO,4400,4,,,4,165.67,0.0,165.67,41.42,No,0
Silver,SOHO,4400,15,2.0,,17,165.83,0.0,165.83,11.06,No,0
Silver,SOHO,6600,8,,,8,166.0,0.0,166.0,20.75,No,0
Gold,SOHO,4000,3,2.0,,5,166.17,0.0,166.17,55.39,No,0
Silver,SOHO,4023,8,,,8,166.17,0.0,166.17,20.77,No,0
Silver,SOHO,4800,12,,,12,166.17,0.0,166.17,13.85,Yes,1
Gold,SOHO,6000,6,2.0,,8,166.17,0.0,166.17,27.7,No,0
Silver,SOHO,6000,4,,,4,166.17,0.0,166.17,41.54,No,0
Gold,SOHO,4004,5,,,5,166.33,0.0,166.33,33.27,No,0
Gold,SOHO,4260,12,,,12,166.33,0.0,166.33,13.86,No,0
Gold,SOHO,4000,13,,,13,166.5,0.0,166.5,12.81,No,0
Silver,SOHO,6000,6,,,6,166.5,0.0,166.5,27.75,Yes,1
Silver,SOHO,4000,6,1.0,,7,166.6,0.0,166.6,27.77,No,0
Gold,SOHO,6000,12,1.0,,13,166.67,0.0,166.67,13.89,No,0
Silver,SOHO,4150,8,,,8,166.83,0.0,166.83,20.85,No,0
Silver,SOHO,6000,6,1.0,,7,166.83,0.0,166.83,27.81,No,0
Silver,SOHO,8900,9,1.0,,10,166.83,0.0,166.83,18.54,No,0
Silver,SOHO,6000,5,5.0,,10,166.83,0.0,166.83,33.37,No,0
Silver,SOHO,4500,9,,,9,167.0,0.0,167.0,18.56,No,0
Gold,SOHO,6000,6,,,6,167.0,0.0,167.0,27.83,No,0
Bronze,SOHO,6600,29,21.0,3.0,53,167.0,0.0,167.0,5.76,No,0
Silver,SOHO,6500,10,1.0,,11,167.0,0.0,167.0,16.7,No,0
Silver,SOHO,6300,8,,,8,167.17,0.0,167.17,20.9,No,0
Bronze,SOHO,6300,7,,,7,167.17,0.0,167.17,23.88,No,0
Silver,SOHO,6000,12,15.0,,27,167.33,0.0,167.33,13.94,No,0
Silver,SOHO,6000,5,,,5,167.5,0.0,167.5,33.5,No,0
Silver,SOHO,6300,6,,,6,167.5,0.0,167.5,27.92,No,0
Silver,SOHO,6600,12,1.0,,13,167.67,0.0,167.67,13.97,No,0
Gold,SOHO,4004,10,6.0,,16,168.0,0.0,168.0,16.8,No,0
Silver,SOHO,4201,14,3.0,1.0,18,168.0,0.0,168.0,12.0,No,0
Gold,SOHO,4000,7,1.0,,8,168.17,0.0,168.17,24.02,No,0
Silver,SOHO,6280,5,,,5,168.17,0.0,168.17,33.63,No,0
Gold,SOHO,4199,10,1.0,,11,168.33,0.0,168.33,16.83,No,0
Silver,SOHO,4400,8,1.0,,9,168.5,0.0,168.5,21.06,No,0
Bronze,SOHO,6400,13,,,13,168.5,0.0,168.5,12.96,No,0
Gold,SOHO,6000,9,5.0,,14,168.5,0.0,168.5,18.72,No,0
Silver,SOHO,6400,10,,,10,168.67,0.0,168.67,16.87,No,0
Silver,SOHO,4225,10,1.0,1.0,12,168.83,0.0,168.83,16.88,No,0
Silver,SOHO,6000,12,,,12,168.83,0.0,168.83,14.07,No,0
Silver,SOHO,6000,10,,,10,168.83,0.0,168.83,16.88,Yes,1
Silver,SOHO,4111,9,1.0,,10,169.0,0.0,169.0,18.78,No,0
Silver,SOHO,6400,12,4.0,,16,169.0,0.0,169.0,14.08,No,0
Silver,SOHO,4400,20,1.0,,21,169.17,0.0,169.17,8.46,Yes,1
Silver,SOHO,4400,8,,,8,169.33,0.0,169.33,21.17,No,0
Silver,SOHO,4003,11,1.0,,12,169.33,0.0,169.33,15.39,Yes,1
Silver,SOHO,6400,8,4.0,,12,169.33,0.0,169.33,21.17,No,0
Silver,SOHO,6600,8,5.0,,13,169.33,0.0,169.33,21.17,No,0
Silver,SOHO,6400,9,,1.0,10,169.33,0.0,169.33,18.81,Yes,1
Silver,SOHO,4023,11,,,11,169.5,0.0,169.5,15.41,No,0
Silver,SOHO,4363,4,,,4,169.83,0.0,169.83,42.46,No,0
Gold,SOHO,6300,6,5.0,,11,169.83,0.0,169.83,28.31,No,0
Silver,SOHO,4150,11,,,11,170.0,0.0,170.0,15.45,No,0
Silver,SOHO,4199,11,,,11,170.0,0.0,170.0,15.45,No,0
Silver,SOHO,6000,11,2.0,,13,170.0,0.0,170.0,15.45,No,0
Bronze,SOHO,4000,4,,,4,170.0,0.0,170.0,42.5,No,0
Silver,SOHO,6000,9,4.0,,13,170.0,0.0,170.0,18.89,No,0
Silver,SOHO,6600,12,,,12,170.17,0.0,170.17,14.18,No,0
Silver,SOHO,6900,12,7.0,,19,170.5,0.0,170.5,14.21,No,0
Silver,SOHO,4000,14,3.0,,17,170.67,0.0,170.67,12.19,No,0
Silver,SOHO,6199,15,4.0,,19,170.67,0.0,170.67,11.38,No,0
Silver,SOHO,6300,19,,,19,170.67,0.0,170.67,8.98,No,0
Silver,SOHO,6000,5,1.0,1.0,7,170.83,0.0,170.83,34.17,No,0
Gold,SOHO,4400,10,8.0,1.0,19,171.0,0.0,171.0,17.1,No,0
Silver,SOHO,6100,8,,,8,171.0,0.0,171.0,21.38,No,0
Silver,SOHO,4000,7,,,7,171.0,0.0,171.0,24.43,No,0
Silver,SOHO,6000,8,3.0,,11,171.17,0.0,171.17,21.4,No,0
Silver,SOHO,6000,4,4.0,,8,171.17,0.0,171.17,42.79,Yes,1
Silver,SOHO,4000,7,1.0,,8,171.67,0.0,171.67,24.52,No,0
Silver,SOHO,6000,9,,,9,171.67,0.0,171.67,19.07,No,0
Silver,SOHO,6600,13,1.0,,14,171.83,0.0,171.83,13.22,No,0
Silver,SOHO,6300,7,,,7,171.83,0.0,171.83,24.55,No,0
Silver,SOHO,4000,8,,,8,172.0,0.0,172.0,21.5,No,0
Gold,SOHO,4872,8,5.0,,13,172.0,0.0,172.0,21.5,No,0
Silver,SOHO,4400,13,,,13,172.0,0.0,172.0,13.23,No,0
Bronze,SOHO,6100,6,,,6,172.0,0.0,172.0,28.67,Yes,1
Silver,SOHO,6300,11,2.0,,13,172.0,0.0,172.0,15.64,No,0
Silver,SOHO,4107,8,13.0,1.0,22,172.17,0.0,172.17,21.52,No,0
Gold,SOHO,4003,6,6.0,,12,172.17,0.0,172.17,28.7,Yes,1
Silver,SOHO,4124,18,,,18,164.17,8.0,172.17,9.12,No,0
Gold,SOHO,4000,9,,,9,172.33,0.0,172.33,19.15,No,0
Silver,SOHO,6300,6,,,6,172.4,0.0,172.4,28.73,No,0
Gold,SOHO,6000,11,2.0,,13,172.5,0.0,172.5,15.68,No,0
Gold,SOHO,6000,6,2.0,,8,172.5,0.0,172.5,28.75,No,0
Gold,SOHO,6600,5,3.0,,8,172.5,0.0,172.5,34.5,No,0
Gold,SOHO,6600,13,,,13,172.5,0.0,172.5,13.27,No,0
Silver,SOHO,6800,5,,,5,173.17,0.0,173.17,34.63,No,0
Silver,SOHO,4000,10,1.0,,11,173.33,0.0,173.33,17.33,No,0
Silver,SOHO,4000,11,2.0,,13,173.5,0.0,173.5,15.77,No,0
Silver,SOHO,4700,10,1.0,,11,173.5,0.0,173.5,17.35,No,0
Gold,SOHO,4000,14,3.0,,17,173.5,0.0,173.5,12.39,No,0
Gold,SOHO,6000,9,,,9,173.5,0.0,173.5,19.28,No,0
Gold,SOHO,6450,13,2.0,,15,173.83,0.0,173.83,13.37,No,0
Silver,SOHO,6000,7,,,7,174.17,0.0,174.17,24.88,No,0
Gold,SOHO,6400,16,1.0,,17,174.17,0.0,174.17,10.89,No,0
Gold,SOHO,4002,16,,,16,174.5,0.0,174.5,10.91,Yes,1
Bronze,SOHO,4600,3,,,3,174.67,0.0,174.67,58.22,No,0
Silver,SOHO,4002,10,7.0,,17,174.67,0.0,174.67,17.47,No,0
Silver,SOHO,6162,4,,,4,174.67,0.0,174.67,43.67,No,0
Bronze,SOHO,4600,6,,,6,174.83,0.0,174.83,29.14,Yes,1
Silver,SOHO,6000,11,1.0,,12,174.83,0.0,174.83,15.89,No,0
Gold,SOHO,6000,11,8.0,,19,174.83,0.0,174.83,15.89,No,0
Silver,SOHO,4002,15,,,15,175.0,0.0,175.0,11.67,No,0
Silver,SOHO,6500,1,15.0,,16,175.0,0.0,175.0,175.0,No,0
Silver,SOHO,6600,15,3.0,,18,175.17,0.0,175.17,11.68,No,0
Silver,SOHO,6500,9,4.0,1.0,14,175.33,0.0,175.33,19.48,No,0
Gold,SOHO,4004,9,4.0,,13,175.5,0.0,175.5,19.5,No,0
Silver,SOHO,6300,12,1.0,1.0,14,175.5,0.0,175.5,14.63,No,0
Silver,SOHO,6300,1,4.0,,5,175.5,0.0,175.5,175.5,No,0
Gold,SOHO,6563,5,,,5,175.67,0.0,175.67,35.13,No,0
Gold,SOHO,4409,4,,,4,175.83,0.0,175.83,43.96,No,0
Silver,SOHO,6153,11,1.0,,12,175.83,0.0,175.83,15.98,No,0
Silver,SOHO,4000,6,3.0,,9,176.0,0.0,176.0,29.33,Yes,1
Gold,SOHO,4230,3,2.0,,5,176.0,0.0,176.0,58.67,No,0
Silver,SOHO,6000,10,,,10,176.0,0.0,176.0,17.6,No,0
Gold,SOHO,4002,15,4.0,,19,176.17,0.0,176.17,11.74,No,0
Gold,SOHO,6000,6,,,6,176.17,0.0,176.17,29.36,No,0
Gold,SOHO,4150,8,,,8,176.33,0.0,176.33,22.04,No,0
Silver,SOHO,6000,18,11.0,,29,176.33,0.0,176.33,9.8,No,0
Gold,SOHO,4579,12,8.0,,20,176.5,0.0,176.5,14.71,No,0
Gold,SOHO,4000,11,1.0,,12,176.5,0.0,176.5,16.05,No,0
Silver,SOHO,4000,2,6.0,,8,177.0,0.0,177.0,88.5,No,0
Gold,SOHO,6300,18,,,18,177.0,0.0,177.0,9.83,No,0
Silver,SOHO,6800,15,6.0,,21,177.0,0.0,177.0,11.8,No,0
Gold,SOHO,4400,5,,1.0,6,177.17,0.0,177.17,35.43,Yes,1
Silver,SOHO,4150,9,,,9,177.17,0.0,177.17,19.69,No,0
Silver,SOHO,4600,6,2.0,,8,177.33,0.0,177.33,29.56,No,0
Silver,SOHO,6000,6,1.0,,7,177.33,0.0,177.33,29.56,No,0
Gold,SOHO,4023,4,1.0,,5,177.33,0.0,177.33,44.33,No,0
Silver,SOHO,6000,8,,,8,177.33,0.0,177.33,22.17,Yes,1
Silver,SOHO,4023,9,4.0,,13,177.67,0.0,177.67,19.74,Yes,1
Silver,SOHO,6000,13,9.0,,22,177.67,0.0,177.67,13.67,No,0
Gold,SOHO,6000,13,1.0,,14,177.67,0.0,177.67,13.67,No,0
Gold,SOHO,4000,11,,1.0,12,177.67,0.0,177.67,16.15,No,0
Silver,SOHO,6000,6,1.0,,7,177.67,0.0,177.67,29.61,No,0
Silver,SOHO,6000,4,,,4,177.67,0.0,177.67,44.42,No,0
Silver,SOHO,6500,4,,,4,177.83,0.0,177.83,44.46,No,0
Silver,SOHO,4000,6,,,6,178.0,0.0,178.0,29.67,No,0
Gold,SOHO,6000,13,3.0,,16,178.0,0.0,178.0,13.69,Yes,1
Gold,SOHO,6701,10,2.0,,12,178.0,0.0,178.0,17.8,No,0
Gold,SOHO,4002,11,1.0,,12,178.33,0.0,178.33,16.21,No,0
Silver,SOHO,6000,2,1.0,1.0,4,178.5,0.0,178.5,89.25,No,0
Silver,SOHO,6100,9,,,9,178.67,0.0,178.67,19.85,No,0
Silver,SOHO,6000,17,1.0,,18,178.67,0.0,178.67,10.51,No,0
Silver,SOHO,6000,8,5.0,,13,178.67,0.0,178.67,22.33,Yes,1
Silver,SOHO,6353,6,,,6,178.67,0.0,178.67,29.78,Yes,1
Bronze,SOHO,4230,5,,,5,99.33,79.5,178.83,19.87,No,0
Silver,SOHO,4000,12,,,12,178.83,0.0,178.83,14.9,No,0
Silver,SOHO,6300,5,1.0,,6,178.83,0.0,178.83,35.77,No,0
Silver,SOHO,6100,6,1.0,,7,179.0,0.0,179.0,29.83,No,0
Silver,SOHO,4400,9,1.0,,10,179.17,0.0,179.17,19.91,Yes,1
Silver,SOHO,6000,8,,,8,179.17,0.0,179.17,22.4,No,0
Silver,SOHO,6550,7,,,7,179.33,0.0,179.33,25.62,No,0
Silver,SOHO,4360,17,,,17,179.33,0.0,179.33,10.55,No,0
Silver,SOHO,6000,12,1.0,,13,179.5,0.0,179.5,14.96,No,0
Gold,SOHO,6400,12,6.0,,18,179.5,0.0,179.5,14.96,No,0
Bronze,SOHO,6000,6,4.0,,10,179.67,0.0,179.67,29.95,No,0
Gold,SOHO,6400,6,1.0,,7,179.67,0.0,179.67,29.95,No,0
Silver,SOHO,4500,12,,,12,179.67,0.0,179.67,14.97,No,0
Gold,SOHO,4003,17,,,17,179.67,0.0,179.67,10.57,No,0
Silver,SOHO,4002,2,2.0,,4,179.83,0.0,179.83,89.92,No,0
Silver,SOHO,4004,5,,,5,179.83,0.0,179.83,35.97,No,0
Silver,SOHO,4000,18,1.0,,19,180.0,0.0,180.0,10.0,No,0
Gold,SOHO,6900,12,,,12,180.17,0.0,180.17,15.01,Yes,1
Bronze,SOHO,6500,9,,,9,180.17,0.0,180.17,20.02,No,0
Gold,SOHO,4000,10,,,10,180.5,0.0,180.5,18.05,No,0
Silver,SOHO,4000,9,5.0,,14,180.5,0.0,180.5,20.06,Yes,1
Silver,SOHO,4000,9,,,9,180.67,0.0,180.67,20.07,No,0
Silver,SOHO,6000,7,1.0,,8,180.67,0.0,180.67,25.81,No,0
Silver,SOHO,4700,5,3.0,,8,180.83,0.0,180.83,36.17,Yes,1
Gold,SOHO,4004,11,1.0,,12,180.83,0.0,180.83,16.44,No,0
Silver,SOHO,6200,20,,,20,180.83,0.0,180.83,9.04,No,0
Silver,SOHO,6400,8,,,8,181.0,0.0,181.0,22.63,No,0
Gold,SOHO,6000,11,7.0,,18,181.0,0.0,181.0,16.45,No,0
Bronze,SOHO,4400,13,,,13,181.17,0.0,181.17,13.94,No,0
Platinum,SOHO,6000,1,20.0,,21,181.17,0.0,181.17,181.17,Yes,1
Silver,SOHO,4330,13,,,13,181.33,0.0,181.33,13.95,No,0
Silver,SOHO,6400,17,2.0,1.0,20,181.5,0.0,181.5,10.68,No,0
Silver,SOHO,4000,8,,,8,181.5,0.0,181.5,22.69,No,0
Silver,SOHO,6000,8,3.0,,11,181.5,0.0,181.5,22.69,No,0
Silver,SOHO,4000,1,,22.0,23,181.6,0.0,181.6,181.6,No,0
Gold,SOHO,4002,4,4.0,,8,181.83,0.0,181.83,45.46,No,0
Silver,SOHO,6000,11,,,11,181.83,0.0,181.83,16.53,No,0
Silver,SOHO,6400,10,6.0,,16,181.83,0.0,181.83,18.18,No,0
Silver,SOHO,6000,7,,,7,182.0,0.0,182.0,26.0,No,0
Silver,SOHO,6450,8,,,8,182.0,0.0,182.0,22.75,No,0
Gold,SOHO,6000,6,1.0,,7,182.0,0.0,182.0,30.33,No,0
Gold,SOHO,4000,7,2.0,,9,182.17,0.0,182.17,26.02,No,0
Silver,SOHO,6100,13,,,13,182.17,0.0,182.17,14.01,No,0
Silver,SOHO,6400,4,1.0,1.0,6,182.33,0.0,182.33,45.58,No,0
Silver,SOHO,6139,10,1.0,,11,182.5,0.0,182.5,18.25,No,0
Silver,SOHO,6300,7,,,7,182.5,0.0,182.5,26.07,No,0
Silver,SOHO,6500,11,1.0,,12,182.67,0.0,182.67,16.61,No,0
Gold,SOHO,4400,4,1.0,,5,183.0,0.0,183.0,45.75,Yes,1
Silver,SOHO,6000,15,,,15,183.0,0.0,183.0,12.2,No,0
Silver,SOHO,6000,10,,,10,183.17,0.0,183.17,18.32,No,0
Silver,SOHO,6600,14,3.0,,17,183.33,0.0,183.33,13.1,No,0
Silver,SOHO,4000,8,,,8,183.5,0.0,183.5,22.94,No,0
Gold,SOHO,6100,12,,,12,183.5,0.0,183.5,15.29,No,0
Silver,SOHO,4023,7,,,7,183.67,0.0,183.67,26.24,No,0
Silver,SOHO,6600,8,2.0,,10,183.67,0.0,183.67,22.96,No,0
Silver,SOHO,4003,10,,,10,184.0,0.0,184.0,18.4,No,0
Silver,SOHO,4003,8,1.0,,9,184.0,0.0,184.0,23.0,No,0
Silver,SOHO,4000,7,,,7,184.0,0.0,184.0,26.29,No,0
Gold,SOHO,4190,14,,,14,184.0,0.0,184.0,13.14,No,0
Silver,SOHO,6100,16,,,16,184.0,0.0,184.0,11.5,No,0
Silver,SOHO,4004,10,2.0,,12,184.0,0.0,184.0,18.4,No,0
Silver,SOHO,6000,11,1.0,,12,184.33,0.0,184.33,16.76,Yes,1
Silver,SOHO,6300,10,2.0,,12,184.33,0.0,184.33,18.43,No,0
Silver,SOHO,4400,11,,,11,184.5,0.0,184.5,16.77,No,0
Silver,SOHO,6500,7,2.0,,9,184.5,0.0,184.5,26.36,No,0
Gold,SOHO,4700,8,1.0,,9,184.83,0.0,184.83,23.1,No,0
Silver,SOHO,6400,6,1.0,,7,184.83,0.0,184.83,30.81,No,0
Silver,SOHO,6300,9,1.0,,10,184.83,0.0,184.83,20.54,No,0
Silver,SOHO,6100,10,,,10,185.0,0.0,185.0,18.5,No,0
Silver,SOHO,4230,31,,,31,185.17,0.0,185.17,5.97,No,0
Gold,SOHO,4124,5,2.0,,7,185.17,0.0,185.17,37.03,No,0
Silver,SOHO,4230,28,2.0,,30,185.17,0.0,185.17,6.61,No,0
Gold,SOHO,6300,13,1.0,,14,185.17,0.0,185.17,14.24,No,0
Gold,SOHO,4002,7,2.0,,9,185.33,0.0,185.33,26.48,No,0
Silver,SOHO,4000,5,,,5,185.5,0.0,185.5,37.1,No,0
Silver,SOHO,4199,17,,,17,185.67,0.0,185.67,10.92,No,0
Gold,SOHO,4001,3,4.0,,7,185.67,0.0,185.67,61.89,Yes,1
Silver,SOHO,6200,13,,,13,185.67,0.0,185.67,14.28,No,0
Gold,SOHO,6100,9,,,9,185.67,0.0,185.67,20.63,No,0
Gold,SOHO,7005,11,3.0,,14,185.75,0.0,185.75,16.89,No,0
Gold,SOHO,6141,12,2.0,,14,186.17,0.0,186.17,15.51,No,0
Gold,SOHO,6140,4,2.0,,6,186.33,0.0,186.33,46.58,No,0
Silver,SOHO,4000,8,3.0,,11,186.5,0.0,186.5,23.31,No,0
Silver,SOHO,4002,10,13.0,,23,186.67,0.0,186.67,18.67,No,0
Silver,SOHO,6300,4,,,4,186.67,0.0,186.67,46.67,No,0
Silver,SOHO,6000,8,1.0,,9,187.0,0.0,187.0,23.38,No,0
Silver,SOHO,4197,12,,,12,187.0,0.0,187.0,15.58,No,0
Silver,SOHO,6000,7,2.0,,9,187.0,0.0,187.0,26.71,No,0
Silver,SOHO,4000,8,2.0,,10,187.33,0.0,187.33,23.42,No,0
Gold,SOHO,6052,10,,,10,187.33,0.0,187.33,18.73,No,0
Silver,SOHO,6300,11,6.0,,17,187.33,0.0,187.33,17.03,No,0
Silver,SOHO,4400,17,,,17,187.5,0.0,187.5,11.03,No,0
Silver,SOHO,6900,5,2.0,,7,187.5,0.0,187.5,37.5,No,0
Silver,SOHO,6771,19,2.0,,21,187.67,0.0,187.67,9.88,No,0
Silver,SOHO,4230,8,1.0,,9,187.67,0.0,187.67,23.46,Yes,1
Silver,SOHO,1619,13,7.0,1.0,21,187.67,0.0,187.67,14.44,Yes,1
Silver,SOHO,6000,15,1.0,,16,187.67,0.0,187.67,12.51,No,0
Silver,SOHO,6100,6,1.0,,7,187.83,0.0,187.83,31.31,No,0
Silver,SOHO,4000,18,2.0,,20,188.0,0.0,188.0,10.44,No,0
Silver,SOHO,6000,10,3.0,,13,188.17,0.0,188.17,18.82,No,0
Silver,SOHO,4180,15,1.0,1.0,17,188.33,0.0,188.33,12.56,No,0
Silver,SOHO,6000,10,,,10,188.33,0.0,188.33,18.83,No,0
Silver,SOHO,4230,9,5.0,,14,188.5,0.0,188.5,20.94,No,0
Bronze,SOHO,4000,2,,,2,188.67,0.0,188.67,94.34,No,0
Silver,SOHO,4000,15,,,15,188.83,0.0,188.83,12.59,No,0
Silver,SOHO,6600,10,,,10,189.5,0.0,189.5,18.95,No,0
Bronze,SOHO,6063,2,,,2,189.67,0.0,189.67,94.84,No,0
Gold,SOHO,6000,8,1.0,,9,189.67,0.0,189.67,23.71,No,0
Silver,SOHO,4000,5,,,5,189.67,0.0,189.67,37.93,No,0
Gold,SOHO,6000,5,,,5,189.67,0.0,189.67,37.93,No,0
Silver,SOHO,6500,5,,,5,189.67,0.0,189.67,37.93,No,0
Silver,SOHO,6000,7,1.0,,8,189.83,0.0,189.83,27.12,No,0
Silver,SOHO,4004,7,2.0,,9,189.83,0.0,189.83,27.12,Yes,1
Silver,SOHO,4000,6,,,6,190.0,0.0,190.0,31.67,No,0
Bronze,SOHO,4000,12,,,12,190.0,0.0,190.0,15.83,No,0
Gold,SOHO,6000,7,1.0,,8,190.0,0.0,190.0,27.14,Yes,1
Silver,SOHO,4000,20,,,20,190.0,0.0,190.0,9.5,No,0
Silver,SOHO,4400,11,2.0,,13,190.17,0.0,190.17,17.29,No,0
Gold,SOHO,6238,15,1.0,,16,190.17,0.0,190.17,12.68,No,0
Gold,SOHO,6000,19,3.0,,22,190.17,0.0,190.17,10.01,No,0
Gold,SOHO,8631,16,1.0,,17,190.17,0.0,190.17,11.89,No,0
Gold,SOHO,4700,3,,,3,190.33,0.0,190.33,63.44,No,0
Silver,SOHO,4600,23,1.0,,24,190.5,0.0,190.5,8.28,Yes,1
Gold,SOHO,6100,17,5.0,,22,190.5,0.0,190.5,11.21,No,0
Silver,SOHO,6000,7,2.0,,9,190.5,0.0,190.5,27.21,No,0
Silver,SOHO,4000,6,4.0,,10,190.67,0.0,190.67,31.78,No,0
Gold,SOHO,6000,9,,,9,190.83,0.0,190.83,21.2,No,0
Gold,SOHO,4023,15,1.0,,16,191.17,0.0,191.17,12.74,No,0
Silver,SOHO,4000,9,,,9,191.17,0.0,191.17,21.24,No,0
Bronze,SOHO,4003,20,,,20,191.33,0.0,191.33,9.57,No,0
Silver,SOHO,4003,12,1.0,,13,191.33,0.0,191.33,15.94,No,0
Silver,SOHO,6300,8,,,8,191.33,0.0,191.33,23.92,No,0
Silver,SOHO,6450,11,9.0,,20,191.5,0.0,191.5,17.41,No,0
Silver,SOHO,4000,15,5.0,,20,191.67,0.0,191.67,12.78,No,0
Gold,SOHO,6300,13,,1.0,14,191.67,0.0,191.67,14.74,No,0
Silver,SOHO,6000,12,,,12,191.75,0.0,191.75,15.98,No,0
Gold,SOHO,4490,12,3.0,,15,192.0,0.0,192.0,16.0,No,0
Silver,SOHO,4000,10,6.0,,16,192.33,0.0,192.33,19.23,No,0
Silver,SOHO,4023,21,,1.0,22,192.33,0.0,192.33,9.16,No,0
Gold,SOHO,6000,10,,,10,192.33,0.0,192.33,19.23,No,0
Silver,SOHO,8900,5,,,5,192.33,0.0,192.33,38.47,Yes,1
Silver,SOHO,6000,17,2.0,,19,192.5,0.0,192.5,11.32,No,0
Gold,SOHO,4600,13,7.0,,20,192.67,0.0,192.67,14.82,No,0
Silver,SOHO,4023,9,,,9,192.67,0.0,192.67,21.41,No,0
Silver,SOHO,6770,8,,,8,192.67,0.0,192.67,24.08,No,0
Gold,SOHO,6300,5,,,5,193.17,0.0,193.17,38.63,No,0
Gold,SOHO,6000,5,10.0,,15,194.0,0.0,194.0,38.8,No,0
Silver,SOHO,6100,8,7.0,,15,194.0,0.0,194.0,24.25,No,0
Silver,SOHO,4470,4,2.0,,6,194.17,0.0,194.17,48.54,No,0
Silver,SOHO,4002,14,2.0,,16,194.33,0.0,194.33,13.88,No,0
Silver,SOHO,6400,12,,,12,194.33,0.0,194.33,16.19,No,0
Silver,SOHO,4000,4,1.0,,5,194.5,0.0,194.5,48.63,No,0
Bronze,SOHO,6000,16,,,16,194.5,0.0,194.5,12.16,No,0
Gold,SOHO,4130,14,2.0,,16,194.5,0.0,194.5,13.89,No,0
Gold,SOHO,6000,6,,,6,194.5,0.0,194.5,32.42,Yes,1
Silver,SOHO,6300,5,,,5,194.5,0.0,194.5,38.9,No,0
Silver,SOHO,4000,9,,,9,194.67,0.0,194.67,21.63,No,0
Silver,SOHO,6230,13,,,13,194.67,0.0,194.67,14.97,No,0
Gold,SOHO,4000,11,3.0,,14,194.83,0.0,194.83,17.71,No,0
Gold,SOHO,6000,11,1.0,,12,195.17,0.0,195.17,17.74,No,0
Silver,SOHO,6000,6,,,6,195.33,0.0,195.33,32.56,No,0
Silver,SOHO,4180,6,,,6,196.0,0.0,196.0,32.67,No,0
Gold,SOHO,4400,14,,,14,196.0,0.0,196.0,14.0,No,0
Silver,SOHO,6300,22,,,22,196.33,0.0,196.33,8.92,No,0
Silver,SOHO,4180,3,,,3,196.5,0.0,196.5,65.5,No,0
Silver,SOHO,4000,16,,,16,196.83,0.0,196.83,12.3,No,0
Gold,SOHO,4000,5,4.0,,9,197.33,0.0,197.33,39.47,No,0
Silver,SOHO,6250,7,,,7,197.33,0.0,197.33,28.19,No,0
Gold,SOHO,4110,10,12.0,,22,197.33,0.0,197.33,19.73,No,0
Silver,SOHO,4112,21,1.0,,22,197.5,0.0,197.5,9.4,No,0
Silver,SOHO,4023,9,4.0,,13,197.5,0.0,197.5,21.94,No,0
Silver,SOHO,4004,16,,,16,197.5,0.0,197.5,12.34,No,0
Silver,SOHO,4000,4,4.0,,8,197.83,0.0,197.83,49.46,Yes,1
Gold,SOHO,6100,14,1.0,,15,197.83,0.0,197.83,14.13,No,0
Silver,SOHO,4230,22,1.0,,23,198.33,0.0,198.33,9.02,No,0
Gold,SOHO,4300,11,,,11,198.5,0.0,198.5,18.05,No,0
Gold,SOHO,4020,9,2.0,2.0,13,199.0,0.0,199.0,22.11,No,0
Silver,SOHO,6260,9,,,9,199.0,0.0,199.0,22.11,No,0
Silver,SOHO,4535,4,1.0,,5,199.17,0.0,199.17,49.79,No,0
Silver,SOHO,6300,11,,,11,199.5,0.0,199.5,18.14,No,0
Gold,SOHO,6000,16,3.0,,19,199.67,0.0,199.67,12.48,No,0
Silver,SOHO,4000,11,5.0,,16,199.83,0.0,199.83,18.17,No,0
Silver,SOHO,4003,14,,,14,200.17,0.0,200.17,14.3,No,0
Gold,SOHO,6450,14,6.0,,20,200.17,0.0,200.17,14.3,No,0
Gold,SOHO,6006,4,3.0,,7,200.17,0.0,200.17,50.04,No,0
Gold,SOHO,6100,5,,,5,200.17,0.0,200.17,40.03,No,0
Silver,SOHO,6400,15,,,15,200.33,0.0,200.33,13.36,No,0
Gold,SOHO,6000,6,,,6,200.5,0.0,200.5,33.42,No,0
Silver,SOHO,4400,7,,,7,201.0,0.0,201.0,28.71,No,0
Gold,SOHO,4400,13,2.0,,15,201.17,0.0,201.17,15.47,No,0
Gold,SOHO,6600,10,,,10,201.67,0.0,201.67,20.17,No,0
Silver,SOHO,4000,4,,,4,201.83,0.0,201.83,50.46,No,0
Gold,SOHO,4002,8,3.0,1.0,12,201.83,0.0,201.83,25.23,No,0
Silver,SOHO,6000,5,1.0,,6,201.83,0.0,201.83,40.37,No,0
Gold,SOHO,6000,13,8.0,,21,202.33,0.0,202.33,15.56,No,0
Silver,SOHO,6600,7,2.0,,9,202.5,0.0,202.5,28.93,No,0
Silver,SOHO,6266,6,2.0,,8,202.83,0.0,202.83,33.81,No,0
Silver,SOHO,6000,6,,,6,203.33,0.0,203.33,33.89,No,0
Bronze,SOHO,6000,5,,,5,203.33,0.0,203.33,40.67,No,0
Gold,SOHO,6140,12,,,12,203.33,0.0,203.33,16.94,No,0
Silver,SOHO,6000,6,,,6,203.67,0.0,203.67,33.95,No,0
Silver,SOHO,4270,20,3.0,,23,203.83,0.0,203.83,10.19,No,0
Gold,SOHO,4000,1,1.0,,2,204.33,0.0,204.33,204.33,No,0
Gold,SOHO,4580,12,2.0,1.0,15,204.33,0.0,204.33,17.03,No,0
Bronze,SOHO,4002,11,,,11,204.33,0.0,204.33,18.58,No,0
Silver,SOHO,6000,15,,,15,204.33,0.0,204.33,13.62,No,0
Silver,SOHO,4300,6,3.0,,9,205.0,0.0,205.0,34.17,No,0
Gold,SOHO,6000,10,4.0,,14,205.17,0.0,205.17,20.52,No,0
Gold,SOHO,6100,10,,,10,205.33,0.0,205.33,20.53,No,0
Silver,SOHO,4003,10,2.0,,12,205.5,0.0,205.5,20.55,No,0
Gold,SOHO,6000,4,7.0,1.0,12,205.5,0.0,205.5,51.38,No,0
Silver,SOHO,4003,26,,,26,205.67,0.0,205.67,7.91,No,0
Silver,SOHO,4230,5,,,5,206.4,0.0,206.4,41.28,No,0
Gold,SOHO,4230,10,3.0,,13,206.5,0.0,206.5,20.65,No,0
Gold,SOHO,4003,12,,,12,206.83,0.0,206.83,17.24,No,0
Gold,SOHO,6600,10,2.0,1.0,13,206.83,0.0,206.83,20.68,No,0
Silver,SOHO,4000,5,,,5,207.0,0.0,207.0,41.4,No,0
Gold,SOHO,4230,6,2.0,,8,207.0,0.0,207.0,34.5,No,0
Silver,SOHO,4000,12,2.0,,14,207.0,0.0,207.0,17.25,No,0
Silver,SOHO,4023,6,3.0,,9,207.0,0.0,207.0,34.5,No,0
Silver,SOHO,6000,13,1.0,,14,207.0,0.0,207.0,15.92,No,0
Gold,SOHO,6100,6,,,6,207.33,0.0,207.33,34.56,No,0
Silver,SOHO,6000,13,1.0,,14,207.33,0.0,207.33,15.95,No,0
Gold,SOHO,6400,17,10.0,,27,207.83,0.0,207.83,12.23,No,0
Gold,SOHO,4940,20,1.0,,21,208.17,0.0,208.17,10.41,No,0
Silver,SOHO,4002,10,,,10,208.33,0.0,208.33,20.83,Yes,1
Gold,SOHO,8900,4,,,4,208.33,0.0,208.33,52.08,No,0
Silver,SOHO,6000,8,5.0,,13,208.33,0.0,208.33,26.04,Yes,1
Gold,SOHO,4150,9,,,9,208.67,0.0,208.67,23.19,No,0
Gold,SOHO,6000,8,2.0,,10,208.67,0.0,208.67,26.08,No,0
Silver,SOHO,6000,7,,,7,208.75,0.0,208.75,29.82,No,0
Silver,SOHO,4400,8,3.0,,11,168.17,40.67,208.84,21.02,No,0
Silver,SOHO,4581,9,3.0,,12,209.0,0.0,209.0,23.22,No,0
Gold,SOHO,6000,8,,,8,209.17,0.0,209.17,26.15,No,0
Silver,SOHO,4000,9,6.0,,15,209.33,0.0,209.33,23.26,No,0
Silver,SOHO,4230,55,1.0,,56,209.5,0.0,209.5,3.81,No,0
Gold,SOHO,4400,16,5.0,,21,209.5,0.0,209.5,13.09,No,0
Silver,SOHO,4400,10,,,10,209.83,0.0,209.83,20.98,No,0
Gold,SOHO,4700,12,7.0,,19,210.0,0.0,210.0,17.5,Yes,1
Gold,SOHO,4000,13,5.0,1.0,19,210.17,0.0,210.17,16.17,No,0
Gold,SOHO,4023,10,2.0,,12,210.33,0.0,210.33,21.03,No,0
Silver,SOHO,4002,12,,,12,211.0,0.0,211.0,17.58,No,0
Gold,SOHO,4150,13,,,13,211.17,0.0,211.17,16.24,No,0
Silver,SOHO,6000,15,,,15,211.2,0.0,211.2,14.08,No,0
Gold,SOHO,4000,9,,,9,211.33,0.0,211.33,23.48,No,0
Silver,SOHO,6260,6,1.0,,7,211.33,0.0,211.33,35.22,No,0
Gold,SOHO,6400,15,1.0,,16,211.5,0.0,211.5,14.1,No,0
Gold,SOHO,6400,9,,,9,211.5,0.0,211.5,23.5,No,0
Silver,SOHO,6450,11,3.0,,14,211.83,0.0,211.83,19.26,No,0
Silver,SOHO,6400,20,2.0,,22,212.0,0.0,212.0,10.6,No,0
Silver,SOHO,6500,6,2.0,,8,212.0,0.0,212.0,35.33,No,0
Silver,SOHO,6400,4,4.0,,8,212.17,0.0,212.17,53.04,No,0
Gold,SOHO,6450,6,1.0,,7,212.5,0.0,212.5,35.42,No,0
Silver,SOHO,6400,6,1.0,,7,212.67,0.0,212.67,35.45,No,0
Gold,SOHO,4000,15,3.0,,18,212.83,0.0,212.83,14.19,No,0
Gold,SOHO,4002,6,1.0,,7,212.83,0.0,212.83,35.47,No,0
Gold,SOHO,6100,10,4.0,,14,212.83,0.0,212.83,21.28,No,0
Gold,SOHO,6600,10,,,10,212.83,0.0,212.83,21.28,No,0
Silver,SOHO,4406,13,2.0,,15,213.17,0.0,213.17,16.4,No,0
Silver,SOHO,4230,23,6.0,4.0,33,213.67,0.0,213.67,9.29,Yes,1
Silver,SOHO,6260,6,4.0,,10,213.83,0.0,213.83,35.64,No,0
Silver,SOHO,4003,15,,,15,214.0,0.0,214.0,14.27,No,0
Gold,SOHO,4002,9,4.0,,13,214.0,0.0,214.0,23.78,No,0
Bronze,SOHO,4190,8,1.0,,9,214.33,0.0,214.33,26.79,No,0
Gold,SOHO,6900,1,2.0,,3,214.33,0.0,214.33,214.33,No,0
Silver,SOHO,4003,6,,,6,214.5,0.0,214.5,35.75,No,0
Silver,SOHO,4400,4,2.0,,6,214.83,0.0,214.83,53.71,No,0
Gold,SOHO,6000,14,2.0,,16,215.17,0.0,215.17,15.37,Yes,1
Silver,SOHO,6600,7,2.0,,9,215.17,0.0,215.17,30.74,No,0
Silver,SOHO,6000,8,2.0,,10,215.5,0.0,215.5,26.94,No,0
Gold,SOHO,6170,18,1.0,,19,215.5,0.0,215.5,11.97,Yes,1
Silver,SOHO,4700,16,,,16,215.83,0.0,215.83,13.49,No,0
Silver,SOHO,4420,7,,,7,216.0,0.0,216.0,30.86,No,0
Silver,SOHO,4002,10,,,10,216.0,0.0,216.0,21.6,No,0
Silver,SOHO,4000,12,,,12,216.0,0.0,216.0,18.0,No,0
Silver,SOHO,6000,10,,,10,217.0,0.0,217.0,21.7,No,0
Silver,SOHO,6000,5,1.0,,6,217.17,0.0,217.17,43.43,No,0
Silver,SOHO,6400,6,3.0,,9,217.33,0.0,217.33,36.22,No,0
Silver,SOHO,4000,12,,,12,217.5,0.0,217.5,18.13,No,0
Gold,SOHO,4180,8,2.0,1.0,11,217.5,0.0,217.5,27.19,No,0
Gold,SOHO,6570,15,2.0,,17,217.67,0.0,217.67,14.51,No,0
Gold,SOHO,4000,15,,,15,217.83,0.0,217.83,14.52,No,0
Gold,SOHO,4000,16,2.0,,18,219.0,0.0,219.0,13.69,No,0
Silver,SOHO,6100,6,,4.0,10,219.17,0.0,219.17,36.53,No,0
Silver,SOHO,6000,2,1.0,,3,219.33,0.0,219.33,109.67,No,0
Gold,SOHO,6800,12,,,12,219.33,0.0,219.33,18.28,No,0
Gold,SOHO,6200,14,,,14,219.67,0.0,219.67,15.69,No,0
Gold,SOHO,6000,5,,,5,219.67,0.0,219.67,43.93,No,0
Gold,SOHO,4003,12,2.0,,14,220.0,0.0,220.0,18.33,No,0
Silver,SOHO,6300,9,,,9,220.17,0.0,220.17,24.46,No,0
Gold,SOHO,6600,11,,,11,220.33,0.0,220.33,20.03,No,0
Gold,SOHO,6304,11,,,11,220.5,0.0,220.5,20.05,No,0
Gold,SOHO,6800,29,2.0,,31,220.5,0.0,220.5,7.6,No,0
Gold,SOHO,4000,13,,,13,220.67,0.0,220.67,16.97,No,0
Gold,SOHO,6100,13,2.0,,15,221.17,0.0,221.17,17.01,No,0
Silver,SOHO,4490,11,,,11,221.33,0.0,221.33,20.12,No,0
Gold,SOHO,4000,17,,,17,221.5,0.0,221.5,13.03,Yes,1
Silver,SOHO,4400,19,1.0,,20,221.67,0.0,221.67,11.67,No,0
Gold,SOHO,4000,6,2.0,,8,221.67,0.0,221.67,36.95,No,0
Bronze,SOHO,6000,6,,,6,221.67,0.0,221.67,36.95,No,0
Silver,SOHO,4004,8,1.0,,9,221.67,0.0,221.67,27.71,No,0
Silver,SOHO,4850,5,,,5,222.17,0.0,222.17,44.43,No,0
Gold,SOHO,4642,6,,,6,222.33,0.0,222.33,37.06,No,0
Silver,SOHO,6600,6,,,6,222.33,0.0,222.33,37.06,Yes,1
Gold,SOHO,6000,9,4.0,1.0,14,222.5,0.0,222.5,24.72,No,0
Gold,SOHO,6000,10,1.0,,11,222.5,0.0,222.5,22.25,No,0
Gold,SOHO,6000,14,3.0,,17,222.5,0.0,222.5,15.89,No,0
Gold,SOHO,6300,4,1.0,,5,222.5,0.0,222.5,55.63,No,0
Silver,SOHO,4701,8,,,8,222.67,0.0,222.67,27.83,No,0
Silver,SOHO,6000,19,,,19,223.0,0.0,223.0,11.74,No,0
Platinum,SOHO,6000,12,,,12,223.17,0.0,223.17,18.6,No,0
Gold,SOHO,4000,12,2.0,,14,223.5,0.0,223.5,18.63,No,0
Gold,SOHO,6000,11,,,11,223.67,0.0,223.67,20.33,No,0
Silver,SOHO,4400,7,2.0,,9,223.83,0.0,223.83,31.98,No,0
Silver,SOHO,6300,6,1.0,,7,224.17,0.0,224.17,37.36,No,0
Gold,SOHO,6000,9,2.0,,11,224.33,0.0,224.33,24.93,No,0
Gold,SOHO,4000,19,1.0,,20,224.5,0.0,224.5,11.82,No,0
Gold,SOHO,6000,11,,,11,224.5,0.0,224.5,20.41,No,0
Gold,SOHO,4000,17,,,17,224.83,0.0,224.83,13.23,No,0
Platinum,SOHO,4000,14,,,14,225.0,0.0,225.0,16.07,No,0
Gold,SOHO,4400,15,1.0,,16,225.17,0.0,225.17,15.01,Yes,1
Gold,SOHO,4002,10,3.0,,13,225.67,0.0,225.67,22.57,Yes,1
Silver,SOHO,4210,4,,,4,225.67,0.0,225.67,56.42,No,0
Silver,SOHO,6000,14,1.0,,15,225.67,0.0,225.67,16.12,No,0
Gold,SOHO,4000,9,,,9,226.33,0.0,226.33,25.15,No,0
Gold,SOHO,6250,7,,,7,226.33,0.0,226.33,32.33,No,0
Silver,SOHO,6100,6,1.0,,7,226.83,0.0,226.83,37.81,No,0
Gold,SOHO,6000,17,,,17,226.83,0.0,226.83,13.34,No,0
Silver,SOHO,4135,10,,,10,216.67,10.17,226.84,21.67,No,0
Gold,SOHO,4000,13,,,13,227.0,0.0,227.0,17.46,No,0
Gold,SOHO,4400,14,,,14,227.5,0.0,227.5,16.25,No,0
Silver,SOHO,6100,11,,,11,227.83,0.0,227.83,20.71,No,0
Gold,SOHO,6138,13,1.0,,14,228.0,0.0,228.0,17.54,No,0
Gold,SOHO,4003,16,3.0,,19,228.17,0.0,228.17,14.26,No,0
Gold,SOHO,6100,9,,,9,175.17,53.0,228.17,19.46,No,0
Gold,SOHO,4500,9,1.0,,10,229.17,0.0,229.17,25.46,No,0
Gold,SOHO,6199,10,,,10,229.33,0.0,229.33,22.93,No,0
Silver,SOHO,6404,8,2.0,,10,229.33,0.0,229.33,28.67,No,0
Gold,SOHO,6100,5,4.0,,9,229.5,0.0,229.5,45.9,No,0
Gold,SOHO,4000,8,,,8,229.5,0.0,229.5,28.69,No,0
Gold,SOHO,4000,18,,,18,230.2,0.0,230.2,12.79,No,0
Silver,SOHO,4190,12,2.0,,14,230.5,0.0,230.5,19.21,No,0
Silver,SOHO,4004,13,2.0,,15,145.83,85.0,230.83,11.22,No,0
Silver,SOHO,4218,5,5.0,1.0,11,231.0,0.0,231.0,46.2,Yes,1
Gold,SOHO,4000,21,,1.0,22,231.5,0.0,231.5,11.02,No,0
Silver,SOHO,4003,11,1.0,,12,151.5,80.0,231.5,13.77,No,0
Gold,SOHO,6400,8,1.0,,9,231.83,0.0,231.83,28.98,No,0
Silver,SOHO,4000,15,,,15,232.5,0.0,232.5,15.5,No,0
Gold,SOHO,6600,13,1.0,,14,232.5,0.0,232.5,17.88,No,0
Silver,SOHO,4530,22,3.0,,25,232.67,0.0,232.67,10.58,No,0
Gold,SOHO,4003,3,10.0,,13,232.67,0.0,232.67,77.56,Yes,1
Platinum,SOHO,6000,15,1.0,,16,232.83,0.0,232.83,15.52,No,0
Gold,SOHO,6000,13,3.0,,16,233.33,0.0,233.33,17.95,No,0
Gold,SOHO,4000,14,,,14,233.5,0.0,233.5,16.68,No,0
Gold,SOHO,4230,15,2.0,,17,233.67,0.0,233.67,15.58,No,0
Gold,SOHO,4000,5,,,5,233.75,0.0,233.75,46.75,Yes,1
Gold,SOHO,4173,26,,,26,233.83,0.0,233.83,8.99,No,0
Gold,SOHO,6400,9,2.0,,11,234.17,0.0,234.17,26.02,No,0
Gold,SOHO,4002,11,,,11,234.33,0.0,234.33,21.3,No,0
Gold,SOHO,4199,10,2.0,,12,234.67,0.0,234.67,23.47,No,0
Gold,SOHO,6000,8,7.0,,15,234.67,0.0,234.67,29.33,No,0
Gold,SOHO,6000,7,,,7,234.83,0.0,234.83,33.55,No,0
Gold,SOHO,6750,10,1.0,,11,234.83,0.0,234.83,23.48,No,0
Gold,SOHO,6000,15,8.0,,23,235.17,0.0,235.17,15.68,No,0
Silver,SOHO,6060,13,1.0,,14,235.33,0.0,235.33,18.1,No,0
Platinum,SOHO,6600,8,,,8,235.33,0.0,235.33,29.42,No,0
Gold,SOHO,4004,9,2.0,,11,235.5,0.0,235.5,26.17,No,0
Silver,SOHO,6363,6,,,6,235.5,0.0,235.5,39.25,No,0
Silver,SOHO,4004,13,5.0,,18,236.17,0.0,236.17,18.17,No,0
Gold,SOHO,4023,19,3.0,,22,236.67,0.0,236.67,12.46,No,0
Silver,SOHO,8000,15,10.0,,25,236.83,0.0,236.83,15.79,No,0
Silver,SOHO,6400,12,,,12,237.17,0.0,237.17,19.76,No,0
Silver,SOHO,6600,3,,,3,237.17,0.0,237.17,79.06,No,0
Gold,SOHO,6058,17,,,17,237.83,0.0,237.83,13.99,No,0
Gold,SOHO,6400,14,,,14,238.0,0.0,238.0,17.0,No,0
Gold,SOHO,6102,13,7.0,,20,238.17,0.0,238.17,18.32,No,0
Silver,SOHO,6200,7,,,7,239.67,0.0,239.67,34.24,No,0
Gold,SOHO,4400,14,19.0,,33,240.17,0.0,240.17,17.16,No,0
Gold,SOHO,6100,14,,,14,240.33,0.0,240.33,17.17,No,0
Gold,SOHO,4000,18,2.0,,20,240.33,0.0,240.33,13.35,No,0
Gold,SOHO,4004,4,,,4,240.83,0.0,240.83,60.21,No,0
Silver,SOHO,4500,17,2.0,,19,241.17,0.0,241.17,14.19,No,0
Silver,SOHO,4023,17,,1.0,18,241.33,0.0,241.33,14.2,No,0
Gold,SOHO,4002,14,4.0,,18,241.33,0.0,241.33,17.24,No,0
Platinum,SOHO,4824,10,,,10,241.83,0.0,241.83,24.18,No,0
Gold,SOHO,6000,6,,,6,242.0,0.0,242.0,40.33,No,0
Gold,SOHO,4000,9,,,9,242.17,0.0,242.17,26.91,No,0
Silver,SOHO,4400,19,1.0,,20,242.83,0.0,242.83,12.78,No,0
Gold,SOHO,6000,11,1.0,,12,243.17,0.0,243.17,22.11,No,0
Gold,SOHO,6450,18,,,18,243.4,0.0,243.4,13.52,No,0
Silver,SOHO,6000,6,,,6,244.0,0.0,244.0,40.67,No,0
Gold,SOHO,4241,17,,,17,244.17,0.0,244.17,14.36,Yes,1
Gold,SOHO,4230,19,,,19,244.17,0.0,244.17,12.85,No,0
Gold,SOHO,6400,22,1.0,,23,244.33,0.0,244.33,11.11,No,0
Silver,SOHO,6600,10,1.0,,11,244.33,0.0,244.33,24.43,No,0
Gold,SOHO,4003,2,3.0,1.0,6,245.0,0.0,245.0,122.5,No,0
Gold,SOHO,4021,11,5.0,,16,246.0,0.0,246.0,22.36,No,0
Gold,SOHO,4023,11,,,11,246.33,0.0,246.33,22.39,No,0
Silver,SOHO,6300,5,1.0,,6,246.33,0.0,246.33,49.27,No,0
Silver,SOHO,4000,15,,,15,246.5,0.0,246.5,16.43,No,0
Gold,SOHO,6000,17,2.0,,19,247.0,0.0,247.0,14.53,No,0
Bronze,SOHO,6450,4,,,4,247.17,0.0,247.17,61.79,No,0
Silver,SOHO,4400,21,,,21,247.83,0.0,247.83,11.8,No,0
Gold,SOHO,4000,16,,,16,248.0,0.0,248.0,15.5,No,0
Gold,SOHO,6400,11,6.0,,17,248.0,0.0,248.0,22.55,No,0
Gold,SOHO,4270,8,1.0,,9,248.5,0.0,248.5,31.06,No,0
Silver,SOHO,6400,13,1.0,,14,248.5,0.0,248.5,19.12,Yes,1
Gold,SOHO,6500,7,1.0,,8,248.5,0.0,248.5,35.5,No,0
Gold,SOHO,4004,11,4.0,,15,249.0,0.0,249.0,22.64,No,0
Silver,SOHO,4003,12,,,12,249.17,0.0,249.17,20.76,No,0
Gold,SOHO,6000,12,,,12,249.17,0.0,249.17,20.76,No,0
Gold,SOHO,6000,6,5.0,1.0,12,250.0,0.0,250.0,41.67,No,0
Silver,SOHO,4230,10,,,10,250.83,0.0,250.83,25.08,No,0
Gold,SOHO,4000,10,2.0,,12,251.67,0.0,251.67,25.17,No,0
Silver,SOHO,6400,10,2.0,,12,251.83,0.0,251.83,25.18,No,0
Iron,SOHO,6490,33,1.0,,34,252.0,0.0,252.0,7.64,No,0
Gold,SOHO,6560,17,,,17,252.0,0.0,252.0,14.82,No,0
Gold,SOHO,6300,6,1.0,,7,252.33,0.0,252.33,42.06,No,0
Gold,SOHO,4000,6,6.0,,12,252.5,0.0,252.5,42.08,No,0
Gold,SOHO,6000,12,,,12,252.67,0.0,252.67,21.06,No,0
Silver,SOHO,6400,11,6.0,,17,253.5,0.0,253.5,23.05,No,0
Gold,SOHO,4000,9,9.0,,18,255.17,0.0,255.17,28.35,Yes,1
Gold,SOHO,4230,17,3.0,,20,255.17,0.0,255.17,15.01,No,0
Silver,SOHO,4230,11,3.0,,14,255.83,0.0,255.83,23.26,No,0
Gold,SOHO,4000,10,,,10,255.83,0.83,256.66,25.58,No,0
Gold,SOHO,4000,13,,,13,256.67,0.0,256.67,19.74,No,0
Gold,SOHO,4180,7,,,7,256.67,0.0,256.67,36.67,No,0
Silver,SOHO,6000,10,,,10,256.83,0.0,256.83,25.68,No,0
Gold,SOHO,6000,5,2.0,,7,257.0,0.0,257.0,51.4,No,0
Gold,SOHO,4600,13,,,13,257.17,0.0,257.17,19.78,No,0
Silver,SOHO,6500,9,,,9,258.67,0.0,258.67,28.74,No,0
Gold,SOHO,4000,5,,,5,259.0,0.0,259.0,51.8,No,0
Gold,SOHO,4470,3,1.0,,4,259.17,0.0,259.17,86.39,No,0
Gold,SOHO,6000,12,2.0,1.0,15,260.83,0.0,260.83,21.74,No,0
Gold,SOHO,6600,19,,,19,261.0,0.0,261.0,13.74,No,0
Gold,SOHO,4150,20,,,20,263.67,0.0,263.67,13.18,No,0
Platinum,SOHO,4004,19,,,19,264.0,0.0,264.0,13.89,No,0
Gold,SOHO,6550,14,,,14,264.5,0.0,264.5,18.89,No,0
Silver,SOHO,4004,11,,,11,264.67,0.0,264.67,24.06,No,0
Gold,SOHO,6000,10,,,10,265.5,0.0,265.5,26.55,No,0
Gold,SOHO,4230,44,1.0,,45,266.0,0.0,266.0,6.05,Yes,1
Silver,SOHO,6100,6,1.0,,7,266.33,0.0,266.33,44.39,No,0
Gold,SOHO,6000,13,,,13,267.17,0.0,267.17,20.55,No,0
Silver,SOHO,6641,8,,,8,267.83,0.0,267.83,33.48,No,0
Gold,SOHO,4400,9,,,9,268.0,0.0,268.0,29.78,No,0
Gold,SOHO,6400,15,2.0,,17,268.17,0.0,268.17,17.88,No,0
Gold,SOHO,6450,8,1.0,,9,272.0,0.0,272.0,34.0,No,0
Silver,SOHO,4142,4,4.0,,8,79.5,194.33,273.83,19.88,No,0
Gold,SOHO,6500,13,2.0,,15,274.0,0.0,274.0,21.08,No,0
Gold,SOHO,6450,24,,,24,274.83,0.0,274.83,11.45,No,0
Gold,SOHO,6300,7,1.0,,8,275.33,0.0,275.33,39.33,Yes,1
Gold,SOHO,4000,9,,,9,275.5,0.0,275.5,30.61,No,0
Gold,SOHO,6400,14,6.0,,20,275.67,0.0,275.67,19.69,No,0
Silver,SOHO,4600,6,2.0,,8,275.83,0.0,275.83,45.97,No,0
Gold,SOHO,6000,8,1.0,,9,276.67,0.0,276.67,34.58,No,0
Gold,SOHO,4150,11,2.0,,13,277.17,0.0,277.17,25.2,No,0
Gold,SOHO,4230,9,1.0,,10,278.67,0.0,278.67,30.96,Yes,1
Gold,SOHO,4270,20,2.0,1.0,23,278.67,0.0,278.67,13.93,No,0
Gold,SOHO,8939,21,,,21,279.0,0.0,279.0,13.29,No,0
Gold,SOHO,4000,18,6.0,,24,279.67,0.0,279.67,15.54,No,0
Silver,SOHO,4004,6,1.0,1.0,8,281.0,0.0,281.0,46.83,No,0
Gold,SOHO,4175,28,2.0,,30,271.67,9.5,281.17,9.7,No,0
Gold,SOHO,4400,8,,1.0,9,281.83,0.0,281.83,35.23,No,0
Gold,SOHO,4000,18,,,18,282.0,0.0,282.0,15.67,No,0
Gold,SOHO,6600,15,1.0,,16,284.4,0.0,284.4,18.96,No,0
Lead,SOHO,6000,16,,,16,285.0,0.0,285.0,17.81,No,0
Gold,SOHO,6000,14,,,14,285.67,0.0,285.67,20.41,No,0
Platinum,SOHO,6300,39,12.0,,51,287.67,0.0,287.67,7.38,No,0
Silver,SOHO,6000,11,,,11,287.8,0.0,287.8,26.16,No,0
Gold,SOHO,4021,11,,,11,290.5,0.0,290.5,26.41,No,0
Gold,SOHO,6000,13,3.0,,16,293.0,0.0,293.0,22.54,No,0
Gold,SOHO,4400,1,,,1,293.83,0.0,293.83,293.83,No,0
Gold,SOHO,6000,22,,,22,295.0,0.0,295.0,13.41,No,0
Gold,SOHO,6000,11,,,11,295.67,0.0,295.67,26.88,No,0
Gold,SOHO,4000,8,9.0,,17,271.67,24.0,295.67,33.96,No,0
Gold,SOHO,6280,12,,,12,295.67,0.0,295.67,24.64,No,0
Gold,SOHO,4020,12,,,12,295.83,0.0,295.83,24.65,No,0
Silver,SOHO,4000,14,,,14,296.6,0.0,296.6,21.19,No,0
Platinum,SOHO,6000,9,5.0,1.0,15,298.5,0.0,298.5,33.17,No,0
Platinum,SOHO,6000,10,1.0,,11,299.17,0.0,299.17,29.92,No,0
Silver,SOHO,4451,7,,,7,299.33,0.0,299.33,42.76,No,0
Platinum,SOHO,6300,3,,,3,300.17,0.0,300.17,100.06,No,0
Lead,SOHO,6000,12,,,12,300.83,0.0,300.83,25.07,No,0
Gold,SOHO,6500,6,,,6,303.17,0.0,303.17,50.53,No,0
Silver,SOHO,6450,13,1.0,,14,303.33,0.0,303.33,23.33,No,0
Gold,SOHO,4000,9,,,9,305.17,0.0,305.17,33.91,No,0
Gold,SOHO,6000,13,,,13,307.17,0.0,307.17,23.63,No,0
Gold,SOHO,4000,9,2.0,1.0,12,308.17,0.0,308.17,34.24,No,0
Gold,SOHO,6300,9,,,9,309.17,0.0,309.17,34.35,No,0
Gold,SOHO,6300,38,,,38,309.33,0.0,309.33,8.14,No,0
Gold,SOHO,6000,9,1.0,,10,310.17,0.0,310.17,34.46,No,0
Gold,SOHO,4003,6,1.0,,7,310.33,0.0,310.33,51.72,No,0
Gold,SOHO,6450,15,2.0,,17,311.33,0.0,311.33,20.76,Yes,1
Gold,SOHO,4000,10,8.0,,18,312.17,0.0,312.17,31.22,No,0
Silver,SOHO,6100,4,1.0,,5,157.5,155.5,313.0,39.38,No,0
Gold,SOHO,4000,15,,,15,314.17,0.0,314.17,20.94,Yes,1
Gold,SOHO,4004,6,1.0,,7,317.67,0.0,317.67,52.95,No,0
Gold,SOHO,4002,11,1.0,,12,246.0,75.0,321.0,22.36,No,0
Silver,SOHO,4004,14,,,14,323.2,0.0,323.2,23.09,No,0
Gold,SOHO,4000,16,,,16,324.0,0.0,324.0,20.25,No,0
Lead,SOHO,4600,9,,,9,331.33,0.0,331.33,36.81,No,0
Silver,SOHO,6138,32,,,32,334.0,0.0,334.0,10.44,No,0
Lead,SOHO,6053,11,5.0,,16,335.33,0.0,335.33,30.48,No,0
Gold,SOHO,6000,1,,,1,338.67,0.0,338.67,338.67,No,0
Gold,SOHO,1000,23,,,23,339.17,0.0,339.17,14.75,No,0
Gold,SOHO,4000,19,4.0,,23,340.33,0.0,340.33,17.91,No,0
Silver,SOHO,4000,17,,,17,340.5,0.0,340.5,20.03,No,0
Gold,SOHO,6100,9,1.0,,10,340.67,0.0,340.67,37.85,No,0
Platinum,SOHO,4004,10,1.0,,11,345.0,0.0,345.0,34.5,No,0
Silver,SOHO,4003,9,,,9,167.33,179.0,346.33,18.59,No,0
Silver,SOHO,4000,17,,,17,347.5,0.0,347.5,20.44,No,0
Gold,SOHO,4000,12,,,12,354.5,0.0,354.5,29.54,No,0
Silver,SOHO,4002,9,10.0,,19,354.67,0.0,354.67,39.41,No,0
Gold,SOHO,4003,15,12.0,,27,355.67,0.0,355.67,23.71,No,0
Platinum,SOHO,6701,2,,,2,362.33,0.0,362.33,181.17,No,0
Gold,SOHO,4002,5,1.0,,6,366.83,0.0,366.83,73.37,No,0
Gold,SOHO,6300,13,3.0,,16,368.5,0.0,368.5,28.35,No,0
Silver,SOHO,6000,8,,1.0,9,372.0,0.0,372.0,46.5,No,0
Silver,SOHO,4000,9,1.0,,10,372.17,0.0,372.17,41.35,No,0
Gold,SOHO,6300,12,5.0,,17,372.67,0.0,372.67,31.06,No,0
Platinum,SOHO,4023,40,,,40,372.83,0.0,372.83,9.32,No,0
Gold,SOHO,8900,11,,,11,374.0,0.0,374.0,34.0,No,0
Gold,SOHO,4004,14,7.0,,21,377.5,0.0,377.5,26.96,No,0
Silver,SOHO,4003,10,1.0,,11,191.5,186.17,377.67,19.15,No,0
Platinum,SOHO,4000,7,5.0,,12,379.5,0.0,379.5,54.21,No,0
Gold,SOHO,4003,18,,,18,381.17,0.0,381.17,21.18,No,0
Silver,SOHO,6300,26,,,26,382.67,0.0,382.67,14.72,No,0
Gold,SOHO,6600,20,1.0,,21,383.67,0.0,383.67,19.18,No,0
Silver,SOHO,6000,12,,,12,391.33,0.0,391.33,32.61,No,0
Platinum,SOHO,4000,60,5.0,,65,393.0,0.0,393.0,6.55,No,0
Lead,SOHO,6000,10,,,10,324.17,73.33,397.5,32.42,No,0
Silver,SOHO,4000,9,1.0,,10,400.83,0.0,400.83,44.54,No,0
Gold,SOHO,4006,10,8.0,,18,331.5,80.67,412.17,33.15,No,0
Platinum,SOHO,4230,25,,2.0,27,413.75,0.0,413.75,16.55,No,0
Bronze,SOHO,6060,32,,,32,421.0,0.0,421.0,13.16,No,0
Gold,SOHO,4030,25,3.0,,28,427.33,0.0,427.33,17.09,No,0
Platinum,SOHO,6000,16,,,16,441.17,0.0,441.17,27.57,No,0
Platinum,SOHO,6000,8,,,8,441.75,0.0,441.75,55.22,No,0
Platinum,SOHO,4400,20,,,20,442.17,0.0,442.17,22.11,No,0
Platinum,SOHO,4204,8,1.0,,9,456.17,0.0,456.17,57.02,No,0
Lead,SOHO,3241,6,,,6,468.17,0.0,468.17,78.03,No,0
Platinum,SOHO,9644,22,,,22,471.83,0.0,471.83,21.45,No,0
Platinum,SOHO,4500,20,,,20,478.83,0.0,478.83,23.94,No,0
Bronze,SOHO,6300,1,25.0,,26,0.0,480.5,480.5,0.0,No,0
Gold,SOHO,4000,37,1.0,,38,486.33,0.0,486.33,13.14,No,0
Bronze,SOHO,4400,3,,,3,60.33,0.0,60.33,20.11,No,0
Bronze,SOHO,4400,3,5.0,,8,61.17,0.0,61.17,20.39,No,0
Bronze,SOHO,4400,3,,,3,61.33,0.0,61.33,20.44,No,0
Bronze,SOHO,4400,4,35.0,,39,61.5,0.0,61.5,15.38,No,0
Bronze,SOHO,4406,1,,,1,61.83,0.0,61.83,61.83,No,0
Bronze,SOHO,4400,2,,,2,62.33,0.0,62.33,31.17,No,0
Bronze,SOHO,4550,7,,,7,62.5,0.0,62.5,8.93,No,0
Bronze,SOHO,4550,3,1.0,,4,62.83,0.0,62.83,20.94,No,0
Bronze,SOHO,4400,2,,,2,62.83,0.0,62.83,31.42,No,0
Bronze,SOHO,4600,2,1.0,,3,63.5,0.0,63.5,31.75,Yes,1
Bronze,SOHO,4400,3,4.0,,7,63.67,0.0,63.67,21.22,No,0
Iron,SOHO,4409,6,,,6,63.67,0.0,63.67,10.61,No,0
Iron,SOHO,4474,5,,,5,64.17,0.0,64.17,12.83,No,0
Bronze,SOHO,4400,3,1.0,,4,64.17,0.0,64.17,21.39,No,0
Bronze,SOHO,4400,4,,,4,65.17,0.0,65.17,16.29,No,0
Bronze,SOHO,4580,4,,,4,65.83,0.0,65.83,16.46,No,0
Bronze,SOHO,4400,7,13.0,,20,65.83,0.0,65.83,9.4,No,0
Bronze,SOHO,4400,2,,,2,66.67,0.0,66.67,33.34,No,0
Bronze,SOHO,4600,4,3.0,,7,66.83,0.0,66.83,16.71,Yes,1
Bronze,SOHO,4481,3,,,3,66.83,0.0,66.83,22.28,No,0
Bronze,SOHO,4550,5,,,5,67.17,0.0,67.17,13.43,No,0
Bronze,SOHO,4600,4,3.0,,7,67.33,0.0,67.33,16.83,No,0
Bronze,SOHO,4455,3,1.0,,4,67.33,0.0,67.33,22.44,No,0
Bronze,SOHO,4600,3,1.0,,4,67.83,0.0,67.83,22.61,No,0
Bronze,SOHO,4491,1,6.0,,7,68.0,0.0,68.0,68.0,No,0
Bronze,SOHO,4400,1,,,1,68.17,0.0,68.17,68.17,No,0
Bronze,SOHO,4407,2,,,2,68.67,0.0,68.67,34.34,No,0
Bronze,SOHO,4400,1,1.0,,2,69.33,0.0,69.33,69.33,No,0
Bronze,SOHO,4400,2,,,2,69.5,0.0,69.5,34.75,No,0
Bronze,SOHO,4550,2,,,2,69.83,0.0,69.83,34.92,No,0
Bronze,SOHO,4400,2,1.0,,3,70.0,0.0,70.0,35.0,No,0
Bronze,SOHO,4400,5,2.0,,7,70.17,0.0,70.17,14.03,No,0
Bronze,SOHO,4405,3,5.0,,8,70.33,0.0,70.33,23.44,No,0
Bronze,SOHO,4400,5,,,5,70.83,0.0,70.83,14.17,No,0
Bronze,SOHO,4400,5,,,5,71.17,0.0,71.17,14.23,No,0
Bronze,SOHO,4400,2,1.0,,3,71.5,0.0,71.5,35.75,No,0
Bronze,SOHO,4400,4,2.0,,6,72.0,0.0,72.0,18.0,No,0
Bronze,SOHO,4400,4,,,4,72.0,0.0,72.0,18.0,No,0
Bronze,SOHO,4400,1,,,1,72.17,0.0,72.17,72.17,No,0
Bronze,SOHO,4400,4,3.0,,7,72.5,0.0,72.5,18.13,No,0
Bronze,SOHO,4400,5,,,5,72.83,0.0,72.83,14.57,No,0
Bronze,SOHO,4400,4,3.0,,7,73.0,0.0,73.0,18.25,No,0
Bronze,SOHO,4400,5,1.0,,6,73.17,0.0,73.17,14.63,No,0
Bronze,SOHO,4550,7,,,7,73.67,0.0,73.67,10.52,No,0
Bronze,SOHO,4400,3,,,3,74.5,0.0,74.5,24.83,No,0
Bronze,SOHO,4400,5,,,5,75.33,0.0,75.33,15.07,No,0
Bronze,SOHO,4400,4,1.0,,5,75.5,0.0,75.5,18.88,No,0
Bronze,SOHO,4400,8,,,8,75.67,0.0,75.67,9.46,No,0
Bronze,SOHO,4550,5,1.0,,6,76.83,0.0,76.83,15.37,No,0
Bronze,SOHO,4400,3,,,3,77.17,0.0,77.17,25.72,No,0
Bronze,SOHO,4550,9,1.0,,10,78.0,0.0,78.0,8.67,No,0
Bronze,SOHO,4580,8,,,8,79.0,0.0,79.0,9.88,No,0
Bronze,SOHO,4493,8,,1.0,9,79.0,0.0,79.0,9.88,No,0
Bronze,SOHO,4400,8,3.0,,11,79.0,0.0,79.0,9.88,No,0
Bronze,SOHO,4400,3,,,3,79.17,0.0,79.17,26.39,No,0
Bronze,SOHO,4400,6,,,6,79.5,0.0,79.5,13.25,No,0
Bronze,SOHO,4618,2,,,2,79.67,0.0,79.67,39.84,Yes,1
Iron,SOHO,4400,2,,,2,79.83,0.0,79.83,39.92,No,0
Bronze,SOHO,4400,1,4.0,,5,80.83,0.0,80.83,80.83,Yes,1
Bronze,SOHO,4409,5,,,5,81.5,0.0,81.5,16.3,No,0
Bronze,SOHO,4400,7,,,7,81.83,0.0,81.83,11.69,No,0
Bronze,SOHO,4582,2,,,2,82.83,0.0,82.83,41.42,No,0
Bronze,SOHO,4400,1,,,1,83.0,0.0,83.0,83.0,No,0
Iron,SOHO,4400,1,,1.0,2,83.33,0.0,83.33,83.33,No,0
Bronze,SOHO,4400,3,,,3,84.0,0.0,84.0,28.0,No,0
Bronze,SOHO,4640,5,,,5,84.33,0.0,84.33,16.87,No,0
Bronze,SOHO,4442,3,,,3,84.83,0.0,84.83,28.28,No,0
Bronze,SOHO,4400,6,,,6,84.83,0.0,84.83,14.14,No,0
Bronze,SOHO,4600,1,,,1,85.0,0.0,85.0,85.0,No,0
Bronze,SOHO,4400,3,,,3,85.0,0.0,85.0,28.33,No,0
Bronze,SOHO,4600,5,1.0,,6,85.5,0.0,85.5,17.1,No,0
Bronze,SOHO,4400,6,,,6,85.83,0.0,85.83,14.31,No,0
Bronze,SOHO,4400,7,5.0,,12,86.0,0.0,86.0,12.29,No,0
Bronze,SOHO,4640,1,,,1,86.0,0.0,86.0,86.0,No,0
Bronze,SOHO,4600,5,,,5,86.33,0.0,86.33,17.27,No,0
Bronze,SOHO,4600,3,,,3,86.33,0.0,86.33,28.78,No,0
Bronze,SOHO,4600,4,2.0,,6,87.5,0.0,87.5,21.88,No,0
Bronze,SOHO,4600,3,3.0,,6,87.83,0.0,87.83,29.28,No,0
Bronze,SOHO,4400,3,,,3,87.83,0.0,87.83,29.28,No,0
Bronze,SOHO,4640,3,2.0,,5,88.17,0.0,88.17,29.39,No,0
Bronze,SOHO,4469,7,1.0,,8,88.67,0.0,88.67,12.67,No,0
Bronze,SOHO,4400,4,4.0,,8,89.0,0.0,89.0,22.25,No,0
Bronze,SOHO,4400,6,,,6,89.0,0.0,89.0,14.83,No,0
Bronze,SOHO,4400,2,,,2,89.17,0.0,89.17,44.59,No,0
Silver,SOHO,4400,3,1.0,,4,89.5,0.0,89.5,29.83,No,0
Bronze,SOHO,4455,5,,,5,89.67,0.0,89.67,17.93,No,0
Silver,SOHO,4400,5,,1.0,6,89.83,0.0,89.83,17.97,No,0
Silver,SOHO,4600,7,3.0,,10,89.83,0.0,89.83,12.83,Yes,1
Bronze,SOHO,4400,1,,,1,90.33,0.0,90.33,90.33,No,0
Bronze,SOHO,4400,4,,,4,92.17,0.0,92.17,23.04,Yes,1
Bronze,SOHO,4600,9,,,9,92.83,0.0,92.83,10.31,No,0
Bronze,SOHO,4400,4,,,4,93.5,0.0,93.5,23.38,No,0
Silver,SOHO,4400,3,4.0,,7,93.83,0.0,93.83,31.28,No,0
Silver,SOHO,4400,6,2.0,,8,97.17,0.0,97.17,16.2,No,0
Bronze,SOHO,4400,6,,,6,99.0,0.0,99.0,16.5,No,0
Bronze,SOHO,4400,5,,,5,99.0,0.0,99.0,19.8,No,0
Bronze,SOHO,4470,3,1.0,,4,100.0,0.0,100.0,33.33,No,0
Iron,SOHO,4579,3,,,3,100.33,0.0,100.33,33.44,No,0
Bronze,SOHO,4600,2,,,2,101.33,0.0,101.33,50.67,No,0
Bronze,SOHO,4600,4,,,4,102.17,0.0,102.17,25.54,No,0
Bronze,SOHO,4400,3,,,3,103.5,0.0,103.5,34.5,No,0
Bronze,SOHO,4400,2,13.0,,15,103.5,0.0,103.5,51.75,No,0
Silver,SOHO,4550,8,4.0,,12,103.83,0.0,103.83,12.98,No,0
Bronze,SOHO,4412,3,,,3,104.33,0.0,104.33,34.78,No,0
Bronze,SOHO,4400,10,,,10,104.5,0.0,104.5,10.45,No,0
Bronze,SOHO,4400,5,,,5,105.0,0.0,105.0,21.0,No,0
Bronze,SOHO,4400,6,,,6,106.33,0.0,106.33,17.72,No,0
Bronze,SOHO,4579,4,1.0,,5,106.33,0.0,106.33,26.58,No,0
Bronze,SOHO,4409,5,,,5,107.5,0.0,107.5,21.5,No,0
Silver,SOHO,4550,4,,,4,108.17,0.0,108.17,27.04,No,0
Bronze,SOHO,4550,4,2.0,,6,109.0,0.0,109.0,27.25,No,0
Bronze,SOHO,4600,5,,,5,109.33,0.0,109.33,21.87,No,0
Bronze,SOHO,4407,5,,,5,110.0,0.0,110.0,22.0,No,0
Bronze,SOHO,4400,5,3.0,,8,110.67,0.0,110.67,22.13,No,0
Silver,SOHO,4600,8,,,8,111.67,0.0,111.67,13.96,No,0
Silver,SOHO,4600,7,2.0,,9,112.67,0.0,112.67,16.1,No,0
Silver,SOHO,4400,4,,,4,113.33,0.0,113.33,28.33,No,0
Bronze,SOHO,4400,1,,,1,113.67,0.0,113.67,113.67,No,0
Silver,SOHO,4400,9,,,9,114.33,0.0,114.33,12.7,No,0
Silver,SOHO,4400,7,1.0,,8,115.33,0.0,115.33,16.48,No,0
Bronze,SOHO,4640,10,,,10,115.83,0.0,115.83,11.58,No,0
Silver,SOHO,4400,2,,,2,117.33,0.0,117.33,58.67,No,0
Iron,SOHO,4400,3,,,3,119.17,0.0,119.17,39.72,No,0
Bronze,SOHO,4400,2,1.0,,3,120.5,0.0,120.5,60.25,No,0
Silver,SOHO,4400,11,2.0,,13,120.5,0.0,120.5,10.95,No,0
Bronze,SOHO,4600,4,1.0,,5,120.67,0.0,120.67,30.17,No,0
Silver,SOHO,4600,4,4.0,,8,122.17,0.0,122.17,30.54,No,0
Bronze,SOHO,4400,5,1.0,,6,122.17,0.0,122.17,24.43,No,0
Silver,SOHO,4470,7,,,7,124.33,0.0,124.33,17.76,No,0
Silver,SOHO,4400,5,,,5,125.33,0.0,125.33,25.07,No,0
Bronze,SOHO,4550,3,,,3,125.83,0.0,125.83,41.94,No,0
Bronze,SOHO,4400,3,5.0,,8,126.5,0.0,126.5,42.17,No,0
Bronze,SOHO,4400,3,,,3,126.67,0.0,126.67,42.22,No,0
Silver,SOHO,4492,4,1.0,,5,128.5,0.0,128.5,32.13,No,0
Silver,SOHO,4490,7,,,7,130.33,0.0,130.33,18.62,No,0
Bronze,SOHO,4490,9,2.0,1.0,12,131.33,0.0,131.33,14.59,No,0
Silver,SOHO,4400,4,,,4,132.83,0.0,132.83,33.21,Yes,1
Bronze,SOHO,4400,5,,,5,140.33,0.0,140.33,28.07,No,0
Silver,SOHO,4400,6,4.0,,10,144.0,0.0,144.0,24.0,No,0
Silver,SOHO,4584,7,,,7,144.17,0.0,144.17,20.6,No,0
Bronze,SOHO,4400,7,,,7,144.17,0.0,144.17,20.6,No,0
Silver,SOHO,4600,6,4.0,,10,145.0,0.0,145.0,24.17,No,0
Iron,SOHO,4400,7,,,7,145.5,0.0,145.5,20.79,No,0
Silver,SOHO,4470,2,,,2,146.67,0.0,146.67,73.34,No,0
Silver,SOHO,4400,7,2.0,,9,147.83,0.0,147.83,21.12,No,0
Iron,SOHO,4580,12,,,12,148.83,0.0,148.83,12.4,No,0
Silver,SOHO,4400,5,1.0,,6,149.0,0.0,149.0,29.8,No,0
Bronze,SOHO,4405,6,,,6,150.0,0.0,150.0,25.0,No,0
Silver,SOHO,4600,11,,,11,150.83,0.0,150.83,13.71,No,0
Bronze,SOHO,4400,8,,,8,151.17,0.0,151.17,18.9,No,0
Silver,SOHO,4470,7,4.0,1.0,12,152.33,0.0,152.33,21.76,No,0
Bronze,SOHO,4400,2,,,2,153.67,0.0,153.67,76.84,No,0
Silver,SOHO,4400,5,,,5,156.0,0.0,156.0,31.2,No,0
Silver,SOHO,4470,6,,,6,156.17,0.0,156.17,26.03,No,0
Bronze,SOHO,4600,7,,,7,157.0,0.0,157.0,22.43,Yes,1
Silver,SOHO,4550,5,1.0,,6,157.17,0.0,157.17,31.43,No,0
Silver,SOHO,4400,8,6.0,,14,159.5,0.0,159.5,19.94,No,0
Silver,SOHO,4400,9,1.0,,10,161.33,0.0,161.33,17.93,No,0
Silver,SOHO,4580,7,3.0,,10,165.17,0.0,165.17,23.6,No,0
Silver,SOHO,4600,5,,,5,167.83,0.0,167.83,33.57,No,0
Silver,SOHO,4400,9,,,9,168.67,0.0,168.67,18.74,No,0
Bronze,SOHO,4490,2,,,2,172.17,0.0,172.17,86.09,No,0
Gold,SOHO,4400,12,,,12,175.67,0.0,175.67,14.64,No,0
Silver,SOHO,4640,15,,,15,179.5,0.0,179.5,11.97,No,0
Silver,SOHO,4407,7,,,7,184.0,0.0,184.0,26.29,No,0
Silver,SOHO,4400,5,,,5,184.67,0.0,184.67,36.93,No,0
Bronze,SOHO,4400,6,,,6,188.67,0.0,188.67,31.45,Yes,1
Silver,SOHO,4641,6,2.0,,8,188.83,0.0,188.83,31.47,No,0
Gold,SOHO,4587,12,,,12,192.17,0.0,192.17,16.01,No,0
Silver,SOHO,4400,8,1.0,,9,193.33,0.0,193.33,24.17,No,0
Silver,SOHO,4400,10,,,10,193.83,0.0,193.83,19.38,No,0
Silver,SOHO,4400,16,,,16,196.83,0.0,196.83,12.3,No,0
Silver,SOHO,4640,6,,,6,206.0,0.0,206.0,34.33,No,0
Silver,SOHO,4579,7,1.0,,8,207.5,0.0,207.5,29.64,Yes,1
Gold,SOHO,4400,7,1.0,,8,208.5,0.0,208.5,29.79,No,0
Gold,SOHO,4412,15,2.0,,17,211.67,0.0,211.67,14.11,No,0
Silver,SOHO,4581,7,5.0,,12,215.17,0.0,215.17,30.74,No,0
Silver,SOHO,4400,13,,,13,218.67,0.0,218.67,16.82,No,0
Silver,SOHO,4600,9,4.0,,13,144.0,76.33,220.33,16.0,No,0
Gold,SOHO,4400,2,,,2,226.33,0.0,226.33,113.17,No,0
Silver,SOHO,4640,8,,,8,228.17,0.0,228.17,28.52,No,0
Silver,SOHO,4400,14,,,14,229.33,0.0,229.33,16.38,No,0
Silver,SOHO,4600,12,,1.0,13,231.33,0.0,231.33,19.28,No,0
Silver,SOHO,4400,3,2.0,,5,240.5,0.0,240.5,80.17,No,0
Gold,SOHO,4400,14,1.0,,15,246.33,0.0,246.33,17.6,No,0
Gold,SOHO,4550,12,,,12,271.83,0.0,271.83,22.65,No,0
Bronze,SOHO,4600,20,6.0,,26,289.0,0.0,289.0,14.45,No,0
Silver,SOHO,4407,13,,,13,329.33,0.0,329.33,25.33,No,0
Gold,SOHO,4490,10,9.0,,19,389.83,0.0,389.83,38.98,No,0
Gold,SOHO,4469,9,1.0,,10,398.83,0.0,398.83,44.31,No,0
Bronze,SOHO,4023,3,,,3,63.83,0.0,63.83,21.28,No,0
Bronze,SOHO,4023,3,1.0,,4,63.83,0.0,63.83,21.28,No,0
Bronze,SOHO,4004,2,2.0,,4,64.0,0.0,64.0,32.0,No,0
Bronze,SOHO,4000,5,1.0,,6,64.0,0.0,64.0,12.8,No,0
Silver,SOHO,4824,2,2.0,,4,64.0,0.0,64.0,32.0,No,0
Bronze,SOHO,4230,5,1.0,,6,64.0,0.0,64.0,12.8,No,0
Bronze,SOHO,4900,1,,,1,64.17,0.0,64.17,64.17,No,0
Bronze,SOHO,4180,5,,,5,64.17,0.0,64.17,12.83,No,0
Bronze,SOHO,4000,5,,,5,64.17,0.0,64.17,12.83,Yes,1
Bronze,SOHO,4003,5,,,5,64.17,0.0,64.17,12.83,No,0
Bronze,SOHO,4824,5,1.0,,6,64.17,0.0,64.17,12.83,No,0
Bronze,SOHO,4855,6,3.0,,9,64.17,0.0,64.17,10.7,No,0
Bronze,SOHO,4000,2,1.0,,3,64.17,0.0,64.17,32.09,No,0
Bronze,SOHO,4004,3,2.0,,5,64.17,0.0,64.17,21.39,No,0
Bronze,SOHO,4004,4,3.0,,7,64.33,0.0,64.33,16.08,No,0
Bronze,SOHO,4940,2,1.0,,3,64.33,0.0,64.33,32.17,No,0
Bronze,SOHO,4000,3,1.0,,4,64.33,0.0,64.33,21.44,No,0
Bronze,SOHO,4270,6,,,6,64.5,0.0,64.5,10.75,No,0
Bronze,SOHO,4270,5,,,5,64.67,0.0,64.67,12.93,No,0
Bronze,SOHO,4023,3,2.0,,5,64.67,0.0,64.67,21.56,No,0
Bronze,SOHO,4023,4,,,4,64.67,0.0,64.67,16.17,No,0
Bronze,SOHO,4002,7,1.0,,8,64.67,0.0,64.67,9.24,No,0
Bronze,SOHO,4003,5,3.0,,8,64.83,0.0,64.83,12.97,No,0
Bronze,SOHO,4002,4,1.0,,5,64.83,0.0,64.83,16.21,No,0
Bronze,SOHO,4000,2,12.0,,14,64.83,0.0,64.83,32.42,No,0
Bronze,SOHO,4002,1,2.0,,3,64.83,0.0,64.83,64.83,No,0
Bronze,SOHO,4000,1,1.0,,2,64.83,0.0,64.83,64.83,No,0
Bronze,SOHO,4002,4,2.0,,6,65.0,0.0,65.0,16.25,No,0
Bronze,SOHO,4700,5,,,5,65.0,0.0,65.0,13.0,No,0
Bronze,SOHO,4023,2,2.0,,4,65.0,0.0,65.0,32.5,No,0
Bronze,SOHO,4300,6,1.0,,7,65.0,0.0,65.0,10.83,No,0
Bronze,SOHO,4700,10,,,10,65.0,0.0,65.0,6.5,No,0
Bronze,SOHO,4003,3,,,3,65.17,0.0,65.17,21.72,No,0
Bronze,SOHO,4002,7,1.0,,8,65.17,0.0,65.17,9.31,No,0
Bronze,SOHO,4000,4,1.0,,5,65.17,0.0,65.17,16.29,No,0
Bronze,SOHO,4020,3,,,3,65.17,0.0,65.17,21.72,No,0
Bronze,SOHO,4000,3,,,3,65.17,0.0,65.17,21.72,No,0
Bronze,SOHO,4980,7,1.0,,8,65.33,0.0,65.33,9.33,No,0
Bronze,SOHO,4000,6,1.0,,7,65.33,0.0,65.33,10.89,No,0
Bronze,SOHO,4230,2,4.0,,6,65.33,0.0,65.33,32.67,No,0
Bronze,SOHO,4000,4,,,4,65.33,0.0,65.33,16.33,No,0
Iron,SOHO,4270,1,2.0,,3,65.33,0.0,65.33,65.33,No,0
Bronze,SOHO,4000,7,1.0,,8,65.5,0.0,65.5,9.36,No,0
Bronze,SOHO,4124,5,,,5,65.5,0.0,65.5,13.1,No,0
Bronze,SOHO,4021,2,,,2,65.5,0.0,65.5,32.75,No,0
Bronze,SOHO,4700,3,2.0,,5,65.5,0.0,65.5,21.83,No,0
Bronze,SOHO,4230,7,,,7,65.5,0.0,65.5,9.36,No,0
Bronze,SOHO,4023,2,,,2,65.5,0.0,65.5,32.75,No,0
Bronze,SOHO,4224,1,,,1,65.67,0.0,65.67,65.67,No,0
Bronze,SOHO,4020,3,4.0,,7,65.67,0.0,65.67,21.89,No,0
Bronze,SOHO,4002,7,,,7,65.67,0.0,65.67,9.38,No,0
Bronze,SOHO,4003,2,,,2,65.67,0.0,65.67,32.84,No,0
Bronze,SOHO,4000,1,1.0,,2,65.67,0.0,65.67,65.67,No,0
Bronze,SOHO,4004,5,,,5,65.83,0.0,65.83,13.17,No,0
Bronze,SOHO,4004,5,1.0,,6,65.83,0.0,65.83,13.17,No,0
Bronze,SOHO,4300,3,1.0,,4,65.83,0.0,65.83,21.94,No,0
Iron,SOHO,4000,4,,,4,65.83,0.0,65.83,16.46,No,0
Bronze,SOHO,4000,3,,,3,65.83,0.0,65.83,21.94,No,0
Bronze,SOHO,4000,3,,,3,66.0,0.0,66.0,22.0,No,0
Bronze,SOHO,4003,4,,,4,66.0,0.0,66.0,16.5,No,0
Bronze,SOHO,4270,2,1.0,,3,66.0,0.0,66.0,33.0,No,0
Bronze,SOHO,4000,8,3.0,,11,66.0,0.0,66.0,8.25,No,0
Bronze,SOHO,4124,6,,,6,66.0,0.0,66.0,11.0,Yes,1
Bronze,SOHO,4700,10,,,10,66.17,0.0,66.17,6.62,No,0
Silver,SOHO,4002,3,1.0,,4,66.33,0.0,66.33,22.11,No,0
Bronze,SOHO,4000,2,4.0,,6,66.33,0.0,66.33,33.17,No,0
Bronze,SOHO,4193,2,,,2,66.33,0.0,66.33,33.17,No,0
Bronze,SOHO,4300,3,,,3,66.5,0.0,66.5,22.17,No,0
Bronze,SOHO,4000,2,,,2,66.5,0.0,66.5,33.25,No,0
Bronze,SOHO,4002,2,,,2,66.5,0.0,66.5,33.25,No,0
Bronze,SOHO,4003,2,,,2,66.5,0.0,66.5,33.25,No,0
Iron,SOHO,4199,5,,,5,66.5,0.0,66.5,13.3,No,0
Bronze,SOHO,4108,2,,,2,66.67,0.0,66.67,33.34,No,0
Bronze,SOHO,4000,3,,,3,66.67,0.0,66.67,22.22,No,0
Iron,SOHO,4000,1,,,1,66.67,0.0,66.67,66.67,No,0
Bronze,SOHO,4004,1,,,1,66.67,0.0,66.67,66.67,No,0
Bronze,SOHO,4108,6,,,6,66.83,0.0,66.83,11.14,No,0
Bronze,SOHO,4000,4,5.0,,9,67.0,0.0,67.0,16.75,No,0
Bronze,SOHO,4000,5,,,5,67.0,0.0,67.0,13.4,No,0
Bronze,SOHO,4002,2,,,2,67.0,0.0,67.0,33.5,No,0
Bronze,SOHO,4003,2,2.0,,4,67.17,0.0,67.17,33.59,No,0
Bronze,SOHO,4000,2,1.0,,3,67.17,0.0,67.17,33.59,No,0
Iron,SOHO,4950,4,1.0,,5,67.17,0.0,67.17,16.79,No,0
Bronze,SOHO,4700,3,,,3,67.17,0.0,67.17,22.39,No,0
Silver,SOHO,4023,4,2.0,,6,67.17,0.0,67.17,16.79,No,0
Bronze,SOHO,4000,5,2.0,,7,67.17,0.0,67.17,13.43,No,0
Bronze,SOHO,4004,7,,,7,67.17,0.0,67.17,9.6,No,0
Bronze,SOHO,4330,2,,,2,67.17,0.0,67.17,33.59,No,0
Silver,SOHO,4199,1,3.0,,4,67.17,0.0,67.17,67.17,No,0
Bronze,SOHO,4002,3,2.0,,5,67.17,0.0,67.17,22.39,No,0
Bronze,SOHO,4270,4,,,4,67.33,0.0,67.33,16.83,No,0
Iron,SOHO,4000,2,,,2,67.33,0.0,67.33,33.67,No,0
Bronze,SOHO,4204,5,1.0,,6,67.33,0.0,67.33,13.47,No,0
Bronze,SOHO,4202,2,,,2,67.33,0.0,67.33,33.67,No,0
Bronze,SOHO,4000,1,3.0,,4,67.5,0.0,67.5,67.5,No,0
Bronze,SOHO,4003,1,1.0,,2,67.5,0.0,67.5,67.5,No,0
Bronze,SOHO,4023,1,,,1,67.5,0.0,67.5,67.5,No,0
Bronze,SOHO,4003,2,,,2,57.17,10.33,67.5,28.59,No,0
Bronze,SOHO,4002,2,,,2,67.5,0.0,67.5,33.75,No,0
Bronze,SOHO,4976,11,3.0,,14,67.5,0.0,67.5,6.14,No,0
Bronze,SOHO,4000,6,,,6,67.5,0.0,67.5,11.25,No,0
Bronze,SOHO,4000,2,,,2,67.5,0.0,67.5,33.75,No,0
Bronze,SOHO,4140,6,,,6,67.67,0.0,67.67,11.28,No,0
Bronze,SOHO,4023,3,3.0,,6,67.83,0.0,67.83,22.61,No,0
Bronze,SOHO,4004,3,,,3,67.83,0.0,67.83,22.61,No,0
Bronze,SOHO,4000,5,2.0,,7,67.83,0.0,67.83,13.57,No,0
Bronze,SOHO,4850,2,,,2,67.83,0.0,67.83,33.92,No,0
Bronze,SOHO,4700,4,,,4,67.83,0.0,67.83,16.96,No,0
Bronze,SOHO,4000,3,2.0,,5,67.83,0.0,67.83,22.61,No,0
Bronze,SOHO,4270,4,1.0,,5,68.0,0.0,68.0,17.0,No,0
Bronze,SOHO,4700,4,,,4,68.17,0.0,68.17,17.04,No,0
Bronze,SOHO,4000,2,5.0,,7,68.17,0.0,68.17,34.09,No,0
Bronze,SOHO,4000,2,,,2,68.17,0.0,68.17,34.09,No,0
Iron,SOHO,4000,3,,,3,68.17,0.0,68.17,22.72,No,0
Bronze,SOHO,4980,7,2.0,,9,68.17,0.0,68.17,9.74,No,0
Bronze,SOHO,4004,2,,,2,68.17,0.0,68.17,34.09,No,0
Bronze,SOHO,4200,12,,,12,68.33,0.0,68.33,5.69,No,0
Bronze,SOHO,4006,6,,,6,68.5,0.0,68.5,11.42,No,0
Bronze,SOHO,4000,1,,,1,68.5,0.0,68.5,68.5,No,0
Bronze,SOHO,4003,5,,,5,68.5,0.0,68.5,13.7,No,0
Bronze,SOHO,4000,5,,,5,68.67,0.0,68.67,13.73,No,0
Bronze,SOHO,4001,4,,,4,68.67,0.0,68.67,17.17,No,0
Bronze,SOHO,4004,5,1.0,,6,68.83,0.0,68.83,13.77,No,0
Bronze,SOHO,4006,3,,,3,68.83,0.0,68.83,22.94,No,0
Iron,SOHO,4006,1,,,1,68.83,0.0,68.83,68.83,No,0
Bronze,SOHO,4000,3,,,3,68.83,0.0,68.83,22.94,No,0
Bronze,SOHO,4000,4,,,4,68.83,0.0,68.83,17.21,No,0
Bronze,SOHO,4101,1,,,1,68.83,0.0,68.83,68.83,No,0
Bronze,SOHO,4004,2,4.0,,6,68.83,0.0,68.83,34.42,No,0
Iron,SOHO,4000,2,,,2,69.0,0.0,69.0,34.5,No,0
Bronze,SOHO,4004,5,,,5,69.0,0.0,69.0,13.8,No,0
Bronze,SOHO,4000,3,,,3,69.0,0.0,69.0,23.0,No,0
Bronze,SOHO,4003,2,3.0,,5,69.0,0.0,69.0,34.5,No,0
Bronze,SOHO,4003,2,7.0,,9,69.0,0.0,69.0,34.5,No,0
Bronze,SOHO,4000,2,5.0,,7,69.0,0.0,69.0,34.5,No,0
Bronze,SOHO,4000,4,,,4,69.0,0.0,69.0,17.25,No,0
Bronze,SOHO,4230,7,1.0,,8,69.0,0.0,69.0,9.86,No,0
Bronze,SOHO,4000,3,,,3,69.0,0.0,69.0,23.0,No,0
Bronze,SOHO,4000,1,,,1,69.0,0.0,69.0,69.0,No,0
Bronze,SOHO,4000,2,98.0,,100,69.17,0.0,69.17,34.59,No,0
Bronze,SOHO,4003,4,3.0,,7,69.17,0.0,69.17,17.29,Yes,1
Bronze,SOHO,4530,4,1.0,,5,69.17,0.0,69.17,17.29,No,0
Bronze,SOHO,4270,2,,,2,69.33,0.0,69.33,34.67,No,0
Bronze,SOHO,4142,7,1.0,,8,69.33,0.0,69.33,9.9,No,0
Bronze,SOHO,4000,4,2.0,,6,69.33,0.0,69.33,17.33,No,0
Silver,SOHO,4800,3,9.0,,12,69.5,0.0,69.5,23.17,No,0
Bronze,SOHO,4006,6,,,6,69.5,0.0,69.5,11.58,No,0
Bronze,SOHO,4003,5,2.0,,7,69.5,0.0,69.5,13.9,No,0
Bronze,SOHO,4023,2,,,2,69.5,0.0,69.5,34.75,No,0
Silver,SOHO,4002,3,,,3,69.5,0.0,69.5,23.17,No,0
Bronze,SOHO,4023,2,,,2,69.5,0.0,69.5,34.75,No,0
Bronze,SOHO,4003,6,1.0,,7,69.5,0.0,69.5,11.58,No,0
Bronze,SOHO,4000,2,1.0,,3,69.5,0.0,69.5,34.75,No,0
Bronze,SOHO,4108,4,3.0,,7,69.67,0.0,69.67,17.42,No,0
Bronze,SOHO,4000,5,1.0,,6,69.67,0.0,69.67,13.93,No,0
Bronze,SOHO,4000,3,,,3,69.67,0.0,69.67,23.22,No,0
Bronze,SOHO,4004,6,,,6,69.67,0.0,69.67,11.61,Yes,1
Bronze,SOHO,4000,5,,,5,69.83,0.0,69.83,13.97,No,0
Iron,SOHO,4000,3,,,3,69.83,0.0,69.83,23.28,No,0
Bronze,SOHO,4000,3,,,3,69.83,0.0,69.83,23.28,No,0
Bronze,SOHO,4000,9,2.0,,11,70.0,0.0,70.0,7.78,No,0
Bronze,SOHO,4006,3,3.0,,6,70.0,0.0,70.0,23.33,No,0
Bronze,SOHO,4002,5,,,5,70.0,0.0,70.0,14.0,No,0
Bronze,SOHO,4023,2,2.0,,4,70.0,0.0,70.0,35.0,No,0
Bronze,SOHO,4000,5,,,5,70.0,0.0,70.0,14.0,No,0
Bronze,SOHO,4001,5,8.0,,13,70.17,0.0,70.17,14.03,No,0
Bronze,SOHO,4003,5,2.0,,7,70.17,0.0,70.17,14.03,No,0
Bronze,SOHO,4300,3,,,3,70.17,0.0,70.17,23.39,No,0
Bronze,SOHO,4940,3,,,3,70.17,0.0,70.17,23.39,No,0
Bronze,SOHO,4210,3,1.0,,4,70.17,0.0,70.17,23.39,No,0
Bronze,SOHO,4000,3,5.0,,8,70.33,0.0,70.33,23.44,No,0
Bronze,SOHO,4002,7,1.0,,8,70.33,0.0,70.33,10.05,No,0
Bronze,SOHO,4000,3,,,3,70.33,0.0,70.33,23.44,No,0
Bronze,SOHO,4230,3,,,3,70.5,0.0,70.5,23.5,No,0
Bronze,SOHO,4000,3,,,3,70.5,0.0,70.5,23.5,No,0
Bronze,SOHO,4000,1,,,1,70.5,0.0,70.5,70.5,No,0
Bronze,SOHO,4002,4,,,4,70.67,0.0,70.67,17.67,No,0
Bronze,SOHO,4003,6,2.0,,8,70.67,0.0,70.67,11.78,No,0
Bronze,SOHO,4000,6,,,6,70.83,0.0,70.83,11.81,No,0
Bronze,SOHO,4800,4,4.0,,8,70.83,0.0,70.83,17.71,No,0
Bronze,SOHO,4700,4,1.0,,5,70.83,0.0,70.83,17.71,No,0
Bronze,SOHO,4700,6,,,6,70.83,0.0,70.83,11.81,No,0
Bronze,SOHO,4003,3,,,3,70.83,0.0,70.83,23.61,No,0
Silver,SOHO,4004,2,4.0,,6,70.83,0.0,70.83,35.42,Yes,1
Bronze,SOHO,4230,1,,,1,71.0,0.0,71.0,71.0,No,0
Bronze,SOHO,4003,2,,,2,71.0,0.0,71.0,35.5,No,0
Bronze,SOHO,4006,10,,,10,71.0,0.0,71.0,7.1,No,0
Bronze,SOHO,4002,5,,,5,71.0,0.0,71.0,14.2,No,0
Bronze,SOHO,4300,2,4.0,,6,71.0,0.0,71.0,35.5,No,0
Bronze,SOHO,4004,4,,,4,71.0,0.0,71.0,17.75,No,0
Bronze,SOHO,4000,3,,,3,71.0,0.0,71.0,23.67,No,0
Bronze,SOHO,4370,4,,,4,71.17,0.0,71.17,17.79,No,0
Bronze,SOHO,4500,3,,,3,71.17,0.0,71.17,23.72,No,0
Bronze,SOHO,4262,4,,,4,71.17,0.0,71.17,17.79,No,0
Bronze,SOHO,4000,8,,,8,71.17,0.0,71.17,8.9,No,0
Bronze,SOHO,4700,2,1.0,,3,71.17,0.0,71.17,35.59,No,0
Bronze,SOHO,4004,2,,,2,71.17,0.0,71.17,35.59,No,0
Bronze,SOHO,4003,1,,,1,71.17,0.0,71.17,71.17,No,0
Bronze,SOHO,4147,2,1.0,,3,71.17,0.0,71.17,35.59,No,0
Bronze,SOHO,4002,5,2.0,,7,71.33,0.0,71.33,14.27,No,0
Bronze,SOHO,4703,6,4.0,,10,71.33,0.0,71.33,11.89,Yes,1
Bronze,SOHO,4003,2,,,2,71.5,0.0,71.5,35.75,Yes,1
Bronze,SOHO,4004,6,,,6,71.5,0.0,71.5,11.92,No,0
Bronze,SOHO,4004,4,,,4,71.5,0.0,71.5,17.88,No,0
Bronze,SOHO,4150,4,,,4,71.5,0.0,71.5,17.88,No,0
Bronze,SOHO,4006,3,,,3,71.5,0.0,71.5,23.83,No,0
Bronze,SOHO,4990,4,,,4,71.67,0.0,71.67,17.92,No,0
Bronze,SOHO,4003,4,,,4,71.67,0.0,71.67,17.92,No,0
Bronze,SOHO,4147,6,,,6,71.67,0.0,71.67,11.95,No,0
Bronze,SOHO,4000,2,,,2,71.67,0.0,71.67,35.84,No,0
Bronze,SOHO,4000,5,,,5,71.83,0.0,71.83,14.37,No,0
Bronze,SOHO,4000,6,,,6,71.83,0.0,71.83,11.97,No,0
Silver,SOHO,4288,3,1.0,,4,71.83,0.0,71.83,23.94,No,0
Bronze,SOHO,4002,3,,,3,71.83,0.0,71.83,23.94,No,0
Silver,SOHO,4000,3,,,3,71.83,0.0,71.83,23.94,No,0
Bronze,SOHO,4199,4,,,4,72.0,0.0,72.0,18.0,No,0
Bronze,SOHO,4002,2,1.0,,3,72.17,0.0,72.17,36.09,No,0
Bronze,SOHO,4190,3,,,3,72.17,0.0,72.17,24.06,No,0
Bronze,SOHO,4000,2,,,2,72.17,0.0,72.17,36.09,No,0
Bronze,SOHO,4230,4,,,4,72.17,0.0,72.17,18.04,No,0
Bronze,SOHO,4023,4,,,4,72.17,0.0,72.17,18.04,No,0
Iron,SOHO,4000,5,1.0,,6,72.17,0.0,72.17,14.43,No,0
Bronze,SOHO,4003,5,,,5,72.17,0.0,72.17,14.43,No,0
Bronze,SOHO,4770,1,3.0,,4,72.33,0.0,72.33,72.33,Yes,1
Bronze,SOHO,4002,6,,,6,72.33,0.0,72.33,12.06,No,0
Bronze,SOHO,4004,3,,,3,72.5,0.0,72.5,24.17,No,0
Bronze,SOHO,4003,5,4.0,,9,72.5,0.0,72.5,14.5,No,0
Iron,SOHO,4800,4,,,4,72.5,0.0,72.5,18.13,No,0
Bronze,SOHO,4820,5,,,5,72.5,0.0,72.5,14.5,No,0
Bronze,SOHO,4000,3,,,3,72.5,0.0,72.5,24.17,No,0
Bronze,SOHO,4000,1,,,1,72.5,0.0,72.5,72.5,No,0
Bronze,SOHO,4023,6,,,6,72.67,0.0,72.67,12.11,No,0
Bronze,SOHO,4983,7,,,7,72.67,0.0,72.67,10.38,No,0
Bronze,SOHO,4000,5,2.0,,7,72.83,0.0,72.83,14.57,No,0
Bronze,SOHO,4023,7,,,7,72.83,0.0,72.83,10.4,No,0
Bronze,SOHO,4004,3,,,3,72.83,0.0,72.83,24.28,No,0
Bronze,SOHO,4220,3,,,3,72.83,0.0,72.83,24.28,No,0
Bronze,SOHO,4530,3,1.0,,4,72.83,0.0,72.83,24.28,No,0
Bronze,SOHO,4700,6,,,6,72.83,0.0,72.83,12.14,No,0
Bronze,SOHO,4020,4,2.0,,6,73.0,0.0,73.0,18.25,No,0
Bronze,SOHO,4230,6,2.0,,8,73.0,0.0,73.0,12.17,No,0
Bronze,SOHO,4000,6,1.0,,7,73.0,0.0,73.0,12.17,No,0
Bronze,SOHO,4000,6,,,6,73.17,0.0,73.17,12.2,No,0
Bronze,SOHO,4003,4,,,4,73.17,0.0,73.17,18.29,No,0
Bronze,SOHO,4000,5,1.0,,6,73.17,0.0,73.17,14.63,No,0
Bronze,SOHO,4023,3,,,3,73.17,0.0,73.17,24.39,No,0
Bronze,SOHO,4002,2,,,2,73.17,0.0,73.17,36.59,No,0
Bronze,SOHO,4002,4,1.0,,5,73.17,0.0,73.17,18.29,No,0
Bronze,SOHO,4000,3,3.0,,6,73.17,0.0,73.17,24.39,No,0
Bronze,SOHO,4000,2,,,2,73.33,0.0,73.33,36.67,No,0
Bronze,SOHO,4000,3,,,3,73.33,0.0,73.33,24.44,Yes,1
Bronze,SOHO,4015,2,1.0,,3,73.33,0.0,73.33,36.67,No,0
Iron,SOHO,4108,1,,,1,73.33,0.0,73.33,73.33,No,0
Bronze,SOHO,4150,2,,,2,73.33,0.0,73.33,36.67,No,0
Bronze,SOHO,4003,2,,,2,73.33,0.0,73.33,36.67,No,0
Bronze,SOHO,4002,2,,,2,73.5,0.0,73.5,36.75,No,0
Bronze,SOHO,4001,4,3.0,,7,73.5,0.0,73.5,18.38,No,0
Bronze,SOHO,4000,3,2.0,,5,73.5,0.0,73.5,24.5,No,0
Bronze,SOHO,4000,3,,,3,73.5,0.0,73.5,24.5,No,0
Bronze,SOHO,4003,2,,,2,73.67,0.0,73.67,36.84,No,0
Bronze,SOHO,4000,5,,,5,73.67,0.0,73.67,14.73,No,0
Bronze,SOHO,4230,5,2.0,,7,73.83,0.0,73.83,14.77,No,0
Bronze,SOHO,4000,3,,,3,73.83,0.0,73.83,24.61,No,0
Bronze,SOHO,4210,5,,,5,73.83,0.0,73.83,14.77,No,0
Bronze,SOHO,4002,10,4.0,,14,74.0,0.0,74.0,7.4,Yes,1
Bronze,SOHO,4000,6,,,6,74.0,0.0,74.0,12.33,No,0
Bronze,SOHO,4000,6,,,6,74.0,0.0,74.0,12.33,No,0
Bronze,SOHO,4023,1,,,1,74.17,0.0,74.17,74.17,No,0
Bronze,SOHO,4023,5,,,5,74.17,0.0,74.17,14.83,No,0
Bronze,SOHO,4000,3,3.0,,6,74.17,0.0,74.17,24.72,No,0
Bronze,SOHO,4980,5,,,5,74.17,0.0,74.17,14.83,No,0
Bronze,SOHO,4109,8,1.0,,9,74.17,0.0,74.17,9.27,Yes,1
Bronze,SOHO,4002,7,,,7,74.33,0.0,74.33,10.62,No,0
Bronze,SOHO,4023,3,,,3,74.33,0.0,74.33,24.78,No,0
Bronze,SOHO,4023,4,,,4,74.33,0.0,74.33,18.58,No,0
Bronze,SOHO,4960,7,1.0,,8,74.5,0.0,74.5,10.64,No,0
Bronze,SOHO,4150,8,1.0,,9,74.5,0.0,74.5,9.31,Yes,1
Bronze,SOHO,4003,2,,1.0,3,74.67,0.0,74.67,37.34,No,0
Bronze,SOHO,4003,2,,,2,74.67,0.0,74.67,37.34,No,0
Silver,SOHO,4021,2,1.0,,3,74.67,0.0,74.67,37.34,Yes,1
Bronze,SOHO,4001,2,,,2,74.67,0.0,74.67,37.34,No,0
Bronze,SOHO,4000,2,20.0,,22,74.67,0.0,74.67,37.34,No,0
Bronze,SOHO,4003,4,,,4,74.83,0.0,74.83,18.71,No,0
Bronze,SOHO,4000,3,,,3,75.0,0.0,75.0,25.0,No,0
Silver,SOHO,4004,3,2.0,,5,75.0,0.0,75.0,25.0,No,0
Bronze,SOHO,4270,2,2.0,,4,75.0,0.0,75.0,37.5,No,0
Bronze,SOHO,4000,3,3.0,,6,75.17,0.0,75.17,25.06,No,0
Bronze,SOHO,4203,6,,,6,75.17,0.0,75.17,12.53,No,0
Bronze,SOHO,4700,2,1.0,,3,75.17,0.0,75.17,37.59,No,0
Bronze,SOHO,4101,6,,,6,75.17,0.0,75.17,12.53,No,0
Bronze,SOHO,4000,4,,,4,75.33,0.0,75.33,18.83,No,0
Bronze,SOHO,4000,5,,,5,75.33,0.0,75.33,15.07,Yes,1
Bronze,SOHO,4023,4,1.0,,5,75.33,0.0,75.33,18.83,No,0
Bronze,SOHO,4230,5,1.0,,6,75.33,0.0,75.33,15.07,No,0
Bronze,SOHO,4000,5,2.0,,7,75.5,0.0,75.5,15.1,No,0
Bronze,SOHO,4000,6,4.0,,10,75.5,0.0,75.5,12.58,No,0
Iron,SOHO,4004,3,,,3,75.5,0.0,75.5,25.17,Yes,1
Silver,SOHO,4003,4,2.0,,6,75.5,0.0,75.5,18.88,No,0
Bronze,SOHO,4300,7,,,7,75.67,0.0,75.67,10.81,No,0
Bronze,SOHO,4004,6,,,6,75.67,0.0,75.67,12.61,No,0
Bronze,SOHO,4000,5,1.0,,6,75.67,0.0,75.67,15.13,No,0
Bronze,SOHO,4000,5,1.0,,6,75.67,0.0,75.67,15.13,No,0
Bronze,SOHO,4000,1,,,1,75.83,0.0,75.83,75.83,No,0
Silver,SOHO,4000,1,,,1,76.0,0.0,76.0,76.0,No,0
Bronze,SOHO,4703,6,1.0,,7,76.0,0.0,76.0,12.67,No,0
Bronze,SOHO,4003,5,1.0,,6,76.0,0.0,76.0,15.2,No,0
Bronze,SOHO,4000,5,7.0,,12,76.0,0.0,76.0,15.2,No,0
Bronze,SOHO,4700,4,,,4,76.0,0.0,76.0,19.0,No,0
Bronze,SOHO,4230,4,,,4,76.0,0.0,76.0,19.0,No,0
Bronze,SOHO,4003,4,,,4,76.0,0.0,76.0,19.0,No,0
Bronze,SOHO,4000,2,1.0,,3,76.17,0.0,76.17,38.09,No,0
Bronze,SOHO,4002,3,1.0,,4,76.17,0.0,76.17,25.39,No,0
Bronze,SOHO,4224,5,3.0,,8,76.17,0.0,76.17,15.23,No,0
Bronze,SOHO,4000,3,1.0,,4,76.33,0.0,76.33,25.44,No,0
Bronze,SOHO,4004,6,,,6,76.33,0.0,76.33,12.72,No,0
Bronze,SOHO,4370,3,1.0,,4,76.33,0.0,76.33,25.44,No,0
Bronze,SOHO,4121,5,1.0,,6,76.33,0.0,76.33,15.27,No,0
Bronze,SOHO,4006,6,,,6,76.33,0.0,76.33,12.72,No,0
Bronze,SOHO,4000,6,,,6,76.5,0.0,76.5,12.75,No,0
Bronze,SOHO,4700,7,,,7,76.5,0.0,76.5,10.93,No,0
Bronze,SOHO,4003,4,,,4,76.5,0.0,76.5,19.13,No,0
Bronze,SOHO,4000,3,,,3,76.5,0.0,76.5,25.5,No,0
Bronze,SOHO,4023,5,,,5,76.5,0.0,76.5,15.3,No,0
Bronze,SOHO,4000,5,,,5,76.5,0.0,76.5,15.3,No,0
Bronze,SOHO,4000,4,1.0,,5,76.67,0.0,76.67,19.17,No,0
Bronze,SOHO,4700,1,,,1,76.67,0.0,76.67,76.67,No,0
Bronze,SOHO,4000,6,,,6,76.83,0.0,76.83,12.81,No,0
Bronze,SOHO,4000,3,,,3,76.83,0.0,76.83,25.61,No,0
Bronze,SOHO,4000,2,,,2,76.83,0.0,76.83,38.42,No,0
Bronze,SOHO,4004,5,1.0,,6,76.83,0.0,76.83,15.37,No,0
Bronze,SOHO,4023,7,2.0,,9,77.0,0.0,77.0,11.0,No,0
Bronze,SOHO,4000,5,,,5,77.0,0.0,77.0,15.4,No,0
Bronze,SOHO,4243,8,,,8,77.0,0.0,77.0,9.63,No,0
Iron,SOHO,4016,2,2.0,,4,77.0,0.0,77.0,38.5,No,0
Bronze,SOHO,4000,4,,,4,77.0,0.0,77.0,19.25,No,0
Bronze,SOHO,4002,4,2.0,,6,77.0,0.0,77.0,19.25,No,0
Bronze,SOHO,4002,3,1.0,,4,77.17,0.0,77.17,25.72,No,0
Bronze,SOHO,4980,5,,,5,77.17,0.0,77.17,15.43,No,0
Silver,SOHO,4003,2,3.0,1.0,6,77.17,0.0,77.17,38.59,No,0
Bronze,SOHO,4000,6,,,6,77.17,0.0,77.17,12.86,No,0
Bronze,SOHO,4003,5,1.0,,6,77.33,0.0,77.33,15.47,No,0
Bronze,SOHO,4000,4,4.0,,8,77.33,0.0,77.33,19.33,No,0
Bronze,SOHO,4001,6,1.0,,7,77.33,0.0,77.33,12.89,No,0
Bronze,SOHO,4958,7,,,7,77.33,0.0,77.33,11.05,No,0
Bronze,SOHO,4004,6,,,6,77.33,0.0,77.33,12.89,No,0
Bronze,SOHO,4002,2,2.0,,4,77.5,0.0,77.5,38.75,No,0
Bronze,SOHO,4700,5,,,5,77.5,0.0,77.5,15.5,No,0
Bronze,SOHO,4000,7,1.0,,8,77.67,0.0,77.67,11.1,No,0
Bronze,SOHO,4172,6,,,6,77.67,0.0,77.67,12.95,No,0
Bronze,SOHO,4000,3,,,3,77.67,0.0,77.67,25.89,No,0
Iron,SOHO,4700,4,1.0,,5,77.67,0.0,77.67,19.42,No,0
Bronze,SOHO,4003,4,,1.0,5,77.67,0.0,77.67,19.42,No,0
Bronze,SOHO,4230,6,,,6,77.67,0.0,77.67,12.95,No,0
Bronze,SOHO,4133,4,,,4,77.83,0.0,77.83,19.46,No,0
Bronze,SOHO,4000,4,,,4,77.83,0.0,77.83,19.46,No,0
Bronze,SOHO,4000,5,,,5,78.17,0.0,78.17,15.63,No,0
Bronze,SOHO,4000,6,,,6,78.17,0.0,78.17,13.03,No,0
Bronze,SOHO,4230,6,2.0,,8,78.17,0.0,78.17,13.03,No,0
Bronze,SOHO,4000,3,,,3,78.17,0.0,78.17,26.06,No,0
Lead,SOHO,4003,5,1.0,,6,78.33,0.0,78.33,15.67,No,0
Bronze,SOHO,4000,5,1.0,,6,78.33,0.0,78.33,15.67,No,0
Bronze,SOHO,4700,6,,,6,78.33,0.0,78.33,13.06,No,0
Bronze,SOHO,4111,7,1.0,,8,78.33,0.0,78.33,11.19,No,0
Silver,SOHO,4192,5,,,5,78.33,0.0,78.33,15.67,No,0
Bronze,SOHO,4000,3,1.0,,4,78.5,0.0,78.5,26.17,No,0
Bronze,SOHO,4002,3,2.0,,5,78.5,0.0,78.5,26.17,No,0
Bronze,SOHO,4000,5,,,5,78.5,0.0,78.5,15.7,No,0
Bronze,SOHO,4150,1,1.0,,2,78.5,0.0,78.5,78.5,No,0
Bronze,SOHO,4000,5,,,5,78.67,0.0,78.67,15.73,No,0
Bronze,SOHO,4109,4,3.0,,7,78.67,0.0,78.67,19.67,No,0
Bronze,SOHO,4835,4,1.0,,5,78.67,0.0,78.67,19.67,No,0
Bronze,SOHO,4230,3,,,3,78.67,0.0,78.67,26.22,No,0
Bronze,SOHO,4004,6,,,6,78.83,0.0,78.83,13.14,No,0
Bronze,SOHO,4180,2,,,2,79.0,0.0,79.0,39.5,No,0
Bronze,SOHO,4001,3,,,3,79.0,0.0,79.0,26.33,No,0
Bronze,SOHO,4006,6,,,6,79.17,0.0,79.17,13.2,No,0
Bronze,SOHO,4210,4,,,4,79.17,0.0,79.17,19.79,No,0
Bronze,SOHO,4000,5,1.0,,6,79.17,0.0,79.17,15.83,No,0
Bronze,SOHO,4000,6,2.0,,8,79.17,0.0,79.17,13.2,No,0
Bronze,SOHO,4023,4,,,4,79.17,0.0,79.17,19.79,No,0
Bronze,SOHO,4000,5,,,5,79.17,0.0,79.17,15.83,Yes,1
Bronze,SOHO,4003,4,5.0,,9,79.17,0.0,79.17,19.79,No,0
Bronze,SOHO,4023,6,5.0,,11,79.33,0.0,79.33,13.22,No,0
Bronze,SOHO,4110,8,2.0,,10,79.33,0.0,79.33,9.92,No,0
Bronze,SOHO,4023,3,,,3,79.33,0.0,79.33,26.44,No,0
Silver,SOHO,4230,2,2.0,,4,79.33,0.0,79.33,39.67,No,0
Bronze,SOHO,4700,4,,,4,79.33,0.0,79.33,19.83,No,0
Bronze,SOHO,4000,1,,,1,79.33,0.0,79.33,79.33,No,0
Bronze,SOHO,4003,3,,,3,79.33,0.0,79.33,26.44,No,0
Bronze,SOHO,4000,5,2.0,,7,79.33,0.0,79.33,15.87,No,0
Bronze,SOHO,4002,5,,,5,79.5,0.0,79.5,15.9,No,0
Bronze,SOHO,4134,5,,,5,79.5,0.0,79.5,15.9,No,0
Bronze,SOHO,4000,6,,,6,79.5,0.0,79.5,13.25,No,0
Bronze,SOHO,4000,3,2.0,,5,79.5,0.0,79.5,26.5,No,0
Silver,SOHO,4700,6,9.0,,15,79.5,0.0,79.5,13.25,No,0
Bronze,SOHO,4985,4,2.0,,6,79.5,0.0,79.5,19.88,No,0
Bronze,SOHO,4300,5,,,5,79.5,0.0,79.5,15.9,No,0
Bronze,SOHO,4230,2,,,2,79.67,0.0,79.67,39.84,No,0
Silver,SOHO,4000,6,,,6,79.67,0.0,79.67,13.28,No,0
Bronze,SOHO,4002,3,2.0,,5,79.67,0.0,79.67,26.56,No,0
Bronze,SOHO,4004,4,2.0,,6,79.67,0.0,79.67,19.92,No,0
Bronze,SOHO,4003,5,,,5,79.83,0.0,79.83,15.97,No,0
Bronze,SOHO,4230,9,,,9,79.83,0.0,79.83,8.87,No,0
Bronze,SOHO,4300,3,1.0,,4,79.83,0.0,79.83,26.61,No,0
Bronze,SOHO,4101,3,,,3,80.0,0.0,80.0,26.67,No,0
Bronze,SOHO,4003,4,1.0,,5,80.0,0.0,80.0,20.0,No,0
Bronze,SOHO,4000,8,,,8,80.17,0.0,80.17,10.02,No,0
Bronze,SOHO,4210,3,,,3,80.33,0.0,80.33,26.78,No,0
Bronze,SOHO,4870,1,8.0,,9,80.33,0.0,80.33,80.33,No,0
Bronze,SOHO,4300,4,,,4,80.33,0.0,80.33,20.08,No,0
Silver,SOHO,4180,7,4.0,,11,80.33,0.0,80.33,11.48,No,0
Bronze,SOHO,4030,5,1.0,,6,80.5,0.0,80.5,16.1,No,0
Bronze,SOHO,4000,2,15.0,,17,80.5,0.0,80.5,40.25,No,0
Bronze,SOHO,4000,8,,,8,80.5,0.0,80.5,10.06,No,0
Bronze,SOHO,4003,4,1.0,,5,80.5,0.0,80.5,20.13,No,0
Bronze,SOHO,4006,3,,,3,80.5,0.0,80.5,26.83,No,0
Bronze,SOHO,4003,5,1.0,,6,80.67,0.0,80.67,16.13,No,0
Bronze,SOHO,4003,4,1.0,,5,81.0,0.0,81.0,20.25,No,0
Bronze,SOHO,4700,4,2.0,,6,81.0,0.0,81.0,20.25,No,0
Bronze,SOHO,4101,5,2.0,,7,81.0,0.0,81.0,16.2,No,0
Bronze,SOHO,4000,2,,,2,81.17,0.0,81.17,40.59,No,0
Iron,SOHO,4000,4,,,4,81.17,0.0,81.17,20.29,No,0
Bronze,SOHO,4004,7,3.0,,10,81.17,0.0,81.17,11.6,No,0
Bronze,SOHO,4000,2,,,2,81.33,0.0,81.33,40.67,No,0
Bronze,SOHO,4000,3,3.0,,6,81.33,0.0,81.33,27.11,No,0
Bronze,SOHO,4150,1,3.0,1.0,5,81.33,0.0,81.33,81.33,No,0
Bronze,SOHO,4004,7,4.0,,11,81.5,0.0,81.5,11.64,No,0
Bronze,SOHO,4940,8,,,8,81.5,0.0,81.5,10.19,No,0
Silver,SOHO,4990,5,,,5,81.5,0.0,81.5,16.3,No,0
Bronze,SOHO,4023,5,,,5,81.5,0.0,81.5,16.3,No,0
Bronze,SOHO,4700,4,4.0,,8,81.67,0.0,81.67,20.42,No,0
Bronze,SOHO,4000,3,2.0,,5,81.67,0.0,81.67,27.22,No,0
Bronze,SOHO,4003,6,,,6,81.83,0.0,81.83,13.64,No,0
Bronze,SOHO,4003,3,,,3,81.83,0.0,81.83,27.28,No,0
Bronze,SOHO,4000,3,1.0,,4,82.0,0.0,82.0,27.33,No,0
Bronze,SOHO,4000,3,,,3,82.0,0.0,82.0,27.33,No,0
Bronze,SOHO,4001,2,,,2,82.0,0.0,82.0,41.0,No,0
Bronze,SOHO,4150,4,,,4,82.0,0.0,82.0,20.5,No,0
Bronze,SOHO,4700,1,1.0,,2,82.17,0.0,82.17,82.17,No,0
Bronze,SOHO,4850,7,,,7,82.17,0.0,82.17,11.74,No,0
Bronze,SOHO,4230,4,,,4,82.17,0.0,82.17,20.54,No,0
Bronze,SOHO,4004,3,2.0,,5,82.17,0.0,82.17,27.39,No,0
Bronze,SOHO,4700,3,1.0,,4,82.33,0.0,82.33,27.44,Yes,1
Bronze,SOHO,4340,2,,,2,82.33,0.0,82.33,41.17,No,0
Bronze,SOHO,4230,8,,1.0,9,82.33,0.0,82.33,10.29,No,0
Bronze,SOHO,4002,2,2.0,,4,82.5,0.0,82.5,41.25,No,0
Bronze,SOHO,4000,4,,,4,82.5,0.0,82.5,20.63,No,0
Bronze,SOHO,4006,5,6.0,,11,82.5,0.0,82.5,16.5,No,0
Bronze,SOHO,4980,7,,,7,82.5,0.0,82.5,11.79,No,0
Bronze,SOHO,4271,4,2.0,,6,82.5,0.0,82.5,20.63,No,0
Bronze,SOHO,4107,4,,,4,82.67,0.0,82.67,20.67,No,0
Bronze,SOHO,4000,4,,,4,82.67,0.0,82.67,20.67,No,0
Bronze,SOHO,4000,4,,,4,82.67,0.0,82.67,20.67,No,0
Bronze,SOHO,4002,3,1.0,,4,82.67,0.0,82.67,27.56,No,0
Bronze,SOHO,4000,3,,,3,82.67,0.0,82.67,27.56,Yes,1
Bronze,SOHO,4004,6,3.0,,9,82.83,0.0,82.83,13.81,No,0
Bronze,SOHO,4000,4,1.0,,5,82.83,0.0,82.83,20.71,No,0
Bronze,SOHO,4000,3,,,3,82.83,0.0,82.83,27.61,No,0
Bronze,SOHO,4004,4,2.0,,6,82.83,0.0,82.83,20.71,Yes,1
Silver,SOHO,4221,4,1.0,,5,83.0,0.0,83.0,20.75,No,0
Bronze,SOHO,4000,2,,1.0,3,83.0,0.0,83.0,41.5,No,0
Bronze,SOHO,4000,3,,,3,83.17,0.0,83.17,27.72,Yes,1
Silver,SOHO,4220,3,3.0,,6,83.17,0.0,83.17,27.72,No,0
Bronze,SOHO,4002,1,1.0,,2,83.17,0.0,83.17,83.17,No,0
Silver,SOHO,4006,5,18.0,,23,83.33,0.0,83.33,16.67,No,0
Bronze,SOHO,4000,3,,,3,83.33,0.0,83.33,27.78,No,0
Bronze,SOHO,4004,4,,,4,83.33,0.0,83.33,20.83,Yes,1
Bronze,SOHO,4230,3,,,3,83.33,0.0,83.33,27.78,Yes,1
Bronze,SOHO,4023,1,,,1,83.33,0.0,83.33,83.33,No,0
Bronze,SOHO,4000,8,2.0,,10,83.5,0.0,83.5,10.44,No,0
Bronze,SOHO,4006,7,,,7,83.5,0.0,83.5,11.93,No,0
Bronze,SOHO,4000,3,,,3,83.5,0.0,83.5,27.83,No,0
Bronze,SOHO,4700,5,4.0,,9,83.5,0.0,83.5,16.7,No,0
Bronze,SOHO,4252,8,,,8,83.5,0.0,83.5,10.44,No,0
Bronze,SOHO,4230,3,1.0,,4,83.5,0.0,83.5,27.83,No,0
Bronze,SOHO,4270,2,1.0,,3,83.67,0.0,83.67,41.84,No,0
Bronze,SOHO,4002,5,,,5,83.67,0.0,83.67,16.73,No,0
Bronze,SOHO,4230,5,,,5,83.67,0.0,83.67,16.73,No,0
Bronze,SOHO,4230,8,,,8,83.67,0.0,83.67,10.46,No,0
Bronze,SOHO,4000,2,1.0,,3,83.67,0.0,83.67,41.84,No,0
Bronze,SOHO,4000,4,1.0,,5,83.67,0.0,83.67,20.92,No,0
Bronze,SOHO,4000,7,2.0,,9,83.83,0.0,83.83,11.98,No,0
Bronze,SOHO,4230,5,,,5,83.83,0.0,83.83,16.77,No,0
Bronze,SOHO,4700,7,3.0,,10,84.0,0.0,84.0,12.0,No,0
Bronze,SOHO,4000,2,1.0,,3,84.0,0.0,84.0,42.0,No,0
Bronze,SOHO,4285,5,1.0,,6,84.0,0.0,84.0,16.8,No,0
Bronze,SOHO,4230,6,,,6,84.17,0.0,84.17,14.03,No,0
Bronze,SOHO,4900,5,,,5,84.17,0.0,84.17,16.83,No,0
Bronze,SOHO,4000,5,,,5,84.17,0.0,84.17,16.83,No,0
Bronze,SOHO,4000,9,,,9,84.17,0.0,84.17,9.35,No,0
Bronze,SOHO,4000,4,1.0,,5,84.33,0.0,84.33,21.08,No,0
Bronze,SOHO,4000,3,5.0,,8,84.33,0.0,84.33,28.11,No,0
Silver,SOHO,4000,3,,,3,84.33,0.0,84.33,28.11,No,0
Silver,SOHO,4000,6,1.0,,7,84.33,0.0,84.33,14.06,No,0
Bronze,SOHO,4000,3,4.0,1.0,8,84.5,0.0,84.5,28.17,No,0
Bronze,SOHO,4000,9,2.0,2.0,13,84.5,0.0,84.5,9.39,No,0
Bronze,SOHO,4000,6,1.0,,7,84.5,0.0,84.5,14.08,No,0
Bronze,SOHO,4000,7,1.0,,8,84.67,0.0,84.67,12.1,Yes,1
Bronze,SOHO,4000,5,3.0,,8,84.67,0.0,84.67,16.93,No,0
Iron,SOHO,4150,3,,,3,84.67,0.0,84.67,28.22,No,0
Bronze,SOHO,4004,5,2.0,,7,84.67,0.0,84.67,16.93,No,0
Bronze,SOHO,4500,3,,,3,84.67,0.0,84.67,28.22,No,0
Silver,SOHO,4002,4,1.0,,5,84.67,0.0,84.67,21.17,No,0
Bronze,SOHO,4850,2,1.0,,3,84.8,0.0,84.8,42.4,Yes,1
Bronze,SOHO,4000,4,1.0,,5,84.83,0.0,84.83,21.21,No,0
Bronze,SOHO,4980,3,1.0,,4,84.83,0.0,84.83,28.28,No,0
Bronze,SOHO,4300,2,1.0,,3,84.83,0.0,84.83,42.42,No,0
Bronze,SOHO,4980,4,7.0,,11,85.0,0.0,85.0,21.25,No,0
Bronze,SOHO,4000,2,,,2,85.17,0.0,85.17,42.59,No,0
Bronze,SOHO,4000,3,,,3,85.2,0.0,85.2,28.4,No,0
Bronze,SOHO,4850,2,1.0,,3,85.33,0.0,85.33,42.67,No,0
Bronze,SOHO,4212,8,,,8,85.33,0.0,85.33,10.67,No,0
Silver,SOHO,4000,3,,,3,85.33,0.0,85.33,28.44,Yes,1
Bronze,SOHO,4000,7,,,7,85.5,0.0,85.5,12.21,No,0
Bronze,SOHO,4270,3,,,3,85.5,0.0,85.5,28.5,No,0
Bronze,SOHO,4000,5,,,5,85.67,0.0,85.67,17.13,Yes,1
Bronze,SOHO,4004,5,,,5,85.83,0.0,85.83,17.17,No,0
Bronze,SOHO,4000,7,2.0,,9,85.83,0.0,85.83,12.26,No,0
Bronze,SOHO,4700,4,4.0,,8,85.83,0.0,85.83,21.46,No,0
Bronze,SOHO,4180,7,1.0,,8,85.83,0.0,85.83,12.26,No,0
Silver,SOHO,4003,6,1.0,,7,85.83,0.0,85.83,14.31,No,0
Bronze,SOHO,4023,6,,,6,85.83,0.0,85.83,14.31,No,0
Bronze,SOHO,4000,7,2.0,,9,86.0,0.0,86.0,12.29,No,0
Lead,SOHO,4270,2,,1.0,3,86.0,0.0,86.0,43.0,No,0
Bronze,SOHO,4000,4,,,4,86.0,0.0,86.0,21.5,No,0
Bronze,SOHO,4003,4,1.0,,5,86.33,0.0,86.33,21.58,No,0
Bronze,SOHO,4002,3,1.0,,4,86.33,0.0,86.33,28.78,No,0
Bronze,SOHO,4135,5,,,5,86.5,0.0,86.5,17.3,No,0
Bronze,SOHO,4830,7,6.0,,13,86.67,0.0,86.67,12.38,No,0
Bronze,SOHO,4000,5,1.0,,6,86.67,0.0,86.67,17.33,No,0
Bronze,SOHO,4300,5,1.0,,6,86.83,0.0,86.83,17.37,No,0
Bronze,SOHO,4230,5,1.0,,6,86.83,0.0,86.83,17.37,No,0
Bronze,SOHO,4004,5,1.0,,6,86.83,0.0,86.83,17.37,No,0
Bronze,SOHO,4700,9,1.0,,10,86.83,0.0,86.83,9.65,No,0
Bronze,SOHO,4210,5,,,5,86.83,0.0,86.83,17.37,No,0
Bronze,SOHO,4500,4,,,4,86.83,0.0,86.83,21.71,No,0
Silver,SOHO,4002,2,,,2,87.0,0.0,87.0,43.5,No,0
Bronze,SOHO,4023,4,,,4,87.17,0.0,87.17,21.79,No,0
Silver,SOHO,4800,4,5.0,,9,87.17,0.0,87.17,21.79,No,0
Bronze,SOHO,4002,9,,,9,87.17,0.0,87.17,9.69,Yes,1
Bronze,SOHO,4000,5,,,5,87.33,0.0,87.33,17.47,No,0
Bronze,SOHO,4700,5,,,5,87.33,0.0,87.33,17.47,No,0
Bronze,SOHO,4002,5,,,5,87.5,0.0,87.5,17.5,No,0
Silver,SOHO,4000,2,1.0,,3,87.67,0.0,87.67,43.84,No,0
Bronze,SOHO,4004,4,,,4,87.67,0.0,87.67,21.92,No,0
Bronze,SOHO,4023,7,,,7,87.67,0.0,87.67,12.52,No,0
Bronze,SOHO,4877,3,2.0,,5,87.67,0.0,87.67,29.22,No,0
Silver,SOHO,4023,5,,,5,87.83,0.0,87.83,17.57,No,0
Bronze,SOHO,4004,4,2.0,,6,87.83,0.0,87.83,21.96,No,0
Bronze,SOHO,4230,6,,,6,87.83,0.0,87.83,14.64,No,0
Bronze,SOHO,4003,2,,,2,87.83,0.0,87.83,43.92,No,0
Bronze,SOHO,4000,3,,,3,88.0,0.0,88.0,29.33,No,0
Silver,SOHO,4220,3,2.0,,5,88.0,0.0,88.0,29.33,Yes,1
Bronze,SOHO,4750,3,1.0,,4,88.0,0.0,88.0,29.33,Yes,1
Bronze,SOHO,4850,3,1.0,,4,88.0,0.0,88.0,29.33,No,0
Bronze,SOHO,4224,4,2.0,,6,88.0,0.0,88.0,22.0,No,0
Bronze,SOHO,4003,6,,,6,88.0,0.0,88.0,14.67,No,0
Bronze,SOHO,4003,1,,,1,88.0,0.0,88.0,88.0,No,0
Bronze,SOHO,4987,4,,1.0,5,88.17,0.0,88.17,22.04,No,0
Bronze,SOHO,4004,7,1.0,,8,88.17,0.0,88.17,12.6,No,0
Bronze,SOHO,4003,7,2.0,,9,88.33,0.0,88.33,12.62,No,0
Bronze,SOHO,4023,2,2.0,,4,88.33,0.0,88.33,44.17,No,0
Bronze,SOHO,4000,2,,,2,88.33,0.0,88.33,44.17,No,0
Bronze,SOHO,4999,7,1.0,,8,88.5,0.0,88.5,12.64,No,0
Silver,SOHO,4850,6,2.0,,8,88.5,0.0,88.5,14.75,No,0
Bronze,SOHO,4023,5,,,5,88.5,0.0,88.5,17.7,No,0
Bronze,SOHO,4000,3,,,3,88.67,0.0,88.67,29.56,Yes,1
Bronze,SOHO,4000,3,,,3,88.67,0.0,88.67,29.56,No,0
Bronze,SOHO,4000,5,1.0,,6,88.67,0.0,88.67,17.73,No,0
Bronze,SOHO,4004,4,,,4,88.67,0.0,88.67,22.17,No,0
Bronze,SOHO,4002,5,1.0,,6,88.67,0.0,88.67,17.73,No,0
Bronze,SOHO,4003,3,,,3,88.67,0.0,88.67,29.56,No,0
Bronze,SOHO,4800,1,,,1,88.83,0.0,88.83,88.83,Yes,1
Bronze,SOHO,4700,5,,,5,88.83,0.0,88.83,17.77,No,0
Bronze,SOHO,4000,7,,,7,88.83,0.0,88.83,12.69,Yes,1
Bronze,SOHO,4023,3,3.0,,6,88.83,0.0,88.83,29.61,No,0
Bronze,SOHO,4000,2,1.0,,3,89.0,0.0,89.0,44.5,No,0
Bronze,SOHO,4003,7,,,7,89.17,0.0,89.17,12.74,No,0
Bronze,SOHO,4002,7,1.0,,8,89.17,0.0,89.17,12.74,No,0
Bronze,SOHO,4003,5,1.0,,6,89.17,0.0,89.17,17.83,No,0
Bronze,SOHO,4700,1,,,1,89.17,0.0,89.17,89.17,No,0
Bronze,SOHO,4006,3,1.0,,4,49.17,40.0,89.17,16.39,No,0
Bronze,SOHO,4000,3,1.0,,4,89.33,0.0,89.33,29.78,No,0
Bronze,SOHO,4000,1,,,1,89.33,0.0,89.33,89.33,No,0
Bronze,SOHO,4150,6,1.0,,7,89.33,0.0,89.33,14.89,No,0
Bronze,SOHO,4000,6,1.0,,7,89.33,0.0,89.33,14.89,No,0
Silver,SOHO,4000,2,1.0,,3,89.5,0.0,89.5,44.75,No,0
Bronze,SOHO,4004,2,1.0,,3,89.5,0.0,89.5,44.75,No,0
Bronze,SOHO,4000,5,,,5,89.5,0.0,89.5,17.9,No,0
Bronze,SOHO,4002,5,1.0,,6,89.5,0.0,89.5,17.9,No,0
Bronze,SOHO,4000,5,1.0,1.0,7,89.67,0.0,89.67,17.93,No,0
Bronze,SOHO,4002,8,,,8,89.67,0.0,89.67,11.21,No,0
Bronze,SOHO,4015,9,3.0,,12,89.83,0.0,89.83,9.98,No,0
Bronze,SOHO,4002,4,,,4,89.83,0.0,89.83,22.46,No,0
Bronze,SOHO,4230,4,,,4,90.0,0.0,90.0,22.5,No,0
Bronze,SOHO,4023,6,1.0,,7,90.0,0.0,90.0,15.0,No,0
Bronze,SOHO,4001,5,1.0,,6,90.0,0.0,90.0,18.0,No,0
Bronze,SOHO,4003,5,3.0,,8,90.0,0.0,90.0,18.0,No,0
Bronze,SOHO,4002,6,4.0,,10,90.0,0.0,90.0,15.0,No,0
Bronze,SOHO,4220,2,,,2,90.0,0.0,90.0,45.0,No,0
Bronze,SOHO,4023,6,1.0,,7,90.17,0.0,90.17,15.03,No,0
Bronze,SOHO,4000,7,1.0,,8,90.33,0.0,90.33,12.9,No,0
Bronze,SOHO,4150,5,,,5,90.33,0.0,90.33,18.07,No,0
Silver,SOHO,4003,3,,,3,90.33,0.0,90.33,30.11,No,0
Bronze,SOHO,4000,3,4.0,,7,90.5,0.0,90.5,30.17,No,0
Bronze,SOHO,4001,4,,,4,90.5,0.0,90.5,22.63,No,0
Bronze,SOHO,4000,7,,,7,90.67,0.0,90.67,12.95,No,0
Bronze,SOHO,4000,3,2.0,,5,90.67,0.0,90.67,30.22,No,0
Silver,SOHO,4000,4,9.0,,13,90.83,0.0,90.83,22.71,No,0
Silver,SOHO,4000,3,,,3,90.83,0.0,90.83,30.28,No,0
Bronze,SOHO,4000,8,,,8,91.0,0.0,91.0,11.38,No,0
Bronze,SOHO,4000,4,1.0,,5,91.0,0.0,91.0,22.75,No,0
Bronze,SOHO,4000,3,1.0,,4,91.17,0.0,91.17,30.39,No,0
Bronze,SOHO,4850,8,1.0,,9,91.17,0.0,91.17,11.4,No,0
Bronze,SOHO,4110,2,,,2,91.33,0.0,91.33,45.67,No,0
Bronze,SOHO,4150,1,,,1,91.33,0.0,91.33,91.33,No,0
Bronze,SOHO,4349,4,,,4,91.33,0.0,91.33,22.83,No,0
Bronze,SOHO,4000,6,1.0,,7,91.5,0.0,91.5,15.25,No,0
Bronze,SOHO,4000,5,,,5,91.5,0.0,91.5,18.3,No,0
Bronze,SOHO,4230,9,,,9,91.67,0.0,91.67,10.19,No,0
Bronze,SOHO,4850,4,,,4,91.67,0.0,91.67,22.92,No,0
Bronze,SOHO,4000,6,,,6,91.67,0.0,91.67,15.28,No,0
Bronze,SOHO,4000,5,,,5,91.67,0.0,91.67,18.33,No,0
Bronze,SOHO,4002,7,1.0,,8,91.83,0.0,91.83,13.12,No,0
Bronze,SOHO,4000,1,5.0,,6,91.83,0.0,91.83,91.83,Yes,1
Bronze,SOHO,4004,6,,,6,91.83,0.0,91.83,15.31,No,0
Silver,SOHO,4710,6,,,6,92.0,0.0,92.0,15.33,No,0
Bronze,SOHO,4108,6,,,6,92.0,0.0,92.0,15.33,No,0
Bronze,SOHO,4300,4,2.0,,6,92.0,0.0,92.0,23.0,No,0
Bronze,SOHO,4000,5,,,5,92.0,0.0,92.0,18.4,No,0
Silver,SOHO,4750,7,1.0,,8,92.17,0.0,92.17,13.17,No,0
Bronze,SOHO,4013,4,,,4,92.17,0.0,92.17,23.04,No,0
Silver,SOHO,4000,3,1.0,,4,92.17,0.0,92.17,30.72,No,0
Bronze,SOHO,4000,10,6.0,,16,92.33,0.0,92.33,9.23,No,0
Bronze,SOHO,4002,7,,,7,92.5,0.0,92.5,13.21,No,0
Bronze,SOHO,4002,7,2.0,,9,92.5,0.0,92.5,13.21,No,0
Bronze,SOHO,4002,4,,,4,92.5,0.0,92.5,23.13,No,0
Bronze,SOHO,4000,6,2.0,,8,92.5,0.0,92.5,15.42,No,0
Bronze,SOHO,4000,3,7.0,,10,92.67,0.0,92.67,30.89,No,0
Bronze,SOHO,4000,5,1.0,,6,92.67,0.0,92.67,18.53,No,0
Bronze,SOHO,4270,4,,,4,92.67,0.0,92.67,23.17,No,0
Bronze,SOHO,4023,4,,,4,92.83,0.0,92.83,23.21,No,0
Bronze,SOHO,4000,4,2.0,,6,93.0,0.0,93.0,23.25,No,0
Bronze,SOHO,4003,6,2.0,,8,93.0,0.0,93.0,15.5,No,0
Bronze,SOHO,4000,5,2.0,,7,93.17,0.0,93.17,18.63,No,0
Bronze,SOHO,4004,6,1.0,,7,93.17,0.0,93.17,15.53,No,0
Bronze,SOHO,4023,5,,,5,93.17,0.0,93.17,18.63,No,0
Bronze,SOHO,4023,7,,,7,93.17,0.0,93.17,13.31,No,0
Bronze,SOHO,4000,4,,1.0,5,93.33,0.0,93.33,23.33,No,0
Gold,SOHO,4700,2,,1.0,3,93.33,0.0,93.33,46.67,No,0
Bronze,SOHO,4230,7,2.0,,9,93.33,0.0,93.33,13.33,Yes,1
Bronze,SOHO,4000,4,,,4,93.33,0.0,93.33,23.33,No,0
Iron,SOHO,4000,13,1.0,,14,93.33,0.0,93.33,7.18,No,0
Bronze,SOHO,4023,7,6.0,,13,93.5,0.0,93.5,13.36,No,0
Silver,SOHO,4006,2,,,2,93.5,0.0,93.5,46.75,No,0
Bronze,SOHO,4224,5,,,5,93.5,0.0,93.5,18.7,No,0
Bronze,SOHO,4003,3,1.0,,4,93.5,0.0,93.5,31.17,No,0
Silver,SOHO,4003,2,5.0,,7,93.83,0.0,93.83,46.92,No,0
Silver,SOHO,4000,5,,,5,94.17,0.0,94.17,18.83,No,0
Bronze,SOHO,4172,4,1.0,,5,94.33,0.0,94.33,23.58,No,0
Bronze,SOHO,4023,3,,,3,94.33,0.0,94.33,31.44,No,0
Bronze,SOHO,4998,8,1.0,,9,94.33,0.0,94.33,11.79,No,0
Silver,SOHO,4850,4,4.0,,8,94.5,0.0,94.5,23.63,No,0
Bronze,SOHO,4004,3,1.0,,4,94.5,0.0,94.5,31.5,No,0
Silver,SOHO,4000,6,6.0,,12,94.67,0.0,94.67,15.78,No,0
Bronze,SOHO,4023,5,,,5,94.67,0.0,94.67,18.93,No,0
Bronze,SOHO,4000,8,2.0,,10,94.67,0.0,94.67,11.83,No,0
Bronze,SOHO,4000,6,,,6,94.67,0.0,94.67,15.78,No,0
Bronze,SOHO,4023,5,,,5,94.67,0.0,94.67,18.93,No,0
Bronze,SOHO,4270,7,,,7,94.67,0.0,94.67,13.52,No,0
Bronze,SOHO,4300,3,,,3,94.67,0.0,94.67,31.56,No,0
Bronze,SOHO,4500,4,,,4,94.67,0.0,94.67,23.67,No,0
Bronze,SOHO,4002,5,1.0,,6,94.83,0.0,94.83,18.97,No,0
Bronze,SOHO,4000,3,2.0,,5,94.83,0.0,94.83,31.61,No,0
Bronze,SOHO,4000,3,,,3,94.83,0.0,94.83,31.61,No,0
Iron,SOHO,4000,4,4.0,,8,94.83,0.0,94.83,23.71,No,0
Bronze,SOHO,4002,7,,,7,94.83,0.0,94.83,13.55,No,0
Bronze,SOHO,4000,2,,,2,95.0,0.0,95.0,47.5,No,0
Bronze,SOHO,4004,3,,,3,95.17,0.0,95.17,31.72,No,0
Bronze,SOHO,4230,3,,,3,95.17,0.0,95.17,31.72,No,0
Bronze,SOHO,4003,9,,,9,95.17,0.0,95.17,10.57,No,0
Bronze,SOHO,4230,4,,,4,95.17,0.0,95.17,23.79,No,0
Bronze,SOHO,4000,6,,,6,95.17,0.0,95.17,15.86,No,0
Silver,SOHO,4251,8,,,8,95.17,0.0,95.17,11.9,Yes,1
Bronze,SOHO,4023,5,,,5,95.17,0.0,95.17,19.03,No,0
Bronze,SOHO,4230,7,,,7,95.33,0.0,95.33,13.62,No,0
Silver,SOHO,4230,5,,,5,95.33,0.0,95.33,19.07,No,0
Bronze,SOHO,4000,2,,,2,95.5,0.0,95.5,47.75,No,0
Bronze,SOHO,4000,3,1.0,,4,95.5,0.0,95.5,31.83,No,0
Bronze,SOHO,4002,3,,,3,95.5,0.0,95.5,31.83,Yes,1
Silver,SOHO,4003,4,,,4,95.5,0.0,95.5,23.88,No,0
Silver,SOHO,4700,5,1.0,,6,95.67,0.0,95.67,19.13,No,0
Bronze,SOHO,4002,3,1.0,,4,95.67,0.0,95.67,31.89,No,0
Bronze,SOHO,4700,9,,,9,95.67,0.0,95.67,10.63,No,0
Silver,SOHO,4000,7,,,7,95.83,0.0,95.83,13.69,No,0
Bronze,SOHO,4204,7,1.0,,8,95.83,0.0,95.83,13.69,No,0
Bronze,SOHO,4990,7,1.0,,8,95.83,0.0,95.83,13.69,No,0
Silver,SOHO,4001,4,,,4,96.0,0.0,96.0,24.0,No,0
Bronze,SOHO,4000,1,,,1,96.0,0.0,96.0,96.0,No,0
Silver,SOHO,4000,1,,,1,96.17,0.0,96.17,96.17,No,0
Bronze,SOHO,4016,5,2.0,,7,96.17,0.0,96.17,19.23,No,0
Bronze,SOHO,4300,6,5.0,,11,96.17,0.0,96.17,16.03,No,0
Silver,SOHO,4700,6,5.0,,11,96.33,0.0,96.33,16.06,No,0
Bronze,SOHO,4300,8,1.0,,9,96.33,0.0,96.33,12.04,No,0
Silver,SOHO,4935,3,2.0,,5,96.33,0.0,96.33,32.11,No,0
Bronze,SOHO,4500,5,,,5,96.33,0.0,96.33,19.27,No,0
Bronze,SOHO,4000,4,,,4,96.33,0.0,96.33,24.08,No,0
Bronze,SOHO,4000,12,2.0,,14,96.33,0.0,96.33,8.03,No,0
Bronze,SOHO,4020,3,3.0,,6,96.5,0.0,96.5,32.17,No,0
Bronze,SOHO,4000,6,,1.0,7,96.67,0.0,96.67,16.11,No,0
Bronze,SOHO,4700,5,1.0,,6,96.67,0.0,96.67,19.33,No,0
Bronze,SOHO,4000,1,1.0,,2,96.67,0.0,96.67,96.67,No,0
Bronze,SOHO,4218,6,1.0,,7,96.83,0.0,96.83,16.14,No,0
Silver,SOHO,4900,9,,,9,96.83,0.0,96.83,10.76,No,0
Bronze,SOHO,4002,5,,,5,97.0,0.0,97.0,19.4,No,0
Silver,SOHO,4000,6,,,6,97.0,0.0,97.0,16.17,No,0
Bronze,SOHO,4000,2,,,2,97.0,0.0,97.0,48.5,No,0
Bronze,SOHO,4000,2,1.0,,3,97.0,0.0,97.0,48.5,Yes,1
Bronze,SOHO,4003,7,,,7,97.17,0.0,97.17,13.88,No,0
Bronze,SOHO,4000,1,1.0,,2,97.17,0.0,97.17,97.17,No,0
Silver,SOHO,4020,5,,,5,97.33,0.0,97.33,19.47,No,0
Bronze,SOHO,4000,7,,,7,97.33,0.0,97.33,13.9,No,0
Gold,SOHO,4990,2,,,2,97.5,0.0,97.5,48.75,No,0
Bronze,SOHO,4000,5,2.0,,7,97.5,0.0,97.5,19.5,No,0
Silver,SOHO,4000,1,,,1,97.5,0.0,97.5,97.5,No,0
Bronze,SOHO,4700,4,,,4,97.5,0.0,97.5,24.38,No,0
Bronze,SOHO,4230,10,,,10,97.67,0.0,97.67,9.77,No,0
Bronze,SOHO,4000,7,,,7,97.67,0.0,97.67,13.95,No,0
Bronze,SOHO,4700,7,,,7,97.67,0.0,97.67,13.95,No,0
Bronze,SOHO,4000,7,,,7,97.67,0.0,97.67,13.95,No,0
Bronze,SOHO,4004,7,,,7,97.67,0.0,97.67,13.95,No,0
Bronze,SOHO,4190,6,,,6,97.83,0.0,97.83,16.31,No,0
Silver,SOHO,4023,7,,,7,97.83,0.0,97.83,13.98,No,0
Bronze,SOHO,4000,7,,,7,97.83,0.0,97.83,13.98,No,0
Silver,SOHO,4300,5,4.0,,9,98.0,0.0,98.0,19.6,No,0
Bronze,SOHO,4000,5,,,5,98.0,0.0,98.0,19.6,Yes,1
Silver,SOHO,4003,3,1.0,,4,98.0,0.0,98.0,32.67,No,0
Silver,SOHO,4023,4,4.0,,8,98.0,0.0,98.0,24.5,No,0
Bronze,SOHO,4004,7,1.0,,8,98.33,0.0,98.33,14.05,Yes,1
Gold,SOHO,4701,6,2.0,,8,98.33,0.0,98.33,16.39,No,0
Bronze,SOHO,4000,5,1.0,,6,98.33,0.0,98.33,19.67,No,0
Bronze,SOHO,4270,6,,,6,98.33,0.0,98.33,16.39,No,0
Bronze,SOHO,4000,4,,,4,98.5,0.0,98.5,24.63,No,0
Bronze,SOHO,4850,5,1.0,1.0,7,98.5,0.0,98.5,19.7,No,0
Bronze,SOHO,4000,5,1.0,,6,98.67,0.0,98.67,19.73,No,0
Bronze,SOHO,4700,8,1.0,,9,98.67,0.0,98.67,12.33,No,0
Bronze,SOHO,4330,5,,,5,98.67,0.0,98.67,19.73,No,0
Bronze,SOHO,4121,7,,,7,98.67,0.0,98.67,14.1,No,0
Bronze,SOHO,4002,1,1.0,,2,98.67,0.0,98.67,98.67,No,0
Bronze,SOHO,4197,4,1.0,,5,98.83,0.0,98.83,24.71,No,0
Bronze,SOHO,4218,8,1.0,,9,99.0,0.0,99.0,12.38,No,0
Silver,SOHO,4000,4,1.0,,5,99.0,0.0,99.0,24.75,No,0
Bronze,SOHO,4300,2,,,2,99.0,0.0,99.0,49.5,No,0
Bronze,SOHO,4190,5,,,5,99.0,0.0,99.0,19.8,No,0
Silver,SOHO,4700,4,6.0,,10,99.0,0.0,99.0,24.75,No,0
Bronze,SOHO,4004,10,,,10,99.17,0.0,99.17,9.92,No,0
Bronze,SOHO,4023,13,,,13,99.17,0.0,99.17,7.63,No,0
Bronze,SOHO,4700,4,,,4,99.17,0.0,99.17,24.79,No,0
Bronze,SOHO,4101,7,2.0,,9,99.17,0.0,99.17,14.17,No,0
Bronze,SOHO,4000,8,2.0,,10,99.5,0.0,99.5,12.44,No,0
Bronze,SOHO,4004,2,1.0,,3,99.67,0.0,99.67,49.84,No,0
Bronze,SOHO,4003,5,,,5,99.67,0.0,99.67,19.93,No,0
Bronze,SOHO,4000,4,1.0,,5,99.83,0.0,99.83,24.96,No,0
Silver,SOHO,4000,6,,,6,99.83,0.0,99.83,16.64,No,0
Bronze,SOHO,4230,10,,,10,100.0,0.0,100.0,10.0,Yes,1
Bronze,SOHO,4001,4,1.0,,5,100.17,0.0,100.17,25.04,No,0
Silver,SOHO,4004,3,,,3,100.17,0.0,100.17,33.39,No,0
Bronze,SOHO,4230,13,,,13,100.17,0.0,100.17,7.71,No,0
Bronze,SOHO,4006,3,,,3,100.5,0.0,100.5,33.5,No,0
Bronze,SOHO,4003,1,,,1,100.5,0.0,100.5,100.5,No,0
Silver,SOHO,4230,7,,,7,100.5,0.0,100.5,14.36,No,0
Bronze,SOHO,4000,7,8.0,,15,100.67,0.0,100.67,14.38,No,0
Bronze,SOHO,4000,5,,,5,100.67,0.0,100.67,20.13,No,0
Bronze,SOHO,4000,6,,,6,100.67,0.0,100.67,16.78,Yes,1
Bronze,SOHO,4000,3,,,3,100.67,0.0,100.67,33.56,No,0
Bronze,SOHO,4000,7,3.0,,10,100.83,0.0,100.83,14.4,No,0
Bronze,SOHO,4700,5,,,5,101.0,0.0,101.0,20.2,No,0
Bronze,SOHO,4000,1,1.0,,2,101.0,0.0,101.0,101.0,No,0
Silver,SOHO,4218,6,,,6,101.0,0.0,101.0,16.83,No,0
Bronze,SOHO,4000,5,3.0,,8,101.0,0.0,101.0,20.2,No,0
Bronze,SOHO,4000,2,,,2,101.0,0.0,101.0,50.5,No,0
Bronze,SOHO,4000,1,3.0,,4,101.17,0.0,101.17,101.17,Yes,1
Iron,SOHO,4000,3,1.0,,4,101.17,0.0,101.17,33.72,No,0
Bronze,SOHO,4230,2,,,2,101.33,0.0,101.33,50.67,Yes,1
Bronze,SOHO,4000,5,,,5,101.33,0.0,101.33,20.27,No,0
Silver,SOHO,4230,6,,,6,101.33,0.0,101.33,16.89,No,0
Silver,SOHO,4230,5,4.0,,9,101.5,0.0,101.5,20.3,No,0
Silver,SOHO,4004,4,3.0,,7,101.5,0.0,101.5,25.38,No,0
Bronze,SOHO,4023,8,2.0,,10,101.67,0.0,101.67,12.71,No,0
Bronze,SOHO,4850,3,,,3,101.67,0.0,101.67,33.89,No,0
Silver,SOHO,4000,3,,,3,101.67,0.0,101.67,33.89,No,0
Bronze,SOHO,4000,6,,,6,101.83,0.0,101.83,16.97,No,0
Bronze,SOHO,4000,2,3.0,,5,101.83,0.0,101.83,50.92,No,0
Bronze,SOHO,4023,7,,,7,102.0,0.0,102.0,14.57,No,0
Bronze,SOHO,4000,9,,,9,102.0,0.0,102.0,11.33,Yes,1
Bronze,SOHO,4000,2,,,2,102.0,0.0,102.0,51.0,No,0
Bronze,SOHO,4220,3,,,3,102.17,0.0,102.17,34.06,No,0
Bronze,SOHO,4230,7,,,7,102.17,0.0,102.17,14.6,No,0
Bronze,SOHO,4800,3,,,3,102.17,0.0,102.17,34.06,No,0
Bronze,SOHO,4230,8,3.0,,11,102.33,0.0,102.33,12.79,No,0
Bronze,SOHO,4004,10,,,10,102.33,0.0,102.33,10.23,Yes,1
Bronze,SOHO,4001,4,,,4,102.5,0.0,102.5,25.63,No,0
Bronze,SOHO,4000,5,,,5,102.5,0.0,102.5,20.5,No,0
Silver,SOHO,4000,7,11.0,,18,102.67,0.0,102.67,14.67,No,0
Silver,SOHO,4001,7,,,7,102.67,0.0,102.67,14.67,No,0
Bronze,SOHO,4150,4,1.0,,5,102.83,0.0,102.83,25.71,No,0
Bronze,SOHO,4500,4,6.0,,10,102.83,0.0,102.83,25.71,Yes,1
Bronze,SOHO,4000,2,,,2,102.83,0.0,102.83,51.42,No,0
Bronze,SOHO,4017,5,,,5,102.83,0.0,102.83,20.57,No,0
Bronze,SOHO,4004,4,1.0,,5,103.17,0.0,103.17,25.79,No,0
Bronze,SOHO,4002,3,1.0,,4,103.17,0.0,103.17,34.39,No,0
Silver,SOHO,4000,3,2.0,,5,103.17,0.0,103.17,34.39,No,0
Bronze,SOHO,4180,6,,,6,103.17,0.0,103.17,17.2,No,0
Bronze,SOHO,4001,5,,,5,103.33,0.0,103.33,20.67,No,0
Bronze,SOHO,4700,4,,,4,103.33,0.0,103.33,25.83,Yes,1
Bronze,SOHO,4000,6,,,6,103.33,0.0,103.33,17.22,No,0
Bronze,SOHO,4000,4,4.0,,8,103.5,0.0,103.5,25.88,No,0
Bronze,SOHO,4003,1,2.0,,3,103.67,0.0,103.67,103.67,No,0
Bronze,SOHO,4000,3,3.0,,6,103.67,0.0,103.67,34.56,No,0
Bronze,SOHO,4023,5,,,5,103.67,0.0,103.67,20.73,No,0
Silver,SOHO,4000,6,,,6,103.67,0.0,103.67,17.28,No,0
Bronze,SOHO,4023,4,,,4,104.0,0.0,104.0,26.0,No,0
Bronze,SOHO,4500,3,,,3,104.0,0.0,104.0,34.67,No,0
Bronze,SOHO,4300,4,,,4,104.17,0.0,104.17,26.04,No,0
Bronze,SOHO,4003,3,1.0,,4,104.17,0.0,104.17,34.72,No,0
Bronze,SOHO,4700,6,2.0,,8,104.17,0.0,104.17,17.36,No,0
Silver,SOHO,4000,6,,,6,104.17,0.0,104.17,17.36,No,0
Gold,SOHO,4000,7,11.0,,18,104.33,0.0,104.33,14.9,No,0
Bronze,SOHO,4230,1,,,1,104.67,0.0,104.67,104.67,No,0
Silver,SOHO,4820,8,1.0,,9,104.67,0.0,104.67,13.08,No,0
Bronze,SOHO,4004,7,,,7,104.83,0.0,104.83,14.98,Yes,1
Silver,SOHO,4300,3,5.0,,8,105.0,0.0,105.0,35.0,No,0
Bronze,SOHO,4018,5,6.0,,11,105.17,0.0,105.17,21.03,No,0
Bronze,SOHO,4800,4,,,4,105.17,0.0,105.17,26.29,No,0
Bronze,SOHO,4000,4,,,4,105.17,0.0,105.17,26.29,Yes,1
Silver,SOHO,4330,6,1.0,,7,105.33,0.0,105.33,17.56,No,0
Bronze,SOHO,4108,2,1.0,,3,105.33,0.0,105.33,52.67,No,0
Bronze,SOHO,4700,4,3.0,,7,105.33,0.0,105.33,26.33,No,0
Silver,SOHO,4000,1,5.0,,6,105.5,0.0,105.5,105.5,No,0
Silver,SOHO,4002,3,2.0,,5,105.5,0.0,105.5,35.17,No,0
Silver,SOHO,4987,10,,,10,105.67,0.0,105.67,10.57,No,0
Bronze,SOHO,4500,5,,,5,105.67,0.0,105.67,21.13,No,0
Bronze,SOHO,4225,9,1.0,1.0,11,105.67,0.0,105.67,11.74,No,0
Bronze,SOHO,4000,2,,,2,105.83,0.0,105.83,52.92,No,0
Bronze,SOHO,4000,3,,,3,105.83,0.0,105.83,35.28,No,0
Silver,SOHO,4003,2,2.0,,4,106.0,0.0,106.0,53.0,No,0
Bronze,SOHO,4850,4,,,4,106.0,0.0,106.0,26.5,Yes,1
Bronze,SOHO,4004,4,3.0,,7,106.0,0.0,106.0,26.5,No,0
Bronze,SOHO,4004,4,1.0,,5,106.17,0.0,106.17,26.54,No,0
Bronze,SOHO,4150,7,,,7,106.17,0.0,106.17,15.17,No,0
Silver,SOHO,4000,5,1.0,,6,106.17,0.0,106.17,21.23,No,0
Bronze,SOHO,4700,6,1.0,,7,106.33,0.0,106.33,17.72,No,0
Bronze,SOHO,4015,5,,,5,106.33,0.0,106.33,21.27,No,0
Silver,SOHO,4000,6,,,6,106.33,0.0,106.33,17.72,No,0
Bronze,SOHO,4700,1,2.0,,3,106.33,0.0,106.33,106.33,No,0
Gold,SOHO,4000,7,,,7,106.5,0.0,106.5,15.21,No,0
Silver,SOHO,4002,5,2.0,,7,106.5,0.0,106.5,21.3,No,0
Bronze,SOHO,4210,3,2.0,,5,106.67,0.0,106.67,35.56,No,0
Bronze,SOHO,4006,6,,,6,106.67,0.0,106.67,17.78,Yes,1
Bronze,SOHO,4230,7,2.0,,9,106.67,0.0,106.67,15.24,No,0
Silver,SOHO,4230,6,,,6,106.83,0.0,106.83,17.81,No,0
Bronze,SOHO,4150,7,,,7,106.83,0.0,106.83,15.26,No,0
Silver,SOHO,4270,4,2.0,,6,106.83,0.0,106.83,26.71,No,0
Silver,SOHO,4150,4,,,4,106.83,0.0,106.83,26.71,No,0
Bronze,SOHO,4003,8,,,8,106.83,0.0,106.83,13.35,No,0
Silver,SOHO,4800,5,1.0,,6,107.0,0.0,107.0,21.4,No,0
Bronze,SOHO,4000,6,,,6,107.0,0.0,107.0,17.83,No,0
Bronze,SOHO,4700,2,12.0,,14,107.17,0.0,107.17,53.59,No,0
Bronze,SOHO,4000,2,2.0,,4,107.17,0.0,107.17,53.59,No,0
Bronze,SOHO,4300,5,,,5,107.33,0.0,107.33,21.47,No,0
Bronze,SOHO,4003,6,,,6,107.5,0.0,107.5,17.92,No,0
Silver,SOHO,4002,1,,,1,107.5,0.0,107.5,107.5,No,0
Bronze,SOHO,4000,5,2.0,,7,107.67,0.0,107.67,21.53,No,0
Bronze,SOHO,4000,5,2.0,,7,107.67,0.0,107.67,21.53,No,0
Bronze,SOHO,4003,4,1.0,,5,107.83,0.0,107.83,26.96,No,0
Bronze,SOHO,4850,5,,,5,108.0,0.0,108.0,21.6,No,0
Bronze,SOHO,4004,4,,,4,108.0,0.0,108.0,27.0,No,0
Bronze,SOHO,4794,1,3.0,,4,108.0,0.0,108.0,108.0,No,0
Silver,SOHO,4980,3,6.0,,9,108.17,0.0,108.17,36.06,No,0
Bronze,SOHO,4002,1,5.0,,6,108.33,0.0,108.33,108.33,No,0
Bronze,SOHO,4000,7,7.0,,14,108.33,0.0,108.33,15.48,No,0
Bronze,SOHO,4002,2,1.0,,3,108.33,0.0,108.33,54.17,No,0
Silver,SOHO,4000,4,,,4,108.5,0.0,108.5,27.13,No,0
Bronze,SOHO,4002,6,1.0,,7,108.67,0.0,108.67,18.11,No,0
Bronze,SOHO,4000,3,,,3,108.83,0.0,108.83,36.28,No,0
Silver,SOHO,4225,6,,,6,108.83,0.0,108.83,18.14,No,0
Silver,SOHO,4003,7,,,7,108.83,0.0,108.83,15.55,No,0
Bronze,SOHO,4990,4,,,4,109.0,0.0,109.0,27.25,No,0
Bronze,SOHO,4300,7,,,7,109.33,0.0,109.33,15.62,No,0
Silver,SOHO,4004,9,1.0,,10,109.33,0.0,109.33,12.15,No,0
Bronze,SOHO,4960,4,,,4,109.33,0.0,109.33,27.33,No,0
Silver,SOHO,4023,6,2.0,,8,109.33,0.0,109.33,18.22,No,0
Bronze,SOHO,4000,2,,,2,109.33,0.0,109.33,54.67,No,0
Bronze,SOHO,4000,2,1.0,,3,109.33,0.0,109.33,54.67,No,0
Bronze,SOHO,4701,4,2.0,,6,109.83,0.0,109.83,27.46,No,0
Bronze,SOHO,4006,6,1.0,,7,109.83,0.0,109.83,18.31,No,0
Iron,SOHO,4000,4,,,4,110.0,0.0,110.0,27.5,No,0
Silver,SOHO,4003,5,3.0,,8,110.0,0.0,110.0,22.0,No,0
Bronze,SOHO,4000,6,1.0,,7,110.0,0.0,110.0,18.33,No,0
Bronze,SOHO,4000,1,,,1,110.17,0.0,110.17,110.17,No,0
Bronze,SOHO,4000,1,,,1,110.17,0.0,110.17,110.17,No,0
Bronze,SOHO,4000,3,3.0,,6,50.5,60.0,110.5,16.83,No,0
Bronze,SOHO,4700,4,,,4,110.5,0.0,110.5,27.63,No,0
Silver,SOHO,4002,5,1.0,,6,110.67,0.0,110.67,22.13,No,0
Silver,SOHO,4230,3,,,3,110.83,0.0,110.83,36.94,No,0
Bronze,SOHO,4000,6,,,6,110.83,0.0,110.83,18.47,No,0
Bronze,SOHO,4000,2,,,2,111.0,0.0,111.0,55.5,No,0
Bronze,SOHO,4101,5,,,5,111.0,0.0,111.0,22.2,No,0
Silver,SOHO,4023,4,,,4,111.17,0.0,111.17,27.79,No,0
Silver,SOHO,4003,3,6.0,,9,111.17,0.0,111.17,37.06,No,0
Iron,SOHO,4000,1,1.0,,2,6.0,105.33,111.33,6.0,No,0
Bronze,SOHO,4000,6,2.0,,8,111.33,0.0,111.33,18.56,No,0
Silver,SOHO,4000,10,1.0,,11,111.5,0.0,111.5,11.15,No,0
Bronze,SOHO,4101,10,1.0,,11,111.5,0.0,111.5,11.15,No,0
Bronze,SOHO,4700,12,,,12,111.67,0.0,111.67,9.31,No,0
Bronze,SOHO,4000,4,,,4,111.67,0.0,111.67,27.92,No,0
Bronze,SOHO,4023,4,,,4,111.67,0.0,111.67,27.92,No,0
Bronze,SOHO,4000,8,2.0,,10,111.83,0.0,111.83,13.98,Yes,1
Bronze,SOHO,4220,7,,1.0,8,112.0,0.0,112.0,16.0,No,0
Bronze,SOHO,4700,5,,,5,112.17,0.0,112.17,22.43,No,0
Bronze,SOHO,4023,8,,,8,112.17,0.0,112.17,14.02,No,0
Silver,SOHO,4700,4,,,4,112.17,0.0,112.17,28.04,No,0
Bronze,SOHO,4003,6,,,6,112.17,0.0,112.17,18.7,No,0
Silver,SOHO,4770,9,3.0,,12,112.33,0.0,112.33,12.48,No,0
Silver,SOHO,4002,6,,,6,112.33,0.0,112.33,18.72,No,0
Bronze,SOHO,4004,8,,,8,112.67,0.0,112.67,14.08,No,0
Bronze,SOHO,4023,6,,,6,112.67,0.0,112.67,18.78,No,0
Silver,SOHO,4023,10,,,10,112.67,0.0,112.67,11.27,No,0
Silver,SOHO,4000,4,5.0,,9,113.0,0.0,113.0,28.25,No,0
Bronze,SOHO,4000,5,1.0,,6,113.0,0.0,113.0,22.6,No,0
Bronze,SOHO,4004,3,1.0,,4,113.17,0.0,113.17,37.72,No,0
Bronze,SOHO,4770,4,2.0,,6,113.17,0.0,113.17,28.29,No,0
Bronze,SOHO,4000,6,,,6,113.17,0.0,113.17,18.86,No,0
Bronze,SOHO,4000,1,,,1,113.17,0.0,113.17,113.17,No,0
Bronze,SOHO,4000,5,,,5,113.17,0.0,113.17,22.63,No,0
Bronze,SOHO,4004,4,,,4,113.33,0.0,113.33,28.33,No,0
Bronze,SOHO,4110,12,4.0,,16,113.33,0.0,113.33,9.44,Yes,1
Silver,SOHO,4230,9,,,9,113.5,0.0,113.5,12.61,No,0
Silver,SOHO,4000,6,5.0,,11,113.67,0.0,113.67,18.95,No,0
Silver,SOHO,4000,7,,,7,113.67,0.0,113.67,16.24,No,0
Bronze,SOHO,4230,7,,,7,113.83,0.0,113.83,16.26,No,0
Silver,SOHO,4700,5,,,5,114.0,0.0,114.0,22.8,No,0
Silver,SOHO,4700,11,,,11,114.0,0.0,114.0,10.36,No,0
Bronze,SOHO,4000,6,1.0,,7,114.17,0.0,114.17,19.03,No,0
Bronze,SOHO,4003,6,1.0,,7,114.33,0.0,114.33,19.06,No,0
Bronze,SOHO,4230,2,,,2,114.5,0.0,114.5,57.25,No,0
Bronze,SOHO,4000,9,,,9,114.5,0.0,114.5,12.72,No,0
Silver,SOHO,4230,4,2.0,,6,114.5,0.0,114.5,28.63,No,0
Silver,SOHO,4000,5,,,5,114.5,0.0,114.5,22.9,No,0
Bronze,SOHO,4004,5,1.0,,6,114.67,0.0,114.67,22.93,No,0
Bronze,SOHO,4000,3,,,3,114.67,0.0,114.67,38.22,No,0
Bronze,SOHO,4230,7,1.0,2.0,10,114.67,0.0,114.67,16.38,No,0
Bronze,SOHO,4023,3,,,3,115.0,0.0,115.0,38.33,No,0
Silver,SOHO,4300,3,,,3,115.0,0.0,115.0,38.33,Yes,1
Bronze,SOHO,4002,5,9.0,,14,115.17,0.0,115.17,23.03,No,0
Bronze,SOHO,4110,4,,,4,115.17,0.0,115.17,28.79,No,0
Bronze,SOHO,4023,11,,,11,115.33,0.0,115.33,10.48,No,0
Bronze,SOHO,4172,7,,,7,115.67,0.0,115.67,16.52,No,0
Silver,SOHO,4987,11,1.0,,12,115.83,0.0,115.83,10.53,No,0
Silver,SOHO,4850,4,,,4,116.0,0.0,116.0,29.0,Yes,1
Bronze,SOHO,4000,5,4.0,,9,116.0,0.0,116.0,23.2,No,0
Silver,SOHO,4337,3,,,3,116.0,0.0,116.0,38.67,No,0
Silver,SOHO,4500,3,,,3,116.17,0.0,116.17,38.72,No,0
Platinum,SOHO,4000,6,,,6,113.5,2.67,116.17,18.92,No,0
Bronze,SOHO,4230,14,,,14,116.17,0.0,116.17,8.3,Yes,1
Silver,SOHO,4004,6,,,6,116.33,0.0,116.33,19.39,No,0
Silver,SOHO,4002,4,1.0,,5,116.33,0.0,116.33,29.08,No,0
Silver,SOHO,4003,8,,,8,116.33,0.0,116.33,14.54,No,0
Bronze,SOHO,4000,4,1.0,,5,116.5,0.0,116.5,29.13,No,0
Bronze,SOHO,4000,7,,,7,116.83,0.0,116.83,16.69,No,0
Bronze,SOHO,4003,4,3.0,,7,116.83,0.0,116.83,29.21,No,0
Iron,SOHO,4000,4,5.0,,9,116.83,0.0,116.83,29.21,No,0
Bronze,SOHO,4700,6,,,6,116.83,0.0,116.83,19.47,Yes,1
Bronze,SOHO,4002,4,,,4,116.83,0.0,116.83,29.21,No,0
Bronze,SOHO,4004,5,,,5,117.17,0.0,117.17,23.43,No,0
Silver,SOHO,4210,5,2.0,,7,117.17,0.0,117.17,23.43,No,0
Silver,SOHO,4023,5,2.0,,7,117.33,0.0,117.33,23.47,No,0
Silver,SOHO,4020,5,,,5,117.33,0.0,117.33,23.47,No,0
Bronze,SOHO,4300,5,3.0,,8,117.5,0.0,117.5,23.5,No,0
Silver,SOHO,4020,5,,,5,117.67,0.0,117.67,23.53,No,0
Silver,SOHO,4172,6,5.0,,11,117.67,0.0,117.67,19.61,No,0
Bronze,SOHO,4000,2,2.0,,4,117.83,0.0,117.83,58.92,No,0
Bronze,SOHO,4002,4,1.0,,5,117.83,0.0,117.83,29.46,No,0
Bronze,SOHO,4230,7,2.0,,9,117.83,0.0,117.83,16.83,No,0
Bronze,SOHO,4000,3,,,3,111.5,6.5,118.0,37.17,No,0
Bronze,SOHO,4002,6,1.0,,7,117.83,0.33,118.16,19.64,No,0
Bronze,SOHO,4003,2,2.0,,4,118.17,0.0,118.17,59.09,No,0
Bronze,SOHO,4000,9,,,9,118.17,0.0,118.17,13.13,No,0
Silver,SOHO,4000,4,5.0,,9,118.33,0.0,118.33,29.58,No,0
Bronze,SOHO,4000,6,2.0,,8,118.5,0.0,118.5,19.75,No,0
Bronze,SOHO,4122,4,1.0,,5,118.67,0.0,118.67,29.67,No,0
Silver,SOHO,4004,5,,,5,118.83,0.0,118.83,23.77,Yes,1
Silver,SOHO,4000,4,,,4,119.33,0.0,119.33,29.83,No,0
Bronze,SOHO,4023,5,2.0,,7,119.33,0.0,119.33,23.87,No,0
Bronze,SOHO,4113,3,,,3,119.33,0.0,119.33,39.78,No,0
Silver,SOHO,4004,5,,,5,119.33,0.0,119.33,23.87,No,0
Silver,SOHO,4003,5,,,5,119.5,0.0,119.5,23.9,No,0
Bronze,SOHO,4230,3,,,3,119.67,0.0,119.67,39.89,No,0
Silver,SOHO,4330,5,1.0,,6,119.83,0.0,119.83,23.97,No,0
Bronze,SOHO,4870,6,3.0,,9,120.17,0.0,120.17,20.03,No,0
Silver,SOHO,4002,3,2.0,,5,120.17,0.0,120.17,40.06,No,0
Silver,SOHO,4004,7,1.0,,8,120.33,0.0,120.33,17.19,No,0
Bronze,SOHO,4230,9,,,9,120.33,0.0,120.33,13.37,No,0
Silver,SOHO,4700,4,,,4,120.33,0.0,120.33,30.08,No,0
Bronze,SOHO,4300,5,1.0,,6,120.83,0.0,120.83,24.17,No,0
Silver,SOHO,4000,5,1.0,,6,121.0,0.0,121.0,24.2,No,0
Silver,SOHO,4180,6,,,6,121.0,0.0,121.0,20.17,No,0
Silver,SOHO,4300,7,,,7,121.0,0.0,121.0,17.29,Yes,1
Bronze,SOHO,4180,7,,,7,121.0,0.0,121.0,17.29,No,0
Bronze,SOHO,4000,7,1.0,,8,121.33,0.0,121.33,17.33,No,0
Bronze,SOHO,4000,3,,,3,121.33,0.0,121.33,40.44,No,0
Bronze,SOHO,4000,8,,,8,121.5,0.0,121.5,15.19,No,0
Silver,SOHO,4000,4,,,4,121.5,0.0,121.5,30.38,No,0
Gold,SOHO,4003,7,4.0,,11,121.67,0.0,121.67,17.38,No,0
Silver,SOHO,4107,5,,,5,121.67,0.0,121.67,24.33,No,0
Bronze,SOHO,4000,4,,,4,121.67,0.0,121.67,30.42,No,0
Bronze,SOHO,4023,5,,,5,121.83,0.0,121.83,24.37,No,0
Bronze,SOHO,4000,7,,,7,122.0,0.0,122.0,17.43,No,0
Bronze,SOHO,4000,3,,,3,122.33,0.0,122.33,40.78,No,0
Silver,SOHO,4000,6,,,6,122.33,0.0,122.33,20.39,No,0
Silver,SOHO,4230,4,,,4,122.33,0.0,122.33,30.58,Yes,1
Bronze,SOHO,4003,6,,1.0,7,122.5,0.0,122.5,20.42,No,0
Bronze,SOHO,4003,3,,,3,122.5,0.0,122.5,40.83,No,0
Silver,SOHO,4970,4,,,4,122.67,0.0,122.67,30.67,No,0
Silver,SOHO,4003,4,,,4,122.67,0.0,122.67,30.67,No,0
Bronze,SOHO,4000,5,,,5,122.67,0.0,122.67,24.53,Yes,1
Silver,SOHO,4300,4,,,4,122.83,0.0,122.83,30.71,No,0
Bronze,SOHO,4150,4,,,4,123.0,0.0,123.0,30.75,No,0
Bronze,SOHO,4700,6,,,6,123.0,0.0,123.0,20.5,No,0
Silver,SOHO,4015,2,1.0,,3,123.0,0.0,123.0,61.5,No,0
Bronze,SOHO,4000,4,,,4,123.0,0.0,123.0,30.75,No,0
Bronze,SOHO,4002,8,31.0,,39,123.33,0.0,123.33,15.42,No,0
Bronze,SOHO,4000,3,,,3,123.5,0.0,123.5,41.17,No,0
Bronze,SOHO,4800,5,,,5,123.67,0.0,123.67,24.73,No,0
Silver,SOHO,4150,5,,,5,123.67,0.0,123.67,24.73,No,0
Bronze,SOHO,4270,6,1.0,,7,123.67,0.0,123.67,20.61,No,0
Bronze,SOHO,4003,5,,,5,123.83,0.0,123.83,24.77,Yes,1
Silver,SOHO,4850,5,16.0,,21,124.0,0.0,124.0,24.8,No,0
Silver,SOHO,4002,2,,2.0,4,124.0,0.0,124.0,62.0,No,0
Silver,SOHO,4134,7,,,7,124.17,0.0,124.17,17.74,No,0
Silver,SOHO,4107,6,,,6,124.17,0.0,124.17,20.7,Yes,1
Silver,SOHO,4500,4,4.0,,8,124.5,0.0,124.5,31.13,No,0
Silver,SOHO,4002,10,,,10,124.5,0.0,124.5,12.45,No,0
Bronze,SOHO,4000,9,,,9,124.67,0.0,124.67,13.85,No,0
Silver,SOHO,4150,7,,,7,124.83,0.0,124.83,17.83,Yes,1
Silver,SOHO,4003,5,,,5,124.83,0.0,124.83,24.97,No,0
Silver,SOHO,4000,5,,,5,125.0,0.0,125.0,25.0,No,0
Bronze,SOHO,4872,9,,,9,125.0,0.0,125.0,13.89,No,0
Silver,SOHO,4700,5,1.0,,6,125.17,0.0,125.17,25.03,No,0
Silver,SOHO,4003,1,,,1,125.17,0.0,125.17,125.17,No,0
Bronze,SOHO,4000,5,1.0,,6,125.17,0.0,125.17,25.03,No,0
Bronze,SOHO,4002,6,1.0,,7,125.17,0.0,125.17,20.86,No,0
Silver,SOHO,4000,7,,,7,125.33,0.0,125.33,17.9,Yes,1
Silver,SOHO,4230,6,1.0,,7,125.5,0.0,125.5,20.92,No,0
Bronze,SOHO,4850,8,,,8,125.83,0.0,125.83,15.73,No,0
Silver,SOHO,4700,10,,,10,125.83,0.0,125.83,12.58,Yes,1
Silver,SOHO,4000,6,1.0,,7,126.0,0.0,126.0,21.0,No,0
Gold,SOHO,4004,7,2.0,,9,126.17,0.0,126.17,18.02,No,0
Silver,SOHO,4180,3,,,3,126.17,0.0,126.17,42.06,No,0
Silver,SOHO,4000,7,,,7,126.17,0.0,126.17,18.02,No,0
Silver,SOHO,4270,11,1.0,,12,126.33,0.0,126.33,11.48,No,0
Bronze,SOHO,4204,13,3.0,,16,126.5,0.0,126.5,9.73,Yes,1
Silver,SOHO,4135,12,,,12,126.5,0.0,126.5,10.54,No,0
Bronze,SOHO,4002,4,,,4,126.83,0.0,126.83,31.71,No,0
Bronze,SOHO,4004,5,1.0,,6,126.83,0.0,126.83,25.37,No,0
Silver,SOHO,4230,8,,,8,126.83,0.0,126.83,15.85,No,0
Bronze,SOHO,4002,10,,,10,127.33,0.0,127.33,12.73,No,0
Silver,SOHO,4017,7,2.0,,9,127.33,0.0,127.33,18.19,No,0
Bronze,SOHO,4850,4,1.0,,5,127.5,0.0,127.5,31.88,No,0
Silver,SOHO,4199,5,4.0,,9,127.67,0.0,127.67,25.53,No,0
Silver,SOHO,4300,1,1.0,,2,127.67,0.0,127.67,127.67,No,0
Silver,SOHO,4017,4,1.0,,5,128.0,0.0,128.0,32.0,No,0
Bronze,SOHO,4000,5,,1.0,6,128.0,0.0,128.0,25.6,No,0
Bronze,SOHO,4301,4,,,4,128.0,0.0,128.0,32.0,No,0
Bronze,SOHO,4000,6,,,6,128.17,0.0,128.17,21.36,No,0
Silver,SOHO,4000,7,,,7,128.17,0.0,128.17,18.31,No,0
Bronze,SOHO,4006,7,2.0,,9,128.17,0.0,128.17,18.31,No,0
Bronze,SOHO,4004,6,,,6,128.17,0.0,128.17,21.36,No,0
Bronze,SOHO,4230,22,,,22,128.5,0.0,128.5,5.84,Yes,1
Silver,SOHO,4000,8,,,8,128.5,0.0,128.5,16.06,No,0
Bronze,SOHO,4004,3,2.0,,5,128.5,0.0,128.5,42.83,No,0
Silver,SOHO,4254,1,,,1,128.67,0.0,128.67,128.67,No,0
Bronze,SOHO,4000,3,,,3,129.0,0.0,129.0,43.0,No,0
Bronze,SOHO,4270,6,,,6,129.0,0.0,129.0,21.5,No,0
Silver,SOHO,4700,5,2.0,,7,129.5,0.0,129.5,25.9,No,0
Bronze,SOHO,4003,4,2.0,,6,129.83,0.0,129.83,32.46,No,0
Silver,SOHO,4198,9,,,9,129.83,0.0,129.83,14.43,No,0
Silver,SOHO,4001,10,3.0,,13,129.83,0.0,129.83,12.98,No,0
Bronze,SOHO,4000,7,2.0,,9,130.0,0.0,130.0,18.57,No,0
Silver,SOHO,4210,5,1.0,,6,130.0,0.0,130.0,26.0,No,0
Silver,SOHO,4000,5,,,5,130.0,0.0,130.0,26.0,No,0
Bronze,SOHO,4000,12,3.0,1.0,16,130.33,0.0,130.33,10.86,No,0
Silver,SOHO,4000,3,,,3,130.33,0.0,130.33,43.44,No,0
Bronze,SOHO,4199,2,,,2,130.5,0.0,130.5,65.25,No,0
Silver,SOHO,4000,10,,,10,130.67,0.0,130.67,13.07,No,0
Bronze,SOHO,4003,8,,,8,130.67,0.0,130.67,16.33,No,0
Bronze,SOHO,4300,2,1.0,1.0,4,130.83,0.0,130.83,65.42,No,0
Silver,SOHO,4000,5,1.0,,6,130.83,0.0,130.83,26.17,No,0
Silver,SOHO,4003,6,,,6,131.0,0.0,131.0,21.83,No,0
Silver,SOHO,4015,6,,,6,131.0,0.0,131.0,21.83,No,0
Bronze,SOHO,4004,6,,,6,131.0,0.0,131.0,21.83,No,0
Bronze,SOHO,4230,11,,,11,131.17,0.0,131.17,11.92,No,0
Silver,SOHO,4000,7,,,7,131.17,0.0,131.17,18.74,No,0
Silver,SOHO,4300,6,,,6,131.33,0.0,131.33,21.89,No,0
Silver,SOHO,4147,3,,,3,131.33,0.0,131.33,43.78,No,0
Bronze,SOHO,4000,4,1.0,,5,131.67,0.0,131.67,32.92,No,0
Bronze,SOHO,4002,8,1.0,,9,131.67,0.0,131.67,16.46,No,0
Silver,SOHO,4007,5,4.0,,9,131.83,0.0,131.83,26.37,No,0
Bronze,SOHO,4013,3,,,3,132.17,0.0,132.17,44.06,No,0
Bronze,SOHO,4230,1,,,1,132.33,0.0,132.33,132.33,No,0
Gold,SOHO,4002,4,,,4,132.5,0.0,132.5,33.13,No,0
Bronze,SOHO,4101,5,,,5,132.5,0.0,132.5,26.5,No,0
Bronze,SOHO,4003,10,9.0,,19,132.5,0.0,132.5,13.25,No,0
Silver,SOHO,4000,8,,,8,132.5,0.0,132.5,16.56,No,0
Silver,SOHO,4000,5,,,5,132.67,0.0,132.67,26.53,No,0
Silver,SOHO,4023,6,1.0,,7,132.67,0.0,132.67,22.11,No,0
Bronze,SOHO,4000,13,,,13,132.83,0.0,132.83,10.22,No,0
Bronze,SOHO,4023,8,4.0,,12,133.17,0.0,133.17,16.65,No,0
Silver,SOHO,4750,10,,,10,133.33,0.0,133.33,13.33,Yes,1
Silver,SOHO,4000,3,2.0,,5,133.5,0.0,133.5,44.5,No,0
Silver,SOHO,4000,12,1.0,,13,133.5,0.0,133.5,11.13,No,0
Silver,SOHO,4000,7,1.0,,8,133.67,0.0,133.67,19.1,No,0
Bronze,SOHO,4003,4,,,4,133.83,0.0,133.83,33.46,No,0
Platinum,SOHO,4230,10,,,10,134.0,0.0,134.0,13.4,No,0
Bronze,SOHO,4985,10,,,10,134.0,0.0,134.0,13.4,No,0
Bronze,SOHO,4230,14,2.0,,16,134.0,0.0,134.0,9.57,No,0
Silver,SOHO,4000,10,2.0,,12,134.5,0.0,134.5,13.45,No,0
Silver,SOHO,4230,12,,,12,134.5,0.0,134.5,11.21,No,0
Silver,SOHO,4003,6,6.0,,12,134.83,0.0,134.83,22.47,No,0
Silver,SOHO,4850,4,,,4,135.0,0.0,135.0,33.75,No,0
Silver,SOHO,4270,4,,,4,135.17,0.0,135.17,33.79,No,0
Silver,SOHO,4000,4,,2.0,6,135.17,0.0,135.17,33.79,No,0
Silver,SOHO,4000,3,,,3,135.33,0.0,135.33,45.11,No,0
Silver,SOHO,4000,7,1.0,,8,135.67,0.0,135.67,19.38,No,0
Silver,SOHO,4013,10,,,10,135.67,0.0,135.67,13.57,No,0
Bronze,SOHO,4300,6,,,6,135.83,0.0,135.83,22.64,No,0
Silver,SOHO,4023,6,,,6,135.83,0.0,135.83,22.64,Yes,1
Bronze,SOHO,4230,4,1.0,,5,135.83,0.0,135.83,33.96,No,0
Silver,SOHO,4002,3,1.0,,4,136.0,0.0,136.0,45.33,No,0
Bronze,SOHO,4002,7,5.0,,12,136.0,0.0,136.0,19.43,No,0
Silver,SOHO,4000,5,1.0,,6,136.0,0.0,136.0,27.2,No,0
Bronze,SOHO,4000,3,1.0,,4,136.33,0.0,136.33,45.44,No,0
Silver,SOHO,4023,6,2.0,,8,136.33,0.0,136.33,22.72,No,0
Bronze,SOHO,4831,10,3.0,,13,136.5,0.0,136.5,13.65,No,0
Bronze,SOHO,4000,5,,,5,136.67,0.0,136.67,27.33,No,0
Bronze,SOHO,4004,6,2.0,,8,136.67,0.0,136.67,22.78,No,0
Silver,SOHO,4003,7,,,7,137.0,0.0,137.0,19.57,No,0
Silver,SOHO,4004,11,,,11,137.17,0.0,137.17,12.47,No,0
Gold,SOHO,4000,6,,,6,137.17,0.0,137.17,22.86,Yes,1
Silver,SOHO,4980,1,4.0,,5,137.17,0.0,137.17,137.17,No,0
Silver,SOHO,4004,3,4.0,,7,137.33,0.0,137.33,45.78,No,0
Bronze,SOHO,4230,6,,,6,137.33,0.0,137.33,22.89,No,0
Silver,SOHO,4003,6,1.0,,7,137.33,0.0,137.33,22.89,No,0
Bronze,SOHO,4230,8,,,8,137.5,0.0,137.5,17.19,No,0
Bronze,SOHO,4003,11,3.0,,14,137.5,0.0,137.5,12.5,No,0
Bronze,SOHO,4230,4,,1.0,5,137.67,0.0,137.67,34.42,No,0
Gold,SOHO,4703,3,,,3,137.83,0.0,137.83,45.94,No,0
Bronze,SOHO,4004,3,,,3,137.83,0.0,137.83,45.94,No,0
Silver,SOHO,4700,10,3.0,,13,138.0,0.0,138.0,13.8,No,0
Silver,SOHO,4300,4,,,4,138.0,0.0,138.0,34.5,No,0
Silver,SOHO,4000,11,4.0,,15,138.0,0.0,138.0,12.55,No,0
Silver,SOHO,4101,11,5.0,,16,138.17,0.0,138.17,12.56,No,0
Silver,SOHO,4300,4,,,4,138.17,0.0,138.17,34.54,No,0
Silver,SOHO,4700,5,,,5,138.33,0.0,138.33,27.67,No,0
Bronze,SOHO,4023,3,,,3,138.5,0.0,138.5,46.17,No,0
Bronze,SOHO,4001,4,2.0,,6,138.67,0.0,138.67,34.67,No,0
Silver,SOHO,4000,4,2.0,,6,138.67,0.0,138.67,34.67,No,0
Silver,SOHO,4000,12,,,12,139.17,0.0,139.17,11.6,No,0
Silver,SOHO,4150,4,,,4,139.17,0.0,139.17,34.79,No,0
Bronze,SOHO,4003,9,1.0,,10,139.17,0.0,139.17,15.46,No,0
Silver,SOHO,4016,9,,,9,139.33,0.0,139.33,15.48,No,0
Silver,SOHO,4003,8,,,8,139.5,0.0,139.5,17.44,No,0
Bronze,SOHO,4850,5,,,5,139.67,0.0,139.67,27.93,Yes,1
Bronze,SOHO,4112,6,,,6,139.67,0.0,139.67,23.28,No,0
Silver,SOHO,4000,13,1.0,,14,139.83,0.0,139.83,10.76,No,0
Silver,SOHO,4700,2,3.0,,5,140.5,0.0,140.5,70.25,No,0
Silver,SOHO,4000,2,,,2,140.83,0.0,140.83,70.42,No,0
Silver,SOHO,4023,5,3.0,,8,140.83,0.0,140.83,28.17,No,0
Silver,SOHO,4230,6,9.0,4.0,19,140.83,0.0,140.83,23.47,No,0
Gold,SOHO,4700,8,3.0,,11,141.0,0.0,141.0,17.63,No,0
Bronze,SOHO,4980,6,1.0,,7,141.0,0.0,141.0,23.5,No,0
Silver,SOHO,4000,6,1.0,,7,141.17,0.0,141.17,23.53,No,0
Bronze,SOHO,4270,6,,,6,141.17,0.0,141.17,23.53,No,0
Silver,SOHO,4017,5,,,5,141.33,0.0,141.33,28.27,Yes,1
Bronze,SOHO,4000,3,1.0,,4,141.33,0.0,141.33,47.11,No,0
Silver,SOHO,4003,7,1.0,,8,141.5,0.0,141.5,20.21,No,0
Silver,SOHO,4002,4,,,4,141.5,0.0,141.5,35.38,Yes,1
Silver,SOHO,4300,4,1.0,1.0,6,141.5,0.0,141.5,35.38,No,0
Silver,SOHO,4000,9,,,9,141.5,0.0,141.5,15.72,No,0
Bronze,SOHO,4004,7,,,7,141.67,0.0,141.67,20.24,No,0
Bronze,SOHO,4850,5,,,5,141.67,0.0,141.67,28.33,No,0
Silver,SOHO,4000,8,,,8,141.67,0.0,141.67,17.71,No,0
Silver,SOHO,4000,9,1.0,,10,141.83,0.0,141.83,15.76,No,0
Bronze,SOHO,4218,10,4.0,,14,141.83,0.0,141.83,14.18,No,0
Silver,SOHO,4500,12,1.0,,13,142.17,0.0,142.17,11.85,No,0
Silver,SOHO,4110,11,,,11,142.33,0.0,142.33,12.94,No,0
Silver,SOHO,4230,5,2.0,1.0,8,142.5,0.0,142.5,28.5,No,0
Bronze,SOHO,4000,2,4.0,,6,142.67,0.0,142.67,71.34,No,0
Bronze,SOHO,4830,9,8.0,,17,143.17,0.0,143.17,15.91,No,0
Silver,SOHO,4997,9,6.0,,15,143.17,0.0,143.17,15.91,No,0
Bronze,SOHO,4015,5,,,5,143.33,0.0,143.33,28.67,No,0
Bronze,SOHO,4300,6,,,6,143.33,0.0,143.33,23.89,No,0
Silver,SOHO,4230,7,,,7,143.5,0.0,143.5,20.5,No,0
Silver,SOHO,4004,7,,,7,143.83,0.0,143.83,20.55,No,0
Bronze,SOHO,4002,6,,,6,143.83,0.0,143.83,23.97,No,0
Silver,SOHO,4230,6,,,6,144.0,0.0,144.0,24.0,No,0
Silver,SOHO,4002,5,1.0,,6,144.0,0.0,144.0,28.8,No,0
Silver,SOHO,4000,5,,,5,144.17,0.0,144.17,28.83,No,0
Silver,SOHO,4000,8,3.0,,11,144.5,0.0,144.5,18.06,No,0
Bronze,SOHO,4000,3,5.0,,8,144.67,0.0,144.67,48.22,No,0
Silver,SOHO,4000,10,1.0,,11,144.83,0.0,144.83,14.48,No,0
Silver,SOHO,4122,9,5.0,,14,144.83,0.0,144.83,16.09,No,0
Gold,SOHO,4700,3,4.0,,7,145.0,0.0,145.0,48.33,No,0
Bronze,SOHO,4004,3,,,3,145.33,0.0,145.33,48.44,No,0
Silver,SOHO,4000,9,,,9,146.17,0.0,146.17,16.24,No,0
Bronze,SOHO,4004,6,,,6,146.33,0.0,146.33,24.39,No,0
Silver,SOHO,4000,3,6.0,,9,146.5,0.0,146.5,48.83,No,0
Silver,SOHO,4199,11,1.0,,12,146.5,0.0,146.5,13.32,No,0
Silver,SOHO,4000,7,,,7,146.5,0.0,146.5,20.93,No,0
Bronze,SOHO,4000,7,,,7,146.83,0.0,146.83,20.98,No,0
Silver,SOHO,4500,11,,1.0,12,146.83,0.0,146.83,13.35,No,0
Silver,SOHO,4700,10,,,10,147.17,0.0,147.17,14.72,Yes,1
Silver,SOHO,4220,4,1.0,,5,147.33,0.0,147.33,36.83,No,0
Silver,SOHO,4000,5,3.0,,8,147.67,0.0,147.67,29.53,No,0
Silver,SOHO,4000,4,,,4,147.83,0.0,147.83,36.96,No,0
Gold,SOHO,4003,4,1.0,,5,148.0,0.0,148.0,37.0,No,0
Bronze,SOHO,4003,6,3.0,,9,148.0,0.0,148.0,24.67,No,0
Bronze,SOHO,4700,1,1.0,,2,148.17,0.0,148.17,148.17,No,0
Silver,SOHO,4000,6,,,6,148.33,0.0,148.33,24.72,No,0
Silver,SOHO,4000,12,1.0,,13,148.33,0.0,148.33,12.36,No,0
Bronze,SOHO,4023,6,,1.0,7,148.33,0.0,148.33,24.72,No,0
Silver,SOHO,4000,7,,,7,148.83,0.0,148.83,21.26,No,0
Bronze,SOHO,4000,4,,,4,149.5,0.0,149.5,37.38,No,0
Bronze,SOHO,4199,8,1.0,,9,149.67,0.0,149.67,18.71,No,0
Silver,SOHO,4000,4,,,4,149.67,0.0,149.67,37.42,No,0
Silver,SOHO,4004,4,1.0,,5,149.67,0.0,149.67,37.42,No,0
Silver,SOHO,4231,7,3.0,,10,149.83,0.0,149.83,21.4,No,0
Bronze,SOHO,4500,14,,,14,150.0,0.0,150.0,10.71,No,0
Silver,SOHO,4180,12,,,12,150.17,0.0,150.17,12.51,No,0
Silver,SOHO,4800,2,8.0,,10,150.83,0.0,150.83,75.42,No,0
Silver,SOHO,4270,5,1.0,,6,150.83,0.0,150.83,30.17,No,0
Silver,SOHO,4023,4,,,4,151.0,0.0,151.0,37.75,No,0
Silver,SOHO,4000,3,,,3,151.17,0.0,151.17,50.39,No,0
Gold,SOHO,4023,8,,,8,151.67,0.0,151.67,18.96,No,0
Gold,SOHO,4000,5,1.0,,6,151.67,0.0,151.67,30.33,No,0
Silver,SOHO,4230,4,9.0,,13,151.67,0.0,151.67,37.92,No,0
Silver,SOHO,4197,6,,,6,152.0,0.0,152.0,25.33,No,0
Silver,SOHO,4000,5,1.0,,6,152.0,0.0,152.0,30.4,No,0
Bronze,SOHO,4000,2,1.0,,3,152.33,0.0,152.33,76.17,Yes,1
Silver,SOHO,4000,11,,,11,152.5,0.0,152.5,13.86,No,0
Silver,SOHO,4000,6,,,6,152.5,0.0,152.5,25.42,No,0
Bronze,SOHO,4000,5,,,5,153.17,0.0,153.17,30.63,No,0
Silver,SOHO,4000,6,1.0,,7,153.33,0.0,153.33,25.56,No,0
Silver,SOHO,4225,6,1.0,,7,153.5,0.0,153.5,25.58,No,0
Silver,SOHO,4109,2,,,2,153.5,0.0,153.5,76.75,No,0
Silver,SOHO,4000,3,,,3,153.5,0.0,153.5,51.17,Yes,1
Bronze,SOHO,4000,6,,,6,153.67,0.0,153.67,25.61,No,0
Bronze,SOHO,4000,3,,,3,153.67,0.0,153.67,51.22,No,0
Bronze,SOHO,4003,16,,,16,154.17,0.0,154.17,9.64,No,0
Silver,SOHO,4002,10,,,10,154.33,0.0,154.33,15.43,No,0
Silver,SOHO,4150,4,,,4,154.33,0.0,154.33,38.58,No,0
Silver,SOHO,4000,10,1.0,1.0,12,154.5,0.0,154.5,15.45,No,0
Bronze,SOHO,4870,7,1.0,,8,154.5,0.0,154.5,22.07,No,0
Silver,SOHO,4000,3,,,3,154.67,0.0,154.67,51.56,No,0
Silver,SOHO,4000,4,2.0,,6,154.83,0.0,154.83,38.71,No,0
Silver,SOHO,4000,13,,,13,154.83,0.0,154.83,11.91,No,0
Gold,SOHO,4523,5,,,5,154.83,0.0,154.83,30.97,No,0
Silver,SOHO,4000,9,1.0,,10,154.83,0.0,154.83,17.2,No,0
Bronze,SOHO,4202,11,,,11,154.83,0.0,154.83,14.08,No,0
Gold,SOHO,4000,1,,,1,155.0,0.0,155.0,155.0,No,0
Gold,SOHO,4300,5,1.0,,6,155.67,0.0,155.67,31.13,No,0
Gold,SOHO,4003,6,,,6,156.0,0.0,156.0,26.0,No,0
Gold,SOHO,4000,7,1.0,,8,156.5,0.0,156.5,22.36,No,0
Silver,SOHO,4002,7,1.0,,8,156.83,0.0,156.83,22.4,No,0
Silver,SOHO,4124,8,,,8,156.83,0.0,156.83,19.6,No,0
Silver,SOHO,4000,8,1.0,,9,157.0,0.0,157.0,19.63,No,0
Bronze,SOHO,4800,6,,,6,157.17,0.0,157.17,26.2,No,0
Silver,SOHO,4000,14,2.0,,16,157.33,0.0,157.33,11.24,No,0
Silver,SOHO,4000,6,,,6,157.5,0.0,157.5,26.25,No,0
Silver,SOHO,4004,4,,,4,157.5,0.0,157.5,39.38,No,0
Silver,SOHO,4023,14,1.0,,15,157.5,0.0,157.5,11.25,No,0
Silver,SOHO,4003,6,,,6,158.33,0.0,158.33,26.39,No,0
Silver,SOHO,4230,11,1.0,,12,158.5,0.0,158.5,14.41,No,0
Silver,SOHO,4700,6,,,6,158.67,0.0,158.67,26.45,Yes,1
Silver,SOHO,4230,7,7.0,,14,158.67,0.0,158.67,22.67,No,0
Silver,SOHO,4700,6,1.0,,7,159.17,0.0,159.17,26.53,No,0
Gold,SOHO,4000,10,,,10,159.17,0.0,159.17,15.92,No,0
Silver,SOHO,4023,9,,,9,159.5,0.0,159.5,17.72,No,0
Bronze,SOHO,4002,4,1.0,,5,159.83,0.0,159.83,39.96,No,0
Bronze,SOHO,4210,7,1.0,,8,159.83,0.0,159.83,22.83,No,0
Silver,SOHO,4000,2,,,2,159.83,0.0,159.83,79.92,No,0
Bronze,SOHO,4241,14,7.0,,21,160.17,0.0,160.17,11.44,No,0
Silver,SOHO,4000,4,1.0,,5,160.17,0.0,160.17,40.04,No,0
Silver,SOHO,4300,5,,,5,160.33,0.0,160.33,32.07,Yes,1
Silver,SOHO,4023,15,,,15,160.5,0.0,160.5,10.7,No,0
Silver,SOHO,4000,7,,,7,160.67,0.0,160.67,22.95,No,0
Gold,SOHO,4000,12,,,12,160.83,0.0,160.83,13.4,No,0
Silver,SOHO,4002,9,1.0,,10,161.0,0.0,161.0,17.89,No,0
Gold,SOHO,4172,7,4.0,,11,161.17,0.0,161.17,23.02,No,0
Silver,SOHO,4000,2,1.0,,3,161.33,0.0,161.33,80.67,No,0
Silver,SOHO,4220,8,1.0,,9,161.33,0.0,161.33,20.17,No,0
Silver,SOHO,4004,6,2.0,,8,161.67,0.0,161.67,26.95,No,0
Silver,SOHO,4000,13,2.0,,15,161.83,0.0,161.83,12.45,No,0
Silver,SOHO,4000,4,4.0,,8,162.17,0.0,162.17,40.54,No,0
Silver,SOHO,4002,8,1.0,,9,162.33,0.0,162.33,20.29,No,0
Bronze,SOHO,4000,4,,,4,162.5,0.0,162.5,40.63,No,0
Silver,SOHO,4000,3,3.0,,6,162.5,0.0,162.5,54.17,No,0
Silver,SOHO,4230,7,,,7,162.67,0.0,162.67,23.24,No,0
Bronze,SOHO,4004,4,,,4,94.33,69.0,163.33,23.58,No,0
Silver,SOHO,4179,7,,,7,163.33,0.0,163.33,23.33,No,0
Silver,SOHO,4000,4,,,4,164.17,0.0,164.17,41.04,No,0
Gold,SOHO,4000,4,,,4,164.17,0.0,164.17,41.04,No,0
Silver,SOHO,4000,6,1.0,,7,164.33,0.0,164.33,27.39,No,0
Silver,SOHO,4230,7,,,7,164.5,0.0,164.5,23.5,No,0
Gold,SOHO,4003,7,,,7,164.5,0.0,164.5,23.5,No,0
Gold,SOHO,4000,8,18.0,,26,164.5,0.0,164.5,20.56,No,0
Bronze,SOHO,4147,10,,,10,164.5,0.0,164.5,16.45,No,0
Silver,SOHO,4000,3,1.0,,4,164.67,0.0,164.67,54.89,No,0
Silver,SOHO,4210,18,3.0,,21,164.83,0.0,164.83,9.16,No,0
Silver,SOHO,4000,4,2.0,,6,165.17,0.0,165.17,41.29,No,0
Platinum,SOHO,4000,7,2.0,,9,165.17,0.0,165.17,23.6,No,0
Silver,SOHO,4230,9,,,9,165.17,0.0,165.17,18.35,No,0
Gold,SOHO,4000,8,6.0,,14,165.67,0.0,165.67,20.71,No,0
Silver,SOHO,4000,5,,,5,165.83,0.0,165.83,33.17,No,0
Bronze,SOHO,4000,3,,,3,56.0,110.0,166.0,18.67,No,0
Silver,SOHO,4000,6,1.0,,7,166.33,0.0,166.33,27.72,No,0
Silver,SOHO,4150,3,,,3,166.5,0.0,166.5,55.5,No,0
Silver,SOHO,4000,7,7.0,,14,167.0,0.0,167.0,23.86,No,0
Silver,SOHO,4006,6,1.0,,7,167.33,0.0,167.33,27.89,No,0
Bronze,SOHO,4800,9,4.0,,13,167.67,0.0,167.67,18.63,No,0
Gold,SOHO,4500,9,,,9,167.83,0.0,167.83,18.65,No,0
Silver,SOHO,4000,8,6.0,,14,168.5,0.0,168.5,21.06,No,0
Silver,SOHO,4150,7,,,7,168.67,0.0,168.67,24.1,No,0
Silver,SOHO,4700,9,,,9,168.67,0.0,168.67,18.74,No,0
Silver,SOHO,4000,6,5.0,,11,168.67,0.0,168.67,28.11,No,0
Silver,SOHO,4108,8,1.0,,9,169.0,0.0,169.0,21.13,No,0
Silver,SOHO,4003,3,2.0,,5,169.33,0.0,169.33,56.44,No,0
Gold,SOHO,4135,8,1.0,1.0,10,170.33,0.0,170.33,21.29,No,0
Gold,SOHO,4000,12,1.0,,13,171.0,0.0,171.0,14.25,No,0
Gold,SOHO,4834,15,,,15,171.0,0.0,171.0,11.4,No,0
Silver,SOHO,4700,3,,,3,171.0,0.0,171.0,57.0,No,0
Silver,SOHO,4003,5,,,5,171.67,0.0,171.67,34.33,No,0
Silver,SOHO,4000,8,,,8,172.0,0.0,172.0,21.5,No,0
Silver,SOHO,4137,4,1.0,,5,172.0,0.0,172.0,43.0,No,0
Silver,SOHO,4000,12,,,12,172.33,0.0,172.33,14.36,No,0
Silver,SOHO,4000,4,1.0,,5,172.5,0.0,172.5,43.13,No,0
Silver,SOHO,4000,10,2.0,,12,172.83,0.0,172.83,17.28,No,0
Silver,SOHO,4230,16,1.0,,17,173.0,0.0,173.0,10.81,No,0
Bronze,SOHO,4300,3,,,3,173.17,0.0,173.17,57.72,No,0
Silver,SOHO,4003,5,1.0,,6,173.33,0.0,173.33,34.67,No,0
Silver,SOHO,4003,1,7.0,,8,174.33,0.0,174.33,174.33,No,0
Silver,SOHO,4300,6,2.0,,8,174.5,0.0,174.5,29.08,No,0
Gold,SOHO,4160,14,,,14,175.0,0.0,175.0,12.5,Yes,1
Silver,SOHO,4003,7,,,7,176.33,0.0,176.33,25.19,No,0
Silver,SOHO,4000,5,,,5,176.5,0.0,176.5,35.3,No,0
Silver,SOHO,4003,5,,,5,176.83,0.0,176.83,35.37,No,0
Silver,SOHO,4004,4,,,4,177.5,0.0,177.5,44.38,Yes,1
Silver,SOHO,4003,9,1.0,,10,177.83,0.0,177.83,19.76,No,0
Silver,SOHO,4017,10,3.0,1.0,14,178.0,0.0,178.0,17.8,No,0
Bronze,SOHO,4300,6,,,6,178.0,0.0,178.0,29.67,No,0
Bronze,SOHO,4000,3,,,3,178.17,0.0,178.17,59.39,No,0
Silver,SOHO,4137,8,2.0,,10,178.33,0.0,178.33,22.29,Yes,1
Gold,SOHO,4230,9,13.0,,22,178.5,0.0,178.5,19.83,No,0
Silver,SOHO,4108,5,,,5,178.5,0.0,178.5,35.7,Yes,1
Gold,SOHO,4500,11,,,11,178.5,0.0,178.5,16.23,No,0
Silver,SOHO,4000,10,4.0,,14,178.67,0.0,178.67,17.87,No,0
Silver,SOHO,4000,9,8.0,,17,178.83,0.0,178.83,19.87,No,0
Silver,SOHO,4000,6,,,6,178.83,0.0,178.83,29.81,No,0
Silver,SOHO,4000,7,,,7,179.0,0.0,179.0,25.57,No,0
Silver,SOHO,4000,3,,,3,179.0,0.0,179.0,59.67,No,0
Silver,SOHO,4199,9,2.0,,11,179.17,0.0,179.17,19.91,No,0
Bronze,SOHO,4147,7,,,7,179.17,0.0,179.17,25.6,No,0
Bronze,SOHO,4000,5,,,5,180.17,0.0,180.17,36.03,No,0
Bronze,SOHO,4000,4,8.0,,12,125.33,55.0,180.33,31.33,No,0
Silver,SOHO,4000,6,1.0,,7,180.33,0.0,180.33,30.06,No,0
Silver,SOHO,4001,2,2.0,,4,180.67,0.0,180.67,90.34,No,0
Silver,SOHO,4000,10,1.0,,11,181.33,0.0,181.33,18.13,No,0
Silver,SOHO,4000,16,4.0,,20,181.33,0.0,181.33,11.33,No,0
Silver,SOHO,4124,9,1.0,,10,181.5,0.0,181.5,20.17,No,0
Silver,SOHO,4000,1,,,1,181.83,0.0,181.83,181.83,Yes,1
Silver,SOHO,4003,1,5.0,,6,182.33,0.0,182.33,182.33,No,0
Silver,SOHO,4000,6,,,6,182.5,0.0,182.5,30.42,No,0
Silver,SOHO,4850,8,1.0,,9,182.83,0.0,182.83,22.85,No,0
Bronze,SOHO,4006,11,,,11,183.33,0.0,183.33,16.67,No,0
Gold,SOHO,4230,19,2.0,,21,183.83,0.0,183.83,9.68,No,0
Silver,SOHO,4700,7,1.0,,8,183.83,0.0,183.83,26.26,No,0
Bronze,SOHO,4960,2,,,2,184.0,0.0,184.0,92.0,No,0
Silver,SOHO,4004,11,,1.0,12,184.17,0.0,184.17,16.74,No,0
Gold,SOHO,4000,12,,,12,184.17,0.0,184.17,15.35,No,0
Bronze,SOHO,4270,4,,,4,184.67,0.0,184.67,46.17,No,0
Gold,SOHO,4003,4,22.0,,26,184.83,0.0,184.83,46.21,No,0
Silver,SOHO,4002,5,1.0,,6,185.0,0.0,185.0,37.0,No,0
Silver,SOHO,4000,4,,,4,185.5,0.0,185.5,46.38,No,0
Silver,SOHO,4006,7,,,7,185.5,0.0,185.5,26.5,No,0
Silver,SOHO,4000,12,,,12,185.67,0.0,185.67,15.47,No,0
Bronze,SOHO,4003,3,,,3,186.0,0.0,186.0,62.0,No,0
Silver,SOHO,4199,8,1.0,,9,186.83,0.0,186.83,23.35,No,0
Silver,SOHO,4000,6,,,6,187.17,0.0,187.17,31.2,Yes,1
Bronze,SOHO,4101,4,1.0,,5,187.17,0.0,187.17,46.79,No,0
Bronze,SOHO,4330,1,,,1,188.17,0.0,188.17,188.17,No,0
Silver,SOHO,4330,5,1.0,,6,188.83,0.0,188.83,37.77,No,0
Silver,SOHO,4023,7,2.0,,9,188.83,0.0,188.83,26.98,No,0
Gold,SOHO,4000,9,,1.0,10,189.0,0.0,189.0,21.0,No,0
Silver,SOHO,4000,6,,,6,189.17,0.0,189.17,31.53,Yes,1
Silver,SOHO,4000,5,,,5,189.33,0.0,189.33,37.87,No,0
Silver,SOHO,4002,6,5.0,,11,190.67,0.0,190.67,31.78,No,0
Silver,SOHO,4000,6,2.0,1.0,9,190.83,0.0,190.83,31.81,No,0
Gold,SOHO,4000,5,1.0,,6,191.0,0.0,191.0,38.2,No,0
Silver,SOHO,4000,6,2.0,,8,191.5,0.0,191.5,31.92,No,0
Gold,SOHO,4016,6,,,6,192.67,0.0,192.67,32.11,No,0
Silver,SOHO,4300,9,,,9,193.5,0.0,193.5,21.5,No,0
Silver,SOHO,4000,15,7.0,,22,194.33,0.0,194.33,12.96,No,0
Silver,SOHO,4500,18,,,18,195.0,0.0,195.0,10.83,No,0
Silver,SOHO,4101,12,19.0,,31,195.17,0.0,195.17,16.26,No,0
Bronze,SOHO,4000,7,1.0,,8,195.17,0.0,195.17,27.88,No,0
Silver,SOHO,4800,10,,,10,195.83,0.0,195.83,19.58,No,0
Silver,SOHO,4850,10,,,10,195.83,0.0,195.83,19.58,No,0
Gold,SOHO,4230,11,,,11,197.0,0.0,197.0,17.91,No,0
Silver,SOHO,4002,4,4.0,,8,197.67,0.0,197.67,49.42,No,0
Bronze,SOHO,4003,8,1.0,,9,198.0,0.0,198.0,24.75,No,0
Silver,SOHO,4000,4,,,4,198.5,0.0,198.5,49.63,No,0
Silver,SOHO,4835,10,,,10,198.67,0.0,198.67,19.87,No,0
Gold,SOHO,4003,13,,,13,199.5,0.0,199.5,15.35,No,0
Silver,SOHO,4212,18,,,18,201.17,0.0,201.17,11.18,No,0
Gold,SOHO,4131,3,2.0,,5,201.67,0.0,201.67,67.22,No,0
Gold,SOHO,4180,13,,,13,202.17,0.0,202.17,15.55,No,0
Bronze,SOHO,4004,5,,,5,82.83,120.0,202.83,16.57,No,0
Gold,SOHO,4701,6,,,6,202.83,0.0,202.83,33.81,No,0
Gold,SOHO,4000,7,,1.0,8,202.83,0.0,202.83,28.98,No,0
Gold,SOHO,4700,17,2.0,,19,203.17,0.0,203.17,11.95,No,0
Gold,SOHO,4000,15,5.0,,20,203.5,0.0,203.5,13.57,No,0
Silver,SOHO,4003,6,,,6,204.67,0.0,204.67,34.11,No,0
Silver,SOHO,4000,4,,,4,204.67,0.0,204.67,51.17,No,0
Silver,SOHO,4000,8,,,8,205.0,0.0,205.0,25.63,No,0
Silver,SOHO,4500,4,,,4,207.83,0.0,207.83,51.96,No,0
Silver,SOHO,4030,4,,,4,209.17,0.0,209.17,52.29,Yes,1
Gold,SOHO,4000,15,2.0,,17,209.83,0.0,209.83,13.99,No,0
Silver,SOHO,4002,6,1.0,,7,211.0,0.0,211.0,35.17,Yes,1
Silver,SOHO,4108,8,2.0,,10,212.0,0.0,212.0,26.5,Yes,1
Gold,SOHO,4000,12,2.0,,14,212.33,0.0,212.33,17.69,No,0
Silver,SOHO,4230,1,14.0,,15,212.67,0.0,212.67,212.67,No,0
Bronze,SOHO,4002,4,,,4,213.0,0.0,213.0,53.25,No,0
Silver,SOHO,4000,11,,,11,213.0,0.0,213.0,19.36,No,0
Silver,SOHO,4000,9,,,9,214.67,0.0,214.67,23.85,No,0
Silver,SOHO,4000,12,,1.0,13,215.33,0.0,215.33,17.94,No,0
Silver,SOHO,4000,15,,1.0,16,215.67,0.0,215.67,14.38,Yes,1
Silver,SOHO,4000,5,7.0,,12,215.67,0.0,215.67,43.13,No,0
Silver,SOHO,4000,5,,,5,215.83,0.0,215.83,43.17,No,0
Gold,SOHO,4023,15,1.0,,16,216.33,0.0,216.33,14.42,No,0
Silver,SOHO,4000,4,,,4,217.83,0.0,217.83,54.46,No,0
Gold,SOHO,4000,8,3.0,,11,218.83,0.0,218.83,27.35,No,0
Gold,SOHO,4023,7,,,7,219.17,0.0,219.17,31.31,No,0
Silver,SOHO,4002,11,,,11,219.5,0.0,219.5,19.95,No,0
Gold,SOHO,4000,8,1.0,1.0,10,224.83,0.0,224.83,28.1,Yes,1
Silver,SOHO,4000,7,,,7,224.83,0.0,224.83,32.12,No,0
Silver,SOHO,4000,5,,,5,224.83,0.0,224.83,44.97,No,0
Silver,SOHO,4000,1,,,1,225.17,0.0,225.17,225.17,No,0
Silver,SOHO,4004,11,2.0,,13,183.0,42.5,225.5,16.64,No,0
Bronze,SOHO,4850,5,,,5,227.0,0.0,227.0,45.4,No,0
Gold,SOHO,4180,24,1.0,,25,229.5,0.0,229.5,9.56,No,0
Silver,SOHO,4003,6,3.0,,9,234.0,0.0,234.0,39.0,No,0
Gold,SOHO,4700,17,16.0,,33,234.67,0.0,234.67,13.8,No,0
Gold,SOHO,4004,10,,,10,235.5,0.0,235.5,23.55,No,0
Silver,SOHO,4000,35,,,35,235.5,0.0,235.5,6.73,No,0
Gold,SOHO,4002,12,2.0,,14,239.5,0.0,239.5,19.96,No,0
Gold,SOHO,4997,23,2.0,,25,239.83,0.0,239.83,10.43,No,0
Gold,SOHO,4000,5,,,5,241.67,0.0,241.67,48.33,No,0
Silver,SOHO,4000,8,,,8,242.0,0.0,242.0,30.25,No,0
Silver,SOHO,4150,2,1.0,,3,242.17,0.0,242.17,121.09,No,0
Gold,SOHO,4003,11,5.0,,16,245.17,0.0,245.17,22.29,No,0
Silver,SOHO,4000,13,,,13,245.67,0.0,245.67,18.9,No,0
Gold,SOHO,4003,3,2.0,1.0,6,247.0,0.0,247.0,82.33,No,0
Gold,SOHO,4003,5,3.0,,8,247.0,0.0,247.0,49.4,No,0
Silver,SOHO,4023,21,,,21,247.5,0.0,247.5,11.79,No,0
Gold,SOHO,4000,15,,,15,250.5,0.0,250.5,16.7,No,0
Gold,SOHO,4000,11,,,11,250.83,0.0,250.83,22.8,No,0
Gold,SOHO,4000,7,1.0,,8,251.33,0.0,251.33,35.9,No,0
Gold,SOHO,4300,9,2.0,,11,251.67,0.0,251.67,27.96,No,0
Silver,SOHO,4300,10,,2.0,12,252.17,0.0,252.17,25.22,No,0
Gold,SOHO,4003,24,,,24,252.67,0.0,252.67,10.53,No,0
Gold,SOHO,4002,11,2.0,,13,256.5,0.0,256.5,23.32,No,0
Silver,SOHO,4003,8,1.0,,9,257.17,0.0,257.17,32.15,No,0
Silver,SOHO,4000,5,,,5,257.83,0.0,257.83,51.57,No,0
Gold,SOHO,4000,4,3.0,,7,258.33,0.0,258.33,64.58,No,0
Silver,SOHO,4000,10,2.0,,12,262.17,0.0,262.17,26.22,No,0
Gold,SOHO,4003,20,,,20,268.33,0.0,268.33,13.42,No,0
Gold,SOHO,4004,9,2.0,,11,270.0,0.0,270.0,30.0,No,0
Bronze,SOHO,4000,2,,1.0,3,272.5,0.0,272.5,136.25,No,0
Platinum,SOHO,4000,5,,,5,272.5,0.0,272.5,54.5,No,0
Platinum,SOHO,4004,7,1.0,,8,286.83,0.0,286.83,40.98,No,0
Gold,SOHO,4230,17,2.0,,19,288.83,0.0,288.83,16.99,No,0
Silver,SOHO,4270,10,2.0,,12,292.67,0.0,292.67,29.27,No,0
Gold,SOHO,4000,5,1.0,,6,297.17,0.0,297.17,59.43,No,0
Gold,SOHO,4000,7,,,7,307.83,0.0,307.83,43.98,Yes,1
Gold,SOHO,4000,10,,,10,308.0,0.0,308.0,30.8,No,0
Gold,SOHO,4220,28,8.0,,36,308.67,0.0,308.67,11.02,No,0
Gold,SOHO,4230,15,,,15,314.83,0.0,314.83,20.99,No,0
Gold,SOHO,4000,4,,,4,316.5,0.0,316.5,79.13,No,0
Gold,SOHO,4000,29,,,29,324.17,0.0,324.17,11.18,No,0
Gold,SOHO,4000,12,,1.0,13,333.0,0.0,333.0,27.75,No,0
Gold,SOHO,4000,12,1.0,,13,338.0,0.0,338.0,28.17,No,0
Bronze,SOHO,4000,5,,,5,339.33,0.0,339.33,67.87,No,0
Gold,SOHO,4000,11,2.0,,13,339.67,0.0,339.67,30.88,No,0
Platinum,SOHO,4000,7,,,7,347.0,0.0,347.0,49.57,No,0
Gold,SOHO,4003,11,1.0,,12,356.2,0.0,356.2,32.38,No,0
Gold,SOHO,4003,8,,,8,356.83,0.0,356.83,44.6,No,0
Gold,SOHO,4000,12,,,12,372.33,0.0,372.33,31.03,No,0
Gold,SOHO,4023,9,1.0,,10,377.17,0.0,377.17,41.91,No,0
Gold,SOHO,4000,6,2.0,,8,391.83,0.0,391.83,65.31,No,0
Platinum,SOHO,4230,8,1.0,,9,396.17,0.0,396.17,49.52,No,0
Platinum,SOHO,4700,10,,,10,419.83,0.0,419.83,41.98,No,0
Gold,SOHO,4150,57,,,57,423.5,0.0,423.5,7.43,No,0
Iron,SOHO,4000,1,,,1,46.0,380.0,426.0,46.0,No,0
Iron,SOHO,4003,1,2.0,,3,56.67,0.0,56.67,56.67,No,0
Bronze,SOHO,4000,5,,,5,56.67,0.0,56.67,11.33,No,0
Bronze,SOHO,4000,2,,,2,56.67,0.0,56.67,28.34,No,0
Bronze,SOHO,4023,3,2.0,,5,56.67,0.0,56.67,18.89,No,0
Bronze,SOHO,4023,4,,,4,56.83,0.0,56.83,14.21,No,0
Bronze,SOHO,4000,1,,,1,56.83,0.0,56.83,56.83,No,0
Bronze,SOHO,4349,4,,,4,56.83,0.0,56.83,14.21,No,0
Bronze,SOHO,4023,4,,,4,56.83,0.0,56.83,14.21,No,0
Bronze,SOHO,4021,5,4.0,,9,57.0,0.0,57.0,11.4,No,0
Bronze,SOHO,4000,4,,,4,57.0,0.0,57.0,14.25,No,0
Bronze,SOHO,4270,2,3.0,,5,57.0,0.0,57.0,28.5,No,0
Iron,SOHO,4230,6,,,6,57.0,0.0,57.0,9.5,No,0
Bronze,SOHO,4210,6,,,6,57.0,0.0,57.0,9.5,No,0
Silver,SOHO,4500,1,11.0,,12,57.0,0.0,57.0,57.0,No,0
Bronze,SOHO,4000,6,,,6,57.0,0.0,57.0,9.5,No,0
Bronze,SOHO,4000,4,,,4,57.17,0.0,57.17,14.29,No,0
Bronze,SOHO,4000,4,2.0,,6,57.17,0.0,57.17,14.29,No,0
Bronze,SOHO,4260,3,,,3,57.17,0.0,57.17,19.06,No,0
Bronze,SOHO,4000,5,4.0,,9,57.17,0.0,57.17,11.43,No,0
Bronze,SOHO,4300,3,,,3,57.17,0.0,57.17,19.06,No,0
Bronze,SOHO,4000,6,2.0,,8,57.17,0.0,57.17,9.53,No,0
Bronze,SOHO,4000,2,1.0,,3,57.17,0.0,57.17,28.59,No,0
Bronze,SOHO,4300,2,,,2,57.17,0.0,57.17,28.59,No,0
Bronze,SOHO,4000,5,,,5,57.17,0.0,57.17,11.43,No,0
Bronze,SOHO,4000,3,1.0,,4,57.33,0.0,57.33,19.11,No,0
Bronze,SOHO,4112,7,,,7,57.33,0.0,57.33,8.19,No,0
Bronze,SOHO,4270,2,1.0,,3,57.33,0.0,57.33,28.67,No,0
Bronze,SOHO,4000,3,3.0,,6,57.33,0.0,57.33,19.11,No,0
Bronze,SOHO,4150,2,,,2,57.33,0.0,57.33,28.67,No,0
Iron,SOHO,4002,5,2.0,,7,57.4,0.0,57.4,11.48,No,0
Bronze,SOHO,4700,5,,,5,57.5,0.0,57.5,11.5,No,0
Bronze,SOHO,4000,2,,,2,57.5,0.0,57.5,28.75,No,0
Bronze,SOHO,4002,2,,,2,57.5,0.0,57.5,28.75,No,0
Bronze,SOHO,4000,3,,,3,57.67,0.0,57.67,19.22,No,0
Bronze,SOHO,4000,2,2.0,,4,57.67,0.0,57.67,28.84,No,0
Bronze,SOHO,4000,2,,,2,57.67,0.0,57.67,28.84,Yes,1
Bronze,SOHO,4000,5,2.0,,7,57.83,0.0,57.83,11.57,No,0
Bronze,SOHO,4002,1,1.0,,2,57.83,0.0,57.83,57.83,No,0
Iron,SOHO,4000,3,,,3,57.83,0.0,57.83,19.28,No,0
Bronze,SOHO,4270,3,9.0,,12,58.0,0.0,58.0,19.33,No,0
Bronze,SOHO,4000,6,2.0,,8,58.0,0.0,58.0,9.67,No,0
Bronze,SOHO,4135,2,,,2,58.0,0.0,58.0,29.0,No,0
Bronze,SOHO,4160,2,1.0,,3,58.0,0.0,58.0,29.0,No,0
Bronze,SOHO,4004,2,1.0,,3,58.17,0.0,58.17,29.09,No,0
Bronze,SOHO,4300,2,2.0,,4,58.17,0.0,58.17,29.09,No,0
Iron,SOHO,4000,3,,,3,58.17,0.0,58.17,19.39,No,0
Bronze,SOHO,4002,2,,,2,58.33,0.0,58.33,29.17,No,0
Bronze,SOHO,4023,5,,,5,58.33,0.0,58.33,11.67,No,0
Bronze,SOHO,4003,3,,,3,58.33,0.0,58.33,19.44,No,0
Bronze,SOHO,4004,4,,,4,58.33,0.0,58.33,14.58,No,0
Bronze,SOHO,4003,3,4.0,,7,58.5,0.0,58.5,19.5,No,0
Bronze,SOHO,4003,4,,,4,58.5,0.0,58.5,14.63,No,0
Bronze,SOHO,4023,1,1.0,,2,58.5,0.0,58.5,58.5,Yes,1
Bronze,SOHO,4147,7,,,7,58.67,0.0,58.67,8.38,No,0
Bronze,SOHO,4003,6,,,6,58.67,0.0,58.67,9.78,No,0
Bronze,SOHO,4190,3,,,3,58.67,0.0,58.67,19.56,No,0
Bronze,SOHO,4000,2,,,2,58.67,0.0,58.67,29.34,No,0
Iron,SOHO,4023,2,1.0,,3,58.67,0.0,58.67,29.34,No,0
Bronze,SOHO,4000,5,3.0,,8,58.83,0.0,58.83,11.77,No,0
Iron,SOHO,4000,1,2.0,,3,58.83,0.0,58.83,58.83,No,0
Bronze,SOHO,4000,3,2.0,,5,58.83,0.0,58.83,19.61,No,0
Bronze,SOHO,4006,3,,,3,58.83,0.0,58.83,19.61,No,0
Bronze,SOHO,4023,3,4.0,,7,58.83,0.0,58.83,19.61,No,0
Bronze,SOHO,4000,2,,,2,58.83,0.0,58.83,29.42,No,0
Bronze,SOHO,4002,5,,,5,59.0,0.0,59.0,11.8,No,0
Bronze,SOHO,4300,2,,,2,59.0,0.0,59.0,29.5,No,0
Bronze,SOHO,4000,4,1.0,,5,59.0,0.0,59.0,14.75,No,0
Bronze,SOHO,4002,3,1.0,,4,59.0,0.0,59.0,19.67,No,0
Bronze,SOHO,4000,5,2.0,,7,59.0,0.0,59.0,11.8,No,0
Bronze,SOHO,4000,2,,,2,59.0,0.0,59.0,29.5,No,0
Iron,SOHO,4000,5,,,5,59.17,0.0,59.17,11.83,No,0
Bronze,SOHO,4000,5,,,5,59.33,0.0,59.33,11.87,No,0
Bronze,SOHO,4004,3,2.0,,5,59.33,0.0,59.33,19.78,No,0
Bronze,SOHO,4000,2,,,2,59.33,0.0,59.33,29.67,Yes,1
Bronze,SOHO,4000,1,3.0,,4,59.33,0.0,59.33,59.33,No,0
Bronze,SOHO,4700,4,1.0,,5,59.33,0.0,59.33,14.83,No,0
Bronze,SOHO,4150,3,2.0,,5,59.33,0.0,59.33,19.78,No,0
Bronze,SOHO,4147,3,,,3,59.33,0.0,59.33,19.78,No,0
Bronze,SOHO,4110,4,,,4,59.33,0.0,59.33,14.83,No,0
Bronze,SOHO,4288,2,,,2,59.5,0.0,59.5,29.75,No,0
Bronze,SOHO,4330,3,1.0,,4,59.5,0.0,59.5,19.83,No,0
Bronze,SOHO,4980,1,,,1,59.5,0.0,59.5,59.5,No,0
Bronze,SOHO,4700,1,,,1,59.5,0.0,59.5,59.5,No,0
Bronze,SOHO,4269,2,,,2,59.5,0.0,59.5,29.75,No,0
Bronze,SOHO,4230,7,1.0,,8,59.67,0.0,59.67,8.52,No,0
Bronze,SOHO,4004,4,,,4,59.67,0.0,59.67,14.92,No,0
Bronze,SOHO,4000,8,,,8,59.67,0.0,59.67,7.46,No,0
Bronze,SOHO,4500,3,,,3,59.83,0.0,59.83,19.94,No,0
Bronze,SOHO,4800,4,,,4,59.83,0.0,59.83,14.96,No,0
Bronze,SOHO,4000,3,3.0,,6,59.83,0.0,59.83,19.94,No,0
Bronze,SOHO,4000,6,,,6,59.83,0.0,59.83,9.97,No,0
Bronze,SOHO,4023,4,,,4,59.83,0.0,59.83,14.96,No,0
Bronze,SOHO,4002,4,3.0,,7,60.0,0.0,60.0,15.0,No,0
Bronze,SOHO,4003,2,1.0,,3,60.0,0.0,60.0,30.0,No,0
Bronze,SOHO,4000,5,,,5,60.0,0.0,60.0,12.0,Yes,1
Bronze,SOHO,4200,1,,,1,60.0,0.0,60.0,60.0,No,0
Bronze,SOHO,4002,6,,,6,60.17,0.0,60.17,10.03,No,0
Bronze,SOHO,4340,5,2.0,,7,60.17,0.0,60.17,12.03,No,0
Bronze,SOHO,4124,3,,,3,60.17,0.0,60.17,20.06,No,0
Bronze,SOHO,4006,6,,,6,60.17,0.0,60.17,10.03,No,0
Silver,SOHO,4027,3,4.0,,7,60.33,0.0,60.33,20.11,No,0
Bronze,SOHO,4000,4,,,4,60.33,0.0,60.33,15.08,No,0
Bronze,SOHO,4000,1,5.0,,6,60.67,0.0,60.67,60.67,No,0
Bronze,SOHO,4000,5,,,5,60.67,0.0,60.67,12.13,No,0
Bronze,SOHO,4000,5,1.0,,6,60.67,0.0,60.67,12.13,No,0
Bronze,SOHO,4000,5,,,5,60.83,0.0,60.83,12.17,No,0
Bronze,SOHO,4230,5,,,5,60.83,0.0,60.83,12.17,No,0
Bronze,SOHO,4002,3,,,3,60.83,0.0,60.83,20.28,No,0
Bronze,SOHO,4230,2,,,2,60.83,0.0,60.83,30.42,No,0
Bronze,SOHO,4000,7,,,7,60.83,0.0,60.83,8.69,No,0
Bronze,SOHO,4000,3,,,3,60.83,0.0,60.83,20.28,No,0
Bronze,SOHO,4004,3,,1.0,4,60.83,0.0,60.83,20.28,No,0
Bronze,SOHO,4151,5,,,5,61.0,0.0,61.0,12.2,No,0
Bronze,SOHO,4210,4,2.0,,6,61.0,0.0,61.0,15.25,No,0
Bronze,SOHO,4270,3,,,3,61.0,0.0,61.0,20.33,No,0
Bronze,SOHO,4023,3,,,3,61.0,0.0,61.0,20.33,No,0
Bronze,SOHO,4000,3,,,3,61.0,0.0,61.0,20.33,No,0
Silver,SOHO,4004,5,4.0,,9,61.0,0.0,61.0,12.2,No,0
Bronze,SOHO,4023,2,1.0,,3,61.17,0.0,61.17,30.59,No,0
Bronze,SOHO,4004,8,1.0,,9,61.17,0.0,61.17,7.65,No,0
Bronze,SOHO,4230,6,2.0,,8,61.33,0.0,61.33,10.22,No,0
Bronze,SOHO,4002,6,2.0,,8,61.33,0.0,61.33,10.22,No,0
Bronze,SOHO,4000,2,1.0,,3,61.33,0.0,61.33,30.67,No,0
Bronze,SOHO,4000,2,,,2,61.33,0.0,61.33,30.67,No,0
Iron,SOHO,4270,2,3.0,,5,61.5,0.0,61.5,30.75,No,0
Bronze,SOHO,4300,3,,,3,61.5,0.0,61.5,20.5,No,0
Bronze,SOHO,4003,3,1.0,,4,61.5,0.0,61.5,20.5,No,0
Bronze,SOHO,4000,3,,,3,61.5,0.0,61.5,20.5,No,0
Bronze,SOHO,4000,5,1.0,,6,61.67,0.0,61.67,12.33,No,0
Lead,SOHO,4204,6,,,6,61.67,0.0,61.67,10.28,No,0
Bronze,SOHO,4003,5,4.0,,9,61.67,0.0,61.67,12.33,No,0
Bronze,SOHO,4002,4,1.0,,5,61.67,0.0,61.67,15.42,No,0
Bronze,SOHO,4150,4,,,4,61.83,0.0,61.83,15.46,No,0
Bronze,SOHO,4004,4,,,4,61.83,0.0,61.83,15.46,No,0
Bronze,SOHO,4000,4,1.0,,5,61.83,0.0,61.83,15.46,No,0
Bronze,SOHO,4000,2,,,2,61.83,0.0,61.83,30.92,No,0
Bronze,SOHO,4023,5,3.0,,8,62.0,0.0,62.0,12.4,No,0
Bronze,SOHO,4000,2,,,2,62.0,0.0,62.0,31.0,No,0
Bronze,SOHO,4113,6,,,6,62.0,0.0,62.0,10.33,No,0
Bronze,SOHO,4000,2,1.0,,3,62.0,0.0,62.0,31.0,No,0
Bronze,SOHO,4870,2,,,2,62.17,0.0,62.17,31.09,No,0
Bronze,SOHO,4500,4,1.0,,5,62.17,0.0,62.17,15.54,No,0
Silver,SOHO,4370,4,,,4,62.17,0.0,62.17,15.54,No,0
Bronze,SOHO,4000,4,2.0,,6,62.17,0.0,62.17,15.54,No,0
Bronze,SOHO,4003,2,,,2,62.33,0.0,62.33,31.17,No,0
Bronze,SOHO,4002,6,2.0,,8,62.33,0.0,62.33,10.39,No,0
Iron,SOHO,4300,3,1.0,,4,62.33,0.0,62.33,20.78,No,0
Iron,SOHO,4700,3,,,3,62.33,0.0,62.33,20.78,No,0
Bronze,SOHO,4000,3,,,3,62.5,0.0,62.5,20.83,No,0
Silver,SOHO,4114,1,10.0,,11,62.5,0.0,62.5,62.5,No,0
Bronze,SOHO,4850,2,,,2,62.5,0.0,62.5,31.25,No,0
Bronze,SOHO,4023,3,,1.0,4,62.5,0.0,62.5,20.83,No,0
Bronze,SOHO,4230,3,3.0,,6,62.5,0.0,62.5,20.83,No,0
Bronze,SOHO,4530,6,21.0,,27,62.5,0.0,62.5,10.42,No,0
Bronze,SOHO,4110,4,6.0,,10,62.5,0.0,62.5,15.63,No,0
Bronze,SOHO,4700,3,14.0,,17,62.67,0.0,62.67,20.89,No,0
Bronze,SOHO,4850,1,2.0,,3,62.67,0.0,62.67,62.67,No,0
Bronze,SOHO,4500,1,,,1,62.67,0.0,62.67,62.67,No,0
Iron,SOHO,4004,2,1.0,,3,62.67,0.0,62.67,31.34,No,0
Bronze,SOHO,4000,5,,,5,62.67,0.0,62.67,12.53,No,0
Bronze,SOHO,4023,5,3.0,,8,62.67,0.0,62.67,12.53,No,0
Bronze,SOHO,4023,3,,,3,62.83,0.0,62.83,20.94,No,0
Bronze,SOHO,4002,3,,,3,62.83,0.0,62.83,20.94,No,0
Bronze,SOHO,4000,6,,,6,62.83,0.0,62.83,10.47,No,0
Bronze,SOHO,4000,4,,,4,62.83,0.0,62.83,15.71,No,0
Bronze,SOHO,4174,4,,,4,62.83,0.0,62.83,15.71,No,0
Bronze,SOHO,4000,6,1.0,,7,62.83,0.0,62.83,10.47,No,0
Bronze,SOHO,4230,7,,,7,62.83,0.0,62.83,8.98,Yes,1
Bronze,SOHO,4358,4,7.0,,11,62.83,0.0,62.83,15.71,No,0
Bronze,SOHO,4000,1,,,1,63.0,0.0,63.0,63.0,No,0
Bronze,SOHO,4006,5,5.0,1.0,11,63.0,0.0,63.0,12.6,No,0
Bronze,SOHO,4820,2,3.0,,5,63.0,0.0,63.0,31.5,No,0
Bronze,SOHO,4004,2,,,2,63.0,0.0,63.0,31.5,No,0
Bronze,SOHO,4000,2,3.0,,5,63.0,0.0,63.0,31.5,No,0
Bronze,SOHO,4003,4,,,4,63.0,0.0,63.0,15.75,No,0
Bronze,SOHO,4000,6,,,6,63.0,0.0,63.0,10.5,No,0
Bronze,SOHO,4004,3,1.0,,4,63.17,0.0,63.17,21.06,No,0
Bronze,SOHO,4700,3,3.0,,6,63.17,0.0,63.17,21.06,No,0
Bronze,SOHO,4108,2,3.0,,5,63.17,0.0,63.17,31.59,Yes,1
Bronze,SOHO,4000,2,,,2,63.17,0.0,63.17,31.59,Yes,1
Bronze,SOHO,4000,3,,,3,63.17,0.0,63.17,21.06,No,0
Bronze,SOHO,4300,4,2.0,,6,63.5,0.0,63.5,15.88,No,0
Bronze,SOHO,4300,3,,,3,63.5,0.0,63.5,21.17,No,0
Bronze,SOHO,4112,5,1.0,,6,63.5,0.0,63.5,12.7,No,0
Bronze,SOHO,4021,5,,,5,63.5,0.0,63.5,12.7,Yes,1
Bronze,SOHO,4210,5,,,5,63.5,0.0,63.5,12.7,No,0
Bronze,SOHO,4000,2,,,2,63.67,0.0,63.67,31.84,No,0
Bronze,SOHO,4000,2,,,2,63.67,0.0,63.67,31.84,No,0
Bronze,SOHO,4000,2,1.0,,3,63.83,0.0,63.83,31.92,No,0
Bronze,SOHO,4000,2,,,2,63.83,0.0,63.83,31.92,No,0
Bronze,SOHO,4023,2,2.0,,4,63.83,0.0,63.83,31.92,No,0
Bronze,SOHO,4000,2,8.0,,10,85.0,0.0,85.0,42.5,No,0
Silver,SOHO,6000,4,11.0,,15,162.33,0.0,162.33,40.58,No,0
Bronze,SOHO,6000,6,1.0,,7,122.0,0.0,122.0,20.33,No,0
Bronze,SOHO,6000,4,,,4,50.33,0.0,50.33,12.58,No,0
Gold,SOHO,6100,5,19.0,,24,267.0,0.0,267.0,53.4,No,0
Lead,SOHO,6000,12,,,12,229.17,0.0,229.17,19.1,No,0
Bronze,SOHO,6300,5,,,5,87.5,0.0,87.5,17.5,No,0
Iron,SOHO,1421,1,1.0,,2,7.0,70.0,77.0,7.0,No,0
Platinum,SOHO,6100,13,,,13,251.17,0.0,251.17,19.32,No,0
Platinum,SOHO,6890,8,,2.0,10,460.0,0.0,460.0,57.5,No,0
Bronze,SOHO,1000,7,,,7,47.67,0.0,47.67,6.81,No,0
Iron,SOHO,4000,1,3.0,,4,44.83,0.0,44.83,44.83,No,0
Silver,SOHO,1504,5,3.0,,8,188.67,21.83,210.5,37.73,No,0
Iron,SOHO,6430,2,,,2,60.67,0.0,60.67,30.34,No,0
Gold,SOHO,6900,8,1.0,,9,243.5,0.0,243.5,30.44,No,0
Gold,SOHO,6600,7,26.0,,33,154.0,28.17,182.17,22.0,No,0
Gold,SOHO,6800,12,8.0,,20,222.0,0.0,222.0,18.5,No,0
Gold,SOHO,6600,6,16.0,,22,149.0,0.0,149.0,24.83,No,0
Iron,SOHO,6300,4,,,4,43.17,99.17,142.34,10.79,No,0
Gold,SOHO,6300,6,,,6,182.17,0.0,182.17,30.36,No,0
Bronze,SOHO,6343,1,,,1,40.17,0.0,40.17,40.17,No,0
Silver,SOHO,6300,10,,,10,321.33,0.0,321.33,32.13,Yes,1
Gold,SOHO,4948,8,,,8,285.0,0.0,285.0,35.63,No,0
Gold,SOHO,4000,13,,,13,138.83,0.0,138.83,10.68,No,0
Iron,SOHO,7007,1,,,1,13.0,48.0,61.0,13.0,No,0
Bronze,SOHO,4300,2,3.0,,5,77.33,6.83,84.16,38.67,No,0
Iron,SOHO,4228,1,5.0,,6,71.5,42.33,113.83,71.5,No,0
Bronze,SOHO,1202,10,4.0,,14,70.0,5.67,75.67,7.0,No,0
Bronze,SOHO,4600,3,71.0,,74,73.0,0.0,73.0,24.33,No,0
Bronze,SOHO,4600,4,3.0,,7,63.67,0.0,63.67,15.92,No,0
Iron,SOHO,6000,2,,,2,42.33,0.0,42.33,21.17,No,0
Bronze,SOHO,8200,1,,,1,41.67,26.67,68.34,41.67,No,0
Bronze,SOHO,4000,3,,,3,78.0,0.0,78.0,26.0,No,0
Bronze,SOHO,4300,5,,,5,70.17,0.0,70.17,14.03,No,0
Gold,SOHO,4112,16,,,16,199.5,0.0,199.5,12.47,No,0
Silver,SOHO,4023,12,,,12,255.83,0.0,255.83,21.32,No,0
Bronze,SOHO,4000,1,5.0,,6,41.17,0.0,41.17,41.17,No,0
Bronze,SOHO,4000,1,,,1,76.67,0.0,76.67,76.67,No,0
Bronze,SOHO,4000,1,,,1,49.0,0.0,49.0,49.0,No,0
Bronze,SOHO,4023,3,,,3,50.0,0.0,50.0,16.67,No,0
Bronze,SOHO,4000,3,,,3,43.83,0.0,43.83,14.61,No,0
Bronze,SOHO,4000,5,,,5,81.5,0.0,81.5,16.3,No,0
Bronze,SOHO,4000,3,,,3,59.0,0.0,59.0,19.67,No,0
Bronze,SOHO,4000,3,,,3,42.0,0.0,42.0,14.0,No,0
Bronze,SOHO,4450,2,,,2,47.83,0.0,47.83,23.92,No,0
Bronze,SOHO,4004,3,9.0,,12,43.0,0.0,43.0,14.33,No,0
Bronze,SOHO,4944,1,8.0,,9,51.83,0.0,51.83,51.83,Yes,1
Silver,SOHO,6258,12,9.0,,21,124.33,0.0,124.33,10.36,No,0
Bronze,SOHO,6400,2,,,2,49.0,0.0,49.0,24.5,No,0
Bronze,SOHO,6465,5,1.0,,6,63.17,0.0,63.17,12.63,No,0
Bronze,SOHO,6830,1,1.0,,2,56.5,0.0,56.5,56.5,No,0
Silver,SOHO,4550,2,2.0,,4,13.33,78.83,92.16,6.67,No,0
Gold,SOHO,4000,7,,,7,254.5,0.0,254.5,36.36,No,0
Platinum,SOHO,4000,11,,,11,221.83,0.0,221.83,20.17,No,0
Bronze,SOHO,4000,9,,,9,104.0,0.0,104.0,11.56,No,0
Bronze,SOHO,4000,6,,,6,65.2,0.0,65.2,10.87,No,0
Gold,SOHO,4000,10,,,10,194.67,0.0,194.67,19.47,No,0
Bronze,SOHO,4000,5,,,5,42.33,0.0,42.33,8.47,No,0
Gold,SOHO,4002,11,4.0,,15,94.5,0.0,94.5,8.59,No,0
Platinum,SOHO,4400,7,,,7,207.0,0.0,207.0,29.57,No,0
Silver,SOHO,4006,12,14.0,,26,130.67,0.0,130.67,10.89,No,0
Bronze,SOHO,4000,12,,,12,77.0,0.0,77.0,6.42,No,0
Bronze,SOHO,4000,6,,,6,74.0,0.0,74.0,12.33,No,0
Silver,SOHO,1505,13,,,13,175.5,119.83,295.33,13.5,No,0
Silver,SOHO,4004,8,86.0,,94,120.33,0.0,120.33,15.04,No,0
Bronze,SOHO,1421,2,,,2,49.0,7.5,56.5,24.5,No,0
Bronze,SOHO,6000,2,,,2,41.5,0.0,41.5,20.75,No,0
Gold,SOHO,6400,14,3.0,,17,257.83,0.0,257.83,18.42,No,0
Bronze,SOHO,6100,2,,,2,72.0,0.0,72.0,36.0,No,0
Platinum,SOHO,1407,21,,1.0,22,380.5,0.0,380.5,18.12,No,0
Silver,SOHO,4000,10,,,10,120.83,0.0,120.83,12.08,No,0
Silver,SOHO,6000,11,4.0,,15,106.5,0.0,106.5,9.68,No,0
Bronze,SOHO,6000,3,,,3,52.0,10.0,62.0,17.33,No,0
Silver,SOHO,9101,6,,,6,120.67,23.33,144.0,20.11,No,0
Gold,SOHO,4700,24,,,24,231.33,0.0,231.33,9.64,No,0
Platinum,SOHO,1421,12,1.0,,13,273.67,0.0,273.67,22.81,No,0
Bronze,SOHO,6000,6,,,6,54.33,0.0,54.33,9.06,No,0
Bronze,SOHO,4831,3,,,3,59.17,0.0,59.17,19.72,No,0
Gold,SOHO,6000,14,,,14,268.8,0.0,268.8,19.2,Yes,1
Platinum,SOHO,4000,2,,,2,309.67,0.0,309.67,154.84,No,0
Iron,SOHO,4000,30,,,30,178.17,0.0,178.17,5.94,No,0
Silver,SOHO,4000,6,,,6,113.33,0.0,113.33,18.89,No,0
Gold,SOHO,4137,9,,,9,248.33,0.0,248.33,27.59,No,0
Bronze,SOHO,6800,1,1.0,,2,40.5,0.0,40.5,40.5,No,0
Silver,SOHO,6000,2,1.0,,3,98.83,0.0,98.83,49.42,No,0
Silver,SOHO,6300,6,5.0,,11,104.83,0.0,104.83,17.47,No,0
Silver,SOHO,6000,9,2.0,,11,180.0,0.0,180.0,20.0,No,0
Silver,SOHO,6600,14,,,14,81.33,0.0,81.33,5.81,No,0
Bronze,SOHO,6000,2,,,2,54.17,0.0,54.17,27.09,No,0
Gold,SOHO,6000,13,1.0,,14,172.33,0.0,172.33,13.26,No,0
Bronze,SOHO,4409,2,,,2,69.17,0.0,69.17,34.59,No,0
Bronze,SOHO,4150,5,,,5,99.0,0.0,99.0,19.8,No,0
Bronze,SOHO,4290,4,,,4,51.5,0.0,51.5,12.88,No,0
Bronze,SOHO,4178,3,,,3,87.83,0.0,87.83,29.28,No,0
Silver,SOHO,4006,27,,,27,193.0,0.0,193.0,7.15,No,0
Bronze,SOHO,4006,14,1.0,,15,101.5,0.0,101.5,7.25,No,0
Silver,SOHO,4016,14,,,14,140.67,0.0,140.67,10.05,No,0
Silver,SOHO,4000,34,1.0,,35,102.83,0.0,102.83,3.02,No,0
Gold,SOHO,4000,10,,,10,250.83,0.0,250.83,25.08,No,0
Bronze,SOHO,4004,7,,,7,41.83,0.0,41.83,5.98,No,0
Bronze,SOHO,6142,4,,,4,45.0,0.0,45.0,11.25,No,0
Bronze,SOHO,6460,4,,,4,51.33,0.0,51.33,12.83,No,0
Silver,SOHO,6400,3,,,3,154.0,0.0,154.0,51.33,No,0
Iron,SOHO,6500,3,2.0,,5,49.83,0.0,49.83,16.61,No,0
Silver,SOHO,4000,25,,,25,212.83,0.0,212.83,8.51,Yes,1
Platinum,SOHO,4130,14,,,14,249.0,0.0,249.0,17.79,No,0
Silver,SOHO,4210,9,,,9,239.0,0.0,239.0,26.56,No,0
Gold,SOHO,4000,1,,,1,198.5,0.0,198.5,198.5,No,0
Silver,SOHO,4000,3,,,3,51.0,0.0,51.0,17.0,No,0
Iron,SOHO,4000,1,,,1,21.0,300.0,321.0,21.0,No,0
Bronze,SOHO,8005,2,,,2,55.5,55.0,110.5,27.75,No,0
Bronze,SOHO,6300,6,,,6,80.83,0.0,80.83,13.47,No,0
Iron,SOHO,8800,2,,,2,22.83,25.83,48.66,11.42,Yes,1
Iron,SOHO,4230,5,,,5,40.0,0.0,40.0,8.0,No,0
Bronze,SOHO,4023,5,,,5,40.0,0.0,40.0,8.0,No,0
Iron,SOHO,4016,5,,,5,40.0,0.0,40.0,8.0,No,0
Iron,SOHO,4000,5,1.0,,6,40.0,0.0,40.0,8.0,No,0
Iron,SOHO,4000,2,,,2,40.0,0.0,40.0,20.0,No,0
Iron,SOHO,4400,2,,,2,40.0,0.0,40.0,20.0,No,0
Bronze,SOHO,4013,1,,,1,40.0,0.0,40.0,40.0,No,0
Bronze,SOHO,4000,4,,,4,40.0,0.0,40.0,10.0,No,0
Iron,SOHO,4400,7,,,7,40.0,0.0,40.0,5.71,No,0
Bronze,SOHO,4000,3,,,3,40.0,0.0,40.0,13.33,No,0
Iron,SOHO,4003,3,7.0,,10,40.0,0.0,40.0,13.33,No,0
Iron,SOHO,4470,4,,,4,40.0,0.0,40.0,10.0,No,0
Bronze,SOHO,4500,2,,,2,40.0,0.0,40.0,20.0,No,0
Bronze,SOHO,4003,2,,,2,40.0,0.0,40.0,20.0,No,0
Bronze,SOHO,4000,2,3.0,,5,40.17,0.0,40.17,20.09,Yes,1
Iron,SOHO,4230,5,,,5,40.17,0.0,40.17,8.03,No,0
Iron,SOHO,4108,5,,,5,40.17,0.0,40.17,8.03,No,0
Bronze,SOHO,4000,1,4.0,,5,40.17,0.0,40.17,40.17,No,0
Bronze,SOHO,4990,3,5.0,,8,40.17,0.0,40.17,13.39,No,0
Bronze,SOHO,4023,2,,,2,40.17,0.0,40.17,20.09,No,0
Bronze,SOHO,4220,5,,,5,40.17,0.0,40.17,8.03,No,0
Bronze,SOHO,4000,5,,,5,40.17,0.0,40.17,8.03,No,0
Bronze,SOHO,4000,2,3.0,,5,40.17,0.0,40.17,20.09,No,0
Bronze,SOHO,4230,2,1.0,,3,40.17,0.0,40.17,20.09,No,0
Iron,SOHO,4400,2,,,2,40.2,0.0,40.2,20.1,No,0
Iron,SOHO,4000,1,,,1,40.33,0.0,40.33,40.33,No,0
Iron,SOHO,4700,3,,,3,40.33,0.0,40.33,13.44,No,0
Iron,SOHO,4220,1,3.0,,4,40.33,0.0,40.33,40.33,No,0
Bronze,SOHO,4020,4,1.0,,5,40.33,0.0,40.33,10.08,No,0
Bronze,SOHO,4400,2,1.0,,3,40.33,0.0,40.33,20.17,No,0
Iron,SOHO,4000,2,1.0,,3,40.33,0.0,40.33,20.17,No,0
Bronze,SOHO,4230,3,6.0,,9,40.33,0.0,40.33,13.44,No,0
Bronze,SOHO,4220,3,1.0,,4,40.33,0.0,40.33,13.44,No,0
Bronze,SOHO,4230,1,1.0,,2,40.33,0.0,40.33,40.33,No,0
Bronze,SOHO,4400,3,1.0,,4,40.5,0.0,40.5,13.5,No,0
Iron,SOHO,4001,3,1.0,,4,40.5,0.0,40.5,13.5,Yes,1
Bronze,SOHO,4141,2,,,2,40.67,0.0,40.67,20.34,No,0
Iron,SOHO,4002,2,1.0,,3,40.67,0.0,40.67,20.34,No,0
Bronze,SOHO,4400,2,,,2,40.67,0.0,40.67,20.34,No,0
Bronze,SOHO,4700,1,,,1,40.67,0.0,40.67,40.67,No,0
Bronze,SOHO,4400,2,3.0,,5,40.67,0.0,40.67,20.34,No,0
Bronze,SOHO,4000,2,2.0,,4,40.67,0.0,40.67,20.34,No,0
Bronze,SOHO,4001,4,1.0,,5,40.67,0.0,40.67,10.17,No,0
Iron,SOHO,4600,2,5.0,,7,40.67,0.0,40.67,20.34,No,0
Bronze,SOHO,4000,2,,,2,40.67,0.0,40.67,20.34,No,0
Bronze,SOHO,4700,2,2.0,,4,40.67,0.0,40.67,20.34,No,0
Bronze,SOHO,4980,2,3.0,1.0,6,40.67,0.0,40.67,20.34,No,0
Iron,SOHO,4000,2,,,2,40.67,0.0,40.67,20.34,No,0
Bronze,SOHO,4002,2,3.0,,5,40.67,0.0,40.67,20.34,No,0
Bronze,SOHO,4700,3,1.0,,4,40.67,0.0,40.67,13.56,No,0
Lead,SOHO,4522,1,,,1,40.67,0.0,40.67,40.67,No,0
Iron,SOHO,4400,2,6.0,,8,40.75,0.0,40.75,20.38,No,0
Bronze,SOHO,4003,2,1.0,,3,40.83,0.0,40.83,20.42,No,0
Bronze,SOHO,4349,2,1.0,,3,40.83,0.0,40.83,20.42,No,0
Bronze,SOHO,4230,2,1.0,,3,40.83,0.0,40.83,20.42,No,0
Bronze,SOHO,4700,2,2.0,,4,40.83,0.0,40.83,20.42,No,0
Bronze,SOHO,4400,2,,,2,40.83,0.0,40.83,20.42,No,0
Bronze,SOHO,4230,2,,,2,40.83,0.0,40.83,20.42,No,0
Iron,SOHO,4000,3,,,3,40.83,0.0,40.83,13.61,No,0
Bronze,SOHO,4101,1,1.0,,2,40.83,0.0,40.83,40.83,No,0
Bronze,SOHO,4000,2,,,2,40.83,0.0,40.83,20.42,No,0
Iron,SOHO,4330,2,,,2,40.83,0.0,40.83,20.42,No,0
Iron,SOHO,4150,5,,,5,41.0,0.0,41.0,8.2,No,0
Bronze,SOHO,4000,6,,,6,41.0,0.0,41.0,6.83,No,0
Bronze,SOHO,4000,2,1.0,,3,41.0,0.0,41.0,20.5,No,0
Bronze,SOHO,4000,2,,,2,41.0,0.0,41.0,20.5,No,0
Bronze,SOHO,4150,5,,,5,41.0,0.0,41.0,8.2,No,0
Bronze,SOHO,4330,3,2.0,,5,41.0,0.0,41.0,13.67,Yes,1
Bronze,SOHO,4400,3,1.0,,4,41.0,0.0,41.0,13.67,No,0
Bronze,SOHO,4400,2,2.0,,4,41.0,0.0,41.0,20.5,No,0
Iron,SOHO,4224,5,2.0,,7,41.0,0.0,41.0,8.2,Yes,1
Bronze,SOHO,4249,1,,,1,41.17,0.0,41.17,41.17,No,0
Bronze,SOHO,4225,3,,,3,41.17,0.0,41.17,13.72,No,0
Bronze,SOHO,4400,1,,,1,41.17,0.0,41.17,41.17,No,0
Bronze,SOHO,4230,5,,,5,41.17,0.0,41.17,8.23,No,0
Bronze,SOHO,4000,3,4.0,,7,41.17,0.0,41.17,13.72,No,0
Bronze,SOHO,4980,2,,,2,41.17,0.0,41.17,20.59,No,0
Bronze,SOHO,4000,4,,,4,41.17,0.0,41.17,10.29,No,0
Bronze,SOHO,4004,4,2.0,,6,41.17,0.0,41.17,10.29,No,0
Bronze,SOHO,4004,2,,,2,41.33,0.0,41.33,20.67,No,0
Bronze,SOHO,4016,3,,,3,41.33,0.0,41.33,13.78,No,0
Iron,SOHO,4230,4,1.0,,5,41.33,0.0,41.33,10.33,No,0
Bronze,SOHO,4208,2,,,2,41.33,0.0,41.33,20.67,No,0
Bronze,SOHO,4400,4,1.0,,5,41.33,0.0,41.33,10.33,No,0
Bronze,SOHO,4150,2,,,2,41.33,0.0,41.33,20.67,No,0
Bronze,SOHO,4000,5,2.0,,7,41.33,0.0,41.33,8.27,No,0
Bronze,SOHO,4000,3,,,3,41.5,0.0,41.5,13.83,No,0
Bronze,SOHO,4017,2,,,2,41.5,0.0,41.5,20.75,No,0
Bronze,SOHO,4004,4,,,4,41.5,0.0,41.5,10.38,No,0
Bronze,SOHO,4701,4,,,4,41.5,0.0,41.5,10.38,No,0
Bronze,SOHO,4000,5,,,5,41.5,0.0,41.5,8.3,No,0
Bronze,SOHO,4579,2,,,2,41.5,0.0,41.5,20.75,No,0
Bronze,SOHO,4960,3,1.0,,4,41.5,0.0,41.5,13.83,No,0
Bronze,SOHO,4000,2,1.0,,3,41.5,0.0,41.5,20.75,No,0
Bronze,SOHO,4490,4,,,4,41.5,0.0,41.5,10.38,No,0
Iron,SOHO,4000,3,1.0,1.0,5,41.5,0.0,41.5,13.83,No,0
Bronze,SOHO,4700,3,,,3,41.67,0.0,41.67,13.89,No,0
Bronze,SOHO,4000,2,,,2,41.67,0.0,41.67,20.84,No,0
Iron,SOHO,4004,2,,,2,41.83,0.0,41.83,20.92,No,0
Bronze,SOHO,4230,2,,,2,41.83,0.0,41.83,20.92,No,0
Bronze,SOHO,4300,3,1.0,,4,41.83,0.0,41.83,13.94,No,0
Bronze,SOHO,4000,2,1.0,,3,41.83,0.0,41.83,20.92,No,0
Bronze,SOHO,4006,1,,,1,41.83,0.0,41.83,41.83,No,0
Bronze,SOHO,4500,2,6.0,,8,41.83,0.0,41.83,20.92,No,0
Bronze,SOHO,4400,2,,,2,41.83,0.0,41.83,20.92,No,0
Bronze,SOHO,4270,1,,,1,41.83,0.0,41.83,41.83,No,0
Iron,SOHO,4142,4,,,4,42.0,0.0,42.0,10.5,No,0
Bronze,SOHO,4550,2,4.0,,6,42.0,0.0,42.0,21.0,No,0
Bronze,SOHO,4400,4,1.0,,5,42.0,0.0,42.0,10.5,No,0
Bronze,SOHO,4000,1,,,1,42.0,0.0,42.0,42.0,No,0
Bronze,SOHO,4023,1,,,1,42.0,0.0,42.0,42.0,No,0
Bronze,SOHO,4230,5,,,5,42.17,0.0,42.17,8.43,No,0
Iron,SOHO,4700,2,,,2,42.17,0.0,42.17,21.09,No,0
Iron,SOHO,4023,2,,,2,42.17,0.0,42.17,21.09,No,0
Bronze,SOHO,4002,6,1.0,,7,42.17,0.0,42.17,7.03,No,0
Bronze,SOHO,4770,2,,,2,42.17,0.0,42.17,21.09,No,0
Bronze,SOHO,4700,3,,,3,42.17,0.0,42.17,14.06,Yes,1
Iron,SOHO,4020,5,,,5,42.33,0.0,42.33,8.47,No,0
Bronze,SOHO,4850,2,,,2,42.33,0.0,42.33,21.17,No,0
Bronze,SOHO,4400,4,,,4,42.33,0.0,42.33,10.58,No,0
Bronze,SOHO,4000,3,2.0,,5,42.33,0.0,42.33,14.11,No,0
Iron,SOHO,4700,2,,,2,42.33,0.0,42.33,21.17,No,0
Bronze,SOHO,4002,2,,,2,42.33,0.0,42.33,21.17,No,0
Bronze,SOHO,4210,2,5.0,,7,42.33,0.0,42.33,21.17,No,0
Bronze,SOHO,4441,2,,,2,42.5,0.0,42.5,21.25,No,0
Bronze,SOHO,4400,3,,,3,42.5,0.0,42.5,14.17,No,0
Bronze,SOHO,4002,2,,,2,42.5,0.0,42.5,21.25,No,0
Bronze,SOHO,4241,2,,,2,42.5,0.0,42.5,21.25,No,0
Bronze,SOHO,4150,5,,,5,42.5,0.0,42.5,8.5,No,0
Bronze,SOHO,4300,2,,,2,42.5,0.0,42.5,21.25,No,0
Iron,SOHO,4110,2,2.0,,4,42.5,0.0,42.5,21.25,No,0
Bronze,SOHO,4004,2,,,2,42.67,0.0,42.67,21.34,No,0
Bronze,SOHO,4404,2,1.0,,3,42.67,0.0,42.67,21.34,No,0
Iron,SOHO,4002,3,,,3,42.67,0.0,42.67,14.22,No,0
Bronze,SOHO,4180,5,,,5,42.67,0.0,42.67,8.53,No,0
Bronze,SOHO,4743,2,,,2,42.67,0.0,42.67,21.34,No,0
Iron,SOHO,4000,5,,,5,42.67,0.0,42.67,8.53,No,0
Bronze,SOHO,4000,1,1.0,,2,42.67,0.0,42.67,42.67,Yes,1
Bronze,SOHO,4190,3,3.0,,6,42.67,0.0,42.67,14.22,No,0
Bronze,SOHO,4700,3,,,3,42.83,0.0,42.83,14.28,No,0
Bronze,SOHO,4600,2,,,2,42.83,0.0,42.83,21.42,No,0
Bronze,SOHO,4262,6,,,6,42.83,0.0,42.83,7.14,No,0
Iron,SOHO,4000,1,2.0,,3,43.0,0.0,43.0,43.0,No,0
Bronze,SOHO,4000,3,1.0,,4,43.0,0.0,43.0,14.33,No,0
Bronze,SOHO,4980,2,,,2,43.0,0.0,43.0,21.5,No,0
Bronze,SOHO,4000,2,,,2,43.0,0.0,43.0,21.5,No,0
Bronze,SOHO,4000,1,,,1,43.0,0.0,43.0,43.0,No,0
Bronze,SOHO,4000,1,1.0,,2,43.0,0.0,43.0,43.0,No,0
Bronze,SOHO,4000,2,,,2,43.17,0.0,43.17,21.59,No,0
Bronze,SOHO,4023,4,,,4,43.17,0.0,43.17,10.79,No,0
Bronze,SOHO,4004,4,1.0,,5,43.17,0.0,43.17,10.79,No,0
Bronze,SOHO,4700,2,1.0,,3,43.17,0.0,43.17,21.59,No,0
Iron,SOHO,4150,5,,,5,43.17,0.0,43.17,8.63,No,0
Iron,SOHO,4400,1,,,1,43.17,0.0,43.17,43.17,No,0
Bronze,SOHO,4224,5,,,5,43.17,0.0,43.17,8.63,No,0
Bronze,SOHO,4640,2,,,2,43.33,0.0,43.33,21.67,No,0
Iron,SOHO,4002,1,,,1,43.33,0.0,43.33,43.33,No,0
Bronze,SOHO,4000,4,,,4,43.33,0.0,43.33,10.83,No,0
Iron,SOHO,4001,2,1.0,,3,43.33,0.0,43.33,21.67,No,0
Bronze,SOHO,4000,3,,,3,43.33,0.0,43.33,14.44,No,0
Bronze,SOHO,4700,2,1.0,,3,43.33,0.0,43.33,21.67,No,0
Bronze,SOHO,4270,4,2.0,,6,43.33,0.0,43.33,10.83,No,0
Bronze,SOHO,4550,5,,,5,43.33,0.0,43.33,8.67,No,0
Bronze,SOHO,4004,1,1.0,,2,43.33,0.0,43.33,43.33,No,0
Bronze,SOHO,4000,6,,,6,43.33,0.0,43.33,7.22,No,0
Bronze,SOHO,4400,1,,,1,43.33,0.0,43.33,43.33,No,0
Iron,SOHO,4000,1,,,1,43.5,0.0,43.5,43.5,No,0
Bronze,SOHO,4241,3,,,3,43.5,0.0,43.5,14.5,No,0
Bronze,SOHO,4000,3,3.0,,6,43.5,0.0,43.5,14.5,No,0
Bronze,SOHO,4004,4,,,4,43.5,0.0,43.5,10.88,No,0
Iron,SOHO,4000,1,1.0,,2,43.5,0.0,43.5,43.5,No,0
Bronze,SOHO,4000,5,1.0,,6,43.5,0.0,43.5,8.7,No,0
Silver,SOHO,4004,3,1.0,,4,43.5,0.0,43.5,14.5,No,0
Bronze,SOHO,4000,1,,,1,43.5,0.0,43.5,43.5,No,0
Bronze,SOHO,4000,3,1.0,,4,43.5,0.0,43.5,14.5,No,0
Iron,SOHO,4000,1,,,1,43.5,0.0,43.5,43.5,No,0
Bronze,SOHO,4000,5,,,5,43.5,0.0,43.5,8.7,No,0
Bronze,SOHO,4000,2,,,2,43.67,0.0,43.67,21.84,No,0
Iron,SOHO,4700,2,,,2,43.67,0.0,43.67,21.84,No,0
Bronze,SOHO,4000,1,2.0,,3,43.67,0.0,43.67,43.67,No,0
Silver,SOHO,4004,2,,,2,43.67,0.0,43.67,21.84,No,0
Bronze,SOHO,4980,1,3.0,,4,43.67,0.0,43.67,43.67,No,0
Iron,SOHO,4000,2,,,2,43.67,0.0,43.67,21.84,No,0
Bronze,SOHO,4000,3,,,3,43.83,0.0,43.83,14.61,No,0
Bronze,SOHO,4000,2,1.0,,3,43.83,0.0,43.83,21.92,No,0
Iron,SOHO,4003,1,,,1,43.83,0.0,43.83,43.83,No,0
Bronze,SOHO,4003,4,1.0,,5,43.83,0.0,43.83,10.96,No,0
Bronze,SOHO,4850,3,,,3,43.83,0.0,43.83,14.61,No,0
Bronze,SOHO,4270,2,,,2,44.0,0.0,44.0,22.0,No,0
Bronze,SOHO,4023,7,,,7,44.0,0.0,44.0,6.29,No,0
Bronze,SOHO,4000,5,5.0,,10,44.0,0.0,44.0,8.8,No,0
Bronze,SOHO,4000,2,1.0,,3,44.0,0.0,44.0,22.0,No,0
Bronze,SOHO,4400,4,,,4,44.0,0.0,44.0,11.0,No,0
Bronze,SOHO,4700,3,,,3,44.0,0.0,44.0,14.67,No,0
Iron,SOHO,4124,5,1.0,,6,44.0,0.0,44.0,8.8,No,0
Bronze,SOHO,4003,2,,,2,44.0,0.0,44.0,22.0,No,0
Bronze,SOHO,4230,5,,,5,44.0,0.0,44.0,8.8,No,0
Bronze,SOHO,4000,1,,,1,44.0,0.0,44.0,44.0,No,0
Lead,SOHO,4210,2,,,2,44.17,0.0,44.17,22.09,No,0
Iron,SOHO,4003,1,,,1,44.17,0.0,44.17,44.17,No,0
Bronze,SOHO,4003,2,2.0,,4,44.17,0.0,44.17,22.09,No,0
Bronze,SOHO,4980,4,,,4,44.17,0.0,44.17,11.04,No,0
Bronze,SOHO,4000,3,1.0,,4,44.17,0.0,44.17,14.72,No,0
Bronze,SOHO,4003,1,1.0,,2,44.17,0.0,44.17,44.17,Yes,1
Bronze,SOHO,4220,4,1.0,,5,44.17,0.0,44.17,11.04,No,0
Bronze,SOHO,4000,2,,,2,44.33,0.0,44.33,22.17,No,0
Bronze,SOHO,4230,3,10.0,,13,44.33,0.0,44.33,14.78,No,0
Iron,SOHO,4000,2,,,2,44.33,0.0,44.33,22.17,No,0
Bronze,SOHO,4023,2,,,2,44.33,0.0,44.33,22.17,No,0
Bronze,SOHO,4000,2,1.0,,3,44.33,0.0,44.33,22.17,No,0
Bronze,SOHO,4000,4,,,4,44.5,0.0,44.5,11.13,No,0
Bronze,SOHO,4702,4,1.0,,5,44.5,0.0,44.5,11.13,No,0
Bronze,SOHO,4003,4,1.0,,5,44.5,0.0,44.5,11.13,No,0
Bronze,SOHO,4006,2,,,2,44.5,0.0,44.5,22.25,No,0
Bronze,SOHO,4004,1,,,1,44.5,0.0,44.5,44.5,No,0
Bronze,SOHO,4600,5,,,5,44.67,0.0,44.67,8.93,No,0
Iron,SOHO,4023,2,,,2,44.67,0.0,44.67,22.34,No,0
Bronze,SOHO,4000,2,,,2,44.67,0.0,44.67,22.34,No,0
Bronze,SOHO,4210,2,1.0,,3,44.67,0.0,44.67,22.34,Yes,1
Bronze,SOHO,4000,5,1.0,,6,44.67,0.0,44.67,8.93,No,0
Bronze,SOHO,4003,4,,,4,44.67,0.0,44.67,11.17,No,0
Bronze,SOHO,4000,5,,,5,44.67,0.0,44.67,8.93,No,0
Bronze,SOHO,4002,2,1.0,,3,44.83,0.0,44.83,22.42,No,0
Bronze,SOHO,4003,3,2.0,,5,44.83,0.0,44.83,14.94,No,0
Bronze,SOHO,4400,2,,,2,44.83,0.0,44.83,22.42,No,0
Bronze,SOHO,4000,3,,,3,44.83,0.0,44.83,14.94,No,0
Bronze,SOHO,4190,3,1.0,,4,44.83,0.0,44.83,14.94,No,0
Bronze,SOHO,4700,3,,,3,44.83,0.0,44.83,14.94,No,0
Bronze,SOHO,4300,2,1.0,,3,45.0,0.0,45.0,22.5,No,0
Bronze,SOHO,4003,2,4.0,,6,45.0,0.0,45.0,22.5,No,0
Bronze,SOHO,4023,3,,,3,45.0,0.0,45.0,15.0,No,0
Bronze,SOHO,4000,1,,,1,45.0,0.0,45.0,45.0,No,0
Silver,SOHO,4017,4,4.0,,8,45.0,0.0,45.0,11.25,No,0
Bronze,SOHO,4000,2,2.0,,4,45.17,0.0,45.17,22.59,No,0
Bronze,SOHO,4300,2,,,2,45.17,0.0,45.17,22.59,No,0
Bronze,SOHO,4302,5,,,5,45.17,0.0,45.17,9.03,No,0
Bronze,SOHO,4000,3,1.0,,4,45.17,0.0,45.17,15.06,No,0
Bronze,SOHO,4002,3,1.0,,4,45.17,0.0,45.17,15.06,No,0
Iron,SOHO,4600,3,1.0,,4,45.17,0.0,45.17,15.06,No,0
Bronze,SOHO,4000,3,1.0,,4,45.17,0.0,45.17,15.06,No,0
Bronze,SOHO,4000,4,,,4,45.33,0.0,45.33,11.33,No,0
Iron,SOHO,4400,1,1.0,,2,45.33,0.0,45.33,45.33,No,0
Bronze,SOHO,4023,3,2.0,,5,45.33,0.0,45.33,15.11,No,0
Bronze,SOHO,4300,5,,,5,45.33,0.0,45.33,9.07,No,0
Iron,SOHO,4002,7,7.0,,14,45.33,0.0,45.33,6.48,No,0
Bronze,SOHO,4000,5,5.0,,10,45.5,0.0,45.5,9.1,No,0
Bronze,SOHO,4000,3,3.0,,6,45.5,0.0,45.5,15.17,No,0
Bronze,SOHO,4230,2,,,2,45.5,0.0,45.5,22.75,No,0
Iron,SOHO,4343,2,,,2,45.5,0.0,45.5,22.75,No,0
Bronze,SOHO,4030,4,,,4,45.67,0.0,45.67,11.42,No,0
Bronze,SOHO,4700,1,1.0,,2,45.67,0.0,45.67,45.67,No,0
Iron,SOHO,4000,1,1.0,,2,45.67,0.0,45.67,45.67,No,0
Iron,SOHO,4980,4,1.0,,5,45.67,0.0,45.67,11.42,No,0
Bronze,SOHO,4300,2,1.0,,3,45.67,0.0,45.67,22.84,No,0
Bronze,SOHO,4190,3,,,3,45.67,0.0,45.67,15.22,No,0
Bronze,SOHO,4023,3,,,3,45.67,0.0,45.67,15.22,No,0
Bronze,SOHO,4004,3,,,3,45.83,0.0,45.83,15.28,No,0
Bronze,SOHO,4023,3,2.0,,5,45.83,0.0,45.83,15.28,No,0
Bronze,SOHO,4470,5,,,5,45.83,0.0,45.83,9.17,No,0
Bronze,SOHO,4000,2,1.0,,3,45.83,0.0,45.83,22.92,No,0
Bronze,SOHO,4500,5,,,5,45.83,0.0,45.83,9.17,No,0
Bronze,SOHO,4027,2,4.0,,6,45.83,0.0,45.83,22.92,No,0
Bronze,SOHO,4330,3,1.0,,4,45.83,0.0,45.83,15.28,No,0
Bronze,SOHO,4270,1,1.0,,2,45.83,0.0,45.83,45.83,No,0
Bronze,SOHO,4000,4,,,4,45.83,0.0,45.83,11.46,No,0
Iron,SOHO,4000,2,2.0,,4,45.83,0.0,45.83,22.92,No,0
Bronze,SOHO,4002,2,,,2,45.83,0.0,45.83,22.92,No,0
Iron,SOHO,4101,3,1.0,,4,46.0,0.0,46.0,15.33,No,0
Iron,SOHO,4000,1,,,1,46.0,0.0,46.0,46.0,No,0
Bronze,SOHO,4701,3,4.0,,7,46.0,0.0,46.0,15.33,Yes,1
Bronze,SOHO,4000,2,,,2,46.0,0.0,46.0,23.0,No,0
Bronze,SOHO,4006,2,2.0,,4,46.0,0.0,46.0,23.0,No,0
Silver,SOHO,4700,2,3.0,,5,46.0,0.0,46.0,23.0,No,0
Iron,SOHO,4638,2,,,2,46.17,0.0,46.17,23.09,Yes,1
Iron,SOHO,4150,3,,,3,46.17,0.0,46.17,15.39,No,0
Bronze,SOHO,4023,4,,,4,46.17,0.0,46.17,11.54,No,0
Bronze,SOHO,4002,2,,,2,46.17,0.0,46.17,23.09,No,0
Bronze,SOHO,4004,5,,,5,46.17,0.0,46.17,9.23,No,0
Bronze,SOHO,4492,1,,,1,46.17,0.0,46.17,46.17,No,0
Silver,SOHO,4023,1,4.0,,5,46.33,0.0,46.33,46.33,No,0
Bronze,SOHO,4337,1,1.0,,2,46.33,0.0,46.33,46.33,No,0
Bronze,SOHO,4000,2,1.0,,3,46.33,0.0,46.33,23.17,No,0
Bronze,SOHO,4330,3,,,3,46.33,0.0,46.33,15.44,No,0
Bronze,SOHO,4000,2,3.0,,5,46.33,0.0,46.33,23.17,No,0
Bronze,SOHO,4002,3,,,3,46.33,0.0,46.33,15.44,No,0
Iron,SOHO,4600,2,,,2,46.33,0.0,46.33,23.17,No,0
Bronze,SOHO,4251,2,2.0,,4,46.33,0.0,46.33,23.17,No,0
Bronze,SOHO,4400,3,3.0,,6,46.5,0.0,46.5,15.5,No,0
Bronze,SOHO,4020,3,,,3,46.5,0.0,46.5,15.5,No,0
Bronze,SOHO,4469,3,4.0,,7,46.5,0.0,46.5,15.5,No,0
Bronze,SOHO,4190,2,1.0,,3,46.5,0.0,46.5,23.25,No,0
Bronze,SOHO,4004,2,,,2,46.5,0.0,46.5,23.25,No,0
Bronze,SOHO,4003,5,1.0,,6,46.5,0.0,46.5,9.3,No,0
Bronze,SOHO,4101,2,,,2,46.5,0.0,46.5,23.25,No,0
Iron,SOHO,4000,2,,,2,46.5,0.0,46.5,23.25,No,0
Bronze,SOHO,4002,5,,,5,46.67,0.0,46.67,9.33,No,0
Bronze,SOHO,4147,2,,,2,46.67,0.0,46.67,23.34,No,0
Bronze,SOHO,4700,1,1.0,,2,46.67,0.0,46.67,46.67,No,0
Bronze,SOHO,4600,2,2.0,,4,46.67,0.0,46.67,23.34,No,0
Bronze,SOHO,4000,1,1.0,,2,46.83,0.0,46.83,46.83,No,0
Bronze,SOHO,4003,2,1.0,,3,46.83,0.0,46.83,23.42,No,0
Bronze,SOHO,4023,2,,,2,46.83,0.0,46.83,23.42,No,0
Bronze,SOHO,4630,2,,,2,46.83,0.0,46.83,23.42,Yes,1
Bronze,SOHO,4500,1,2.0,,3,46.83,0.0,46.83,46.83,Yes,1
Bronze,SOHO,4000,3,,,3,46.83,0.0,46.83,15.61,No,0
Bronze,SOHO,4003,2,1.0,,3,47.0,0.0,47.0,23.5,No,0
Iron,SOHO,4700,2,1.0,,3,47.0,0.0,47.0,23.5,No,0
Bronze,SOHO,4225,6,1.0,,7,47.0,0.0,47.0,7.83,No,0
Bronze,SOHO,4538,2,,,2,47.0,0.0,47.0,23.5,No,0
Bronze,SOHO,4411,3,,,3,47.17,0.0,47.17,15.72,No,0
Bronze,SOHO,4000,4,,,4,47.17,0.0,47.17,11.79,No,0
Bronze,SOHO,4700,3,3.0,,6,47.17,0.0,47.17,15.72,Yes,1
Bronze,SOHO,4000,3,,,3,47.17,0.0,47.17,15.72,No,0
Iron,SOHO,4230,4,,,4,47.17,0.0,47.17,11.79,No,0
Bronze,SOHO,4000,5,,,5,47.17,0.0,47.17,9.43,No,0
Iron,SOHO,4003,2,1.0,,3,47.17,0.0,47.17,23.59,No,0
Bronze,SOHO,4000,2,,,2,47.17,0.0,47.17,23.59,No,0
Bronze,SOHO,4000,3,2.0,,5,47.17,0.0,47.17,15.72,No,0
Bronze,SOHO,4101,3,,,3,47.33,0.0,47.33,15.78,Yes,1
Bronze,SOHO,4000,4,2.0,,6,47.33,0.0,47.33,11.83,No,0
Bronze,SOHO,4230,5,,,5,47.33,0.0,47.33,9.47,No,0
Bronze,SOHO,4003,2,3.0,,5,47.33,0.0,47.33,23.67,No,0
Bronze,SOHO,4000,4,,,4,47.33,0.0,47.33,11.83,No,0
Bronze,SOHO,4000,6,2.0,,8,47.33,0.0,47.33,7.89,No,0
Bronze,SOHO,4230,5,,,5,47.33,0.0,47.33,9.47,Yes,1
Bronze,SOHO,4700,3,1.0,,4,47.33,0.0,47.33,15.78,No,0
Bronze,SOHO,4700,5,2.0,,7,47.5,0.0,47.5,9.5,No,0
Bronze,SOHO,4023,1,1.0,,2,47.67,0.0,47.67,47.67,No,0
Bronze,SOHO,4000,5,,,5,47.67,0.0,47.67,9.53,No,0
Iron,SOHO,4230,2,,,2,47.67,0.0,47.67,23.84,No,0
Bronze,SOHO,4700,4,1.0,,5,47.67,0.0,47.67,11.92,Yes,1
Bronze,SOHO,4230,2,,,2,47.67,0.0,47.67,23.84,No,0
Bronze,SOHO,4000,6,,,6,47.67,0.0,47.67,7.95,No,0
Bronze,SOHO,4003,2,,,2,47.67,0.0,47.67,23.84,No,0
Bronze,SOHO,4020,5,,,5,47.83,0.0,47.83,9.57,No,0
Bronze,SOHO,4001,2,1.0,,3,47.83,0.0,47.83,23.92,No,0
Bronze,SOHO,4000,3,,,3,47.83,0.0,47.83,15.94,No,0
Bronze,SOHO,4980,2,1.0,,3,47.83,0.0,47.83,23.92,No,0
Bronze,SOHO,4330,1,,,1,47.83,0.0,47.83,47.83,No,0
Iron,SOHO,4230,4,1.0,,5,47.83,0.0,47.83,11.96,No,0
Bronze,SOHO,4000,1,,,1,48.0,0.0,48.0,48.0,No,0
Bronze,SOHO,4223,3,,,3,48.0,0.0,48.0,16.0,No,0
Iron,SOHO,4000,1,,,1,37.0,11.17,48.17,37.0,No,0
Bronze,SOHO,4700,2,,,2,48.17,0.0,48.17,24.09,No,0
Iron,SOHO,4000,1,,,1,48.17,0.0,48.17,48.17,No,0
Iron,SOHO,4281,3,,,3,48.17,0.0,48.17,16.06,No,0
Bronze,SOHO,4000,1,,,1,48.17,0.0,48.17,48.17,No,0
Bronze,SOHO,4700,2,,,2,48.33,0.0,48.33,24.17,No,0
Bronze,SOHO,4400,1,,,1,48.33,0.0,48.33,48.33,No,0
Bronze,SOHO,4270,3,,,3,48.33,0.0,48.33,16.11,No,0
Iron,SOHO,4400,1,2.0,,3,48.33,0.0,48.33,48.33,No,0
Iron,SOHO,4230,2,2.0,,4,48.33,0.0,48.33,24.17,No,0
Bronze,SOHO,4000,2,5.0,,7,48.33,0.0,48.33,24.17,No,0
Bronze,SOHO,4002,3,,,3,48.33,0.0,48.33,16.11,No,0
Bronze,SOHO,4000,3,,,3,48.33,0.0,48.33,16.11,No,0
Bronze,SOHO,4450,4,,,4,48.5,0.0,48.5,12.13,No,0
Iron,SOHO,4400,2,,,2,48.5,0.0,48.5,24.25,No,0
Bronze,SOHO,4000,3,1.0,,4,48.5,0.0,48.5,16.17,No,0
Bronze,SOHO,4002,4,2.0,,6,48.5,0.0,48.5,12.13,No,0
Bronze,SOHO,4000,3,3.0,,6,48.5,0.0,48.5,16.17,No,0
Iron,SOHO,4000,2,4.0,,6,48.5,0.0,48.5,24.25,No,0
Bronze,SOHO,4230,3,1.0,,4,48.5,0.0,48.5,16.17,No,0
Iron,SOHO,4400,3,1.0,,4,48.67,0.0,48.67,16.22,No,0
Bronze,SOHO,4198,4,,,4,48.67,0.0,48.67,12.17,No,0
Bronze,SOHO,4474,2,1.0,,3,48.67,0.0,48.67,24.34,No,0
Bronze,SOHO,4220,1,1.0,,2,48.67,0.0,48.67,48.67,No,0
Bronze,SOHO,4985,2,3.0,,5,48.67,0.0,48.67,24.34,No,0
Bronze,SOHO,4190,4,,,4,48.67,0.0,48.67,12.17,No,0
Bronze,SOHO,4700,2,,,2,48.67,0.0,48.67,24.34,No,0
Bronze,SOHO,4003,2,1.0,,3,48.83,0.0,48.83,24.42,No,0
Bronze,SOHO,4407,5,1.0,,6,48.83,0.0,48.83,9.77,No,0
Bronze,SOHO,4400,3,,,3,48.83,0.0,48.83,16.28,No,0
Bronze,SOHO,4600,3,1.0,,4,48.83,0.0,48.83,16.28,No,0
Bronze,SOHO,4000,2,2.0,,4,48.83,0.0,48.83,24.42,No,0
Iron,SOHO,4000,3,,,3,48.83,0.0,48.83,16.28,No,0
Iron,SOHO,4003,4,,,4,48.83,0.0,48.83,12.21,No,0
Bronze,SOHO,4003,3,1.0,,4,48.83,0.0,48.83,16.28,No,0
Iron,SOHO,4000,3,,,3,49.0,0.0,49.0,16.33,No,0
Bronze,SOHO,4000,4,,,4,49.0,0.0,49.0,12.25,No,0
Bronze,SOHO,4000,5,,,5,49.0,0.0,49.0,9.8,No,0
Iron,SOHO,4000,1,1.0,,2,49.0,0.0,49.0,49.0,No,0
Bronze,SOHO,4500,2,,,2,49.0,0.0,49.0,24.5,No,0
Bronze,SOHO,4230,3,,,3,49.0,0.0,49.0,16.33,No,0
Bronze,SOHO,4004,3,4.0,,7,49.0,0.0,49.0,16.33,No,0
Bronze,SOHO,4228,2,,,2,49.0,0.0,49.0,24.5,No,0
Bronze,SOHO,4700,1,,,1,49.17,0.0,49.17,49.17,No,0
Bronze,SOHO,4270,3,,,3,49.17,0.0,49.17,16.39,Yes,1
Bronze,SOHO,4003,2,,,2,49.17,0.0,49.17,24.59,No,0
Bronze,SOHO,4016,1,,,1,49.17,0.0,49.17,49.17,No,0
Bronze,SOHO,4191,1,,,1,49.17,0.0,49.17,49.17,No,0
Bronze,SOHO,4000,1,7.0,,8,49.17,0.0,49.17,49.17,No,0
Bronze,SOHO,4700,3,1.0,,4,49.33,0.0,49.33,16.44,Yes,1
Bronze,SOHO,4000,2,,,2,49.33,0.0,49.33,24.67,No,0
Bronze,SOHO,4400,6,,,6,49.33,0.0,49.33,8.22,No,0
Bronze,SOHO,4003,3,,,3,49.33,0.0,49.33,16.44,No,0
Bronze,SOHO,4000,1,,,1,49.33,0.0,49.33,49.33,No,0
Bronze,SOHO,4004,2,,,2,49.33,0.0,49.33,24.67,No,0
Bronze,SOHO,4700,3,1.0,,4,49.33,0.0,49.33,16.44,No,0
Bronze,SOHO,4000,1,,,1,49.33,0.0,49.33,49.33,No,0
Bronze,SOHO,4500,4,,,4,49.33,0.0,49.33,12.33,No,0
Bronze,SOHO,4131,1,,,1,49.33,0.0,49.33,49.33,No,0
Bronze,SOHO,4004,3,,,3,49.33,0.0,49.33,16.44,No,0
Bronze,SOHO,4500,2,,,2,49.33,0.0,49.33,24.67,No,0
Bronze,SOHO,4000,2,1.0,,3,49.33,0.0,49.33,24.67,No,0
Bronze,SOHO,4400,2,,,2,49.5,0.0,49.5,24.75,No,0
Bronze,SOHO,4824,2,,,2,49.5,0.0,49.5,24.75,No,0
Bronze,SOHO,4000,2,,,2,49.5,0.0,49.5,24.75,No,0
Iron,SOHO,4004,1,,,1,22.33,27.33,49.66,22.33,No,0
Bronze,SOHO,4700,2,,,2,49.67,0.0,49.67,24.84,No,0
Lead,SOHO,4400,2,,,2,49.67,0.0,49.67,24.84,No,0
Bronze,SOHO,4000,3,1.0,,4,49.67,0.0,49.67,16.56,No,0
Bronze,SOHO,4002,1,,,1,49.83,0.0,49.83,49.83,No,0
Bronze,SOHO,4004,2,1.0,,3,49.83,0.0,49.83,24.92,No,0
Bronze,SOHO,4002,3,5.0,,8,49.83,0.0,49.83,16.61,No,0
Bronze,SOHO,4003,5,,,5,49.83,0.0,49.83,9.97,No,0
Bronze,SOHO,4000,2,,,2,49.83,0.0,49.83,24.92,No,0
Bronze,SOHO,4000,5,,,5,49.83,0.0,49.83,9.97,No,0
Bronze,SOHO,4428,1,,1.0,2,50.0,0.0,50.0,50.0,No,0
Bronze,SOHO,4000,7,,,7,50.0,0.0,50.0,7.14,No,0
Bronze,SOHO,4130,4,,,4,50.0,0.0,50.0,12.5,No,0
Bronze,SOHO,4003,3,,,3,50.0,0.0,50.0,16.67,No,0
Bronze,SOHO,4270,3,,,3,50.0,0.0,50.0,16.67,No,0
Bronze,SOHO,4942,2,,,2,50.17,0.0,50.17,25.09,No,0
Bronze,SOHO,4270,3,2.0,,5,50.17,0.0,50.17,16.72,No,0
Bronze,SOHO,4270,3,,,3,50.17,0.0,50.17,16.72,No,0
Bronze,SOHO,4000,5,,,5,50.33,0.0,50.33,10.07,No,0
Bronze,SOHO,4023,6,,,6,50.33,0.0,50.33,8.39,No,0
Bronze,SOHO,4000,2,,,2,50.33,0.0,50.33,25.17,No,0
Bronze,SOHO,4003,2,3.0,,5,50.33,0.0,50.33,25.17,No,0
Bronze,SOHO,4000,4,,,4,50.33,0.0,50.33,12.58,No,0
Bronze,SOHO,4000,5,1.0,,6,50.33,0.0,50.33,10.07,No,0
Bronze,SOHO,4400,2,,,2,50.33,0.0,50.33,25.17,No,0
Bronze,SOHO,4002,3,2.0,,5,50.5,0.0,50.5,16.83,No,0
Bronze,SOHO,4003,2,,,2,50.5,0.0,50.5,25.25,No,0
Bronze,SOHO,4003,1,1.0,,2,50.5,0.0,50.5,50.5,No,0
Bronze,SOHO,4600,2,,,2,50.5,0.0,50.5,25.25,No,0
Bronze,SOHO,4703,3,,,3,50.67,0.0,50.67,16.89,No,0
Iron,SOHO,4000,1,,,1,50.67,0.0,50.67,50.67,No,0
Iron,SOHO,4220,1,3.0,,4,50.67,0.0,50.67,50.67,No,0
Bronze,SOHO,4107,3,,,3,50.67,0.0,50.67,16.89,No,0
Bronze,SOHO,4130,2,1.0,,3,50.67,0.0,50.67,25.34,No,0
Iron,SOHO,4700,3,,,3,50.67,0.0,50.67,16.89,No,0
Bronze,SOHO,4230,3,2.0,,5,50.67,0.0,50.67,16.89,Yes,1
Bronze,SOHO,4000,5,,,5,50.83,0.0,50.83,10.17,Yes,1
Bronze,SOHO,4230,2,1.0,,3,50.83,0.0,50.83,25.42,No,0
Bronze,SOHO,4002,6,2.0,,8,50.83,0.0,50.83,8.47,Yes,1
Bronze,SOHO,4000,2,,,2,50.83,0.0,50.83,25.42,No,0
Bronze,SOHO,4004,2,2.0,,4,50.83,0.0,50.83,25.42,No,0
Bronze,SOHO,4000,5,1.0,,6,51.0,0.0,51.0,10.2,No,0
Bronze,SOHO,4300,3,3.0,,6,51.0,0.0,51.0,17.0,No,0
Bronze,SOHO,4231,5,1.0,,6,51.0,0.0,51.0,10.2,No,0
Bronze,SOHO,4000,5,,,5,51.0,0.0,51.0,10.2,No,0
Bronze,SOHO,4003,2,2.0,,4,51.0,0.0,51.0,25.5,Yes,1
Bronze,SOHO,4004,3,2.0,,5,51.0,0.0,51.0,17.0,No,0
Bronze,SOHO,4230,2,3.0,,5,51.0,0.0,51.0,25.5,No,0
Bronze,SOHO,4270,5,,,5,51.0,0.0,51.0,10.2,No,0
Bronze,SOHO,4400,3,,,3,51.0,0.0,51.0,17.0,No,0
Bronze,SOHO,4000,2,,,2,51.0,0.0,51.0,25.5,No,0
Iron,SOHO,4400,3,,,3,51.0,0.0,51.0,17.0,No,0
Bronze,SOHO,4300,4,,,4,51.17,0.0,51.17,12.79,No,0
Bronze,SOHO,4004,3,,,3,51.17,0.0,51.17,17.06,No,0
Bronze,SOHO,4579,2,1.0,,3,51.17,0.0,51.17,25.59,No,0
Bronze,SOHO,4701,4,2.0,,6,51.17,0.0,51.17,12.79,Yes,1
Iron,SOHO,4023,3,1.0,,4,51.17,0.0,51.17,17.06,No,0
Iron,SOHO,4360,3,,,3,51.17,0.0,51.17,17.06,No,0
Bronze,SOHO,4002,6,2.0,,8,51.17,0.0,51.17,8.53,No,0
Bronze,SOHO,4003,2,,,2,51.17,0.0,51.17,25.59,No,0
Bronze,SOHO,4002,6,1.0,,7,51.33,0.0,51.33,8.56,No,0
Bronze,SOHO,4407,3,,,3,51.33,0.0,51.33,17.11,No,0
Bronze,SOHO,4004,5,1.0,,6,51.33,0.0,51.33,10.27,Yes,1
Bronze,SOHO,4000,5,,,5,51.33,0.0,51.33,10.27,No,0
Bronze,SOHO,4023,2,1.0,,3,51.33,0.0,51.33,25.67,No,0
Bronze,SOHO,4700,2,,,2,51.33,0.0,51.33,25.67,No,0
Iron,SOHO,4003,2,1.0,,3,51.33,0.0,51.33,25.67,No,0
Silver,SOHO,4002,1,,,1,51.33,0.0,51.33,51.33,No,0
Bronze,SOHO,4004,1,,,1,51.33,0.0,51.33,51.33,No,0
Bronze,SOHO,4300,2,,,2,51.33,0.0,51.33,25.67,No,0
Bronze,SOHO,4000,1,,,1,51.33,0.0,51.33,51.33,Yes,1
Iron,SOHO,4000,1,,,1,51.5,0.0,51.5,51.5,No,0
Bronze,SOHO,4108,1,1.0,1.0,3,51.5,0.0,51.5,51.5,No,0
Bronze,SOHO,4004,5,,,5,51.5,0.0,51.5,10.3,No,0
Bronze,SOHO,4400,3,,,3,51.5,0.0,51.5,17.17,No,0
Bronze,SOHO,4000,2,,,2,51.5,0.0,51.5,25.75,No,0
Bronze,SOHO,4000,4,,,4,51.5,0.0,51.5,12.88,No,0
Bronze,SOHO,4700,1,7.0,,8,51.67,0.0,51.67,51.67,No,0
Iron,SOHO,4400,1,,,1,51.67,0.0,51.67,51.67,No,0
Iron,SOHO,4230,3,2.0,,5,51.67,0.0,51.67,17.22,No,0
Bronze,SOHO,4000,3,,,3,51.67,0.0,51.67,17.22,No,0
Bronze,SOHO,4300,5,1.0,,6,51.83,0.0,51.83,10.37,No,0
Bronze,SOHO,4210,1,2.0,,3,51.83,0.0,51.83,51.83,No,0
Bronze,SOHO,4003,1,2.0,,3,51.83,0.0,51.83,51.83,Yes,1
Silver,SOHO,4492,6,,,6,51.83,0.0,51.83,8.64,No,0
Bronze,SOHO,4023,2,,,2,51.83,0.0,51.83,25.92,No,0
Bronze,SOHO,4409,4,2.0,,6,52.0,0.0,52.0,13.0,No,0
Bronze,SOHO,4000,5,11.0,,16,52.0,0.0,52.0,10.4,No,0
Bronze,SOHO,4980,5,,,5,52.0,0.0,52.0,10.4,No,0
Bronze,SOHO,4000,3,,,3,52.0,0.0,52.0,17.33,No,0
Iron,SOHO,4004,4,,,4,52.0,0.0,52.0,13.0,No,0
Bronze,SOHO,4270,5,,,5,52.0,0.0,52.0,10.4,No,0
Bronze,SOHO,4000,3,2.0,,5,52.0,0.0,52.0,17.33,No,0
Bronze,SOHO,4360,1,,,1,52.17,0.0,52.17,52.17,No,0
Iron,SOHO,4212,5,,,5,52.17,0.0,52.17,10.43,Yes,1
Bronze,SOHO,4000,1,,,1,52.17,0.0,52.17,52.17,No,0
Bronze,SOHO,4000,4,1.0,,5,52.17,0.0,52.17,13.04,No,0
Bronze,SOHO,4000,2,,,2,52.33,0.0,52.33,26.17,No,0
Bronze,SOHO,4002,2,,,2,52.33,0.0,52.33,26.17,No,0
Bronze,SOHO,4130,4,,,4,52.33,0.0,52.33,13.08,No,0
Bronze,SOHO,4003,4,,,4,52.33,0.0,52.33,13.08,No,0
Bronze,SOHO,4523,2,,,2,52.33,0.0,52.33,26.17,No,0
Bronze,SOHO,4003,2,2.0,,4,52.33,0.0,52.33,26.17,No,0
Bronze,SOHO,4023,1,,,1,52.33,0.0,52.33,52.33,No,0
Bronze,SOHO,4110,3,,,3,52.33,0.0,52.33,17.44,No,0
Iron,SOHO,4850,3,,,3,52.33,0.0,52.33,17.44,No,0
Iron,SOHO,4252,4,,,4,52.33,0.0,52.33,13.08,No,0
Iron,SOHO,4801,2,5.0,,7,52.33,0.0,52.33,26.17,No,0
Bronze,SOHO,4000,3,,,3,52.33,0.0,52.33,17.44,No,0
Bronze,SOHO,4000,5,1.0,,6,52.33,0.0,52.33,10.47,No,0
Bronze,SOHO,4004,2,,,2,52.5,0.0,52.5,26.25,No,0
Bronze,SOHO,4700,2,,,2,52.67,0.0,52.67,26.34,No,0
Bronze,SOHO,4004,3,2.0,,5,52.67,0.0,52.67,17.56,No,0
Bronze,SOHO,4000,5,,,5,52.67,0.0,52.67,10.53,No,0
Bronze,SOHO,4950,6,2.0,,8,52.67,0.0,52.67,8.78,No,0
Bronze,SOHO,4230,4,,,4,52.67,0.0,52.67,13.17,No,0
Bronze,SOHO,4210,1,,,1,52.67,0.0,52.67,52.67,No,0
Bronze,SOHO,4000,2,,,2,52.67,0.0,52.67,26.34,No,0
Bronze,SOHO,4230,3,,,3,52.67,0.0,52.67,17.56,No,0
Iron,SOHO,4700,1,2.0,,3,52.83,0.0,52.83,52.83,No,0
Bronze,SOHO,4530,3,,,3,52.83,0.0,52.83,17.61,No,0
Bronze,SOHO,4270,2,1.0,,3,52.83,0.0,52.83,26.42,No,0
Iron,SOHO,4400,4,,,4,53.0,0.0,53.0,13.25,No,0
Bronze,SOHO,4002,5,,,5,53.0,0.0,53.0,10.6,No,0
Bronze,SOHO,4000,6,,,6,53.0,0.0,53.0,8.83,No,0
Bronze,SOHO,4002,4,,,4,53.0,0.0,53.0,13.25,No,0
Bronze,SOHO,4023,3,2.0,,5,53.0,0.0,53.0,17.67,No,0
Bronze,SOHO,4027,2,1.0,,3,53.0,0.0,53.0,26.5,No,0
Iron,SOHO,4230,1,5.0,,6,23.33,29.67,53.0,23.33,No,0
Bronze,SOHO,4003,3,,,3,53.0,0.0,53.0,17.67,No,0
Bronze,SOHO,4583,1,1.0,,2,53.17,0.0,53.17,53.17,No,0
Bronze,SOHO,4000,1,2.0,,3,53.17,0.0,53.17,53.17,No,0
Bronze,SOHO,4124,4,,,4,53.17,0.0,53.17,13.29,No,0
Bronze,SOHO,4300,1,1.0,,2,53.17,0.0,53.17,53.17,No,0
Bronze,SOHO,4003,5,1.0,,6,53.17,0.0,53.17,10.63,No,0
Bronze,SOHO,4300,1,,,1,53.17,0.0,53.17,53.17,No,0
Bronze,SOHO,4000,3,2.0,,5,53.33,0.0,53.33,17.78,No,0
Bronze,SOHO,4400,5,,,5,53.33,0.0,53.33,10.67,No,0
Bronze,SOHO,4003,2,,,2,53.33,0.0,53.33,26.67,No,0
Bronze,SOHO,4600,2,,,2,53.33,0.0,53.33,26.67,No,0
Bronze,SOHO,4260,3,,,3,53.33,0.0,53.33,17.78,No,0
Bronze,SOHO,4230,3,,,3,53.33,0.0,53.33,17.78,No,0
Bronze,SOHO,4000,3,,,3,53.33,0.0,53.33,17.78,No,0
Bronze,SOHO,4003,2,3.0,,5,53.33,0.0,53.33,26.67,No,0
Bronze,SOHO,4223,2,6.0,,8,53.5,0.0,53.5,26.75,No,0
Bronze,SOHO,4000,4,,,4,53.5,0.0,53.5,13.38,No,0
Bronze,SOHO,4368,2,1.0,,3,53.5,0.0,53.5,26.75,No,0
Bronze,SOHO,4500,1,1.0,,2,53.5,0.0,53.5,53.5,No,0
Bronze,SOHO,4400,2,,,2,53.5,0.0,53.5,26.75,No,0
Iron,SOHO,4002,5,,,5,53.5,0.0,53.5,10.7,No,0
Bronze,SOHO,4230,3,1.0,,4,53.5,0.0,53.5,17.83,No,0
Bronze,SOHO,4180,1,,,1,53.5,0.0,53.5,53.5,No,0
Bronze,SOHO,4000,2,,,2,53.5,0.0,53.5,26.75,No,0
Bronze,SOHO,4000,3,,,3,53.5,0.0,53.5,17.83,No,0
Bronze,SOHO,4582,2,,,2,53.67,0.0,53.67,26.84,No,0
Bronze,SOHO,4710,2,,,2,53.83,0.0,53.83,26.92,No,0
Bronze,SOHO,4700,3,,,3,53.83,0.0,53.83,17.94,No,0
Bronze,SOHO,4700,4,,,4,53.83,0.0,53.83,13.46,No,0
Bronze,SOHO,4147,5,,,5,53.83,0.0,53.83,10.77,No,0
Bronze,SOHO,4000,5,,,5,53.83,0.0,53.83,10.77,No,0
Bronze,SOHO,4000,3,,,3,54.0,0.0,54.0,18.0,No,0
Bronze,SOHO,4004,9,,,9,54.0,0.0,54.0,6.0,No,0
Gold,SOHO,4003,3,1.0,,4,54.0,0.0,54.0,18.0,No,0
Bronze,SOHO,4400,2,,,2,54.0,0.0,54.0,27.0,No,0
Bronze,SOHO,4004,6,,,6,54.0,0.0,54.0,9.0,No,0
Bronze,SOHO,4700,3,1.0,,4,54.0,0.0,54.0,18.0,No,0
Bronze,SOHO,4230,3,,,3,54.0,0.0,54.0,18.0,No,0
Bronze,SOHO,4960,4,,,4,54.0,0.0,54.0,13.5,No,0
Bronze,SOHO,4590,6,1.0,,7,54.0,0.0,54.0,9.0,No,0
Bronze,SOHO,4190,5,,,5,54.17,0.0,54.17,10.83,No,0
Bronze,SOHO,4000,5,1.0,,6,54.17,0.0,54.17,10.83,No,0
Bronze,SOHO,4270,5,,,5,54.17,0.0,54.17,10.83,No,0
Bronze,SOHO,4197,3,,,3,54.17,0.0,54.17,18.06,No,0
Silver,SOHO,4980,4,,,4,54.17,0.0,54.17,13.54,No,0
Bronze,SOHO,4004,3,1.0,,4,54.17,0.0,54.17,18.06,No,0
Bronze,SOHO,4360,7,,,7,54.17,0.0,54.17,7.74,No,0
Bronze,SOHO,4400,7,6.0,,13,54.17,0.0,54.17,7.74,No,0
Bronze,SOHO,4001,2,4.0,,6,54.33,0.0,54.33,27.17,No,0
Bronze,SOHO,4015,8,,,8,54.33,0.0,54.33,6.79,No,0
Bronze,SOHO,4000,1,,,1,54.33,0.0,54.33,54.33,No,0
Bronze,SOHO,4700,3,,,3,54.33,0.0,54.33,18.11,No,0
Iron,SOHO,4230,8,1.0,,9,54.5,0.0,54.5,6.81,No,0
Bronze,SOHO,4400,2,,,2,54.5,0.0,54.5,27.25,No,0
Silver,SOHO,4000,2,1.0,,3,54.5,0.0,54.5,27.25,No,0
Iron,SOHO,4023,2,,,2,54.5,0.0,54.5,27.25,No,0
Bronze,SOHO,4002,2,1.0,,3,54.5,0.0,54.5,27.25,No,0
Bronze,SOHO,4000,2,2.0,,4,54.5,0.0,54.5,27.25,No,0
Bronze,SOHO,4220,3,1.0,,4,54.67,0.0,54.67,18.22,No,0
Bronze,SOHO,4199,6,,,6,54.67,0.0,54.67,9.11,No,0
Bronze,SOHO,4003,3,1.0,,4,54.67,0.0,54.67,18.22,No,0
Iron,SOHO,4370,3,,,3,54.67,0.0,54.67,18.22,No,0
Iron,SOHO,4000,3,,,3,54.67,0.0,54.67,18.22,Yes,1
Bronze,SOHO,4000,3,,,3,54.67,0.0,54.67,18.22,No,0
Bronze,SOHO,4000,5,,,5,54.67,0.0,54.67,10.93,No,0
Bronze,SOHO,4230,3,,,3,54.67,0.0,54.67,18.22,No,0
Bronze,SOHO,4000,2,,,2,54.83,0.0,54.83,27.42,No,0
Iron,SOHO,4004,2,1.0,,3,54.83,0.0,54.83,27.42,No,0
Iron,SOHO,4003,4,,,4,55.0,0.0,55.0,13.75,No,0
Bronze,SOHO,4218,2,,,2,55.0,0.0,55.0,27.5,No,0
Bronze,SOHO,4000,2,1.0,,3,55.0,0.0,55.0,27.5,No,0
Bronze,SOHO,4300,3,,,3,55.0,0.0,55.0,18.33,No,0
Bronze,SOHO,4002,4,,,4,55.0,0.0,55.0,13.75,No,0
Iron,SOHO,4330,2,1.0,,3,55.0,0.0,55.0,27.5,No,0
Bronze,SOHO,4000,7,,,7,55.17,0.0,55.17,7.88,No,0
Bronze,SOHO,4000,6,,,6,55.17,0.0,55.17,9.2,No,0
Iron,SOHO,4000,2,,,2,55.17,0.0,55.17,27.59,No,0
Bronze,SOHO,4023,3,6.0,,9,55.17,0.0,55.17,18.39,No,0
Bronze,SOHO,4003,4,1.0,,5,55.17,0.0,55.17,13.79,No,0
Bronze,SOHO,4000,2,,,2,55.17,0.0,55.17,27.59,No,0
Bronze,SOHO,4004,3,1.0,,4,55.33,0.0,55.33,18.44,No,0
Bronze,SOHO,4150,2,2.0,,4,55.33,0.0,55.33,27.67,No,0
Iron,SOHO,4700,3,5.0,,8,55.33,0.0,55.33,18.44,No,0
Bronze,SOHO,4400,2,,,2,55.33,0.0,55.33,27.67,No,0
Iron,SOHO,4000,5,1.0,,6,55.33,0.0,55.33,11.07,No,0
Bronze,SOHO,4000,2,4.0,,6,55.33,0.0,55.33,27.67,Yes,1
Bronze,SOHO,4000,5,,,5,55.5,0.0,55.5,11.1,No,0
Bronze,SOHO,4015,2,1.0,,3,55.5,0.0,55.5,27.75,No,0
Bronze,SOHO,4002,3,1.0,,4,55.5,0.0,55.5,18.5,No,0
Bronze,SOHO,4190,2,1.0,,3,55.5,0.0,55.5,27.75,No,0
Bronze,SOHO,4000,2,,,2,55.67,0.0,55.67,27.84,No,0
Bronze,SOHO,4231,2,,,2,55.67,0.0,55.67,27.84,No,0
Bronze,SOHO,4000,3,2.0,,5,55.67,0.0,55.67,18.56,No,0
Bronze,SOHO,4003,2,4.0,,6,55.67,0.0,55.67,27.84,No,0
Bronze,SOHO,4000,6,1.0,,7,55.67,0.0,55.67,9.28,No,0
Bronze,SOHO,4700,4,,,4,55.67,0.0,55.67,13.92,No,0
Bronze,SOHO,4000,5,,,5,55.67,0.0,55.67,11.13,No,0
Bronze,SOHO,4000,2,1.0,,3,41.67,14.0,55.67,20.84,No,0
Silver,SOHO,4300,4,,,4,55.67,0.0,55.67,13.92,No,0
Bronze,SOHO,4000,6,,,6,55.67,0.0,55.67,9.28,No,0
Bronze,SOHO,4000,3,4.0,,7,55.83,0.0,55.83,18.61,No,0
Iron,SOHO,4000,5,,,5,55.83,0.0,55.83,11.17,No,0
Bronze,SOHO,4000,3,3.0,,6,55.83,0.0,55.83,18.61,Yes,1
Bronze,SOHO,4000,4,,,4,55.83,0.0,55.83,13.96,No,0
Bronze,SOHO,4000,2,,,2,55.83,0.0,55.83,27.92,No,0
Bronze,SOHO,4000,1,6.0,,7,55.83,0.0,55.83,55.83,Yes,1
Bronze,SOHO,4700,2,1.0,,3,55.83,0.0,55.83,27.92,Yes,1
Bronze,SOHO,4000,2,,,2,55.83,0.0,55.83,27.92,No,0
Iron,SOHO,4003,3,,,3,56.0,0.0,56.0,18.67,No,0
Bronze,SOHO,4000,4,,,4,56.0,0.0,56.0,14.0,No,0
Iron,SOHO,4027,1,1.0,,2,56.0,0.0,56.0,56.0,No,0
Bronze,SOHO,4000,4,4.0,,8,56.0,0.0,56.0,14.0,No,0
Bronze,SOHO,4994,6,4.0,,10,56.0,0.0,56.0,9.33,No,0
Bronze,SOHO,4700,4,,,4,56.0,0.0,56.0,14.0,No,0
Iron,SOHO,4101,5,,,5,56.0,0.0,56.0,11.2,No,0
Bronze,SOHO,4170,3,,,3,56.0,0.0,56.0,18.67,No,0
Bronze,SOHO,4000,2,,,2,56.0,0.0,56.0,28.0,No,0
Bronze,SOHO,4224,4,1.0,,5,56.0,0.0,56.0,14.0,No,0
Iron,SOHO,4987,3,2.0,,5,56.0,0.0,56.0,18.67,No,0
Bronze,SOHO,4004,1,3.0,,4,56.0,0.0,56.0,56.0,No,0
Bronze,SOHO,4700,4,3.0,,7,56.17,0.0,56.17,14.04,No,0
Bronze,SOHO,4270,2,1.0,,3,56.17,0.0,56.17,28.09,No,0
Bronze,SOHO,4000,3,4.0,,7,56.17,0.0,56.17,18.72,No,0
Bronze,SOHO,4003,4,,,4,56.17,0.0,56.17,14.04,No,0
Bronze,SOHO,4003,5,1.0,,6,56.33,0.0,56.33,11.27,No,0
Bronze,SOHO,4700,2,,,2,56.33,0.0,56.33,28.17,No,0
Bronze,SOHO,4000,4,,,4,56.33,0.0,56.33,14.08,No,0
Bronze,SOHO,4004,4,3.0,,7,56.33,0.0,56.33,14.08,No,0
Bronze,SOHO,4230,2,,,2,56.33,0.0,56.33,28.17,No,0
Bronze,SOHO,4004,2,,,2,56.33,0.0,56.33,28.17,No,0
Iron,SOHO,4000,2,1.0,,3,56.5,0.0,56.5,28.25,No,0
Bronze,SOHO,4006,5,,,5,56.5,0.0,56.5,11.3,No,0
Bronze,SOHO,4003,3,1.0,,4,56.5,0.0,56.5,18.83,No,0
Bronze,SOHO,4023,3,,,3,56.5,0.0,56.5,18.83,Yes,1
Bronze,SOHO,4002,4,4.0,,8,56.5,0.0,56.5,14.13,No,0
