column,column_ko,column_description,value,rows,yes_count,no_count,churners,churn_rate,yes_rate,no_rate,yes_rate_percent,no_rate_percent,total_revenue_mean,arpu_mean,active_rate_mean,path
Billing_ZIP,청구 우편번호,고객 청구지 우편번호다. 지역별 이탈 신호를 확인하는 데 사용한다.,4000,1606,113,1493,113,0.07036114570361146,0.07036114570361146,0.9296388542963886,7.036114570361146,92.96388542963886,147.9666625155666,25.79019302615193,0.8407725475864122,processed\column_split_datasets\02_category_value_subsets\Billing_ZIP\zip_4000_churn.csv
Billing_ZIP,청구 우편번호,고객 청구지 우편번호다. 지역별 이탈 신호를 확인하는 데 사용한다.,6000,1142,58,1084,58,0.050788091068301226,0.050788091068301226,0.9492119089316988,5.078809106830122,94.92119089316988,156.12108581436075,23.863707274320774,0.8483573899540711,processed\column_split_datasets\02_category_value_subsets\Billing_ZIP\zip_6000_churn.csv
Billing_ZIP,청구 우편번호,고객 청구지 우편번호다. 지역별 이탈 신호를 확인하는 데 사용한다.,4400,467,29,438,29,0.06209850107066381,0.06209850107066381,0.9379014989293362,6.209850107066381,93.79014989293361,137.40340471092077,24.881970021413277,0.8347997905103359,processed\column_split_datasets\02_category_value_subsets\Billing_ZIP\zip_4400_churn.csv
Billing_ZIP,청구 우편번호,고객 청구지 우편번호다. 지역별 이탈 신호를 확인하는 데 사용한다.,4003,400,23,377,23,0.0575,0.0575,0.9425,5.75,94.25,157.487,27.57175,0.8010069729883605,processed\column_split_datasets\02_category_value_subsets\Billing_ZIP\zip_4003_churn.csv
Billing_ZIP,청구 우편번호,고객 청구지 우편번호다. 지역별 이탈 신호를 확인하는 데 사용한다.,6300,338,23,315,23,0.06804733727810651,0.06804733727810651,0.9319526627218935,6.804733727810651,93.19526627218934,168.519674556213,24.41704142011834,0.874837844374291,processed\column_split_datasets\02_category_value_subsets\Billing_ZIP\zip_6300_churn.csv
Billing_ZIP,청구 우편번호,고객 청구지 우편번호다. 지역별 이탈 신호를 확인하는 데 사용한다.,4004,310,23,287,23,0.07419354838709677,0.07419354838709677,0.9258064516129032,7.419354838709677,92.58064516129032,147.98922580645163,22.656483870967744,0.8432501934477946,processed\column_split_datasets\02_category_value_subsets\Billing_ZIP\zip_4004_churn.csv
Billing_ZIP,청구 우편번호,고객 청구지 우편번호다. 지역별 이탈 신호를 확인하는 데 사용한다.,4002,303,21,282,21,0.06930693069306931,0.06930693069306931,0.9306930693069307,6.9306930693069315,93.06930693069307,148.47085808580857,25.047227722772277,0.811094811284353,processed\column_split_datasets\02_category_value_subsets\Billing_ZIP\zip_4002_churn.csv
Billing_ZIP,청구 우편번호,고객 청구지 우편번호다. 지역별 이탈 신호를 확인하는 데 사용한다.,4023,262,10,252,10,0.03816793893129771,0.03816793893129771,0.9618320610687023,3.816793893129771,96.18320610687023,142.91225190839694,26.589122137404576,0.8286855120604543,processed\column_split_datasets\02_category_value_subsets\Billing_ZIP\zip_4023_churn.csv
Billing_ZIP,청구 우편번호,고객 청구지 우편번호다. 지역별 이탈 신호를 확인하는 데 사용한다.,6100,257,9,248,9,0.03501945525291829,0.03501945525291829,0.9649805447470817,3.501945525291829,96.49805447470817,147.66544747081713,21.590700389105056,0.8584437418605311,processed\column_split_datasets\02_category_value_subsets\Billing_ZIP\zip_6100_churn.csv
Billing_ZIP,청구 우편번호,고객 청구지 우편번호다. 지역별 이탈 신호를 확인하는 데 사용한다.,4230,244,24,220,24,0.09836065573770492,0.09836065573770492,0.9016393442622951,9.836065573770492,90.1639344262295,140.44184426229506,21.76659836065574,0.859894564236404,processed\column_split_datasets\02_category_value_subsets\Billing_ZIP\zip_4230_churn.csv
Billing_ZIP,청구 우편번호,고객 청구지 우편번호다. 지역별 이탈 신호를 확인하는 데 사용한다.,6400,237,9,228,9,0.0379746835443038,0.0379746835443038,0.9620253164556962,3.79746835443038,96.20253164556962,155.30324894514766,20.338607594936708,0.8489181596205061,processed\column_split_datasets\02_category_value_subsets\Billing_ZIP\zip_6400_churn.csv
Billing_ZIP,청구 우편번호,고객 청구지 우편번호다. 지역별 이탈 신호를 확인하는 데 사용한다.,6600,232,17,215,17,0.07327586206896551,0.07327586206896551,0.9267241379310345,7.327586206896551,92.67241379310344,162.06314655172415,23.8264224137931,0.8371151218399634,processed\column_split_datasets\02_category_value_subsets\Billing_ZIP\zip_6600_churn.csv
Billing_ZIP,청구 우편번호,고객 청구지 우편번호다. 지역별 이탈 신호를 확인하는 데 사용한다.,4700,184,17,167,17,0.09239130434782608,0.09239130434782608,0.907608695652174,9.239130434782608,90.76086956521739,121.02559782608695,24.66967391304348,0.8035314514180815,processed\column_split_datasets\02_category_value_subsets\Billing_ZIP\zip_4700_churn.csv
Billing_ZIP,청구 우편번호,고객 청구지 우편번호다. 지역별 이탈 신호를 확인하는 데 사용한다.,4300,132,6,126,6,0.045454545454545456,0.045454545454545456,0.9545454545454546,4.545454545454546,95.45454545454545,140.03393939393942,25.151515151515156,0.8118155668033603,processed\column_split_datasets\02_category_value_subsets\Billing_ZIP\zip_4300_churn.csv
Billing_ZIP,청구 우편번호,고객 청구지 우편번호다. 지역별 이탈 신호를 확인하는 데 사용한다.,4600,115,11,104,11,0.09565217391304348,0.09565217391304348,0.9043478260869565,9.565217391304348,90.43478260869566,127.88991304347826,22.81582608695652,0.8155875681358531,processed\column_split_datasets\02_category_value_subsets\Billing_ZIP\zip_4600_churn.csv
Billing_ZIP,청구 우편번호,고객 청구지 우편번호다. 지역별 이탈 신호를 확인하는 데 사용한다.,6500,96,1,95,1,0.010416666666666666,0.010416666666666666,0.9895833333333334,1.0416666666666665,98.95833333333334,166.618125,30.832708333333333,0.8309418870292977,processed\column_split_datasets\02_category_value_subsets\Billing_ZIP\zip_6500_churn.csv
Billing_ZIP,청구 우편번호,고객 청구지 우편번호다. 지역별 이탈 신호를 확인하는 데 사용한다.,4500,94,5,89,5,0.05319148936170213,0.05319148936170213,0.9468085106382979,5.319148936170213,94.68085106382979,142.10265957446808,25.077234042553194,0.8631690037675034,processed\column_split_datasets\02_category_value_subsets\Billing_ZIP\zip_4500_churn.csv
Billing_ZIP,청구 우편번호,고객 청구지 우편번호다. 지역별 이탈 신호를 확인하는 데 사용한다.,6450,85,7,78,7,0.08235294117647059,0.08235294117647059,0.9176470588235294,8.235294117647058,91.76470588235294,175.28988235294116,22.856117647058824,0.8548113102882423,processed\column_split_datasets\02_category_value_subsets\Billing_ZIP\zip_6450_churn.csv
Billing_ZIP,청구 우편번호,고객 청구지 우편번호다. 지역별 이탈 신호를 확인하는 데 사용한다.,4270,73,2,71,2,0.0273972602739726,0.0273972602739726,0.9726027397260274,2.73972602739726,97.26027397260275,144.99027397260272,22.570821917808217,0.8531487279458579,processed\column_split_datasets\02_category_value_subsets\Billing_ZIP\zip_4270_churn.csv
Billing_ZIP,청구 우편번호,고객 청구지 우편번호다. 지역별 이탈 신호를 확인하는 데 사용한다.,4150,71,4,67,4,0.056338028169014086,0.056338028169014086,0.9436619718309859,5.633802816901409,94.36619718309859,138.75366197183098,23.690985915492963,0.9055177959755426,processed\column_split_datasets\02_category_value_subsets\Billing_ZIP\zip_4150_churn.csv
Billing_ZIP,청구 우편번호,고객 청구지 우편번호다. 지역별 이탈 신호를 확인하는 데 사용한다.,4006,57,6,51,6,0.10526315789473684,0.10526315789473684,0.8947368421052632,10.526315789473683,89.47368421052632,129.14789473684212,20.026842105263157,0.8182734393286122,processed\column_split_datasets\02_category_value_subsets\Billing_ZIP\zip_4006_churn.csv
Billing_ZIP,청구 우편번호,고객 청구지 우편번호다. 지역별 이탈 신호를 확인하는 데 사용한다.,4210,47,6,41,6,0.1276595744680851,0.1276595744680851,0.8723404255319149,12.76595744680851,87.2340425531915,152.00702127659574,23.502127659574466,0.8505586952508244,processed\column_split_datasets\02_category_value_subsets\Billing_ZIP\zip_4210_churn.csv
Billing_ZIP,청구 우편번호,고객 청구지 우편번호다. 지역별 이탈 신호를 확인하는 데 사용한다.,4550,46,0,46,0,0.0,0.0,1.0,0.0,100.0,104.12326086956521,25.90434782608696,0.7578167989736787,processed\column_split_datasets\02_category_value_subsets\Billing_ZIP\zip_4550_churn.csv
Billing_ZIP,청구 우편번호,고객 청구지 우편번호다. 지역별 이탈 신호를 확인하는 데 사용한다.,6260,43,4,39,4,0.09302325581395349,0.09302325581395349,0.9069767441860465,9.30232558139535,90.69767441860465,184.48720930232557,21.22232558139535,0.8605013061993406,processed\column_split_datasets\02_category_value_subsets\Billing_ZIP\zip_6260_churn.csv
Billing_ZIP,청구 우편번호,고객 청구지 우편번호다. 지역별 이탈 신호를 확인하는 데 사용한다.,4001,40,5,35,5,0.125,0.125,0.875,12.5,87.5,130.19175,26.802250000000004,0.7605854452564978,processed\column_split_datasets\02_category_value_subsets\Billing_ZIP\zip_4001_churn.csv
Billing_ZIP,청구 우편번호,고객 청구지 우편번호다. 지역별 이탈 신호를 확인하는 데 사용한다.,4850,40,5,35,5,0.125,0.125,0.875,12.5,87.5,148.91175,27.2625,0.8143654007456252,processed\column_split_datasets\02_category_value_subsets\Billing_ZIP\zip_4850_churn.csv
Billing_ZIP,청구 우편번호,고객 청구지 우편번호다. 지역별 이탈 신호를 확인하는 데 사용한다.,4020,35,1,34,1,0.02857142857142857,0.02857142857142857,0.9714285714285714,2.857142857142857,97.14285714285714,170.69057142857142,21.798285714285715,0.8349904214801226,processed\column_split_datasets\02_category_value_subsets\Billing_ZIP\zip_4020_churn.csv
Billing_ZIP,청구 우편번호,고객 청구지 우편번호다. 지역별 이탈 신호를 확인하는 데 사용한다.,6800,33,3,30,3,0.09090909090909091,0.09090909090909091,0.9090909090909091,9.090909090909092,90.9090909090909,148.18151515151516,22.962424242424238,0.8295402662215956,processed\column_split_datasets\02_category_value_subsets\Billing_ZIP\zip_6800_churn.csv
Billing_ZIP,청구 우편번호,고객 청구지 우편번호다. 지역별 이탈 신호를 확인하는 데 사용한다.,6200,32,1,31,1,0.03125,0.03125,0.96875,3.125,96.875,139.541875,19.2746875,0.8656348166797083,processed\column_split_datasets\02_category_value_subsets\Billing_ZIP\zip_6200_churn.csv
Billing_ZIP,청구 우편번호,고객 청구지 우편번호다. 지역별 이탈 신호를 확인하는 데 사용한다.,4180,30,2,28,2,0.06666666666666667,0.06666666666666667,0.9333333333333333,6.666666666666667,93.33333333333333,154.817,21.35333333333333,0.913509944304062,processed\column_split_datasets\02_category_value_subsets\Billing_ZIP\zip_4180_churn.csv
Billing_ZIP,청구 우편번호,고객 청구지 우편번호다. 지역별 이탈 신호를 확인하는 데 사용한다.,4220,26,1,25,1,0.038461538461538464,0.038461538461538464,0.9615384615384616,3.8461538461538463,96.15384615384616,121.6546153846154,23.453461538461536,0.7852720963382388,processed\column_split_datasets\02_category_value_subsets\Billing_ZIP\zip_4220_churn.csv
Billing_ZIP,청구 우편번호,고객 청구지 우편번호다. 지역별 이탈 신호를 확인하는 데 사용한다.,6900,23,5,18,5,0.21739130434782608,0.21739130434782608,0.782608695652174,21.73913043478261,78.26086956521739,131.8265217391304,33.45521739130435,0.8197384486858171,processed\column_split_datasets\02_category_value_subsets\Billing_ZIP\zip_6900_churn.csv
Billing_ZIP,청구 우편번호,고객 청구지 우편번호다. 지역별 이탈 신호를 확인하는 데 사용한다.,4330,23,2,21,2,0.08695652173913043,0.08695652173913043,0.9130434782608695,8.695652173913043,91.30434782608695,125.79173913043476,34.95913043478261,0.8059288537549406,processed\column_split_datasets\02_category_value_subsets\Billing_ZIP\zip_4330_churn.csv
Billing_ZIP,청구 우편번호,고객 청구지 우편번호다. 지역별 이탈 신호를 확인하는 데 사용한다.,6550,23,0,23,0,0.0,0.0,1.0,0.0,100.0,166.0991304347826,25.778695652173912,0.9004078650817782,processed\column_split_datasets\02_category_value_subsets\Billing_ZIP\zip_6550_churn.csv
Billing_ZIP,청구 우편번호,고객 청구지 우편번호다. 지역별 이탈 신호를 확인하는 데 사용한다.,4800,22,4,18,4,0.18181818181818182,0.18181818181818182,0.8181818181818182,18.181818181818183,81.81818181818183,156.76545454545456,25.095454545454547,0.7899645493395493,processed\column_split_datasets\02_category_value_subsets\Billing_ZIP\zip_4800_churn.csv
Billing_ZIP,청구 우편번호,고객 청구지 우편번호다. 지역별 이탈 신호를 확인하는 데 사용한다.,4101,22,1,21,1,0.045454545454545456,0.045454545454545456,0.9545454545454546,4.545454545454546,95.45454545454545,132.0459090909091,22.677272727272722,0.8754906322904857,processed\column_split_datasets\02_category_value_subsets\Billing_ZIP\zip_4101_churn.csv
Billing_ZIP,청구 우편번호,고객 청구지 우편번호다. 지역별 이탈 신호를 확인하는 데 사용한다.,4640,21,1,20,1,0.047619047619047616,0.047619047619047616,0.9523809523809523,4.761904761904762,95.23809523809523,144.87999999999997,24.196666666666665,0.8781903502141597,processed\column_split_datasets\02_category_value_subsets\Billing_ZIP\zip_4640_churn.csv
Billing_ZIP,청구 우편번호,고객 청구지 우편번호다. 지역별 이탈 신호를 확인하는 데 사용한다.,4190,21,0,21,0,0.0,0.0,1.0,0.0,100.0,132.78666666666666,19.820476190476192,0.8732920518634805,processed\column_split_datasets\02_category_value_subsets\Billing_ZIP\zip_4190_churn.csv
Billing_ZIP,청구 우편번호,고객 청구지 우편번호다. 지역별 이탈 신호를 확인하는 데 사용한다.,4980,21,0,21,0,0.0,0.0,1.0,0.0,100.0,77.50904761904762,26.66190476190476,0.7658043015185872,processed\column_split_datasets\02_category_value_subsets\Billing_ZIP\zip_4980_churn.csv
Billing_ZIP,청구 우편번호,고객 청구지 우편번호다. 지역별 이탈 신호를 확인하는 데 사용한다.,6280,21,0,21,0,0.0,0.0,1.0,0.0,100.0,166.53238095238098,26.25904761904762,0.8902014824375073,processed\column_split_datasets\02_category_value_subsets\Billing_ZIP\zip_6280_churn.csv
Billing_ZIP,청구 우편번호,고객 청구지 우편번호다. 지역별 이탈 신호를 확인하는 데 사용한다.,4199,19,2,17,2,0.10526315789473684,0.10526315789473684,0.8947368421052632,10.526315789473683,89.47368421052632,179.8342105263158,24.544736842105266,0.8421140263245527,processed\column_split_datasets\02_category_value_subsets\Billing_ZIP\zip_4199_churn.csv
Billing_ZIP,청구 우편번호,고객 청구지 우편번호다. 지역별 이탈 신호를 확인하는 데 사용한다.,4490,19,0,19,0,0.0,0.0,1.0,0.0,100.0,186.30210526315787,26.16842105263158,0.8721428183461749,processed\column_split_datasets\02_category_value_subsets\Billing_ZIP\zip_4490_churn.csv
Billing_ZIP,청구 우편번호,고객 청구지 우편번호다. 지역별 이탈 신호를 확인하는 데 사용한다.,4015,18,2,16,2,0.1111111111111111,0.1111111111111111,0.8888888888888888,11.11111111111111,88.88888888888889,126.43388888888889,23.728333333333335,0.7926377187129874,processed\column_split_datasets\02_category_value_subsets\Billing_ZIP\zip_4015_churn.csv
Billing_ZIP,청구 우편번호,고객 청구지 우편번호다. 지역별 이탈 신호를 확인하는 데 사용한다.,4470,18,1,17,1,0.05555555555555555,0.05555555555555555,0.9444444444444444,5.555555555555555,94.44444444444444,150.065,29.194999999999993,0.8430857481736455,processed\column_split_datasets\02_category_value_subsets\Billing_ZIP\zip_4470_churn.csv
Billing_ZIP,청구 우편번호,고객 청구지 우편번호다. 지역별 이탈 신호를 확인하는 데 사용한다.,4017,17,2,15,2,0.11764705882352941,0.11764705882352941,0.8823529411764706,11.76470588235294,88.23529411764706,123.46058823529411,23.83823529411765,0.7623634138340021,processed\column_split_datasets\02_category_value_subsets\Billing_ZIP\zip_4017_churn.csv
Billing_ZIP,청구 우편번호,고객 청구지 우편번호다. 지역별 이탈 신호를 확인하는 데 사용한다.,4110,17,2,15,2,0.11764705882352941,0.11764705882352941,0.8823529411764706,11.76470588235294,88.23529411764706,132.54764705882354,23.814117647058822,0.7762854792266557,processed\column_split_datasets\02_category_value_subsets\Billing_ZIP\zip_4110_churn.csv
Billing_ZIP,청구 우편번호,고객 청구지 우편번호다. 지역별 이탈 신호를 확인하는 데 사용한다.,4016,16,0,16,0,0.0,0.0,1.0,0.0,100.0,145.33375,18.521250000000002,0.888489115051615,processed\column_split_datasets\02_category_value_subsets\Billing_ZIP\zip_4016_churn.csv
Billing_ZIP,청구 우편번호,고객 청구지 우편번호다. 지역별 이탈 신호를 확인하는 데 사용한다.,4108,15,3,12,3,0.2,0.2,0.8,20.0,80.0,99.25600000000001,30.22733333333333,0.8249735449735451,processed\column_split_datasets\02_category_value_subsets\Billing_ZIP\zip_4108_churn.csv
Billing_ZIP,청구 우편번호,고객 청구지 우편번호다. 지역별 이탈 신호를 확인하는 데 사용한다.,4147,15,0,15,0,0.0,0.0,1.0,0.0,100.0,119.95666666666669,20.993999999999993,0.9065295815295815,processed\column_split_datasets\02_category_value_subsets\Billing_ZIP\zip_4147_churn.csv
Billing_ZIP,청구 우편번호,고객 청구지 우편번호다. 지역별 이탈 신호를 확인하는 데 사용한다.,4225,15,0,15,0,0.0,0.0,1.0,0.0,100.0,121.12200000000001,18.64,0.8168677768677769,processed\column_split_datasets\02_category_value_subsets\Billing_ZIP\zip_4225_churn.csv
Billing_ZIP,청구 우편번호,고객 청구지 우편번호다. 지역별 이탈 신호를 확인하는 데 사용한다.,4580,13,1,12,1,0.07692307692307693,0.07692307692307693,0.9230769230769231,7.6923076923076925,92.3076923076923,152.23999999999998,15.814615384615385,0.8944646684584765,processed\column_split_datasets\02_category_value_subsets\Billing_ZIP\zip_4580_churn.csv
Billing_ZIP,청구 우편번호,고객 청구지 우편번호다. 지역별 이탈 신호를 확인하는 데 사용한다.,6304,13,0,13,0,0.0,0.0,1.0,0.0,100.0,266.1923076923077,20.339999999999996,0.9094175840499369,processed\column_split_datasets\02_category_value_subsets\Billing_ZIP\zip_6304_churn.csv
Billing_ZIP,청구 우편번호,고객 청구지 우편번호다. 지역별 이탈 신호를 확인하는 데 사용한다.,4701,12,3,9,3,0.25,0.25,0.75,25.0,75.0,138.06916666666666,26.225833333333338,0.7545177045177045,processed\column_split_datasets\02_category_value_subsets\Billing_ZIP\zip_4701_churn.csv
Billing_ZIP,청구 우편번호,고객 청구지 우편번호다. 지역별 이탈 신호를 확인하는 데 사용한다.,4224,11,1,10,1,0.09090909090909091,0.09090909090909091,0.9090909090909091,9.090909090909092,90.9090909090909,122.31818181818181,33.52181818181818,0.8331622678396872,processed\column_split_datasets\02_category_value_subsets\Billing_ZIP\zip_4224_churn.csv
Billing_ZIP,청구 우편번호,고객 청구지 우편번호다. 지역별 이탈 신호를 확인하는 데 사용한다.,4579,11,1,10,1,0.09090909090909091,0.09090909090909091,0.9090909090909091,9.090909090909092,90.9090909090909,111.0909090909091,23.172727272727272,0.8373278236914601,processed\column_split_datasets\02_category_value_subsets\Billing_ZIP\zip_4579_churn.csv
Billing_ZIP,청구 우편번호,고객 청구지 우편번호다. 지역별 이탈 신호를 확인하는 데 사용한다.,8900,11,1,10,1,0.09090909090909091,0.09090909090909091,0.9090909090909091,9.090909090909092,90.9090909090909,196.2709090909091,23.98818181818182,0.9617715617715618,processed\column_split_datasets\02_category_value_subsets\Billing_ZIP\zip_8900_churn.csv
Billing_ZIP,청구 우편번호,고객 청구지 우편번호다. 지역별 이탈 신호를 확인하는 데 사용한다.,4021,10,2,8,2,0.2,0.2,0.8,20.0,80.0,164.13400000000001,27.218,0.7535009578544061,processed\column_split_datasets\02_category_value_subsets\Billing_ZIP\zip_4021_churn.csv
Billing_ZIP,청구 우편번호,고객 청구지 우편번호다. 지역별 이탈 신호를 확인하는 데 사용한다.,4581,10,2,8,2,0.2,0.2,0.8,20.0,80.0,183.599,26.1,0.7749999999999999,processed\column_split_datasets\02_category_value_subsets\Billing_ZIP\zip_4581_churn.csv
Billing_ZIP,청구 우편번호,고객 청구지 우편번호다. 지역별 이탈 신호를 확인하는 데 사용한다.,4013,10,1,9,1,0.1,0.1,0.9,10.0,90.0,116.351,25.911,0.7877777777777778,processed\column_split_datasets\02_category_value_subsets\Billing_ZIP\zip_4013_churn.csv
Billing_ZIP,청구 우편번호,고객 청구지 우편번호다. 지역별 이탈 신호를 확인하는 데 사용한다.,4124,10,1,9,1,0.1,0.1,0.9,10.0,90.0,113.451,17.717000000000002,0.9447619047619048,processed\column_split_datasets\02_category_value_subsets\Billing_ZIP\zip_4124_churn.csv
Billing_ZIP,청구 우편번호,고객 청구지 우편번호다. 지역별 이탈 신호를 확인하는 데 사용한다.,4218,10,1,9,1,0.1,0.1,0.9,10.0,90.0,130.69899999999998,22.367,0.8679568797215858,processed\column_split_datasets\02_category_value_subsets\Billing_ZIP\zip_4218_churn.csv
Billing_ZIP,청구 우편번호,고객 청구지 우편번호다. 지역별 이탈 신호를 확인하는 데 사용한다.,4409,10,1,9,1,0.1,0.1,0.9,10.0,90.0,106.21700000000001,22.012,0.8733295689817429,processed\column_split_datasets\02_category_value_subsets\Billing_ZIP\zip_4409_churn.csv
Billing_ZIP,청구 우편번호,고객 청구지 우편번호다. 지역별 이탈 신호를 확인하는 데 사용한다.,4960,10,0,10,0,0.0,0.0,1.0,0.0,100.0,203.61599999999999,24.880000000000003,0.8319642857142856,processed\column_split_datasets\02_category_value_subsets\Billing_ZIP\zip_4960_churn.csv
Billing_ZIP,청구 우편번호,고객 청구지 우편번호다. 지역별 이탈 신호를 확인하는 데 사용한다.,4030,9,1,8,1,0.1111111111111111,0.1111111111111111,0.8888888888888888,11.11111111111111,88.88888888888889,200.7411111111111,30.143333333333334,0.7863408521303258,processed\column_split_datasets\02_category_value_subsets\Billing_ZIP\zip_4030_churn.csv
Billing_ZIP,청구 우편번호,고객 청구지 우편번호다. 지역별 이탈 신호를 확인하는 데 사용한다.,6570,9,1,8,1,0.1111111111111111,0.1111111111111111,0.8888888888888888,11.11111111111111,88.88888888888889,178.63888888888886,17.706666666666663,0.899719887955182,processed\column_split_datasets\02_category_value_subsets\Billing_ZIP\zip_6570_churn.csv
Billing_ZIP,청구 우편번호,고객 청구지 우편번호다. 지역별 이탈 신호를 확인하는 데 사용한다.,4204,8,1,7,1,0.125,0.125,0.875,12.5,87.5,201.5625,19.01625,0.9262152777777778,processed\column_split_datasets\02_category_value_subsets\Billing_ZIP\zip_4204_churn.csv
Billing_ZIP,청구 우편번호,고객 청구지 우편번호다. 지역별 이탈 신호를 확인하는 데 사용한다.,4530,8,1,7,1,0.125,0.125,0.875,12.5,87.5,116.81375,20.35875,0.772704248366013,processed\column_split_datasets\02_category_value_subsets\Billing_ZIP\zip_4530_churn.csv
Billing_ZIP,청구 우편번호,고객 청구지 우편번호다. 지역별 이탈 신호를 확인하는 데 사용한다.,6003,8,1,7,1,0.125,0.125,0.875,12.5,87.5,152.29125,22.177500000000002,0.8156746031746032,processed\column_split_datasets\02_category_value_subsets\Billing_ZIP\zip_6003_churn.csv
Billing_ZIP,청구 우편번호,고객 청구지 우편번호다. 지역별 이탈 신호를 확인하는 데 사용한다.,4027,8,0,8,0,0.0,0.0,1.0,0.0,100.0,183.875,49.6725,0.5926796157059315,processed\column_split_datasets\02_category_value_subsets\Billing_ZIP\zip_4027_churn.csv
Billing_ZIP,청구 우편번호,고객 청구지 우편번호다. 지역별 이탈 신호를 확인하는 데 사용한다.,4130,8,0,8,0,0.0,0.0,1.0,0.0,100.0,95.72874999999999,16.88625,0.8552083333333333,processed\column_split_datasets\02_category_value_subsets\Billing_ZIP\zip_4130_churn.csv
Billing_ZIP,청구 우편번호,고객 청구지 우편번호다. 지역별 이탈 신호를 확인하는 데 사용한다.,4172,8,0,8,0,0.0,0.0,1.0,0.0,100.0,117.21000000000001,20.479999999999997,0.7608851674641148,processed\column_split_datasets\02_category_value_subsets\Billing_ZIP\zip_4172_churn.csv
Billing_ZIP,청구 우편번호,고객 청구지 우편번호다. 지역별 이탈 신호를 확인하는 데 사용한다.,4360,8,0,8,0,0.0,0.0,1.0,0.0,100.0,114.48,23.293750000000003,0.8714285714285714,processed\column_split_datasets\02_category_value_subsets\Billing_ZIP\zip_4360_churn.csv
Billing_ZIP,청구 우편번호,고객 청구지 우편번호다. 지역별 이탈 신호를 확인하는 데 사용한다.,4407,8,0,8,0,0.0,0.0,1.0,0.0,100.0,129.33249999999998,21.4525,0.9791666666666667,processed\column_split_datasets\02_category_value_subsets\Billing_ZIP\zip_4407_churn.csv
Billing_ZIP,청구 우편번호,고객 청구지 우편번호다. 지역별 이탈 신호를 확인하는 데 사용한다.,4990,8,0,8,0,0.0,0.0,1.0,0.0,100.0,81.70875000000001,26.5225,0.88125,processed\column_split_datasets\02_category_value_subsets\Billing_ZIP\zip_4990_churn.csv
Billing_ZIP,청구 우편번호,고객 청구지 우편번호다. 지역별 이탈 신호를 확인하는 데 사용한다.,4109,7,2,5,2,0.2857142857142857,0.2857142857142857,0.7142857142857143,28.57142857142857,71.42857142857143,126.38142857142854,26.38,0.7874236874236874,processed\column_split_datasets\02_category_value_subsets\Billing_ZIP\zip_4109_churn.csv
Billing_ZIP,청구 우편번호,고객 청구지 우편번호다. 지역별 이탈 신호를 확인하는 데 사용한다.,4107,7,1,6,1,0.14285714285714285,0.14285714285714285,0.8571428571428571,14.285714285714285,85.71428571428571,110.02714285714285,21.529999999999998,0.7761544011544012,processed\column_split_datasets\02_category_value_subsets\Billing_ZIP\zip_4107_churn.csv
Billing_ZIP,청구 우편번호,고객 청구지 우편번호다. 지역별 이탈 신호를 확인하는 데 사용한다.,4137,7,1,6,1,0.14285714285714285,0.14285714285714285,0.8571428571428571,14.285714285714285,85.71428571428571,196.30714285714285,22.382857142857144,0.8694444444444445,processed\column_split_datasets\02_category_value_subsets\Billing_ZIP\zip_4137_churn.csv
Billing_ZIP,청구 우편번호,고객 청구지 우편번호다. 지역별 이탈 신호를 확인하는 데 사용한다.,6490,7,1,6,1,0.14285714285714285,0.14285714285714285,0.8571428571428571,14.285714285714285,85.71428571428571,115.0,13.718571428571428,0.9043481028775145,processed\column_split_datasets\02_category_value_subsets\Billing_ZIP\zip_6490_churn.csv
Billing_ZIP,청구 우편번호,고객 청구지 우편번호다. 지역별 이탈 신호를 확인하는 데 사용한다.,6750,7,1,6,1,0.14285714285714285,0.14285714285714285,0.8571428571428571,14.285714285714285,85.71428571428571,251.1185714285714,23.868571428571432,0.8630049753202463,processed\column_split_datasets\02_category_value_subsets\Billing_ZIP\zip_6750_churn.csv
Billing_ZIP,청구 우편번호,고객 청구지 우편번호다. 지역별 이탈 신호를 확인하는 데 사용한다.,1000,7,0,7,0,0.0,0.0,1.0,0.0,100.0,201.43000000000004,18.768571428571427,0.9621489621489622,processed\column_split_datasets\02_category_value_subsets\Billing_ZIP\zip_1000_churn.csv
Billing_ZIP,청구 우편번호,고객 청구지 우편번호다. 지역별 이탈 신호를 확인하는 데 사용한다.,4112,7,0,7,0,0.0,0.0,1.0,0.0,100.0,167.4057142857143,13.387142857142859,0.9445269016697588,processed\column_split_datasets\02_category_value_subsets\Billing_ZIP\zip_4112_churn.csv
Billing_ZIP,청구 우편번호,고객 청구지 우편번호다. 지역별 이탈 신호를 확인하는 데 사용한다.,4135,7,0,7,0,0.0,0.0,1.0,0.0,100.0,176.97714285714287,29.238571428571426,0.8523809523809524,processed\column_split_datasets\02_category_value_subsets\Billing_ZIP\zip_4135_churn.csv
Billing_ZIP,청구 우편번호,고객 청구지 우편번호다. 지역별 이탈 신호를 확인하는 데 사용한다.,4142,7,0,7,0,0.0,0.0,1.0,0.0,100.0,145.0457142857143,21.68857142857143,0.9107142857142857,processed\column_split_datasets\02_category_value_subsets\Billing_ZIP\zip_4142_churn.csv
Billing_ZIP,청구 우편번호,고객 청구지 우편번호다. 지역별 이탈 신호를 확인하는 데 사용한다.,4197,7,0,7,0,0.0,0.0,1.0,0.0,100.0,104.42857142857143,18.77,0.9324675324675324,processed\column_split_datasets\02_category_value_subsets\Billing_ZIP\zip_4197_churn.csv
Billing_ZIP,청구 우편번호,고객 청구지 우편번호다. 지역별 이탈 신호를 확인하는 데 사용한다.,6001,7,0,7,0,0.0,0.0,1.0,0.0,100.0,77.76285714285714,24.698571428571427,0.7571428571428571,processed\column_split_datasets\02_category_value_subsets\Billing_ZIP\zip_6001_churn.csv
Billing_ZIP,청구 우편번호,고객 청구지 우편번호다. 지역별 이탈 신호를 확인하는 데 사용한다.,4770,6,1,5,1,0.16666666666666666,0.16666666666666666,0.8333333333333334,16.666666666666664,83.33333333333334,101.66666666666664,41.50833333333333,0.6706349206349206,processed\column_split_datasets\02_category_value_subsets\Billing_ZIP\zip_4770_churn.csv
Billing_ZIP,청구 우편번호,고객 청구지 우편번호다. 지역별 이탈 신호를 확인하는 데 사용한다.,6140,6,1,5,1,0.16666666666666666,0.16666666666666666,0.8333333333333334,16.666666666666664,83.33333333333334,166.0533333333333,21.433333333333334,0.861111111111111,processed\column_split_datasets\02_category_value_subsets\Billing_ZIP\zip_6140_churn.csv
Billing_ZIP,청구 우편번호,고객 청구지 우편번호다. 지역별 이탈 신호를 확인하는 데 사용한다.,1505,6,0,6,0,0.0,0.0,1.0,0.0,100.0,178.4433333333333,25.876666666666665,0.7311507936507936,processed\column_split_datasets\02_category_value_subsets\Billing_ZIP\zip_1505_churn.csv
Billing_ZIP,청구 우편번호,고객 청구지 우편번호다. 지역별 이탈 신호를 확인하는 데 사용한다.,4173,6,0,6,0,0.0,0.0,1.0,0.0,100.0,131.86,15.435,0.8629629629629628,processed\column_split_datasets\02_category_value_subsets\Billing_ZIP\zip_4173_churn.csv
Billing_ZIP,청구 우편번호,고객 청구지 우편번호다. 지역별 이탈 신호를 확인하는 데 사용한다.,4824,6,0,6,0,0.0,0.0,1.0,0.0,100.0,166.19500000000002,21.581666666666667,0.7229741019214705,processed\column_split_datasets\02_category_value_subsets\Billing_ZIP\zip_4824_churn.csv
Billing_ZIP,청구 우편번호,고객 청구지 우편번호다. 지역별 이탈 신호를 확인하는 데 사용한다.,4900,6,0,6,0,0.0,0.0,1.0,0.0,100.0,153.47333333333333,29.45833333333333,0.7202380952380952,processed\column_split_datasets\02_category_value_subsets\Billing_ZIP\zip_4900_churn.csv
Billing_ZIP,청구 우편번호,고객 청구지 우편번호다. 지역별 이탈 신호를 확인하는 데 사용한다.,4940,6,0,6,0,0.0,0.0,1.0,0.0,100.0,109.585,17.755,0.804029304029304,processed\column_split_datasets\02_category_value_subsets\Billing_ZIP\zip_4940_churn.csv
Billing_ZIP,청구 우편번호,고객 청구지 우편번호다. 지역별 이탈 신호를 확인하는 데 사용한다.,6180,6,0,6,0,0.0,0.0,1.0,0.0,100.0,96.86,22.156666666666666,0.621937321937322,processed\column_split_datasets\02_category_value_subsets\Billing_ZIP\zip_6180_churn.csv
Billing_ZIP,청구 우편번호,고객 청구지 우편번호다. 지역별 이탈 신호를 확인하는 데 사용한다.,4241,5,1,4,1,0.2,0.2,0.8,20.0,80.0,197.534,15.072,0.9333333333333332,processed\column_split_datasets\02_category_value_subsets\Billing_ZIP\zip_4241_churn.csv
Billing_ZIP,청구 우편번호,고객 청구지 우편번호다. 지역별 이탈 신호를 확인하는 데 사용한다.,4260,5,0,5,0,0.0,0.0,1.0,0.0,100.0,158.8,18.875999999999998,0.9058823529411765,processed\column_split_datasets\02_category_value_subsets\Billing_ZIP\zip_4260_churn.csv
Billing_ZIP,청구 우편번호,고객 청구지 우편번호다. 지역별 이탈 신호를 확인하는 데 사용한다.,4285,5,0,5,0,0.0,0.0,1.0,0.0,100.0,219.734,23.982,0.8253679653679654,processed\column_split_datasets\02_category_value_subsets\Billing_ZIP\zip_4285_churn.csv
Billing_ZIP,청구 우편번호,고객 청구지 우편번호다. 지역별 이탈 신호를 확인하는 데 사용한다.,4340,5,0,5,0,0.0,0.0,1.0,0.0,100.0,185.1,87.66,0.6390231092436975,processed\column_split_datasets\02_category_value_subsets\Billing_ZIP\zip_4340_churn.csv
Billing_ZIP,청구 우편번호,고객 청구지 우편번호다. 지역별 이탈 신호를 확인하는 데 사용한다.,4370,5,0,5,0,0.0,0.0,1.0,0.0,100.0,75.06800000000001,19.098000000000003,0.95,processed\column_split_datasets\02_category_value_subsets\Billing_ZIP\zip_4370_churn.csv
Billing_ZIP,청구 우편번호,고객 청구지 우편번호다. 지역별 이탈 신호를 확인하는 데 사용한다.,4412,5,0,5,0,0.0,0.0,1.0,0.0,100.0,136.46599999999998,20.788,0.8514705882352942,processed\column_split_datasets\02_category_value_subsets\Billing_ZIP\zip_4412_churn.csv
Billing_ZIP,청구 우편번호,고객 청구지 우편번호다. 지역별 이탈 신호를 확인하는 데 사용한다.,4492,5,0,5,0,0.0,0.0,1.0,0.0,100.0,134.6,27.639999999999997,0.96,processed\column_split_datasets\02_category_value_subsets\Billing_ZIP\zip_4492_churn.csv
Billing_ZIP,청구 우편번호,고객 청구지 우편번호다. 지역별 이탈 신호를 확인하는 데 사용한다.,4820,5,0,5,0,0.0,0.0,1.0,0.0,100.0,114.31400000000001,20.2,0.772063492063492,processed\column_split_datasets\02_category_value_subsets\Billing_ZIP\zip_4820_churn.csv
Billing_ZIP,청구 우편번호,고객 청구지 우편번호다. 지역별 이탈 신호를 확인하는 데 사용한다.,4987,5,0,5,0,0.0,0.0,1.0,0.0,100.0,118.33400000000002,18.82,0.8033333333333333,processed\column_split_datasets\02_category_value_subsets\Billing_ZIP\zip_4987_churn.csv
Billing_ZIP,청구 우편번호,고객 청구지 우편번호다. 지역별 이탈 신호를 확인하는 데 사용한다.,6010,5,0,5,0,0.0,0.0,1.0,0.0,100.0,229.33199999999997,20.436,0.6865021770682149,processed\column_split_datasets\02_category_value_subsets\Billing_ZIP\zip_6010_churn.csv
Billing_ZIP,청구 우편번호,고객 청구지 우편번호다. 지역별 이탈 신호를 확인하는 데 사용한다.,6138,5,0,5,0,0.0,0.0,1.0,0.0,100.0,144.46800000000002,14.854000000000003,0.9057142857142857,processed\column_split_datasets\02_category_value_subsets\Billing_ZIP\zip_6138_churn.csv
Billing_ZIP,청구 우편번호,고객 청구지 우편번호다. 지역별 이탈 신호를 확인하는 데 사용한다.,6155,5,0,5,0,0.0,0.0,1.0,0.0,100.0,111.76599999999999,18.35,0.8904761904761905,processed\column_split_datasets\02_category_value_subsets\Billing_ZIP\zip_6155_churn.csv
Billing_ZIP,청구 우편번호,고객 청구지 우편번호다. 지역별 이탈 신호를 확인하는 데 사용한다.,6770,5,0,5,0,0.0,0.0,1.0,0.0,100.0,152.2,19.602,0.8391208791208792,processed\column_split_datasets\02_category_value_subsets\Billing_ZIP\zip_6770_churn.csv
Billing_ZIP,청구 우편번호,고객 청구지 우편번호다. 지역별 이탈 신호를 확인하는 데 사용한다.,6884,4,2,2,2,0.5,0.5,0.5,50.0,50.0,166.66750000000002,19.4275,0.6689310689310689,processed\column_split_datasets\02_category_value_subsets\Billing_ZIP\zip_6884_churn.csv
Billing_ZIP,청구 우편번호,고객 청구지 우편번호다. 지역별 이탈 신호를 확인하는 데 사용한다.,8000,4,2,2,2,0.5,0.5,0.5,50.0,50.0,129.16750000000002,15.515,0.7625000000000001,processed\column_split_datasets\02_category_value_subsets\Billing_ZIP\zip_8000_churn.csv
Billing_ZIP,청구 우편번호,고객 청구지 우편번호다. 지역별 이탈 신호를 확인하는 데 사용한다.,4160,4,1,3,1,0.25,0.25,0.75,25.0,75.0,107.79249999999999,20.595,0.8333333333333333,processed\column_split_datasets\02_category_value_subsets\Billing_ZIP\zip_4160_churn.csv
Billing_ZIP,청구 우편번호,고객 청구지 우편번호다. 지역별 이탈 신호를 확인하는 데 사용한다.,4406,4,1,3,1,0.25,0.25,0.75,25.0,75.0,162.415,41.235,0.7555555555555555,processed\column_split_datasets\02_category_value_subsets\Billing_ZIP\zip_4406_churn.csv
Billing_ZIP,청구 우편번호,고객 청구지 우편번호다. 지역별 이탈 신호를 확인하는 데 사용한다.,4703,4,1,3,1,0.25,0.25,0.75,25.0,75.0,83.9575,21.8475,0.8642857142857143,processed\column_split_datasets\02_category_value_subsets\Billing_ZIP\zip_4703_churn.csv
Billing_ZIP,청구 우편번호,고객 청구지 우편번호다. 지역별 이탈 신호를 확인하는 데 사용한다.,4831,4,1,3,1,0.25,0.25,0.75,25.0,75.0,221.50249999999997,19.275,0.8038461538461539,processed\column_split_datasets\02_category_value_subsets\Billing_ZIP\zip_4831_churn.csv
Billing_ZIP,청구 우편번호,고객 청구지 우편번호다. 지역별 이탈 신호를 확인하는 데 사용한다.,6158,4,1,3,1,0.25,0.25,0.75,25.0,75.0,176.71,17.732499999999998,0.9068965517241379,processed\column_split_datasets\02_category_value_subsets\Billing_ZIP\zip_6158_churn.csv
Billing_ZIP,청구 우편번호,고객 청구지 우편번호다. 지역별 이탈 신호를 확인하는 데 사용한다.,6250,4,1,3,1,0.25,0.25,0.75,25.0,75.0,250.1225,20.259999999999998,0.9357142857142857,processed\column_split_datasets\02_category_value_subsets\Billing_ZIP\zip_6250_churn.csv
Billing_ZIP,청구 우편번호,고객 청구지 우편번호다. 지역별 이탈 신호를 확인하는 데 사용한다.,6343,4,1,3,1,0.25,0.25,0.75,25.0,75.0,185.21,22.61,0.9861111111111112,processed\column_split_datasets\02_category_value_subsets\Billing_ZIP\zip_6343_churn.csv
Billing_ZIP,청구 우편번호,고객 청구지 우편번호다. 지역별 이탈 신호를 확인하는 데 사용한다.,6560,4,1,3,1,0.25,0.25,0.75,25.0,75.0,207.8325,16.76,1.0,processed\column_split_datasets\02_category_value_subsets\Billing_ZIP\zip_6560_churn.csv
Billing_ZIP,청구 우편번호,고객 청구지 우편번호다. 지역별 이탈 신호를 확인하는 데 사용한다.,4121,4,0,4,0,0.0,0.0,1.0,0.0,100.0,153.66750000000002,16.5975,0.9356060606060607,processed\column_split_datasets\02_category_value_subsets\Billing_ZIP\zip_4121_churn.csv
Billing_ZIP,청구 우편번호,고객 청구지 우편번호다. 지역별 이탈 신호를 확인하는 데 사용한다.,4122,4,0,4,0,0.0,0.0,1.0,0.0,100.0,146.4575,17.765,0.7264550264550265,processed\column_split_datasets\02_category_value_subsets\Billing_ZIP\zip_4122_churn.csv
Billing_ZIP,청구 우편번호,고객 청구지 우편번호다. 지역별 이탈 신호를 확인하는 데 사용한다.,4140,4,0,4,0,0.0,0.0,1.0,0.0,100.0,133.08499999999998,15.6025,1.0,processed\column_split_datasets\02_category_value_subsets\Billing_ZIP\zip_4140_churn.csv
Billing_ZIP,청구 우편번호,고객 청구지 우편번호다. 지역별 이탈 신호를 확인하는 데 사용한다.,4223,4,0,4,0,0.0,0.0,1.0,0.0,100.0,84.9175,18.314999999999998,0.6767857142857143,processed\column_split_datasets\02_category_value_subsets\Billing_ZIP\zip_4223_churn.csv
Billing_ZIP,청구 우편번호,고객 청구지 우편번호다. 지역별 이탈 신호를 확인하는 데 사용한다.,4349,4,0,4,0,0.0,0.0,1.0,0.0,100.0,78.49749999999999,20.615000000000002,0.9166666666666666,processed\column_split_datasets\02_category_value_subsets\Billing_ZIP\zip_4349_churn.csv
Billing_ZIP,청구 우편번호,고객 청구지 우편번호다. 지역별 이탈 신호를 확인하는 데 사용한다.,4442,4,0,4,0,0.0,0.0,1.0,0.0,100.0,183.705,19.5075,0.9772727272727273,processed\column_split_datasets\02_category_value_subsets\Billing_ZIP\zip_4442_churn.csv
Billing_ZIP,청구 우편번호,고객 청구지 우편번호다. 지역별 이탈 신호를 확인하는 데 사용한다.,4455,4,0,4,0,0.0,0.0,1.0,0.0,100.0,63.457499999999996,16.145000000000003,0.8374999999999999,processed\column_split_datasets\02_category_value_subsets\Billing_ZIP\zip_4455_churn.csv
Billing_ZIP,청구 우편번호,고객 청구지 우편번호다. 지역별 이탈 신호를 확인하는 데 사용한다.,4870,4,0,4,0,0.0,0.0,1.0,0.0,100.0,104.2925,38.38,0.6631944444444444,processed\column_split_datasets\02_category_value_subsets\Billing_ZIP\zip_4870_churn.csv
Billing_ZIP,청구 우편번호,고객 청구지 우편번호다. 지역별 이탈 신호를 확인하는 데 사용한다.,6014,4,0,4,0,0.0,0.0,1.0,0.0,100.0,212.83249999999998,23.37,0.7411858974358974,processed\column_split_datasets\02_category_value_subsets\Billing_ZIP\zip_6014_churn.csv
Billing_ZIP,청구 우편번호,고객 청구지 우편번호다. 지역별 이탈 신호를 확인하는 데 사용한다.,6060,4,0,4,0,0.0,0.0,1.0,0.0,100.0,266.04,14.48,0.9196428571428572,processed\column_split_datasets\02_category_value_subsets\Billing_ZIP\zip_6060_churn.csv
Billing_ZIP,청구 우편번호,고객 청구지 우편번호다. 지역별 이탈 신호를 확인하는 데 사용한다.,6065,4,0,4,0,0.0,0.0,1.0,0.0,100.0,114.7925,17.3125,0.8166666666666667,processed\column_split_datasets\02_category_value_subsets\Billing_ZIP\zip_6065_churn.csv
Billing_ZIP,청구 우편번호,고객 청구지 우편번호다. 지역별 이탈 신호를 확인하는 데 사용한다.,6163,4,0,4,0,0.0,0.0,1.0,0.0,100.0,228.4175,23.2125,0.8583333333333334,processed\column_split_datasets\02_category_value_subsets\Billing_ZIP\zip_6163_churn.csv
Billing_ZIP,청구 우편번호,고객 청구지 우편번호다. 지역별 이탈 신호를 확인하는 데 사용한다.,6199,4,0,4,0,0.0,0.0,1.0,0.0,100.0,142.915,18.8225,0.7723684210526316,processed\column_split_datasets\02_category_value_subsets\Billing_ZIP\zip_6199_churn.csv
Billing_ZIP,청구 우편번호,고객 청구지 우편번호다. 지역별 이탈 신호를 확인하는 데 사용한다.,6362,4,0,4,0,0.0,0.0,1.0,0.0,100.0,96.375,13.16,0.7220426632191338,processed\column_split_datasets\02_category_value_subsets\Billing_ZIP\zip_6362_churn.csv
Billing_ZIP,청구 우편번호,고객 청구지 우편번호다. 지역별 이탈 신호를 확인하는 데 사용한다.,6489,4,0,4,0,0.0,0.0,1.0,0.0,100.0,81.03999999999999,12.71,1.0,processed\column_split_datasets\02_category_value_subsets\Billing_ZIP\zip_6489_churn.csv
Billing_ZIP,청구 우편번호,고객 청구지 우편번호다. 지역별 이탈 신호를 확인하는 데 사용한다.,6850,4,0,4,0,0.0,0.0,1.0,0.0,100.0,186.45999999999998,66.72,0.71140081799591,processed\column_split_datasets\02_category_value_subsets\Billing_ZIP\zip_6850_churn.csv
Billing_ZIP,청구 우편번호,고객 청구지 우편번호다. 지역별 이탈 신호를 확인하는 데 사용한다.,4018,3,2,1,2,0.6666666666666666,0.6666666666666666,0.3333333333333333,66.66666666666666,33.33333333333333,110.50333333333333,15.016666666666667,0.7515151515151516,processed\column_split_datasets\02_category_value_subsets\Billing_ZIP\zip_4018_churn.csv
Billing_ZIP,청구 우편번호,고객 청구지 우편번호다. 지역별 이탈 신호를 확인하는 데 사용한다.,4750,3,2,1,2,0.6666666666666666,0.6666666666666666,0.3333333333333333,66.66666666666666,33.33333333333333,104.5,18.61,0.875,processed\column_split_datasets\02_category_value_subsets\Billing_ZIP\zip_4750_churn.csv
Billing_ZIP,청구 우편번호,고객 청구지 우편번호다. 지역별 이탈 신호를 확인하는 데 사용한다.,4201,3,1,2,1,0.3333333333333333,0.3333333333333333,0.6666666666666666,33.33333333333333,66.66666666666666,185.0566666666667,16.080000000000002,0.8746438746438746,processed\column_split_datasets\02_category_value_subsets\Billing_ZIP\zip_4201_churn.csv
Billing_ZIP,청구 우편번호,고객 청구지 우편번호다. 지역별 이탈 신호를 확인하는 데 사용한다.,4212,3,1,2,1,0.3333333333333333,0.3333333333333333,0.6666666666666666,33.33333333333333,66.66666666666666,112.89,10.76,1.0,processed\column_split_datasets\02_category_value_subsets\Billing_ZIP\zip_4212_churn.csv
Billing_ZIP,청구 우편번호,고객 청구지 우편번호다. 지역별 이탈 신호를 확인하는 데 사용한다.,4250,3,1,2,1,0.3333333333333333,0.3333333333333333,0.6666666666666666,33.33333333333333,66.66666666666666,90.38666666666667,15.64,0.7236652236652237,processed\column_split_datasets\02_category_value_subsets\Billing_ZIP\zip_4250_churn.csv
Billing_ZIP,청구 우편번호,고객 청구지 우편번호다. 지역별 이탈 신호를 확인하는 데 사용한다.,4601,3,1,2,1,0.3333333333333333,0.3333333333333333,0.6666666666666666,33.33333333333333,66.66666666666666,93.00333333333333,20.706666666666667,0.7222222222222222,processed\column_split_datasets\02_category_value_subsets\Billing_ZIP\zip_4601_churn.csv
Billing_ZIP,청구 우편번호,고객 청구지 우편번호다. 지역별 이탈 신호를 확인하는 데 사용한다.,4602,3,1,2,1,0.3333333333333333,0.3333333333333333,0.6666666666666666,33.33333333333333,66.66666666666666,243.5566666666667,18.176666666666666,0.7142857142857143,processed\column_split_datasets\02_category_value_subsets\Billing_ZIP\zip_4602_churn.csv
Billing_ZIP,청구 우편번호,고객 청구지 우편번호다. 지역별 이탈 신호를 확인하는 데 사용한다.,4644,3,1,2,1,0.3333333333333333,0.3333333333333333,0.6666666666666666,33.33333333333333,66.66666666666666,78.27666666666667,14.503333333333336,1.0,processed\column_split_datasets\02_category_value_subsets\Billing_ZIP\zip_4644_churn.csv
Billing_ZIP,청구 우편번호,고객 청구지 우편번호다. 지역별 이탈 신호를 확인하는 데 사용한다.,4830,3,1,2,1,0.3333333333333333,0.3333333333333333,0.6666666666666666,33.33333333333333,66.66666666666666,129.50333333333333,14.236666666666666,0.6892911010558068,processed\column_split_datasets\02_category_value_subsets\Billing_ZIP\zip_4830_churn.csv
Billing_ZIP,청구 우편번호,고객 청구지 우편번호다. 지역별 이탈 신호를 확인하는 데 사용한다.,6050,3,1,2,1,0.3333333333333333,0.3333333333333333,0.6666666666666666,33.33333333333333,66.66666666666666,115.21999999999998,20.956666666666667,1.0,processed\column_split_datasets\02_category_value_subsets\Billing_ZIP\zip_6050_churn.csv
Billing_ZIP,청구 우편번호,고객 청구지 우편번호다. 지역별 이탈 신호를 확인하는 데 사용한다.,6160,3,1,2,1,0.3333333333333333,0.3333333333333333,0.6666666666666666,33.33333333333333,66.66666666666666,102.49666666666667,32.54,0.5224358974358975,processed\column_split_datasets\02_category_value_subsets\Billing_ZIP\zip_6160_churn.csv
Billing_ZIP,청구 우편번호,고객 청구지 우편번호다. 지역별 이탈 신호를 확인하는 데 사용한다.,8200,3,1,2,1,0.3333333333333333,0.3333333333333333,0.6666666666666666,33.33333333333333,66.66666666666666,124.17,32.666666666666664,0.7407407407407408,processed\column_split_datasets\02_category_value_subsets\Billing_ZIP\zip_8200_churn.csv
Billing_ZIP,청구 우편번호,고객 청구지 우편번호다. 지역별 이탈 신호를 확인하는 데 사용한다.,8600,3,1,2,1,0.3333333333333333,0.3333333333333333,0.6666666666666666,33.33333333333333,66.66666666666666,272.05333333333334,14.35,0.7900069881201958,processed\column_split_datasets\02_category_value_subsets\Billing_ZIP\zip_8600_churn.csv
Billing_ZIP,청구 우편번호,고객 청구지 우편번호다. 지역별 이탈 신호를 확인하는 데 사용한다.,1404,3,0,3,0,0.0,0.0,1.0,0.0,100.0,243.5566666666667,17.73,0.7425997425997427,processed\column_split_datasets\02_category_value_subsets\Billing_ZIP\zip_1404_churn.csv
Billing_ZIP,청구 우편번호,고객 청구지 우편번호다. 지역별 이탈 신호를 확인하는 데 사용한다.,1421,3,0,3,0,0.0,0.0,1.0,0.0,100.0,135.72333333333333,18.103333333333335,0.8076923076923078,processed\column_split_datasets\02_category_value_subsets\Billing_ZIP\zip_1421_churn.csv
Billing_ZIP,청구 우편번호,고객 청구지 우편번호다. 지역별 이탈 신호를 확인하는 데 사용한다.,4008,3,0,3,0,0.0,0.0,1.0,0.0,100.0,114.88999999999999,41.47,0.7111111111111111,processed\column_split_datasets\02_category_value_subsets\Billing_ZIP\zip_4008_churn.csv
Billing_ZIP,청구 우편번호,고객 청구지 우편번호다. 지역별 이탈 신호를 확인하는 데 사용한다.,4019,3,0,3,0,0.0,0.0,1.0,0.0,100.0,220.89,15.233333333333333,0.8799171842650103,processed\column_split_datasets\02_category_value_subsets\Billing_ZIP\zip_4019_churn.csv
Billing_ZIP,청구 우편번호,고객 청구지 우편번호다. 지역별 이탈 신호를 확인하는 데 사용한다.,4113,3,0,3,0,0.0,0.0,1.0,0.0,100.0,156.27666666666667,21.266666666666666,0.9848484848484849,processed\column_split_datasets\02_category_value_subsets\Billing_ZIP\zip_4113_churn.csv
Billing_ZIP,청구 우편번호,고객 청구지 우편번호다. 지역별 이탈 신호를 확인하는 데 사용한다.,4134,3,0,3,0,0.0,0.0,1.0,0.0,100.0,101.72333333333334,14.596666666666666,0.9696969696969697,processed\column_split_datasets\02_category_value_subsets\Billing_ZIP\zip_4134_churn.csv
Billing_ZIP,청구 우편번호,고객 청구지 우편번호다. 지역별 이탈 신호를 확인하는 데 사용한다.,4144,3,0,3,0,0.0,0.0,1.0,0.0,100.0,107.44333333333333,17.483333333333334,1.0,processed\column_split_datasets\02_category_value_subsets\Billing_ZIP\zip_4144_churn.csv
Billing_ZIP,청구 우편번호,고객 청구지 우편번호다. 지역별 이탈 신호를 확인하는 데 사용한다.,4202,3,0,3,0,0.0,0.0,1.0,0.0,100.0,141.05333333333334,82.91666666666667,1.0,processed\column_split_datasets\02_category_value_subsets\Billing_ZIP\zip_4202_churn.csv
Billing_ZIP,청구 우편번호,고객 청구지 우편번호다. 지역별 이탈 신호를 확인하는 데 사용한다.,4228,3,0,3,0,0.0,0.0,1.0,0.0,100.0,154.38666666666666,65.37,0.4444444444444444,processed\column_split_datasets\02_category_value_subsets\Billing_ZIP\zip_4228_churn.csv
Billing_ZIP,청구 우편번호,고객 청구지 우편번호다. 지역별 이탈 신호를 확인하는 데 사용한다.,4231,3,0,3,0,0.0,0.0,1.0,0.0,100.0,85.5,19.813333333333333,0.8444444444444444,processed\column_split_datasets\02_category_value_subsets\Billing_ZIP\zip_4231_churn.csv
Billing_ZIP,청구 우편번호,고객 청구지 우편번호다. 지역별 이탈 신호를 확인하는 데 사용한다.,4271,3,0,3,0,0.0,0.0,1.0,0.0,100.0,112.44333333333334,17.386666666666667,0.7962962962962963,processed\column_split_datasets\02_category_value_subsets\Billing_ZIP\zip_4271_churn.csv
Billing_ZIP,청구 우편번호,고객 청구지 우편번호다. 지역별 이탈 신호를 확인하는 데 사용한다.,4288,3,0,3,0,0.0,0.0,1.0,0.0,100.0,165.88666666666666,22.593333333333334,0.8722222222222222,processed\column_split_datasets\02_category_value_subsets\Billing_ZIP\zip_4288_churn.csv
Billing_ZIP,청구 우편번호,고객 청구지 우편번호다. 지역별 이탈 신호를 확인하는 데 사용한다.,4364,3,0,3,0,0.0,0.0,1.0,0.0,100.0,214.5,24.80666666666667,0.7060041407867494,processed\column_split_datasets\02_category_value_subsets\Billing_ZIP\zip_4364_churn.csv
Billing_ZIP,청구 우편번호,고객 청구지 우편번호다. 지역별 이탈 신호를 확인하는 데 사용한다.,4469,3,0,3,0,0.0,0.0,1.0,0.0,100.0,178.0,24.16,0.7345238095238095,processed\column_split_datasets\02_category_value_subsets\Billing_ZIP\zip_4469_churn.csv
Billing_ZIP,청구 우편번호,고객 청구지 우편번호다. 지역별 이탈 신호를 확인하는 데 사용한다.,4522,3,0,3,0,0.0,0.0,1.0,0.0,100.0,68.72333333333334,27.349999999999998,0.9333333333333332,processed\column_split_datasets\02_category_value_subsets\Billing_ZIP\zip_4522_churn.csv
Billing_ZIP,청구 우편번호,고객 청구지 우편번호다. 지역별 이탈 신호를 확인하는 데 사용한다.,4641,3,0,3,0,0.0,0.0,1.0,0.0,100.0,213.5533333333333,25.21666666666667,0.9166666666666666,processed\column_split_datasets\02_category_value_subsets\Billing_ZIP\zip_4641_churn.csv
Billing_ZIP,청구 우편번호,고객 청구지 우편번호다. 지역별 이탈 신호를 확인하는 데 사용한다.,4702,3,0,3,0,0.0,0.0,1.0,0.0,100.0,166.16666666666666,16.71,0.7936507936507938,processed\column_split_datasets\02_category_value_subsets\Billing_ZIP\zip_4702_churn.csv
Billing_ZIP,청구 우편번호,고객 청구지 우편번호다. 지역별 이탈 신호를 확인하는 데 사용한다.,4710,3,0,3,0,0.0,0.0,1.0,0.0,100.0,125.99999999999999,20.036666666666665,1.0,processed\column_split_datasets\02_category_value_subsets\Billing_ZIP\zip_4710_churn.csv
Billing_ZIP,청구 우편번호,고객 청구지 우편번호다. 지역별 이탈 신호를 확인하는 데 사용한다.,4835,3,0,3,0,0.0,0.0,1.0,0.0,100.0,124.11333333333334,21.096666666666668,0.7666666666666666,processed\column_split_datasets\02_category_value_subsets\Billing_ZIP\zip_4835_churn.csv
Billing_ZIP,청구 우편번호,고객 청구지 우편번호다. 지역별 이탈 신호를 확인하는 데 사용한다.,4872,3,0,3,0,0.0,0.0,1.0,0.0,100.0,128.0,14.433333333333332,0.7130647130647131,processed\column_split_datasets\02_category_value_subsets\Billing_ZIP\zip_4872_churn.csv
Billing_ZIP,청구 우편번호,고객 청구지 우편번호다. 지역별 이탈 신호를 확인하는 데 사용한다.,4985,3,0,3,0,0.0,0.0,1.0,0.0,100.0,87.39,19.206666666666667,0.6888888888888888,processed\column_split_datasets\02_category_value_subsets\Billing_ZIP\zip_4985_churn.csv
Billing_ZIP,청구 우편번호,고객 청구지 우편번호다. 지역별 이탈 신호를 확인하는 데 사용한다.,6002,3,0,3,0,0.0,0.0,1.0,0.0,100.0,228.0566666666667,22.30333333333333,0.7698412698412698,processed\column_split_datasets\02_category_value_subsets\Billing_ZIP\zip_6002_churn.csv
Billing_ZIP,청구 우편번호,고객 청구지 우편번호다. 지역별 이탈 신호를 확인하는 데 사용한다.,6004,3,0,3,0,0.0,0.0,1.0,0.0,100.0,62.60999999999999,14.523333333333333,0.9444444444444445,processed\column_split_datasets\02_category_value_subsets\Billing_ZIP\zip_6004_churn.csv
Billing_ZIP,청구 우편번호,고객 청구지 우편번호다. 지역별 이탈 신호를 확인하는 데 사용한다.,6006,3,0,3,0,0.0,0.0,1.0,0.0,100.0,192.05666666666664,31.89,0.7904761904761904,processed\column_split_datasets\02_category_value_subsets\Billing_ZIP\zip_6006_churn.csv
Billing_ZIP,청구 우편번호,고객 청구지 우편번호다. 지역별 이탈 신호를 확인하는 데 사용한다.,6062,3,0,3,0,0.0,0.0,1.0,0.0,100.0,90.66666666666667,13.273333333333333,0.7222222222222222,processed\column_split_datasets\02_category_value_subsets\Billing_ZIP\zip_6062_churn.csv
Billing_ZIP,청구 우편번호,고객 청구지 우편번호다. 지역별 이탈 신호를 확인하는 데 사용한다.,6142,3,0,3,0,0.0,0.0,1.0,0.0,100.0,64.05666666666667,12.733333333333334,1.0,processed\column_split_datasets\02_category_value_subsets\Billing_ZIP\zip_6142_churn.csv
Billing_ZIP,청구 우편번호,고객 청구지 우편번호다. 지역별 이탈 신호를 확인하는 데 사용한다.,6159,3,0,3,0,0.0,0.0,1.0,0.0,100.0,235.22333333333336,16.42,0.9278752436647174,processed\column_split_datasets\02_category_value_subsets\Billing_ZIP\zip_6159_churn.csv
Billing_ZIP,청구 우편번호,고객 청구지 우편번호다. 지역별 이탈 신호를 확인하는 데 사용한다.,6190,3,0,3,0,0.0,0.0,1.0,0.0,100.0,76.22333333333334,10.910000000000002,0.9259259259259259,processed\column_split_datasets\02_category_value_subsets\Billing_ZIP\zip_6190_churn.csv
Billing_ZIP,청구 우편번호,고객 청구지 우편번호다. 지역별 이탈 신호를 확인하는 데 사용한다.,6301,3,0,3,0,0.0,0.0,1.0,0.0,100.0,204.39,21.283333333333335,0.8152958152958153,processed\column_split_datasets\02_category_value_subsets\Billing_ZIP\zip_6301_churn.csv
Billing_ZIP,청구 우편번호,고객 청구지 우편번호다. 지역별 이탈 신호를 확인하는 데 사용한다.,6363,3,0,3,0,0.0,0.0,1.0,0.0,100.0,143.44333333333333,20.38,1.0,processed\column_split_datasets\02_category_value_subsets\Billing_ZIP\zip_6363_churn.csv
Billing_ZIP,청구 우편번호,고객 청구지 우편번호다. 지역별 이탈 신호를 확인하는 데 사용한다.,6437,3,0,3,0,0.0,0.0,1.0,0.0,100.0,101.21999999999998,41.31333333333333,0.6851851851851851,processed\column_split_datasets\02_category_value_subsets\Billing_ZIP\zip_6437_churn.csv
Billing_ZIP,청구 우편번호,고객 청구지 우편번호다. 지역별 이탈 신호를 확인하는 데 사용한다.,6563,3,0,3,0,0.0,0.0,1.0,0.0,100.0,127.16666666666667,30.223333333333333,0.6615384615384615,processed\column_split_datasets\02_category_value_subsets\Billing_ZIP\zip_6563_churn.csv
Billing_ZIP,청구 우편번호,고객 청구지 우편번호다. 지역별 이탈 신호를 확인하는 데 사용한다.,6690,3,0,3,0,0.0,0.0,1.0,0.0,100.0,174.5,31.48,1.0,processed\column_split_datasets\02_category_value_subsets\Billing_ZIP\zip_6690_churn.csv
Billing_ZIP,청구 우편번호,고객 청구지 우편번호다. 지역별 이탈 신호를 확인하는 데 사용한다.,6701,3,0,3,0,0.0,0.0,1.0,0.0,100.0,233.38666666666668,84.08333333333333,0.9444444444444445,processed\column_split_datasets\02_category_value_subsets\Billing_ZIP\zip_6701_churn.csv
Billing_ZIP,청구 우편번호,고객 청구지 우편번호다. 지역별 이탈 신호를 확인하는 데 사용한다.,6890,3,0,3,0,0.0,0.0,1.0,0.0,100.0,257.6666666666667,42.54333333333333,0.9333333333333332,processed\column_split_datasets\02_category_value_subsets\Billing_ZIP\zip_6890_churn.csv
Billing_ZIP,청구 우편번호,고객 청구지 우편번호다. 지역별 이탈 신호를 확인하는 데 사용한다.,4251,2,1,1,1,0.5,0.5,0.5,50.0,50.0,70.75,17.535,0.75,processed\column_split_datasets\02_category_value_subsets\Billing_ZIP\zip_4251_churn.csv
Billing_ZIP,청구 우편번호,고객 청구지 우편번호다. 지역별 이탈 신호를 확인하는 데 사용한다.,4363,2,1,1,1,0.5,0.5,0.5,50.0,50.0,328.83,29.36,1.0,processed\column_split_datasets\02_category_value_subsets\Billing_ZIP\zip_4363_churn.csv
Billing_ZIP,청구 우편번호,고객 청구지 우편번호다. 지역별 이탈 신호를 확인하는 데 사용한다.,4632,2,1,1,1,0.5,0.5,0.5,50.0,50.0,67.25,19.354999999999997,0.875,processed\column_split_datasets\02_category_value_subsets\Billing_ZIP\zip_4632_churn.csv
Billing_ZIP,청구 우편번호,고객 청구지 우편번호다. 지역별 이탈 신호를 확인하는 데 사용한다.,4944,2,1,1,1,0.5,0.5,0.5,50.0,50.0,94.83000000000001,34.53,0.5555555555555556,processed\column_split_datasets\02_category_value_subsets\Billing_ZIP\zip_4944_churn.csv
Billing_ZIP,청구 우편번호,고객 청구지 우편번호다. 지역별 이탈 신호를 확인하는 데 사용한다.,6053,2,1,1,1,0.5,0.5,0.5,50.0,50.0,299.66499999999996,24.67,0.7555147058823529,processed\column_split_datasets\02_category_value_subsets\Billing_ZIP\zip_6053_churn.csv
Billing_ZIP,청구 우편번호,고객 청구지 우편번호다. 지역별 이탈 신호를 확인하는 데 사용한다.,6097,2,1,1,1,0.5,0.5,0.5,50.0,50.0,104.25,49.945,0.5227272727272727,processed\column_split_datasets\02_category_value_subsets\Billing_ZIP\zip_6097_churn.csv
Billing_ZIP,청구 우편번호,고객 청구지 우편번호다. 지역별 이탈 신호를 확인하는 데 사용한다.,1142,2,0,2,0,0.0,0.0,1.0,0.0,100.0,65.16499999999999,24.64,0.6666666666666666,processed\column_split_datasets\02_category_value_subsets\Billing_ZIP\zip_1142_churn.csv
Billing_ZIP,청구 우편번호,고객 청구지 우편번호다. 지역별 이탈 신호를 확인하는 데 사용한다.,1618,2,0,2,0,0.0,0.0,1.0,0.0,100.0,203.085,22.435,0.9615384615384616,processed\column_split_datasets\02_category_value_subsets\Billing_ZIP\zip_1618_churn.csv
Billing_ZIP,청구 우편번호,고객 청구지 우편번호다. 지역별 이탈 신호를 확인하는 데 사용한다.,4009,2,0,2,0,0.0,0.0,1.0,0.0,100.0,371.66499999999996,23.86,1.0,processed\column_split_datasets\02_category_value_subsets\Billing_ZIP\zip_4009_churn.csv
Billing_ZIP,청구 우편번호,고객 청구지 우편번호다. 지역별 이탈 신호를 확인하는 데 사용한다.,4111,2,0,2,0,0.0,0.0,1.0,0.0,100.0,123.66499999999999,14.985,0.8875,processed\column_split_datasets\02_category_value_subsets\Billing_ZIP\zip_4111_churn.csv
Billing_ZIP,청구 우편번호,고객 청구지 우편번호다. 지역별 이탈 신호를 확인하는 데 사용한다.,4114,2,0,2,0,0.0,0.0,1.0,0.0,100.0,53.25,35.65,0.46212121212121215,processed\column_split_datasets\02_category_value_subsets\Billing_ZIP\zip_4114_churn.csv
Billing_ZIP,청구 우편번호,고객 청구지 우편번호다. 지역별 이탈 신호를 확인하는 데 사용한다.,4120,2,0,2,0,0.0,0.0,1.0,0.0,100.0,94.66499999999999,11.11,0.9090909090909092,processed\column_split_datasets\02_category_value_subsets\Billing_ZIP\zip_4120_churn.csv
Billing_ZIP,청구 우편번호,고객 청구지 우편번호다. 지역별 이탈 신호를 확인하는 데 사용한다.,4127,2,0,2,0,0.0,0.0,1.0,0.0,100.0,244.085,16.75,0.88,processed\column_split_datasets\02_category_value_subsets\Billing_ZIP\zip_4127_churn.csv
Billing_ZIP,청구 우편번호,고객 청구지 우편번호다. 지역별 이탈 신호를 확인하는 데 사용한다.,4131,2,0,2,0,0.0,0.0,1.0,0.0,100.0,125.5,58.275,0.8,processed\column_split_datasets\02_category_value_subsets\Billing_ZIP\zip_4131_churn.csv
Billing_ZIP,청구 우편번호,고객 청구지 우편번호다. 지역별 이탈 신호를 확인하는 데 사용한다.,4151,2,0,2,0,0.0,0.0,1.0,0.0,100.0,54.585,10.915,1.0,processed\column_split_datasets\02_category_value_subsets\Billing_ZIP\zip_4151_churn.csv
Billing_ZIP,청구 우편번호,고객 청구지 우편번호다. 지역별 이탈 신호를 확인하는 데 사용한다.,4170,2,0,2,0,0.0,0.0,1.0,0.0,100.0,53.835,14.5,1.0,processed\column_split_datasets\02_category_value_subsets\Billing_ZIP\zip_4170_churn.csv
Billing_ZIP,청구 우편번호,고객 청구지 우편번호다. 지역별 이탈 신호를 확인하는 데 사용한다.,4178,2,0,2,0,0.0,0.0,1.0,0.0,100.0,73.0,21.91,0.75,processed\column_split_datasets\02_category_value_subsets\Billing_ZIP\zip_4178_churn.csv
Billing_ZIP,청구 우편번호,고객 청구지 우편번호다. 지역별 이탈 신호를 확인하는 데 사용한다.,4198,2,0,2,0,0.0,0.0,1.0,0.0,100.0,89.25,13.3,1.0,processed\column_split_datasets\02_category_value_subsets\Billing_ZIP\zip_4198_churn.csv
Billing_ZIP,청구 우편번호,고객 청구지 우편번호다. 지역별 이탈 신호를 확인하는 데 사용한다.,4200,2,0,2,0,0.0,0.0,1.0,0.0,100.0,64.16499999999999,32.845,1.0,processed\column_split_datasets\02_category_value_subsets\Billing_ZIP\zip_4200_churn.csv
Billing_ZIP,청구 우편번호,고객 청구지 우편번호다. 지역별 이탈 신호를 확인하는 데 사용한다.,4203,2,0,2,0,0.0,0.0,1.0,0.0,100.0,172.0,15.225000000000001,1.0,processed\column_split_datasets\02_category_value_subsets\Billing_ZIP\zip_4203_churn.csv
Billing_ZIP,청구 우편번호,고객 청구지 우편번호다. 지역별 이탈 신호를 확인하는 데 사용한다.,4205,2,0,2,0,0.0,0.0,1.0,0.0,100.0,248.335,16.545,0.7954545454545454,processed\column_split_datasets\02_category_value_subsets\Billing_ZIP\zip_4205_churn.csv
Billing_ZIP,청구 우편번호,고객 청구지 우편번호다. 지역별 이탈 신호를 확인하는 데 사용한다.,4221,2,0,2,0,0.0,0.0,1.0,0.0,100.0,111.25,24.325,0.9,processed\column_split_datasets\02_category_value_subsets\Billing_ZIP\zip_4221_churn.csv
Billing_ZIP,청구 우편번호,고객 청구지 우편번호다. 지역별 이탈 신호를 확인하는 데 사용한다.,4252,2,0,2,0,0.0,0.0,1.0,0.0,100.0,67.91499999999999,11.76,1.0,processed\column_split_datasets\02_category_value_subsets\Billing_ZIP\zip_4252_churn.csv
Billing_ZIP,청구 우편번호,고객 청구지 우편번호다. 지역별 이탈 신호를 확인하는 데 사용한다.,4262,2,0,2,0,0.0,0.0,1.0,0.0,100.0,57.0,12.465,1.0,processed\column_split_datasets\02_category_value_subsets\Billing_ZIP\zip_4262_churn.csv
Billing_ZIP,청구 우편번호,고객 청구지 우편번호다. 지역별 이탈 신호를 확인하는 데 사용한다.,4290,2,0,2,0,0.0,0.0,1.0,0.0,100.0,54.915,11.3,0.9285714285714286,processed\column_split_datasets\02_category_value_subsets\Billing_ZIP\zip_4290_churn.csv
Billing_ZIP,청구 우편번호,고객 청구지 우편번호다. 지역별 이탈 신호를 확인하는 데 사용한다.,4337,2,0,2,0,0.0,0.0,1.0,0.0,100.0,81.16499999999999,42.5,0.75,processed\column_split_datasets\02_category_value_subsets\Billing_ZIP\zip_4337_churn.csv
Billing_ZIP,청구 우편번호,고객 청구지 우편번호다. 지역별 이탈 신호를 확인하는 데 사용한다.,4405,2,0,2,0,0.0,0.0,1.0,0.0,100.0,110.16499999999999,24.22,0.6875,processed\column_split_datasets\02_category_value_subsets\Billing_ZIP\zip_4405_churn.csv
Billing_ZIP,청구 우편번호,고객 청구지 우편번호다. 지역별 이탈 신호를 확인하는 데 사용한다.,4419,2,0,2,0,0.0,0.0,1.0,0.0,100.0,52.25,38.46,0.20833333333333331,processed\column_split_datasets\02_category_value_subsets\Billing_ZIP\zip_4419_churn.csv
Billing_ZIP,청구 우편번호,고객 청구지 우편번호다. 지역별 이탈 신호를 확인하는 데 사용한다.,4450,2,0,2,0,0.0,0.0,1.0,0.0,100.0,48.165,18.025000000000002,1.0,processed\column_split_datasets\02_category_value_subsets\Billing_ZIP\zip_4450_churn.csv
Billing_ZIP,청구 우편번호,고객 청구지 우편번호다. 지역별 이탈 신호를 확인하는 데 사용한다.,4465,2,0,2,0,0.0,0.0,1.0,0.0,100.0,53.0,17.1,0.8571428571428572,processed\column_split_datasets\02_category_value_subsets\Billing_ZIP\zip_4465_churn.csv
Billing_ZIP,청구 우편번호,고객 청구지 우편번호다. 지역별 이탈 신호를 확인하는 데 사용한다.,4474,2,0,2,0,0.0,0.0,1.0,0.0,100.0,56.42,18.585,0.8333333333333333,processed\column_split_datasets\02_category_value_subsets\Billing_ZIP\zip_4474_churn.csv
Billing_ZIP,청구 우편번호,고객 청구지 우편번호다. 지역별 이탈 신호를 확인하는 데 사용한다.,4480,2,0,2,0,0.0,0.0,1.0,0.0,100.0,257.585,57.72,0.9791666666666667,processed\column_split_datasets\02_category_value_subsets\Billing_ZIP\zip_4480_churn.csv
Billing_ZIP,청구 우편번호,고객 청구지 우편번호다. 지역별 이탈 신호를 확인하는 데 사용한다.,4484,2,0,2,0,0.0,0.0,1.0,0.0,100.0,100.33000000000001,30.634999999999998,1.0,processed\column_split_datasets\02_category_value_subsets\Billing_ZIP\zip_4484_churn.csv
Billing_ZIP,청구 우편번호,고객 청구지 우편번호다. 지역별 이탈 신호를 확인하는 데 사용한다.,4523,2,0,2,0,0.0,0.0,1.0,0.0,100.0,103.58000000000001,28.57,1.0,processed\column_split_datasets\02_category_value_subsets\Billing_ZIP\zip_4523_churn.csv
Billing_ZIP,청구 우편번호,고객 청구지 우편번호다. 지역별 이탈 신호를 확인하는 데 사용한다.,4538,2,0,2,0,0.0,0.0,1.0,0.0,100.0,69.41499999999999,23.23,0.75,processed\column_split_datasets\02_category_value_subsets\Billing_ZIP\zip_4538_churn.csv
Billing_ZIP,청구 우편번호,고객 청구지 우편번호다. 지역별 이탈 신호를 확인하는 데 사용한다.,4582,2,0,2,0,0.0,0.0,1.0,0.0,100.0,68.25,34.13,1.0,processed\column_split_datasets\02_category_value_subsets\Billing_ZIP\zip_4582_churn.csv
Billing_ZIP,청구 우편번호,고객 청구지 우편번호다. 지역별 이탈 신호를 확인하는 데 사용한다.,4855,2,0,2,0,0.0,0.0,1.0,0.0,100.0,98.66999999999999,9.05,0.7833333333333333,processed\column_split_datasets\02_category_value_subsets\Billing_ZIP\zip_4855_churn.csv
Billing_ZIP,청구 우편번호,고객 청구지 우편번호다. 지역별 이탈 신호를 확인하는 데 사용한다.,4950,2,0,2,0,0.0,0.0,1.0,0.0,100.0,59.92,12.785,0.775,processed\column_split_datasets\02_category_value_subsets\Billing_ZIP\zip_4950_churn.csv
Billing_ZIP,청구 우편번호,고객 청구지 우편번호다. 지역별 이탈 신호를 확인하는 데 사용한다.,4997,2,0,2,0,0.0,0.0,1.0,0.0,100.0,191.5,13.17,0.76,processed\column_split_datasets\02_category_value_subsets\Billing_ZIP\zip_4997_churn.csv
Billing_ZIP,청구 우편번호,고객 청구지 우편번호다. 지역별 이탈 신호를 확인하는 데 사용한다.,4998,2,0,2,0,0.0,0.0,1.0,0.0,100.0,209.25,16.025,0.8253968253968254,processed\column_split_datasets\02_category_value_subsets\Billing_ZIP\zip_4998_churn.csv
Billing_ZIP,청구 우편번호,고객 청구지 우편번호다. 지역별 이탈 신호를 확인하는 데 사용한다.,6008,2,0,2,0,0.0,0.0,1.0,0.0,100.0,192.585,33.55,1.0,processed\column_split_datasets\02_category_value_subsets\Billing_ZIP\zip_6008_churn.csv
Billing_ZIP,청구 우편번호,고객 청구지 우편번호다. 지역별 이탈 신호를 확인하는 데 사용한다.,6058,2,0,2,0,0.0,0.0,1.0,0.0,100.0,307.165,17.455000000000002,0.9736842105263157,processed\column_split_datasets\02_category_value_subsets\Billing_ZIP\zip_6058_churn.csv
Billing_ZIP,청구 우편번호,고객 청구지 우편번호다. 지역별 이탈 신호를 확인하는 데 사용한다.,6063,2,0,2,0,0.0,0.0,1.0,0.0,100.0,139.17,52.96,1.0,processed\column_split_datasets\02_category_value_subsets\Billing_ZIP\zip_6063_churn.csv
Billing_ZIP,청구 우편번호,고객 청구지 우편번호다. 지역별 이탈 신호를 확인하는 데 사용한다.,6070,2,0,2,0,0.0,0.0,1.0,0.0,100.0,82.58500000000001,13.870000000000001,1.0,processed\column_split_datasets\02_category_value_subsets\Billing_ZIP\zip_6070_churn.csv
Billing_ZIP,청구 우편번호,고객 청구지 우편번호다. 지역별 이탈 신호를 확인하는 데 사용한다.,6137,2,0,2,0,0.0,0.0,1.0,0.0,100.0,140.16500000000002,12.275,0.9411764705882353,processed\column_split_datasets\02_category_value_subsets\Billing_ZIP\zip_6137_churn.csv
Billing_ZIP,청구 우편번호,고객 청구지 우편번호다. 지역별 이탈 신호를 확인하는 데 사용한다.,6139,2,0,2,0,0.0,0.0,1.0,0.0,100.0,173.58499999999998,19.415,0.898989898989899,processed\column_split_datasets\02_category_value_subsets\Billing_ZIP\zip_6139_churn.csv
Billing_ZIP,청구 우편번호,고객 청구지 우편번호다. 지역별 이탈 신호를 확인하는 데 사용한다.,6151,2,0,2,0,0.0,0.0,1.0,0.0,100.0,120.58000000000001,15.350000000000001,0.8125,processed\column_split_datasets\02_category_value_subsets\Billing_ZIP\zip_6151_churn.csv
Billing_ZIP,청구 우편번호,고객 청구지 우편번호다. 지역별 이탈 신호를 확인하는 데 사용한다.,6162,2,0,2,0,0.0,0.0,1.0,0.0,100.0,155.67,44.615,1.0,processed\column_split_datasets\02_category_value_subsets\Billing_ZIP\zip_6162_churn.csv
Billing_ZIP,청구 우편번호,고객 청구지 우편번호다. 지역별 이탈 신호를 확인하는 데 사용한다.,6165,2,0,2,0,0.0,0.0,1.0,0.0,100.0,89.25,12.24,0.6805555555555556,processed\column_split_datasets\02_category_value_subsets\Billing_ZIP\zip_6165_churn.csv
Billing_ZIP,청구 우편번호,고객 청구지 우편번호다. 지역별 이탈 신호를 확인하는 데 사용한다.,6167,2,0,2,0,0.0,0.0,1.0,0.0,100.0,93.08500000000001,12.495000000000001,0.8214285714285714,processed\column_split_datasets\02_category_value_subsets\Billing_ZIP\zip_6167_churn.csv
Billing_ZIP,청구 우편번호,고객 청구지 우편번호다. 지역별 이탈 신호를 확인하는 데 사용한다.,6175,2,0,2,0,0.0,0.0,1.0,0.0,100.0,171.75,90.64000000000001,0.5555555555555556,processed\column_split_datasets\02_category_value_subsets\Billing_ZIP\zip_6175_churn.csv
Billing_ZIP,청구 우편번호,고객 청구지 우편번호다. 지역별 이탈 신호를 확인하는 데 사용한다.,6220,2,0,2,0,0.0,0.0,1.0,0.0,100.0,182.75,25.544999999999998,0.5583333333333333,processed\column_split_datasets\02_category_value_subsets\Billing_ZIP\zip_6220_churn.csv
Billing_ZIP,청구 우편번호,고객 청구지 우편번호다. 지역별 이탈 신호를 확인하는 데 사용한다.,6230,2,0,2,0,0.0,0.0,1.0,0.0,100.0,283.085,14.120000000000001,0.9516129032258065,processed\column_split_datasets\02_category_value_subsets\Billing_ZIP\zip_6230_churn.csv
Billing_ZIP,청구 우편번호,고객 청구지 우편번호다. 지역별 이탈 신호를 확인하는 데 사용한다.,6290,2,0,2,0,0.0,0.0,1.0,0.0,100.0,96.5,19.25,0.8846153846153846,processed\column_split_datasets\02_category_value_subsets\Billing_ZIP\zip_6290_churn.csv
Billing_ZIP,청구 우편번호,고객 청구지 우편번호다. 지역별 이탈 신호를 확인하는 데 사용한다.,6368,2,0,2,0,0.0,0.0,1.0,0.0,100.0,98.5,12.59,1.0,processed\column_split_datasets\02_category_value_subsets\Billing_ZIP\zip_6368_churn.csv
Billing_ZIP,청구 우편번호,고객 청구지 우편번호다. 지역별 이탈 신호를 확인하는 데 사용한다.,6404,2,0,2,0,0.0,0.0,1.0,0.0,100.0,169.66500000000002,32.67,0.9,processed\column_split_datasets\02_category_value_subsets\Billing_ZIP\zip_6404_churn.csv
Billing_ZIP,청구 우편번호,고객 청구지 우편번호다. 지역별 이탈 신호를 확인하는 데 사용한다.,6420,2,0,2,0,0.0,0.0,1.0,0.0,100.0,140.0,61.335,1.0,processed\column_split_datasets\02_category_value_subsets\Billing_ZIP\zip_6420_churn.csv
Billing_ZIP,청구 우편번호,고객 청구지 우편번호다. 지역별 이탈 신호를 확인하는 데 사용한다.,6558,2,0,2,0,0.0,0.0,1.0,0.0,100.0,176.91500000000002,35.385000000000005,0.8125,processed\column_split_datasets\02_category_value_subsets\Billing_ZIP\zip_6558_churn.csv
Billing_ZIP,청구 우편번호,고객 청구지 우편번호다. 지역별 이탈 신호를 확인하는 데 사용한다.,6647,2,0,2,0,0.0,0.0,1.0,0.0,100.0,139.16500000000002,26.97,0.9285714285714286,processed\column_split_datasets\02_category_value_subsets\Billing_ZIP\zip_6647_churn.csv
Billing_ZIP,청구 우편번호,고객 청구지 우편번호다. 지역별 이탈 신호를 확인하는 데 사용한다.,6649,2,0,2,0,0.0,0.0,1.0,0.0,100.0,107.67,19.52,0.8,processed\column_split_datasets\02_category_value_subsets\Billing_ZIP\zip_6649_churn.csv
Billing_ZIP,청구 우편번호,고객 청구지 우편번호다. 지역별 이탈 신호를 확인하는 데 사용한다.,6771,2,0,2,0,0.0,0.0,1.0,0.0,100.0,153.42,19.835,0.9523809523809523,processed\column_split_datasets\02_category_value_subsets\Billing_ZIP\zip_6771_churn.csv
Billing_ZIP,청구 우편번호,고객 청구지 우편번호다. 지역별 이탈 신호를 확인하는 데 사용한다.,6898,2,0,2,0,0.0,0.0,1.0,0.0,100.0,123.41499999999999,19.715,0.9,processed\column_split_datasets\02_category_value_subsets\Billing_ZIP\zip_6898_churn.csv
Billing_ZIP,청구 우편번호,고객 청구지 우편번호다. 지역별 이탈 신호를 확인하는 데 사용한다.,9300,2,0,2,0,0.0,0.0,1.0,0.0,100.0,220.16500000000002,23.375,0.7564102564102564,processed\column_split_datasets\02_category_value_subsets\Billing_ZIP\zip_9300_churn.csv
Billing_ZIP,청구 우편번호,고객 청구지 우편번호다. 지역별 이탈 신호를 확인하는 데 사용한다.,missing,2,0,2,0,0.0,0.0,1.0,0.0,100.0,129.415,31.060000000000002,1.0,processed\column_split_datasets\02_category_value_subsets\Billing_ZIP\zip_missing_churn.csv
Billing_ZIP,청구 우편번호,고객 청구지 우편번호다. 지역별 이탈 신호를 확인하는 데 사용한다.,1619,1,1,0,1,1.0,1.0,0.0,100.0,0.0,187.67,14.44,0.6190476190476191,processed\column_split_datasets\02_category_value_subsets\Billing_ZIP\zip_1619_churn.csv
Billing_ZIP,청구 우편번호,고객 청구지 우편번호다. 지역별 이탈 신호를 확인하는 데 사용한다.,1784,1,1,0,1,1.0,1.0,0.0,100.0,0.0,169.17,10.57,0.9411764705882353,processed\column_split_datasets\02_category_value_subsets\Billing_ZIP\zip_1784_churn.csv
Billing_ZIP,청구 우편번호,고객 청구지 우편번호다. 지역별 이탈 신호를 확인하는 데 사용한다.,4417,1,1,0,1,1.0,1.0,0.0,100.0,0.0,95.33,19.07,0.5,processed\column_split_datasets\02_category_value_subsets\Billing_ZIP\zip_4417_churn.csv
Billing_ZIP,청구 우편번호,고객 청구지 우편번호다. 지역별 이탈 신호를 확인하는 데 사용한다.,4618,1,1,0,1,1.0,1.0,0.0,100.0,0.0,79.67,39.84,1.0,processed\column_split_datasets\02_category_value_subsets\Billing_ZIP\zip_4618_churn.csv
Billing_ZIP,청구 우편번호,고객 청구지 우편번호다. 지역별 이탈 신호를 확인하는 데 사용한다.,4630,1,1,0,1,1.0,1.0,0.0,100.0,0.0,46.83,23.42,1.0,processed\column_split_datasets\02_category_value_subsets\Billing_ZIP\zip_4630_churn.csv
Billing_ZIP,청구 우편번호,고객 청구지 우편번호다. 지역별 이탈 신호를 확인하는 데 사용한다.,4638,1,1,0,1,1.0,1.0,0.0,100.0,0.0,46.17,23.09,1.0,processed\column_split_datasets\02_category_value_subsets\Billing_ZIP\zip_4638_churn.csv
Billing_ZIP,청구 우편번호,고객 청구지 우편번호다. 지역별 이탈 신호를 확인하는 데 사용한다.,5800,1,1,0,1,1.0,1.0,0.0,100.0,0.0,284.33,10.15,0.9655172413793104,processed\column_split_datasets\02_category_value_subsets\Billing_ZIP\zip_5800_churn.csv
Billing_ZIP,청구 우편번호,고객 청구지 우편번호다. 지역별 이탈 신호를 확인하는 데 사용한다.,6170,1,1,0,1,1.0,1.0,0.0,100.0,0.0,215.5,11.97,0.9473684210526315,processed\column_split_datasets\02_category_value_subsets\Billing_ZIP\zip_6170_churn.csv
Billing_ZIP,청구 우편번호,고객 청구지 우편번호다. 지역별 이탈 신호를 확인하는 데 사용한다.,6264,1,1,0,1,1.0,1.0,0.0,100.0,0.0,496.5,99.3,0.8333333333333334,processed\column_split_datasets\02_category_value_subsets\Billing_ZIP\zip_6264_churn.csv
Billing_ZIP,청구 우편번호,고객 청구지 우편번호다. 지역별 이탈 신호를 확인하는 데 사용한다.,6353,1,1,0,1,1.0,1.0,0.0,100.0,0.0,178.67,29.78,1.0,processed\column_split_datasets\02_category_value_subsets\Billing_ZIP\zip_6353_churn.csv
Billing_ZIP,청구 우편번호,고객 청구지 우편번호다. 지역별 이탈 신호를 확인하는 데 사용한다.,6670,1,1,0,1,1.0,1.0,0.0,100.0,0.0,126.17,9.71,1.0,processed\column_split_datasets\02_category_value_subsets\Billing_ZIP\zip_6670_churn.csv
Billing_ZIP,청구 우편번호,고객 청구지 우편번호다. 지역별 이탈 신호를 확인하는 데 사용한다.,6673,1,1,0,1,1.0,1.0,0.0,100.0,0.0,129.0,21.5,0.8571428571428571,processed\column_split_datasets\02_category_value_subsets\Billing_ZIP\zip_6673_churn.csv
Billing_ZIP,청구 우편번호,고객 청구지 우편번호다. 지역별 이탈 신호를 확인하는 데 사용한다.,6845,1,1,0,1,1.0,1.0,0.0,100.0,0.0,74.0,9.25,0.8888888888888888,processed\column_split_datasets\02_category_value_subsets\Billing_ZIP\zip_6845_churn.csv
Billing_ZIP,청구 우편번호,고객 청구지 우편번호다. 지역별 이탈 신호를 확인하는 데 사용한다.,7800,1,1,0,1,1.0,1.0,0.0,100.0,0.0,276.5,8.92,0.7209302325581395,processed\column_split_datasets\02_category_value_subsets\Billing_ZIP\zip_7800_churn.csv
Billing_ZIP,청구 우편번호,고객 청구지 우편번호다. 지역별 이탈 신호를 확인하는 데 사용한다.,8643,1,1,0,1,1.0,1.0,0.0,100.0,0.0,286.5,13.02,1.0,processed\column_split_datasets\02_category_value_subsets\Billing_ZIP\zip_8643_churn.csv
Billing_ZIP,청구 우편번호,고객 청구지 우편번호다. 지역별 이탈 신호를 확인하는 데 사용한다.,8800,1,1,0,1,1.0,1.0,0.0,100.0,0.0,48.66,11.42,1.0,processed\column_split_datasets\02_category_value_subsets\Billing_ZIP\zip_8800_churn.csv
Billing_ZIP,청구 우편번호,고객 청구지 우편번호다. 지역별 이탈 신호를 확인하는 데 사용한다.,1164,1,0,1,0,0.0,0.0,1.0,0.0,100.0,61.0,10.17,0.8571428571428571,processed\column_split_datasets\02_category_value_subsets\Billing_ZIP\zip_1164_churn.csv
Billing_ZIP,청구 우편번호,고객 청구지 우편번호다. 지역별 이탈 신호를 확인하는 데 사용한다.,1202,1,0,1,0,0.0,0.0,1.0,0.0,100.0,75.67,7.0,0.7142857142857143,processed\column_split_datasets\02_category_value_subsets\Billing_ZIP\zip_1202_churn.csv
Billing_ZIP,청구 우편번호,고객 청구지 우편번호다. 지역별 이탈 신호를 확인하는 데 사용한다.,1233,1,0,1,0,0.0,0.0,1.0,0.0,100.0,149.33,12.44,0.9230769230769231,processed\column_split_datasets\02_category_value_subsets\Billing_ZIP\zip_1233_churn.csv
Billing_ZIP,청구 우편번호,고객 청구지 우편번호다. 지역별 이탈 신호를 확인하는 데 사용한다.,1303,1,0,1,0,0.0,0.0,1.0,0.0,100.0,87.83,17.57,1.0,processed\column_split_datasets\02_category_value_subsets\Billing_ZIP\zip_1303_churn.csv
Billing_ZIP,청구 우편번호,고객 청구지 우편번호다. 지역별 이탈 신호를 확인하는 데 사용한다.,1309,1,0,1,0,0.0,0.0,1.0,0.0,100.0,215.17,15.37,1.0,processed\column_split_datasets\02_category_value_subsets\Billing_ZIP\zip_1309_churn.csv
Billing_ZIP,청구 우편번호,고객 청구지 우편번호다. 지역별 이탈 신호를 확인하는 데 사용한다.,1330,1,0,1,0,0.0,0.0,1.0,0.0,100.0,133.33,19.05,1.0,processed\column_split_datasets\02_category_value_subsets\Billing_ZIP\zip_1330_churn.csv
Billing_ZIP,청구 우편번호,고객 청구지 우편번호다. 지역별 이탈 신호를 확인하는 데 사용한다.,1335,1,0,1,0,0.0,0.0,1.0,0.0,100.0,62.33,12.47,0.5555555555555556,processed\column_split_datasets\02_category_value_subsets\Billing_ZIP\zip_1335_churn.csv
Billing_ZIP,청구 우편번호,고객 청구지 우편번호다. 지역별 이탈 신호를 확인하는 데 사용한다.,1345,1,0,1,0,0.0,0.0,1.0,0.0,100.0,98.33,9.83,0.8333333333333334,processed\column_split_datasets\02_category_value_subsets\Billing_ZIP\zip_1345_churn.csv
Billing_ZIP,청구 우편번호,고객 청구지 우편번호다. 지역별 이탈 신호를 확인하는 데 사용한다.,1407,1,0,1,0,0.0,0.0,1.0,0.0,100.0,380.5,18.12,0.9545454545454546,processed\column_split_datasets\02_category_value_subsets\Billing_ZIP\zip_1407_churn.csv
Billing_ZIP,청구 우편번호,고객 청구지 우편번호다. 지역별 이탈 신호를 확인하는 데 사용한다.,1504,1,0,1,0,0.0,0.0,1.0,0.0,100.0,210.5,37.73,0.625,processed\column_split_datasets\02_category_value_subsets\Billing_ZIP\zip_1504_churn.csv
Billing_ZIP,청구 우편번호,고객 청구지 우편번호다. 지역별 이탈 신호를 확인하는 데 사용한다.,1528,1,0,1,0,0.0,0.0,1.0,0.0,100.0,498.67,18.47,0.54,processed\column_split_datasets\02_category_value_subsets\Billing_ZIP\zip_1528_churn.csv
Billing_ZIP,청구 우편번호,고객 청구지 우편번호다. 지역별 이탈 신호를 확인하는 데 사용한다.,1680,1,0,1,0,0.0,0.0,1.0,0.0,100.0,97.33,24.33,0.4,processed\column_split_datasets\02_category_value_subsets\Billing_ZIP\zip_1680_churn.csv
Billing_ZIP,청구 우편번호,고객 청구지 우편번호다. 지역별 이탈 신호를 확인하는 데 사용한다.,1700,1,0,1,0,0.0,0.0,1.0,0.0,100.0,288.33,41.19,1.0,processed\column_split_datasets\02_category_value_subsets\Billing_ZIP\zip_1700_churn.csv
Billing_ZIP,청구 우편번호,고객 청구지 우편번호다. 지역별 이탈 신호를 확인하는 데 사용한다.,1712,1,0,1,0,0.0,0.0,1.0,0.0,100.0,79.0,13.17,0.8571428571428571,processed\column_split_datasets\02_category_value_subsets\Billing_ZIP\zip_1712_churn.csv
Billing_ZIP,청구 우편번호,고객 청구지 우편번호다. 지역별 이탈 신호를 확인하는 데 사용한다.,1715,1,0,1,0,0.0,0.0,1.0,0.0,100.0,118.83,23.77,1.0,processed\column_split_datasets\02_category_value_subsets\Billing_ZIP\zip_1715_churn.csv
Billing_ZIP,청구 우편번호,고객 청구지 우편번호다. 지역별 이탈 신호를 확인하는 데 사용한다.,1839,1,0,1,0,0.0,0.0,1.0,0.0,100.0,159.0,31.8,1.0,processed\column_split_datasets\02_category_value_subsets\Billing_ZIP\zip_1839_churn.csv
Billing_ZIP,청구 우편번호,고객 청구지 우편번호다. 지역별 이탈 신호를 확인하는 데 사용한다.,2080,1,0,1,0,0.0,0.0,1.0,0.0,100.0,78.0,13.0,0.10909090909090909,processed\column_split_datasets\02_category_value_subsets\Billing_ZIP\zip_2080_churn.csv
Billing_ZIP,청구 우편번호,고객 청구지 우편번호다. 지역별 이탈 신호를 확인하는 데 사용한다.,2100,1,0,1,0,0.0,0.0,1.0,0.0,100.0,475.67,19.36,0.8,processed\column_split_datasets\02_category_value_subsets\Billing_ZIP\zip_2100_churn.csv
Billing_ZIP,청구 우편번호,고객 청구지 우편번호다. 지역별 이탈 신호를 확인하는 데 사용한다.,2240,1,0,1,0,0.0,0.0,1.0,0.0,100.0,397.0,13.69,0.8055555555555556,processed\column_split_datasets\02_category_value_subsets\Billing_ZIP\zip_2240_churn.csv
Billing_ZIP,청구 우편번호,고객 청구지 우편번호다. 지역별 이탈 신호를 확인하는 데 사용한다.,2442,1,0,1,0,0.0,0.0,1.0,0.0,100.0,47.67,11.92,0.6666666666666666,processed\column_split_datasets\02_category_value_subsets\Billing_ZIP\zip_2442_churn.csv
Billing_ZIP,청구 우편번호,고객 청구지 우편번호다. 지역별 이탈 신호를 확인하는 데 사용한다.,2500,1,0,1,0,0.0,0.0,1.0,0.0,100.0,78.0,15.6,0.8333333333333334,processed\column_split_datasets\02_category_value_subsets\Billing_ZIP\zip_2500_churn.csv
Billing_ZIP,청구 우편번호,고객 청구지 우편번호다. 지역별 이탈 신호를 확인하는 데 사용한다.,2875,1,0,1,0,0.0,0.0,1.0,0.0,100.0,244.33,14.37,1.0,processed\column_split_datasets\02_category_value_subsets\Billing_ZIP\zip_2875_churn.csv
Billing_ZIP,청구 우편번호,고객 청구지 우편번호다. 지역별 이탈 신호를 확인하는 데 사용한다.,3241,1,0,1,0,0.0,0.0,1.0,0.0,100.0,468.17,78.03,1.0,processed\column_split_datasets\02_category_value_subsets\Billing_ZIP\zip_3241_churn.csv
Billing_ZIP,청구 우편번호,고객 청구지 우편번호다. 지역별 이탈 신호를 확인하는 데 사용한다.,3500,1,0,1,0,0.0,0.0,1.0,0.0,100.0,244.33,20.36,1.0,processed\column_split_datasets\02_category_value_subsets\Billing_ZIP\zip_3500_churn.csv
Billing_ZIP,청구 우편번호,고객 청구지 우편번호다. 지역별 이탈 신호를 확인하는 데 사용한다.,4007,1,0,1,0,0.0,0.0,1.0,0.0,100.0,131.83,26.37,0.5555555555555556,processed\column_split_datasets\02_category_value_subsets\Billing_ZIP\zip_4007_churn.csv
Billing_ZIP,청구 우편번호,고객 청구지 우편번호다. 지역별 이탈 신호를 확인하는 데 사용한다.,4024,1,0,1,0,0.0,0.0,1.0,0.0,100.0,187.5,15.63,1.0,processed\column_split_datasets\02_category_value_subsets\Billing_ZIP\zip_4024_churn.csv
Billing_ZIP,청구 우편번호,고객 청구지 우편번호다. 지역별 이탈 신호를 확인하는 데 사용한다.,4026,1,0,1,0,0.0,0.0,1.0,0.0,100.0,399.0,22.17,0.6,processed\column_split_datasets\02_category_value_subsets\Billing_ZIP\zip_4026_churn.csv
Billing_ZIP,청구 우편번호,고객 청구지 우편번호다. 지역별 이탈 신호를 확인하는 데 사용한다.,4028,1,0,1,0,0.0,0.0,1.0,0.0,100.0,232.33,23.23,0.8333333333333334,processed\column_split_datasets\02_category_value_subsets\Billing_ZIP\zip_4028_churn.csv
Billing_ZIP,청구 우편번호,고객 청구지 우편번호다. 지역별 이탈 신호를 확인하는 데 사용한다.,4133,1,0,1,0,0.0,0.0,1.0,0.0,100.0,77.83,19.46,1.0,processed\column_split_datasets\02_category_value_subsets\Billing_ZIP\zip_4133_churn.csv
Billing_ZIP,청구 우편번호,고객 청구지 우편번호다. 지역별 이탈 신호를 확인하는 데 사용한다.,4136,1,0,1,0,0.0,0.0,1.0,0.0,100.0,145.5,20.79,1.0,processed\column_split_datasets\02_category_value_subsets\Billing_ZIP\zip_4136_churn.csv
Billing_ZIP,청구 우편번호,고객 청구지 우편번호다. 지역별 이탈 신호를 확인하는 데 사용한다.,4141,1,0,1,0,0.0,0.0,1.0,0.0,100.0,40.67,20.34,1.0,processed\column_split_datasets\02_category_value_subsets\Billing_ZIP\zip_4141_churn.csv
Billing_ZIP,청구 우편번호,고객 청구지 우편번호다. 지역별 이탈 신호를 확인하는 데 사용한다.,4161,1,0,1,0,0.0,0.0,1.0,0.0,100.0,478.5,21.75,1.0,processed\column_split_datasets\02_category_value_subsets\Billing_ZIP\zip_4161_churn.csv
Billing_ZIP,청구 우편번호,고객 청구지 우편번호다. 지역별 이탈 신호를 확인하는 데 사용한다.,4174,1,0,1,0,0.0,0.0,1.0,0.0,100.0,62.83,15.71,1.0,processed\column_split_datasets\02_category_value_subsets\Billing_ZIP\zip_4174_churn.csv
Billing_ZIP,청구 우편번호,고객 청구지 우편번호다. 지역별 이탈 신호를 확인하는 데 사용한다.,4175,1,0,1,0,0.0,0.0,1.0,0.0,100.0,281.17,9.7,0.9333333333333333,processed\column_split_datasets\02_category_value_subsets\Billing_ZIP\zip_4175_churn.csv
Billing_ZIP,청구 우편번호,고객 청구지 우편번호다. 지역별 이탈 신호를 확인하는 데 사용한다.,4179,1,0,1,0,0.0,0.0,1.0,0.0,100.0,163.33,23.33,1.0,processed\column_split_datasets\02_category_value_subsets\Billing_ZIP\zip_4179_churn.csv
Billing_ZIP,청구 우편번호,고객 청구지 우편번호다. 지역별 이탈 신호를 확인하는 데 사용한다.,4187,1,0,1,0,0.0,0.0,1.0,0.0,100.0,116.5,11.65,1.0,processed\column_split_datasets\02_category_value_subsets\Billing_ZIP\zip_4187_churn.csv
Billing_ZIP,청구 우편번호,고객 청구지 우편번호다. 지역별 이탈 신호를 확인하는 데 사용한다.,4191,1,0,1,0,0.0,0.0,1.0,0.0,100.0,49.17,49.17,1.0,processed\column_split_datasets\02_category_value_subsets\Billing_ZIP\zip_4191_churn.csv
Billing_ZIP,청구 우편번호,고객 청구지 우편번호다. 지역별 이탈 신호를 확인하는 데 사용한다.,4192,1,0,1,0,0.0,0.0,1.0,0.0,100.0,78.33,15.67,1.0,processed\column_split_datasets\02_category_value_subsets\Billing_ZIP\zip_4192_churn.csv
Billing_ZIP,청구 우편번호,고객 청구지 우편번호다. 지역별 이탈 신호를 확인하는 데 사용한다.,4193,1,0,1,0,0.0,0.0,1.0,0.0,100.0,66.33,33.17,1.0,processed\column_split_datasets\02_category_value_subsets\Billing_ZIP\zip_4193_churn.csv
Billing_ZIP,청구 우편번호,고객 청구지 우편번호다. 지역별 이탈 신호를 확인하는 데 사용한다.,4207,1,0,1,0,0.0,0.0,1.0,0.0,100.0,253.0,36.14,0.5,processed\column_split_datasets\02_category_value_subsets\Billing_ZIP\zip_4207_churn.csv
Billing_ZIP,청구 우편번호,고객 청구지 우편번호다. 지역별 이탈 신호를 확인하는 데 사용한다.,4208,1,0,1,0,0.0,0.0,1.0,0.0,100.0,41.33,20.67,1.0,processed\column_split_datasets\02_category_value_subsets\Billing_ZIP\zip_4208_churn.csv
Billing_ZIP,청구 우편번호,고객 청구지 우편번호다. 지역별 이탈 신호를 확인하는 데 사용한다.,4213,1,0,1,0,0.0,0.0,1.0,0.0,100.0,279.83,27.98,0.43478260869565216,processed\column_split_datasets\02_category_value_subsets\Billing_ZIP\zip_4213_churn.csv
Billing_ZIP,청구 우편번호,고객 청구지 우편번호다. 지역별 이탈 신호를 확인하는 데 사용한다.,4219,1,0,1,0,0.0,0.0,1.0,0.0,100.0,222.0,22.2,1.0,processed\column_split_datasets\02_category_value_subsets\Billing_ZIP\zip_4219_churn.csv
Billing_ZIP,청구 우편번호,고객 청구지 우편번호다. 지역별 이탈 신호를 확인하는 데 사용한다.,4222,1,0,1,0,0.0,0.0,1.0,0.0,100.0,207.33,25.92,1.0,processed\column_split_datasets\02_category_value_subsets\Billing_ZIP\zip_4222_churn.csv
Billing_ZIP,청구 우편번호,고객 청구지 우편번호다. 지역별 이탈 신호를 확인하는 데 사용한다.,4227,1,0,1,0,0.0,0.0,1.0,0.0,100.0,63.0,12.6,1.0,processed\column_split_datasets\02_category_value_subsets\Billing_ZIP\zip_4227_churn.csv
Billing_ZIP,청구 우편번호,고객 청구지 우편번호다. 지역별 이탈 신호를 확인하는 데 사용한다.,4239,1,0,1,0,0.0,0.0,1.0,0.0,100.0,216.17,10.29,0.84,processed\column_split_datasets\02_category_value_subsets\Billing_ZIP\zip_4239_churn.csv
Billing_ZIP,청구 우편번호,고객 청구지 우편번호다. 지역별 이탈 신호를 확인하는 데 사용한다.,4240,1,0,1,0,0.0,0.0,1.0,0.0,100.0,102.67,12.83,0.8888888888888888,processed\column_split_datasets\02_category_value_subsets\Billing_ZIP\zip_4240_churn.csv
Billing_ZIP,청구 우편번호,고객 청구지 우편번호다. 지역별 이탈 신호를 확인하는 데 사용한다.,4243,1,0,1,0,0.0,0.0,1.0,0.0,100.0,77.0,9.63,1.0,processed\column_split_datasets\02_category_value_subsets\Billing_ZIP\zip_4243_churn.csv
Billing_ZIP,청구 우편번호,고객 청구지 우편번호다. 지역별 이탈 신호를 확인하는 데 사용한다.,4249,1,0,1,0,0.0,0.0,1.0,0.0,100.0,41.17,41.17,1.0,processed\column_split_datasets\02_category_value_subsets\Billing_ZIP\zip_4249_churn.csv
Billing_ZIP,청구 우편번호,고객 청구지 우편번호다. 지역별 이탈 신호를 확인하는 데 사용한다.,4254,1,0,1,0,0.0,0.0,1.0,0.0,100.0,128.67,128.67,1.0,processed\column_split_datasets\02_category_value_subsets\Billing_ZIP\zip_4254_churn.csv
Billing_ZIP,청구 우편번호,고객 청구지 우편번호다. 지역별 이탈 신호를 확인하는 데 사용한다.,4264,1,0,1,0,0.0,0.0,1.0,0.0,100.0,44.33,8.87,1.0,processed\column_split_datasets\02_category_value_subsets\Billing_ZIP\zip_4264_churn.csv
Billing_ZIP,청구 우편번호,고객 청구지 우편번호다. 지역별 이탈 신호를 확인하는 데 사용한다.,4269,1,0,1,0,0.0,0.0,1.0,0.0,100.0,59.5,29.75,1.0,processed\column_split_datasets\02_category_value_subsets\Billing_ZIP\zip_4269_churn.csv
Billing_ZIP,청구 우편번호,고객 청구지 우편번호다. 지역별 이탈 신호를 확인하는 데 사용한다.,4281,1,0,1,0,0.0,0.0,1.0,0.0,100.0,48.17,16.06,1.0,processed\column_split_datasets\02_category_value_subsets\Billing_ZIP\zip_4281_churn.csv
Billing_ZIP,청구 우편번호,고객 청구지 우편번호다. 지역별 이탈 신호를 확인하는 데 사용한다.,4282,1,0,1,0,0.0,0.0,1.0,0.0,100.0,111.67,18.61,0.6666666666666666,processed\column_split_datasets\02_category_value_subsets\Billing_ZIP\zip_4282_churn.csv
Billing_ZIP,청구 우편번호,고객 청구지 우편번호다. 지역별 이탈 신호를 확인하는 데 사용한다.,4283,1,0,1,0,0.0,0.0,1.0,0.0,100.0,133.5,14.83,0.75,processed\column_split_datasets\02_category_value_subsets\Billing_ZIP\zip_4283_churn.csv
Billing_ZIP,청구 우편번호,고객 청구지 우편번호다. 지역별 이탈 신호를 확인하는 데 사용한다.,4295,1,0,1,0,0.0,0.0,1.0,0.0,100.0,84.17,4.95,0.8947368421052632,processed\column_split_datasets\02_category_value_subsets\Billing_ZIP\zip_4295_churn.csv
Billing_ZIP,청구 우편번호,고객 청구지 우편번호다. 지역별 이탈 신호를 확인하는 데 사용한다.,4297,1,0,1,0,0.0,0.0,1.0,0.0,100.0,82.0,20.5,1.0,processed\column_split_datasets\02_category_value_subsets\Billing_ZIP\zip_4297_churn.csv
Billing_ZIP,청구 우편번호,고객 청구지 우편번호다. 지역별 이탈 신호를 확인하는 데 사용한다.,4301,1,0,1,0,0.0,0.0,1.0,0.0,100.0,128.0,32.0,1.0,processed\column_split_datasets\02_category_value_subsets\Billing_ZIP\zip_4301_churn.csv
Billing_ZIP,청구 우편번호,고객 청구지 우편번호다. 지역별 이탈 신호를 확인하는 데 사용한다.,4302,1,0,1,0,0.0,0.0,1.0,0.0,100.0,45.17,9.03,1.0,processed\column_split_datasets\02_category_value_subsets\Billing_ZIP\zip_4302_churn.csv
Billing_ZIP,청구 우편번호,고객 청구지 우편번호다. 지역별 이탈 신호를 확인하는 데 사용한다.,4339,1,0,1,0,0.0,0.0,1.0,0.0,100.0,71.0,23.67,1.0,processed\column_split_datasets\02_category_value_subsets\Billing_ZIP\zip_4339_churn.csv
Billing_ZIP,청구 우편번호,고객 청구지 우편번호다. 지역별 이탈 신호를 확인하는 데 사용한다.,4341,1,0,1,0,0.0,0.0,1.0,0.0,100.0,161.0,10.73,0.8333333333333334,processed\column_split_datasets\02_category_value_subsets\Billing_ZIP\zip_4341_churn.csv
Billing_ZIP,청구 우편번호,고객 청구지 우편번호다. 지역별 이탈 신호를 확인하는 데 사용한다.,4343,1,0,1,0,0.0,0.0,1.0,0.0,100.0,45.5,22.75,1.0,processed\column_split_datasets\02_category_value_subsets\Billing_ZIP\zip_4343_churn.csv
Billing_ZIP,청구 우편번호,고객 청구지 우편번호다. 지역별 이탈 신호를 확인하는 데 사용한다.,4348,1,0,1,0,0.0,0.0,1.0,0.0,100.0,225.5,15.03,0.8823529411764706,processed\column_split_datasets\02_category_value_subsets\Billing_ZIP\zip_4348_churn.csv
Billing_ZIP,청구 우편번호,고객 청구지 우편번호다. 지역별 이탈 신호를 확인하는 데 사용한다.,4350,1,0,1,0,0.0,0.0,1.0,0.0,100.0,52.83,13.21,0.5,processed\column_split_datasets\02_category_value_subsets\Billing_ZIP\zip_4350_churn.csv
Billing_ZIP,청구 우편번호,고객 청구지 우편번호다. 지역별 이탈 신호를 확인하는 데 사용한다.,4357,1,0,1,0,0.0,0.0,1.0,0.0,100.0,91.67,18.33,0.38461538461538464,processed\column_split_datasets\02_category_value_subsets\Billing_ZIP\zip_4357_churn.csv
Billing_ZIP,청구 우편번호,고객 청구지 우편번호다. 지역별 이탈 신호를 확인하는 데 사용한다.,4358,1,0,1,0,0.0,0.0,1.0,0.0,100.0,62.83,15.71,0.36363636363636365,processed\column_split_datasets\02_category_value_subsets\Billing_ZIP\zip_4358_churn.csv
Billing_ZIP,청구 우편번호,고객 청구지 우편번호다. 지역별 이탈 신호를 확인하는 데 사용한다.,4368,1,0,1,0,0.0,0.0,1.0,0.0,100.0,53.5,26.75,0.6666666666666666,processed\column_split_datasets\02_category_value_subsets\Billing_ZIP\zip_4368_churn.csv
Billing_ZIP,청구 우편번호,고객 청구지 우편번호다. 지역별 이탈 신호를 확인하는 데 사용한다.,4404,1,0,1,0,0.0,0.0,1.0,0.0,100.0,42.67,21.34,0.6666666666666666,processed\column_split_datasets\02_category_value_subsets\Billing_ZIP\zip_4404_churn.csv
Billing_ZIP,청구 우편번호,고객 청구지 우편번호다. 지역별 이탈 신호를 확인하는 데 사용한다.,4408,1,0,1,0,0.0,0.0,1.0,0.0,100.0,73.67,12.28,1.0,processed\column_split_datasets\02_category_value_subsets\Billing_ZIP\zip_4408_churn.csv
Billing_ZIP,청구 우편번호,고객 청구지 우편번호다. 지역별 이탈 신호를 확인하는 데 사용한다.,4410,1,0,1,0,0.0,0.0,1.0,0.0,100.0,158.67,10.58,0.9375,processed\column_split_datasets\02_category_value_subsets\Billing_ZIP\zip_4410_churn.csv
Billing_ZIP,청구 우편번호,고객 청구지 우편번호다. 지역별 이탈 신호를 확인하는 데 사용한다.,4411,1,0,1,0,0.0,0.0,1.0,0.0,100.0,47.17,15.72,1.0,processed\column_split_datasets\02_category_value_subsets\Billing_ZIP\zip_4411_churn.csv
Billing_ZIP,청구 우편번호,고객 청구지 우편번호다. 지역별 이탈 신호를 확인하는 데 사용한다.,4414,1,0,1,0,0.0,0.0,1.0,0.0,100.0,59.83,19.94,1.0,processed\column_split_datasets\02_category_value_subsets\Billing_ZIP\zip_4414_churn.csv
Billing_ZIP,청구 우편번호,고객 청구지 우편번호다. 지역별 이탈 신호를 확인하는 데 사용한다.,4415,1,0,1,0,0.0,0.0,1.0,0.0,100.0,55.67,13.92,0.4444444444444444,processed\column_split_datasets\02_category_value_subsets\Billing_ZIP\zip_4415_churn.csv
Billing_ZIP,청구 우편번호,고객 청구지 우편번호다. 지역별 이탈 신호를 확인하는 데 사용한다.,4418,1,0,1,0,0.0,0.0,1.0,0.0,100.0,75.0,25.0,1.0,processed\column_split_datasets\02_category_value_subsets\Billing_ZIP\zip_4418_churn.csv
Billing_ZIP,청구 우편번호,고객 청구지 우편번호다. 지역별 이탈 신호를 확인하는 데 사용한다.,4420,1,0,1,0,0.0,0.0,1.0,0.0,100.0,216.0,30.86,1.0,processed\column_split_datasets\02_category_value_subsets\Billing_ZIP\zip_4420_churn.csv
Billing_ZIP,청구 우편번호,고객 청구지 우편번호다. 지역별 이탈 신호를 확인하는 데 사용한다.,4421,1,0,1,0,0.0,0.0,1.0,0.0,100.0,226.83,75.61,0.42857142857142855,processed\column_split_datasets\02_category_value_subsets\Billing_ZIP\zip_4421_churn.csv
Billing_ZIP,청구 우편번호,고객 청구지 우편번호다. 지역별 이탈 신호를 확인하는 데 사용한다.,4428,1,0,1,0,0.0,0.0,1.0,0.0,100.0,50.0,50.0,0.5,processed\column_split_datasets\02_category_value_subsets\Billing_ZIP\zip_4428_churn.csv
Billing_ZIP,청구 우편번호,고객 청구지 우편번호다. 지역별 이탈 신호를 확인하는 데 사용한다.,4441,1,0,1,0,0.0,0.0,1.0,0.0,100.0,42.5,21.25,1.0,processed\column_split_datasets\02_category_value_subsets\Billing_ZIP\zip_4441_churn.csv
Billing_ZIP,청구 우편번호,고객 청구지 우편번호다. 지역별 이탈 신호를 확인하는 데 사용한다.,4444,1,0,1,0,0.0,0.0,1.0,0.0,100.0,115.33,23.07,0.8333333333333334,processed\column_split_datasets\02_category_value_subsets\Billing_ZIP\zip_4444_churn.csv
Billing_ZIP,청구 우편번호,고객 청구지 우편번호다. 지역별 이탈 신호를 확인하는 데 사용한다.,4451,1,0,1,0,0.0,0.0,1.0,0.0,100.0,299.33,42.76,1.0,processed\column_split_datasets\02_category_value_subsets\Billing_ZIP\zip_4451_churn.csv
Billing_ZIP,청구 우편번호,고객 청구지 우편번호다. 지역별 이탈 신호를 확인하는 데 사용한다.,4452,1,0,1,0,0.0,0.0,1.0,0.0,100.0,142.0,17.75,1.0,processed\column_split_datasets\02_category_value_subsets\Billing_ZIP\zip_4452_churn.csv
Billing_ZIP,청구 우편번호,고객 청구지 우편번호다. 지역별 이탈 신호를 확인하는 데 사용한다.,4463,1,0,1,0,0.0,0.0,1.0,0.0,100.0,67.5,16.88,0.4,processed\column_split_datasets\02_category_value_subsets\Billing_ZIP\zip_4463_churn.csv
Billing_ZIP,청구 우편번호,고객 청구지 우편번호다. 지역별 이탈 신호를 확인하는 데 사용한다.,4468,1,0,1,0,0.0,0.0,1.0,0.0,100.0,41.67,20.84,1.0,processed\column_split_datasets\02_category_value_subsets\Billing_ZIP\zip_4468_churn.csv
Billing_ZIP,청구 우편번호,고객 청구지 우편번호다. 지역별 이탈 신호를 확인하는 데 사용한다.,4477,1,0,1,0,0.0,0.0,1.0,0.0,100.0,388.67,22.86,1.0,processed\column_split_datasets\02_category_value_subsets\Billing_ZIP\zip_4477_churn.csv
Billing_ZIP,청구 우편번호,고객 청구지 우편번호다. 지역별 이탈 신호를 확인하는 데 사용한다.,4481,1,0,1,0,0.0,0.0,1.0,0.0,100.0,66.83,22.28,1.0,processed\column_split_datasets\02_category_value_subsets\Billing_ZIP\zip_4481_churn.csv
Billing_ZIP,청구 우편번호,고객 청구지 우편번호다. 지역별 이탈 신호를 확인하는 데 사용한다.,4491,1,0,1,0,0.0,0.0,1.0,0.0,100.0,68.0,68.0,0.14285714285714285,processed\column_split_datasets\02_category_value_subsets\Billing_ZIP\zip_4491_churn.csv
Billing_ZIP,청구 우편번호,고객 청구지 우편번호다. 지역별 이탈 신호를 확인하는 데 사용한다.,4493,1,0,1,0,0.0,0.0,1.0,0.0,100.0,79.0,9.88,0.8888888888888888,processed\column_split_datasets\02_category_value_subsets\Billing_ZIP\zip_4493_churn.csv
Billing_ZIP,청구 우편번호,고객 청구지 우편번호다. 지역별 이탈 신호를 확인하는 데 사용한다.,4535,1,0,1,0,0.0,0.0,1.0,0.0,100.0,199.17,49.79,0.8,processed\column_split_datasets\02_category_value_subsets\Billing_ZIP\zip_4535_churn.csv
Billing_ZIP,청구 우편번호,고객 청구지 우편번호다. 지역별 이탈 신호를 확인하는 데 사용한다.,4583,1,0,1,0,0.0,0.0,1.0,0.0,100.0,53.17,53.17,0.5,processed\column_split_datasets\02_category_value_subsets\Billing_ZIP\zip_4583_churn.csv
Billing_ZIP,청구 우편번호,고객 청구지 우편번호다. 지역별 이탈 신호를 확인하는 데 사용한다.,4584,1,0,1,0,0.0,0.0,1.0,0.0,100.0,144.17,20.6,1.0,processed\column_split_datasets\02_category_value_subsets\Billing_ZIP\zip_4584_churn.csv
Billing_ZIP,청구 우편번호,고객 청구지 우편번호다. 지역별 이탈 신호를 확인하는 데 사용한다.,4587,1,0,1,0,0.0,0.0,1.0,0.0,100.0,192.17,16.01,1.0,processed\column_split_datasets\02_category_value_subsets\Billing_ZIP\zip_4587_churn.csv
Billing_ZIP,청구 우편번호,고객 청구지 우편번호다. 지역별 이탈 신호를 확인하는 데 사용한다.,4590,1,0,1,0,0.0,0.0,1.0,0.0,100.0,54.0,9.0,0.8571428571428571,processed\column_split_datasets\02_category_value_subsets\Billing_ZIP\zip_4590_churn.csv
Billing_ZIP,청구 우편번호,고객 청구지 우편번호다. 지역별 이탈 신호를 확인하는 데 사용한다.,4642,1,0,1,0,0.0,0.0,1.0,0.0,100.0,222.33,37.06,1.0,processed\column_split_datasets\02_category_value_subsets\Billing_ZIP\zip_4642_churn.csv
Billing_ZIP,청구 우편번호,고객 청구지 우편번호다. 지역별 이탈 신호를 확인하는 데 사용한다.,4645,1,0,1,0,0.0,0.0,1.0,0.0,100.0,89.67,22.42,1.0,processed\column_split_datasets\02_category_value_subsets\Billing_ZIP\zip_4645_churn.csv
Billing_ZIP,청구 우편번호,고객 청구지 우편번호다. 지역별 이탈 신호를 확인하는 데 사용한다.,4743,1,0,1,0,0.0,0.0,1.0,0.0,100.0,42.67,21.34,1.0,processed\column_split_datasets\02_category_value_subsets\Billing_ZIP\zip_4743_churn.csv
Billing_ZIP,청구 우편번호,고객 청구지 우편번호다. 지역별 이탈 신호를 확인하는 데 사용한다.,4752,1,0,1,0,0.0,0.0,1.0,0.0,100.0,450.5,32.18,0.9333333333333333,processed\column_split_datasets\02_category_value_subsets\Billing_ZIP\zip_4752_churn.csv
Billing_ZIP,청구 우편번호,고객 청구지 우편번호다. 지역별 이탈 신호를 확인하는 데 사용한다.,4794,1,0,1,0,0.0,0.0,1.0,0.0,100.0,108.0,108.0,0.25,processed\column_split_datasets\02_category_value_subsets\Billing_ZIP\zip_4794_churn.csv
Billing_ZIP,청구 우편번호,고객 청구지 우편번호다. 지역별 이탈 신호를 확인하는 데 사용한다.,4801,1,0,1,0,0.0,0.0,1.0,0.0,100.0,52.33,26.17,0.2857142857142857,processed\column_split_datasets\02_category_value_subsets\Billing_ZIP\zip_4801_churn.csv
Billing_ZIP,청구 우편번호,고객 청구지 우편번호다. 지역별 이탈 신호를 확인하는 데 사용한다.,4825,1,0,1,0,0.0,0.0,1.0,0.0,100.0,455.83,16.88,0.9310344827586207,processed\column_split_datasets\02_category_value_subsets\Billing_ZIP\zip_4825_churn.csv
Billing_ZIP,청구 우편번호,고객 청구지 우편번호다. 지역별 이탈 신호를 확인하는 데 사용한다.,4834,1,0,1,0,0.0,0.0,1.0,0.0,100.0,171.0,11.4,1.0,processed\column_split_datasets\02_category_value_subsets\Billing_ZIP\zip_4834_churn.csv
Billing_ZIP,청구 우편번호,고객 청구지 우편번호다. 지역별 이탈 신호를 확인하는 데 사용한다.,4836,1,0,1,0,0.0,0.0,1.0,0.0,100.0,89.2,9.91,1.0,processed\column_split_datasets\02_category_value_subsets\Billing_ZIP\zip_4836_churn.csv
Billing_ZIP,청구 우편번호,고객 청구지 우편번호다. 지역별 이탈 신호를 확인하는 데 사용한다.,4877,1,0,1,0,0.0,0.0,1.0,0.0,100.0,87.67,29.22,0.6,processed\column_split_datasets\02_category_value_subsets\Billing_ZIP\zip_4877_churn.csv
Billing_ZIP,청구 우편번호,고객 청구지 우편번호다. 지역별 이탈 신호를 확인하는 데 사용한다.,4889,1,0,1,0,0.0,0.0,1.0,0.0,100.0,107.5,13.44,1.0,processed\column_split_datasets\02_category_value_subsets\Billing_ZIP\zip_4889_churn.csv
Billing_ZIP,청구 우편번호,고객 청구지 우편번호다. 지역별 이탈 신호를 확인하는 데 사용한다.,4890,1,0,1,0,0.0,0.0,1.0,0.0,100.0,293.67,24.47,0.6,processed\column_split_datasets\02_category_value_subsets\Billing_ZIP\zip_4890_churn.csv
Billing_ZIP,청구 우편번호,고객 청구지 우편번호다. 지역별 이탈 신호를 확인하는 데 사용한다.,4935,1,0,1,0,0.0,0.0,1.0,0.0,100.0,96.33,32.11,0.6,processed\column_split_datasets\02_category_value_subsets\Billing_ZIP\zip_4935_churn.csv
Billing_ZIP,청구 우편번호,고객 청구지 우편번호다. 지역별 이탈 신호를 확인하는 데 사용한다.,4942,1,0,1,0,0.0,0.0,1.0,0.0,100.0,50.17,25.09,1.0,processed\column_split_datasets\02_category_value_subsets\Billing_ZIP\zip_4942_churn.csv
Billing_ZIP,청구 우편번호,고객 청구지 우편번호다. 지역별 이탈 신호를 확인하는 데 사용한다.,4948,1,0,1,0,0.0,0.0,1.0,0.0,100.0,285.0,35.63,1.0,processed\column_split_datasets\02_category_value_subsets\Billing_ZIP\zip_4948_churn.csv
Billing_ZIP,청구 우편번호,고객 청구지 우편번호다. 지역별 이탈 신호를 확인하는 데 사용한다.,4958,1,0,1,0,0.0,0.0,1.0,0.0,100.0,77.33,11.05,1.0,processed\column_split_datasets\02_category_value_subsets\Billing_ZIP\zip_4958_churn.csv
Billing_ZIP,청구 우편번호,고객 청구지 우편번호다. 지역별 이탈 신호를 확인하는 데 사용한다.,4970,1,0,1,0,0.0,0.0,1.0,0.0,100.0,122.67,30.67,1.0,processed\column_split_datasets\02_category_value_subsets\Billing_ZIP\zip_4970_churn.csv
Billing_ZIP,청구 우편번호,고객 청구지 우편번호다. 지역별 이탈 신호를 확인하는 데 사용한다.,4974,1,0,1,0,0.0,0.0,1.0,0.0,100.0,312.67,13.59,0.8214285714285714,processed\column_split_datasets\02_category_value_subsets\Billing_ZIP\zip_4974_churn.csv
Billing_ZIP,청구 우편번호,고객 청구지 우편번호다. 지역별 이탈 신호를 확인하는 데 사용한다.,4976,1,0,1,0,0.0,0.0,1.0,0.0,100.0,67.5,6.14,0.7857142857142857,processed\column_split_datasets\02_category_value_subsets\Billing_ZIP\zip_4976_churn.csv
Billing_ZIP,청구 우편번호,고객 청구지 우편번호다. 지역별 이탈 신호를 확인하는 데 사용한다.,4983,1,0,1,0,0.0,0.0,1.0,0.0,100.0,72.67,10.38,1.0,processed\column_split_datasets\02_category_value_subsets\Billing_ZIP\zip_4983_churn.csv
Billing_ZIP,청구 우편번호,고객 청구지 우편번호다. 지역별 이탈 신호를 확인하는 데 사용한다.,4994,1,0,1,0,0.0,0.0,1.0,0.0,100.0,56.0,9.33,0.6,processed\column_split_datasets\02_category_value_subsets\Billing_ZIP\zip_4994_churn.csv
Billing_ZIP,청구 우편번호,고객 청구지 우편번호다. 지역별 이탈 신호를 확인하는 데 사용한다.,4999,1,0,1,0,0.0,0.0,1.0,0.0,100.0,88.5,12.64,0.875,processed\column_split_datasets\02_category_value_subsets\Billing_ZIP\zip_4999_churn.csv
Billing_ZIP,청구 우편번호,고객 청구지 우편번호다. 지역별 이탈 신호를 확인하는 데 사용한다.,5000,1,0,1,0,0.0,0.0,1.0,0.0,100.0,356.83,19.82,0.6,processed\column_split_datasets\02_category_value_subsets\Billing_ZIP\zip_5000_churn.csv
Billing_ZIP,청구 우편번호,고객 청구지 우편번호다. 지역별 이탈 신호를 확인하는 데 사용한다.,5140,1,0,1,0,0.0,0.0,1.0,0.0,100.0,304.67,76.17,1.0,processed\column_split_datasets\02_category_value_subsets\Billing_ZIP\zip_5140_churn.csv
Billing_ZIP,청구 우편번호,고객 청구지 우편번호다. 지역별 이탈 신호를 확인하는 데 사용한다.,5400,1,0,1,0,0.0,0.0,1.0,0.0,100.0,77.0,12.83,1.0,processed\column_split_datasets\02_category_value_subsets\Billing_ZIP\zip_5400_churn.csv
Billing_ZIP,청구 우편번호,고객 청구지 우편번호다. 지역별 이탈 신호를 확인하는 데 사용한다.,5780,1,0,1,0,0.0,0.0,1.0,0.0,100.0,365.33,182.67,1.0,processed\column_split_datasets\02_category_value_subsets\Billing_ZIP\zip_5780_churn.csv
Billing_ZIP,청구 우편번호,고객 청구지 우편번호다. 지역별 이탈 신호를 확인하는 데 사용한다.,6045,1,0,1,0,0.0,0.0,1.0,0.0,100.0,477.83,34.13,1.0,processed\column_split_datasets\02_category_value_subsets\Billing_ZIP\zip_6045_churn.csv
Billing_ZIP,청구 우편번호,고객 청구지 우편번호다. 지역별 이탈 신호를 확인하는 데 사용한다.,6049,1,0,1,0,0.0,0.0,1.0,0.0,100.0,90.5,22.63,1.0,processed\column_split_datasets\02_category_value_subsets\Billing_ZIP\zip_6049_churn.csv
Billing_ZIP,청구 우편번호,고객 청구지 우편번호다. 지역별 이탈 신호를 확인하는 데 사용한다.,6052,1,0,1,0,0.0,0.0,1.0,0.0,100.0,187.33,18.73,1.0,processed\column_split_datasets\02_category_value_subsets\Billing_ZIP\zip_6052_churn.csv
Billing_ZIP,청구 우편번호,고객 청구지 우편번호다. 지역별 이탈 신호를 확인하는 데 사용한다.,6056,1,0,1,0,0.0,0.0,1.0,0.0,100.0,90.5,30.17,0.75,processed\column_split_datasets\02_category_value_subsets\Billing_ZIP\zip_6056_churn.csv
Billing_ZIP,청구 우편번호,고객 청구지 우편번호다. 지역별 이탈 신호를 확인하는 데 사용한다.,6057,1,0,1,0,0.0,0.0,1.0,0.0,100.0,154.0,10.27,1.0,processed\column_split_datasets\02_category_value_subsets\Billing_ZIP\zip_6057_churn.csv
Billing_ZIP,청구 우편번호,고객 청구지 우편번호다. 지역별 이탈 신호를 확인하는 데 사용한다.,6059,1,0,1,0,0.0,0.0,1.0,0.0,100.0,281.17,17.57,0.8421052631578947,processed\column_split_datasets\02_category_value_subsets\Billing_ZIP\zip_6059_churn.csv
Billing_ZIP,청구 우편번호,고객 청구지 우편번호다. 지역별 이탈 신호를 확인하는 데 사용한다.,6061,1,0,1,0,0.0,0.0,1.0,0.0,100.0,66.17,13.23,1.0,processed\column_split_datasets\02_category_value_subsets\Billing_ZIP\zip_6061_churn.csv
Billing_ZIP,청구 우편번호,고객 청구지 우편번호다. 지역별 이탈 신호를 확인하는 데 사용한다.,6064,1,0,1,0,0.0,0.0,1.0,0.0,100.0,439.83,17.59,0.8333333333333334,processed\column_split_datasets\02_category_value_subsets\Billing_ZIP\zip_6064_churn.csv
Billing_ZIP,청구 우편번호,고객 청구지 우편번호다. 지역별 이탈 신호를 확인하는 데 사용한다.,6091,1,0,1,0,0.0,0.0,1.0,0.0,100.0,42.17,8.43,1.0,processed\column_split_datasets\02_category_value_subsets\Billing_ZIP\zip_6091_churn.csv
Billing_ZIP,청구 우편번호,고객 청구지 우편번호다. 지역별 이탈 신호를 확인하는 데 사용한다.,6102,1,0,1,0,0.0,0.0,1.0,0.0,100.0,238.17,18.32,0.65,processed\column_split_datasets\02_category_value_subsets\Billing_ZIP\zip_6102_churn.csv
Billing_ZIP,청구 우편번호,고객 청구지 우편번호다. 지역별 이탈 신호를 확인하는 데 사용한다.,6103,1,0,1,0,0.0,0.0,1.0,0.0,100.0,91.83,30.0,0.07692307692307693,processed\column_split_datasets\02_category_value_subsets\Billing_ZIP\zip_6103_churn.csv
Billing_ZIP,청구 우편번호,고객 청구지 우편번호다. 지역별 이탈 신호를 확인하는 데 사용한다.,6141,1,0,1,0,0.0,0.0,1.0,0.0,100.0,186.17,15.51,0.8571428571428571,processed\column_split_datasets\02_category_value_subsets\Billing_ZIP\zip_6141_churn.csv
Billing_ZIP,청구 우편번호,고객 청구지 우편번호다. 지역별 이탈 신호를 확인하는 데 사용한다.,6145,1,0,1,0,0.0,0.0,1.0,0.0,100.0,148.0,14.8,0.8333333333333334,processed\column_split_datasets\02_category_value_subsets\Billing_ZIP\zip_6145_churn.csv
Billing_ZIP,청구 우편번호,고객 청구지 우편번호다. 지역별 이탈 신호를 확인하는 데 사용한다.,6148,1,0,1,0,0.0,0.0,1.0,0.0,100.0,105.0,11.67,1.0,processed\column_split_datasets\02_category_value_subsets\Billing_ZIP\zip_6148_churn.csv
Billing_ZIP,청구 우편번호,고객 청구지 우편번호다. 지역별 이탈 신호를 확인하는 데 사용한다.,6149,1,0,1,0,0.0,0.0,1.0,0.0,100.0,100.83,20.17,1.0,processed\column_split_datasets\02_category_value_subsets\Billing_ZIP\zip_6149_churn.csv
Billing_ZIP,청구 우편번호,고객 청구지 우편번호다. 지역별 이탈 신호를 확인하는 데 사용한다.,6150,1,0,1,0,0.0,0.0,1.0,0.0,100.0,101.5,11.28,1.0,processed\column_split_datasets\02_category_value_subsets\Billing_ZIP\zip_6150_churn.csv
Billing_ZIP,청구 우편번호,고객 청구지 우편번호다. 지역별 이탈 신호를 확인하는 데 사용한다.,6152,1,0,1,0,0.0,0.0,1.0,0.0,100.0,117.0,29.25,0.8,processed\column_split_datasets\02_category_value_subsets\Billing_ZIP\zip_6152_churn.csv
Billing_ZIP,청구 우편번호,고객 청구지 우편번호다. 지역별 이탈 신호를 확인하는 데 사용한다.,6153,1,0,1,0,0.0,0.0,1.0,0.0,100.0,175.83,15.98,0.9166666666666666,processed\column_split_datasets\02_category_value_subsets\Billing_ZIP\zip_6153_churn.csv
Billing_ZIP,청구 우편번호,고객 청구지 우편번호다. 지역별 이탈 신호를 확인하는 데 사용한다.,6171,1,0,1,0,0.0,0.0,1.0,0.0,100.0,69.67,13.93,0.625,processed\column_split_datasets\02_category_value_subsets\Billing_ZIP\zip_6171_churn.csv
Billing_ZIP,청구 우편번호,고객 청구지 우편번호다. 지역별 이탈 신호를 확인하는 데 사용한다.,6172,1,0,1,0,0.0,0.0,1.0,0.0,100.0,85.33,17.07,0.8333333333333334,processed\column_split_datasets\02_category_value_subsets\Billing_ZIP\zip_6172_churn.csv
Billing_ZIP,청구 우편번호,고객 청구지 우편번호다. 지역별 이탈 신호를 확인하는 데 사용한다.,6215,1,0,1,0,0.0,0.0,1.0,0.0,100.0,347.0,19.28,1.0,processed\column_split_datasets\02_category_value_subsets\Billing_ZIP\zip_6215_churn.csv
Billing_ZIP,청구 우편번호,고객 청구지 우편번호다. 지역별 이탈 신호를 확인하는 데 사용한다.,6218,1,0,1,0,0.0,0.0,1.0,0.0,100.0,105.0,105.0,0.1111111111111111,processed\column_split_datasets\02_category_value_subsets\Billing_ZIP\zip_6218_churn.csv
Billing_ZIP,청구 우편번호,고객 청구지 우편번호다. 지역별 이탈 신호를 확인하는 데 사용한다.,6238,1,0,1,0,0.0,0.0,1.0,0.0,100.0,190.17,12.68,0.9375,processed\column_split_datasets\02_category_value_subsets\Billing_ZIP\zip_6238_churn.csv
Billing_ZIP,청구 우편번호,고객 청구지 우편번호다. 지역별 이탈 신호를 확인하는 데 사용한다.,6258,1,0,1,0,0.0,0.0,1.0,0.0,100.0,124.33,10.36,0.5714285714285714,processed\column_split_datasets\02_category_value_subsets\Billing_ZIP\zip_6258_churn.csv
Billing_ZIP,청구 우편번호,고객 청구지 우편번호다. 지역별 이탈 신호를 확인하는 데 사용한다.,6266,1,0,1,0,0.0,0.0,1.0,0.0,100.0,202.83,33.81,0.75,processed\column_split_datasets\02_category_value_subsets\Billing_ZIP\zip_6266_churn.csv
Billing_ZIP,청구 우편번호,고객 청구지 우편번호다. 지역별 이탈 신호를 확인하는 데 사용한다.,6269,1,0,1,0,0.0,0.0,1.0,0.0,100.0,323.33,16.17,0.9523809523809523,processed\column_split_datasets\02_category_value_subsets\Billing_ZIP\zip_6269_churn.csv
Billing_ZIP,청구 우편번호,고객 청구지 우편번호다. 지역별 이탈 신호를 확인하는 데 사용한다.,6270,1,0,1,0,0.0,0.0,1.0,0.0,100.0,68.17,13.63,1.0,processed\column_split_datasets\02_category_value_subsets\Billing_ZIP\zip_6270_churn.csv
Billing_ZIP,청구 우편번호,고객 청구지 우편번호다. 지역별 이탈 신호를 확인하는 데 사용한다.,6272,1,0,1,0,0.0,0.0,1.0,0.0,100.0,148.83,16.54,0.6,processed\column_split_datasets\02_category_value_subsets\Billing_ZIP\zip_6272_churn.csv
Billing_ZIP,청구 우편번호,고객 청구지 우편번호다. 지역별 이탈 신호를 확인하는 데 사용한다.,6275,1,0,1,0,0.0,0.0,1.0,0.0,100.0,115.33,11.53,1.0,processed\column_split_datasets\02_category_value_subsets\Billing_ZIP\zip_6275_churn.csv
Billing_ZIP,청구 우편번호,고객 청구지 우편번호다. 지역별 이탈 신호를 확인하는 데 사용한다.,6279,1,0,1,0,0.0,0.0,1.0,0.0,100.0,221.17,22.12,0.8333333333333334,processed\column_split_datasets\02_category_value_subsets\Billing_ZIP\zip_6279_churn.csv
Billing_ZIP,청구 우편번호,고객 청구지 우편번호다. 지역별 이탈 신호를 확인하는 데 사용한다.,6285,1,0,1,0,0.0,0.0,1.0,0.0,100.0,121.0,24.2,0.7142857142857143,processed\column_split_datasets\02_category_value_subsets\Billing_ZIP\zip_6285_churn.csv
Billing_ZIP,청구 우편번호,고객 청구지 우편번호다. 지역별 이탈 신호를 확인하는 데 사용한다.,6292,1,0,1,0,0.0,0.0,1.0,0.0,100.0,65.17,21.72,1.0,processed\column_split_datasets\02_category_value_subsets\Billing_ZIP\zip_6292_churn.csv
Billing_ZIP,청구 우편번호,고객 청구지 우편번호다. 지역별 이탈 신호를 확인하는 데 사용한다.,6310,1,0,1,0,0.0,0.0,1.0,0.0,100.0,41.33,10.33,1.0,processed\column_split_datasets\02_category_value_subsets\Billing_ZIP\zip_6310_churn.csv
Billing_ZIP,청구 우편번호,고객 청구지 우편번호다. 지역별 이탈 신호를 확인하는 데 사용한다.,6372,1,0,1,0,0.0,0.0,1.0,0.0,100.0,63.0,9.0,0.5833333333333334,processed\column_split_datasets\02_category_value_subsets\Billing_ZIP\zip_6372_churn.csv
Billing_ZIP,청구 우편번호,고객 청구지 우편번호다. 지역별 이탈 신호를 확인하는 데 사용한다.,6380,1,0,1,0,0.0,0.0,1.0,0.0,100.0,373.83,37.38,1.0,processed\column_split_datasets\02_category_value_subsets\Billing_ZIP\zip_6380_churn.csv
Billing_ZIP,청구 우편번호,고객 청구지 우편번호다. 지역별 이탈 신호를 확인하는 데 사용한다.,6430,1,0,1,0,0.0,0.0,1.0,0.0,100.0,60.67,30.34,1.0,processed\column_split_datasets\02_category_value_subsets\Billing_ZIP\zip_6430_churn.csv
Billing_ZIP,청구 우편번호,고객 청구지 우편번호다. 지역별 이탈 신호를 확인하는 데 사용한다.,6432,1,0,1,0,0.0,0.0,1.0,0.0,100.0,141.5,23.58,0.8571428571428571,processed\column_split_datasets\02_category_value_subsets\Billing_ZIP\zip_6432_churn.csv
Billing_ZIP,청구 우편번호,고객 청구지 우편번호다. 지역별 이탈 신호를 확인하는 데 사용한다.,6440,1,0,1,0,0.0,0.0,1.0,0.0,100.0,78.83,15.77,0.7142857142857143,processed\column_split_datasets\02_category_value_subsets\Billing_ZIP\zip_6440_churn.csv
Billing_ZIP,청구 우편번호,고객 청구지 우편번호다. 지역별 이탈 신호를 확인하는 데 사용한다.,6442,1,0,1,0,0.0,0.0,1.0,0.0,100.0,88.83,12.69,0.7,processed\column_split_datasets\02_category_value_subsets\Billing_ZIP\zip_6442_churn.csv
Billing_ZIP,청구 우편번호,고객 청구지 우편번호다. 지역별 이탈 신호를 확인하는 데 사용한다.,6460,1,0,1,0,0.0,0.0,1.0,0.0,100.0,51.33,12.83,1.0,processed\column_split_datasets\02_category_value_subsets\Billing_ZIP\zip_6460_churn.csv
Billing_ZIP,청구 우편번호,고객 청구지 우편번호다. 지역별 이탈 신호를 확인하는 데 사용한다.,6465,1,0,1,0,0.0,0.0,1.0,0.0,100.0,63.17,12.63,0.8333333333333334,processed\column_split_datasets\02_category_value_subsets\Billing_ZIP\zip_6465_churn.csv
Billing_ZIP,청구 우편번호,고객 청구지 우편번호다. 지역별 이탈 신호를 확인하는 데 사용한다.,6480,1,0,1,0,0.0,0.0,1.0,0.0,100.0,430.33,14.84,1.0,processed\column_split_datasets\02_category_value_subsets\Billing_ZIP\zip_6480_churn.csv
Billing_ZIP,청구 우편번호,고객 청구지 우편번호다. 지역별 이탈 신호를 확인하는 데 사용한다.,6530,1,0,1,0,0.0,0.0,1.0,0.0,100.0,67.17,13.43,0.8333333333333334,processed\column_split_datasets\02_category_value_subsets\Billing_ZIP\zip_6530_churn.csv
Billing_ZIP,청구 우편번호,고객 청구지 우편번호다. 지역별 이탈 신호를 확인하는 데 사용한다.,6568,1,0,1,0,0.0,0.0,1.0,0.0,100.0,87.33,10.92,1.0,processed\column_split_datasets\02_category_value_subsets\Billing_ZIP\zip_6568_churn.csv
Billing_ZIP,청구 우편번호,고객 청구지 우편번호다. 지역별 이탈 신호를 확인하는 데 사용한다.,6607,1,0,1,0,0.0,0.0,1.0,0.0,100.0,85.17,17.03,1.0,processed\column_split_datasets\02_category_value_subsets\Billing_ZIP\zip_6607_churn.csv
Billing_ZIP,청구 우편번호,고객 청구지 우편번호다. 지역별 이탈 신호를 확인하는 데 사용한다.,6631,1,0,1,0,0.0,0.0,1.0,0.0,100.0,105.17,26.29,1.0,processed\column_split_datasets\02_category_value_subsets\Billing_ZIP\zip_6631_churn.csv
Billing_ZIP,청구 우편번호,고객 청구지 우편번호다. 지역별 이탈 신호를 확인하는 데 사용한다.,6641,1,0,1,0,0.0,0.0,1.0,0.0,100.0,267.83,33.48,1.0,processed\column_split_datasets\02_category_value_subsets\Billing_ZIP\zip_6641_churn.csv
Billing_ZIP,청구 우편번호,고객 청구지 우편번호다. 지역별 이탈 신호를 확인하는 데 사용한다.,6826,1,0,1,0,0.0,0.0,1.0,0.0,100.0,93.83,15.64,0.75,processed\column_split_datasets\02_category_value_subsets\Billing_ZIP\zip_6826_churn.csv
Billing_ZIP,청구 우편번호,고객 청구지 우편번호다. 지역별 이탈 신호를 확인하는 데 사용한다.,6830,1,0,1,0,0.0,0.0,1.0,0.0,100.0,56.5,56.5,0.5,processed\column_split_datasets\02_category_value_subsets\Billing_ZIP\zip_6830_churn.csv
Billing_ZIP,청구 우편번호,고객 청구지 우편번호다. 지역별 이탈 신호를 확인하는 데 사용한다.,6858,1,0,1,0,0.0,0.0,1.0,0.0,100.0,119.17,8.51,0.4375,processed\column_split_datasets\02_category_value_subsets\Billing_ZIP\zip_6858_churn.csv
Billing_ZIP,청구 우편번호,고객 청구지 우편번호다. 지역별 이탈 신호를 확인하는 데 사용한다.,6860,1,0,1,0,0.0,0.0,1.0,0.0,100.0,75.67,15.13,0.38461538461538464,processed\column_split_datasets\02_category_value_subsets\Billing_ZIP\zip_6860_churn.csv
Billing_ZIP,청구 우편번호,고객 청구지 우편번호다. 지역별 이탈 신호를 확인하는 데 사용한다.,6861,1,0,1,0,0.0,0.0,1.0,0.0,100.0,98.17,9.82,0.7142857142857143,processed\column_split_datasets\02_category_value_subsets\Billing_ZIP\zip_6861_churn.csv
Billing_ZIP,청구 우편번호,고객 청구지 우편번호다. 지역별 이탈 신호를 확인하는 데 사용한다.,6865,1,0,1,0,0.0,0.0,1.0,0.0,100.0,79.67,26.56,1.0,processed\column_split_datasets\02_category_value_subsets\Billing_ZIP\zip_6865_churn.csv
Billing_ZIP,청구 우편번호,고객 청구지 우편번호다. 지역별 이탈 신호를 확인하는 데 사용한다.,6870,1,0,1,0,0.0,0.0,1.0,0.0,100.0,55.5,6.94,1.0,processed\column_split_datasets\02_category_value_subsets\Billing_ZIP\zip_6870_churn.csv
Billing_ZIP,청구 우편번호,고객 청구지 우편번호다. 지역별 이탈 신호를 확인하는 데 사용한다.,6872,1,0,1,0,0.0,0.0,1.0,0.0,100.0,109.17,18.2,1.0,processed\column_split_datasets\02_category_value_subsets\Billing_ZIP\zip_6872_churn.csv
Billing_ZIP,청구 우편번호,고객 청구지 우편번호다. 지역별 이탈 신호를 확인하는 데 사용한다.,6875,1,0,1,0,0.0,0.0,1.0,0.0,100.0,226.67,32.38,0.7777777777777778,processed\column_split_datasets\02_category_value_subsets\Billing_ZIP\zip_6875_churn.csv
Billing_ZIP,청구 우편번호,고객 청구지 우편번호다. 지역별 이탈 신호를 확인하는 데 사용한다.,6880,1,0,1,0,0.0,0.0,1.0,0.0,100.0,382.83,29.45,0.4482758620689655,processed\column_split_datasets\02_category_value_subsets\Billing_ZIP\zip_6880_churn.csv
Billing_ZIP,청구 우편번호,고객 청구지 우편번호다. 지역별 이탈 신호를 확인하는 데 사용한다.,6885,1,0,1,0,0.0,0.0,1.0,0.0,100.0,50.5,25.25,1.0,processed\column_split_datasets\02_category_value_subsets\Billing_ZIP\zip_6885_churn.csv
Billing_ZIP,청구 우편번호,고객 청구지 우편번호다. 지역별 이탈 신호를 확인하는 데 사용한다.,7005,1,0,1,0,0.0,0.0,1.0,0.0,100.0,185.75,16.89,0.7857142857142857,processed\column_split_datasets\02_category_value_subsets\Billing_ZIP\zip_7005_churn.csv
Billing_ZIP,청구 우편번호,고객 청구지 우편번호다. 지역별 이탈 신호를 확인하는 데 사용한다.,7007,1,0,1,0,0.0,0.0,1.0,0.0,100.0,61.0,13.0,1.0,processed\column_split_datasets\02_category_value_subsets\Billing_ZIP\zip_7007_churn.csv
Billing_ZIP,청구 우편번호,고객 청구지 우편번호다. 지역별 이탈 신호를 확인하는 데 사용한다.,7300,1,0,1,0,0.0,0.0,1.0,0.0,100.0,251.33,25.13,0.8333333333333334,processed\column_split_datasets\02_category_value_subsets\Billing_ZIP\zip_7300_churn.csv
Billing_ZIP,청구 우편번호,고객 청구지 우편번호다. 지역별 이탈 신호를 확인하는 데 사용한다.,7500,1,0,1,0,0.0,0.0,1.0,0.0,100.0,442.34,60.81,0.5833333333333334,processed\column_split_datasets\02_category_value_subsets\Billing_ZIP\zip_7500_churn.csv
Billing_ZIP,청구 우편번호,고객 청구지 우편번호다. 지역별 이탈 신호를 확인하는 데 사용한다.,8005,1,0,1,0,0.0,0.0,1.0,0.0,100.0,110.5,27.75,1.0,processed\column_split_datasets\02_category_value_subsets\Billing_ZIP\zip_8005_churn.csv
Billing_ZIP,청구 우편번호,고객 청구지 우편번호다. 지역별 이탈 신호를 확인하는 데 사용한다.,8241,1,0,1,0,0.0,0.0,1.0,0.0,100.0,63.67,12.73,0.8333333333333334,processed\column_split_datasets\02_category_value_subsets\Billing_ZIP\zip_8241_churn.csv
Billing_ZIP,청구 우편번호,고객 청구지 우편번호다. 지역별 이탈 신호를 확인하는 데 사용한다.,8260,1,0,1,0,0.0,0.0,1.0,0.0,100.0,73.4,10.49,1.0,processed\column_split_datasets\02_category_value_subsets\Billing_ZIP\zip_8260_churn.csv
Billing_ZIP,청구 우편번호,고객 청구지 우편번호다. 지역별 이탈 신호를 확인하는 데 사용한다.,8444,1,0,1,0,0.0,0.0,1.0,0.0,100.0,361.83,13.92,1.0,processed\column_split_datasets\02_category_value_subsets\Billing_ZIP\zip_8444_churn.csv
Billing_ZIP,청구 우편번호,고객 청구지 우편번호다. 지역별 이탈 신호를 확인하는 데 사용한다.,8470,1,0,1,0,0.0,0.0,1.0,0.0,100.0,52.67,13.17,1.0,processed\column_split_datasets\02_category_value_subsets\Billing_ZIP\zip_8470_churn.csv
Billing_ZIP,청구 우편번호,고객 청구지 우편번호다. 지역별 이탈 신호를 확인하는 데 사용한다.,8631,1,0,1,0,0.0,0.0,1.0,0.0,100.0,190.17,11.89,0.9411764705882353,processed\column_split_datasets\02_category_value_subsets\Billing_ZIP\zip_8631_churn.csv
Billing_ZIP,청구 우편번호,고객 청구지 우편번호다. 지역별 이탈 신호를 확인하는 데 사용한다.,8875,1,0,1,0,0.0,0.0,1.0,0.0,100.0,254.5,12.73,0.9523809523809523,processed\column_split_datasets\02_category_value_subsets\Billing_ZIP\zip_8875_churn.csv
Billing_ZIP,청구 우편번호,고객 청구지 우편번호다. 지역별 이탈 신호를 확인하는 데 사용한다.,8881,1,0,1,0,0.0,0.0,1.0,0.0,100.0,100.5,11.17,1.0,processed\column_split_datasets\02_category_value_subsets\Billing_ZIP\zip_8881_churn.csv
Billing_ZIP,청구 우편번호,고객 청구지 우편번호다. 지역별 이탈 신호를 확인하는 데 사용한다.,8919,1,0,1,0,0.0,0.0,1.0,0.0,100.0,356.83,11.89,1.0,processed\column_split_datasets\02_category_value_subsets\Billing_ZIP\zip_8919_churn.csv
Billing_ZIP,청구 우편번호,고객 청구지 우편번호다. 지역별 이탈 신호를 확인하는 데 사용한다.,8939,1,0,1,0,0.0,0.0,1.0,0.0,100.0,279.0,13.29,1.0,processed\column_split_datasets\02_category_value_subsets\Billing_ZIP\zip_8939_churn.csv
Billing_ZIP,청구 우편번호,고객 청구지 우편번호다. 지역별 이탈 신호를 확인하는 데 사용한다.,8947,1,0,1,0,0.0,0.0,1.0,0.0,100.0,305.83,17.99,0.8947368421052632,processed\column_split_datasets\02_category_value_subsets\Billing_ZIP\zip_8947_churn.csv
Billing_ZIP,청구 우편번호,고객 청구지 우편번호다. 지역별 이탈 신호를 확인하는 데 사용한다.,8948,1,0,1,0,0.0,0.0,1.0,0.0,100.0,274.0,16.12,0.85,processed\column_split_datasets\02_category_value_subsets\Billing_ZIP\zip_8948_churn.csv
Billing_ZIP,청구 우편번호,고객 청구지 우편번호다. 지역별 이탈 신호를 확인하는 데 사용한다.,8960,1,0,1,0,0.0,0.0,1.0,0.0,100.0,184.5,15.38,0.6666666666666666,processed\column_split_datasets\02_category_value_subsets\Billing_ZIP\zip_8960_churn.csv
Billing_ZIP,청구 우편번호,고객 청구지 우편번호다. 지역별 이탈 신호를 확인하는 데 사용한다.,9000,1,0,1,0,0.0,0.0,1.0,0.0,100.0,101.83,12.73,1.0,processed\column_split_datasets\02_category_value_subsets\Billing_ZIP\zip_9000_churn.csv
Billing_ZIP,청구 우편번호,고객 청구지 우편번호다. 지역별 이탈 신호를 확인하는 데 사용한다.,9101,1,0,1,0,0.0,0.0,1.0,0.0,100.0,144.0,20.11,1.0,processed\column_split_datasets\02_category_value_subsets\Billing_ZIP\zip_9101_churn.csv
Billing_ZIP,청구 우편번호,고객 청구지 우편번호다. 지역별 이탈 신호를 확인하는 데 사용한다.,9283,1,0,1,0,0.0,0.0,1.0,0.0,100.0,41.17,10.29,0.6666666666666666,processed\column_split_datasets\02_category_value_subsets\Billing_ZIP\zip_9283_churn.csv
Billing_ZIP,청구 우편번호,고객 청구지 우편번호다. 지역별 이탈 신호를 확인하는 데 사용한다.,9644,1,0,1,0,0.0,0.0,1.0,0.0,100.0,471.83,21.45,1.0,processed\column_split_datasets\02_category_value_subsets\Billing_ZIP\zip_9644_churn.csv
CRM_PID_Value_Segment,CRM 고객가치 등급,"CRM 기준 고객가치 등급이다. Bronze, Silver, Gold, Platinum, SME 등으로 구분된다.",Bronze,3820,205,3615,205,0.05366492146596859,0.05366492146596859,0.9463350785340314,5.366492146596859,94.63350785340315,79.27692146596858,21.71773762765122,0.8469272950671617,processed\column_split_datasets\02_category_value_subsets\CRM_PID_Value_Segment\Bronze_churn.csv
CRM_PID_Value_Segment,CRM 고객가치 등급,"CRM 기준 고객가치 등급이다. Bronze, Silver, Gold, Platinum, SME 등으로 구분된다.",Silver,2040,146,1894,146,0.07156862745098039,0.07156862745098039,0.9284313725490196,7.156862745098039,92.84313725490196,146.6023676470588,25.221132352941176,0.8460790388277566,processed\column_split_datasets\02_category_value_subsets\CRM_PID_Value_Segment\Silver_churn.csv
CRM_PID_Value_Segment,CRM 고객가치 등급,"CRM 기준 고객가치 등급이다. Bronze, Silver, Gold, Platinum, SME 등으로 구분된다.",Gold,1453,117,1336,117,0.0805230557467309,0.0805230557467309,0.9194769442532691,8.05230557467309,91.94769442532692,239.0309291121817,27.00833448038541,0.8303526781205991,processed\column_split_datasets\02_category_value_subsets\CRM_PID_Value_Segment\Gold_churn.csv
CRM_PID_Value_Segment,CRM 고객가치 등급,"CRM 기준 고객가치 등급이다. Bronze, Silver, Gold, Platinum, SME 등으로 구분된다.",Platinum,537,46,491,46,0.0856610800744879,0.0856610800744879,0.9143389199255121,8.56610800744879,91.43389199255121,360.134227188082,31.78851024208566,0.8288156235687518,processed\column_split_datasets\02_category_value_subsets\CRM_PID_Value_Segment\Platinum_churn.csv
CRM_PID_Value_Segment,CRM 고객가치 등급,"CRM 기준 고객가치 등급이다. Bronze, Silver, Gold, Platinum, SME 등으로 구분된다.",SME,284,25,259,25,0.0880281690140845,0.0880281690140845,0.9119718309859155,8.80281690140845,91.19718309859155,311.03471830985916,30.596830985915492,0.751465352027545,processed\column_split_datasets\02_category_value_subsets\CRM_PID_Value_Segment\SME_churn.csv
CRM_PID_Value_Segment,CRM 고객가치 등급,"CRM 기준 고객가치 등급이다. Bronze, Silver, Gold, Platinum, SME 등으로 구분된다.",Iron,246,9,237,9,0.036585365853658534,0.036585365853658534,0.9634146341463414,3.6585365853658534,96.34146341463415,59.88825203252033,22.139918699186993,0.8288133566856288,processed\column_split_datasets\02_category_value_subsets\CRM_PID_Value_Segment\Iron_churn.csv
CRM_PID_Value_Segment,CRM 고객가치 등급,"CRM 기준 고객가치 등급이다. Bronze, Silver, Gold, Platinum, SME 등으로 구분된다.",SE,41,1,40,1,0.024390243902439025,0.024390243902439025,0.975609756097561,2.4390243902439024,97.5609756097561,167.6880487804878,23.582926829268292,0.8598203411834952,processed\column_split_datasets\02_category_value_subsets\CRM_PID_Value_Segment\SE_churn.csv
CRM_PID_Value_Segment,CRM 고객가치 등급,"CRM 기준 고객가치 등급이다. Bronze, Silver, Gold, Platinum, SME 등으로 구분된다.",Lead,27,0,27,0,0.0,0.0,1.0,0.0,100.0,170.71666666666667,25.147407407407403,0.8835449136919725,processed\column_split_datasets\02_category_value_subsets\CRM_PID_Value_Segment\Lead_churn.csv
CRM_PID_Value_Segment,CRM 고객가치 등급,"CRM 기준 고객가치 등급이다. Bronze, Silver, Gold, Platinum, SME 등으로 구분된다.",missing,5,0,5,0,0.0,0.0,1.0,0.0,100.0,184.98399999999998,19.101999999999997,0.8830555555555556,processed\column_split_datasets\02_category_value_subsets\CRM_PID_Value_Segment\missing_churn.csv
EffectiveSegment,실질 비즈니스 세그먼트,"실제 사업 규모/유형 세그먼트다. SOHO, VSE, SME 등이 포함된다.",SOHO,6301,362,5939,362,0.057451198222504364,0.057451198222504364,0.9425488017774957,5.7451198222504365,94.25488017774957,108.50317092524996,23.19044444444444,0.8486667528867717,processed\column_split_datasets\02_category_value_subsets\EffectiveSegment\SOHO_churn.csv
EffectiveSegment,실질 비즈니스 세그먼트,"실제 사업 규모/유형 세그먼트다. SOHO, VSE, SME 등이 포함된다.",VSE,1795,159,1636,159,0.08857938718662953,0.08857938718662953,0.9114206128133705,8.857938718662952,91.14206128133705,263.9128356545961,27.851732590529252,0.8198874533000193,processed\column_split_datasets\02_category_value_subsets\EffectiveSegment\VSE_churn.csv
EffectiveSegment,실질 비즈니스 세그먼트,"실제 사업 규모/유형 세그먼트다. SOHO, VSE, SME 등이 포함된다.",SME,284,25,259,25,0.0880281690140845,0.0880281690140845,0.9119718309859155,8.80281690140845,91.19718309859155,311.7078169014085,30.52922535211267,0.7509248281827215,processed\column_split_datasets\02_category_value_subsets\EffectiveSegment\SME_churn.csv
EffectiveSegment,실질 비즈니스 세그먼트,"실제 사업 규모/유형 세그먼트다. SOHO, VSE, SME 등이 포함된다.",SE,42,1,41,1,0.023809523809523808,0.023809523809523808,0.9761904761904762,2.380952380952381,97.61904761904762,174.07261904761904,23.141190476190474,0.8413325552823007,processed\column_split_datasets\02_category_value_subsets\EffectiveSegment\SE_churn.csv
EffectiveSegment,실질 비즈니스 세그먼트,"실제 사업 규모/유형 세그먼트다. SOHO, VSE, SME 등이 포함된다.",Other,29,2,27,2,0.06896551724137931,0.06896551724137931,0.9310344827586207,6.896551724137931,93.10344827586206,155.72827586206895,26.521724137931034,0.8547816281082001,processed\column_split_datasets\02_category_value_subsets\EffectiveSegment\Other_churn.csv
EffectiveSegment,실질 비즈니스 세그먼트,"실제 사업 규모/유형 세그먼트다. SOHO, VSE, SME 등이 포함된다.",LE,2,0,2,0,0.0,0.0,1.0,0.0,100.0,166.165,38.489999999999995,0.5666666666666667,processed\column_split_datasets\02_category_value_subsets\EffectiveSegment\LE_churn.csv
