CRM_PID_Value_Segment,EffectiveSegment,Billing_ZIP,Active_subscribers,Not_Active_subscribers,Suspended_subscribers,Total_SUBs,AvgMobileRevenue,AvgFIXRevenue,TotalRevenue,ARPU,CHURN,churn_binary
Bronze,SOHO,6000,2,,,2,40.17,0.0,40.17,,No,0
Bronze,SOHO,6400,3,,,3,40.17,0.0,40.17,13.39,No,0
Bronze,SOHO,6000,2,3.0,,5,40.17,0.0,40.17,20.09,No,0
Bronze,SOHO,4400,1,2.0,,3,40.17,0.0,40.17,40.17,No,0
Bronze,SOHO,4644,4,,,4,40.33,0.0,40.33,10.08,Yes,1
Bronze,SOHO,6280,1,,,1,40.33,0.0,40.33,40.33,No,0
Bronze,SOHO,4550,3,,,3,40.5,0.0,40.5,13.5,No,0
Bronze,SOHO,6000,4,1.0,,5,40.5,0.0,40.5,10.13,No,0
Bronze,SOHO,4550,5,1.0,,6,40.83,0.0,40.83,8.17,No,0
Bronze,SOHO,4300,3,1.0,,4,40.83,0.0,40.83,13.61,No,0
Bronze,SOHO,4500,2,,,2,40.83,0.0,40.83,20.42,No,0
Bronze,SOHO,6000,1,3.0,,4,40.83,0.0,40.83,40.83,No,0
Bronze,SOHO,4017,6,,,6,41.0,0.0,41.0,6.83,No,0
Bronze,SOHO,6000,3,3.0,,6,41.0,0.0,41.0,13.67,No,0
Bronze,SOHO,4000,3,7.0,,10,41.17,0.0,41.17,13.72,No,0
Bronze,SOHO,4004,3,2.0,,5,41.17,0.0,41.17,13.72,No,0
Bronze,SOHO,4000,1,4.0,,5,41.17,0.0,41.17,41.17,No,0
Bronze,SOHO,4230,4,1.0,,5,41.17,0.0,41.17,10.29,No,0
Bronze,SOHO,6000,4,2.0,,6,41.17,0.0,41.17,10.29,No,0
Bronze,SOHO,9283,4,2.0,,6,41.17,0.0,41.17,10.29,No,0
Bronze,SOHO,4000,4,,,4,41.17,0.0,41.17,10.29,No,0
Bronze,SOHO,4173,5,,,5,41.17,0.0,41.17,8.23,No,0
Bronze,SOHO,6155,3,,,3,41.33,0.0,41.33,13.78,No,0
Bronze,SOHO,4400,3,1.0,,4,41.5,0.0,41.5,13.83,No,0
Bronze,SOHO,4400,2,1.0,,3,41.5,0.0,41.5,20.75,No,0
Bronze,SOHO,4468,2,,,2,41.67,0.0,41.67,20.84,No,0
Bronze,SOHO,4023,1,2.0,,3,41.67,0.0,41.67,41.67,No,0
Bronze,SOHO,4023,3,4.0,,7,41.67,0.0,41.67,13.89,No,0
Bronze,SOHO,4400,4,,,4,41.83,0.0,41.83,10.46,No,0
Bronze,SOHO,4000,3,7.0,,10,41.83,0.0,41.83,13.94,No,0
Bronze,SOHO,4013,2,1.0,,3,41.83,0.0,41.83,20.92,No,0
Bronze,SOHO,6000,2,,1.0,3,41.83,0.0,41.83,20.92,No,0
Bronze,SOHO,4400,3,,,3,42.0,0.0,42.0,14.0,No,0
Bronze,SOHO,4004,4,,,4,42.0,0.0,42.0,10.5,No,0
Bronze,SOHO,4000,5,2.0,,7,42.0,0.0,42.0,8.4,Yes,1
Bronze,SOHO,4023,3,,,3,42.17,0.0,42.17,14.06,No,0
Bronze,SOHO,4400,3,1.0,,4,42.17,0.0,42.17,14.06,Yes,1
Bronze,SOHO,6091,5,,,5,42.17,0.0,42.17,8.43,No,0
Bronze,SOHO,4144,3,,,3,42.33,0.0,42.33,14.11,No,0
Bronze,SOHO,6260,5,,,5,42.33,0.0,42.33,8.47,No,0
Bronze,SOHO,6000,5,,,5,42.33,0.0,42.33,8.47,No,0
Bronze,SOHO,4225,3,3.0,,6,42.33,0.0,42.33,14.11,No,0
Bronze,SOHO,6400,4,2.0,,6,42.33,0.0,42.33,10.58,No,0
Bronze,SOHO,6260,2,,,2,42.33,0.0,42.33,21.17,No,0
Bronze,SOHO,4150,4,,,4,42.5,0.0,42.5,10.63,No,0
Bronze,SOHO,4002,1,4.0,,5,42.5,0.0,42.5,42.5,No,0
Bronze,SOHO,6001,4,1.0,,5,42.5,0.0,42.5,10.63,No,0
Bronze,SOHO,4023,5,4.0,,9,42.5,0.0,42.5,8.5,No,0
Bronze,SOHO,6000,3,3.0,,6,42.5,0.0,42.5,14.17,No,0
Bronze,SOHO,4223,3,2.0,,5,42.67,0.0,42.67,14.22,No,0
Bronze,SOHO,6000,4,3.0,,7,42.67,0.0,42.67,10.67,No,0
Bronze,SOHO,6300,3,,,3,42.67,0.0,42.67,14.22,Yes,1
Bronze,SOHO,4600,4,1.0,,5,42.83,0.0,42.83,10.71,Yes,1
Bronze,SOHO,4400,4,1.0,,5,42.83,0.0,42.83,10.71,No,0
Bronze,SOHO,4002,3,,,3,42.83,0.0,42.83,14.28,No,0
Bronze,SOHO,6200,3,2.0,,5,42.83,0.0,42.83,14.28,No,0
Bronze,SOHO,4000,1,5.0,,6,43.0,0.0,43.0,43.0,No,0
Bronze,SOHO,4023,2,,,2,43.0,0.0,43.0,21.5,No,0
Bronze,SOHO,4000,3,,,3,43.0,0.0,43.0,14.33,No,0
Bronze,SOHO,4000,1,6.0,,7,43.0,0.0,43.0,43.0,No,0
Bronze,SOHO,6000,4,,,4,43.0,0.0,43.0,10.75,No,0
Bronze,SOHO,6000,1,1.0,,2,43.0,0.0,43.0,43.0,No,0
Bronze,SOHO,4004,4,2.0,,6,43.17,0.0,43.17,10.79,No,0
Bronze,SOHO,4465,2,,,2,43.33,0.0,43.33,21.67,No,0
Bronze,SOHO,4400,5,6.0,,11,43.33,0.0,43.33,8.67,No,0
Bronze,SOHO,6000,4,,,4,43.33,0.0,43.33,10.83,No,0
Bronze,SOHO,6000,2,1.0,,3,43.33,0.0,43.33,21.67,No,0
Bronze,SOHO,6900,3,,,3,43.33,0.0,43.33,14.44,No,0
Bronze,SOHO,4150,5,,,5,43.5,0.0,43.5,8.7,Yes,1
Bronze,SOHO,6100,3,1.0,,4,43.5,0.0,43.5,14.5,Yes,1
Bronze,SOHO,6400,4,,,4,43.67,0.0,43.67,10.92,No,0
Bronze,SOHO,6000,3,,,3,43.67,0.0,43.67,14.56,No,0
Bronze,SOHO,6400,4,,,4,43.67,0.0,43.67,10.92,No,0
Bronze,SOHO,4150,3,4.0,,7,43.83,0.0,43.83,14.61,No,0
Bronze,SOHO,4109,3,,,3,43.83,0.0,43.83,14.61,No,0
Bronze,SOHO,4500,1,1.0,,2,43.83,0.0,43.83,43.83,No,0
Bronze,SOHO,4114,5,1.0,,6,44.0,0.0,44.0,8.8,No,0
Bronze,SOHO,6000,3,,,3,44.0,0.0,44.0,14.67,No,0
Bronze,SOHO,4700,4,,,4,44.17,0.0,44.17,11.04,No,0
Bronze,SOHO,4400,3,2.0,,5,44.17,0.0,44.17,14.72,No,0
Bronze,SOHO,6000,2,3.0,,5,44.17,0.0,44.17,22.09,No,0
Bronze,SOHO,4000,2,5.0,,7,44.17,0.0,44.17,22.09,No,0
Bronze,SOHO,4000,3,1.0,,4,44.33,0.0,44.33,14.78,No,0
Bronze,SOHO,6100,2,9.0,,11,44.33,0.0,44.33,22.17,No,0
Bronze,SOHO,4000,4,,,4,44.33,0.0,44.33,11.08,No,0
Bronze,SOHO,6400,1,,3.0,4,44.33,0.0,44.33,44.33,No,0
Bronze,SOHO,6100,6,,,6,44.5,0.0,44.5,7.42,No,0
Bronze,SOHO,6000,3,,,3,44.5,0.0,44.5,14.83,No,0
Bronze,SOHO,4000,3,1.0,,4,44.67,0.0,44.67,14.89,No,0
Bronze,SOHO,6550,5,,,5,44.67,0.0,44.67,8.93,No,0
Bronze,SOHO,4023,3,5.0,,8,44.83,0.0,44.83,14.94,No,0
Bronze,SOHO,6000,3,,,3,44.83,0.0,44.83,14.94,No,0
Bronze,SOHO,6000,3,,,3,44.83,0.0,44.83,14.94,No,0
Bronze,SOHO,4002,3,2.0,,5,45.0,0.0,45.0,15.0,No,0
Bronze,SOHO,4400,3,,,3,45.17,0.0,45.17,15.06,No,0
Bronze,SOHO,4000,5,4.0,,9,45.17,0.0,45.17,9.03,No,0
Bronze,SOHO,4400,4,2.0,,6,45.17,0.0,45.17,11.29,No,0
Bronze,SOHO,6100,2,1.0,,3,45.17,0.0,45.17,22.59,No,0
Bronze,SOHO,4412,3,5.0,,8,45.33,0.0,45.33,15.11,No,0
Bronze,SOHO,4002,3,3.0,,6,45.33,0.0,45.33,15.11,No,0
Bronze,SOHO,6100,3,1.0,,4,45.33,0.0,45.33,15.11,No,0
Bronze,SOHO,4000,5,1.0,,6,45.5,0.0,45.5,9.1,No,0
Bronze,SOHO,4003,4,2.0,,6,45.67,0.0,45.67,11.42,No,0
Bronze,SOHO,6100,4,1.0,,5,45.67,0.0,45.67,11.42,No,0
Bronze,SOHO,6000,3,1.0,,4,45.67,0.0,45.67,15.22,No,0
Bronze,SOHO,6600,3,,,3,45.67,0.0,45.67,15.22,No,0
Bronze,SOHO,6300,5,,,5,45.67,0.0,45.67,9.13,No,0
Bronze,SOHO,4000,5,9.0,,14,45.83,0.0,45.83,9.17,No,0
Bronze,SOHO,4400,4,2.0,,6,46.0,0.0,46.0,11.5,No,0
Bronze,SOHO,4220,3,,,3,46.0,0.0,46.0,15.33,No,0
Bronze,SOHO,6001,1,,,1,46.0,0.0,46.0,46.0,No,0
Bronze,SOHO,6001,5,1.0,,6,46.0,0.0,46.0,9.2,No,0
Bronze,SOHO,6000,3,1.0,,4,46.0,0.0,46.0,15.33,No,0
Bronze,SOHO,4581,4,,,4,46.0,0.0,46.0,11.5,No,0
Bronze,SOHO,4400,3,,,3,46.17,0.0,46.17,15.39,No,0
Bronze,SOHO,4000,2,1.0,,3,46.17,0.0,46.17,23.09,No,0
Bronze,SOHO,6500,4,2.0,,6,46.17,0.0,46.17,11.54,No,0
Bronze,SOHO,6550,6,,,6,46.17,0.0,46.17,7.7,No,0
Bronze,SOHO,4400,3,1.0,,4,46.33,0.0,46.33,15.44,No,0
Bronze,SOHO,6400,2,2.0,,4,46.33,0.0,46.33,23.17,No,0
Bronze,SOHO,6100,5,1.0,,6,46.33,0.0,46.33,9.27,No,0
Bronze,SOHO,6100,4,,,4,46.33,0.0,46.33,11.58,No,0
Bronze,SOHO,4271,3,,,3,46.5,0.0,46.5,15.5,No,0
Bronze,SOHO,4004,3,,,3,46.5,0.0,46.5,15.5,No,0
Bronze,SOHO,6001,1,5.0,,6,46.5,0.0,46.5,46.5,No,0
Bronze,SOHO,6400,3,,,3,46.5,0.0,46.5,15.5,No,0
Bronze,SOHO,6000,4,,,4,46.5,0.0,46.5,11.63,No,0
Bronze,SOHO,4000,5,,,5,46.67,0.0,46.67,9.33,No,0
Bronze,SOHO,4230,3,2.0,,5,46.67,0.0,46.67,15.56,No,0
Bronze,SOHO,6000,4,,,4,46.67,0.0,46.67,11.67,No,0
Bronze,SOHO,6200,3,2.0,,5,46.67,0.0,46.67,15.56,No,0
Bronze,SOHO,4130,3,1.0,,4,46.83,0.0,46.83,15.61,No,0
Bronze,SOHO,4000,3,1.0,,4,46.83,0.0,46.83,15.61,No,0
Bronze,SOHO,6000,3,3.0,,6,47.0,0.0,47.0,15.67,No,0
Bronze,SOHO,4400,6,13.0,,19,47.0,0.0,47.0,7.83,No,0
Bronze,SOHO,4400,4,2.0,,6,47.0,0.0,47.0,11.75,No,0
Bronze,SOHO,6300,3,,,3,47.0,0.0,47.0,15.67,No,0
Bronze,SOHO,6600,3,,,3,47.0,0.0,47.0,15.67,No,0
Bronze,SOHO,4400,3,1.0,,4,47.17,0.0,47.17,15.72,No,0
Bronze,SOHO,4023,6,2.0,,8,47.17,0.0,47.17,7.86,No,0
Bronze,SOHO,6260,3,5.0,,8,47.17,0.0,47.17,15.72,No,0
Bronze,SOHO,6000,4,3.0,,7,47.17,0.0,47.17,11.79,No,0
Bronze,SOHO,4000,5,,,5,47.2,0.0,47.2,9.44,No,0
Bronze,SOHO,4484,1,,,1,47.33,0.0,47.33,47.33,No,0
Bronze,SOHO,4000,4,,,4,47.33,0.0,47.33,11.83,No,0
Bronze,SOHO,6000,3,1.0,,4,47.33,0.0,47.33,15.78,No,0
Bronze,SOHO,6400,4,,,4,47.33,0.0,47.33,11.83,No,0
Bronze,SOHO,6000,6,1.0,,7,47.33,0.0,47.33,7.89,No,0
Bronze,SOHO,6600,5,,,5,47.5,0.0,47.5,9.5,No,0
Bronze,SOHO,6000,3,,,3,47.5,0.0,47.5,15.83,No,0
Bronze,SOHO,6300,4,,,4,47.6,0.0,47.6,11.9,No,0
Bronze,SOHO,2442,4,2.0,,6,47.67,0.0,47.67,11.92,No,0
Bronze,SOHO,4230,6,5.0,,11,47.67,0.0,47.67,7.95,No,0
Bronze,SOHO,4400,5,2.0,,7,47.67,0.0,47.67,9.53,No,0
Bronze,SOHO,6138,3,,,3,47.67,0.0,47.67,15.89,No,0
Bronze,SOHO,4400,4,1.0,,5,47.83,0.0,47.83,11.96,No,0
Bronze,SOHO,4000,6,5.0,,11,47.83,0.0,47.83,7.97,No,0
Bronze,SOHO,6100,5,,,5,47.83,0.0,47.83,9.57,No,0
Bronze,SOHO,6500,3,1.0,,4,47.83,0.0,47.83,15.94,No,0
Bronze,SOHO,4004,5,,,5,48.0,0.0,48.0,9.6,No,0
Bronze,SOHO,4000,5,,,5,48.0,0.0,48.0,9.6,No,0
Bronze,SOHO,4400,6,1.0,,7,48.17,0.0,48.17,8.03,No,0
Bronze,SOHO,4151,5,,,5,48.17,0.0,48.17,9.63,No,0
Bronze,SOHO,6400,5,2.0,,7,48.17,0.0,48.17,9.63,No,0
Bronze,SOHO,4400,2,,,2,48.33,0.0,48.33,24.17,No,0
Bronze,SOHO,6400,4,1.0,,5,48.33,0.0,48.33,12.08,No,0
Bronze,SOHO,4023,5,3.0,,8,48.33,0.0,48.33,9.67,No,0
Bronze,SOHO,4000,3,,,3,48.5,0.0,48.5,16.17,No,0
Bronze,SOHO,6300,5,3.0,,8,48.5,0.0,48.5,9.7,No,0
Bronze,SOHO,4160,2,1.0,,3,48.5,0.0,48.5,24.25,No,0
Bronze,SOHO,6400,3,,,3,48.5,0.0,48.5,16.17,No,0
Bronze,SOHO,6300,3,2.0,,5,48.5,0.0,48.5,16.17,No,0
Bronze,SOHO,4550,4,,,4,48.67,0.0,48.67,12.17,No,0
Bronze,SOHO,4000,6,,,6,48.67,0.0,48.67,8.11,No,0
Bronze,SOHO,4000,3,1.0,,4,48.67,0.0,48.67,16.22,No,0
Bronze,SOHO,4023,4,2.0,,6,48.67,0.0,48.67,12.17,No,0
Bronze,SOHO,6000,5,1.0,,6,48.83,0.0,48.83,9.77,No,0
Bronze,SOHO,6600,4,,,4,48.83,0.0,48.83,12.21,No,0
Bronze,SOHO,6000,5,,,5,48.83,0.0,48.83,9.77,No,0
Bronze,SOHO,4002,3,,,3,48.83,0.0,48.83,16.28,No,0
Bronze,SOHO,4600,4,9.0,,13,49.0,0.0,49.0,12.25,No,0
Bronze,SOHO,4000,3,,,3,49.0,0.0,49.0,16.33,No,0
Bronze,SOHO,4230,6,,,6,49.0,0.0,49.0,8.17,No,0
Bronze,SOHO,6000,3,,,3,49.0,0.0,49.0,16.33,No,0
Bronze,SOHO,6000,3,1.0,,4,49.17,0.0,49.17,16.39,No,0
Bronze,SOHO,6000,5,1.0,,6,49.17,0.0,49.17,9.83,No,0
Bronze,SOHO,6000,1,1.0,,2,49.17,0.0,49.17,49.17,No,0
Bronze,SOHO,4023,2,,1.0,3,49.17,0.0,49.17,24.59,No,0
Bronze,SOHO,4419,1,3.0,,4,49.33,0.0,49.33,49.33,No,0
Bronze,SOHO,4015,5,1.0,,6,49.33,0.0,49.33,9.87,No,0
Bronze,SOHO,4225,4,3.0,,7,49.33,0.0,49.33,12.33,No,0
Bronze,SOHO,4000,5,1.0,,6,49.33,0.0,49.33,9.87,No,0
Bronze,SOHO,6000,4,,,4,49.33,0.0,49.33,12.33,No,0
Bronze,SOHO,4400,4,,,4,49.33,0.0,49.33,12.33,No,0
Bronze,SOHO,4023,6,,,6,49.33,0.0,49.33,8.22,No,0
Bronze,SOHO,4700,2,2.0,,4,49.5,0.0,49.5,24.75,Yes,1
Bronze,SOHO,6000,4,1.0,,5,49.5,0.0,49.5,12.38,No,0
Bronze,SOHO,6000,5,,,5,49.5,0.0,49.5,9.9,No,0
Bronze,SOHO,4000,3,2.0,,5,49.5,0.0,49.5,16.5,No,0
Bronze,SOHO,4004,4,4.0,,8,49.67,0.0,49.67,12.42,No,0
Bronze,SOHO,6004,4,,,4,49.67,0.0,49.67,12.42,No,0
Bronze,SOHO,6200,6,1.0,,7,49.67,0.0,49.67,8.28,No,0
Bronze,SOHO,6000,4,,,4,49.67,0.0,49.67,12.42,No,0
Bronze,SOHO,4400,2,,,2,49.67,0.0,49.67,24.84,No,0
Bronze,SOHO,4600,3,,,3,49.67,0.0,49.67,16.56,No,0
Bronze,SOHO,6100,5,3.0,,8,49.83,0.0,49.83,9.97,No,0
Bronze,SOHO,4400,4,1.0,,5,49.83,0.0,49.83,12.46,No,0
Bronze,SOHO,6000,4,,,4,49.83,0.0,49.83,12.46,No,0
Bronze,SOHO,4600,3,,,3,50.0,0.0,50.0,16.67,No,0
Bronze,SOHO,4220,2,,,2,50.0,0.0,50.0,25.0,No,0
Bronze,SOHO,6450,10,,,10,50.0,0.0,50.0,5.0,No,0
Bronze,SOHO,6000,4,,,4,50.17,0.0,50.17,12.54,No,0
Bronze,SOHO,6100,4,2.0,,6,50.17,0.0,50.17,12.54,No,0
Bronze,SOHO,6000,4,,,4,50.17,0.0,50.17,12.54,Yes,1
Bronze,SOHO,4000,2,9.0,,11,50.17,0.0,50.17,25.09,No,0
Bronze,SOHO,6490,2,1.0,,3,50.17,0.0,50.17,25.09,No,0
Bronze,SOHO,4300,2,1.0,,3,50.33,0.0,50.33,25.17,No,0
Bronze,VSE,6000,3,1.0,,4,50.33,0.0,50.33,16.78,No,0
Bronze,SOHO,6260,5,,,5,50.33,0.0,50.33,10.07,Yes,1
Bronze,SOHO,6000,4,1.0,,5,50.33,0.0,50.33,12.58,No,0
Bronze,SOHO,6100,4,2.0,,6,50.33,0.0,50.33,12.58,No,0
Bronze,SOHO,6400,3,1.0,,4,50.33,0.0,50.33,16.78,No,0
Bronze,SOHO,4500,4,,,4,50.5,0.0,50.5,12.63,No,0
Bronze,SOHO,4002,2,,,2,50.5,0.0,50.5,25.25,No,0
Bronze,SOHO,6000,8,,,8,50.5,0.0,50.5,6.31,No,0
Bronze,SOHO,6000,3,,,3,50.5,0.0,50.5,16.83,No,0
Bronze,SOHO,4004,3,,,3,50.5,0.0,50.5,16.83,No,0
Bronze,SOHO,4500,3,,,3,50.67,0.0,50.67,16.89,No,0
Bronze,SOHO,6100,2,1.0,,3,50.67,0.0,50.67,25.34,No,0
Bronze,SOHO,6000,3,3.0,,6,50.67,0.0,50.67,16.89,No,0
Bronze,SOHO,8000,3,1.0,,4,50.67,0.0,50.67,16.89,No,0
Bronze,SOHO,1142,6,,,6,50.67,0.0,50.67,8.45,No,0
Bronze,SOHO,6300,3,,,3,50.67,0.0,50.67,16.89,No,0
Bronze,SOHO,6300,4,2.0,,6,50.67,0.0,50.67,12.67,No,0
Bronze,SOHO,4500,4,,,4,50.83,0.0,50.83,12.71,No,0
Bronze,SOHO,4300,4,,,4,50.83,0.0,50.83,12.71,No,0
Bronze,SOHO,6010,3,2.0,,5,50.83,0.0,50.83,16.94,No,0
Bronze,SOHO,4400,5,1.0,,6,51.0,0.0,51.0,10.2,No,0
Bronze,SOHO,4004,6,1.0,,7,51.0,0.0,51.0,8.5,No,0
Bronze,SOHO,4230,3,5.0,,8,51.0,0.0,51.0,17.0,No,0
Bronze,SOHO,4000,4,1.0,,5,51.0,0.0,51.0,12.75,No,0
Bronze,SOHO,4580,5,,,5,51.0,0.0,51.0,10.2,No,0
Bronze,SOHO,6000,5,,,5,51.0,0.0,51.0,10.2,No,0
Bronze,SOHO,6014,4,2.0,,6,51.0,0.0,51.0,12.75,No,0
Bronze,VSE,6000,3,1.0,,4,51.0,0.0,51.0,17.0,No,0
Bronze,SOHO,6000,1,,,1,26.33,24.83,51.16,26.33,No,0
Bronze,SOHO,4004,6,,,6,51.17,0.0,51.17,8.53,No,0
Bronze,SOHO,4003,3,2.0,,5,51.17,0.0,51.17,17.06,No,0
Bronze,SOHO,4000,5,,,5,51.33,0.0,51.33,10.27,No,0
Bronze,SOHO,4230,5,,,5,51.33,0.0,51.33,10.27,No,0
Bronze,SOHO,6000,6,,,6,51.33,0.0,51.33,8.56,No,0
Bronze,SOHO,6200,4,,,4,51.33,0.0,51.33,12.83,No,0
Bronze,SOHO,6000,3,2.0,,5,51.33,0.0,51.33,17.11,No,0
Bronze,SOHO,4002,6,5.0,,11,51.33,0.0,51.33,8.56,No,0
Bronze,SOHO,4021,1,4.0,,5,51.5,0.0,51.5,51.5,No,0
Bronze,SOHO,6300,5,2.0,,7,51.5,0.0,51.5,10.3,No,0
Bronze,SOHO,6300,5,1.0,,6,51.5,0.0,51.5,10.3,Yes,1
Bronze,SOHO,4400,2,1.0,,3,51.67,0.0,51.67,25.84,No,0
Bronze,SOHO,4170,5,,,5,51.67,0.0,51.67,10.33,No,0
Bronze,SOHO,6000,2,,,2,51.67,0.0,51.67,25.84,No,0
Bronze,SOHO,6000,1,,,1,51.67,0.0,51.67,51.67,No,0
Bronze,SOHO,6000,6,,,6,51.67,0.0,51.67,8.61,No,0
Bronze,SOHO,6000,3,6.0,,9,51.67,0.0,51.67,17.22,No,0
Bronze,SOHO,6000,4,,,4,51.67,0.0,51.67,12.92,No,0
Bronze,SOHO,6260,4,4.0,,8,51.67,0.0,51.67,12.92,No,0
Bronze,SOHO,4400,4,1.0,,5,51.83,0.0,51.83,12.96,No,0
Bronze,SOHO,6000,2,1.0,,3,51.83,0.0,51.83,25.92,No,0
Bronze,SOHO,6000,5,,,5,51.83,0.0,51.83,10.37,No,0
Bronze,SOHO,6165,4,4.0,1.0,9,51.83,0.0,51.83,12.96,No,0
Bronze,SOHO,4000,3,,,3,51.83,0.0,51.83,17.28,No,0
Bronze,SOHO,6300,7,1.0,,8,51.83,0.0,51.83,7.4,No,0
Bronze,SOHO,6500,12,13.0,,25,51.83,0.0,51.83,4.32,No,0
Bronze,SOHO,4579,7,1.0,,8,52.0,0.0,52.0,7.43,No,0
Bronze,SOHO,4600,5,,,5,52.0,0.0,52.0,10.4,No,0
Bronze,SOHO,4400,5,1.0,,6,52.0,0.0,52.0,10.4,No,0
Bronze,SOHO,4500,1,,,1,52.0,0.0,52.0,52.0,No,0
Bronze,SOHO,6100,4,,,4,52.17,0.0,52.17,13.04,Yes,1
Bronze,SOHO,6000,2,1.0,,3,52.17,0.0,52.17,26.09,No,0
Bronze,SOHO,4400,4,1.0,,5,52.17,0.0,52.17,13.04,No,0
Bronze,SOHO,6100,1,,,1,52.17,0.0,52.17,52.17,No,0
Bronze,SOHO,6000,5,3.0,,8,52.17,0.0,52.17,10.43,No,0
Bronze,SOHO,6280,3,1.0,,4,52.33,0.0,52.33,17.44,No,0
Bronze,SOHO,4400,4,1.0,,5,52.33,0.0,52.33,13.08,No,0
Bronze,SOHO,6000,5,,,5,52.5,0.0,52.5,10.5,No,0
Bronze,SOHO,6000,2,,,2,52.5,0.0,52.5,26.25,No,0
Bronze,SOHO,4644,4,,,4,52.67,0.0,52.67,13.17,No,0
Bronze,SOHO,6000,4,,,4,52.67,0.0,52.67,13.17,No,0
Bronze,SOHO,8470,4,,,4,52.67,0.0,52.67,13.17,No,0
Bronze,SOHO,4002,3,2.0,,5,52.83,0.0,52.83,17.61,No,0
Bronze,SOHO,4350,4,4.0,,8,52.83,0.0,52.83,13.21,No,0
Bronze,SOHO,6260,3,,,3,52.83,0.0,52.83,17.61,No,0
Bronze,SOHO,6000,3,,,3,52.83,0.0,52.83,17.61,No,0
Bronze,SOHO,4006,2,4.0,,6,52.83,0.0,52.83,26.42,No,0
Bronze,SOHO,4000,3,,1.0,4,53.0,0.0,53.0,17.67,No,0
Bronze,SOHO,6000,4,1.0,,5,53.0,0.0,53.0,13.25,No,0
Bronze,SOHO,6000,6,3.0,,9,53.0,0.0,53.0,8.83,No,0
Bronze,SOHO,1505,5,1.0,,6,53.0,0.0,53.0,10.6,No,0
Bronze,VSE,4023,2,2.0,,4,53.33,0.0,53.33,26.67,No,0
Bronze,SOHO,6000,5,,,5,53.33,0.0,53.33,10.67,No,0
Bronze,SOHO,6100,2,5.0,,7,53.33,0.0,53.33,26.67,No,0
Bronze,SOHO,4270,2,,,2,53.33,0.0,53.33,26.67,No,0
Bronze,SOHO,6000,2,1.0,,3,53.5,0.0,53.5,26.75,No,0
Bronze,SOHO,6158,4,1.0,,5,53.5,0.0,53.5,13.38,No,0
Bronze,SOHO,6000,1,,,1,53.5,0.0,53.5,53.5,No,0
Bronze,SOHO,6900,3,,,3,53.5,0.0,53.5,17.83,No,0
Bronze,SOHO,4030,5,,,5,53.67,0.0,53.67,10.73,No,0
Bronze,SOHO,4002,2,1.0,,3,53.67,0.0,53.67,26.84,No,0
Bronze,SOHO,6138,5,,,5,53.67,0.0,53.67,10.73,No,0
Bronze,SOHO,6000,3,,,3,53.67,0.0,53.67,17.89,No,0
Bronze,SOHO,6300,6,2.0,,8,53.67,0.0,53.67,8.95,No,0
Bronze,SOHO,6500,4,,,4,53.83,0.0,53.83,13.46,No,0
Bronze,SOHO,6300,3,,,3,53.83,0.0,53.83,17.94,No,0
Bronze,SOHO,4000,6,,,6,54.0,0.0,54.0,9.0,No,0
Bronze,SOHO,4000,3,1.0,,4,54.0,0.0,54.0,18.0,No,0
Bronze,SOHO,4004,5,,,5,54.0,0.0,54.0,10.8,No,0
Bronze,SOHO,6000,3,,,3,54.17,0.0,54.17,18.06,No,0
Bronze,SOHO,4500,3,,,3,54.17,0.0,54.17,18.06,No,0
Bronze,SOHO,4600,5,,,5,54.33,0.0,54.33,10.87,No,0
Bronze,SOHO,4000,3,,,3,54.33,0.0,54.33,18.11,No,0
Bronze,SOHO,6000,5,,,5,54.33,0.0,54.33,10.87,No,0
Bronze,SOHO,6000,2,,,2,54.5,0.0,54.5,27.25,No,0
Bronze,SOHO,6000,4,,,4,54.5,0.0,54.5,13.63,No,0
Bronze,SOHO,6000,5,,1.0,6,54.67,0.0,54.67,10.93,No,0
Bronze,SOHO,6400,3,,,3,54.67,0.0,54.67,18.22,No,0
Bronze,SOHO,6000,3,,,3,54.67,0.0,54.67,18.22,No,0
Bronze,SOHO,6400,5,2.0,,7,54.67,0.0,54.67,10.93,No,0
Bronze,SOHO,6300,6,,,6,54.67,0.0,54.67,9.11,No,0
Bronze,SOHO,4004,4,1.0,,5,54.83,0.0,54.83,13.71,No,0
Bronze,SOHO,4600,6,,,6,54.83,0.0,54.83,9.14,No,0
Bronze,SOHO,4030,3,4.0,,7,54.83,0.0,54.83,18.28,No,0
Bronze,SOHO,4000,4,2.0,,6,54.83,0.0,54.83,13.71,No,0
Bronze,SOHO,4300,4,1.0,,5,54.83,0.0,54.83,13.71,No,0
Bronze,SOHO,6000,3,2.0,,5,54.83,0.0,54.83,18.28,No,0
Bronze,SOHO,6100,2,,,2,54.83,0.0,54.83,27.42,No,0
Bronze,SOHO,4400,2,3.0,,5,55.0,0.0,55.0,27.5,No,0
Bronze,SOHO,6300,6,2.0,,8,55.0,0.0,55.0,9.17,No,0
Bronze,SOHO,6000,3,,,3,55.0,0.0,55.0,18.33,No,0
Bronze,SOHO,6000,4,,,4,55.0,0.0,55.0,13.75,No,0
Bronze,SOHO,6000,4,1.0,,5,55.17,0.0,55.17,13.79,No,0
Bronze,SOHO,6000,3,1.0,,4,55.17,0.0,55.17,18.39,No,0
Bronze,SOHO,4000,6,,,6,55.17,0.0,55.17,9.2,No,0
Bronze,SOHO,4250,3,4.0,,7,55.33,0.0,55.33,18.44,No,0
Bronze,SOHO,4000,7,1.0,,8,55.33,0.0,55.33,7.9,No,0
Bronze,SOHO,4000,3,1.0,,4,55.33,0.0,55.33,18.44,No,0
Bronze,SOHO,4330,6,3.0,,9,55.33,0.0,55.33,9.22,Yes,1
Bronze,SOHO,6000,3,2.0,,5,55.33,0.0,55.33,18.44,No,0
Bronze,SOHO,4110,2,3.0,,5,55.33,0.0,55.33,27.67,No,0
Bronze,SOHO,4000,1,3.0,,4,55.33,0.0,55.33,55.33,No,0
Bronze,SOHO,6400,2,1.0,,3,55.33,0.0,55.33,27.67,No,0
Bronze,SOHO,6800,3,,,3,55.33,0.0,55.33,18.44,No,0
Bronze,SOHO,4400,4,,,4,55.5,0.0,55.5,13.88,No,0
Bronze,SOHO,4330,3,1.0,,4,55.5,0.0,55.5,18.5,No,0
Bronze,SOHO,6000,3,2.0,,5,55.5,0.0,55.5,18.5,No,0
Bronze,SOHO,6600,6,1.0,,7,55.5,0.0,55.5,9.25,No,0
Bronze,SOHO,6870,8,,,8,55.5,0.0,55.5,6.94,No,0
Bronze,SOHO,4415,4,5.0,,9,55.67,0.0,55.67,13.92,No,0
Bronze,SOHO,6100,5,,,5,55.67,0.0,55.67,11.13,No,0
Bronze,SOHO,6000,4,,,4,55.67,0.0,55.67,13.92,No,0
Bronze,SOHO,6000,5,3.0,,8,55.67,0.0,55.67,11.13,No,0
Bronze,SOHO,6600,5,,,5,55.67,0.0,55.67,11.13,No,0
Bronze,SOHO,4004,4,,,4,55.83,0.0,55.83,13.96,No,0
Bronze,SOHO,4002,6,1.0,,7,55.83,0.0,55.83,9.31,No,0
Bronze,SOHO,4001,3,3.0,,6,55.83,0.0,55.83,18.61,No,0
Bronze,SOHO,6000,4,1.0,,5,55.83,0.0,55.83,13.96,No,0
Bronze,SOHO,6000,4,,,4,55.83,0.0,55.83,13.96,No,0
Bronze,SOHO,6180,2,6.0,,8,55.83,0.0,55.83,27.92,No,0
Bronze,SOHO,6000,2,,,2,55.83,0.0,55.83,27.92,No,0
Bronze,SOHO,4003,5,2.0,2.0,9,56.0,0.0,56.0,11.2,No,0
Bronze,SOHO,6000,3,,,3,56.0,0.0,56.0,18.67,No,0
Bronze,SOHO,4400,5,,,5,56.17,0.0,56.17,11.23,No,0
Bronze,SOHO,4400,8,1.0,,9,56.17,0.0,56.17,7.02,No,0
Bronze,SOHO,6200,5,2.0,,7,56.17,0.0,56.17,11.23,No,0
Bronze,SOHO,6450,2,,,2,56.17,0.0,56.17,28.09,No,0
Bronze,SOHO,4000,5,,,5,56.17,0.0,56.17,11.23,No,0
Bronze,SOHO,6300,1,1.0,,2,56.17,0.0,56.17,56.17,No,0
Bronze,SOHO,6199,2,3.0,,5,56.33,0.0,56.33,28.17,No,0
Bronze,SOHO,4490,5,,,5,56.33,0.0,56.33,11.27,No,0
Bronze,SOHO,6450,2,3.0,,5,56.33,0.0,56.33,28.17,No,0
Bronze,VSE,6489,3,,,3,56.33,0.0,56.33,18.78,No,0
Bronze,SOHO,4004,1,10.0,,11,56.5,0.0,56.5,56.5,No,0
Bronze,SOHO,6000,2,1.0,,3,56.5,0.0,56.5,28.25,No,0
Bronze,SOHO,6000,3,,,3,56.5,0.0,56.5,18.83,No,0
Bronze,SOHO,6000,6,,,6,56.5,0.0,56.5,9.42,No,0
Bronze,SOHO,6500,3,1.0,,4,56.5,0.0,56.5,18.83,No,0
Bronze,SOHO,4600,4,,,4,56.67,0.0,56.67,14.17,No,0
Bronze,SOHO,4107,4,5.0,,9,56.67,0.0,56.67,14.17,No,0
Bronze,SOHO,6000,4,,,4,56.67,0.0,56.67,14.17,No,0
Bronze,SOHO,6500,5,2.0,,7,56.67,0.0,56.67,11.33,No,0
Bronze,SOHO,6800,5,,,5,56.83,0.0,56.83,11.37,No,0
Bronze,SOHO,6260,3,2.0,,5,56.83,0.0,56.83,18.94,No,0
Bronze,SOHO,4400,4,5.0,,9,57.0,0.0,57.0,14.25,No,0
Bronze,SOHO,6000,5,3.0,,8,57.0,0.0,57.0,11.4,No,0
Bronze,SOHO,6000,5,2.0,,7,57.0,0.0,57.0,11.4,No,0
Bronze,SOHO,6000,6,,,6,57.17,0.0,57.17,9.53,No,0
Bronze,SOHO,6000,3,,,3,57.17,0.0,57.17,19.06,No,0
Bronze,SOHO,6000,3,2.0,,5,57.17,0.0,57.17,19.06,No,0
Bronze,SOHO,4000,4,,,4,57.25,0.0,57.25,14.31,No,0
Bronze,SOHO,6280,4,,,4,57.33,0.0,57.33,14.33,No,0
Bronze,SOHO,4002,6,,,6,57.33,0.0,57.33,9.56,No,0
Bronze,VSE,4700,5,,,5,57.5,0.0,57.5,11.5,No,0
Bronze,SOHO,4023,5,3.0,,8,57.5,0.0,57.5,11.5,No,0
Bronze,SOHO,4000,6,1.0,,7,57.5,0.0,57.5,9.58,No,0
Bronze,SOHO,4000,4,2.0,,6,57.5,0.0,57.5,14.38,No,0
Bronze,SOHO,6600,5,,,5,57.5,0.0,57.5,11.5,No,0
Bronze,SOHO,4000,5,,,5,57.5,0.0,57.5,11.5,No,0
Bronze,SOHO,6400,2,5.0,,7,57.5,0.0,57.5,28.75,No,0
Bronze,SOHO,6850,7,,,7,57.5,0.0,57.5,8.21,No,0
Bronze,SOHO,6600,3,2.0,,5,57.5,0.0,57.5,19.17,No,0
Bronze,SOHO,4190,4,,,4,57.67,0.0,57.67,14.42,No,0
Bronze,SOHO,6000,3,2.0,,5,57.67,0.0,57.67,19.22,No,0
Bronze,SOHO,6000,5,,,5,57.67,0.0,57.67,11.53,No,0
Bronze,SOHO,6000,2,,,2,57.83,0.0,57.83,28.92,No,0
Bronze,SOHO,6800,1,7.0,,8,57.83,0.0,57.83,57.83,No,0
Bronze,SOHO,6600,3,,,3,57.83,0.0,57.83,19.28,No,0
Bronze,SOHO,4017,3,6.0,,9,58.0,0.0,58.0,19.33,No,0
Bronze,SOHO,6770,4,1.0,,5,58.0,0.0,58.0,14.5,No,0
Bronze,SOHO,6300,4,,,4,58.0,0.0,58.0,14.5,No,0
Bronze,SOHO,4178,4,4.0,,8,58.17,0.0,58.17,14.54,No,0
Bronze,SOHO,6000,3,,,3,58.17,0.0,58.17,19.39,No,0
Bronze,SOHO,6100,3,2.0,,5,58.17,0.0,58.17,19.39,No,0
Bronze,SOHO,4002,5,1.0,,6,58.17,0.0,58.17,11.63,No,0
Bronze,SOHO,6000,3,,,3,58.25,0.0,58.25,19.42,No,0
Bronze,SOHO,4000,5,,,5,58.33,0.0,58.33,11.67,No,0
Bronze,SOHO,4290,6,1.0,,7,58.33,0.0,58.33,9.72,No,0
Bronze,SOHO,6160,3,5.0,,8,58.33,0.0,58.33,19.44,No,0
Bronze,SOHO,6600,6,1.0,,7,58.33,0.0,58.33,9.72,No,0
Bronze,SOHO,4600,7,1.0,,8,58.5,0.0,58.5,8.36,No,0
Bronze,SOHO,4000,6,2.0,,8,58.5,0.0,58.5,9.75,No,0
Bronze,SOHO,6000,5,,,5,58.5,0.0,58.5,11.7,No,0
Bronze,SOHO,4225,2,,,2,58.5,0.0,58.5,29.25,No,0
Bronze,SOHO,6500,3,1.0,,4,58.5,0.0,58.5,19.5,No,0
Bronze,SOHO,6000,5,,,5,58.67,0.0,58.67,11.73,No,0
Bronze,SOHO,6000,3,,,3,58.67,0.0,58.67,19.56,No,0
Bronze,SOHO,6000,3,4.0,,7,58.67,0.0,58.67,19.56,No,0
Bronze,SOHO,6300,5,2.0,,7,58.67,0.0,58.67,11.73,No,0
Bronze,SOHO,4230,4,,,4,58.83,0.0,58.83,14.71,No,0
Bronze,SOHO,4490,7,,,7,58.83,0.0,58.83,8.4,No,0
Bronze,SOHO,4230,3,3.0,,6,58.83,0.0,58.83,19.61,No,0
Bronze,SOHO,6000,4,1.0,,5,58.83,0.0,58.83,14.71,No,0
Bronze,SOHO,6800,3,,,3,58.83,0.0,58.83,19.61,No,0
Bronze,SOHO,6300,4,,,4,58.83,0.0,58.83,14.71,No,0
Bronze,SOHO,4600,2,1.0,,3,59.0,0.0,59.0,29.5,No,0
Bronze,SOHO,6000,2,1.0,,3,59.0,0.0,59.0,29.5,No,0
Bronze,SOHO,6000,6,,,6,59.0,0.0,59.0,9.83,No,0
Bronze,SOHO,6138,3,2.0,,5,59.0,0.0,59.0,19.67,No,0
Bronze,SOHO,6600,5,2.0,,7,59.0,0.0,59.0,11.8,No,0
Bronze,SOHO,6000,4,,,4,59.17,0.0,59.17,14.79,No,0
Bronze,SOHO,6400,3,,,3,59.17,0.0,59.17,19.72,No,0
Bronze,SOHO,6450,4,,1.0,5,59.17,0.0,59.17,14.79,No,0
Bronze,SOHO,6100,4,2.0,,6,59.33,0.0,59.33,14.83,No,0
Bronze,SOHO,4400,4,1.0,,5,59.33,0.0,59.33,14.83,No,0
Bronze,SOHO,6400,2,1.0,,3,59.33,0.0,59.33,29.67,No,0
Bronze,SOHO,6200,5,,,5,59.33,0.0,59.33,11.87,No,0
Bronze,SOHO,6000,4,,,4,59.33,0.0,59.33,14.83,No,0
Bronze,SOHO,6600,2,2.0,,4,59.33,0.0,59.33,29.67,No,0
Bronze,SOHO,4500,4,,,4,59.5,0.0,59.5,14.88,No,0
Bronze,SOHO,4210,6,1.0,,7,59.5,0.0,59.5,9.92,No,0
Bronze,SOHO,4000,3,,,3,59.5,0.0,59.5,19.83,No,0
Bronze,VSE,4000,2,2.0,,4,59.5,0.0,59.5,29.75,No,0
Bronze,SOHO,6400,4,1.0,,5,59.5,0.0,59.5,14.88,No,0
Bronze,SOHO,4002,5,,,5,59.67,0.0,59.67,11.93,No,0
Bronze,SOHO,6000,3,,,3,59.67,0.0,59.67,19.89,No,0
Bronze,SOHO,6000,4,1.0,,5,59.67,0.0,59.67,14.92,No,0
Bronze,SOHO,4000,3,3.0,,6,59.83,0.0,59.83,19.94,No,0
Bronze,SOHO,6100,4,,,4,59.83,0.0,59.83,14.96,No,0
Bronze,SOHO,6000,4,,,4,59.83,0.0,59.83,14.96,No,0
Bronze,SOHO,4414,3,,,3,59.83,0.0,59.83,19.94,No,0
Bronze,SOHO,6400,4,1.0,,5,60.0,0.0,60.0,15.0,No,0
Bronze,SOHO,6100,4,,,4,60.0,0.0,60.0,15.0,Yes,1
Bronze,SOHO,4023,3,1.0,,4,60.0,0.0,60.0,20.0,No,0
Bronze,SOHO,6000,5,2.0,,7,60.0,0.0,60.0,12.0,No,0
Bronze,SOHO,4400,4,,,4,60.17,0.0,60.17,15.04,No,0
Bronze,SOHO,4017,5,,,5,60.17,0.0,60.17,12.03,No,0
Bronze,SOHO,4400,3,,,3,60.17,0.0,60.17,20.06,No,0
Bronze,SOHO,6000,3,1.0,,4,60.17,0.0,60.17,20.06,No,0
Bronze,SOHO,6100,5,1.0,,6,60.17,0.0,60.17,12.03,No,0
Bronze,SOHO,6000,7,,,7,60.17,0.0,60.17,8.6,No,0
Bronze,SOHO,4013,4,2.0,,6,60.17,0.0,60.17,15.04,No,0
Bronze,SOHO,4023,5,2.0,,7,60.33,0.0,60.33,12.07,No,0
Bronze,SOHO,4021,4,2.0,,6,60.33,0.0,60.33,15.08,No,0
Bronze,SOHO,4400,3,,,3,60.33,0.0,60.33,20.11,No,0
Bronze,SOHO,4000,2,2.0,,4,60.33,0.0,60.33,30.17,No,0
Bronze,SOHO,6400,6,1.0,,7,60.33,0.0,60.33,10.06,No,0
Bronze,SOHO,6600,4,,,4,60.33,0.0,60.33,15.08,No,0
Bronze,SOHO,6000,3,1.0,,4,60.5,0.0,60.5,20.17,No,0
Bronze,SOHO,6000,2,,,2,60.5,0.0,60.5,30.25,No,0
Bronze,SOHO,6800,4,,,4,60.5,0.0,60.5,15.13,No,0
Bronze,SOHO,6300,5,,,5,60.5,0.0,60.5,12.1,No,0
Bronze,SOHO,6000,2,,,2,60.67,0.0,60.67,30.34,No,0
Bronze,SOHO,6300,2,1.0,,3,60.67,0.0,60.67,30.34,No,0
Bronze,SOHO,6100,3,,,3,60.83,0.0,60.83,20.28,No,0
Bronze,SOHO,6000,2,5.0,,7,60.83,0.0,60.83,30.42,No,0
Bronze,SOHO,4000,4,,,4,60.83,0.0,60.83,15.21,No,0
Bronze,SOHO,6000,5,,,5,60.83,0.0,60.83,12.17,No,0
Bronze,SOHO,4632,3,1.0,,4,61.0,0.0,61.0,20.33,No,0
Bronze,SOHO,4001,3,3.0,,6,61.0,0.0,61.0,20.33,No,0
Bronze,SOHO,1164,6,1.0,,7,61.0,0.0,61.0,10.17,No,0
Bronze,SOHO,6000,5,1.0,,6,61.0,0.0,61.0,12.2,No,0
Bronze,SOHO,6000,4,2.0,,6,61.0,0.0,61.0,15.25,No,0
Bronze,SOHO,6000,5,1.0,,6,61.0,0.0,61.0,12.2,No,0
Bronze,SOHO,6300,6,,,6,61.0,0.0,61.0,10.17,No,0
Bronze,SOHO,4600,4,,,4,61.17,0.0,61.17,15.29,No,0
Bronze,SOHO,6000,2,6.0,,8,61.17,0.0,61.17,30.59,No,0
Bronze,SOHO,6100,5,,,5,61.33,0.0,61.33,12.27,No,0
Bronze,SOHO,4550,4,2.0,,6,61.33,0.0,61.33,15.33,No,0
Bronze,SOHO,4400,4,,,4,61.33,0.0,61.33,15.33,No,0
Bronze,SOHO,4400,4,,,4,61.5,0.0,61.5,15.38,No,0
Bronze,SOHO,6100,6,,,6,61.5,0.0,61.5,10.25,No,0
Bronze,SOHO,6000,2,,1.0,3,61.5,0.0,61.5,30.75,No,0
Bronze,SOHO,6000,1,3.0,,4,61.5,0.0,61.5,61.5,No,0
Bronze,SOHO,6100,5,,,5,61.5,0.0,61.5,12.3,No,0
Bronze,SOHO,4400,7,2.0,,9,61.67,0.0,61.67,8.81,No,0
Bronze,SOHO,6000,3,1.0,,4,61.67,0.0,61.67,20.56,No,0
Bronze,SOHO,6500,4,1.0,,5,61.67,0.0,61.67,15.42,No,0
Bronze,SOHO,6000,2,1.0,,3,61.67,0.0,61.67,30.84,No,0
Bronze,SOHO,6000,6,,,6,61.67,0.0,61.67,10.28,No,0
Bronze,SOHO,4700,1,3.0,,4,61.67,0.0,61.67,61.67,No,0
Bronze,SOHO,4601,2,1.0,,3,61.67,0.0,61.67,30.84,Yes,1
Bronze,SOHO,4008,1,2.0,,3,61.67,0.0,61.67,61.67,No,0
Bronze,SOHO,4000,3,3.0,,6,61.83,0.0,61.83,20.61,No,0
Bronze,SOHO,4150,5,1.0,,6,61.83,0.0,61.83,12.37,No,0
Bronze,SOHO,4000,1,1.0,,2,61.83,0.0,61.83,61.83,No,0
Bronze,SOHO,6100,6,1.0,,7,61.83,0.0,61.83,10.31,No,0
Bronze,SOHO,6155,4,,,4,62.0,0.0,62.0,15.5,No,0
Bronze,SOHO,6000,4,3.0,,7,62.0,0.0,62.0,15.5,No,0
Bronze,SOHO,4500,7,,,7,62.17,0.0,62.17,8.88,No,0
Bronze,SOHO,6000,5,,,5,62.17,0.0,62.17,12.43,No,0
Bronze,SOHO,6000,5,1.0,,6,62.17,0.0,62.17,12.43,No,0
Bronze,SOHO,6001,6,,,6,62.17,0.0,62.17,10.36,No,0
Bronze,Other,6000,4,1.0,,5,62.33,0.0,62.33,15.58,No,0
Bronze,SOHO,1335,5,4.0,,9,62.33,0.0,62.33,12.47,No,0
Bronze,SOHO,1505,3,4.0,,7,62.33,0.0,62.33,20.78,No,0
Bronze,SOHO,6600,4,,,4,62.33,0.0,62.33,15.58,No,0
Bronze,SOHO,6000,2,,,2,62.5,0.0,62.5,31.25,No,0
Bronze,SOHO,4000,7,,,7,62.5,0.0,62.5,8.93,No,0
Bronze,SOHO,6600,3,,,3,62.5,0.0,62.5,20.83,No,0
Bronze,SOHO,4600,3,,,3,62.5,0.0,62.5,20.83,No,0
Bronze,SOHO,4023,1,2.0,,3,62.5,0.0,62.5,62.5,No,0
Bronze,SOHO,6300,3,1.0,,4,62.5,0.0,62.5,20.83,No,0
Bronze,SOHO,4465,5,2.0,,7,62.67,0.0,62.67,12.53,No,0
Bronze,SOHO,4023,6,,,6,62.67,0.0,62.67,10.45,No,0
Bronze,SOHO,6100,7,1.0,,8,62.67,0.0,62.67,8.95,No,0
Bronze,SOHO,6550,5,,,5,62.67,0.0,62.67,12.53,No,0
Bronze,SOHO,6000,4,1.0,,5,62.67,0.0,62.67,15.67,No,0
Bronze,SOHO,6000,7,,,7,62.67,0.0,62.67,8.95,No,0
Bronze,SOHO,4550,4,3.0,,7,62.67,0.0,62.67,15.67,No,0
Bronze,SOHO,6100,3,2.0,,5,62.67,0.0,62.67,20.89,No,0
Bronze,SOHO,6300,4,,,4,62.67,0.0,62.67,15.67,No,0
Bronze,SOHO,4400,3,1.0,,4,62.83,0.0,62.83,20.94,No,0
Bronze,SOHO,4000,5,,,5,62.83,0.0,62.83,12.57,No,0
Bronze,SOHO,6400,4,2.0,,6,62.83,0.0,62.83,15.71,No,0
Bronze,SOHO,6100,5,3.0,,8,62.83,0.0,62.83,12.57,No,0
Bronze,SOHO,6400,6,,,6,62.83,0.0,62.83,10.47,No,0
Bronze,SOHO,4550,8,4.0,,12,62.83,0.0,62.83,7.85,No,0
Bronze,SOHO,4300,4,,,4,63.0,0.0,63.0,15.75,No,0
Bronze,SOHO,4227,5,,,5,63.0,0.0,63.0,12.6,No,0
Bronze,SOHO,6800,3,,,3,63.0,0.0,63.0,21.0,No,0
Bronze,SOHO,4400,1,1.0,,2,63.0,0.0,63.0,63.0,No,0
Bronze,SOHO,6000,3,,,3,63.0,0.0,63.0,21.0,No,0
Bronze,SOHO,6372,7,5.0,,12,63.0,0.0,63.0,9.0,No,0
Bronze,SOHO,4004,4,,,4,63.17,0.0,63.17,15.79,No,0
Bronze,SOHO,6100,3,2.0,,5,63.17,0.0,63.17,21.06,No,0
Bronze,SOHO,6000,3,1.0,,4,63.17,0.0,63.17,21.06,No,0
Bronze,SOHO,6300,3,,,3,63.17,0.0,63.17,21.06,No,0
Bronze,SOHO,6100,5,,,5,63.33,0.0,63.33,12.67,No,0
Bronze,SOHO,4004,5,,,5,63.33,0.0,63.33,12.67,No,0
Bronze,SOHO,6900,6,,,6,63.33,0.0,63.33,10.56,No,0
Bronze,SOHO,4150,3,,,3,63.5,0.0,63.5,21.17,No,0
Bronze,SOHO,6000,3,,,3,63.5,0.0,63.5,21.17,No,0
Bronze,SOHO,4700,2,6.0,,8,63.5,0.0,63.5,31.75,No,0
Bronze,SOHO,6400,4,,,4,63.67,0.0,63.67,15.92,No,0
Bronze,SOHO,6000,4,,,4,63.67,0.0,63.67,15.92,No,0
Bronze,SOHO,8241,5,1.0,,6,63.67,0.0,63.67,12.73,No,0
Bronze,SOHO,6200,4,,,4,63.67,0.0,63.67,15.92,No,0
Bronze,SOHO,4230,9,,,9,63.83,0.0,63.83,7.09,No,0
Bronze,SOHO,1505,6,,,6,63.83,0.0,63.83,10.64,No,0
Bronze,SOHO,6300,5,,,5,63.83,0.0,63.83,12.77,No,0
Bronze,SOHO,6400,8,,,8,63.83,0.0,63.83,7.98,No,0
Bronze,SOHO,6000,4,,,4,63.83,0.0,63.83,15.96,No,0
Bronze,SOHO,6100,6,,,6,63.83,0.0,63.83,10.64,No,0
Bronze,SOHO,4000,4,1.0,,5,64.0,0.0,64.0,16.0,No,0
Bronze,SOHO,6000,5,,,5,64.0,0.0,64.0,12.8,No,0
Bronze,SOHO,6000,6,,,6,64.0,0.0,64.0,10.67,No,0
Bronze,SOHO,6500,5,,,5,64.0,0.0,64.0,12.8,No,0
Bronze,SOHO,4640,4,1.0,,5,64.17,0.0,64.17,16.04,No,0
Bronze,SOHO,4400,4,1.0,,5,64.17,0.0,64.17,16.04,No,0
Bronze,SOHO,4023,4,3.0,,7,64.17,0.0,64.17,16.04,No,0
Bronze,SOHO,6000,4,,,4,64.17,0.0,64.17,16.04,No,0
Bronze,SOHO,4000,5,,,5,64.33,0.0,64.33,12.87,No,0
Bronze,SOHO,4004,5,,,5,64.33,0.0,64.33,12.87,No,0
Bronze,SOHO,4003,4,1.0,1.0,6,64.33,0.0,64.33,16.08,No,0
Bronze,VSE,6000,3,1.0,,4,64.33,0.0,64.33,21.44,No,0
Bronze,SOHO,6000,4,,,4,64.33,0.0,64.33,16.08,No,0
Bronze,SOHO,4400,2,1.0,,3,64.33,0.0,64.33,32.17,No,0
Bronze,SOHO,6500,5,1.0,,6,64.33,0.0,64.33,12.87,No,0
Bronze,SOHO,6343,7,,,7,64.33,0.0,64.33,9.19,No,0
Bronze,SOHO,4400,5,,,5,64.5,0.0,64.5,12.9,Yes,1
Bronze,SOHO,4500,3,,,3,64.5,0.0,64.5,21.5,Yes,1
Bronze,SOHO,6000,8,,,8,64.5,0.0,64.5,8.06,No,0
Bronze,SOHO,6100,5,1.0,,6,64.5,0.0,64.5,12.9,No,0
Bronze,SOHO,6000,4,,,4,64.5,0.0,64.5,16.13,No,0
Bronze,SOHO,6000,5,1.0,,6,64.5,0.0,64.5,12.9,No,0
Bronze,SOHO,4000,6,2.0,,8,64.5,0.0,64.5,10.75,No,0
Bronze,SOHO,4004,4,,,4,64.5,0.0,64.5,16.13,Yes,1
Bronze,SOHO,6800,4,1.0,,5,64.5,0.0,64.5,16.13,No,0
Bronze,SOHO,4000,4,5.0,,9,64.67,0.0,64.67,16.17,No,0
Bronze,SOHO,4400,2,,,2,64.67,0.0,64.67,32.34,No,0
Bronze,SOHO,4600,4,2.0,,6,64.67,0.0,64.67,16.17,No,0
Bronze,SOHO,4470,3,,,3,64.67,0.0,64.67,21.56,No,0
Bronze,SOHO,6100,5,1.0,,6,64.67,0.0,64.67,12.93,No,0
Bronze,SOHO,6000,2,,,2,64.67,0.0,64.67,32.34,No,0
Bronze,SOHO,4000,4,,,4,64.83,0.0,64.83,16.21,No,0
Bronze,SOHO,4023,6,,,6,64.83,0.0,64.83,10.81,No,0
Bronze,SOHO,4002,4,1.0,,5,64.83,0.0,64.83,16.21,No,0
Bronze,SOHO,6400,6,,,6,64.83,0.0,64.83,10.81,No,0
Bronze,SOHO,6000,4,1.0,,5,64.83,0.0,64.83,16.21,No,0
Bronze,SOHO,6300,5,,,5,64.83,0.0,64.83,12.97,No,0
Bronze,SOHO,4400,3,2.0,,5,65.0,0.0,65.0,21.67,No,0
Bronze,SOHO,4000,2,1.0,,3,65.0,0.0,65.0,32.5,No,0
Bronze,SOHO,6000,4,,,4,65.0,0.0,65.0,16.25,No,0
Bronze,SOHO,4400,6,3.0,,9,65.17,0.0,65.17,10.86,No,0
Bronze,SOHO,4000,5,1.0,,6,65.17,0.0,65.17,13.03,No,0
Bronze,SOHO,6100,5,,1.0,6,65.17,0.0,65.17,13.03,No,0
Bronze,SOHO,6292,3,,,3,65.17,0.0,65.17,21.72,No,0
Bronze,SOHO,4530,1,,,1,65.17,0.0,65.17,65.17,No,0
Bronze,SOHO,6300,3,,,3,65.17,0.0,65.17,21.72,No,0
Bronze,SOHO,6600,3,,,3,65.17,0.0,65.17,21.72,No,0
Bronze,SOHO,4490,3,,,3,65.33,0.0,65.33,21.78,No,0
Bronze,SOHO,4003,6,,,6,65.33,0.0,65.33,10.89,No,0
Bronze,SOHO,4600,3,18.0,,21,65.33,0.0,65.33,21.78,No,0
Bronze,SOHO,6000,4,,,4,65.33,0.0,65.33,16.33,No,0
Bronze,SOHO,6000,4,1.0,,5,65.33,0.0,65.33,16.33,No,0
Bronze,SOHO,6100,3,,,3,65.33,0.0,65.33,21.78,No,0
Bronze,SOHO,6000,6,1.0,,7,65.33,0.0,65.33,10.89,Yes,1
Bronze,SOHO,6600,3,,,3,65.33,0.0,65.33,21.78,No,0
Bronze,SOHO,6190,6,,,6,65.5,0.0,65.5,10.92,No,0
Bronze,SOHO,6000,4,,,4,65.5,0.0,65.5,16.38,No,0
Bronze,SOHO,6400,4,,,4,65.5,0.0,65.5,16.38,No,0
Bronze,SOHO,4004,4,1.0,,5,65.67,0.0,65.67,16.42,No,0
Bronze,SOHO,6065,4,1.0,,5,65.67,0.0,65.67,16.42,No,0
Bronze,SOHO,6450,6,1.0,,7,65.67,0.0,65.67,10.95,No,0
Bronze,SOHO,6400,1,,,1,65.67,0.0,65.67,65.67,No,0
Bronze,SOHO,6000,4,1.0,,5,65.67,0.0,65.67,16.42,No,0
Bronze,SOHO,6000,3,,,3,65.67,0.0,65.67,21.89,No,0
Bronze,SOHO,6000,5,,,5,65.67,0.0,65.67,13.13,No,0
Bronze,SOHO,4003,4,,,4,65.83,0.0,65.83,16.46,No,0
Bronze,SOHO,4023,7,1.0,,8,65.83,0.0,65.83,9.4,No,0
Bronze,SOHO,6300,5,1.0,,6,65.83,0.0,65.83,13.17,No,0
Bronze,SOHO,4500,2,,,2,66.0,0.0,66.0,33.0,No,0
Bronze,SOHO,4023,2,3.0,,5,66.17,0.0,66.17,33.09,No,0
Bronze,SOHO,6100,6,,,6,66.17,0.0,66.17,11.03,No,0
Bronze,SOHO,6000,6,,,6,66.17,0.0,66.17,11.03,No,0
Bronze,SOHO,4002,6,,,6,66.33,0.0,66.33,11.06,No,0
Bronze,SOHO,6100,6,4.0,,10,66.33,0.0,66.33,11.06,No,0
Bronze,SOHO,4300,2,,,2,66.33,0.0,66.33,33.17,No,0
Bronze,SOHO,6300,4,,,4,66.33,0.0,66.33,16.58,No,0
Bronze,SOHO,4023,7,1.0,,8,66.5,0.0,66.5,9.5,No,0
Bronze,SOHO,4210,4,,,4,66.5,0.0,66.5,16.63,No,0
Bronze,SOHO,6400,7,1.0,,8,66.5,0.0,66.5,9.5,No,0
Bronze,SOHO,6000,5,6.0,,11,66.5,0.0,66.5,13.3,No,0
Bronze,SOHO,6000,8,,,8,66.5,0.0,66.5,8.31,No,0
Bronze,SOHO,6400,3,,,3,66.5,0.0,66.5,22.17,No,0
Bronze,SOHO,4147,4,3.0,,7,66.67,0.0,66.67,16.67,No,0
Bronze,SOHO,6400,3,,,3,66.67,0.0,66.67,22.22,Yes,1
Bronze,SOHO,6000,3,,,3,66.83,0.0,66.83,22.28,No,0
Bronze,SOHO,4400,6,,,6,66.83,0.0,66.83,11.14,No,0
Bronze,SOHO,4023,5,2.0,,7,67.0,0.0,67.0,13.4,No,0
Bronze,SOHO,4000,4,1.0,,5,67.0,0.0,67.0,16.75,No,0
Bronze,SOHO,4300,3,,,3,67.0,0.0,67.0,22.33,No,0
Bronze,SOHO,6000,6,3.0,,9,67.0,0.0,67.0,11.17,No,0
Bronze,SOHO,4940,7,,,7,67.17,0.0,67.17,9.6,No,0
Bronze,SOHO,4400,5,,,5,67.17,0.0,67.17,13.43,No,0
Bronze,SOHO,6000,6,1.0,,7,67.17,0.0,67.17,11.2,No,0
Bronze,SOHO,6400,3,1.0,,4,67.17,0.0,67.17,22.39,No,0
Bronze,VSE,6100,2,,,2,67.17,0.0,67.17,33.59,No,0
Bronze,SOHO,6530,5,1.0,,6,67.17,0.0,67.17,13.43,No,0
Bronze,SOHO,6000,5,,,5,67.33,0.0,67.33,13.47,No,0
Bronze,SOHO,6000,7,1.0,,8,67.5,0.0,67.5,9.64,No,0
Bronze,SOHO,6000,4,,,4,67.5,0.0,67.5,16.88,Yes,1
Bronze,SOHO,6400,6,,,6,67.5,0.0,67.5,11.25,No,0
Bronze,SOHO,6000,5,,,5,67.5,0.0,67.5,13.5,No,0
Bronze,SOHO,6000,4,,,4,67.5,0.0,67.5,16.88,No,0
Bronze,SOHO,4400,6,,,6,67.5,0.0,67.5,11.25,No,0
Bronze,SOHO,4400,3,1.0,,4,67.5,0.0,67.5,22.5,No,0
Bronze,SOHO,4522,4,1.0,,5,67.5,0.0,67.5,16.88,No,0
Bronze,SOHO,4230,5,2.0,,7,67.67,0.0,67.67,13.53,No,0
Bronze,SOHO,6100,5,1.0,,6,67.67,0.0,67.67,13.53,No,0
Bronze,VSE,4023,5,,,5,67.67,0.0,67.67,13.53,No,0
Bronze,SOHO,6300,4,,,4,67.67,0.0,67.67,16.92,No,0
Bronze,SOHO,4002,7,3.0,,10,67.83,0.0,67.83,9.69,No,0
Bronze,SOHO,4400,5,,,5,67.83,0.0,67.83,13.57,No,0
Bronze,SOHO,6000,7,,,7,67.83,0.0,67.83,9.69,No,0
Bronze,SOHO,6500,4,,,4,67.83,0.0,67.83,16.96,No,0
Bronze,VSE,6600,2,2.0,,4,67.83,0.0,67.83,33.92,Yes,1
Bronze,SOHO,4197,7,,,7,68.0,0.0,68.0,9.71,No,0
Bronze,SOHO,4000,8,1.0,,9,68.0,0.0,68.0,8.5,No,0
Bronze,SOHO,6100,4,,,4,68.0,0.0,68.0,17.0,No,0
Bronze,SOHO,6260,5,,,5,68.0,0.0,68.0,13.6,No,0
Bronze,SOHO,4023,6,6.0,,12,68.0,0.0,68.0,11.33,No,0
Bronze,SOHO,4004,2,,,2,68.17,0.0,68.17,34.09,Yes,1
Bronze,SOHO,6270,5,,,5,68.17,0.0,68.17,13.63,No,0
Bronze,SOHO,4002,9,1.0,,10,68.17,0.0,68.17,7.57,No,0
Bronze,SOHO,4000,4,1.0,,5,68.17,0.0,68.17,17.04,No,0
Bronze,SOHO,4000,5,,,5,68.33,0.0,68.33,13.67,No,0
Bronze,VSE,4400,9,,,9,68.33,0.0,68.33,7.59,No,0
Bronze,SOHO,4000,3,,,3,68.33,0.0,68.33,22.78,Yes,1
Bronze,SOHO,6000,7,,,7,68.33,0.0,68.33,9.76,No,0
Bronze,SOHO,6000,2,,,2,68.33,0.0,68.33,34.17,No,0
Bronze,SOHO,6100,4,,,4,68.33,0.0,68.33,17.08,No,0
Bronze,SOHO,6200,5,,,5,68.33,0.0,68.33,13.67,No,0
Bronze,SOHO,6100,7,2.0,,9,68.33,0.0,68.33,9.76,No,0
Bronze,SOHO,6000,5,3.0,,8,68.33,0.0,68.33,13.67,No,0
Bronze,SOHO,6000,3,,,3,68.33,0.0,68.33,22.78,No,0
Bronze,SOHO,6600,5,6.0,2.0,13,68.5,0.0,68.5,13.7,No,0
Bronze,SOHO,6000,4,,,4,68.5,0.0,68.5,17.13,No,0
Bronze,SOHO,4400,6,2.0,,8,68.67,0.0,68.67,11.45,No,0
Bronze,SOHO,4000,6,,,6,68.67,0.0,68.67,11.45,No,0
Bronze,SOHO,6100,6,,,6,68.67,0.0,68.67,11.45,No,0
Bronze,SOHO,6100,6,,,6,68.67,0.0,68.67,11.45,No,0
Bronze,SOHO,4137,5,1.0,,6,68.83,0.0,68.83,13.77,No,0
Bronze,SOHO,4300,3,3.0,,6,68.83,0.0,68.83,22.94,Yes,1
Bronze,SOHO,4020,5,3.0,,8,68.83,0.0,68.83,13.77,No,0
Bronze,SOHO,4000,3,,,3,68.83,0.0,68.83,22.94,No,0
Bronze,SOHO,4640,1,2.0,,3,68.83,0.0,68.83,68.83,No,0
Bronze,SOHO,4400,3,3.0,,6,68.83,0.0,68.83,22.94,No,0
Bronze,SOHO,6100,3,4.0,,7,68.83,0.0,68.83,22.94,No,0
Bronze,SOHO,6000,3,,1.0,4,68.83,0.0,68.83,22.94,No,0
Bronze,SOHO,4000,4,,,4,69.0,0.0,69.0,17.25,No,0
Bronze,SOHO,6000,3,1.0,,4,69.0,0.0,69.0,23.0,Yes,1
Bronze,SOHO,6500,3,,,3,69.0,0.0,69.0,23.0,No,0
Bronze,SOHO,4004,5,,,5,69.17,0.0,69.17,13.83,No,0
Bronze,SOHO,4004,8,5.0,,13,69.17,0.0,69.17,8.65,No,0
Bronze,SOHO,6100,3,,,3,69.17,0.0,69.17,23.06,No,0
Bronze,SOHO,4004,4,1.0,,5,69.17,0.0,69.17,17.29,No,0
Bronze,SOHO,6000,5,3.0,,8,69.33,0.0,69.33,13.87,No,0
Bronze,SOHO,6400,8,,,8,69.33,0.0,69.33,8.67,No,0
Bronze,Other,4004,1,,,1,69.33,0.0,69.33,69.33,No,0
Bronze,SOHO,6100,3,1.0,,4,69.33,0.0,69.33,23.11,No,0
Bronze,SOHO,4400,5,,,5,69.5,0.0,69.5,13.9,No,0
Bronze,SOHO,4023,5,5.0,,10,69.5,0.0,69.5,13.9,No,0
Bronze,SOHO,6100,4,1.0,,5,69.5,0.0,69.5,17.38,No,0
Bronze,SOHO,6600,3,,,3,69.5,0.0,69.5,23.17,No,0
Bronze,SOHO,4400,4,1.0,,5,69.67,0.0,69.67,17.42,No,0
Bronze,SOHO,4000,5,,,5,69.67,0.0,69.67,13.93,No,0
Bronze,SOHO,6171,5,3.0,,8,69.67,0.0,69.67,13.93,No,0
Bronze,SOHO,6000,5,1.0,,6,69.67,0.0,69.67,13.93,No,0
Bronze,SOHO,6100,6,1.0,,7,69.67,0.0,69.67,11.61,No,0
Bronze,SOHO,6600,4,,,4,69.67,0.0,69.67,17.42,No,0
Bronze,SOHO,4500,3,2.0,,5,69.83,0.0,69.83,23.28,No,0
Bronze,SOHO,6600,2,,,2,69.83,0.0,69.83,34.92,No,0
Bronze,SOHO,6300,3,,,3,69.83,0.0,69.83,23.28,No,0
Bronze,SOHO,4000,4,,,4,70.0,0.0,70.0,17.5,No,0
Bronze,SOHO,6000,5,,,5,70.0,0.0,70.0,14.0,No,0
Bronze,SOHO,6000,9,,,9,70.0,0.0,70.0,7.78,No,0
Bronze,SOHO,6300,10,,,10,70.0,0.0,70.0,7.0,No,0
Bronze,SOHO,6300,3,,,3,70.0,0.0,70.0,23.33,No,0
Bronze,SOHO,6300,6,,,6,70.0,0.0,70.0,11.67,Yes,1
Bronze,SOHO,4400,5,,,5,70.17,0.0,70.17,14.03,No,0
Bronze,SOHO,4004,8,,,8,70.17,0.0,70.17,8.77,No,0
Bronze,SOHO,4150,7,2.0,,9,70.17,0.0,70.17,10.02,No,0
Bronze,SOHO,6000,3,1.0,,4,70.17,0.0,70.17,23.39,No,0
Bronze,SOHO,6600,3,2.0,,5,70.17,0.0,70.17,23.39,No,0
Bronze,SOHO,4000,6,,,6,70.33,0.0,70.33,11.72,No,0
Bronze,SOHO,6000,5,,,5,70.33,0.0,70.33,14.07,No,0
Bronze,SOHO,6004,4,,,4,70.33,0.0,70.33,17.58,No,0
Bronze,SOHO,6690,6,,,6,70.33,0.0,70.33,11.72,No,0
Bronze,SOHO,6300,6,,,6,70.33,0.0,70.33,11.72,No,0
Bronze,SOHO,4003,6,,,6,70.5,0.0,70.5,11.75,No,0
Bronze,SOHO,4550,3,1.0,,4,70.67,0.0,70.67,23.56,No,0
Bronze,SOHO,6400,6,,,6,70.67,0.0,70.67,11.78,No,0
Bronze,SOHO,6600,7,2.0,,9,70.67,0.0,70.67,10.1,No,0
Bronze,SOHO,4006,3,2.0,,5,70.83,0.0,70.83,23.61,No,0
Bronze,SOHO,4407,4,,,4,70.83,0.0,70.83,17.71,No,0
Bronze,SOHO,4000,4,,,4,70.83,0.0,70.83,17.71,No,0
Bronze,SOHO,6000,4,,,4,70.83,0.0,70.83,17.71,No,0
Bronze,SOHO,6100,5,3.0,,8,70.83,0.0,70.83,14.17,No,0
Bronze,SOHO,4000,3,,,3,71.0,0.0,71.0,23.67,No,0
Bronze,SOHO,4339,3,,,3,71.0,0.0,71.0,23.67,No,0
Bronze,SOHO,6140,6,3.0,,9,71.0,0.0,71.0,11.83,No,0
Bronze,SOHO,6000,4,,,4,71.0,0.0,71.0,17.75,No,0
Bronze,SOHO,6000,7,,,7,71.0,0.0,71.0,10.14,No,0
Bronze,SOHO,4003,3,,,3,71.17,0.0,71.17,23.72,No,0
Bronze,SOHO,4225,6,3.0,,9,71.17,0.0,71.17,11.86,No,0
Bronze,SOHO,6600,7,1.0,,8,71.17,0.0,71.17,10.17,No,0
Bronze,SOHO,6500,5,2.0,,7,71.17,0.0,71.17,14.23,No,0
Bronze,SOHO,4230,8,,,8,71.33,0.0,71.33,8.92,No,0
Bronze,SOHO,6300,3,1.0,,4,71.33,0.0,71.33,23.78,No,0
Bronze,SOHO,6550,3,,,3,71.33,0.0,71.33,23.78,No,0
Bronze,SOHO,4500,2,,,2,71.5,0.0,71.5,35.75,No,0
Bronze,SOHO,4000,8,1.0,,9,71.5,0.0,71.5,8.94,No,0
Bronze,SOHO,6000,4,,,4,71.5,0.0,71.5,17.88,No,0
Bronze,SOHO,6000,3,1.0,,4,71.5,0.0,71.5,23.83,No,0
Bronze,SOHO,6300,2,2.0,,4,71.5,0.0,71.5,35.75,No,0
Bronze,SOHO,4400,6,1.0,,7,71.67,0.0,71.67,11.95,No,0
Bronze,SOHO,4004,6,6.0,,12,71.67,0.0,71.67,11.95,No,0
Bronze,SOHO,6550,2,,1.0,3,71.67,0.0,71.67,35.84,No,0
Bronze,SOHO,4003,3,1.0,,4,71.67,0.0,71.67,23.89,No,0
Bronze,SOHO,4000,4,3.0,1.0,8,71.67,0.0,71.67,17.92,No,0
Bronze,SOHO,4000,6,3.0,,9,71.67,0.0,71.67,11.95,Yes,1
Bronze,SOHO,4000,5,3.0,,8,71.83,0.0,71.83,14.37,No,0
Bronze,SOHO,4400,3,1.0,,4,71.83,0.0,71.83,23.94,No,0
Bronze,SOHO,6100,4,1.0,,5,71.83,0.0,71.83,17.96,No,0
Bronze,SOHO,6000,5,,,5,71.83,0.0,71.83,14.37,No,0
Bronze,SOHO,4500,5,,,5,71.83,0.0,71.83,14.37,No,0
Bronze,SOHO,6362,4,3.0,,7,71.83,0.0,71.83,17.96,No,0
Bronze,SOHO,4001,5,,,5,72.0,0.0,72.0,14.4,No,0
Bronze,SOHO,6000,5,1.0,,6,72.0,0.0,72.0,14.4,No,0
Bronze,SOHO,6000,5,1.0,,6,72.0,0.0,72.0,14.4,No,0
Bronze,SOHO,6600,4,1.0,,5,72.0,0.0,72.0,18.0,No,0
Bronze,SOHO,6600,4,1.0,,5,72.0,0.0,72.0,18.0,No,0
Bronze,SOHO,6100,6,,,6,72.17,0.0,72.17,12.03,No,0
Bronze,SOHO,6400,3,,,3,72.17,0.0,72.17,24.06,No,0
Bronze,SOHO,6280,6,,,6,72.17,0.0,72.17,12.03,No,0
Bronze,SOHO,4000,8,,,8,72.17,0.0,72.17,9.02,No,0
Bronze,SOHO,6600,2,3.0,,5,72.17,0.0,72.17,36.09,No,0
Bronze,SOHO,6300,3,,,3,72.17,0.0,72.17,24.06,No,0
Bronze,SOHO,6600,7,,,7,72.17,0.0,72.17,10.31,No,0
Bronze,SOHO,4500,5,,,5,72.33,0.0,72.33,14.47,No,0
Bronze,SOHO,4400,1,3.0,,4,72.33,0.0,72.33,72.33,No,0
Bronze,SOHO,6000,3,,,3,72.33,0.0,72.33,24.11,No,0
Bronze,SOHO,6600,5,,,5,72.33,0.0,72.33,14.47,Yes,1
Bronze,SOHO,6280,6,2.0,,8,72.33,0.0,72.33,12.06,No,0
Bronze,SOHO,6000,5,3.0,,8,72.33,0.0,72.33,14.47,No,0
Bronze,SOHO,4000,5,,,5,72.33,0.0,72.33,14.47,No,0
Bronze,SOHO,4300,3,2.0,,5,72.5,0.0,72.5,24.17,No,0
Bronze,SOHO,4006,6,2.0,,8,72.5,0.0,72.5,12.08,No,0
Bronze,SOHO,6000,5,1.0,,6,72.5,0.0,72.5,14.5,No,0
Bronze,SOHO,4400,4,,,4,72.67,0.0,72.67,18.17,No,0
Bronze,VSE,4002,1,3.0,,4,72.67,0.0,72.67,72.67,No,0
Bronze,SOHO,6070,5,,,5,72.67,0.0,72.67,14.53,No,0
Bronze,SOHO,6000,6,1.0,,7,72.67,0.0,72.67,12.11,Yes,1
Bronze,SOHO,4400,2,2.0,,4,72.83,0.0,72.83,36.42,No,0
Bronze,SOHO,6000,4,2.0,,6,72.83,0.0,72.83,18.21,No,0
Bronze,SOHO,6000,4,1.0,,5,72.83,0.0,72.83,18.21,No,0
Bronze,SOHO,6000,5,,,5,72.83,0.0,72.83,14.57,No,0
Bronze,SOHO,6100,4,,,4,72.83,0.0,72.83,18.21,No,0
Bronze,SOHO,6100,4,,,4,72.83,0.0,72.83,18.21,No,0
Bronze,SOHO,6000,4,,,4,72.83,0.0,72.83,18.21,No,0
Bronze,SOHO,6400,4,1.0,,5,72.83,0.0,72.83,18.21,No,0
Bronze,SOHO,6600,7,,,7,72.83,0.0,72.83,10.4,No,0
Bronze,SOHO,6300,9,,,9,72.83,0.0,72.83,8.09,No,0
Bronze,SOHO,4500,2,3.0,,5,73.0,0.0,73.0,36.5,No,0
Bronze,SOHO,4230,6,,,6,73.0,0.0,73.0,12.17,No,0
Bronze,SOHO,6400,8,2.0,,10,73.0,0.0,73.0,9.13,No,0
Bronze,SOHO,4142,3,,,3,73.0,0.0,73.0,24.33,No,0
Bronze,SOHO,4700,3,2.0,,5,73.17,0.0,73.17,24.39,No,0
Bronze,SOHO,4002,3,2.0,,5,73.17,0.0,73.17,24.39,No,0
Bronze,SOHO,6000,7,,,7,73.17,0.0,73.17,10.45,No,0
Bronze,SOHO,6200,9,5.0,,14,73.17,0.0,73.17,8.13,No,0
Bronze,SOHO,4550,3,1.0,,4,73.33,0.0,73.33,24.44,No,0
Bronze,SOHO,4142,3,,,3,73.33,0.0,73.33,24.44,No,0
Bronze,SOHO,4400,4,1.0,,5,73.33,0.0,73.33,18.33,No,0
Bronze,SOHO,6000,5,,,5,73.33,0.0,73.33,14.67,No,0
Bronze,SOHO,6400,3,,,3,73.33,0.0,73.33,24.44,No,0
Bronze,SOHO,4230,3,,,3,73.33,0.0,73.33,24.44,No,0
Bronze,SOHO,6400,5,,,5,73.33,0.0,73.33,14.67,No,0
Bronze,SOHO,6900,4,1.0,,5,73.33,0.0,73.33,18.33,Yes,1
Bronze,SOHO,6600,5,,,5,73.33,0.0,73.33,14.67,No,0
Bronze,SOHO,6300,3,,,3,73.33,0.0,73.33,24.44,Yes,1
Bronze,SOHO,6500,4,,,4,73.33,0.0,73.33,18.33,No,0
Bronze,SOHO,4632,4,,,4,73.5,0.0,73.5,18.38,Yes,1
Bronze,SOHO,6100,5,,,5,73.5,0.0,73.5,14.7,No,0
Bronze,SOHO,6400,4,,,4,73.5,0.0,73.5,18.38,No,0
Bronze,SOHO,6000,3,,,3,73.5,0.0,73.5,24.5,No,0
Bronze,SOHO,6400,5,2.0,,7,73.5,0.0,73.5,14.7,No,0
Bronze,SOHO,4550,5,,,5,73.67,0.0,73.67,14.73,No,0
Bronze,SOHO,4002,5,,,5,73.67,0.0,73.67,14.73,No,0
Bronze,SOHO,6000,4,3.0,,7,73.67,0.0,73.67,18.42,No,0
Bronze,SOHO,6000,4,,,4,73.67,0.0,73.67,18.42,No,0
Bronze,SOHO,6500,5,1.0,,6,73.67,0.0,73.67,14.73,No,0
Bronze,SOHO,4600,6,,,6,73.83,0.0,73.83,12.31,No,0
Bronze,SOHO,4000,8,,,8,73.83,0.0,73.83,9.23,No,0
Bronze,SOHO,4500,6,1.0,,7,74.0,0.0,74.0,12.33,No,0
Bronze,VSE,4000,38,7.0,,45,74.0,0.0,74.0,1.95,No,0
Bronze,SOHO,6845,8,1.0,,9,74.0,0.0,74.0,9.25,Yes,1
Bronze,SOHO,6000,2,1.0,,3,74.0,0.0,74.0,37.0,No,0
Bronze,SOHO,6000,4,,,4,74.17,0.0,74.17,18.54,No,0
Bronze,SOHO,6000,8,,,8,74.17,0.0,74.17,9.27,No,0
Bronze,SOHO,6600,6,,,6,74.17,0.0,74.17,12.36,No,0
Bronze,SOHO,6600,3,1.0,,4,74.17,0.0,74.17,24.72,No,0
Bronze,SOHO,6000,3,,,3,74.33,0.0,74.33,24.78,No,0
Bronze,SOHO,6000,6,,,6,74.33,0.0,74.33,12.39,No,0
Bronze,SOHO,6000,7,2.0,,9,74.33,0.0,74.33,10.62,Yes,1
Bronze,SOHO,4270,4,,,4,74.33,0.0,74.33,18.58,No,0
Bronze,SOHO,6400,3,3.0,,6,74.33,0.0,74.33,24.78,No,0
Bronze,SOHO,4003,5,,,5,74.5,0.0,74.5,14.9,No,0
Bronze,SOHO,6000,3,,,3,74.5,0.0,74.5,24.83,No,0
Bronze,SOHO,4400,3,1.0,,4,74.5,0.0,74.5,24.83,No,0
Bronze,SOHO,6000,5,1.0,,6,74.5,0.0,74.5,14.9,No,0
Bronze,SOHO,4004,3,,,3,74.67,0.0,74.67,24.89,No,0
Bronze,SOHO,6142,6,,,6,74.67,0.0,74.67,12.45,No,0
Bronze,SOHO,6000,4,,,4,74.67,0.0,74.67,18.67,Yes,1
Bronze,SOHO,6400,5,2.0,,7,74.67,0.0,74.67,14.93,Yes,1
Bronze,SOHO,6000,3,2.0,,5,74.83,0.0,74.83,24.94,No,0
Bronze,SOHO,6100,6,3.0,,9,74.83,0.0,74.83,12.47,No,0
Bronze,SOHO,6600,3,1.0,,4,74.83,0.0,74.83,24.94,No,0
Bronze,SOHO,4418,3,,,3,75.0,0.0,75.0,25.0,No,0
Bronze,SOHO,4000,4,3.0,,7,75.0,0.0,75.0,18.75,No,0
Bronze,SOHO,4130,3,1.0,,4,75.0,0.0,75.0,25.0,No,0
Bronze,SOHO,6400,6,,,6,75.0,0.0,75.0,12.5,No,0
Bronze,SOHO,6000,6,1.0,,7,75.0,0.0,75.0,12.5,No,0
Bronze,SOHO,6450,4,1.0,,5,75.17,0.0,75.17,18.79,No,0
Bronze,SOHO,6000,4,2.0,,6,75.17,0.0,75.17,18.79,No,0
Bronze,SOHO,6280,6,1.0,,7,75.17,0.0,75.17,12.53,No,0
Bronze,SOHO,4112,6,1.0,,7,75.17,0.0,75.17,12.53,No,0
Bronze,SOHO,1000,12,,,12,75.17,0.0,75.17,6.26,No,0
Bronze,SOHO,6300,6,,,6,75.17,0.0,75.17,12.53,No,0
Bronze,SOHO,4000,6,1.0,,7,75.33,0.0,75.33,12.56,No,0
Bronze,SOHO,4640,8,,,8,75.33,0.0,75.33,9.42,No,0
Bronze,SOHO,6000,4,,,4,75.33,0.0,75.33,18.83,No,0
Bronze,SOHO,6100,6,,,6,75.33,0.0,75.33,12.56,No,0
Bronze,SOHO,6600,5,,1.0,6,75.33,0.0,75.33,15.07,No,0
Bronze,SOHO,4500,5,2.0,,7,75.5,0.0,75.5,15.1,No,0
Bronze,SOHO,4003,9,1.0,,10,75.5,0.0,75.5,8.39,No,0
Bronze,SOHO,6450,4,,,4,75.5,0.0,75.5,18.88,No,0
Bronze,SOHO,6000,3,,,3,75.5,0.0,75.5,25.17,No,0
Bronze,SOHO,6000,6,,,6,75.5,0.0,75.5,12.58,No,0
Bronze,SOHO,6400,4,1.0,,5,75.5,0.0,75.5,18.88,No,0
Bronze,SOHO,6260,12,,,12,75.67,0.0,75.67,6.31,No,0
Bronze,SOHO,6450,8,,,8,75.67,0.0,75.67,9.46,No,0
Bronze,SOHO,6000,4,2.0,,6,75.67,0.0,75.67,18.92,No,0
Bronze,SOHO,4000,4,1.0,,5,75.67,0.0,75.67,18.92,No,0
Bronze,SOHO,6490,7,1.0,,8,75.67,0.0,75.67,10.81,No,0
Bronze,SOHO,6600,8,6.0,,14,75.67,0.0,75.67,9.46,No,0
Bronze,SOHO,6600,4,1.0,,5,75.67,0.0,75.67,18.92,No,0
Bronze,SOHO,4002,4,5.0,,9,75.83,0.0,75.83,18.96,No,0
Bronze,SOHO,4600,4,,,4,75.83,0.0,75.83,18.96,No,0
Bronze,SOHO,6400,5,,,5,75.83,0.0,75.83,15.17,No,0
Bronze,SOHO,6100,4,,,4,75.83,0.0,75.83,18.96,No,0
Bronze,SOHO,6000,5,1.0,,6,75.83,0.0,75.83,15.17,No,0
Bronze,SOHO,6450,7,,,7,75.83,0.0,75.83,10.83,No,0
Bronze,SOHO,6500,4,1.0,,5,75.83,0.0,75.83,18.96,No,0
Bronze,SOHO,4004,6,,,6,76.0,0.0,76.0,12.67,No,0
Bronze,SOHO,6400,3,5.0,,8,76.0,0.0,76.0,25.33,No,0
Bronze,SOHO,6000,7,,,7,76.0,0.0,76.0,10.86,No,0
Bronze,SOHO,6600,5,,,5,76.0,0.0,76.0,15.2,No,0
Bronze,SOHO,4020,8,1.0,,9,76.17,0.0,76.17,9.52,No,0
Bronze,SOHO,6000,7,2.0,,9,76.17,0.0,76.17,10.88,No,0
Bronze,SOHO,4330,3,1.0,,4,76.33,0.0,76.33,25.44,No,0
Bronze,SOHO,4700,3,,,3,76.33,0.0,76.33,25.44,No,0
Bronze,SOHO,6000,5,3.0,,8,76.67,0.0,76.67,15.33,Yes,1
Bronze,SOHO,6260,6,1.0,,7,76.67,0.0,76.67,12.78,No,0
Bronze,SOHO,6400,8,,,8,76.67,0.0,76.67,9.58,No,0
Bronze,SOHO,4412,6,,,6,76.83,0.0,76.83,12.81,No,0
Bronze,SOHO,6100,5,1.0,,6,76.83,0.0,76.83,15.37,No,0
Bronze,SOHO,6600,6,,,6,76.83,0.0,76.83,12.81,No,0
Bronze,SOHO,6500,3,,,3,76.83,0.0,76.83,25.61,No,0
Bronze,SOHO,4579,5,1.0,,6,77.0,0.0,77.0,15.4,No,0
Bronze,SOHO,4600,6,3.0,,9,77.0,0.0,77.0,12.83,No,0
Bronze,SOHO,4015,3,,,3,77.0,0.0,77.0,25.67,No,0
Bronze,SOHO,6000,5,1.0,,6,77.0,0.0,77.0,15.4,No,0
Bronze,SOHO,6300,7,1.0,,8,77.0,0.0,77.0,11.0,No,0
Bronze,SOHO,4230,4,2.0,,6,77.17,0.0,77.17,19.29,No,0
Bronze,SOHO,4000,2,,,2,77.17,0.0,77.17,38.59,No,0
Bronze,SOHO,4600,4,,,4,77.17,0.0,77.17,19.29,No,0
Bronze,SOHO,4002,4,7.0,,11,77.17,0.0,77.17,19.29,No,0
Bronze,SOHO,6000,4,1.0,,5,77.17,0.0,77.17,19.29,No,0
Bronze,SOHO,4003,5,1.0,,6,77.33,0.0,77.33,15.47,No,0
Bronze,SOHO,6260,4,,,4,77.33,0.0,77.33,19.33,No,0
Bronze,SOHO,4300,4,,,4,77.5,0.0,77.5,19.38,No,0
Bronze,SOHO,4003,6,1.0,,7,77.5,0.0,77.5,12.92,No,0
Bronze,SOHO,4023,4,,,4,77.5,0.0,77.5,19.38,No,0
Bronze,SOHO,6000,6,,,6,77.5,0.0,77.5,12.92,No,0
Bronze,SOHO,6000,3,3.0,,6,77.5,0.0,77.5,25.83,No,0
Bronze,SOHO,6167,6,,,6,77.5,0.0,77.5,12.92,No,0
Bronze,SOHO,4000,7,4.0,,11,77.67,0.0,77.67,11.1,No,0
Bronze,VSE,6000,3,4.0,,7,77.67,0.0,77.67,25.89,No,0
Bronze,SOHO,6400,4,5.0,,9,77.67,0.0,77.67,19.42,No,0
Bronze,SOHO,4000,7,,,7,78.0,0.0,78.0,11.14,No,0
Bronze,SOHO,6000,4,,,4,78.0,0.0,78.0,19.5,No,0
Bronze,SOHO,4002,6,6.0,,12,78.0,0.0,78.0,13.0,No,0
Bronze,SOHO,6000,7,,,7,78.0,0.0,78.0,11.14,No,0
Bronze,SOHO,4000,6,1.0,,7,78.0,0.0,78.0,13.0,No,0
Bronze,SOHO,4004,6,1.0,,7,78.17,0.0,78.17,13.03,No,0
Bronze,SOHO,4000,7,,,7,78.17,0.0,78.17,11.17,No,0
Bronze,SOHO,6000,4,,,4,78.17,0.0,78.17,19.54,No,0
Bronze,SOHO,6097,1,1.0,,2,78.17,0.0,78.17,78.17,Yes,1
Bronze,SOHO,6900,3,,,3,78.17,0.0,78.17,26.06,No,0
Bronze,SOHO,4581,2,1.0,,3,78.33,0.0,78.33,39.17,No,0
Bronze,SOHO,4400,8,,,8,78.33,0.0,78.33,9.79,No,0
Bronze,SOHO,6400,3,,,3,78.33,0.0,78.33,26.11,No,0
Bronze,SOHO,6000,3,2.0,,5,78.33,0.0,78.33,26.11,No,0
Bronze,SOHO,6800,6,,,6,78.33,0.0,78.33,13.06,No,0
Bronze,SOHO,6600,8,,,8,78.33,0.0,78.33,9.79,No,0
Bronze,SOHO,4409,3,,,3,78.5,0.0,78.5,26.17,No,0
Bronze,SOHO,4000,5,6.0,,11,78.5,0.0,78.5,15.7,Yes,1
Bronze,SOHO,6900,7,,,7,78.5,0.0,78.5,11.21,No,0
Bronze,SOHO,6000,4,1.0,,5,78.67,0.0,78.67,19.67,No,0
Bronze,SOHO,4006,4,6.0,,10,78.67,0.0,78.67,19.67,Yes,1
Bronze,SOHO,6300,7,,,7,78.67,0.0,78.67,11.24,No,0
Bronze,VSE,6400,9,,,9,78.83,0.0,78.83,8.76,No,0
Bronze,SOHO,6440,5,2.0,,7,78.83,0.0,78.83,15.77,No,0
Bronze,SOHO,6600,4,2.0,1.0,7,78.83,0.0,78.83,19.71,No,0
Bronze,SOHO,6300,4,2.0,,6,78.83,0.0,78.83,19.71,No,0
Bronze,SOHO,6300,4,1.0,,5,78.83,0.0,78.83,19.71,No,0
Bronze,SOHO,4110,3,3.0,,6,79.0,0.0,79.0,26.33,No,0
Bronze,SOHO,4003,6,1.0,,7,79.0,0.0,79.0,13.17,No,0
Bronze,SOHO,4172,3,,,3,79.0,0.0,79.0,26.33,No,0
Bronze,SOHO,6190,7,2.0,,9,79.0,0.0,79.0,11.29,No,0
Bronze,SOHO,6000,6,5.0,,11,79.0,0.0,79.0,13.17,No,0
Bronze,SOHO,6155,5,,,5,79.0,0.0,79.0,15.8,No,0
Bronze,SOHO,6300,4,,,4,79.0,0.0,79.0,19.75,No,0
Bronze,SOHO,4400,3,,,3,79.17,0.0,79.17,26.39,No,0
Bronze,SOHO,6000,7,,,7,79.17,0.0,79.17,11.31,No,0
Bronze,SOHO,4300,6,,,6,79.17,0.0,79.17,13.2,No,0
Bronze,SOHO,4000,11,,,11,79.17,0.0,79.17,7.2,No,0
Bronze,SOHO,6600,3,,,3,79.17,0.0,79.17,26.39,No,0
Bronze,SOHO,6300,8,1.0,,9,79.17,0.0,79.17,9.9,No,0
Bronze,SOHO,6550,12,,,12,79.33,0.0,79.33,6.61,No,0
Bronze,SOHO,6000,5,2.0,,7,79.33,0.0,79.33,15.87,No,0
Bronze,SOHO,6500,6,,,6,79.33,0.0,79.33,13.22,No,0
Bronze,SOHO,4400,5,,,5,79.5,0.0,79.5,15.9,No,0
Bronze,SOHO,6100,5,,,5,79.5,0.0,79.5,15.9,No,0
Bronze,SOHO,6000,5,,,5,79.5,0.0,79.5,15.9,Yes,1
Bronze,SOHO,6800,7,4.0,,11,79.5,0.0,79.5,11.36,No,0
Bronze,SOHO,4210,5,,,5,79.67,0.0,79.67,15.93,Yes,1
Bronze,SOHO,4000,5,,,5,79.67,0.0,79.67,15.93,No,0
Bronze,SOHO,6000,6,1.0,,7,79.67,0.0,79.67,13.28,No,0
Bronze,SOHO,6180,6,2.0,,8,79.67,0.0,79.67,13.28,No,0
Bronze,SOHO,4400,6,,,6,79.67,0.0,79.67,13.28,No,0
Bronze,SOHO,4023,3,,,3,79.67,0.0,79.67,26.56,No,0
Bronze,SOHO,6865,3,,,3,79.67,0.0,79.67,26.56,No,0
Bronze,SOHO,4122,5,5.0,,10,79.83,0.0,79.83,15.97,No,0
Bronze,SOHO,6400,5,,,5,79.83,0.0,79.83,15.97,No,0
Bronze,SOHO,6000,7,1.0,,8,79.83,0.0,79.83,11.4,No,0
Bronze,SOHO,6400,8,2.0,,10,79.83,0.0,79.83,9.98,No,0
Bronze,SOHO,6300,2,,,2,79.83,0.0,79.83,39.92,No,0
Bronze,SOHO,4550,3,2.0,,5,80.0,0.0,80.0,26.67,No,0
Bronze,SOHO,4400,3,,,3,80.0,0.0,80.0,26.67,No,0
Bronze,SOHO,4400,2,,1.0,3,80.0,0.0,80.0,40.0,No,0
Bronze,SOHO,4023,6,2.0,,8,80.0,0.0,80.0,13.33,No,0
Bronze,SOHO,4003,5,2.0,,7,80.0,0.0,80.0,16.0,No,0
Bronze,SOHO,4900,2,1.0,,3,80.0,0.0,80.0,40.0,No,0
Bronze,SOHO,4006,7,,,7,80.0,0.0,80.0,11.43,No,0
Bronze,SOHO,6400,3,,,3,80.0,0.0,80.0,26.67,No,0
Bronze,SOHO,4004,7,,,7,80.33,0.0,80.33,11.48,No,0
Bronze,SOHO,6000,4,2.0,,6,80.33,0.0,80.33,20.08,No,0
Bronze,SOHO,6000,2,,,2,80.33,0.0,80.33,40.17,No,0
Bronze,SOHO,6450,4,3.0,,7,80.33,0.0,80.33,20.08,No,0
Bronze,SOHO,4490,8,,,8,80.33,0.0,80.33,10.04,No,0
Bronze,SOHO,4490,7,,,7,80.5,0.0,80.5,11.5,No,0
Bronze,SOHO,4400,8,,,8,80.5,0.0,80.5,10.06,No,0
Bronze,SOHO,6300,5,1.0,,6,80.5,0.0,80.5,16.1,No,0
Bronze,SOHO,6000,7,,,7,80.67,0.0,80.67,11.52,No,0
Bronze,SOHO,6000,6,,,6,80.67,0.0,80.67,13.45,No,0
Bronze,SOHO,6450,9,,,9,80.67,0.0,80.67,8.96,No,0
Bronze,SOHO,4600,6,,,6,80.67,0.0,80.67,13.45,No,0
Bronze,SOHO,4400,4,,,4,80.83,0.0,80.83,20.21,No,0
Bronze,SOHO,6000,5,,,5,80.83,0.0,80.83,16.17,No,0
Bronze,SOHO,6000,5,,,5,80.83,0.0,80.83,16.17,No,0
Bronze,SOHO,6062,6,3.0,,9,80.83,0.0,80.83,13.47,No,0
Bronze,SOHO,6065,6,,,6,81.0,0.0,81.0,13.5,No,0
Bronze,SOHO,6000,9,,,9,81.0,0.0,81.0,9.0,No,0
Bronze,SOHO,6100,7,,,7,81.0,0.0,81.0,11.57,No,0
Bronze,SOHO,4400,6,4.0,,10,81.17,0.0,81.17,13.53,No,0
Bronze,SOHO,4400,3,9.0,,12,81.17,0.0,81.17,27.06,No,0
Bronze,SOHO,4180,7,,,7,81.17,0.0,81.17,11.6,No,0
Bronze,SOHO,4550,4,,,4,81.17,0.0,81.17,20.29,No,0
Bronze,SOHO,6400,6,,,6,81.33,0.0,81.33,13.56,No,0
Bronze,SOHO,6450,6,,,6,81.5,0.0,81.5,13.58,No,0
Bronze,SOHO,6600,3,2.0,,5,81.5,0.0,81.5,27.17,No,0
Bronze,SOHO,6570,7,,,7,81.5,0.0,81.5,11.64,Yes,1
Bronze,SOHO,4400,7,,,7,81.67,0.0,81.67,11.67,Yes,1
Bronze,SOHO,6100,5,1.0,,6,81.67,0.0,81.67,16.33,No,0
Bronze,SOHO,4000,5,3.0,,8,81.83,0.0,81.83,16.37,No,0
Bronze,SOHO,6000,2,3.0,1.0,6,81.83,0.0,81.83,40.92,No,0
Bronze,SOHO,6200,3,1.0,,4,81.83,0.0,81.83,27.28,No,0
Bronze,SOHO,6400,4,,,4,81.83,0.0,81.83,20.46,No,0
Bronze,SOHO,6400,3,,,3,81.83,0.0,81.83,27.28,No,0
Bronze,SOHO,6300,4,,,4,81.83,0.0,81.83,20.46,No,0
Bronze,SOHO,4003,6,1.0,,7,82.0,0.0,82.0,13.67,No,0
Bronze,SOHO,4000,8,,,8,82.0,0.0,82.0,10.25,No,0
Bronze,SOHO,6000,5,3.0,,8,82.0,0.0,82.0,16.4,No,0
Bronze,SOHO,6000,6,2.0,,8,82.0,0.0,82.0,13.67,No,0
Bronze,SOHO,6437,1,5.0,,6,82.0,0.0,82.0,82.0,No,0
Bronze,SOHO,4400,8,1.0,,9,82.0,0.0,82.0,10.25,No,0
Bronze,SOHO,4400,3,,,3,82.17,0.0,82.17,27.39,No,0
Bronze,SOHO,4300,3,11.0,,14,82.17,0.0,82.17,27.39,No,0
Bronze,SOHO,6280,6,,,6,82.17,0.0,82.17,13.7,No,0
Bronze,SOHO,4000,4,2.0,,6,82.33,0.0,82.33,20.58,No,0
Bronze,SOHO,4230,6,,,6,82.33,0.0,82.33,13.72,No,0
Bronze,SOHO,4400,6,,,6,82.33,0.0,82.33,13.72,No,0
Bronze,SOHO,6000,4,,,4,82.33,0.0,82.33,20.58,No,0
Bronze,SOHO,4600,4,,,4,82.5,0.0,82.5,20.63,No,0
Bronze,SOHO,4400,1,,,1,67.0,15.5,82.5,67.0,No,0
Bronze,SOHO,4600,8,,,8,82.5,0.0,82.5,10.31,No,0
Bronze,SOHO,6000,6,,,6,82.5,0.0,82.5,13.75,No,0
Bronze,SOHO,6000,9,1.0,,10,82.5,0.0,82.5,9.17,No,0
Bronze,SOHO,6000,4,,,4,82.5,0.0,82.5,20.63,No,0
Bronze,SOHO,4150,6,,,6,82.5,0.0,82.5,13.75,No,0
Bronze,SOHO,4000,7,,,7,82.5,0.0,82.5,11.79,No,0
Bronze,SOHO,4210,4,,,4,82.5,0.0,82.5,20.63,No,0
Bronze,SOHO,6000,4,,,4,82.5,0.0,82.5,20.63,No,0
Bronze,SOHO,6300,7,6.0,,13,82.5,0.0,82.5,11.79,No,0
Bronze,SOHO,4470,5,,,5,82.67,0.0,82.67,16.53,No,0
Bronze,SOHO,6000,5,2.0,,7,82.67,0.0,82.67,16.53,No,0
Bronze,SOHO,6600,5,4.0,,9,82.67,0.0,82.67,16.53,No,0
Bronze,SOHO,4023,8,4.0,,12,82.67,0.0,82.67,10.33,No,0
Bronze,SOHO,6400,5,,,5,82.67,0.0,82.67,16.53,No,0
Bronze,SOHO,6000,7,11.0,,18,82.83,0.0,82.83,11.83,No,0
Bronze,SOHO,4500,5,1.0,,6,82.83,0.0,82.83,16.57,No,0
Bronze,SOHO,4023,6,,,6,83.0,0.0,83.0,13.83,No,0
Bronze,SOHO,4000,8,9.0,,17,83.0,0.0,83.0,10.38,No,0
Bronze,SOHO,6000,4,,1.0,5,83.0,0.0,83.0,20.75,No,0
Bronze,SOHO,6200,5,,,5,83.0,0.0,83.0,16.6,No,0
Bronze,SOHO,6100,4,,,4,83.0,0.0,83.0,20.75,No,0
Bronze,SOHO,6100,5,,,5,83.0,0.0,83.0,16.6,Yes,1
Bronze,SOHO,6300,6,4.0,,10,83.0,0.0,83.0,13.83,No,0
Bronze,SOHO,6000,3,2.0,,5,83.17,0.0,83.17,27.72,No,0
Bronze,SOHO,6600,4,,,4,83.17,0.0,83.17,20.79,No,0
Bronze,SOHO,4400,6,,,6,83.33,0.0,83.33,13.89,No,0
Bronze,VSE,6000,4,,,4,83.33,0.0,83.33,20.83,No,0
Bronze,SOHO,6450,2,1.0,,3,83.33,0.0,83.33,41.67,No,0
Bronze,SOHO,4004,6,,,6,83.5,0.0,83.5,13.92,No,0
Bronze,SOHO,6500,5,,,5,83.5,0.0,83.5,16.7,No,0
Bronze,SOHO,6000,6,1.0,,7,83.5,0.0,83.5,13.92,No,0
Bronze,SOHO,6000,5,,,5,83.5,0.0,83.5,16.7,No,0
Bronze,SOHO,6000,3,,,3,83.5,0.0,83.5,27.83,No,0
Bronze,SOHO,6200,2,2.0,,4,83.5,0.0,83.5,41.75,No,0
Bronze,SOHO,6600,5,,,5,83.5,0.0,83.5,16.7,No,0
Bronze,SOHO,4003,3,1.0,,4,83.67,0.0,83.67,27.89,No,0
Bronze,SOHO,6000,5,,,5,83.67,0.0,83.67,16.73,Yes,1
Bronze,SOHO,6400,7,1.0,,8,83.67,0.0,83.67,11.95,No,0
Bronze,SOHO,4770,1,1.0,,2,83.83,0.0,83.83,83.83,No,0
Bronze,SOHO,4230,9,1.0,,10,83.83,0.0,83.83,9.31,No,0
Bronze,SOHO,4400,7,3.0,,10,83.83,0.0,83.83,11.98,No,0
Bronze,SOHO,6490,12,,,12,83.83,0.0,83.83,6.99,No,0
Bronze,SOHO,4004,5,1.0,,6,84.0,0.0,84.0,16.8,No,0
Bronze,SOHO,4600,4,5.0,,9,84.0,0.0,84.0,21.0,No,0
Bronze,SOHO,6000,3,,,3,84.0,0.0,84.0,28.0,No,0
Bronze,SOHO,4000,7,,,7,84.0,0.0,84.0,12.0,No,0
Bronze,SOHO,6600,3,,,3,84.0,0.0,84.0,28.0,No,0
Bronze,SOHO,6300,4,,,4,84.0,0.0,84.0,21.0,No,0
Bronze,SOHO,4600,4,1.0,,5,84.17,0.0,84.17,21.04,No,0
Bronze,SOHO,4003,2,3.0,,5,84.17,0.0,84.17,42.09,No,0
Bronze,SOHO,6190,8,,,8,84.17,0.0,84.17,10.52,No,0
Bronze,SOHO,6400,6,1.0,1.0,8,84.17,0.0,84.17,14.03,No,0
Bronze,SOHO,6000,7,3.0,,10,84.17,0.0,84.17,12.02,No,0
Bronze,SOHO,4000,4,,,4,84.33,0.0,84.33,21.08,No,0
Bronze,SOHO,4004,5,,,5,84.33,0.0,84.33,16.87,No,0
Bronze,SOHO,6000,6,4.0,,10,84.33,0.0,84.33,14.06,No,0
Bronze,SOHO,6000,3,2.0,,5,84.33,0.0,84.33,28.11,Yes,1
Bronze,SOHO,6400,5,1.0,,6,84.33,0.0,84.33,16.87,No,0
Bronze,SOHO,4300,2,2.0,,4,84.33,0.0,84.33,42.17,No,0
Bronze,SOHO,6000,4,,,4,84.5,0.0,84.5,21.13,No,0
Bronze,SOHO,6100,3,,,3,84.5,0.0,84.5,28.17,No,0
Bronze,SOHO,6600,3,,,3,84.5,0.0,84.5,28.17,No,0
Bronze,SOHO,6600,4,,,4,84.5,0.0,84.5,21.13,No,0
Bronze,SOHO,4500,3,2.0,,5,84.67,0.0,84.67,28.22,No,0
Bronze,SOHO,4000,8,,,8,84.67,0.0,84.67,10.58,No,0
Bronze,SOHO,6000,5,4.0,,9,84.67,0.0,84.67,16.93,No,0
Bronze,SOHO,6300,3,,,3,84.67,0.0,84.67,28.22,No,0
Bronze,SOHO,4000,6,1.0,,7,84.83,0.0,84.83,14.14,No,0
Bronze,SOHO,6000,4,,,4,84.83,0.0,84.83,21.21,No,0
Bronze,SOHO,6100,6,,,6,84.83,0.0,84.83,14.14,No,0
Bronze,SOHO,4641,4,,,4,85.0,0.0,85.0,21.25,No,0
Bronze,SOHO,4004,3,2.0,,5,85.0,0.0,85.0,28.33,No,0
Bronze,SOHO,4000,8,1.0,,9,85.0,0.0,85.0,10.63,No,0
Bronze,SOHO,4120,8,,,8,85.0,0.0,85.0,10.63,No,0
Bronze,SOHO,6000,7,,,7,85.0,0.0,85.0,12.14,No,0
Bronze,SOHO,6000,5,,,5,85.0,0.0,85.0,17.0,No,0
Bronze,SOHO,6600,5,,,5,85.0,0.0,85.0,17.0,No,0
Bronze,VSE,6800,3,,,3,85.0,0.0,85.0,28.33,No,0
Bronze,SOHO,6100,7,,,7,85.17,0.0,85.17,12.17,No,0
Bronze,SOHO,4220,6,1.0,,7,85.17,0.0,85.17,14.2,No,0
Bronze,SOHO,6607,5,,,5,85.17,0.0,85.17,17.03,No,0
Bronze,SOHO,6600,5,,,5,85.17,0.0,85.17,17.03,No,0
Bronze,SOHO,4225,4,,,4,85.33,0.0,85.33,21.33,No,0
Bronze,SOHO,6172,5,1.0,,6,85.33,0.0,85.33,17.07,No,0
Bronze,SOHO,6200,4,,,4,85.33,0.0,85.33,21.33,No,0
Bronze,SOHO,6000,4,1.0,1.0,6,85.33,0.0,85.33,21.33,No,0
Bronze,SOHO,6000,1,1.0,,2,85.5,0.0,85.5,85.5,No,0
Bronze,SOHO,6100,4,,,4,85.5,0.0,85.5,21.38,No,0
Bronze,SOHO,4550,2,,,2,85.67,0.0,85.67,42.84,No,0
Bronze,SOHO,6000,5,1.0,,6,85.67,0.0,85.67,17.13,No,0
Bronze,SOHO,6100,4,,,4,85.67,0.0,85.67,21.42,No,0
Bronze,SOHO,6000,4,4.0,,8,85.67,0.0,85.67,21.42,No,0
Bronze,SOHO,6300,4,1.0,,5,85.67,0.0,85.67,21.42,No,0
Bronze,SOHO,4000,5,2.0,,7,85.83,0.0,85.83,17.17,No,0
Bronze,SOHO,6100,3,2.0,,5,85.83,0.0,85.83,28.61,No,0
Bronze,SOHO,6400,9,1.0,,10,85.83,0.0,85.83,9.54,No,0
Bronze,SOHO,6100,6,,,6,85.83,0.0,85.83,14.31,No,0
Bronze,SOHO,6000,5,,,5,85.83,0.0,85.83,17.17,No,0
Bronze,SOHO,4300,5,2.0,,7,86.0,0.0,86.0,17.2,No,0
Bronze,SOHO,6400,4,2.0,,6,86.0,0.0,86.0,21.5,No,0
Bronze,SOHO,6000,5,,,5,86.0,0.0,86.0,17.2,No,0
Bronze,SOHO,6100,3,1.0,,4,86.0,0.0,86.0,28.67,No,0
Bronze,SOHO,4600,8,,,8,86.17,0.0,86.17,10.77,No,0
Bronze,VSE,4147,6,3.0,,9,86.17,0.0,86.17,14.36,No,0
Bronze,SOHO,6400,7,2.0,,9,86.17,0.0,86.17,12.31,No,0
Bronze,SOHO,6000,7,2.0,,9,86.17,0.0,86.17,12.31,No,0
Bronze,SOHO,4230,4,2.0,,6,86.33,0.0,86.33,21.58,No,0
Bronze,SOHO,4180,8,4.0,,12,86.33,0.0,86.33,10.79,No,0
Bronze,SOHO,6550,11,1.0,,12,86.33,0.0,86.33,7.85,No,0
Bronze,SOHO,6500,6,1.0,,7,86.33,0.0,86.33,14.39,No,0
Bronze,SOHO,6450,6,4.0,,10,86.5,0.0,86.5,14.42,No,0
Bronze,SOHO,6000,4,,,4,86.5,0.0,86.5,21.63,No,0
Bronze,SOHO,6000,7,,,7,86.5,0.0,86.5,12.36,No,0
Bronze,SOHO,6300,6,,,6,86.5,0.0,86.5,14.42,No,0
Bronze,SOHO,4140,8,,,8,86.67,0.0,86.67,10.83,No,0
Bronze,SOHO,4360,2,3.0,,5,86.67,0.0,86.67,43.34,No,0
Bronze,SOHO,4002,3,,,3,86.67,0.0,86.67,28.89,Yes,1
Bronze,SOHO,6100,4,4.0,,8,86.67,0.0,86.67,21.67,No,0
Bronze,SOHO,4600,3,1.0,,4,86.67,0.0,86.67,28.89,No,0
Bronze,SOHO,6750,4,,,4,86.67,0.0,86.67,21.67,No,0
Bronze,SOHO,4002,4,2.0,,6,86.83,0.0,86.83,21.71,No,0
Bronze,SOHO,4400,5,1.0,,6,86.83,0.0,86.83,17.37,No,0
Bronze,SOHO,6000,5,,,5,86.83,0.0,86.83,17.37,No,0
Bronze,SOHO,4600,7,,,7,87.0,0.0,87.0,12.43,No,0
Bronze,SOHO,4872,11,10.0,,21,87.0,0.0,87.0,7.91,No,0
Bronze,SOHO,6008,5,,,5,87.0,0.0,87.0,17.4,No,0
Bronze,SOHO,4023,3,,,3,87.17,0.0,87.17,29.06,No,0
Bronze,SOHO,6000,7,,,7,87.17,0.0,87.17,12.45,No,0
Bronze,SOHO,6568,8,,,8,87.33,0.0,87.33,10.92,No,0
Bronze,SOHO,6489,6,,,6,87.33,0.0,87.33,14.56,No,0
Bronze,SOHO,6400,7,4.0,,11,87.33,0.0,87.33,12.48,No,0
Bronze,SOHO,6000,5,,2.0,7,87.33,0.0,87.33,17.47,No,0
Bronze,SOHO,6000,10,,,10,87.33,0.0,87.33,8.73,No,0
Bronze,SOHO,6000,3,,,3,87.33,0.0,87.33,29.11,No,0
Bronze,SOHO,6400,4,3.0,,7,87.33,0.0,87.33,21.83,No,0
Bronze,SOHO,4400,5,,1.0,6,87.5,0.0,87.5,17.5,No,0
Bronze,SOHO,6000,5,5.0,,10,87.5,0.0,87.5,17.5,No,0
Bronze,SOHO,6300,5,,,5,87.5,0.0,87.5,17.5,Yes,1
Bronze,SOHO,4003,3,1.0,,4,87.67,0.0,87.67,29.22,No,0
Bronze,SOHO,6000,4,2.0,,6,87.67,0.0,87.67,21.92,No,0
Bronze,SOHO,6000,2,,,2,87.67,0.0,87.67,43.84,No,0
Bronze,SOHO,6100,6,1.0,,7,87.67,0.0,87.67,14.61,No,0
Bronze,SOHO,4204,7,,,7,87.83,0.0,87.83,12.55,No,0
Bronze,SOHO,4400,3,,,3,87.83,0.0,87.83,29.28,No,0
Bronze,SOHO,4003,11,1.0,,12,87.83,0.0,87.83,7.98,No,0
Bronze,SOHO,6000,4,4.0,,8,87.83,0.0,87.83,21.96,No,0
Bronze,SOHO,6000,3,,,3,87.83,0.0,87.83,29.28,No,0
Bronze,SOHO,6100,7,4.0,,11,87.83,0.0,87.83,12.55,Yes,1
Bronze,VSE,6600,3,,,3,87.83,0.0,87.83,29.28,No,0
Bronze,SOHO,4220,4,,,4,88.0,0.0,88.0,22.0,No,0
Bronze,SOHO,6100,9,,,9,88.0,0.0,88.0,9.78,No,0
Bronze,SOHO,6400,7,,,7,88.17,0.0,88.17,12.6,No,0
Bronze,SOHO,6000,4,,,4,88.17,0.0,88.17,22.04,No,0
Bronze,SOHO,4406,3,2.0,,5,88.33,0.0,88.33,29.44,Yes,1
Bronze,SOHO,4400,5,,,5,88.33,0.0,88.33,17.67,No,0
Bronze,SOHO,6400,5,1.0,,6,88.33,0.0,88.33,17.67,No,0
Bronze,SOHO,6000,6,,,6,88.33,0.0,88.33,14.72,No,0
Bronze,SOHO,6600,3,,,3,88.33,0.0,88.33,29.44,No,0
Bronze,SOHO,6450,8,2.0,,10,88.33,0.0,88.33,11.04,No,0
Bronze,SOHO,6100,5,,,5,88.5,0.0,88.5,17.7,No,0
Bronze,SOHO,6000,6,,,6,88.5,0.0,88.5,14.75,No,0
Bronze,SOHO,6000,5,1.0,,6,88.5,0.0,88.5,17.7,No,0
Bronze,SOHO,4002,7,,,7,88.5,0.0,88.5,12.64,No,0
Bronze,SOHO,6900,4,1.0,,5,88.5,0.0,88.5,22.13,No,0
Bronze,SOHO,4000,4,,,4,88.67,0.0,88.67,22.17,No,0
Bronze,SOHO,4400,4,1.0,,5,88.67,0.0,88.67,22.17,No,0
Bronze,SOHO,6063,8,,,8,88.67,0.0,88.67,11.08,No,0
Bronze,SOHO,6450,5,,,5,88.83,0.0,88.83,17.77,No,0
Bronze,SOHO,6400,4,,,4,88.83,0.0,88.83,22.21,No,0
Bronze,SOHO,4300,5,,,5,89.0,0.0,89.0,17.8,No,0
Bronze,SOHO,6000,3,2.0,,5,89.0,0.0,89.0,29.67,No,0
Bronze,SOHO,6500,6,,,6,89.0,0.0,89.0,14.83,No,0
Bronze,SOHO,4002,9,,,9,89.17,0.0,89.17,9.91,Yes,1
Bronze,SOHO,4400,5,,,5,89.17,0.0,89.17,17.83,No,0
Bronze,SOHO,6000,6,,,6,89.17,0.0,89.17,14.86,No,0
Bronze,SOHO,6600,7,1.0,,8,89.17,0.0,89.17,12.74,No,0
Bronze,SOHO,4023,3,1.0,,4,89.33,0.0,89.33,29.78,No,0
Bronze,SOHO,6000,4,1.0,,5,89.33,0.0,89.33,22.33,No,0
Bronze,SOHO,6400,4,,,4,89.33,0.0,89.33,22.33,No,0
Bronze,SOHO,6600,7,,,7,89.33,0.0,89.33,12.76,No,0
Bronze,SOHO,4400,3,,,3,89.5,0.0,89.5,29.83,No,0
Bronze,SOHO,4600,6,1.0,,7,89.5,0.0,89.5,14.92,No,0
Bronze,VSE,4000,5,3.0,,8,89.5,0.0,89.5,17.9,Yes,1
Bronze,SOHO,4300,4,1.0,,5,89.5,0.0,89.5,22.38,No,0
Bronze,SOHO,6000,6,2.0,,8,89.5,0.0,89.5,14.92,No,0
Bronze,SOHO,6000,4,1.0,,5,89.5,0.0,89.5,22.38,No,0
Bronze,SOHO,6000,8,,,8,89.5,0.0,89.5,11.19,No,0
Bronze,SOHO,4600,6,1.0,,7,89.5,0.0,89.5,14.92,No,0
Bronze,SOHO,4645,4,,,4,89.67,0.0,89.67,22.42,No,0
Bronze,SOHO,6002,3,3.0,,6,89.67,0.0,89.67,29.89,No,0
Bronze,SOHO,6500,5,,,5,89.67,0.0,89.67,17.93,No,0
Bronze,SOHO,6300,4,,,4,89.67,0.0,89.67,22.42,No,0
Bronze,SOHO,6300,6,2.0,,8,89.67,0.0,89.67,14.95,No,0
Bronze,SOHO,4000,2,,,2,89.83,0.0,89.83,44.92,No,0
Bronze,SOHO,4004,6,3.0,,9,89.83,0.0,89.83,14.97,No,0
Bronze,SOHO,6000,6,,,6,89.83,0.0,89.83,14.97,No,0
Bronze,SOHO,6000,4,,,4,89.83,0.0,89.83,22.46,No,0
Bronze,SOHO,6600,7,5.0,,12,89.83,0.0,89.83,12.83,No,0
Bronze,SOHO,4003,8,2.0,,10,90.0,0.0,90.0,11.25,No,0
Bronze,SOHO,4230,4,,,4,90.0,0.0,90.0,22.5,No,0
Bronze,SOHO,6003,3,,,3,90.0,0.0,90.0,30.0,No,0
Bronze,SOHO,6300,4,,,4,90.0,0.0,90.0,22.5,No,0
Bronze,SOHO,4400,4,1.0,,5,90.17,0.0,90.17,22.54,No,0
Bronze,SOHO,4400,13,,,13,90.17,0.0,90.17,6.94,No,0
Bronze,SOHO,4550,6,1.0,,7,90.33,0.0,90.33,15.06,No,0
Bronze,SOHO,4230,6,,,6,90.33,0.0,90.33,15.06,No,0
Bronze,SOHO,6000,6,,,6,90.33,0.0,90.33,15.06,No,0
Bronze,SOHO,4400,4,,,4,90.33,0.0,90.33,22.58,No,0
Bronze,SOHO,6600,6,,,6,90.33,0.0,90.33,15.06,No,0
Bronze,SOHO,6362,8,,,8,90.33,0.0,90.33,11.29,No,0
Bronze,SOHO,6056,3,1.0,,4,90.5,0.0,90.5,30.17,No,0
Bronze,SOHO,6049,4,,,4,90.5,0.0,90.5,22.63,No,0
Bronze,SOHO,6000,4,,,4,90.5,0.0,90.5,22.63,No,0
Bronze,SOHO,6647,4,,,4,90.5,0.0,90.5,22.63,No,0
Bronze,SOHO,6000,5,1.0,,6,90.67,0.0,90.67,18.13,No,0
Bronze,SOHO,6400,6,2.0,,8,90.67,0.0,90.67,15.11,No,0
Bronze,SOHO,4000,13,1.0,,14,90.83,0.0,90.83,6.99,No,0
Bronze,SOHO,4003,3,2.0,,5,90.83,0.0,90.83,30.28,No,0
Bronze,SOHO,6151,5,3.0,,8,90.83,0.0,90.83,18.17,No,0
Bronze,SOHO,6000,5,3.0,,8,90.83,0.0,90.83,18.17,No,0
Bronze,SOHO,6200,5,,,5,90.83,0.0,90.83,18.17,No,0
Bronze,SOHO,4600,6,6.0,,12,91.17,0.0,91.17,15.2,No,0
Bronze,SOHO,6000,6,,,6,91.17,0.0,91.17,15.2,No,0
Bronze,SOHO,4400,5,,3.0,8,91.33,0.0,91.33,18.27,No,0
Bronze,SOHO,6000,5,1.0,,6,91.33,0.0,91.33,18.27,No,0
Bronze,SOHO,6450,4,,,4,91.33,0.0,91.33,22.83,No,0
Bronze,SOHO,6500,5,1.0,,6,91.5,0.0,91.5,18.3,No,0
Bronze,SOHO,4400,4,4.0,,8,91.67,0.0,91.67,22.92,No,0
Bronze,SOHO,4230,4,,,4,91.67,0.0,91.67,22.92,No,0
Bronze,SOHO,6100,4,,,4,91.67,0.0,91.67,22.92,No,0
Bronze,SOHO,6400,4,19.0,,23,91.67,0.0,91.67,22.92,No,0
Bronze,SOHO,6400,1,11.0,,12,91.67,0.0,91.67,91.67,No,0
Bronze,SOHO,6000,4,,,4,91.67,0.0,91.67,22.92,No,0
Bronze,SOHO,4550,1,2.0,,3,91.67,0.0,91.67,91.67,No,0
Bronze,VSE,4000,8,,,8,91.67,0.0,91.67,11.46,No,0
Bronze,SOHO,6000,4,1.0,,5,91.67,0.0,91.67,22.92,No,0
Bronze,SOHO,6450,8,,,8,91.75,0.0,91.75,11.47,No,0
Bronze,SOHO,4538,4,4.0,,8,91.83,0.0,91.83,22.96,No,0
Bronze,SOHO,6000,3,,,3,91.83,0.0,91.83,30.61,No,0
Bronze,SOHO,6000,4,1.0,,5,92.0,0.0,92.0,23.0,No,0
Bronze,SOHO,6000,7,1.0,,8,92.0,0.0,92.0,13.14,No,0
Bronze,SOHO,4003,5,8.0,,13,92.17,0.0,92.17,18.43,No,0
Bronze,SOHO,6000,5,,,5,92.17,0.0,92.17,18.43,No,0
Bronze,SOHO,4400,8,,,8,92.17,0.0,92.17,11.52,No,0
Bronze,SOHO,6100,3,,,3,92.17,0.0,92.17,30.72,No,0
Bronze,SOHO,6000,10,,,10,92.33,0.0,92.33,9.23,No,0
Bronze,SOHO,4023,3,1.0,,4,92.5,0.0,92.5,30.83,No,0
Bronze,SOHO,6070,7,,,7,92.5,0.0,92.5,13.21,No,0
Bronze,SOHO,6000,6,,,6,92.5,0.0,92.5,15.42,No,0
Bronze,SOHO,4150,10,,,10,92.67,0.0,92.67,9.27,No,0
Bronze,SOHO,4000,9,,1.0,10,92.67,0.0,92.67,10.3,No,0
Bronze,SOHO,6100,3,,,3,92.67,0.0,92.67,30.89,No,0
Bronze,SOHO,6000,30,1.0,,31,92.67,0.0,92.67,3.09,No,0
Bronze,SOHO,6000,7,,,7,92.67,0.0,92.67,13.24,No,0
Bronze,SOHO,6200,4,,,4,92.67,0.0,92.67,23.17,No,0
Bronze,SOHO,6000,8,1.0,,9,92.67,0.0,92.67,11.58,No,0
Bronze,SOHO,4500,5,,,5,92.67,0.0,92.67,18.53,No,0
Bronze,SOHO,6000,4,,,4,92.67,0.0,92.67,23.17,No,0
Bronze,SOHO,4003,5,,,5,82.83,10.0,92.83,16.57,No,0
Bronze,SOHO,6260,2,1.0,,3,92.83,0.0,92.83,46.42,No,0
Bronze,SOHO,6000,6,1.0,,7,92.83,0.0,92.83,15.47,No,0
Bronze,SOHO,6300,8,3.0,,11,92.83,0.0,92.83,11.6,No,0
Bronze,SOHO,6400,4,,,4,93.0,0.0,93.0,23.25,No,0
Bronze,SOHO,4602,5,2.0,,7,93.17,0.0,93.17,18.63,No,0
Bronze,SOHO,4000,11,,,11,93.17,0.0,93.17,8.47,No,0
Bronze,SOHO,6400,4,,,4,93.17,0.0,93.17,23.29,No,0
Bronze,SOHO,6000,4,,,4,93.17,0.0,93.17,23.29,No,0
Bronze,SOHO,4270,4,,,4,93.33,0.0,93.33,23.33,Yes,1
Bronze,SOHO,6100,5,,,5,93.33,0.0,93.33,18.67,No,0
Bronze,SOHO,6368,9,,,9,93.33,0.0,93.33,10.37,No,0
Bronze,SOHO,6000,5,,,5,93.5,0.0,93.5,18.7,Yes,1
Bronze,SOHO,6000,5,,,5,93.83,0.0,93.83,18.77,No,0
Bronze,SOHO,6000,6,,,6,93.83,0.0,93.83,15.64,No,0
Bronze,SOHO,6100,7,5.0,,12,93.83,0.0,93.83,13.4,No,0
Bronze,SOHO,4400,2,4.0,,6,93.83,0.0,93.83,46.92,Yes,1
Bronze,SOHO,6000,3,,,3,93.83,0.0,93.83,31.28,No,0
Bronze,SOHO,4400,5,,,5,94.0,0.0,94.0,18.8,No,0
Bronze,SOHO,6000,5,,,5,94.0,0.0,94.0,18.8,No,0
Bronze,SOHO,6000,12,,,12,94.0,0.0,94.0,7.83,No,0
Bronze,SOHO,6750,6,1.0,,7,94.0,0.0,94.0,15.67,No,0
Bronze,SOHO,6000,3,2.0,,5,94.0,0.0,94.0,31.33,No,0
Bronze,SOHO,6400,3,,,3,94.0,0.0,94.0,31.33,No,0
Bronze,SOHO,4400,3,,,3,94.17,0.0,94.17,31.39,No,0
Bronze,SOHO,4210,6,1.0,,7,94.17,0.0,94.17,15.7,No,0
Bronze,SOHO,4000,8,3.0,,11,94.17,0.0,94.17,11.77,No,0
Bronze,SOHO,6000,3,2.0,,5,94.17,0.0,94.17,31.39,No,0
Bronze,SOHO,6000,5,,,5,94.17,0.0,94.17,18.83,No,0
Bronze,SOHO,4400,8,,,8,94.17,0.0,94.17,11.77,No,0
Bronze,SOHO,6300,3,,,3,94.17,0.0,94.17,31.39,No,0
Bronze,SOHO,6600,12,2.0,,14,94.33,0.0,94.33,7.86,No,0
Bronze,SOHO,6400,7,,,7,94.33,0.0,94.33,13.48,No,0
Bronze,SOHO,4000,5,6.0,,11,94.5,0.0,94.5,18.9,No,0
Bronze,SOHO,1618,5,,,5,94.5,0.0,94.5,18.9,No,0
Bronze,SOHO,6300,4,,,4,94.5,0.0,94.5,23.63,No,0
Bronze,SOHO,4270,7,,,7,94.67,0.0,94.67,13.52,No,0
Bronze,SOHO,6000,6,1.0,,7,94.67,0.0,94.67,15.78,Yes,1
Bronze,SOHO,6100,6,,,6,94.67,0.0,94.67,15.78,Yes,1
Bronze,SOHO,6000,5,,,5,94.67,0.0,94.67,18.93,No,0
Bronze,SOHO,6000,2,1.0,,3,94.67,0.0,94.67,47.34,No,0
Bronze,SOHO,6649,5,,,5,94.67,0.0,94.67,18.93,No,0
Bronze,SOHO,6301,5,,,5,94.67,0.0,94.67,18.93,No,0
Bronze,SOHO,6000,4,,,4,94.83,0.0,94.83,23.71,No,0
Bronze,SOHO,4400,5,1.0,,6,94.83,0.0,94.83,18.97,No,0
Bronze,SOHO,4270,10,3.0,,13,94.83,0.0,94.83,9.48,No,0
Bronze,SOHO,4270,13,2.0,,15,94.83,0.0,94.83,7.29,No,0
Bronze,SOHO,4023,4,1.0,,5,95.0,0.0,95.0,23.75,No,0
Bronze,SOHO,4004,7,,,7,95.0,0.0,95.0,13.57,No,0
Bronze,SOHO,4210,5,1.0,,6,95.0,0.0,95.0,19.0,No,0
Bronze,SOHO,4835,4,4.0,,8,95.0,0.0,95.0,23.75,No,0
Bronze,SOHO,6600,8,2.0,,10,95.0,0.0,95.0,11.88,No,0
Bronze,SOHO,4225,3,2.0,,5,95.0,0.0,95.0,31.67,No,0
Bronze,SOHO,6600,6,,,6,95.17,0.0,95.17,15.86,No,0
Bronze,SOHO,6400,12,,,12,95.17,0.0,95.17,7.93,No,0
Bronze,SOHO,6000,5,,,5,95.17,0.0,95.17,19.03,No,0
Bronze,SOHO,6200,4,2.0,,6,95.5,0.0,95.5,23.88,Yes,1
Bronze,SOHO,6260,8,2.0,,10,95.5,0.0,95.5,11.94,No,0
Bronze,SOHO,6900,7,,,7,95.5,0.0,95.5,13.64,No,0
Bronze,SOHO,6300,4,,,4,95.5,0.0,95.5,23.88,No,0
Bronze,SOHO,6400,3,1.0,1.0,5,95.67,0.0,95.67,31.89,No,0
Bronze,SOHO,6000,7,,,7,85.83,10.0,95.83,12.26,No,0
Bronze,SOHO,6000,9,,,9,95.83,0.0,95.83,10.65,No,0
Bronze,SOHO,4205,8,3.0,,11,96.0,0.0,96.0,12.0,No,0
Bronze,SOHO,4000,6,,,6,96.0,0.0,96.0,16.0,No,0
Bronze,SOHO,6000,4,1.0,,5,96.0,0.0,96.0,24.0,No,0
Bronze,SOHO,6000,2,1.0,,3,61.0,35.0,96.0,30.5,No,0
Bronze,SOHO,6000,6,5.0,,11,96.0,0.0,96.0,16.0,No,0
Bronze,SOHO,6260,8,,,8,96.0,0.0,96.0,12.0,No,0
Bronze,SOHO,6400,7,1.0,,8,96.0,0.0,96.0,13.71,No,0
Bronze,SOHO,6000,4,,,4,96.0,0.0,96.0,24.0,No,0
Bronze,SOHO,6000,4,1.0,,5,96.0,0.0,96.0,24.0,No,0
Bronze,SOHO,1000,5,,,5,96.0,0.0,96.0,19.2,No,0
Bronze,SOHO,6000,8,,,8,96.17,0.0,96.17,12.02,No,0
Bronze,SOHO,4015,5,5.0,,10,96.17,0.0,96.17,19.23,No,0
Bronze,SOHO,6884,5,,,5,96.17,0.0,96.17,19.23,Yes,1
Bronze,SOHO,6300,4,,,4,96.17,0.0,96.17,24.04,No,0
Bronze,SOHO,6300,10,,,10,96.17,0.0,96.17,9.62,No,0
Bronze,SOHO,6300,4,,,4,96.17,0.0,96.17,24.04,No,0
Bronze,SOHO,4230,5,1.0,,6,96.33,0.0,96.33,19.27,No,0
Bronze,SOHO,4000,8,3.0,,11,96.33,0.0,96.33,12.04,No,0
Bronze,SOHO,6490,11,,,11,96.33,0.0,96.33,8.76,No,0
Bronze,SOHO,4000,4,11.0,,15,96.5,0.0,96.5,24.13,No,0
Bronze,SOHO,4000,8,3.0,,11,96.5,0.0,96.5,12.06,No,0
Bronze,SOHO,6280,5,1.0,,6,96.5,0.0,96.5,19.3,No,0
Bronze,SOHO,6100,9,,,9,96.5,0.0,96.5,10.72,No,0
Bronze,SOHO,6006,4,1.0,,5,96.5,0.0,96.5,24.13,No,0
Bronze,SOHO,6000,5,,,5,96.5,0.0,96.5,19.3,No,0
Bronze,SOHO,6600,6,,,6,96.5,0.0,96.5,16.08,No,0
Bronze,SOHO,4023,8,,,8,96.67,0.0,96.67,12.08,No,0
Bronze,SOHO,6280,7,4.0,,11,96.67,0.0,96.67,13.81,No,0
Bronze,SOHO,6100,7,,,7,96.67,0.0,96.67,13.81,No,0
Bronze,SOHO,6000,2,7.0,,9,96.83,0.0,96.83,48.42,No,0
Bronze,SOHO,6300,3,1.0,,4,96.83,0.0,96.83,32.28,No,0
Bronze,SOHO,6000,3,,,3,97.0,0.0,97.0,32.33,No,0
Bronze,SOHO,4002,9,,,9,97.33,0.0,97.33,10.81,No,0
Bronze,SOHO,6000,4,,,4,97.33,0.0,97.33,24.33,Yes,1
Bronze,SOHO,6570,7,,,7,97.33,0.0,97.33,13.9,No,0
Bronze,SOHO,4180,5,,,5,97.5,0.0,97.5,19.5,No,0
Bronze,SOHO,4000,4,1.0,,5,97.5,0.0,97.5,24.38,No,0
Bronze,SOHO,6400,9,1.0,,10,97.5,0.0,97.5,10.83,Yes,1
Bronze,SOHO,6300,5,3.0,,8,97.5,0.0,97.5,19.5,No,0
Bronze,SOHO,4000,5,,,5,97.67,0.0,97.67,19.53,Yes,1
Bronze,SOHO,4003,3,3.0,,6,97.67,0.0,97.67,32.56,No,0
Bronze,SOHO,6100,7,7.0,,14,97.67,0.0,97.67,13.95,No,0
Bronze,SOHO,4000,8,5.0,,13,97.67,0.0,97.67,12.21,No,0
Bronze,SOHO,6300,7,1.0,,8,97.67,0.0,97.67,13.95,No,0
Bronze,SOHO,4109,3,4.0,,7,97.83,0.0,97.83,32.61,No,0
Bronze,SOHO,4108,3,,,3,97.83,0.0,97.83,32.61,No,0
Bronze,SOHO,6500,4,3.0,,7,97.83,0.0,97.83,24.46,No,0
Bronze,SOHO,4522,4,,,4,98.0,0.0,98.0,24.5,No,0
Bronze,SOHO,6563,5,8.0,,13,98.0,0.0,98.0,19.6,No,0
Bronze,SOHO,4000,3,1.0,,4,98.33,0.0,98.33,32.78,No,0
Bronze,SOHO,4023,7,,,7,98.33,0.0,98.33,14.05,No,0
Bronze,SOHO,6260,6,5.0,,11,98.33,0.0,98.33,16.39,Yes,1
Bronze,SOHO,6000,8,1.0,,9,98.33,0.0,98.33,12.29,No,0
Bronze,SOHO,4400,8,,,8,98.5,0.0,98.5,12.31,No,0
Bronze,SOHO,4500,7,3.0,,10,98.5,0.0,98.5,14.07,No,0
Bronze,SOHO,4000,7,3.0,,10,98.5,0.0,98.5,14.07,No,0
Bronze,SOHO,4004,7,,,7,98.5,0.0,98.5,14.07,No,0
Bronze,SOHO,6000,6,2.0,,8,98.5,0.0,98.5,16.42,No,0
Bronze,SOHO,6000,6,1.0,,7,98.5,0.0,98.5,16.42,No,0
Bronze,SOHO,6400,8,1.0,,9,98.5,0.0,98.5,12.31,No,0
Bronze,SOHO,4110,5,,,5,98.67,0.0,98.67,19.73,No,0
Bronze,SOHO,4004,7,,,7,98.67,0.0,98.67,14.1,No,0
Bronze,SOHO,4023,10,,,10,98.67,0.0,98.67,9.87,No,0
Bronze,SOHO,4601,6,6.0,,12,98.67,0.0,98.67,16.45,No,0
Bronze,SOHO,4020,6,,,6,98.67,0.0,98.67,16.45,No,0
Bronze,SOHO,6000,1,4.0,,5,98.67,0.0,98.67,98.67,No,0
Bronze,SOHO,6000,5,,,5,98.67,0.0,98.67,19.73,No,0
Bronze,SOHO,6400,7,1.0,,8,98.67,0.0,98.67,14.1,No,0
Bronze,SOHO,6600,11,,,11,98.67,0.0,98.67,8.97,No,0
Bronze,SOHO,6100,4,1.0,,5,98.83,0.0,98.83,24.71,No,0
Bronze,VSE,6000,7,17.0,,24,98.83,0.0,98.83,14.12,No,0
Bronze,SOHO,6000,4,,,4,98.83,0.0,98.83,24.71,No,0
Bronze,SOHO,6400,7,,,7,98.83,0.0,98.83,14.12,No,0
Bronze,SOHO,6600,9,,,9,98.83,0.0,98.83,10.98,No,0
Bronze,SOHO,4017,5,,,5,99.0,0.0,99.0,19.8,No,0
Bronze,SOHO,6400,6,,,6,99.0,0.0,99.0,16.5,No,0
Bronze,SOHO,4500,3,4.0,,7,99.0,0.0,99.0,33.0,No,0
Bronze,SOHO,6000,5,,,5,99.17,0.0,99.17,19.83,No,0
Bronze,VSE,6884,4,7.0,,11,99.17,0.0,99.17,24.79,No,0
Bronze,VSE,6450,4,,,4,99.33,0.0,99.33,24.83,No,0
Bronze,SOHO,4500,5,1.0,,6,99.33,0.0,99.33,19.87,No,0
Bronze,SOHO,6003,5,1.0,,6,99.33,0.0,99.33,19.87,No,0
Bronze,SOHO,6000,6,,,6,99.33,0.0,99.33,16.56,No,0
Bronze,SOHO,6000,4,1.0,,5,99.5,0.0,99.5,24.88,No,0
Bronze,SOHO,6003,6,4.0,,10,99.5,0.0,99.5,16.58,Yes,1
Bronze,SOHO,4000,7,1.0,,8,99.67,0.0,99.67,14.24,No,0
Bronze,SOHO,4600,5,,,5,99.67,0.0,99.67,19.93,No,0
Bronze,SOHO,4550,5,,,5,99.67,0.0,99.67,19.93,No,0
Bronze,SOHO,6100,5,,1.0,6,99.67,0.0,99.67,19.93,No,0
Bronze,SOHO,4701,10,,,10,99.67,0.0,99.67,9.97,No,0
Bronze,SOHO,4500,4,,,4,99.83,0.0,99.83,24.96,Yes,1
Bronze,SOHO,6100,7,1.0,,8,99.83,0.0,99.83,14.26,No,0
Bronze,SOHO,6000,4,3.0,,7,99.83,0.0,99.83,24.96,No,0
Bronze,SOHO,6000,8,,1.0,9,99.83,0.0,99.83,12.48,No,0
Bronze,SOHO,4020,3,,,3,100.0,0.0,100.0,33.33,No,0
Bronze,SOHO,1404,5,2.0,,7,100.0,0.0,100.0,20.0,No,0
Bronze,SOHO,6000,7,2.0,,9,100.0,0.0,100.0,14.29,No,0
Bronze,SOHO,6400,3,1.0,,4,100.0,0.0,100.0,33.33,No,0
Bronze,SOHO,6300,2,1.0,,3,100.0,0.0,100.0,50.0,Yes,1
Bronze,SOHO,6300,12,,,12,100.0,0.0,100.0,8.33,No,0
Bronze,SOHO,6600,10,,,10,100.0,0.0,100.0,10.0,No,0
Bronze,SOHO,6300,5,,,5,100.0,0.0,100.0,20.0,No,0
Bronze,SOHO,4340,5,2.0,,7,100.17,0.0,100.17,20.03,No,0
Bronze,SOHO,4002,5,,,5,100.17,0.0,100.17,20.03,No,0
Bronze,SOHO,4002,6,4.0,1.0,11,100.17,0.0,100.17,16.7,No,0
Bronze,SOHO,4000,8,,,8,100.33,0.0,100.33,12.54,Yes,1
Bronze,SOHO,4023,6,,,6,100.33,0.0,100.33,16.72,Yes,1
Bronze,SOHO,6100,6,,,6,100.5,0.0,100.5,16.75,No,0
Bronze,SOHO,6450,4,4.0,,8,100.5,0.0,100.5,25.13,No,0
Bronze,SOHO,6800,6,,,6,100.5,0.0,100.5,16.75,No,0
Bronze,SOHO,6900,10,3.0,,13,100.5,0.0,100.5,10.05,No,0
Bronze,SOHO,6600,5,1.0,,6,100.5,0.0,100.5,20.1,No,0
Bronze,SOHO,4023,8,,,8,100.67,0.0,100.67,12.58,No,0
Bronze,SOHO,6300,7,1.0,,8,100.67,0.0,100.67,14.38,No,0
Bronze,SOHO,6300,5,,,5,100.67,0.0,100.67,20.13,No,0
Bronze,SOHO,6149,5,,,5,100.83,0.0,100.83,20.17,No,0
Bronze,SOHO,6180,5,,,5,100.83,0.0,100.83,20.17,No,0
Bronze,SOHO,6400,8,1.0,,9,100.83,0.0,100.83,12.6,No,0
Bronze,SOHO,6100,7,,,7,101.17,0.0,101.17,14.45,No,0
Bronze,SOHO,6000,2,1.0,,3,101.17,0.0,101.17,50.59,No,0
Bronze,SOHO,6150,9,,,9,101.5,0.0,101.5,11.28,No,0
Bronze,SOHO,6100,5,,,5,101.5,0.0,101.5,20.3,No,0
Bronze,SOHO,6300,5,,,5,101.5,0.0,101.5,20.3,No,0
Bronze,SOHO,6300,5,,,5,101.5,0.0,101.5,20.3,Yes,1
Bronze,SOHO,4004,5,1.0,,6,101.67,0.0,101.67,20.33,No,0
Bronze,SOHO,4000,10,,,10,101.67,0.0,101.67,10.17,No,0
Bronze,SOHO,4400,3,4.0,,7,101.67,0.0,101.67,33.89,No,0
Bronze,SOHO,4004,11,1.0,,12,101.67,0.0,101.67,9.24,No,0
Bronze,SOHO,6000,9,2.0,,11,101.83,0.0,101.83,11.31,No,0
Bronze,SOHO,6600,6,,,6,101.83,0.0,101.83,16.97,No,0
Bronze,SOHO,6300,9,2.0,,11,102.0,0.0,102.0,11.33,No,0
Bronze,SOHO,6600,4,,,4,102.17,0.0,102.17,25.54,No,0
Bronze,SOHO,6300,5,,,5,102.17,0.0,102.17,20.43,No,0
Bronze,SOHO,4000,8,,,8,102.33,0.0,102.33,12.79,No,0
Bronze,SOHO,4015,7,2.0,,9,102.5,0.0,102.5,14.64,Yes,1
Bronze,SOHO,6000,3,,,3,102.5,0.0,102.5,34.17,No,0
Bronze,SOHO,4240,8,1.0,,9,102.67,0.0,102.67,12.83,No,0
Bronze,SOHO,4003,9,,,9,102.67,0.0,102.67,11.41,Yes,1
Bronze,SOHO,6400,3,,,3,102.67,0.0,102.67,34.22,No,0
Bronze,SOHO,6000,4,4.0,,8,102.67,0.0,102.67,25.67,No,0
Bronze,SOHO,6100,5,10.0,,15,102.83,0.0,102.83,20.57,No,0
Bronze,SOHO,6100,5,,,5,102.83,0.0,102.83,20.57,No,0
Bronze,SOHO,6400,11,,,11,102.83,0.0,102.83,9.35,No,0
Bronze,SOHO,6000,7,3.0,,10,102.83,0.0,102.83,14.69,No,0
Bronze,SOHO,6600,3,,,3,102.83,0.0,102.83,34.28,No,0
Bronze,VSE,4003,9,,,9,103.0,0.0,103.0,11.44,No,0
Bronze,SOHO,6000,6,,,6,103.0,0.0,103.0,17.17,No,0
Bronze,SOHO,6000,7,,,7,103.0,0.0,103.0,14.71,No,0
Bronze,SOHO,4230,9,,,9,103.17,0.0,103.17,11.46,No,0
Bronze,SOHO,6100,7,,,7,103.17,0.0,103.17,14.74,No,0
Bronze,SOHO,4023,16,,,16,103.17,0.0,103.17,6.45,No,0
Bronze,SOHO,6600,5,4.0,,9,103.17,0.0,103.17,20.63,No,0
Bronze,SOHO,6050,6,,,6,103.33,0.0,103.33,17.22,No,0
Bronze,SOHO,6600,7,2.0,,9,103.5,0.0,103.5,14.79,No,0
Bronze,SOHO,4003,8,,,8,103.67,0.0,103.67,12.96,No,0
Bronze,SOHO,6000,8,,,8,103.67,0.0,103.67,12.96,No,0
Bronze,SOHO,6100,7,,,7,103.83,0.0,103.83,14.83,No,0
Bronze,SOHO,6400,6,2.0,,8,104.17,0.0,104.17,17.36,No,0
Bronze,SOHO,4600,6,1.0,,7,104.33,0.0,104.33,17.39,No,0
Bronze,SOHO,4120,9,1.0,1.0,11,104.33,0.0,104.33,11.59,No,0
Bronze,SOHO,6000,6,,,6,104.33,0.0,104.33,17.39,No,0
Bronze,SOHO,6000,8,,,8,104.5,0.0,104.5,13.06,No,0
Bronze,SOHO,4004,6,,,6,104.67,0.0,104.67,17.45,No,0
Bronze,SOHO,4400,6,1.0,,7,104.67,0.0,104.67,17.45,No,0
Bronze,VSE,4000,7,,,7,104.67,0.0,104.67,14.95,Yes,1
Bronze,SOHO,6100,5,,,5,104.67,0.0,104.67,20.93,No,0
Bronze,SOHO,6490,5,,,5,104.67,0.0,104.67,20.93,Yes,1
Bronze,SOHO,6100,5,2.0,,7,104.83,0.0,104.83,20.97,No,0
Bronze,SOHO,4400,6,,,6,105.0,0.0,105.0,17.5,No,0
Bronze,SOHO,6148,9,,,9,105.0,0.0,105.0,11.67,No,0
Bronze,SOHO,6000,6,1.0,,7,105.0,0.0,105.0,17.5,No,0
Bronze,SOHO,4300,8,3.0,,11,105.17,0.0,105.17,13.15,No,0
Bronze,SOHO,4000,8,,,8,105.17,0.0,105.17,13.15,Yes,1
Bronze,SOHO,6400,10,1.0,,11,105.17,0.0,105.17,10.52,No,0
Bronze,SOHO,6100,9,,,9,105.33,0.0,105.33,11.7,No,0
Bronze,SOHO,6000,5,,,5,105.33,0.0,105.33,21.07,No,0
Bronze,SOHO,6000,5,,,5,105.33,0.0,105.33,21.07,No,0
Bronze,SOHO,6000,6,,,6,105.5,0.0,105.5,17.58,No,0
Bronze,SOHO,6500,5,1.0,,6,105.5,0.0,105.5,21.1,No,0
Bronze,SOHO,4140,6,,,6,105.67,0.0,105.67,17.61,No,0
Bronze,SOHO,8000,9,,,9,105.67,0.0,105.67,11.74,Yes,1
Bronze,SOHO,6100,12,,,12,105.67,0.0,105.67,8.81,No,0
Bronze,SOHO,6000,6,1.0,,7,105.83,0.0,105.83,17.64,No,0
Bronze,SOHO,4400,5,,,5,106.0,0.0,106.0,21.2,Yes,1
Bronze,SOHO,6000,4,1.0,,5,106.0,0.0,106.0,26.5,No,0
Bronze,SOHO,6000,5,,,5,106.0,0.0,106.0,21.2,No,0
Bronze,SOHO,6500,7,,,7,106.0,0.0,106.0,15.14,No,0
Bronze,SOHO,4550,6,,,6,106.17,0.0,106.17,17.7,No,0
Bronze,SOHO,6000,5,,,5,106.17,0.0,106.17,21.23,No,0
Bronze,SOHO,6500,7,,,7,106.17,0.0,106.17,15.17,No,0
Bronze,SOHO,4210,5,,,5,106.33,0.0,106.33,21.27,No,0
Bronze,SOHO,4001,5,4.0,,9,106.33,0.0,106.33,21.27,No,0
Bronze,SOHO,6000,3,1.0,,4,106.33,0.0,106.33,35.44,No,0
Bronze,SOHO,4003,6,3.0,,9,106.5,0.0,106.5,17.75,No,0
Bronze,SOHO,4230,9,,,9,106.67,0.0,106.67,11.85,Yes,1
Bronze,SOHO,4000,6,1.0,,7,106.67,0.0,106.67,17.78,No,0
Bronze,SOHO,6000,4,2.0,,6,106.67,0.0,106.67,26.67,No,0
Bronze,SOHO,6100,8,1.0,,9,106.67,0.0,106.67,13.33,No,0
Bronze,SOHO,4023,4,,,4,106.67,0.0,106.67,26.67,No,0
Bronze,SOHO,6600,7,,,7,106.67,0.0,106.67,15.24,No,0
Bronze,SOHO,6000,5,,,5,106.83,0.0,106.83,21.37,No,0
Bronze,SOHO,4000,14,,,14,107.0,0.0,107.0,7.64,No,0
Bronze,SOHO,6000,6,1.0,,7,107.17,0.0,107.17,17.86,No,0
Bronze,SOHO,4442,5,,,5,107.33,0.0,107.33,21.47,No,0
Bronze,SOHO,4400,5,3.0,,8,107.33,0.0,107.33,21.47,No,0
Bronze,SOHO,4004,3,,,3,107.33,0.0,107.33,35.78,No,0
Bronze,SOHO,6260,7,3.0,,10,107.33,0.0,107.33,15.33,No,0
Bronze,SOHO,6014,3,3.0,,6,107.33,0.0,107.33,35.78,No,0
Bronze,SOHO,4889,8,,,8,107.5,0.0,107.5,13.44,No,0
Bronze,VSE,6500,5,,,5,107.5,0.0,107.5,21.5,No,0
Bronze,SOHO,4003,3,6.0,,9,107.67,0.0,107.67,35.89,No,0
Bronze,SOHO,6437,8,1.0,,9,107.83,0.0,107.83,13.48,No,0
Bronze,SOHO,6000,6,1.0,,7,107.83,0.0,107.83,17.97,No,0
Bronze,SOHO,6400,7,1.0,,8,108.0,0.0,108.0,15.43,No,0
Bronze,SOHO,6100,7,2.0,,9,108.0,0.0,108.0,15.43,No,0
Bronze,SOHO,6000,6,,,6,108.17,0.0,108.17,18.03,No,0
Bronze,SOHO,6100,7,5.0,,12,108.17,0.0,108.17,15.45,No,0
Bronze,SOHO,6300,7,,,7,108.33,0.0,108.33,15.48,No,0
Bronze,SOHO,6450,9,,,9,108.33,0.0,108.33,12.04,Yes,1
Bronze,SOHO,6400,8,,,8,108.33,0.0,108.33,13.54,No,0
Bronze,SOHO,4006,10,1.0,,11,108.67,0.0,108.67,10.87,Yes,1
Bronze,SOHO,4023,10,1.0,,11,108.67,0.0,108.67,10.87,No,0
Bronze,SOHO,4020,5,2.0,,7,108.83,0.0,108.83,21.77,No,0
Bronze,SOHO,4004,4,2.0,,6,108.83,0.0,108.83,27.21,No,0
Bronze,SOHO,4023,12,,,12,108.83,0.0,108.83,9.07,No,0
Bronze,SOHO,4000,5,,,5,109.0,0.0,109.0,21.8,No,0
Bronze,SOHO,4002,6,1.0,,7,109.0,0.0,109.0,18.17,No,0
Bronze,SOHO,6100,7,1.0,,8,109.0,0.0,109.0,15.57,No,0
Bronze,SOHO,4000,8,2.0,,10,109.0,0.0,109.0,13.63,No,0
Bronze,SOHO,6000,6,4.0,,10,109.17,0.0,109.17,18.2,No,0
Bronze,SOHO,6872,6,,,6,109.17,0.0,109.17,18.2,No,0
Bronze,SOHO,6600,5,2.0,,7,109.17,0.0,109.17,21.83,Yes,1
Bronze,SOHO,6000,4,,,4,109.33,0.0,109.33,27.33,Yes,1
Bronze,SOHO,6000,4,1.0,,5,109.33,0.0,109.33,27.33,No,0
Bronze,SOHO,6600,4,1.0,,5,109.33,0.0,109.33,27.33,No,0
Bronze,SOHO,4199,3,2.0,,5,109.5,0.0,109.5,36.5,No,0
Bronze,SOHO,4000,5,,,5,109.5,0.0,109.5,21.9,No,0
Bronze,SOHO,6500,3,1.0,,4,109.5,0.0,109.5,36.5,No,0
Bronze,SOHO,4600,6,1.0,,7,109.67,0.0,109.67,18.28,No,0
Bronze,SOHO,4000,3,1.0,,4,109.83,0.0,109.83,36.61,No,0
Bronze,SOHO,6000,8,,,8,109.83,0.0,109.83,13.73,No,0
Bronze,SOHO,6000,7,1.0,,8,109.83,0.0,109.83,15.69,Yes,1
Bronze,SOHO,6100,8,,1.0,9,110.0,0.0,110.0,13.75,No,0
Bronze,SOHO,6400,5,,,5,110.0,0.0,110.0,22.0,No,0
Bronze,SOHO,6000,6,14.0,,20,110.0,0.0,110.0,18.33,No,0
Bronze,SOHO,6404,3,,,3,110.0,0.0,110.0,36.67,No,0
Bronze,SOHO,6600,8,,,8,110.17,0.0,110.17,13.77,No,0
Bronze,SOHO,6300,10,,,10,110.25,0.0,110.25,11.03,No,0
Bronze,SOHO,6000,6,1.0,,7,110.33,0.0,110.33,18.39,No,0
Bronze,SOHO,6000,7,,,7,110.33,0.0,110.33,15.76,No,0
Bronze,SOHO,6500,12,2.0,,14,110.33,0.0,110.33,9.19,No,0
Bronze,SOHO,4400,7,4.0,,11,110.67,0.0,110.67,15.81,No,0
Bronze,SOHO,6000,5,,,5,110.67,0.0,110.67,22.13,No,0
Bronze,SOHO,6000,6,,,6,110.67,0.0,110.67,18.45,No,0
Bronze,SOHO,6400,12,1.0,,13,110.83,0.0,110.83,9.24,No,0
Bronze,SOHO,6000,3,,,3,110.83,0.0,110.83,36.94,No,0
Bronze,SOHO,4230,5,,,5,111.0,0.0,111.0,22.2,No,0
Bronze,SOHO,6000,9,,,9,111.0,0.0,111.0,12.33,No,0
Bronze,SOHO,6000,4,,,4,111.0,0.0,111.0,27.75,No,0
Bronze,SOHO,4270,11,3.0,,14,111.17,0.0,111.17,10.11,No,0
Bronze,SOHO,4004,10,1.0,,11,111.17,0.0,111.17,11.12,No,0
Bronze,SOHO,6000,3,,,3,111.17,0.0,111.17,37.06,No,0
Bronze,SOHO,6100,6,,,6,111.17,0.0,111.17,18.53,No,0
Bronze,SOHO,6000,5,,,5,111.17,0.0,111.17,22.23,No,0
Bronze,SOHO,6300,6,,,6,111.17,0.0,111.17,18.53,No,0
Bronze,SOHO,4270,16,2.0,,18,111.33,0.0,111.33,6.96,No,0
Bronze,SOHO,4000,4,1.0,,5,111.33,0.0,111.33,27.83,Yes,1
Bronze,SOHO,6000,6,1.0,,7,111.5,0.0,111.5,18.58,No,0
Bronze,SOHO,4000,16,,,16,111.5,0.0,111.5,6.97,No,0
Bronze,SOHO,4000,8,,,8,111.67,0.0,111.67,13.96,No,0
Bronze,SOHO,4600,8,6.0,,14,111.67,0.0,111.67,13.96,No,0
Bronze,SOHO,4000,10,4.0,,14,111.67,0.0,111.67,11.17,No,0
Bronze,SOHO,6100,6,1.0,,7,111.67,0.0,111.67,18.61,No,0
Bronze,SOHO,6000,6,1.0,,7,111.67,0.0,111.67,18.61,No,0
Bronze,SOHO,4400,10,1.0,,11,111.83,0.0,111.83,11.18,No,0
Bronze,SOHO,6000,6,,,6,111.83,0.0,111.83,18.64,Yes,1
Bronze,SOHO,6300,6,4.0,,10,111.83,0.0,111.83,18.64,No,0
Bronze,SOHO,4017,2,4.0,,6,112.0,0.0,112.0,56.0,No,0
Bronze,SOHO,6000,4,,,4,112.0,0.0,112.0,28.0,No,0
Bronze,SOHO,4400,6,,,6,112.0,0.0,112.0,18.67,No,0
Bronze,SOHO,4270,10,1.0,,11,112.33,0.0,112.33,11.23,No,0
Bronze,SOHO,6000,3,,,3,112.33,0.0,112.33,37.44,No,0
Bronze,SOHO,6000,10,,,10,112.33,0.0,112.33,11.23,No,0
Bronze,SOHO,4000,10,,,10,112.5,0.0,112.5,11.25,No,0
Bronze,SOHO,6600,5,1.0,,6,112.5,0.0,112.5,22.5,Yes,1
Bronze,SOHO,6900,5,,,5,112.5,0.0,112.5,22.5,Yes,1
Bronze,SOHO,4002,4,2.0,,6,112.83,0.0,112.83,28.21,No,0
Bronze,SOHO,6000,5,,,5,112.83,0.0,112.83,22.57,No,0
Bronze,SOHO,6300,11,4.0,,15,112.83,0.0,112.83,10.26,No,0
Bronze,SOHO,6600,5,,,5,112.83,0.0,112.83,22.57,No,0
Bronze,SOHO,4500,8,1.0,,9,113.0,0.0,113.0,14.13,No,0
Bronze,SOHO,4003,7,,,7,113.0,0.0,113.0,16.14,No,0
Bronze,SOHO,6000,5,,,5,113.17,0.0,113.17,22.63,No,0
Bronze,SOHO,6000,3,,,3,113.33,0.0,113.33,37.78,No,0
Bronze,SOHO,6600,5,1.0,,6,113.33,0.0,113.33,22.67,No,0
Bronze,SOHO,4000,2,2.0,,4,113.5,0.0,113.5,56.75,No,0
Bronze,SOHO,6000,4,,,4,113.8,0.0,113.8,28.45,No,0
Bronze,SOHO,4000,8,,,8,113.83,0.0,113.83,14.23,Yes,1
Bronze,SOHO,6300,8,,,8,113.83,0.0,113.83,14.23,No,0
Bronze,VSE,6300,5,,,5,114.0,0.0,114.0,22.8,No,0
Bronze,SOHO,4400,6,,,6,114.17,0.0,114.17,19.03,No,0
Bronze,SOHO,6100,6,,,6,114.17,0.0,114.17,19.03,No,0
Bronze,SOHO,6800,6,1.0,,7,114.17,0.0,114.17,19.03,No,0
Bronze,SOHO,6300,5,,,5,114.67,0.0,114.67,22.93,No,0
Bronze,SOHO,6600,4,,,4,114.67,0.0,114.67,28.67,No,0
Bronze,SOHO,6000,7,6.0,,13,114.83,0.0,114.83,16.4,No,0
Bronze,SOHO,4004,6,,,6,114.83,0.0,114.83,19.14,No,0
Bronze,SOHO,6000,2,1.0,,3,114.83,0.0,114.83,57.42,No,0
Bronze,SOHO,6300,6,,,6,114.83,0.0,114.83,19.14,No,0
Bronze,SOHO,6000,8,,,8,115.0,0.0,115.0,14.38,No,0
Bronze,SOHO,6000,6,1.0,,7,115.0,0.0,115.0,19.17,Yes,1
Bronze,SOHO,6000,6,,,6,115.17,0.0,115.17,19.2,No,0
Bronze,SOHO,4444,5,1.0,,6,115.33,0.0,115.33,23.07,No,0
Bronze,SOHO,6275,10,,,10,115.33,0.0,115.33,11.53,No,0
Bronze,SOHO,6600,5,,,5,115.5,0.0,115.5,23.1,No,0
Bronze,SOHO,4003,7,,,7,104.33,11.5,115.83,14.9,No,0
Bronze,SOHO,4002,9,,,9,115.83,0.0,115.83,12.87,No,0
Bronze,SOHO,4016,9,3.0,,12,115.83,0.0,115.83,12.87,No,0
Bronze,SOHO,4003,5,1.0,,6,115.83,0.0,115.83,23.17,No,0
Bronze,SOHO,6100,7,,,7,115.83,0.0,115.83,16.55,No,0
Bronze,SOHO,6000,7,,,7,115.83,0.0,115.83,16.55,No,0
Bronze,SOHO,6100,8,2.0,,10,116.0,0.0,116.0,14.5,No,0
Bronze,SOHO,6000,9,,,9,116.17,0.0,116.17,12.91,No,0
Bronze,SOHO,6000,4,2.0,,6,116.33,0.0,116.33,29.08,No,0
Bronze,SOHO,4600,5,1.0,,6,116.5,0.0,116.5,23.3,No,0
Bronze,SOHO,4230,6,3.0,,9,116.67,0.0,116.67,19.45,No,0
Bronze,SOHO,6300,10,1.0,,11,116.67,0.0,116.67,11.67,No,0
Bronze,SOHO,6000,5,4.0,,9,116.67,0.0,116.67,23.33,No,0
Bronze,SOHO,4218,4,,,4,116.83,0.0,116.83,29.21,No,0
Bronze,SOHO,6400,9,,,9,116.83,0.0,116.83,12.98,No,0
Bronze,SOHO,4004,9,,,9,117.0,0.0,117.0,13.0,No,0
Bronze,SOHO,6100,7,,,7,117.0,0.0,117.0,16.71,No,0
Bronze,SOHO,4000,6,,,6,117.17,0.0,117.17,19.53,No,0
Bronze,SOHO,4020,6,5.0,,11,117.33,0.0,117.33,19.56,No,0
Bronze,SOHO,6000,3,,,3,117.33,0.0,117.33,39.11,No,0
Bronze,SOHO,4600,7,,,7,117.33,0.0,117.33,16.76,Yes,1
Bronze,SOHO,6000,7,,,7,117.33,0.0,117.33,16.76,No,0
Bronze,VSE,4023,2,,,2,117.67,0.0,117.67,58.84,No,0
Bronze,SOHO,4000,5,1.0,,6,118.17,0.0,118.17,23.63,No,0
Bronze,SOHO,4579,5,1.0,,6,118.17,0.0,118.17,23.63,No,0
Bronze,SOHO,6000,6,,,6,118.17,0.0,118.17,19.7,No,0
Bronze,SOHO,4101,6,,,6,118.33,0.0,118.33,19.72,No,0
Bronze,SOHO,6900,4,4.0,,8,118.33,0.0,118.33,29.58,No,0
Bronze,SOHO,6600,8,1.0,,9,118.33,0.0,118.33,14.79,Yes,1
Bronze,SOHO,6600,8,,,8,118.33,0.0,118.33,14.79,No,0
Bronze,SOHO,6300,1,1.0,,2,118.33,0.0,118.33,118.33,No,0
Bronze,SOHO,4230,6,,,6,118.5,0.0,118.5,19.75,No,0
Bronze,SOHO,4000,9,,,9,118.83,0.0,118.83,13.2,No,0
Bronze,SOHO,4500,4,,,4,118.83,0.0,118.83,29.71,No,0
Bronze,SOHO,1715,5,,,5,118.83,0.0,118.83,23.77,No,0
Bronze,SOHO,4400,5,,,5,119.0,0.0,119.0,23.8,No,0
Bronze,SOHO,6000,6,2.0,,8,113.33,5.83,119.16,18.89,No,0
Bronze,SOHO,4000,8,,,8,119.17,0.0,119.17,14.9,No,0
Bronze,SOHO,4300,5,,,5,119.5,0.0,119.5,23.9,No,0
Bronze,SOHO,6000,9,1.0,,10,119.83,0.0,119.83,13.31,No,0
Bronze,SOHO,6400,7,,,7,120.0,0.0,120.0,17.14,No,0
Bronze,SOHO,6300,9,,,9,120.17,0.0,120.17,13.35,No,0
Bronze,SOHO,6300,4,1.0,,5,120.33,0.0,120.33,30.08,No,0
Bronze,SOHO,4150,19,,,19,120.5,0.0,120.5,6.34,No,0
Bronze,SOHO,4002,14,3.0,,17,120.67,0.0,120.67,8.62,No,0
Bronze,SOHO,4600,4,,,4,120.67,0.0,120.67,30.17,Yes,1
Bronze,SOHO,4000,5,9.0,,14,120.83,0.0,120.83,24.17,No,0
Bronze,SOHO,6450,5,1.0,,6,120.83,0.0,120.83,24.17,No,0
Bronze,SOHO,6300,8,1.0,,9,120.83,0.0,120.83,15.1,No,0
Bronze,SOHO,4017,6,1.0,,7,121.0,0.0,121.0,20.17,No,0
Bronze,SOHO,4000,9,2.0,,11,121.17,0.0,121.17,13.46,No,0
Bronze,SOHO,4400,6,,,6,121.17,0.0,121.17,20.2,No,0
Bronze,SOHO,4579,8,3.0,,11,121.17,0.0,121.17,15.15,No,0
Bronze,SOHO,4400,5,,,5,121.17,0.0,121.17,24.23,No,0
Bronze,SOHO,4000,10,,,10,121.17,0.0,121.17,12.12,No,0
Bronze,SOHO,6600,11,1.0,,12,121.17,0.0,121.17,11.02,No,0
Bronze,SOHO,4580,6,1.0,,7,121.33,0.0,121.33,20.22,No,0
Bronze,SOHO,6300,9,5.0,,14,121.5,0.0,121.5,13.5,No,0
Bronze,SOHO,4003,10,,,10,121.67,0.0,121.67,12.17,No,0
Bronze,SOHO,4173,8,2.0,,10,121.83,0.0,121.83,15.23,No,0
Bronze,SOHO,6450,5,1.0,,6,121.83,0.0,121.83,24.37,No,0
Bronze,SOHO,6000,5,,,5,121.83,0.0,121.83,24.37,No,0
Bronze,SOHO,6600,5,1.0,,6,122.0,0.0,122.0,24.4,No,0
Bronze,SOHO,6100,7,,,7,122.33,0.0,122.33,17.48,No,0
Bronze,SOHO,6600,11,,,11,122.33,0.0,122.33,11.12,Yes,1
Bronze,SOHO,6000,4,,1.0,5,122.4,0.0,122.4,30.6,No,0
Bronze,SOHO,6000,6,,,6,122.67,0.0,122.67,20.45,No,0
Bronze,SOHO,6000,3,1.0,,4,122.83,0.0,122.83,40.94,No,0
Bronze,SOHO,6600,8,,,8,122.83,0.0,122.83,15.35,No,0
Bronze,SOHO,6550,10,,,10,123.0,0.0,123.0,12.3,No,0
Bronze,SOHO,6000,5,,,5,123.17,0.0,123.17,24.63,No,0
Bronze,SOHO,6000,5,,,5,123.17,0.0,123.17,24.63,No,0
Bronze,SOHO,6600,9,1.0,,10,123.17,0.0,123.17,13.69,No,0
Bronze,SOHO,6000,6,2.0,,8,123.5,0.0,123.5,20.58,No,0
Bronze,SOHO,6100,4,1.0,,5,123.5,0.0,123.5,30.88,No,0
Bronze,SOHO,4001,5,1.0,,6,90.83,32.67,123.5,18.17,No,0
Bronze,SOHO,8000,7,3.0,,10,123.5,0.0,123.5,17.64,Yes,1
Bronze,SOHO,4300,6,,,6,123.83,0.0,123.83,20.64,No,0
Bronze,SOHO,6300,3,,,3,123.83,0.0,123.83,41.28,No,0
Bronze,SOHO,6500,5,,,5,124.0,0.0,124.0,24.8,No,0
Bronze,SOHO,4600,6,,,6,124.17,0.0,124.17,20.7,No,0
Bronze,SOHO,4004,2,2.0,,4,124.33,0.0,124.33,62.17,No,0
Bronze,SOHO,4300,3,,,3,124.5,0.0,124.5,41.5,No,0
Bronze,SOHO,6600,11,,,11,124.5,0.0,124.5,11.32,No,0
Bronze,SOHO,6000,4,,,4,124.67,0.0,124.67,31.17,No,0
Bronze,SOHO,6000,15,14.0,,29,124.83,0.0,124.83,8.32,No,0
Bronze,VSE,6300,7,,,7,124.83,0.0,124.83,17.83,No,0
Bronze,SOHO,6000,6,,,6,125.17,0.0,125.17,20.86,No,0
Bronze,SOHO,6690,3,,,3,125.17,0.0,125.17,41.72,No,0
Bronze,SOHO,6200,11,,,11,125.33,0.0,125.33,11.39,No,0
Bronze,SOHO,6450,5,1.0,,6,125.33,0.0,125.33,25.07,No,0
Bronze,SOHO,6100,4,1.0,,5,125.67,0.0,125.67,31.42,No,0
Bronze,SOHO,6400,9,3.0,,12,125.67,0.0,125.67,13.96,No,0
Bronze,SOHO,4400,7,,,7,126.0,0.0,126.0,18.0,No,0
Bronze,SOHO,4150,5,1.0,,6,126.17,0.0,126.17,25.23,No,0
Bronze,SOHO,4000,9,3.0,,12,126.17,0.0,126.17,14.02,No,0
Bronze,SOHO,6163,5,1.0,,6,126.17,0.0,126.17,25.23,No,0
Bronze,SOHO,6670,13,,,13,126.17,0.0,126.17,9.71,Yes,1
Bronze,SOHO,4197,8,3.0,,11,126.67,0.0,126.67,15.83,No,0
Bronze,SOHO,4003,2,2.0,,4,126.67,0.0,126.67,63.34,No,0
Bronze,SOHO,6000,8,,,8,127.0,0.0,127.0,15.88,No,0
Bronze,VSE,8600,7,11.0,,18,127.33,0.0,127.33,18.19,No,0
Bronze,SOHO,6280,3,1.0,,4,127.67,0.0,127.67,42.56,No,0
Bronze,SOHO,4004,11,,,11,127.83,0.0,127.83,11.62,No,0
Bronze,SOHO,6000,4,,,4,127.83,0.0,127.83,31.96,No,0
Bronze,SOHO,6300,3,1.0,,4,127.83,0.0,127.83,42.61,No,0
Bronze,SOHO,4550,8,1.0,,9,128.17,0.0,128.17,16.02,No,0
Bronze,Other,6000,6,,,6,128.17,0.0,128.17,21.36,No,0
Bronze,SOHO,4000,6,,,6,128.5,0.0,128.5,21.42,No,0
Bronze,SOHO,4000,7,2.0,,9,128.5,0.0,128.5,18.36,No,0
Bronze,SOHO,6100,7,1.0,,8,129.0,0.0,129.0,18.43,No,0
Bronze,SOHO,6673,6,1.0,,7,129.0,0.0,129.0,21.5,Yes,1
Bronze,SOHO,4500,6,1.0,,7,129.33,0.0,129.33,21.56,No,0
Bronze,SOHO,6000,3,1.0,,4,129.5,0.0,129.5,43.17,No,0
Bronze,SOHO,6500,4,6.0,,10,129.67,0.0,129.67,32.42,No,0
Bronze,SOHO,6160,2,2.0,,4,129.83,0.0,129.83,64.92,Yes,1
Bronze,SOHO,6000,8,1.0,,9,129.83,0.0,129.83,16.23,No,0
Bronze,SOHO,6550,1,5.0,,6,130.0,0.0,130.0,130.0,No,0
Bronze,SOHO,6000,9,,,9,130.33,0.0,130.33,14.48,No,0
Bronze,SOHO,6900,3,1.0,,4,130.67,0.0,130.67,43.56,No,0
Bronze,SOHO,6100,11,,,11,131.0,0.0,131.0,11.91,No,0
Bronze,SOHO,6000,2,1.0,,3,131.33,0.0,131.33,65.67,No,0
Bronze,SOHO,4400,10,1.0,,11,131.5,0.0,131.5,13.15,No,0
Bronze,SOHO,6600,5,3.0,,8,131.67,0.0,131.67,26.33,No,0
Bronze,SOHO,6000,8,1.0,,9,132.17,0.0,132.17,16.52,No,0
Bronze,SOHO,6550,10,1.0,,11,132.33,0.0,132.33,13.23,No,0
Bronze,SOHO,4002,6,,,6,132.5,0.0,132.5,22.08,No,0
Bronze,SOHO,4000,4,1.0,,5,132.5,0.0,132.5,33.13,No,0
Bronze,SOHO,4004,6,,,6,132.67,0.0,132.67,22.11,No,0
Bronze,VSE,4000,18,,,18,132.67,0.0,132.67,7.37,No,0
Bronze,SOHO,4581,9,1.0,,10,132.83,0.0,132.83,14.76,Yes,1
Bronze,SOHO,6000,8,,,8,133.0,0.0,133.0,16.63,Yes,1
Bronze,SOHO,1330,7,,,7,133.33,0.0,133.33,19.05,No,0
Bronze,SOHO,6100,10,,,10,133.33,0.0,133.33,13.33,No,0
Bronze,SOHO,6000,4,,,4,133.5,0.0,133.5,33.38,No,0
Bronze,SOHO,6300,5,,,5,133.5,0.0,133.5,26.7,Yes,1
Bronze,SOHO,4400,7,,,7,134.0,0.0,134.0,19.14,No,0
Bronze,SOHO,6400,10,,,10,134.17,0.0,134.17,13.42,No,0
Bronze,VSE,6000,8,1.0,,9,134.33,0.0,134.33,16.79,No,0
Bronze,SOHO,6600,12,,,12,134.5,0.0,134.5,11.21,No,0
Bronze,SOHO,6450,5,1.0,,6,135.5,0.0,135.5,27.1,No,0
Bronze,VSE,6000,7,,,7,136.33,0.0,136.33,19.48,No,0
Bronze,SOHO,4500,4,,,4,136.5,0.0,136.5,34.13,No,0
Bronze,SOHO,4003,6,2.0,,8,136.5,0.0,136.5,22.75,No,0
Bronze,SOHO,4400,6,3.0,,9,136.67,0.0,136.67,22.78,No,0
Bronze,SOHO,4270,3,1.0,,4,136.83,0.0,136.83,45.61,No,0
Bronze,SOHO,6000,10,5.0,,15,136.83,0.0,136.83,13.68,No,0
Bronze,SOHO,6600,3,4.0,,7,136.83,0.0,136.83,45.61,No,0
Bronze,SOHO,6000,7,1.0,,8,137.17,0.0,137.17,19.6,No,0
Bronze,SOHO,4500,5,1.0,,6,137.33,0.0,137.33,27.47,No,0
Bronze,SOHO,4000,11,2.0,,13,137.5,0.0,137.5,12.5,No,0
Bronze,SOHO,4000,2,1.0,,3,137.67,0.0,137.67,68.84,No,0
Bronze,SOHO,4400,9,,,9,138.17,0.0,138.17,15.35,No,0
Bronze,VSE,4230,10,1.0,,11,138.5,0.0,138.5,13.85,No,0
Bronze,SOHO,6260,6,,,6,138.67,0.0,138.67,23.11,No,0
Bronze,SOHO,4000,4,2.0,,6,139.33,0.0,139.33,34.83,No,0
Bronze,SOHO,4003,8,2.0,,10,139.67,0.0,139.67,17.46,No,0
Bronze,SOHO,4000,12,3.0,,15,139.67,0.0,139.67,11.64,No,0
Bronze,SOHO,6300,5,2.0,,7,139.83,0.0,139.83,27.97,No,0
Bronze,SOHO,4000,3,,,3,140.5,0.0,140.5,46.83,No,0
Bronze,SOHO,6000,8,,,8,141.0,0.0,141.0,17.63,No,0
Bronze,SOHO,6432,6,1.0,,7,141.5,0.0,141.5,23.58,No,0
Bronze,SOHO,6000,5,,,5,142.17,0.0,142.17,28.43,No,0
Bronze,SOHO,6490,9,2.0,,11,142.33,0.0,142.33,15.81,No,0
Bronze,SOHO,4000,11,1.0,,12,143.83,0.0,143.83,13.08,No,0
Bronze,SOHO,6000,5,,,5,144.17,0.0,144.17,28.83,No,0
Bronze,SOHO,6000,13,3.0,,16,146.0,0.0,146.0,11.23,No,0
Bronze,SOHO,4000,4,,,4,146.33,0.0,146.33,36.58,No,0
Bronze,SOHO,6300,6,2.0,,8,146.33,0.0,146.33,24.39,No,0
Bronze,SOHO,6000,8,1.0,,9,146.5,0.0,146.5,18.31,No,0
Bronze,SOHO,6000,4,,,4,146.67,0.0,146.67,36.67,No,0
Bronze,SOHO,6300,7,1.0,,8,147.17,0.0,147.17,21.02,No,0
Bronze,SOHO,4020,9,5.0,,14,147.67,0.0,147.67,16.41,No,0
Bronze,SOHO,4580,6,2.0,,8,147.83,0.0,147.83,24.64,No,0
Bronze,SOHO,4400,5,,,5,148.17,0.0,148.17,29.63,No,0
Bronze,SOHO,4015,5,2.0,,7,148.33,0.0,148.33,29.67,No,0
Bronze,SOHO,4000,4,,,4,150.17,0.0,150.17,37.54,No,0
Bronze,SOHO,6500,3,1.0,,4,152.17,0.0,152.17,50.72,No,0
Bronze,SOHO,4600,1,11.0,,12,153.17,0.0,153.17,153.17,No,0
Bronze,SOHO,6300,4,,,4,153.83,0.0,153.83,38.46,Yes,1
Bronze,SOHO,4000,9,6.0,,15,154.67,0.0,154.67,17.19,Yes,1
Bronze,SOHO,6450,3,,,3,155.0,0.0,155.0,51.67,No,0
Bronze,SOHO,6000,8,,,8,155.33,0.0,155.33,19.42,No,0
Bronze,SOHO,6000,6,,,6,158.17,0.0,158.17,26.36,No,0
Bronze,SOHO,6000,6,3.0,,9,158.33,0.0,158.33,26.39,No,0
Bronze,SOHO,4000,5,5.0,,10,158.5,0.0,158.5,31.7,No,0
Bronze,SOHO,1839,5,,,5,159.0,0.0,159.0,31.8,No,0
Bronze,SOHO,4015,4,,,4,159.5,0.0,159.5,39.88,No,0
Bronze,SOHO,4023,8,6.0,,14,159.67,0.0,159.67,19.96,No,0
Bronze,SOHO,6000,7,,,7,159.67,0.0,159.67,22.81,No,0
Bronze,SOHO,4150,13,7.0,,20,160.0,0.0,160.0,12.31,No,0
Bronze,SOHO,4600,8,,,8,160.0,0.0,160.0,20.0,No,0
Bronze,SOHO,6304,7,,,7,161.5,0.0,161.5,23.07,No,0
Bronze,SOHO,4000,7,,,7,162.0,0.0,162.0,23.14,No,0
Bronze,SOHO,6000,4,4.0,,8,164.0,0.0,164.0,41.0,No,0
Bronze,SOHO,4000,8,,,8,165.0,0.0,165.0,20.63,No,0
Bronze,SOHO,6600,29,21.0,3.0,53,167.0,0.0,167.0,5.76,No,0
Bronze,SOHO,6300,7,,,7,167.17,0.0,167.17,23.88,No,0
Bronze,SOHO,6400,13,,,13,168.5,0.0,168.5,12.96,No,0
Bronze,SOHO,4000,4,,,4,170.0,0.0,170.0,42.5,No,0
Bronze,SOHO,6100,6,,,6,172.0,0.0,172.0,28.67,Yes,1
Bronze,SOHO,4600,3,,,3,174.67,0.0,174.67,58.22,No,0
Bronze,SOHO,4600,6,,,6,174.83,0.0,174.83,29.14,Yes,1
Bronze,SOHO,4230,5,,,5,99.33,79.5,178.83,19.87,No,0
Bronze,SOHO,6000,6,4.0,,10,179.67,0.0,179.67,29.95,No,0
Bronze,SOHO,6500,9,,,9,180.17,0.0,180.17,20.02,No,0
Bronze,SOHO,4400,13,,,13,181.17,0.0,181.17,13.94,No,0
Bronze,SOHO,4000,2,,,2,188.67,0.0,188.67,94.34,No,0
Bronze,SOHO,6063,2,,,2,189.67,0.0,189.67,94.84,No,0
Bronze,SOHO,4000,12,,,12,190.0,0.0,190.0,15.83,No,0
Bronze,SOHO,4003,20,,,20,191.33,0.0,191.33,9.57,No,0
Bronze,SOHO,6000,16,,,16,194.5,0.0,194.5,12.16,No,0
Bronze,SOHO,6000,5,,,5,203.33,0.0,203.33,40.67,No,0
Bronze,SOHO,4002,11,,,11,204.33,0.0,204.33,18.58,No,0
Bronze,SOHO,4190,8,1.0,,9,214.33,0.0,214.33,26.79,No,0
Bronze,SOHO,6000,6,,,6,221.67,0.0,221.67,36.95,No,0
Bronze,SOHO,6450,4,,,4,247.17,0.0,247.17,61.79,No,0
Bronze,Other,4000,17,,,17,336.67,0.0,336.67,19.8,No,0
Bronze,SOHO,6060,32,,,32,421.0,0.0,421.0,13.16,No,0
Bronze,SOHO,6300,1,25.0,,26,0.0,480.5,480.5,0.0,No,0
Bronze,SOHO,4400,3,,,3,60.33,0.0,60.33,20.11,No,0
Bronze,SOHO,4400,3,5.0,,8,61.17,0.0,61.17,20.39,No,0
Bronze,SOHO,4400,3,,,3,61.33,0.0,61.33,20.44,No,0
Bronze,SOHO,4400,4,35.0,,39,61.5,0.0,61.5,15.38,No,0
Bronze,SOHO,4406,1,,,1,61.83,0.0,61.83,61.83,No,0
Bronze,SOHO,4400,2,,,2,62.33,0.0,62.33,31.17,No,0
Bronze,SOHO,4550,7,,,7,62.5,0.0,62.5,8.93,No,0
Bronze,SOHO,4550,3,1.0,,4,62.83,0.0,62.83,20.94,No,0
Bronze,SOHO,4400,2,,,2,62.83,0.0,62.83,31.42,No,0
Bronze,SOHO,4600,2,1.0,,3,63.5,0.0,63.5,31.75,Yes,1
Bronze,SOHO,4400,3,4.0,,7,63.67,0.0,63.67,21.22,No,0
Bronze,SOHO,4400,3,1.0,,4,64.17,0.0,64.17,21.39,No,0
Bronze,SOHO,4400,4,,,4,65.17,0.0,65.17,16.29,No,0
Bronze,SOHO,4580,4,,,4,65.83,0.0,65.83,16.46,No,0
Bronze,SOHO,4400,7,13.0,,20,65.83,0.0,65.83,9.4,No,0
Bronze,SOHO,4400,2,,,2,66.67,0.0,66.67,33.34,No,0
Bronze,SOHO,4600,4,3.0,,7,66.83,0.0,66.83,16.71,Yes,1
Bronze,SOHO,4481,3,,,3,66.83,0.0,66.83,22.28,No,0
Bronze,SOHO,4550,5,,,5,67.17,0.0,67.17,13.43,No,0
Bronze,SOHO,4600,4,3.0,,7,67.33,0.0,67.33,16.83,No,0
Bronze,SOHO,4455,3,1.0,,4,67.33,0.0,67.33,22.44,No,0
Bronze,VSE,4463,4,6.0,,10,67.5,0.0,67.5,16.88,No,0
Bronze,SOHO,4600,3,1.0,,4,67.83,0.0,67.83,22.61,No,0
Bronze,SOHO,4491,1,6.0,,7,68.0,0.0,68.0,68.0,No,0
Bronze,SOHO,4400,1,,,1,68.17,0.0,68.17,68.17,No,0
Bronze,SOHO,4407,2,,,2,68.67,0.0,68.67,34.34,No,0
Bronze,SOHO,4400,1,1.0,,2,69.33,0.0,69.33,69.33,No,0
Bronze,SOHO,4400,2,,,2,69.5,0.0,69.5,34.75,No,0
Bronze,SOHO,4550,2,,,2,69.83,0.0,69.83,34.92,No,0
Bronze,SOHO,4400,2,1.0,,3,70.0,0.0,70.0,35.0,No,0
Bronze,SOHO,4400,5,2.0,,7,70.17,0.0,70.17,14.03,No,0
Bronze,SOHO,4405,3,5.0,,8,70.33,0.0,70.33,23.44,No,0
Bronze,SOHO,4400,5,,,5,70.83,0.0,70.83,14.17,No,0
Bronze,SOHO,4400,5,,,5,71.17,0.0,71.17,14.23,No,0
Bronze,SOHO,4400,2,1.0,,3,71.5,0.0,71.5,35.75,No,0
Bronze,SOHO,4400,4,2.0,,6,72.0,0.0,72.0,18.0,No,0
Bronze,SOHO,4400,4,,,4,72.0,0.0,72.0,18.0,No,0
Bronze,SOHO,4400,1,,,1,72.17,0.0,72.17,72.17,No,0
Bronze,SOHO,4400,4,3.0,,7,72.5,0.0,72.5,18.13,No,0
Bronze,SOHO,4400,5,,,5,72.83,0.0,72.83,14.57,No,0
Bronze,SOHO,4400,4,3.0,,7,73.0,0.0,73.0,18.25,No,0
Bronze,SOHO,4400,5,1.0,,6,73.17,0.0,73.17,14.63,No,0
Bronze,SOHO,4550,7,,,7,73.67,0.0,73.67,10.52,No,0
Bronze,SOHO,4400,3,,,3,74.5,0.0,74.5,24.83,No,0
Bronze,SOHO,4400,5,,,5,75.33,0.0,75.33,15.07,No,0
Bronze,SOHO,4400,4,1.0,,5,75.5,0.0,75.5,18.88,No,0
Bronze,SOHO,4400,8,,,8,75.67,0.0,75.67,9.46,No,0
Bronze,SOHO,4550,5,1.0,,6,76.83,0.0,76.83,15.37,No,0
Bronze,SOHO,4400,3,,,3,77.17,0.0,77.17,25.72,No,0
Bronze,SOHO,4550,9,1.0,,10,78.0,0.0,78.0,8.67,No,0
Bronze,SOHO,4580,8,,,8,79.0,0.0,79.0,9.88,No,0
Bronze,SOHO,4493,8,,1.0,9,79.0,0.0,79.0,9.88,No,0
Bronze,SOHO,4400,8,3.0,,11,79.0,0.0,79.0,9.88,No,0
Bronze,SOHO,4400,3,,,3,79.17,0.0,79.17,26.39,No,0
Bronze,SOHO,4400,6,,,6,79.5,0.0,79.5,13.25,No,0
Bronze,SOHO,4618,2,,,2,79.67,0.0,79.67,39.84,Yes,1
Bronze,SOHO,4400,1,4.0,,5,80.83,0.0,80.83,80.83,Yes,1
Bronze,SOHO,4409,5,,,5,81.5,0.0,81.5,16.3,No,0
Bronze,SOHO,4400,7,,,7,81.83,0.0,81.83,11.69,No,0
Bronze,SOHO,4582,2,,,2,82.83,0.0,82.83,41.42,No,0
Bronze,SOHO,4400,1,,,1,83.0,0.0,83.0,83.0,No,0
Bronze,SOHO,4400,3,,,3,84.0,0.0,84.0,28.0,No,0
Bronze,SOHO,4640,5,,,5,84.33,0.0,84.33,16.87,No,0
Bronze,SOHO,4442,3,,,3,84.83,0.0,84.83,28.28,No,0
Bronze,SOHO,4400,6,,,6,84.83,0.0,84.83,14.14,No,0
Bronze,SOHO,4600,1,,,1,85.0,0.0,85.0,85.0,No,0
Bronze,SOHO,4400,3,,,3,85.0,0.0,85.0,28.33,No,0
Bronze,SOHO,4600,5,1.0,,6,85.5,0.0,85.5,17.1,No,0
Bronze,SOHO,4400,6,,,6,85.83,0.0,85.83,14.31,No,0
Bronze,SOHO,4400,7,5.0,,12,86.0,0.0,86.0,12.29,No,0
Bronze,SOHO,4640,1,,,1,86.0,0.0,86.0,86.0,No,0
Bronze,SOHO,4600,5,,,5,86.33,0.0,86.33,17.27,No,0
Bronze,SOHO,4600,3,,,3,86.33,0.0,86.33,28.78,No,0
Bronze,SOHO,4600,4,2.0,,6,87.5,0.0,87.5,21.88,No,0
Bronze,SOHO,4600,3,3.0,,6,87.83,0.0,87.83,29.28,No,0
Bronze,SOHO,4400,3,,,3,87.83,0.0,87.83,29.28,No,0
Bronze,SOHO,4640,3,2.0,,5,88.17,0.0,88.17,29.39,No,0
Bronze,SOHO,4469,7,1.0,,8,88.67,0.0,88.67,12.67,No,0
Bronze,SOHO,4400,4,4.0,,8,89.0,0.0,89.0,22.25,No,0
Bronze,SOHO,4400,6,,,6,89.0,0.0,89.0,14.83,No,0
Bronze,SOHO,4400,2,,,2,89.17,0.0,89.17,44.59,No,0
Bronze,SOHO,4455,5,,,5,89.67,0.0,89.67,17.93,No,0
Bronze,SOHO,4400,1,,,1,90.33,0.0,90.33,90.33,No,0
Bronze,SOHO,4400,4,,,4,92.17,0.0,92.17,23.04,Yes,1
Bronze,SOHO,4600,9,,,9,92.83,0.0,92.83,10.31,No,0
Bronze,SOHO,4400,4,,,4,93.5,0.0,93.5,23.38,No,0
Bronze,VSE,4417,5,5.0,,10,95.33,0.0,95.33,19.07,Yes,1
Bronze,SOHO,4400,6,,,6,99.0,0.0,99.0,16.5,No,0
Bronze,SOHO,4400,5,,,5,99.0,0.0,99.0,19.8,No,0
Bronze,SOHO,4470,3,1.0,,4,100.0,0.0,100.0,33.33,No,0
Bronze,SOHO,4600,2,,,2,101.33,0.0,101.33,50.67,No,0
Bronze,SOHO,4600,4,,,4,102.17,0.0,102.17,25.54,No,0
Bronze,SOHO,4400,3,,,3,103.5,0.0,103.5,34.5,No,0
Bronze,SOHO,4400,2,13.0,,15,103.5,0.0,103.5,51.75,No,0
Bronze,SOHO,4412,3,,,3,104.33,0.0,104.33,34.78,No,0
Bronze,SOHO,4400,10,,,10,104.5,0.0,104.5,10.45,No,0
Bronze,SOHO,4400,5,,,5,105.0,0.0,105.0,21.0,No,0
Bronze,SOHO,4400,6,,,6,106.33,0.0,106.33,17.72,No,0
Bronze,SOHO,4579,4,1.0,,5,106.33,0.0,106.33,26.58,No,0
Bronze,SOHO,4409,5,,,5,107.5,0.0,107.5,21.5,No,0
Bronze,SOHO,4550,4,2.0,,6,109.0,0.0,109.0,27.25,No,0
Bronze,SOHO,4600,5,,,5,109.33,0.0,109.33,21.87,No,0
Bronze,SOHO,4407,5,,,5,110.0,0.0,110.0,22.0,No,0
Bronze,SOHO,4400,5,3.0,,8,110.67,0.0,110.67,22.13,No,0
Bronze,SOHO,4400,1,,,1,113.67,0.0,113.67,113.67,No,0
Bronze,SOHO,4640,10,,,10,115.83,0.0,115.83,11.58,No,0
Bronze,Other,4601,8,,,8,118.67,0.0,118.67,14.83,No,0
Bronze,SOHO,4400,2,1.0,,3,120.5,0.0,120.5,60.25,No,0
Bronze,SOHO,4600,4,1.0,,5,120.67,0.0,120.67,30.17,No,0
Bronze,SOHO,4400,5,1.0,,6,122.17,0.0,122.17,24.43,No,0
Bronze,SOHO,4550,3,,,3,125.83,0.0,125.83,41.94,No,0
Bronze,SOHO,4400,3,5.0,,8,126.5,0.0,126.5,42.17,No,0
Bronze,SOHO,4400,3,,,3,126.67,0.0,126.67,42.22,No,0
Bronze,SOHO,4490,9,2.0,1.0,12,131.33,0.0,131.33,14.59,No,0
Bronze,SOHO,4400,5,,,5,140.33,0.0,140.33,28.07,No,0
Bronze,SOHO,4400,7,,,7,144.17,0.0,144.17,20.6,No,0
Bronze,SOHO,4405,6,,,6,150.0,0.0,150.0,25.0,No,0
Bronze,SOHO,4400,8,,,8,151.17,0.0,151.17,18.9,No,0
Bronze,SOHO,4400,2,,,2,153.67,0.0,153.67,76.84,No,0
Bronze,SOHO,4600,7,,,7,157.0,0.0,157.0,22.43,Yes,1
Bronze,SOHO,4490,2,,,2,172.17,0.0,172.17,86.09,No,0
Bronze,SOHO,4400,6,,,6,188.67,0.0,188.67,31.45,Yes,1
Bronze,SOHO,4600,20,6.0,,26,289.0,0.0,289.0,14.45,No,0
Bronze,SOHO,4023,3,,,3,63.83,0.0,63.83,21.28,No,0
Bronze,SOHO,4023,3,1.0,,4,63.83,0.0,63.83,21.28,No,0
Bronze,SOHO,4004,2,2.0,,4,64.0,0.0,64.0,32.0,No,0
Bronze,SOHO,4000,5,1.0,,6,64.0,0.0,64.0,12.8,No,0
Bronze,SOHO,4230,5,1.0,,6,64.0,0.0,64.0,12.8,No,0
Bronze,SOHO,4900,1,,,1,64.17,0.0,64.17,64.17,No,0
Bronze,SOHO,4180,5,,,5,64.17,0.0,64.17,12.83,No,0
Bronze,SOHO,4000,5,,,5,64.17,0.0,64.17,12.83,Yes,1
Bronze,SOHO,4003,5,,,5,64.17,0.0,64.17,12.83,No,0
Bronze,SOHO,4824,5,1.0,,6,64.17,0.0,64.17,12.83,No,0
Bronze,SOHO,4855,6,3.0,,9,64.17,0.0,64.17,10.7,No,0
Bronze,SOHO,4000,2,1.0,,3,64.17,0.0,64.17,32.09,No,0
Bronze,SOHO,4004,3,2.0,,5,64.17,0.0,64.17,21.39,No,0
Bronze,SOHO,4004,4,3.0,,7,64.33,0.0,64.33,16.08,No,0
Bronze,SOHO,4940,2,1.0,,3,64.33,0.0,64.33,32.17,No,0
Bronze,SOHO,4000,3,1.0,,4,64.33,0.0,64.33,21.44,No,0
Bronze,SOHO,4270,6,,,6,64.5,0.0,64.5,10.75,No,0
Bronze,SOHO,4270,5,,,5,64.67,0.0,64.67,12.93,No,0
Bronze,SOHO,4023,3,2.0,,5,64.67,0.0,64.67,21.56,No,0
Bronze,SOHO,4023,4,,,4,64.67,0.0,64.67,16.17,No,0
Bronze,SOHO,4002,7,1.0,,8,64.67,0.0,64.67,9.24,No,0
Bronze,SOHO,4003,5,3.0,,8,64.83,0.0,64.83,12.97,No,0
Bronze,SOHO,4002,4,1.0,,5,64.83,0.0,64.83,16.21,No,0
Bronze,SOHO,4000,2,12.0,,14,64.83,0.0,64.83,32.42,No,0
Bronze,SOHO,4002,1,2.0,,3,64.83,0.0,64.83,64.83,No,0
Bronze,SOHO,4000,1,1.0,,2,64.83,0.0,64.83,64.83,No,0
Bronze,SOHO,4002,4,2.0,,6,65.0,0.0,65.0,16.25,No,0
Bronze,SOHO,4700,5,,,5,65.0,0.0,65.0,13.0,No,0
Bronze,SOHO,4023,2,2.0,,4,65.0,0.0,65.0,32.5,No,0
Bronze,SOHO,4300,6,1.0,,7,65.0,0.0,65.0,10.83,No,0
Bronze,SOHO,4700,10,,,10,65.0,0.0,65.0,6.5,No,0
Bronze,SOHO,4003,3,,,3,65.17,0.0,65.17,21.72,No,0
Bronze,SOHO,4002,7,1.0,,8,65.17,0.0,65.17,9.31,No,0
Bronze,SOHO,4000,4,1.0,,5,65.17,0.0,65.17,16.29,No,0
Bronze,SOHO,4020,3,,,3,65.17,0.0,65.17,21.72,No,0
Bronze,SOHO,4000,3,,,3,65.17,0.0,65.17,21.72,No,0
Bronze,SOHO,4980,7,1.0,,8,65.33,0.0,65.33,9.33,No,0
Bronze,SOHO,4000,6,1.0,,7,65.33,0.0,65.33,10.89,No,0
Bronze,SOHO,4230,2,4.0,,6,65.33,0.0,65.33,32.67,No,0
Bronze,SOHO,4000,4,,,4,65.33,0.0,65.33,16.33,No,0
Bronze,SOHO,4000,7,1.0,,8,65.5,0.0,65.5,9.36,No,0
Bronze,SOHO,4124,5,,,5,65.5,0.0,65.5,13.1,No,0
Bronze,SOHO,4021,2,,,2,65.5,0.0,65.5,32.75,No,0
Bronze,SOHO,4700,3,2.0,,5,65.5,0.0,65.5,21.83,No,0
Bronze,SOHO,4230,7,,,7,65.5,0.0,65.5,9.36,No,0
Bronze,SOHO,4023,2,,,2,65.5,0.0,65.5,32.75,No,0
Bronze,SOHO,4224,1,,,1,65.67,0.0,65.67,65.67,No,0
Bronze,SOHO,4020,3,4.0,,7,65.67,0.0,65.67,21.89,No,0
Bronze,SOHO,4002,7,,,7,65.67,0.0,65.67,9.38,No,0
Bronze,SOHO,4003,2,,,2,65.67,0.0,65.67,32.84,No,0
Bronze,SOHO,4000,1,1.0,,2,65.67,0.0,65.67,65.67,No,0
Bronze,SOHO,4004,5,,,5,65.83,0.0,65.83,13.17,No,0
Bronze,SOHO,4004,5,1.0,,6,65.83,0.0,65.83,13.17,No,0
Bronze,SOHO,4300,3,1.0,,4,65.83,0.0,65.83,21.94,No,0
Bronze,Other,4000,2,,,2,65.83,0.0,65.83,32.92,No,0
Bronze,SOHO,4000,3,,,3,65.83,0.0,65.83,21.94,No,0
Bronze,SOHO,4000,3,,,3,66.0,0.0,66.0,22.0,No,0
Bronze,SOHO,4003,4,,,4,66.0,0.0,66.0,16.5,No,0
Bronze,SOHO,4270,2,1.0,,3,66.0,0.0,66.0,33.0,No,0
Bronze,SOHO,4000,8,3.0,,11,66.0,0.0,66.0,8.25,No,0
Bronze,SOHO,4124,6,,,6,66.0,0.0,66.0,11.0,Yes,1
Bronze,SOHO,4700,10,,,10,66.17,0.0,66.17,6.62,No,0
Bronze,SOHO,4000,2,4.0,,6,66.33,0.0,66.33,33.17,No,0
Bronze,SOHO,4193,2,,,2,66.33,0.0,66.33,33.17,No,0
Bronze,SOHO,4300,3,,,3,66.5,0.0,66.5,22.17,No,0
Bronze,SOHO,4000,2,,,2,66.5,0.0,66.5,33.25,No,0
Bronze,SOHO,4002,2,,,2,66.5,0.0,66.5,33.25,No,0
Bronze,SOHO,4003,2,,,2,66.5,0.0,66.5,33.25,No,0
Bronze,SOHO,4108,2,,,2,66.67,0.0,66.67,33.34,No,0
Bronze,SOHO,4000,3,,,3,66.67,0.0,66.67,22.22,No,0
Bronze,SOHO,4004,1,,,1,66.67,0.0,66.67,66.67,No,0
Bronze,SOHO,4108,6,,,6,66.83,0.0,66.83,11.14,No,0
Bronze,SOHO,4000,4,5.0,,9,67.0,0.0,67.0,16.75,No,0
Bronze,SOHO,4000,5,,,5,67.0,0.0,67.0,13.4,No,0
Bronze,SOHO,4002,2,,,2,67.0,0.0,67.0,33.5,No,0
Bronze,SOHO,4003,2,2.0,,4,67.17,0.0,67.17,33.59,No,0
Bronze,SOHO,4000,2,1.0,,3,67.17,0.0,67.17,33.59,No,0
Bronze,SOHO,4700,3,,,3,67.17,0.0,67.17,22.39,No,0
Bronze,SOHO,4000,5,2.0,,7,67.17,0.0,67.17,13.43,No,0
Bronze,SOHO,4004,7,,,7,67.17,0.0,67.17,9.6,No,0
Bronze,SOHO,4330,2,,,2,67.17,0.0,67.17,33.59,No,0
Bronze,SOHO,4002,3,2.0,,5,67.17,0.0,67.17,22.39,No,0
Bronze,SOHO,4270,4,,,4,67.33,0.0,67.33,16.83,No,0
Bronze,SOHO,4204,5,1.0,,6,67.33,0.0,67.33,13.47,No,0
Bronze,SOHO,4202,2,,,2,67.33,0.0,67.33,33.67,No,0
Bronze,SOHO,4000,1,3.0,,4,67.5,0.0,67.5,67.5,No,0
Bronze,SOHO,4003,1,1.0,,2,67.5,0.0,67.5,67.5,No,0
Bronze,SOHO,4023,1,,,1,67.5,0.0,67.5,67.5,No,0
Bronze,SOHO,4003,2,,,2,57.17,10.33,67.5,28.59,No,0
Bronze,SOHO,4002,2,,,2,67.5,0.0,67.5,33.75,No,0
Bronze,SOHO,4976,11,3.0,,14,67.5,0.0,67.5,6.14,No,0
Bronze,SOHO,4000,6,,,6,67.5,0.0,67.5,11.25,No,0
Bronze,SOHO,4000,2,,,2,67.5,0.0,67.5,33.75,No,0
Bronze,SOHO,4140,6,,,6,67.67,0.0,67.67,11.28,No,0
Bronze,SOHO,4023,3,3.0,,6,67.83,0.0,67.83,22.61,No,0
Bronze,SOHO,4004,3,,,3,67.83,0.0,67.83,22.61,No,0
Bronze,SOHO,4000,5,2.0,,7,67.83,0.0,67.83,13.57,No,0
Bronze,SOHO,4850,2,,,2,67.83,0.0,67.83,33.92,No,0
Bronze,SOHO,4700,4,,,4,67.83,0.0,67.83,16.96,No,0
Bronze,SOHO,4000,3,2.0,,5,67.83,0.0,67.83,22.61,No,0
Bronze,SOHO,4270,4,1.0,,5,68.0,0.0,68.0,17.0,No,0
Bronze,SOHO,4700,4,,,4,68.17,0.0,68.17,17.04,No,0
Bronze,SOHO,4000,2,5.0,,7,68.17,0.0,68.17,34.09,No,0
Bronze,SOHO,4000,2,,,2,68.17,0.0,68.17,34.09,No,0
Bronze,SOHO,4980,7,2.0,,9,68.17,0.0,68.17,9.74,No,0
Bronze,SOHO,4004,2,,,2,68.17,0.0,68.17,34.09,No,0
Bronze,SOHO,4200,12,,,12,68.33,0.0,68.33,5.69,No,0
Bronze,SOHO,4006,6,,,6,68.5,0.0,68.5,11.42,No,0
Bronze,SOHO,4000,1,,,1,68.5,0.0,68.5,68.5,No,0
Bronze,SOHO,4003,5,,,5,68.5,0.0,68.5,13.7,No,0
Bronze,SOHO,4000,5,,,5,68.67,0.0,68.67,13.73,No,0
Bronze,SOHO,4001,4,,,4,68.67,0.0,68.67,17.17,No,0
Bronze,SOHO,4004,5,1.0,,6,68.83,0.0,68.83,13.77,No,0
Bronze,SOHO,4006,3,,,3,68.83,0.0,68.83,22.94,No,0
Bronze,SOHO,4000,3,,,3,68.83,0.0,68.83,22.94,No,0
Bronze,SOHO,4000,4,,,4,68.83,0.0,68.83,17.21,No,0
Bronze,SOHO,4101,1,,,1,68.83,0.0,68.83,68.83,No,0
Bronze,SOHO,4004,2,4.0,,6,68.83,0.0,68.83,34.42,No,0
Bronze,SOHO,4004,5,,,5,69.0,0.0,69.0,13.8,No,0
Bronze,SOHO,4000,3,,,3,69.0,0.0,69.0,23.0,No,0
Bronze,SOHO,4003,2,3.0,,5,69.0,0.0,69.0,34.5,No,0
Bronze,SOHO,4003,2,7.0,,9,69.0,0.0,69.0,34.5,No,0
Bronze,SOHO,4000,2,5.0,,7,69.0,0.0,69.0,34.5,No,0
Bronze,SOHO,4000,4,,,4,69.0,0.0,69.0,17.25,No,0
Bronze,SOHO,4230,7,1.0,,8,69.0,0.0,69.0,9.86,No,0
Bronze,SOHO,4000,3,,,3,69.0,0.0,69.0,23.0,No,0
Bronze,SOHO,4000,1,,,1,69.0,0.0,69.0,69.0,No,0
Bronze,SOHO,4000,2,98.0,,100,69.17,0.0,69.17,34.59,No,0
Bronze,SOHO,4003,4,3.0,,7,69.17,0.0,69.17,17.29,Yes,1
Bronze,SOHO,4530,4,1.0,,5,69.17,0.0,69.17,17.29,No,0
Bronze,SOHO,4270,2,,,2,69.33,0.0,69.33,34.67,No,0
Bronze,SOHO,4142,7,1.0,,8,69.33,0.0,69.33,9.9,No,0
Bronze,SOHO,4000,4,2.0,,6,69.33,0.0,69.33,17.33,No,0
Bronze,SOHO,4006,6,,,6,69.5,0.0,69.5,11.58,No,0
Bronze,SOHO,4003,5,2.0,,7,69.5,0.0,69.5,13.9,No,0
Bronze,SOHO,4023,2,,,2,69.5,0.0,69.5,34.75,No,0
Bronze,SOHO,4023,2,,,2,69.5,0.0,69.5,34.75,No,0
Bronze,SOHO,4003,6,1.0,,7,69.5,0.0,69.5,11.58,No,0
Bronze,SOHO,4000,2,1.0,,3,69.5,0.0,69.5,34.75,No,0
Bronze,SOHO,4108,4,3.0,,7,69.67,0.0,69.67,17.42,No,0
Bronze,SOHO,4000,5,1.0,,6,69.67,0.0,69.67,13.93,No,0
Bronze,SOHO,4000,3,,,3,69.67,0.0,69.67,23.22,No,0
Bronze,SOHO,4004,6,,,6,69.67,0.0,69.67,11.61,Yes,1
Bronze,SOHO,4000,5,,,5,69.83,0.0,69.83,13.97,No,0
Bronze,SOHO,4000,3,,,3,69.83,0.0,69.83,23.28,No,0
Bronze,SOHO,4000,9,2.0,,11,70.0,0.0,70.0,7.78,No,0
Bronze,SOHO,4006,3,3.0,,6,70.0,0.0,70.0,23.33,No,0
Bronze,SOHO,4002,5,,,5,70.0,0.0,70.0,14.0,No,0
Bronze,SOHO,4023,2,2.0,,4,70.0,0.0,70.0,35.0,No,0
Bronze,SOHO,4000,5,,,5,70.0,0.0,70.0,14.0,No,0
Bronze,SOHO,4001,5,8.0,,13,70.17,0.0,70.17,14.03,No,0
Bronze,SOHO,4003,5,2.0,,7,70.17,0.0,70.17,14.03,No,0
Bronze,SOHO,4300,3,,,3,70.17,0.0,70.17,23.39,No,0
Bronze,SOHO,4940,3,,,3,70.17,0.0,70.17,23.39,No,0
Bronze,SOHO,4210,3,1.0,,4,70.17,0.0,70.17,23.39,No,0
Bronze,SOHO,4000,3,5.0,,8,70.33,0.0,70.33,23.44,No,0
Bronze,SOHO,4002,7,1.0,,8,70.33,0.0,70.33,10.05,No,0
Bronze,SOHO,4000,3,,,3,70.33,0.0,70.33,23.44,No,0
Bronze,SOHO,4230,3,,,3,70.5,0.0,70.5,23.5,No,0
Bronze,SOHO,4000,3,,,3,70.5,0.0,70.5,23.5,No,0
Bronze,SOHO,4000,1,,,1,70.5,0.0,70.5,70.5,No,0
Bronze,SOHO,4002,4,,,4,70.67,0.0,70.67,17.67,No,0
Bronze,SOHO,4003,6,2.0,,8,70.67,0.0,70.67,11.78,No,0
Bronze,SOHO,4000,6,,,6,70.83,0.0,70.83,11.81,No,0
Bronze,SOHO,4800,4,4.0,,8,70.83,0.0,70.83,17.71,No,0
Bronze,SOHO,4700,4,1.0,,5,70.83,0.0,70.83,17.71,No,0
Bronze,SOHO,4700,6,,,6,70.83,0.0,70.83,11.81,No,0
Bronze,SOHO,4003,3,,,3,70.83,0.0,70.83,23.61,No,0
Bronze,SOHO,4230,1,,,1,71.0,0.0,71.0,71.0,No,0
Bronze,SOHO,4003,2,,,2,71.0,0.0,71.0,35.5,No,0
Bronze,SOHO,4006,10,,,10,71.0,0.0,71.0,7.1,No,0
Bronze,SOHO,4002,5,,,5,71.0,0.0,71.0,14.2,No,0
Bronze,SOHO,4300,2,4.0,,6,71.0,0.0,71.0,35.5,No,0
Bronze,SOHO,4004,4,,,4,71.0,0.0,71.0,17.75,No,0
Bronze,SOHO,4000,3,,,3,71.0,0.0,71.0,23.67,No,0
Bronze,SOHO,4370,4,,,4,71.17,0.0,71.17,17.79,No,0
Bronze,SOHO,4500,3,,,3,71.17,0.0,71.17,23.72,No,0
Bronze,SOHO,4262,4,,,4,71.17,0.0,71.17,17.79,No,0
Bronze,SOHO,4000,8,,,8,71.17,0.0,71.17,8.9,No,0
Bronze,SOHO,4700,2,1.0,,3,71.17,0.0,71.17,35.59,No,0
Bronze,SOHO,4004,2,,,2,71.17,0.0,71.17,35.59,No,0
Bronze,SOHO,4003,1,,,1,71.17,0.0,71.17,71.17,No,0
Bronze,SOHO,4147,2,1.0,,3,71.17,0.0,71.17,35.59,No,0
Bronze,SOHO,4002,5,2.0,,7,71.33,0.0,71.33,14.27,No,0
Bronze,SOHO,4703,6,4.0,,10,71.33,0.0,71.33,11.89,Yes,1
Bronze,SOHO,4003,2,,,2,71.5,0.0,71.5,35.75,Yes,1
Bronze,SOHO,4004,6,,,6,71.5,0.0,71.5,11.92,No,0
Bronze,SOHO,4004,4,,,4,71.5,0.0,71.5,17.88,No,0
Bronze,SOHO,4150,4,,,4,71.5,0.0,71.5,17.88,No,0
Bronze,SOHO,4006,3,,,3,71.5,0.0,71.5,23.83,No,0
Bronze,SOHO,4990,4,,,4,71.67,0.0,71.67,17.92,No,0
Bronze,SOHO,4003,4,,,4,71.67,0.0,71.67,17.92,No,0
Bronze,SOHO,4147,6,,,6,71.67,0.0,71.67,11.95,No,0
Bronze,SOHO,4000,2,,,2,71.67,0.0,71.67,35.84,No,0
Bronze,SOHO,4000,5,,,5,71.83,0.0,71.83,14.37,No,0
Bronze,SOHO,4000,6,,,6,71.83,0.0,71.83,11.97,No,0
Bronze,SOHO,4002,3,,,3,71.83,0.0,71.83,23.94,No,0
Bronze,SOHO,4199,4,,,4,72.0,0.0,72.0,18.0,No,0
Bronze,SOHO,4002,2,1.0,,3,72.17,0.0,72.17,36.09,No,0
Bronze,SOHO,4190,3,,,3,72.17,0.0,72.17,24.06,No,0
Bronze,SOHO,4000,2,,,2,72.17,0.0,72.17,36.09,No,0
Bronze,SOHO,4230,4,,,4,72.17,0.0,72.17,18.04,No,0
Bronze,SOHO,4023,4,,,4,72.17,0.0,72.17,18.04,No,0
Bronze,SOHO,4003,5,,,5,72.17,0.0,72.17,14.43,No,0
Bronze,SOHO,4770,1,3.0,,4,72.33,0.0,72.33,72.33,Yes,1
Bronze,SOHO,4002,6,,,6,72.33,0.0,72.33,12.06,No,0
Bronze,SOHO,4004,3,,,3,72.5,0.0,72.5,24.17,No,0
Bronze,SOHO,4003,5,4.0,,9,72.5,0.0,72.5,14.5,No,0
Bronze,SOHO,4820,5,,,5,72.5,0.0,72.5,14.5,No,0
Bronze,SOHO,4000,3,,,3,72.5,0.0,72.5,24.17,No,0
Bronze,SOHO,4000,1,,,1,72.5,0.0,72.5,72.5,No,0
Bronze,SOHO,4023,6,,,6,72.67,0.0,72.67,12.11,No,0
Bronze,SOHO,4983,7,,,7,72.67,0.0,72.67,10.38,No,0
Bronze,SOHO,4000,5,2.0,,7,72.83,0.0,72.83,14.57,No,0
Bronze,SOHO,4023,7,,,7,72.83,0.0,72.83,10.4,No,0
Bronze,SOHO,4004,3,,,3,72.83,0.0,72.83,24.28,No,0
Bronze,SOHO,4220,3,,,3,72.83,0.0,72.83,24.28,No,0
Bronze,SOHO,4530,3,1.0,,4,72.83,0.0,72.83,24.28,No,0
Bronze,SOHO,4700,6,,,6,72.83,0.0,72.83,12.14,No,0
Bronze,SOHO,4020,4,2.0,,6,73.0,0.0,73.0,18.25,No,0
Bronze,SOHO,4230,6,2.0,,8,73.0,0.0,73.0,12.17,No,0
Bronze,SOHO,4000,6,1.0,,7,73.0,0.0,73.0,12.17,No,0
Bronze,SOHO,4000,6,,,6,73.17,0.0,73.17,12.2,No,0
Bronze,SOHO,4003,4,,,4,73.17,0.0,73.17,18.29,No,0
Bronze,SOHO,4000,5,1.0,,6,73.17,0.0,73.17,14.63,No,0
Bronze,SOHO,4023,3,,,3,73.17,0.0,73.17,24.39,No,0
Bronze,SOHO,4002,2,,,2,73.17,0.0,73.17,36.59,No,0
Bronze,SOHO,4002,4,1.0,,5,73.17,0.0,73.17,18.29,No,0
Bronze,SOHO,4000,3,3.0,,6,73.17,0.0,73.17,24.39,No,0
Bronze,SOHO,4000,2,,,2,73.33,0.0,73.33,36.67,No,0
Bronze,SOHO,4000,3,,,3,73.33,0.0,73.33,24.44,Yes,1
Bronze,SOHO,4015,2,1.0,,3,73.33,0.0,73.33,36.67,No,0
Bronze,SOHO,4150,2,,,2,73.33,0.0,73.33,36.67,No,0
Bronze,SOHO,4003,2,,,2,73.33,0.0,73.33,36.67,No,0
Bronze,SOHO,4002,2,,,2,73.5,0.0,73.5,36.75,No,0
Bronze,SOHO,4001,4,3.0,,7,73.5,0.0,73.5,18.38,No,0
Bronze,SOHO,4000,3,2.0,,5,73.5,0.0,73.5,24.5,No,0
Bronze,SOHO,4000,3,,,3,73.5,0.0,73.5,24.5,No,0
Bronze,SOHO,4003,2,,,2,73.67,0.0,73.67,36.84,No,0
Bronze,SOHO,4000,5,,,5,73.67,0.0,73.67,14.73,No,0
Bronze,SOHO,4230,5,2.0,,7,73.83,0.0,73.83,14.77,No,0
Bronze,SOHO,4000,3,,,3,73.83,0.0,73.83,24.61,No,0
Bronze,SOHO,4210,5,,,5,73.83,0.0,73.83,14.77,No,0
Bronze,SOHO,4002,10,4.0,,14,74.0,0.0,74.0,7.4,Yes,1
Bronze,SOHO,4000,6,,,6,74.0,0.0,74.0,12.33,No,0
Bronze,SOHO,4000,6,,,6,74.0,0.0,74.0,12.33,No,0
Bronze,SOHO,4023,1,,,1,74.17,0.0,74.17,74.17,No,0
Bronze,SOHO,4023,5,,,5,74.17,0.0,74.17,14.83,No,0
Bronze,SOHO,4000,3,3.0,,6,74.17,0.0,74.17,24.72,No,0
Bronze,SOHO,4980,5,,,5,74.17,0.0,74.17,14.83,No,0
Bronze,SOHO,4109,8,1.0,,9,74.17,0.0,74.17,9.27,Yes,1
Bronze,SOHO,4002,7,,,7,74.33,0.0,74.33,10.62,No,0
Bronze,SOHO,4023,3,,,3,74.33,0.0,74.33,24.78,No,0
Bronze,SOHO,4023,4,,,4,74.33,0.0,74.33,18.58,No,0
Bronze,SOHO,4960,7,1.0,,8,74.5,0.0,74.5,10.64,No,0
Bronze,SOHO,4150,8,1.0,,9,74.5,0.0,74.5,9.31,Yes,1
Bronze,SOHO,4003,2,,1.0,3,74.67,0.0,74.67,37.34,No,0
Bronze,SOHO,4003,2,,,2,74.67,0.0,74.67,37.34,No,0
Bronze,SOHO,4001,2,,,2,74.67,0.0,74.67,37.34,No,0
Bronze,SOHO,4000,2,20.0,,22,74.67,0.0,74.67,37.34,No,0
Bronze,SOHO,4003,4,,,4,74.83,0.0,74.83,18.71,No,0
Bronze,SOHO,4000,3,,,3,75.0,0.0,75.0,25.0,No,0
Bronze,SOHO,4270,2,2.0,,4,75.0,0.0,75.0,37.5,No,0
Bronze,SOHO,4000,3,3.0,,6,75.17,0.0,75.17,25.06,No,0
Bronze,SOHO,4203,6,,,6,75.17,0.0,75.17,12.53,No,0
Bronze,SOHO,4700,2,1.0,,3,75.17,0.0,75.17,37.59,No,0
Bronze,SOHO,4101,6,,,6,75.17,0.0,75.17,12.53,No,0
Bronze,SOHO,4000,4,,,4,75.33,0.0,75.33,18.83,No,0
Bronze,SOHO,4000,5,,,5,75.33,0.0,75.33,15.07,Yes,1
Bronze,SOHO,4023,4,1.0,,5,75.33,0.0,75.33,18.83,No,0
Bronze,SOHO,4230,5,1.0,,6,75.33,0.0,75.33,15.07,No,0
Bronze,SOHO,4000,5,2.0,,7,75.5,0.0,75.5,15.1,No,0
Bronze,SOHO,4000,6,4.0,,10,75.5,0.0,75.5,12.58,No,0
Bronze,SOHO,4300,7,,,7,75.67,0.0,75.67,10.81,No,0
Bronze,SOHO,4004,6,,,6,75.67,0.0,75.67,12.61,No,0
Bronze,SOHO,4000,5,1.0,,6,75.67,0.0,75.67,15.13,No,0
Bronze,SOHO,4000,5,1.0,,6,75.67,0.0,75.67,15.13,No,0
Bronze,SOHO,4000,1,,,1,75.83,0.0,75.83,75.83,No,0
Bronze,SOHO,4703,6,1.0,,7,76.0,0.0,76.0,12.67,No,0
Bronze,SOHO,4003,5,1.0,,6,76.0,0.0,76.0,15.2,No,0
Bronze,SOHO,4000,5,7.0,,12,76.0,0.0,76.0,15.2,No,0
Bronze,SOHO,4700,4,,,4,76.0,0.0,76.0,19.0,No,0
Bronze,SOHO,4230,4,,,4,76.0,0.0,76.0,19.0,No,0
Bronze,SOHO,4003,4,,,4,76.0,0.0,76.0,19.0,No,0
Bronze,SOHO,4000,2,1.0,,3,76.17,0.0,76.17,38.09,No,0
Bronze,SOHO,4002,3,1.0,,4,76.17,0.0,76.17,25.39,No,0
Bronze,SOHO,4224,5,3.0,,8,76.17,0.0,76.17,15.23,No,0
Bronze,SOHO,4000,3,1.0,,4,76.33,0.0,76.33,25.44,No,0
Bronze,SOHO,4004,6,,,6,76.33,0.0,76.33,12.72,No,0
Bronze,SOHO,4370,3,1.0,,4,76.33,0.0,76.33,25.44,No,0
Bronze,SOHO,4121,5,1.0,,6,76.33,0.0,76.33,15.27,No,0
Bronze,SOHO,4006,6,,,6,76.33,0.0,76.33,12.72,No,0
Bronze,SOHO,4000,6,,,6,76.5,0.0,76.5,12.75,No,0
Bronze,SOHO,4700,7,,,7,76.5,0.0,76.5,10.93,No,0
Bronze,SOHO,4003,4,,,4,76.5,0.0,76.5,19.13,No,0
Bronze,SOHO,4000,3,,,3,76.5,0.0,76.5,25.5,No,0
Bronze,SOHO,4023,5,,,5,76.5,0.0,76.5,15.3,No,0
Bronze,SOHO,4000,5,,,5,76.5,0.0,76.5,15.3,No,0
Bronze,SOHO,4000,4,1.0,,5,76.67,0.0,76.67,19.17,No,0
Bronze,SOHO,4700,1,,,1,76.67,0.0,76.67,76.67,No,0
Bronze,SOHO,4000,6,,,6,76.83,0.0,76.83,12.81,No,0
Bronze,SOHO,4000,3,,,3,76.83,0.0,76.83,25.61,No,0
Bronze,SOHO,4000,2,,,2,76.83,0.0,76.83,38.42,No,0
Bronze,SOHO,4004,5,1.0,,6,76.83,0.0,76.83,15.37,No,0
Bronze,SOHO,4023,7,2.0,,9,77.0,0.0,77.0,11.0,No,0
Bronze,SOHO,4000,5,,,5,77.0,0.0,77.0,15.4,No,0
Bronze,SOHO,4243,8,,,8,77.0,0.0,77.0,9.63,No,0
Bronze,SOHO,4000,4,,,4,77.0,0.0,77.0,19.25,No,0
Bronze,SOHO,4002,4,2.0,,6,77.0,0.0,77.0,19.25,No,0
Bronze,SOHO,4002,3,1.0,,4,77.17,0.0,77.17,25.72,No,0
Bronze,SOHO,4980,5,,,5,77.17,0.0,77.17,15.43,No,0
Bronze,SOHO,4000,6,,,6,77.17,0.0,77.17,12.86,No,0
Bronze,SOHO,4003,5,1.0,,6,77.33,0.0,77.33,15.47,No,0
Bronze,SOHO,4000,4,4.0,,8,77.33,0.0,77.33,19.33,No,0
Bronze,SOHO,4001,6,1.0,,7,77.33,0.0,77.33,12.89,No,0
Bronze,SOHO,4958,7,,,7,77.33,0.0,77.33,11.05,No,0
Bronze,SOHO,4004,6,,,6,77.33,0.0,77.33,12.89,No,0
Bronze,SOHO,4002,2,2.0,,4,77.5,0.0,77.5,38.75,No,0
Bronze,SOHO,4700,5,,,5,77.5,0.0,77.5,15.5,No,0
Bronze,SOHO,4000,7,1.0,,8,77.67,0.0,77.67,11.1,No,0
Bronze,SOHO,4172,6,,,6,77.67,0.0,77.67,12.95,No,0
Bronze,SOHO,4000,3,,,3,77.67,0.0,77.67,25.89,No,0
Bronze,SOHO,4003,4,,1.0,5,77.67,0.0,77.67,19.42,No,0
Bronze,SOHO,4230,6,,,6,77.67,0.0,77.67,12.95,No,0
Bronze,SOHO,4133,4,,,4,77.83,0.0,77.83,19.46,No,0
Bronze,SOHO,4000,4,,,4,77.83,0.0,77.83,19.46,No,0
Bronze,SOHO,4000,5,,,5,78.17,0.0,78.17,15.63,No,0
Bronze,SOHO,4000,6,,,6,78.17,0.0,78.17,13.03,No,0
Bronze,SOHO,4230,6,2.0,,8,78.17,0.0,78.17,13.03,No,0
Bronze,SOHO,4000,3,,,3,78.17,0.0,78.17,26.06,No,0
Bronze,SOHO,4000,5,1.0,,6,78.33,0.0,78.33,15.67,No,0
Bronze,SOHO,4700,6,,,6,78.33,0.0,78.33,13.06,No,0
Bronze,SOHO,4111,7,1.0,,8,78.33,0.0,78.33,11.19,No,0
Bronze,SOHO,4000,3,1.0,,4,78.5,0.0,78.5,26.17,No,0
Bronze,SOHO,4002,3,2.0,,5,78.5,0.0,78.5,26.17,No,0
Bronze,SOHO,4000,5,,,5,78.5,0.0,78.5,15.7,No,0
Bronze,SOHO,4150,1,1.0,,2,78.5,0.0,78.5,78.5,No,0
Bronze,SOHO,4000,5,,,5,78.67,0.0,78.67,15.73,No,0
Bronze,SOHO,4109,4,3.0,,7,78.67,0.0,78.67,19.67,No,0
Bronze,SOHO,4835,4,1.0,,5,78.67,0.0,78.67,19.67,No,0
Bronze,SOHO,4230,3,,,3,78.67,0.0,78.67,26.22,No,0
Bronze,SOHO,4004,6,,,6,78.83,0.0,78.83,13.14,No,0
Bronze,SOHO,4180,2,,,2,79.0,0.0,79.0,39.5,No,0
Bronze,SOHO,4001,3,,,3,79.0,0.0,79.0,26.33,No,0
Bronze,SOHO,4006,6,,,6,79.17,0.0,79.17,13.2,No,0
Bronze,SOHO,4210,4,,,4,79.17,0.0,79.17,19.79,No,0
Bronze,SOHO,4000,5,1.0,,6,79.17,0.0,79.17,15.83,No,0
Bronze,SOHO,4000,6,2.0,,8,79.17,0.0,79.17,13.2,No,0
Bronze,SOHO,4023,4,,,4,79.17,0.0,79.17,19.79,No,0
Bronze,SOHO,4000,5,,,5,79.17,0.0,79.17,15.83,Yes,1
Bronze,SOHO,4003,4,5.0,,9,79.17,0.0,79.17,19.79,No,0
Bronze,SOHO,4023,6,5.0,,11,79.33,0.0,79.33,13.22,No,0
Bronze,SOHO,4110,8,2.0,,10,79.33,0.0,79.33,9.92,No,0
Bronze,SOHO,4023,3,,,3,79.33,0.0,79.33,26.44,No,0
Bronze,SOHO,4700,4,,,4,79.33,0.0,79.33,19.83,No,0
Bronze,SOHO,4000,1,,,1,79.33,0.0,79.33,79.33,No,0
Bronze,SOHO,4003,3,,,3,79.33,0.0,79.33,26.44,No,0
Bronze,SOHO,4000,5,2.0,,7,79.33,0.0,79.33,15.87,No,0
Bronze,SOHO,4002,5,,,5,79.5,0.0,79.5,15.9,No,0
Bronze,SOHO,4134,5,,,5,79.5,0.0,79.5,15.9,No,0
Bronze,SOHO,4000,6,,,6,79.5,0.0,79.5,13.25,No,0
Bronze,SOHO,4000,3,2.0,,5,79.5,0.0,79.5,26.5,No,0
Bronze,SOHO,4985,4,2.0,,6,79.5,0.0,79.5,19.88,No,0
Bronze,SOHO,4300,5,,,5,79.5,0.0,79.5,15.9,No,0
Bronze,SOHO,4230,2,,,2,79.67,0.0,79.67,39.84,No,0
Bronze,SOHO,4002,3,2.0,,5,79.67,0.0,79.67,26.56,No,0
Bronze,SOHO,4004,4,2.0,,6,79.67,0.0,79.67,19.92,No,0
Bronze,SOHO,4003,5,,,5,79.83,0.0,79.83,15.97,No,0
Bronze,SOHO,4230,9,,,9,79.83,0.0,79.83,8.87,No,0
Bronze,SOHO,4300,3,1.0,,4,79.83,0.0,79.83,26.61,No,0
Bronze,SOHO,4101,3,,,3,80.0,0.0,80.0,26.67,No,0
Bronze,SOHO,4003,4,1.0,,5,80.0,0.0,80.0,20.0,No,0
Bronze,SOHO,4000,8,,,8,80.17,0.0,80.17,10.02,No,0
Bronze,SOHO,4210,3,,,3,80.33,0.0,80.33,26.78,No,0
Bronze,SOHO,4870,1,8.0,,9,80.33,0.0,80.33,80.33,No,0
Bronze,SOHO,4300,4,,,4,80.33,0.0,80.33,20.08,No,0
Bronze,SOHO,4030,5,1.0,,6,80.5,0.0,80.5,16.1,No,0
Bronze,SOHO,4000,2,15.0,,17,80.5,0.0,80.5,40.25,No,0
Bronze,SOHO,4000,8,,,8,80.5,0.0,80.5,10.06,No,0
Bronze,SOHO,4003,4,1.0,,5,80.5,0.0,80.5,20.13,No,0
Bronze,SOHO,4006,3,,,3,80.5,0.0,80.5,26.83,No,0
Bronze,SOHO,4003,5,1.0,,6,80.67,0.0,80.67,16.13,No,0
Bronze,SOHO,4003,4,1.0,,5,81.0,0.0,81.0,20.25,No,0
Bronze,SOHO,4700,4,2.0,,6,81.0,0.0,81.0,20.25,No,0
Bronze,SOHO,4101,5,2.0,,7,81.0,0.0,81.0,16.2,No,0
Bronze,SOHO,4000,2,,,2,81.17,0.0,81.17,40.59,No,0
Bronze,SOHO,4004,7,3.0,,10,81.17,0.0,81.17,11.6,No,0
Bronze,SOHO,4000,2,,,2,81.33,0.0,81.33,40.67,No,0
Bronze,SOHO,4000,3,3.0,,6,81.33,0.0,81.33,27.11,No,0
Bronze,SOHO,4150,1,3.0,1.0,5,81.33,0.0,81.33,81.33,No,0
Bronze,SOHO,4004,7,4.0,,11,81.5,0.0,81.5,11.64,No,0
Bronze,SOHO,4940,8,,,8,81.5,0.0,81.5,10.19,No,0
Bronze,SOHO,4023,5,,,5,81.5,0.0,81.5,16.3,No,0
Bronze,SOHO,4700,4,4.0,,8,81.67,0.0,81.67,20.42,No,0
Bronze,VSE,4003,3,,,3,81.67,0.0,81.67,27.22,No,0
Bronze,SOHO,4000,3,2.0,,5,81.67,0.0,81.67,27.22,No,0
Bronze,SOHO,4003,6,,,6,81.83,0.0,81.83,13.64,No,0
Bronze,SOHO,4003,3,,,3,81.83,0.0,81.83,27.28,No,0
Bronze,VSE,4297,4,,,4,82.0,0.0,82.0,20.5,No,0
Bronze,SOHO,4000,3,1.0,,4,82.0,0.0,82.0,27.33,No,0
Bronze,SOHO,4000,3,,,3,82.0,0.0,82.0,27.33,No,0
Bronze,SOHO,4001,2,,,2,82.0,0.0,82.0,41.0,No,0
Bronze,VSE,4000,2,1.0,,3,82.0,0.0,82.0,41.0,No,0
Bronze,SOHO,4150,4,,,4,82.0,0.0,82.0,20.5,No,0
Bronze,SOHO,4700,1,1.0,,2,82.17,0.0,82.17,82.17,No,0
Bronze,SOHO,4850,7,,,7,82.17,0.0,82.17,11.74,No,0
Bronze,SOHO,4230,4,,,4,82.17,0.0,82.17,20.54,No,0
Bronze,SOHO,4004,3,2.0,,5,82.17,0.0,82.17,27.39,No,0
Bronze,SOHO,4700,3,1.0,,4,82.33,0.0,82.33,27.44,Yes,1
Bronze,SOHO,4340,2,,,2,82.33,0.0,82.33,41.17,No,0
Bronze,SOHO,4230,8,,1.0,9,82.33,0.0,82.33,10.29,No,0
Bronze,SOHO,4002,2,2.0,,4,82.5,0.0,82.5,41.25,No,0
Bronze,SOHO,4000,4,,,4,82.5,0.0,82.5,20.63,No,0
Bronze,SOHO,4006,5,6.0,,11,82.5,0.0,82.5,16.5,No,0
Bronze,SOHO,4980,7,,,7,82.5,0.0,82.5,11.79,No,0
Bronze,SOHO,4271,4,2.0,,6,82.5,0.0,82.5,20.63,No,0
Bronze,SOHO,4107,4,,,4,82.67,0.0,82.67,20.67,No,0
Bronze,SOHO,4000,4,,,4,82.67,0.0,82.67,20.67,No,0
Bronze,SOHO,4000,4,,,4,82.67,0.0,82.67,20.67,No,0
Bronze,SOHO,4002,3,1.0,,4,82.67,0.0,82.67,27.56,No,0
Bronze,SOHO,4000,3,,,3,82.67,0.0,82.67,27.56,Yes,1
Bronze,SOHO,4004,6,3.0,,9,82.83,0.0,82.83,13.81,No,0
Bronze,SOHO,4000,4,1.0,,5,82.83,0.0,82.83,20.71,No,0
Bronze,SOHO,4000,3,,,3,82.83,0.0,82.83,27.61,No,0
Bronze,SOHO,4004,4,2.0,,6,82.83,0.0,82.83,20.71,Yes,1
Bronze,SOHO,4000,2,,1.0,3,83.0,0.0,83.0,41.5,No,0
Bronze,SOHO,4000,3,,,3,83.17,0.0,83.17,27.72,Yes,1
Bronze,SOHO,4002,1,1.0,,2,83.17,0.0,83.17,83.17,No,0
Bronze,SOHO,4000,3,,,3,83.33,0.0,83.33,27.78,No,0
Bronze,SOHO,4004,4,,,4,83.33,0.0,83.33,20.83,Yes,1
Bronze,SOHO,4230,3,,,3,83.33,0.0,83.33,27.78,Yes,1
Bronze,SOHO,4023,1,,,1,83.33,0.0,83.33,83.33,No,0
Bronze,SOHO,4000,8,2.0,,10,83.5,0.0,83.5,10.44,No,0
Bronze,SOHO,4006,7,,,7,83.5,0.0,83.5,11.93,No,0
Bronze,SOHO,4000,3,,,3,83.5,0.0,83.5,27.83,No,0
Bronze,SOHO,4700,5,4.0,,9,83.5,0.0,83.5,16.7,No,0
Bronze,SOHO,4252,8,,,8,83.5,0.0,83.5,10.44,No,0
Bronze,SOHO,4230,3,1.0,,4,83.5,0.0,83.5,27.83,No,0
Bronze,SOHO,4270,2,1.0,,3,83.67,0.0,83.67,41.84,No,0
Bronze,SOHO,4002,5,,,5,83.67,0.0,83.67,16.73,No,0
Bronze,SOHO,4230,5,,,5,83.67,0.0,83.67,16.73,No,0
Bronze,SOHO,4230,8,,,8,83.67,0.0,83.67,10.46,No,0
Bronze,SOHO,4000,2,1.0,,3,83.67,0.0,83.67,41.84,No,0
Bronze,SOHO,4000,4,1.0,,5,83.67,0.0,83.67,20.92,No,0
Bronze,SOHO,4000,7,2.0,,9,83.83,0.0,83.83,11.98,No,0
Bronze,SOHO,4230,5,,,5,83.83,0.0,83.83,16.77,No,0
Bronze,SOHO,4700,7,3.0,,10,84.0,0.0,84.0,12.0,No,0
Bronze,SOHO,4000,2,1.0,,3,84.0,0.0,84.0,42.0,No,0
Bronze,SOHO,4285,5,1.0,,6,84.0,0.0,84.0,16.8,No,0
Bronze,SOHO,4230,6,,,6,84.17,0.0,84.17,14.03,No,0
Bronze,SOHO,4900,5,,,5,84.17,0.0,84.17,16.83,No,0
Bronze,SOHO,4000,5,,,5,84.17,0.0,84.17,16.83,No,0
Bronze,SOHO,4000,9,,,9,84.17,0.0,84.17,9.35,No,0
Bronze,SOHO,4000,4,1.0,,5,84.33,0.0,84.33,21.08,No,0
Bronze,SOHO,4000,3,5.0,,8,84.33,0.0,84.33,28.11,No,0
Bronze,SOHO,4000,3,4.0,1.0,8,84.5,0.0,84.5,28.17,No,0
Bronze,SOHO,4000,9,2.0,2.0,13,84.5,0.0,84.5,9.39,No,0
Bronze,SOHO,4000,6,1.0,,7,84.5,0.0,84.5,14.08,No,0
Bronze,SOHO,4000,7,1.0,,8,84.67,0.0,84.67,12.1,Yes,1
Bronze,SOHO,4000,5,3.0,,8,84.67,0.0,84.67,16.93,No,0
Bronze,SOHO,4004,5,2.0,,7,84.67,0.0,84.67,16.93,No,0
Bronze,SOHO,4500,3,,,3,84.67,0.0,84.67,28.22,No,0
Bronze,SOHO,4850,2,1.0,,3,84.8,0.0,84.8,42.4,Yes,1
Bronze,SOHO,4000,4,1.0,,5,84.83,0.0,84.83,21.21,No,0
Bronze,SOHO,4980,3,1.0,,4,84.83,0.0,84.83,28.28,No,0
Bronze,SOHO,4300,2,1.0,,3,84.83,0.0,84.83,42.42,No,0
Bronze,SOHO,4980,4,7.0,,11,85.0,0.0,85.0,21.25,No,0
Bronze,SOHO,4000,2,,,2,85.17,0.0,85.17,42.59,No,0
Bronze,SOHO,4000,3,,,3,85.2,0.0,85.2,28.4,No,0
Bronze,SOHO,4850,2,1.0,,3,85.33,0.0,85.33,42.67,No,0
Bronze,SOHO,4212,8,,,8,85.33,0.0,85.33,10.67,No,0
Bronze,SOHO,4000,7,,,7,85.5,0.0,85.5,12.21,No,0
Bronze,SOHO,4270,3,,,3,85.5,0.0,85.5,28.5,No,0
Bronze,SOHO,4000,5,,,5,85.67,0.0,85.67,17.13,Yes,1
Bronze,SOHO,4004,5,,,5,85.83,0.0,85.83,17.17,No,0
Bronze,SOHO,4000,7,2.0,,9,85.83,0.0,85.83,12.26,No,0
Bronze,SOHO,4700,4,4.0,,8,85.83,0.0,85.83,21.46,No,0
Bronze,SOHO,4180,7,1.0,,8,85.83,0.0,85.83,12.26,No,0
Bronze,SOHO,4023,6,,,6,85.83,0.0,85.83,14.31,No,0
Bronze,SOHO,4000,7,2.0,,9,86.0,0.0,86.0,12.29,No,0
Bronze,SOHO,4000,4,,,4,86.0,0.0,86.0,21.5,No,0
Bronze,SOHO,4003,4,1.0,,5,86.33,0.0,86.33,21.58,No,0
Bronze,SOHO,4002,3,1.0,,4,86.33,0.0,86.33,28.78,No,0
Bronze,SOHO,4135,5,,,5,86.5,0.0,86.5,17.3,No,0
Bronze,SOHO,4830,7,6.0,,13,86.67,0.0,86.67,12.38,No,0
Bronze,SOHO,4000,5,1.0,,6,86.67,0.0,86.67,17.33,No,0
Bronze,VSE,4285,3,,,3,86.67,0.0,86.67,28.89,No,0
Bronze,SOHO,4300,5,1.0,,6,86.83,0.0,86.83,17.37,No,0
Bronze,SOHO,4230,5,1.0,,6,86.83,0.0,86.83,17.37,No,0
Bronze,SOHO,4004,5,1.0,,6,86.83,0.0,86.83,17.37,No,0
Bronze,SOHO,4700,9,1.0,,10,86.83,0.0,86.83,9.65,No,0
Bronze,SOHO,4210,5,,,5,86.83,0.0,86.83,17.37,No,0
Bronze,SOHO,4500,4,,,4,86.83,0.0,86.83,21.71,No,0
Bronze,SOHO,4023,4,,,4,87.17,0.0,87.17,21.79,No,0
Bronze,SOHO,4002,9,,,9,87.17,0.0,87.17,9.69,Yes,1
Bronze,SOHO,4000,5,,,5,87.33,0.0,87.33,17.47,No,0
Bronze,SOHO,4700,5,,,5,87.33,0.0,87.33,17.47,No,0
Bronze,SOHO,4002,5,,,5,87.5,0.0,87.5,17.5,No,0
Bronze,Other,4000,1,2.0,,3,87.67,0.0,87.67,87.67,No,0
Bronze,SOHO,4004,4,,,4,87.67,0.0,87.67,21.92,No,0
Bronze,SOHO,4023,7,,,7,87.67,0.0,87.67,12.52,No,0
Bronze,SOHO,4877,3,2.0,,5,87.67,0.0,87.67,29.22,No,0
Bronze,SOHO,4004,4,2.0,,6,87.83,0.0,87.83,21.96,No,0
Bronze,SOHO,4230,6,,,6,87.83,0.0,87.83,14.64,No,0
Bronze,SOHO,4003,2,,,2,87.83,0.0,87.83,43.92,No,0
Bronze,SOHO,4000,3,,,3,88.0,0.0,88.0,29.33,No,0
Bronze,SOHO,4750,3,1.0,,4,88.0,0.0,88.0,29.33,Yes,1
Bronze,SOHO,4850,3,1.0,,4,88.0,0.0,88.0,29.33,No,0
Bronze,SOHO,4224,4,2.0,,6,88.0,0.0,88.0,22.0,No,0
Bronze,SOHO,4003,6,,,6,88.0,0.0,88.0,14.67,No,0
Bronze,SOHO,4003,1,,,1,88.0,0.0,88.0,88.0,No,0
Bronze,SOHO,4987,4,,1.0,5,88.17,0.0,88.17,22.04,No,0
Bronze,SOHO,4004,7,1.0,,8,88.17,0.0,88.17,12.6,No,0
Bronze,SOHO,4003,7,2.0,,9,88.33,0.0,88.33,12.62,No,0
Bronze,SOHO,4023,2,2.0,,4,88.33,0.0,88.33,44.17,No,0
Bronze,SOHO,4000,2,,,2,88.33,0.0,88.33,44.17,No,0
Bronze,SOHO,4999,7,1.0,,8,88.5,0.0,88.5,12.64,No,0
Bronze,SOHO,4023,5,,,5,88.5,0.0,88.5,17.7,No,0
Bronze,SOHO,4000,3,,,3,88.67,0.0,88.67,29.56,Yes,1
Bronze,SOHO,4000,3,,,3,88.67,0.0,88.67,29.56,No,0
Bronze,SOHO,4000,5,1.0,,6,88.67,0.0,88.67,17.73,No,0
Bronze,SOHO,4004,4,,,4,88.67,0.0,88.67,22.17,No,0
Bronze,SOHO,4002,5,1.0,,6,88.67,0.0,88.67,17.73,No,0
Bronze,SOHO,4003,3,,,3,88.67,0.0,88.67,29.56,No,0
Bronze,SOHO,4800,1,,,1,88.83,0.0,88.83,88.83,Yes,1
Bronze,SOHO,4700,5,,,5,88.83,0.0,88.83,17.77,No,0
Bronze,SOHO,4000,7,,,7,88.83,0.0,88.83,12.69,Yes,1
Bronze,SOHO,4023,3,3.0,,6,88.83,0.0,88.83,29.61,No,0
Bronze,SOHO,4000,2,1.0,,3,89.0,0.0,89.0,44.5,No,0
Bronze,SOHO,4003,7,,,7,89.17,0.0,89.17,12.74,No,0
Bronze,SOHO,4002,7,1.0,,8,89.17,0.0,89.17,12.74,No,0
Bronze,SOHO,4003,5,1.0,,6,89.17,0.0,89.17,17.83,No,0
Bronze,SOHO,4700,1,,,1,89.17,0.0,89.17,89.17,No,0
Bronze,SOHO,4006,3,1.0,,4,49.17,40.0,89.17,16.39,No,0
Bronze,SOHO,4000,3,1.0,,4,89.33,0.0,89.33,29.78,No,0
Bronze,SOHO,4000,1,,,1,89.33,0.0,89.33,89.33,No,0
Bronze,SOHO,4150,6,1.0,,7,89.33,0.0,89.33,14.89,No,0
Bronze,SOHO,4000,6,1.0,,7,89.33,0.0,89.33,14.89,No,0
Bronze,SOHO,4004,2,1.0,,3,89.5,0.0,89.5,44.75,No,0
Bronze,SOHO,4000,5,,,5,89.5,0.0,89.5,17.9,No,0
Bronze,SOHO,4002,5,1.0,,6,89.5,0.0,89.5,17.9,No,0
Bronze,SOHO,4000,5,1.0,1.0,7,89.67,0.0,89.67,17.93,No,0
Bronze,SOHO,4002,8,,,8,89.67,0.0,89.67,11.21,No,0
Bronze,SOHO,4015,9,3.0,,12,89.83,0.0,89.83,9.98,No,0
Bronze,SOHO,4002,4,,,4,89.83,0.0,89.83,22.46,No,0
Bronze,SOHO,4230,4,,,4,90.0,0.0,90.0,22.5,No,0
Bronze,SOHO,4023,6,1.0,,7,90.0,0.0,90.0,15.0,No,0
Bronze,SOHO,4001,5,1.0,,6,90.0,0.0,90.0,18.0,No,0
Bronze,SOHO,4003,5,3.0,,8,90.0,0.0,90.0,18.0,No,0
Bronze,SOHO,4002,6,4.0,,10,90.0,0.0,90.0,15.0,No,0
Bronze,SOHO,4220,2,,,2,90.0,0.0,90.0,45.0,No,0
Bronze,SOHO,4023,6,1.0,,7,90.17,0.0,90.17,15.03,No,0
Bronze,SOHO,4000,7,1.0,,8,90.33,0.0,90.33,12.9,No,0
Bronze,SOHO,4150,5,,,5,90.33,0.0,90.33,18.07,No,0
Bronze,SOHO,4000,3,4.0,,7,90.5,0.0,90.5,30.17,No,0
Bronze,SOHO,4001,4,,,4,90.5,0.0,90.5,22.63,No,0
Bronze,SOHO,4000,7,,,7,90.67,0.0,90.67,12.95,No,0
Bronze,SOHO,4000,3,2.0,,5,90.67,0.0,90.67,30.22,No,0
Bronze,SOHO,4000,8,,,8,91.0,0.0,91.0,11.38,No,0
Bronze,SOHO,4000,4,1.0,,5,91.0,0.0,91.0,22.75,No,0
Bronze,SOHO,4000,3,1.0,,4,91.17,0.0,91.17,30.39,No,0
Bronze,SOHO,4850,8,1.0,,9,91.17,0.0,91.17,11.4,No,0
Bronze,SOHO,4110,2,,,2,91.33,0.0,91.33,45.67,No,0
Bronze,SOHO,4150,1,,,1,91.33,0.0,91.33,91.33,No,0
Bronze,SOHO,4349,4,,,4,91.33,0.0,91.33,22.83,No,0
Bronze,SOHO,4000,6,1.0,,7,91.5,0.0,91.5,15.25,No,0
Bronze,SOHO,4000,5,,,5,91.5,0.0,91.5,18.3,No,0
Bronze,SOHO,4230,9,,,9,91.67,0.0,91.67,10.19,No,0
Bronze,SOHO,4850,4,,,4,91.67,0.0,91.67,22.92,No,0
Bronze,SOHO,4000,6,,,6,91.67,0.0,91.67,15.28,No,0
Bronze,SOHO,4000,5,,,5,91.67,0.0,91.67,18.33,No,0
Bronze,SOHO,4002,7,1.0,,8,91.83,0.0,91.83,13.12,No,0
Bronze,SOHO,4000,1,5.0,,6,91.83,0.0,91.83,91.83,Yes,1
Bronze,SOHO,4004,6,,,6,91.83,0.0,91.83,15.31,No,0
Bronze,SOHO,4108,6,,,6,92.0,0.0,92.0,15.33,No,0
Bronze,SOHO,4300,4,2.0,,6,92.0,0.0,92.0,23.0,No,0
Bronze,SOHO,4000,5,,,5,92.0,0.0,92.0,18.4,No,0
Bronze,SOHO,4013,4,,,4,92.17,0.0,92.17,23.04,No,0
Bronze,SOHO,4000,10,6.0,,16,92.33,0.0,92.33,9.23,No,0
Bronze,SOHO,4002,7,,,7,92.5,0.0,92.5,13.21,No,0
Bronze,SOHO,4002,7,2.0,,9,92.5,0.0,92.5,13.21,No,0
Bronze,SOHO,4002,4,,,4,92.5,0.0,92.5,23.13,No,0
Bronze,SOHO,4000,6,2.0,,8,92.5,0.0,92.5,15.42,No,0
Bronze,SOHO,4000,3,7.0,,10,92.67,0.0,92.67,30.89,No,0
Bronze,SOHO,4000,5,1.0,,6,92.67,0.0,92.67,18.53,No,0
Bronze,SOHO,4270,4,,,4,92.67,0.0,92.67,23.17,No,0
Bronze,SOHO,4023,4,,,4,92.83,0.0,92.83,23.21,No,0
Bronze,SOHO,4000,4,2.0,,6,93.0,0.0,93.0,23.25,No,0
Bronze,SOHO,4003,6,2.0,,8,93.0,0.0,93.0,15.5,No,0
Bronze,SOHO,4000,5,2.0,,7,93.17,0.0,93.17,18.63,No,0
Bronze,SOHO,4004,6,1.0,,7,93.17,0.0,93.17,15.53,No,0
Bronze,SOHO,4023,5,,,5,93.17,0.0,93.17,18.63,No,0
Bronze,SOHO,4023,7,,,7,93.17,0.0,93.17,13.31,No,0
Bronze,SOHO,4000,4,,1.0,5,93.33,0.0,93.33,23.33,No,0
Bronze,SOHO,4230,7,2.0,,9,93.33,0.0,93.33,13.33,Yes,1
Bronze,SOHO,4000,4,,,4,93.33,0.0,93.33,23.33,No,0
Bronze,SOHO,4023,7,6.0,,13,93.5,0.0,93.5,13.36,No,0
Bronze,SOHO,4224,5,,,5,93.5,0.0,93.5,18.7,No,0
Bronze,SOHO,4003,3,1.0,,4,93.5,0.0,93.5,31.17,No,0
Bronze,SOHO,4172,4,1.0,,5,94.33,0.0,94.33,23.58,No,0
Bronze,SOHO,4023,3,,,3,94.33,0.0,94.33,31.44,No,0
Bronze,SOHO,4998,8,1.0,,9,94.33,0.0,94.33,11.79,No,0
Bronze,SOHO,4004,3,1.0,,4,94.5,0.0,94.5,31.5,No,0
Bronze,SOHO,4023,5,,,5,94.67,0.0,94.67,18.93,No,0
Bronze,SOHO,4000,8,2.0,,10,94.67,0.0,94.67,11.83,No,0
Bronze,SOHO,4000,6,,,6,94.67,0.0,94.67,15.78,No,0
Bronze,SOHO,4023,5,,,5,94.67,0.0,94.67,18.93,No,0
Bronze,SOHO,4270,7,,,7,94.67,0.0,94.67,13.52,No,0
Bronze,SOHO,4300,3,,,3,94.67,0.0,94.67,31.56,No,0
Bronze,SOHO,4500,4,,,4,94.67,0.0,94.67,23.67,No,0
Bronze,SOHO,4002,5,1.0,,6,94.83,0.0,94.83,18.97,No,0
Bronze,SOHO,4000,3,2.0,,5,94.83,0.0,94.83,31.61,No,0
Bronze,SOHO,4000,3,,,3,94.83,0.0,94.83,31.61,No,0
Bronze,SOHO,4002,7,,,7,94.83,0.0,94.83,13.55,No,0
Bronze,SOHO,4000,2,,,2,95.0,0.0,95.0,47.5,No,0
Bronze,SOHO,4004,3,,,3,95.17,0.0,95.17,31.72,No,0
Bronze,SOHO,4230,3,,,3,95.17,0.0,95.17,31.72,No,0
Bronze,SOHO,4003,9,,,9,95.17,0.0,95.17,10.57,No,0
Bronze,SOHO,4230,4,,,4,95.17,0.0,95.17,23.79,No,0
Bronze,SOHO,4000,6,,,6,95.17,0.0,95.17,15.86,No,0
Bronze,SOHO,4023,5,,,5,95.17,0.0,95.17,19.03,No,0
Bronze,SOHO,4230,7,,,7,95.33,0.0,95.33,13.62,No,0
Bronze,SOHO,4000,2,,,2,95.5,0.0,95.5,47.75,No,0
Bronze,SOHO,4000,3,1.0,,4,95.5,0.0,95.5,31.83,No,0
Bronze,SOHO,4002,3,,,3,95.5,0.0,95.5,31.83,Yes,1
Bronze,SOHO,4002,3,1.0,,4,95.67,0.0,95.67,31.89,No,0
Bronze,SOHO,4700,9,,,9,95.67,0.0,95.67,10.63,No,0
Bronze,SOHO,4204,7,1.0,,8,95.83,0.0,95.83,13.69,No,0
Bronze,SOHO,4990,7,1.0,,8,95.83,0.0,95.83,13.69,No,0
Bronze,SOHO,4000,1,,,1,96.0,0.0,96.0,96.0,No,0
Bronze,SOHO,4016,5,2.0,,7,96.17,0.0,96.17,19.23,No,0
Bronze,SOHO,4300,6,5.0,,11,96.17,0.0,96.17,16.03,No,0
Bronze,SOHO,4300,8,1.0,,9,96.33,0.0,96.33,12.04,No,0
Bronze,SOHO,4500,5,,,5,96.33,0.0,96.33,19.27,No,0
Bronze,SOHO,4000,4,,,4,96.33,0.0,96.33,24.08,No,0
Bronze,SOHO,4000,12,2.0,,14,96.33,0.0,96.33,8.03,No,0
Bronze,SOHO,4020,3,3.0,,6,96.5,0.0,96.5,32.17,No,0
Bronze,SOHO,4000,6,,1.0,7,96.67,0.0,96.67,16.11,No,0
Bronze,SOHO,4700,5,1.0,,6,96.67,0.0,96.67,19.33,No,0
Bronze,VSE,4003,2,5.0,,7,96.67,0.0,96.67,48.34,No,0
Bronze,SOHO,4000,1,1.0,,2,96.67,0.0,96.67,96.67,No,0
Bronze,SOHO,4218,6,1.0,,7,96.83,0.0,96.83,16.14,No,0
Bronze,SOHO,4002,5,,,5,97.0,0.0,97.0,19.4,No,0
Bronze,SOHO,4000,2,,,2,97.0,0.0,97.0,48.5,No,0
Bronze,SOHO,4000,2,1.0,,3,97.0,0.0,97.0,48.5,Yes,1
Bronze,SOHO,4003,7,,,7,97.17,0.0,97.17,13.88,No,0
Bronze,VSE,4003,1,1.0,,2,97.17,0.0,97.17,97.17,No,0
Bronze,SOHO,4000,1,1.0,,2,97.17,0.0,97.17,97.17,No,0
Bronze,SOHO,4000,7,,,7,97.33,0.0,97.33,13.9,No,0
Bronze,SOHO,4000,5,2.0,,7,97.5,0.0,97.5,19.5,No,0
Bronze,SOHO,4700,4,,,4,97.5,0.0,97.5,24.38,No,0
Bronze,SOHO,4230,10,,,10,97.67,0.0,97.67,9.77,No,0
Bronze,SOHO,4000,7,,,7,97.67,0.0,97.67,13.95,No,0
Bronze,SOHO,4700,7,,,7,97.67,0.0,97.67,13.95,No,0
Bronze,SOHO,4000,7,,,7,97.67,0.0,97.67,13.95,No,0
Bronze,SOHO,4004,7,,,7,97.67,0.0,97.67,13.95,No,0
Bronze,SOHO,4190,6,,,6,97.83,0.0,97.83,16.31,No,0
Bronze,SOHO,4000,7,,,7,97.83,0.0,97.83,13.98,No,0
Bronze,SOHO,4000,5,,,5,98.0,0.0,98.0,19.6,Yes,1
Bronze,SOHO,4004,7,1.0,,8,98.33,0.0,98.33,14.05,Yes,1
Bronze,SOHO,4000,5,1.0,,6,98.33,0.0,98.33,19.67,No,0
Bronze,SOHO,4270,6,,,6,98.33,0.0,98.33,16.39,No,0
Bronze,SOHO,4000,4,,,4,98.5,0.0,98.5,24.63,No,0
Bronze,SOHO,4850,5,1.0,1.0,7,98.5,0.0,98.5,19.7,No,0
Bronze,SOHO,4000,5,1.0,,6,98.67,0.0,98.67,19.73,No,0
Bronze,SOHO,4700,8,1.0,,9,98.67,0.0,98.67,12.33,No,0
Bronze,SOHO,4330,5,,,5,98.67,0.0,98.67,19.73,No,0
Bronze,SOHO,4121,7,,,7,98.67,0.0,98.67,14.1,No,0
Bronze,SOHO,4002,1,1.0,,2,98.67,0.0,98.67,98.67,No,0
Bronze,SOHO,4197,4,1.0,,5,98.83,0.0,98.83,24.71,No,0
Bronze,SOHO,4218,8,1.0,,9,99.0,0.0,99.0,12.38,No,0
Bronze,SOHO,4300,2,,,2,99.0,0.0,99.0,49.5,No,0
Bronze,SOHO,4190,5,,,5,99.0,0.0,99.0,19.8,No,0
Bronze,SOHO,4004,10,,,10,99.17,0.0,99.17,9.92,No,0
Bronze,SOHO,4023,13,,,13,99.17,0.0,99.17,7.63,No,0
Bronze,SOHO,4700,4,,,4,99.17,0.0,99.17,24.79,No,0
Bronze,SOHO,4101,7,2.0,,9,99.17,0.0,99.17,14.17,No,0
Bronze,SOHO,4000,8,2.0,,10,99.5,0.0,99.5,12.44,No,0
Bronze,SOHO,4004,2,1.0,,3,99.67,0.0,99.67,49.84,No,0
Bronze,SOHO,4003,5,,,5,99.67,0.0,99.67,19.93,No,0
Bronze,SOHO,4000,4,1.0,,5,99.83,0.0,99.83,24.96,No,0
Bronze,SOHO,4230,10,,,10,100.0,0.0,100.0,10.0,Yes,1
Bronze,SOHO,4001,4,1.0,,5,100.17,0.0,100.17,25.04,No,0
Bronze,SOHO,4230,13,,,13,100.17,0.0,100.17,7.71,No,0
Bronze,SOHO,4006,3,,,3,100.5,0.0,100.5,33.5,No,0
Bronze,SOHO,4003,1,,,1,100.5,0.0,100.5,100.5,No,0
Bronze,SOHO,4000,7,8.0,,15,100.67,0.0,100.67,14.38,No,0
Bronze,SOHO,4000,5,,,5,100.67,0.0,100.67,20.13,No,0
Bronze,SOHO,4000,6,,,6,100.67,0.0,100.67,16.78,Yes,1
Bronze,SOHO,4000,3,,,3,100.67,0.0,100.67,33.56,No,0
Bronze,SOHO,4000,7,3.0,,10,100.83,0.0,100.83,14.4,No,0
Bronze,SOHO,4700,5,,,5,101.0,0.0,101.0,20.2,No,0
Bronze,SOHO,4000,1,1.0,,2,101.0,0.0,101.0,101.0,No,0
Bronze,SOHO,4000,5,3.0,,8,101.0,0.0,101.0,20.2,No,0
Bronze,SOHO,4000,2,,,2,101.0,0.0,101.0,50.5,No,0
Bronze,SOHO,4000,1,3.0,,4,101.17,0.0,101.17,101.17,Yes,1
Bronze,SOHO,4230,2,,,2,101.33,0.0,101.33,50.67,Yes,1
Bronze,SOHO,4000,5,,,5,101.33,0.0,101.33,20.27,No,0
Bronze,SOHO,4023,8,2.0,,10,101.67,0.0,101.67,12.71,No,0
Bronze,SOHO,4850,3,,,3,101.67,0.0,101.67,33.89,No,0
Bronze,SOHO,4000,6,,,6,101.83,0.0,101.83,16.97,No,0
Bronze,SOHO,4000,2,3.0,,5,101.83,0.0,101.83,50.92,No,0
Bronze,SOHO,4023,7,,,7,102.0,0.0,102.0,14.57,No,0
Bronze,SOHO,4000,9,,,9,102.0,0.0,102.0,11.33,Yes,1
Bronze,SOHO,4000,2,,,2,102.0,0.0,102.0,51.0,No,0
Bronze,SOHO,4220,3,,,3,102.17,0.0,102.17,34.06,No,0
Bronze,SOHO,4230,7,,,7,102.17,0.0,102.17,14.6,No,0
Bronze,SOHO,4800,3,,,3,102.17,0.0,102.17,34.06,No,0
Bronze,SOHO,4230,8,3.0,,11,102.33,0.0,102.33,12.79,No,0
Bronze,SOHO,4004,10,,,10,102.33,0.0,102.33,10.23,Yes,1
Bronze,SOHO,4001,4,,,4,102.5,0.0,102.5,25.63,No,0
Bronze,SOHO,4000,5,,,5,102.5,0.0,102.5,20.5,No,0
Bronze,SOHO,4150,4,1.0,,5,102.83,0.0,102.83,25.71,No,0
Bronze,SOHO,4500,4,6.0,,10,102.83,0.0,102.83,25.71,Yes,1
Bronze,SOHO,4000,2,,,2,102.83,0.0,102.83,51.42,No,0
Bronze,SOHO,4017,5,,,5,102.83,0.0,102.83,20.57,No,0
Bronze,SOHO,4004,4,1.0,,5,103.17,0.0,103.17,25.79,No,0
Bronze,SOHO,4002,3,1.0,,4,103.17,0.0,103.17,34.39,No,0
Bronze,SOHO,4180,6,,,6,103.17,0.0,103.17,17.2,No,0
Bronze,SOHO,4001,5,,,5,103.33,0.0,103.33,20.67,No,0
Bronze,SOHO,4700,4,,,4,103.33,0.0,103.33,25.83,Yes,1
Bronze,SOHO,4000,6,,,6,103.33,0.0,103.33,17.22,No,0
Bronze,SOHO,4000,4,4.0,,8,103.5,0.0,103.5,25.88,No,0
Bronze,SOHO,4003,1,2.0,,3,103.67,0.0,103.67,103.67,No,0
Bronze,SOHO,4000,3,3.0,,6,103.67,0.0,103.67,34.56,No,0
Bronze,SOHO,4023,5,,,5,103.67,0.0,103.67,20.73,No,0
Bronze,SOHO,4023,4,,,4,104.0,0.0,104.0,26.0,No,0
Bronze,SOHO,4500,3,,,3,104.0,0.0,104.0,34.67,No,0
Bronze,SOHO,4300,4,,,4,104.17,0.0,104.17,26.04,No,0
Bronze,SOHO,4003,3,1.0,,4,104.17,0.0,104.17,34.72,No,0
Bronze,SOHO,4700,6,2.0,,8,104.17,0.0,104.17,17.36,No,0
Bronze,SOHO,4230,1,,,1,104.67,0.0,104.67,104.67,No,0
Bronze,SOHO,4004,7,,,7,104.83,0.0,104.83,14.98,Yes,1
Bronze,VSE,4000,3,2.0,,5,105.0,0.0,105.0,35.0,No,0
Bronze,SOHO,4018,5,6.0,,11,105.17,0.0,105.17,21.03,No,0
Bronze,SOHO,4800,4,,,4,105.17,0.0,105.17,26.29,No,0
Bronze,SOHO,4000,4,,,4,105.17,0.0,105.17,26.29,Yes,1
Bronze,SOHO,4108,2,1.0,,3,105.33,0.0,105.33,52.67,No,0
Bronze,SOHO,4700,4,3.0,,7,105.33,0.0,105.33,26.33,No,0
Bronze,SOHO,4500,5,,,5,105.67,0.0,105.67,21.13,No,0
Bronze,SOHO,4225,9,1.0,1.0,11,105.67,0.0,105.67,11.74,No,0
Bronze,SOHO,4000,2,,,2,105.83,0.0,105.83,52.92,No,0
Bronze,SOHO,4000,3,,,3,105.83,0.0,105.83,35.28,No,0
Bronze,SOHO,4850,4,,,4,106.0,0.0,106.0,26.5,Yes,1
Bronze,SOHO,4004,4,3.0,,7,106.0,0.0,106.0,26.5,No,0
Bronze,SOHO,4004,4,1.0,,5,106.17,0.0,106.17,26.54,No,0
Bronze,SOHO,4150,7,,,7,106.17,0.0,106.17,15.17,No,0
Bronze,SOHO,4700,6,1.0,,7,106.33,0.0,106.33,17.72,No,0
Bronze,SOHO,4015,5,,,5,106.33,0.0,106.33,21.27,No,0
Bronze,SOHO,4700,1,2.0,,3,106.33,0.0,106.33,106.33,No,0
Bronze,SOHO,4210,3,2.0,,5,106.67,0.0,106.67,35.56,No,0
Bronze,SOHO,4006,6,,,6,106.67,0.0,106.67,17.78,Yes,1
Bronze,SOHO,4230,7,2.0,,9,106.67,0.0,106.67,15.24,No,0
Bronze,SOHO,4150,7,,,7,106.83,0.0,106.83,15.26,No,0
Bronze,SOHO,4003,8,,,8,106.83,0.0,106.83,13.35,No,0
Bronze,SOHO,4000,6,,,6,107.0,0.0,107.0,17.83,No,0
Bronze,SOHO,4700,2,12.0,,14,107.17,0.0,107.17,53.59,No,0
Bronze,SOHO,4000,2,2.0,,4,107.17,0.0,107.17,53.59,No,0
Bronze,SOHO,4300,5,,,5,107.33,0.0,107.33,21.47,No,0
Bronze,SOHO,4003,6,,,6,107.5,0.0,107.5,17.92,No,0
Bronze,SOHO,4000,5,2.0,,7,107.67,0.0,107.67,21.53,No,0
Bronze,SOHO,4000,5,2.0,,7,107.67,0.0,107.67,21.53,No,0
Bronze,SOHO,4003,4,1.0,,5,107.83,0.0,107.83,26.96,No,0
Bronze,SOHO,4850,5,,,5,108.0,0.0,108.0,21.6,No,0
Bronze,SOHO,4004,4,,,4,108.0,0.0,108.0,27.0,No,0
Bronze,SOHO,4794,1,3.0,,4,108.0,0.0,108.0,108.0,No,0
Bronze,SOHO,4002,1,5.0,,6,108.33,0.0,108.33,108.33,No,0
Bronze,SOHO,4000,7,7.0,,14,108.33,0.0,108.33,15.48,No,0
Bronze,SOHO,4002,2,1.0,,3,108.33,0.0,108.33,54.17,No,0
Bronze,SOHO,4002,6,1.0,,7,108.67,0.0,108.67,18.11,No,0
Bronze,SOHO,4000,3,,,3,108.83,0.0,108.83,36.28,No,0
Bronze,SOHO,4990,4,,,4,109.0,0.0,109.0,27.25,No,0
Bronze,SOHO,4300,7,,,7,109.33,0.0,109.33,15.62,No,0
Bronze,SOHO,4960,4,,,4,109.33,0.0,109.33,27.33,No,0
Bronze,SOHO,4000,2,,,2,109.33,0.0,109.33,54.67,No,0
Bronze,SOHO,4000,2,1.0,,3,109.33,0.0,109.33,54.67,No,0
Bronze,SOHO,4701,4,2.0,,6,109.83,0.0,109.83,27.46,No,0
Bronze,SOHO,4006,6,1.0,,7,109.83,0.0,109.83,18.31,No,0
Bronze,SOHO,4000,6,1.0,,7,110.0,0.0,110.0,18.33,No,0
Bronze,SOHO,4000,1,,,1,110.17,0.0,110.17,110.17,No,0
Bronze,SOHO,4000,1,,,1,110.17,0.0,110.17,110.17,No,0
Bronze,SOHO,4000,3,3.0,,6,50.5,60.0,110.5,16.83,No,0
Bronze,SOHO,4700,4,,,4,110.5,0.0,110.5,27.63,No,0
Bronze,SOHO,4000,6,,,6,110.83,0.0,110.83,18.47,No,0
Bronze,SOHO,4000,2,,,2,111.0,0.0,111.0,55.5,No,0
Bronze,SOHO,4101,5,,,5,111.0,0.0,111.0,22.2,No,0
Bronze,SOHO,4000,6,2.0,,8,111.33,0.0,111.33,18.56,No,0
Bronze,SOHO,4101,10,1.0,,11,111.5,0.0,111.5,11.15,No,0
Bronze,SOHO,4700,12,,,12,111.67,0.0,111.67,9.31,No,0
Bronze,SOHO,4000,4,,,4,111.67,0.0,111.67,27.92,No,0
Bronze,SOHO,4023,4,,,4,111.67,0.0,111.67,27.92,No,0
Bronze,SOHO,4000,8,2.0,,10,111.83,0.0,111.83,13.98,Yes,1
Bronze,SOHO,4220,7,,1.0,8,112.0,0.0,112.0,16.0,No,0
Bronze,SOHO,4700,5,,,5,112.17,0.0,112.17,22.43,No,0
Bronze,SOHO,4023,8,,,8,112.17,0.0,112.17,14.02,No,0
Bronze,SOHO,4003,6,,,6,112.17,0.0,112.17,18.7,No,0
Bronze,SOHO,4004,8,,,8,112.67,0.0,112.67,14.08,No,0
Bronze,SOHO,4023,6,,,6,112.67,0.0,112.67,18.78,No,0
Bronze,SOHO,4000,5,1.0,,6,113.0,0.0,113.0,22.6,No,0
Bronze,SOHO,4004,3,1.0,,4,113.17,0.0,113.17,37.72,No,0
Bronze,SOHO,4770,4,2.0,,6,113.17,0.0,113.17,28.29,No,0
Bronze,SOHO,4000,6,,,6,113.17,0.0,113.17,18.86,No,0
Bronze,SOHO,4000,1,,,1,113.17,0.0,113.17,113.17,No,0
Bronze,SOHO,4000,5,,,5,113.17,0.0,113.17,22.63,No,0
Bronze,SOHO,4004,4,,,4,113.33,0.0,113.33,28.33,No,0
Bronze,SOHO,4110,12,4.0,,16,113.33,0.0,113.33,9.44,Yes,1
Bronze,SOHO,4230,7,,,7,113.83,0.0,113.83,16.26,No,0
Bronze,SOHO,4000,6,1.0,,7,114.17,0.0,114.17,19.03,No,0
Bronze,SOHO,4003,6,1.0,,7,114.33,0.0,114.33,19.06,No,0
Bronze,SOHO,4230,2,,,2,114.5,0.0,114.5,57.25,No,0
Bronze,SOHO,4000,9,,,9,114.5,0.0,114.5,12.72,No,0
Bronze,SOHO,4004,5,1.0,,6,114.67,0.0,114.67,22.93,No,0
Bronze,SOHO,4000,3,,,3,114.67,0.0,114.67,38.22,No,0
Bronze,SOHO,4230,7,1.0,2.0,10,114.67,0.0,114.67,16.38,No,0
Bronze,VSE,4006,6,,,6,114.83,0.0,114.83,19.14,No,0
Bronze,SOHO,4023,3,,,3,115.0,0.0,115.0,38.33,No,0
Bronze,SOHO,4002,5,9.0,,14,115.17,0.0,115.17,23.03,No,0
Bronze,SOHO,4110,4,,,4,115.17,0.0,115.17,28.79,No,0
Bronze,SOHO,4023,11,,,11,115.33,0.0,115.33,10.48,No,0
Bronze,SOHO,4172,7,,,7,115.67,0.0,115.67,16.52,No,0
Bronze,SOHO,4000,5,4.0,,9,116.0,0.0,116.0,23.2,No,0
Bronze,SOHO,4230,14,,,14,116.17,0.0,116.17,8.3,Yes,1
Bronze,SOHO,4000,4,1.0,,5,116.5,0.0,116.5,29.13,No,0
Bronze,SOHO,4000,7,,,7,116.83,0.0,116.83,16.69,No,0
Bronze,SOHO,4003,4,3.0,,7,116.83,0.0,116.83,29.21,No,0
Bronze,SOHO,4700,6,,,6,116.83,0.0,116.83,19.47,Yes,1
Bronze,SOHO,4002,4,,,4,116.83,0.0,116.83,29.21,No,0
Bronze,SOHO,4004,5,,,5,117.17,0.0,117.17,23.43,No,0
Bronze,SOHO,4300,5,3.0,,8,117.5,0.0,117.5,23.5,No,0
Bronze,VSE,4700,8,79.0,,87,117.67,0.0,117.67,14.71,No,0
Bronze,SOHO,4000,2,2.0,,4,117.83,0.0,117.83,58.92,No,0
Bronze,SOHO,4002,4,1.0,,5,117.83,0.0,117.83,29.46,No,0
Bronze,SOHO,4230,7,2.0,,9,117.83,0.0,117.83,16.83,No,0
Bronze,SOHO,4000,3,,,3,111.5,6.5,118.0,37.17,No,0
Bronze,SOHO,4002,6,1.0,,7,117.83,0.33,118.16,19.64,No,0
Bronze,SOHO,4003,2,2.0,,4,118.17,0.0,118.17,59.09,No,0
Bronze,SOHO,4000,9,,,9,118.17,0.0,118.17,13.13,No,0
Bronze,SOHO,4000,6,2.0,,8,118.5,0.0,118.5,19.75,No,0
Bronze,SOHO,4122,4,1.0,,5,118.67,0.0,118.67,29.67,No,0
Bronze,VSE,4000,8,,,8,119.0,0.0,119.0,14.88,No,0
Bronze,SOHO,4023,5,2.0,,7,119.33,0.0,119.33,23.87,No,0
Bronze,SOHO,4113,3,,,3,119.33,0.0,119.33,39.78,No,0
Bronze,SOHO,4230,3,,,3,119.67,0.0,119.67,39.89,No,0
Bronze,SOHO,4870,6,3.0,,9,120.17,0.0,120.17,20.03,No,0
Bronze,SOHO,4230,9,,,9,120.33,0.0,120.33,13.37,No,0
Bronze,SOHO,4300,5,1.0,,6,120.83,0.0,120.83,24.17,No,0
Bronze,SOHO,4180,7,,,7,121.0,0.0,121.0,17.29,No,0
Bronze,SOHO,4000,7,1.0,,8,121.33,0.0,121.33,17.33,No,0
Bronze,SOHO,4000,3,,,3,121.33,0.0,121.33,40.44,No,0
Bronze,SOHO,4000,8,,,8,121.5,0.0,121.5,15.19,No,0
Bronze,SOHO,4000,4,,,4,121.67,0.0,121.67,30.42,No,0
Bronze,SOHO,4023,5,,,5,121.83,0.0,121.83,24.37,No,0
Bronze,SOHO,4000,7,,,7,122.0,0.0,122.0,17.43,No,0
Bronze,SOHO,4000,3,,,3,122.33,0.0,122.33,40.78,No,0
Bronze,SOHO,4003,6,,1.0,7,122.5,0.0,122.5,20.42,No,0
Bronze,SOHO,4003,3,,,3,122.5,0.0,122.5,40.83,No,0
Bronze,SOHO,4000,5,,,5,122.67,0.0,122.67,24.53,Yes,1
Bronze,SOHO,4150,4,,,4,123.0,0.0,123.0,30.75,No,0
Bronze,SOHO,4700,6,,,6,123.0,0.0,123.0,20.5,No,0
Bronze,SOHO,4000,4,,,4,123.0,0.0,123.0,30.75,No,0
Bronze,SOHO,4002,8,31.0,,39,123.33,0.0,123.33,15.42,No,0
Bronze,SOHO,4000,3,,,3,123.5,0.0,123.5,41.17,No,0
Bronze,SOHO,4800,5,,,5,123.67,0.0,123.67,24.73,No,0
Bronze,SOHO,4270,6,1.0,,7,123.67,0.0,123.67,20.61,No,0
Bronze,SOHO,4003,5,,,5,123.83,0.0,123.83,24.77,Yes,1
Bronze,SOHO,4000,9,,,9,124.67,0.0,124.67,13.85,No,0
Bronze,SOHO,4872,9,,,9,125.0,0.0,125.0,13.89,No,0
Bronze,SOHO,4000,5,1.0,,6,125.17,0.0,125.17,25.03,No,0
Bronze,SOHO,4002,6,1.0,,7,125.17,0.0,125.17,20.86,No,0
Bronze,SOHO,4850,8,,,8,125.83,0.0,125.83,15.73,No,0
Bronze,SOHO,4204,13,3.0,,16,126.5,0.0,126.5,9.73,Yes,1
Bronze,SOHO,4002,4,,,4,126.83,0.0,126.83,31.71,No,0
Bronze,SOHO,4004,5,1.0,,6,126.83,0.0,126.83,25.37,No,0
Bronze,SOHO,4002,10,,,10,127.33,0.0,127.33,12.73,No,0
Bronze,SOHO,4850,4,1.0,,5,127.5,0.0,127.5,31.88,No,0
Bronze,SOHO,4000,5,,1.0,6,128.0,0.0,128.0,25.6,No,0
Bronze,SOHO,4301,4,,,4,128.0,0.0,128.0,32.0,No,0
Bronze,SOHO,4000,6,,,6,128.17,0.0,128.17,21.36,No,0
Bronze,SOHO,4006,7,2.0,,9,128.17,0.0,128.17,18.31,No,0
Bronze,SOHO,4004,6,,,6,128.17,0.0,128.17,21.36,No,0
Bronze,SOHO,4230,22,,,22,128.5,0.0,128.5,5.84,Yes,1
Bronze,SOHO,4004,3,2.0,,5,128.5,0.0,128.5,42.83,No,0
Bronze,SOHO,4000,3,,,3,129.0,0.0,129.0,43.0,No,0
Bronze,SOHO,4270,6,,,6,129.0,0.0,129.0,21.5,No,0
Bronze,SOHO,4003,4,2.0,,6,129.83,0.0,129.83,32.46,No,0
Bronze,SOHO,4000,7,2.0,,9,130.0,0.0,130.0,18.57,No,0
Bronze,SOHO,4000,12,3.0,1.0,16,130.33,0.0,130.33,10.86,No,0
Bronze,SOHO,4199,2,,,2,130.5,0.0,130.5,65.25,No,0
Bronze,SOHO,4003,8,,,8,130.67,0.0,130.67,16.33,No,0
Bronze,SOHO,4300,2,1.0,1.0,4,130.83,0.0,130.83,65.42,No,0
Bronze,SOHO,4004,6,,,6,131.0,0.0,131.0,21.83,No,0
Bronze,SOHO,4230,11,,,11,131.17,0.0,131.17,11.92,No,0
Bronze,SOHO,4000,4,1.0,,5,131.67,0.0,131.67,32.92,No,0
Bronze,SOHO,4002,8,1.0,,9,131.67,0.0,131.67,16.46,No,0
Bronze,SOHO,4013,3,,,3,132.17,0.0,132.17,44.06,No,0
Bronze,SOHO,4230,1,,,1,132.33,0.0,132.33,132.33,No,0
Bronze,SOHO,4101,5,,,5,132.5,0.0,132.5,26.5,No,0
Bronze,SOHO,4003,10,9.0,,19,132.5,0.0,132.5,13.25,No,0
Bronze,SOHO,4000,13,,,13,132.83,0.0,132.83,10.22,No,0
Bronze,SOHO,4023,8,4.0,,12,133.17,0.0,133.17,16.65,No,0
Bronze,SOHO,4003,4,,,4,133.83,0.0,133.83,33.46,No,0
Bronze,SOHO,4985,10,,,10,134.0,0.0,134.0,13.4,No,0
Bronze,SOHO,4230,14,2.0,,16,134.0,0.0,134.0,9.57,No,0
Bronze,VSE,4000,6,,,6,134.83,0.0,134.83,22.47,No,0
Bronze,VSE,4000,4,,,4,134.83,0.0,134.83,33.71,No,0
Bronze,SOHO,4300,6,,,6,135.83,0.0,135.83,22.64,No,0
Bronze,SOHO,4230,4,1.0,,5,135.83,0.0,135.83,33.96,No,0
Bronze,SOHO,4002,7,5.0,,12,136.0,0.0,136.0,19.43,No,0
Bronze,SOHO,4000,3,1.0,,4,136.33,0.0,136.33,45.44,No,0
Bronze,SOHO,4831,10,3.0,,13,136.5,0.0,136.5,13.65,No,0
Bronze,SOHO,4000,5,,,5,136.67,0.0,136.67,27.33,No,0
Bronze,SOHO,4004,6,2.0,,8,136.67,0.0,136.67,22.78,No,0
Bronze,SOHO,4230,6,,,6,137.33,0.0,137.33,22.89,No,0
Bronze,SOHO,4230,8,,,8,137.5,0.0,137.5,17.19,No,0
Bronze,SOHO,4003,11,3.0,,14,137.5,0.0,137.5,12.5,No,0
Bronze,SOHO,4230,4,,1.0,5,137.67,0.0,137.67,34.42,No,0
Bronze,SOHO,4004,3,,,3,137.83,0.0,137.83,45.94,No,0
Bronze,SOHO,4023,3,,,3,138.5,0.0,138.5,46.17,No,0
Bronze,SOHO,4001,4,2.0,,6,138.67,0.0,138.67,34.67,No,0
Bronze,SOHO,4003,9,1.0,,10,139.17,0.0,139.17,15.46,No,0
Bronze,SOHO,4850,5,,,5,139.67,0.0,139.67,27.93,Yes,1
Bronze,SOHO,4112,6,,,6,139.67,0.0,139.67,23.28,No,0
Bronze,SOHO,4980,6,1.0,,7,141.0,0.0,141.0,23.5,No,0
Bronze,SOHO,4270,6,,,6,141.17,0.0,141.17,23.53,No,0
Bronze,SOHO,4000,3,1.0,,4,141.33,0.0,141.33,47.11,No,0
Bronze,SOHO,4004,7,,,7,141.67,0.0,141.67,20.24,No,0
Bronze,SOHO,4850,5,,,5,141.67,0.0,141.67,28.33,No,0
Bronze,SOHO,4218,10,4.0,,14,141.83,0.0,141.83,14.18,No,0
Bronze,SOHO,4000,2,4.0,,6,142.67,0.0,142.67,71.34,No,0
Bronze,SOHO,4830,9,8.0,,17,143.17,0.0,143.17,15.91,No,0
Bronze,SOHO,4015,5,,,5,143.33,0.0,143.33,28.67,No,0
Bronze,SOHO,4300,6,,,6,143.33,0.0,143.33,23.89,No,0
Bronze,SOHO,4002,6,,,6,143.83,0.0,143.83,23.97,No,0
Bronze,SOHO,4000,3,5.0,,8,144.67,0.0,144.67,48.22,No,0
Bronze,SOHO,4004,3,,,3,145.33,0.0,145.33,48.44,No,0
Bronze,VSE,4000,6,,,6,146.17,0.0,146.17,24.36,No,0
Bronze,SOHO,4004,6,,,6,146.33,0.0,146.33,24.39,No,0
Bronze,SOHO,4000,7,,,7,146.83,0.0,146.83,20.98,No,0
Bronze,SOHO,4003,6,3.0,,9,148.0,0.0,148.0,24.67,No,0
Bronze,SOHO,4700,1,1.0,,2,148.17,0.0,148.17,148.17,No,0
Bronze,SOHO,4023,6,,1.0,7,148.33,0.0,148.33,24.72,No,0
Bronze,SOHO,4000,4,,,4,149.5,0.0,149.5,37.38,No,0
Bronze,SOHO,4199,8,1.0,,9,149.67,0.0,149.67,18.71,No,0
Bronze,SOHO,4500,14,,,14,150.0,0.0,150.0,10.71,No,0
Bronze,SOHO,4000,2,1.0,,3,152.33,0.0,152.33,76.17,Yes,1
Bronze,SOHO,4000,5,,,5,153.17,0.0,153.17,30.63,No,0
Bronze,SOHO,4000,6,,,6,153.67,0.0,153.67,25.61,No,0
Bronze,SOHO,4000,3,,,3,153.67,0.0,153.67,51.22,No,0
Bronze,SOHO,4003,16,,,16,154.17,0.0,154.17,9.64,No,0
Bronze,SOHO,4870,7,1.0,,8,154.5,0.0,154.5,22.07,No,0
Bronze,SOHO,4202,11,,,11,154.83,0.0,154.83,14.08,No,0
Bronze,SOHO,4800,6,,,6,157.17,0.0,157.17,26.2,No,0
Bronze,SOHO,4002,4,1.0,,5,159.83,0.0,159.83,39.96,No,0
Bronze,SOHO,4210,7,1.0,,8,159.83,0.0,159.83,22.83,No,0
Bronze,SOHO,4241,14,7.0,,21,160.17,0.0,160.17,11.44,No,0
Bronze,SOHO,4000,4,,,4,162.5,0.0,162.5,40.63,No,0
Bronze,SOHO,4004,4,,,4,94.33,69.0,163.33,23.58,No,0
Bronze,SOHO,4147,10,,,10,164.5,0.0,164.5,16.45,No,0
Bronze,SOHO,4000,3,,,3,56.0,110.0,166.0,18.67,No,0
Bronze,SOHO,4800,9,4.0,,13,167.67,0.0,167.67,18.63,No,0
Bronze,SOHO,4300,3,,,3,173.17,0.0,173.17,57.72,No,0
Bronze,SOHO,4300,6,,,6,178.0,0.0,178.0,29.67,No,0
Bronze,SOHO,4000,3,,,3,178.17,0.0,178.17,59.39,No,0
Bronze,SOHO,4147,7,,,7,179.17,0.0,179.17,25.6,No,0
Bronze,SOHO,4000,5,,,5,180.17,0.0,180.17,36.03,No,0
Bronze,SOHO,4000,4,8.0,,12,125.33,55.0,180.33,31.33,No,0
Bronze,SOHO,4006,11,,,11,183.33,0.0,183.33,16.67,No,0
Bronze,SOHO,4960,2,,,2,184.0,0.0,184.0,92.0,No,0
Bronze,SOHO,4270,4,,,4,184.67,0.0,184.67,46.17,No,0
Bronze,SOHO,4003,3,,,3,186.0,0.0,186.0,62.0,No,0
Bronze,SOHO,4101,4,1.0,,5,187.17,0.0,187.17,46.79,No,0
Bronze,SOHO,4330,1,,,1,188.17,0.0,188.17,188.17,No,0
Bronze,SOHO,4000,7,1.0,,8,195.17,0.0,195.17,27.88,No,0
Bronze,SOHO,4003,8,1.0,,9,198.0,0.0,198.0,24.75,No,0
Bronze,SOHO,4004,5,,,5,82.83,120.0,202.83,16.57,No,0
Bronze,SOHO,4002,4,,,4,213.0,0.0,213.0,53.25,No,0
Bronze,SOHO,4850,5,,,5,227.0,0.0,227.0,45.4,No,0
Bronze,SOHO,4000,2,,1.0,3,272.5,0.0,272.5,136.25,No,0
Bronze,SOHO,4000,5,,,5,339.33,0.0,339.33,67.87,No,0
Bronze,VSE,4002,2,12.0,,14,56.5,0.0,56.5,28.25,No,0
Bronze,SOHO,4000,5,,,5,56.67,0.0,56.67,11.33,No,0
Bronze,SOHO,4000,2,,,2,56.67,0.0,56.67,28.34,No,0
Bronze,SOHO,4023,3,2.0,,5,56.67,0.0,56.67,18.89,No,0
Bronze,SOHO,4023,4,,,4,56.83,0.0,56.83,14.21,No,0
Bronze,SOHO,4000,1,,,1,56.83,0.0,56.83,56.83,No,0
Bronze,SOHO,4349,4,,,4,56.83,0.0,56.83,14.21,No,0
Bronze,SOHO,4023,4,,,4,56.83,0.0,56.83,14.21,No,0
Bronze,SOHO,4021,5,4.0,,9,57.0,0.0,57.0,11.4,No,0
Bronze,SOHO,4000,4,,,4,57.0,0.0,57.0,14.25,No,0
Bronze,SOHO,4270,2,3.0,,5,57.0,0.0,57.0,28.5,No,0
Bronze,SOHO,4210,6,,,6,57.0,0.0,57.0,9.5,No,0
Bronze,SOHO,4000,6,,,6,57.0,0.0,57.0,9.5,No,0
Bronze,SOHO,4000,4,,,4,57.17,0.0,57.17,14.29,No,0
Bronze,SOHO,4000,4,2.0,,6,57.17,0.0,57.17,14.29,No,0
Bronze,SOHO,4260,3,,,3,57.17,0.0,57.17,19.06,No,0
Bronze,SOHO,4000,5,4.0,,9,57.17,0.0,57.17,11.43,No,0
Bronze,SOHO,4300,3,,,3,57.17,0.0,57.17,19.06,No,0
Bronze,SOHO,4000,6,2.0,,8,57.17,0.0,57.17,9.53,No,0
Bronze,SOHO,4000,2,1.0,,3,57.17,0.0,57.17,28.59,No,0
Bronze,SOHO,4300,2,,,2,57.17,0.0,57.17,28.59,No,0
Bronze,SOHO,4000,5,,,5,57.17,0.0,57.17,11.43,No,0
Bronze,SOHO,4000,3,1.0,,4,57.33,0.0,57.33,19.11,No,0
Bronze,SOHO,4112,7,,,7,57.33,0.0,57.33,8.19,No,0
Bronze,SOHO,4270,2,1.0,,3,57.33,0.0,57.33,28.67,No,0
Bronze,SOHO,4000,3,3.0,,6,57.33,0.0,57.33,19.11,No,0
Bronze,SOHO,4150,2,,,2,57.33,0.0,57.33,28.67,No,0
Bronze,SOHO,4700,5,,,5,57.5,0.0,57.5,11.5,No,0
Bronze,SOHO,4000,2,,,2,57.5,0.0,57.5,28.75,No,0
Bronze,SOHO,4002,2,,,2,57.5,0.0,57.5,28.75,No,0
Bronze,SOHO,4000,3,,,3,57.67,0.0,57.67,19.22,No,0
Bronze,SOHO,4000,2,2.0,,4,57.67,0.0,57.67,28.84,No,0
Bronze,SOHO,4000,2,,,2,57.67,0.0,57.67,28.84,Yes,1
Bronze,SOHO,4000,5,2.0,,7,57.83,0.0,57.83,11.57,No,0
Bronze,SOHO,4002,1,1.0,,2,57.83,0.0,57.83,57.83,No,0
Bronze,SOHO,4270,3,9.0,,12,58.0,0.0,58.0,19.33,No,0
Bronze,SOHO,4000,6,2.0,,8,58.0,0.0,58.0,9.67,No,0
Bronze,SOHO,4135,2,,,2,58.0,0.0,58.0,29.0,No,0
Bronze,SOHO,4160,2,1.0,,3,58.0,0.0,58.0,29.0,No,0
Bronze,SOHO,4004,2,1.0,,3,58.17,0.0,58.17,29.09,No,0
Bronze,SOHO,4300,2,2.0,,4,58.17,0.0,58.17,29.09,No,0
Bronze,SOHO,4002,2,,,2,58.33,0.0,58.33,29.17,No,0
Bronze,SOHO,4023,5,,,5,58.33,0.0,58.33,11.67,No,0
Bronze,SOHO,4003,3,,,3,58.33,0.0,58.33,19.44,No,0
Bronze,SOHO,4004,4,,,4,58.33,0.0,58.33,14.58,No,0
Bronze,SOHO,4003,3,4.0,,7,58.5,0.0,58.5,19.5,No,0
Bronze,SOHO,4003,4,,,4,58.5,0.0,58.5,14.63,No,0
Bronze,SOHO,4023,1,1.0,,2,58.5,0.0,58.5,58.5,Yes,1
Bronze,SOHO,4147,7,,,7,58.67,0.0,58.67,8.38,No,0
Bronze,SOHO,4003,6,,,6,58.67,0.0,58.67,9.78,No,0
Bronze,SOHO,4190,3,,,3,58.67,0.0,58.67,19.56,No,0
Bronze,SOHO,4000,2,,,2,58.67,0.0,58.67,29.34,No,0
Bronze,SOHO,4000,5,3.0,,8,58.83,0.0,58.83,11.77,No,0
Bronze,SOHO,4000,3,2.0,,5,58.83,0.0,58.83,19.61,No,0
Bronze,SOHO,4006,3,,,3,58.83,0.0,58.83,19.61,No,0
Bronze,SOHO,4023,3,4.0,,7,58.83,0.0,58.83,19.61,No,0
Bronze,SOHO,4000,2,,,2,58.83,0.0,58.83,29.42,No,0
Bronze,SOHO,4002,5,,,5,59.0,0.0,59.0,11.8,No,0
Bronze,SOHO,4300,2,,,2,59.0,0.0,59.0,29.5,No,0
Bronze,SOHO,4000,4,1.0,,5,59.0,0.0,59.0,14.75,No,0
Bronze,SOHO,4002,3,1.0,,4,59.0,0.0,59.0,19.67,No,0
Bronze,SOHO,4000,5,2.0,,7,59.0,0.0,59.0,11.8,No,0
Bronze,SOHO,4000,2,,,2,59.0,0.0,59.0,29.5,No,0
Bronze,SOHO,4000,5,,,5,59.33,0.0,59.33,11.87,No,0
Bronze,SOHO,4004,3,2.0,,5,59.33,0.0,59.33,19.78,No,0
Bronze,SOHO,4000,2,,,2,59.33,0.0,59.33,29.67,Yes,1
Bronze,SOHO,4000,1,3.0,,4,59.33,0.0,59.33,59.33,No,0
Bronze,SOHO,4700,4,1.0,,5,59.33,0.0,59.33,14.83,No,0
Bronze,SOHO,4150,3,2.0,,5,59.33,0.0,59.33,19.78,No,0
Bronze,SOHO,4147,3,,,3,59.33,0.0,59.33,19.78,No,0
Bronze,SOHO,4110,4,,,4,59.33,0.0,59.33,14.83,No,0
Bronze,SOHO,4288,2,,,2,59.5,0.0,59.5,29.75,No,0
Bronze,SOHO,4330,3,1.0,,4,59.5,0.0,59.5,19.83,No,0
Bronze,SOHO,4980,1,,,1,59.5,0.0,59.5,59.5,No,0
Bronze,SOHO,4700,1,,,1,59.5,0.0,59.5,59.5,No,0
Bronze,SOHO,4269,2,,,2,59.5,0.0,59.5,29.75,No,0
Bronze,SOHO,4230,7,1.0,,8,59.67,0.0,59.67,8.52,No,0
Bronze,SOHO,4004,4,,,4,59.67,0.0,59.67,14.92,No,0
Bronze,SOHO,4000,8,,,8,59.67,0.0,59.67,7.46,No,0
Bronze,SOHO,4500,3,,,3,59.83,0.0,59.83,19.94,No,0
Bronze,VSE,4210,1,,,1,59.83,0.0,59.83,59.83,No,0
Bronze,SOHO,4800,4,,,4,59.83,0.0,59.83,14.96,No,0
Bronze,SOHO,4000,3,3.0,,6,59.83,0.0,59.83,19.94,No,0
Bronze,SOHO,4000,6,,,6,59.83,0.0,59.83,9.97,No,0
Bronze,SOHO,4023,4,,,4,59.83,0.0,59.83,14.96,No,0
Bronze,SOHO,4002,4,3.0,,7,60.0,0.0,60.0,15.0,No,0
Bronze,SOHO,4003,2,1.0,,3,60.0,0.0,60.0,30.0,No,0
Bronze,SOHO,4000,5,,,5,60.0,0.0,60.0,12.0,Yes,1
Bronze,SOHO,4200,1,,,1,60.0,0.0,60.0,60.0,No,0
Bronze,SOHO,4002,6,,,6,60.17,0.0,60.17,10.03,No,0
Bronze,SOHO,4340,5,2.0,,7,60.17,0.0,60.17,12.03,No,0
Bronze,SOHO,4124,3,,,3,60.17,0.0,60.17,20.06,No,0
Bronze,SOHO,4006,6,,,6,60.17,0.0,60.17,10.03,No,0
Bronze,SOHO,4000,4,,,4,60.33,0.0,60.33,15.08,No,0
Bronze,SOHO,4000,1,5.0,,6,60.67,0.0,60.67,60.67,No,0
Bronze,SOHO,4000,5,,,5,60.67,0.0,60.67,12.13,No,0
Bronze,SOHO,4000,5,1.0,,6,60.67,0.0,60.67,12.13,No,0
Bronze,SOHO,4000,5,,,5,60.83,0.0,60.83,12.17,No,0
Bronze,SOHO,4230,5,,,5,60.83,0.0,60.83,12.17,No,0
Bronze,SOHO,4002,3,,,3,60.83,0.0,60.83,20.28,No,0
Bronze,SOHO,4230,2,,,2,60.83,0.0,60.83,30.42,No,0
Bronze,SOHO,4000,7,,,7,60.83,0.0,60.83,8.69,No,0
Bronze,SOHO,4000,3,,,3,60.83,0.0,60.83,20.28,No,0
Bronze,SOHO,4004,3,,1.0,4,60.83,0.0,60.83,20.28,No,0
Bronze,SOHO,4151,5,,,5,61.0,0.0,61.0,12.2,No,0
Bronze,SOHO,4210,4,2.0,,6,61.0,0.0,61.0,15.25,No,0
Bronze,SOHO,4270,3,,,3,61.0,0.0,61.0,20.33,No,0
Bronze,SOHO,4023,3,,,3,61.0,0.0,61.0,20.33,No,0
Bronze,SOHO,4000,3,,,3,61.0,0.0,61.0,20.33,No,0
Bronze,SOHO,4023,2,1.0,,3,61.17,0.0,61.17,30.59,No,0
Bronze,SOHO,4004,8,1.0,,9,61.17,0.0,61.17,7.65,No,0
Bronze,SOHO,4230,6,2.0,,8,61.33,0.0,61.33,10.22,No,0
Bronze,SOHO,4002,6,2.0,,8,61.33,0.0,61.33,10.22,No,0
Bronze,VSE,4000,1,,1.0,2,61.33,0.0,61.33,61.33,No,0
Bronze,SOHO,4000,2,1.0,,3,61.33,0.0,61.33,30.67,No,0
Bronze,SOHO,4000,2,,,2,61.33,0.0,61.33,30.67,No,0
Bronze,SOHO,4300,3,,,3,61.5,0.0,61.5,20.5,No,0
Bronze,SOHO,4003,3,1.0,,4,61.5,0.0,61.5,20.5,No,0
Bronze,SOHO,4000,3,,,3,61.5,0.0,61.5,20.5,No,0
Bronze,SOHO,4000,5,1.0,,6,61.67,0.0,61.67,12.33,No,0
Bronze,SOHO,4003,5,4.0,,9,61.67,0.0,61.67,12.33,No,0
Bronze,SOHO,4002,4,1.0,,5,61.67,0.0,61.67,15.42,No,0
Bronze,SOHO,4150,4,,,4,61.83,0.0,61.83,15.46,No,0
Bronze,SOHO,4004,4,,,4,61.83,0.0,61.83,15.46,No,0
Bronze,SOHO,4000,4,1.0,,5,61.83,0.0,61.83,15.46,No,0
Bronze,SOHO,4000,2,,,2,61.83,0.0,61.83,30.92,No,0
Bronze,SOHO,4023,5,3.0,,8,62.0,0.0,62.0,12.4,No,0
Bronze,SOHO,4000,2,,,2,62.0,0.0,62.0,31.0,No,0
Bronze,SOHO,4113,6,,,6,62.0,0.0,62.0,10.33,No,0
Bronze,SOHO,4000,2,1.0,,3,62.0,0.0,62.0,31.0,No,0
Bronze,SOHO,4870,2,,,2,62.17,0.0,62.17,31.09,No,0
Bronze,SOHO,4500,4,1.0,,5,62.17,0.0,62.17,15.54,No,0
Bronze,SOHO,4000,4,2.0,,6,62.17,0.0,62.17,15.54,No,0
Bronze,SOHO,4003,2,,,2,62.33,0.0,62.33,31.17,No,0
Bronze,SOHO,4002,6,2.0,,8,62.33,0.0,62.33,10.39,No,0
Bronze,SOHO,4000,3,,,3,62.5,0.0,62.5,20.83,No,0
Bronze,SOHO,4850,2,,,2,62.5,0.0,62.5,31.25,No,0
Bronze,SOHO,4023,3,,1.0,4,62.5,0.0,62.5,20.83,No,0
Bronze,SOHO,4230,3,3.0,,6,62.5,0.0,62.5,20.83,No,0
Bronze,SOHO,4530,6,21.0,,27,62.5,0.0,62.5,10.42,No,0
Bronze,SOHO,4110,4,6.0,,10,62.5,0.0,62.5,15.63,No,0
Bronze,SOHO,4700,3,14.0,,17,62.67,0.0,62.67,20.89,No,0
Bronze,SOHO,4850,1,2.0,,3,62.67,0.0,62.67,62.67,No,0
Bronze,SOHO,4500,1,,,1,62.67,0.0,62.67,62.67,No,0
Bronze,SOHO,4000,5,,,5,62.67,0.0,62.67,12.53,No,0
Bronze,SOHO,4023,5,3.0,,8,62.67,0.0,62.67,12.53,No,0
Bronze,SOHO,4023,3,,,3,62.83,0.0,62.83,20.94,No,0
Bronze,SOHO,4002,3,,,3,62.83,0.0,62.83,20.94,No,0
Bronze,SOHO,4000,6,,,6,62.83,0.0,62.83,10.47,No,0
Bronze,SOHO,4000,4,,,4,62.83,0.0,62.83,15.71,No,0
Bronze,SOHO,4174,4,,,4,62.83,0.0,62.83,15.71,No,0
Bronze,SOHO,4000,6,1.0,,7,62.83,0.0,62.83,10.47,No,0
Bronze,SOHO,4230,7,,,7,62.83,0.0,62.83,8.98,Yes,1
Bronze,SOHO,4358,4,7.0,,11,62.83,0.0,62.83,15.71,No,0
Bronze,SOHO,4000,1,,,1,63.0,0.0,63.0,63.0,No,0
Bronze,SOHO,4006,5,5.0,1.0,11,63.0,0.0,63.0,12.6,No,0
Bronze,SOHO,4820,2,3.0,,5,63.0,0.0,63.0,31.5,No,0
Bronze,SOHO,4004,2,,,2,63.0,0.0,63.0,31.5,No,0
Bronze,SOHO,4000,2,3.0,,5,63.0,0.0,63.0,31.5,No,0
Bronze,SOHO,4003,4,,,4,63.0,0.0,63.0,15.75,No,0
Bronze,SOHO,4000,6,,,6,63.0,0.0,63.0,10.5,No,0
Bronze,SOHO,4004,3,1.0,,4,63.17,0.0,63.17,21.06,No,0
Bronze,SOHO,4700,3,3.0,,6,63.17,0.0,63.17,21.06,No,0
Bronze,SOHO,4108,2,3.0,,5,63.17,0.0,63.17,31.59,Yes,1
Bronze,SOHO,4000,2,,,2,63.17,0.0,63.17,31.59,Yes,1
Bronze,SOHO,4000,3,,,3,63.17,0.0,63.17,21.06,No,0
Bronze,SOHO,4300,4,2.0,,6,63.5,0.0,63.5,15.88,No,0
Bronze,SOHO,4300,3,,,3,63.5,0.0,63.5,21.17,No,0
Bronze,SOHO,4112,5,1.0,,6,63.5,0.0,63.5,12.7,No,0
Bronze,SOHO,4021,5,,,5,63.5,0.0,63.5,12.7,Yes,1
Bronze,SOHO,4210,5,,,5,63.5,0.0,63.5,12.7,No,0
Bronze,SOHO,4000,2,,,2,63.67,0.0,63.67,31.84,No,0
Bronze,SOHO,4000,2,,,2,63.67,0.0,63.67,31.84,No,0
Bronze,SOHO,4000,2,1.0,,3,63.83,0.0,63.83,31.92,No,0
Bronze,SOHO,4000,2,,,2,63.83,0.0,63.83,31.92,No,0
Bronze,SOHO,4023,2,2.0,,4,63.83,0.0,63.83,31.92,No,0
Bronze,SOHO,4000,2,8.0,,10,85.0,0.0,85.0,42.5,No,0
Bronze,SOHO,6000,6,1.0,,7,122.0,0.0,122.0,20.33,No,0
Bronze,SOHO,6000,4,,,4,50.33,0.0,50.33,12.58,No,0
Bronze,SOHO,6300,5,,,5,87.5,0.0,87.5,17.5,No,0
Bronze,SOHO,1000,7,,,7,47.67,0.0,47.67,6.81,No,0
Bronze,SOHO,6343,1,,,1,40.17,0.0,40.17,40.17,No,0
Bronze,SOHO,4300,2,3.0,,5,77.33,6.83,84.16,38.67,No,0
Bronze,VSE,1142,1,2.0,,3,40.83,38.83,79.66,40.83,No,0
Bronze,SOHO,1202,10,4.0,,14,70.0,5.67,75.67,7.0,No,0
Bronze,SOHO,4600,3,71.0,,74,73.0,0.0,73.0,24.33,No,0
Bronze,SOHO,4600,4,3.0,,7,63.67,0.0,63.67,15.92,No,0
Bronze,SOHO,8200,1,,,1,41.67,26.67,68.34,41.67,No,0
Bronze,SOHO,4000,3,,,3,78.0,0.0,78.0,26.0,No,0
Bronze,SOHO,4300,5,,,5,70.17,0.0,70.17,14.03,No,0
Bronze,SOHO,4000,1,5.0,,6,41.17,0.0,41.17,41.17,No,0
Bronze,SOHO,4000,1,,,1,76.67,0.0,76.67,76.67,No,0
Bronze,SOHO,4000,1,,,1,49.0,0.0,49.0,49.0,No,0
Bronze,SOHO,4023,3,,,3,50.0,0.0,50.0,16.67,No,0
Bronze,SOHO,4000,3,,,3,43.83,0.0,43.83,14.61,No,0
Bronze,SOHO,4000,5,,,5,81.5,0.0,81.5,16.3,No,0
Bronze,SOHO,4000,3,,,3,59.0,0.0,59.0,19.67,No,0
Bronze,SOHO,4000,3,,,3,42.0,0.0,42.0,14.0,No,0
Bronze,SOHO,4450,2,,,2,47.83,0.0,47.83,23.92,No,0
Bronze,SOHO,4004,3,9.0,,12,43.0,0.0,43.0,14.33,No,0
Bronze,SOHO,4944,1,8.0,,9,51.83,0.0,51.83,51.83,Yes,1
Bronze,SOHO,6400,2,,,2,49.0,0.0,49.0,24.5,No,0
Bronze,SOHO,6465,5,1.0,,6,63.17,0.0,63.17,12.63,No,0
Bronze,SOHO,6830,1,1.0,,2,56.5,0.0,56.5,56.5,No,0
Bronze,SOHO,4000,9,,,9,104.0,0.0,104.0,11.56,No,0
Bronze,SOHO,4000,6,,,6,65.2,0.0,65.2,10.87,No,0
Bronze,SOHO,4000,5,,,5,42.33,0.0,42.33,8.47,No,0
Bronze,VSE,4000,4,,,4,144.5,0.0,144.5,36.13,No,0
Bronze,SOHO,4000,12,,,12,77.0,0.0,77.0,6.42,No,0
Bronze,SOHO,4000,6,,,6,74.0,0.0,74.0,12.33,No,0
Bronze,SOHO,1421,2,,,2,49.0,7.5,56.5,24.5,No,0
Bronze,SOHO,6000,2,,,2,41.5,0.0,41.5,20.75,No,0
Bronze,SOHO,6100,2,,,2,72.0,0.0,72.0,36.0,No,0
Bronze,SOHO,6000,3,,,3,52.0,10.0,62.0,17.33,No,0
Bronze,SOHO,6000,6,,,6,54.33,0.0,54.33,9.06,No,0
Bronze,SOHO,4831,3,,,3,59.17,0.0,59.17,19.72,No,0
Bronze,SOHO,6800,1,1.0,,2,40.5,0.0,40.5,40.5,No,0
Bronze,VSE,6000,6,,,6,92.33,0.0,92.33,15.39,No,0
Bronze,SOHO,6000,2,,,2,54.17,0.0,54.17,27.09,No,0
Bronze,SOHO,4409,2,,,2,69.17,0.0,69.17,34.59,No,0
Bronze,SOHO,4150,5,,,5,99.0,0.0,99.0,19.8,No,0
Bronze,SOHO,4290,4,,,4,51.5,0.0,51.5,12.88,No,0
Bronze,SOHO,4178,3,,,3,87.83,0.0,87.83,29.28,No,0
Bronze,SOHO,4006,14,1.0,,15,101.5,0.0,101.5,7.25,No,0
Bronze,SOHO,4004,7,,,7,41.83,0.0,41.83,5.98,No,0
Bronze,SOHO,6142,4,,,4,45.0,0.0,45.0,11.25,No,0
Bronze,SOHO,6460,4,,,4,51.33,0.0,51.33,12.83,No,0
Bronze,SOHO,8005,2,,,2,55.5,55.0,110.5,27.75,No,0
Bronze,SOHO,6300,6,,,6,80.83,0.0,80.83,13.47,No,0
Bronze,SOHO,4023,5,,,5,40.0,0.0,40.0,8.0,No,0
Bronze,SOHO,4013,1,,,1,40.0,0.0,40.0,40.0,No,0
Bronze,SOHO,4000,4,,,4,40.0,0.0,40.0,10.0,No,0
Bronze,SOHO,4000,3,,,3,40.0,0.0,40.0,13.33,No,0
Bronze,SOHO,4500,2,,,2,40.0,0.0,40.0,20.0,No,0
Bronze,SOHO,4003,2,,,2,40.0,0.0,40.0,20.0,No,0
Bronze,SOHO,4000,2,3.0,,5,40.17,0.0,40.17,20.09,Yes,1
Bronze,SOHO,4000,1,4.0,,5,40.17,0.0,40.17,40.17,No,0
Bronze,SOHO,4990,3,5.0,,8,40.17,0.0,40.17,13.39,No,0
Bronze,SOHO,4023,2,,,2,40.17,0.0,40.17,20.09,No,0
Bronze,SOHO,4220,5,,,5,40.17,0.0,40.17,8.03,No,0
Bronze,SOHO,4000,5,,,5,40.17,0.0,40.17,8.03,No,0
Bronze,SOHO,4000,2,3.0,,5,40.17,0.0,40.17,20.09,No,0
Bronze,SOHO,4230,2,1.0,,3,40.17,0.0,40.17,20.09,No,0
Bronze,SOHO,4020,4,1.0,,5,40.33,0.0,40.33,10.08,No,0
Bronze,SOHO,4400,2,1.0,,3,40.33,0.0,40.33,20.17,No,0
Bronze,SOHO,4230,3,6.0,,9,40.33,0.0,40.33,13.44,No,0
Bronze,SOHO,4220,3,1.0,,4,40.33,0.0,40.33,13.44,No,0
Bronze,SOHO,4230,1,1.0,,2,40.33,0.0,40.33,40.33,No,0
Bronze,SOHO,4400,3,1.0,,4,40.5,0.0,40.5,13.5,No,0
Bronze,SOHO,4141,2,,,2,40.67,0.0,40.67,20.34,No,0
Bronze,SOHO,4400,2,,,2,40.67,0.0,40.67,20.34,No,0
Bronze,SOHO,4700,1,,,1,40.67,0.0,40.67,40.67,No,0
Bronze,SOHO,4400,2,3.0,,5,40.67,0.0,40.67,20.34,No,0
Bronze,SOHO,4000,2,2.0,,4,40.67,0.0,40.67,20.34,No,0
Bronze,SOHO,4001,4,1.0,,5,40.67,0.0,40.67,10.17,No,0
Bronze,SOHO,4000,2,,,2,40.67,0.0,40.67,20.34,No,0
Bronze,SOHO,4700,2,2.0,,4,40.67,0.0,40.67,20.34,No,0
Bronze,SOHO,4980,2,3.0,1.0,6,40.67,0.0,40.67,20.34,No,0
Bronze,SOHO,4002,2,3.0,,5,40.67,0.0,40.67,20.34,No,0
Bronze,SOHO,4700,3,1.0,,4,40.67,0.0,40.67,13.56,No,0
Bronze,SOHO,4003,2,1.0,,3,40.83,0.0,40.83,20.42,No,0
Bronze,SOHO,4349,2,1.0,,3,40.83,0.0,40.83,20.42,No,0
Bronze,SOHO,4230,2,1.0,,3,40.83,0.0,40.83,20.42,No,0
Bronze,SOHO,4700,2,2.0,,4,40.83,0.0,40.83,20.42,No,0
Bronze,SOHO,4400,2,,,2,40.83,0.0,40.83,20.42,No,0
Bronze,SOHO,4230,2,,,2,40.83,0.0,40.83,20.42,No,0
Bronze,SOHO,4101,1,1.0,,2,40.83,0.0,40.83,40.83,No,0
Bronze,SOHO,4000,2,,,2,40.83,0.0,40.83,20.42,No,0
Bronze,Other,4400,1,1.0,,2,41.0,0.0,41.0,41.0,No,0
Bronze,SOHO,4000,6,,,6,41.0,0.0,41.0,6.83,No,0
Bronze,SOHO,4000,2,1.0,,3,41.0,0.0,41.0,20.5,No,0
Bronze,SOHO,4000,2,,,2,41.0,0.0,41.0,20.5,No,0
Bronze,SOHO,4150,5,,,5,41.0,0.0,41.0,8.2,No,0
Bronze,SOHO,4330,3,2.0,,5,41.0,0.0,41.0,13.67,Yes,1
Bronze,SOHO,4400,3,1.0,,4,41.0,0.0,41.0,13.67,No,0
Bronze,SOHO,4400,2,2.0,,4,41.0,0.0,41.0,20.5,No,0
Bronze,SOHO,4249,1,,,1,41.17,0.0,41.17,41.17,No,0
Bronze,SOHO,4225,3,,,3,41.17,0.0,41.17,13.72,No,0
Bronze,SOHO,4400,1,,,1,41.17,0.0,41.17,41.17,No,0
Bronze,SOHO,4230,5,,,5,41.17,0.0,41.17,8.23,No,0
Bronze,SOHO,4000,3,4.0,,7,41.17,0.0,41.17,13.72,No,0
Bronze,SOHO,4980,2,,,2,41.17,0.0,41.17,20.59,No,0
Bronze,SOHO,4000,4,,,4,41.17,0.0,41.17,10.29,No,0
Bronze,SOHO,4004,4,2.0,,6,41.17,0.0,41.17,10.29,No,0
Bronze,SOHO,4004,2,,,2,41.33,0.0,41.33,20.67,No,0
Bronze,SOHO,4016,3,,,3,41.33,0.0,41.33,13.78,No,0
Bronze,SOHO,4208,2,,,2,41.33,0.0,41.33,20.67,No,0
Bronze,SOHO,4400,4,1.0,,5,41.33,0.0,41.33,10.33,No,0
Bronze,SOHO,4150,2,,,2,41.33,0.0,41.33,20.67,No,0
Bronze,SOHO,4000,5,2.0,,7,41.33,0.0,41.33,8.27,No,0
Bronze,SOHO,4000,3,,,3,41.5,0.0,41.5,13.83,No,0
Bronze,SOHO,4017,2,,,2,41.5,0.0,41.5,20.75,No,0
Bronze,SOHO,4004,4,,,4,41.5,0.0,41.5,10.38,No,0
Bronze,SOHO,4701,4,,,4,41.5,0.0,41.5,10.38,No,0
Bronze,SOHO,4000,5,,,5,41.5,0.0,41.5,8.3,No,0
Bronze,SOHO,4579,2,,,2,41.5,0.0,41.5,20.75,No,0
Bronze,SOHO,4960,3,1.0,,4,41.5,0.0,41.5,13.83,No,0
Bronze,SOHO,4000,2,1.0,,3,41.5,0.0,41.5,20.75,No,0
Bronze,SOHO,4490,4,,,4,41.5,0.0,41.5,10.38,No,0
Bronze,SOHO,4700,3,,,3,41.67,0.0,41.67,13.89,No,0
Bronze,SOHO,4000,2,,,2,41.67,0.0,41.67,20.84,No,0
Bronze,SOHO,4230,2,,,2,41.83,0.0,41.83,20.92,No,0
Bronze,SOHO,4300,3,1.0,,4,41.83,0.0,41.83,13.94,No,0
Bronze,SOHO,4000,2,1.0,,3,41.83,0.0,41.83,20.92,No,0
Bronze,SOHO,4006,1,,,1,41.83,0.0,41.83,41.83,No,0
Bronze,SOHO,4500,2,6.0,,8,41.83,0.0,41.83,20.92,No,0
Bronze,SOHO,4400,2,,,2,41.83,0.0,41.83,20.92,No,0
Bronze,SOHO,4270,1,,,1,41.83,0.0,41.83,41.83,No,0
Bronze,SOHO,4550,2,4.0,,6,42.0,0.0,42.0,21.0,No,0
Bronze,SOHO,4400,4,1.0,,5,42.0,0.0,42.0,10.5,No,0
Bronze,SOHO,4000,1,,,1,42.0,0.0,42.0,42.0,No,0
Bronze,SOHO,4023,1,,,1,42.0,0.0,42.0,42.0,No,0
Bronze,SOHO,4230,5,,,5,42.17,0.0,42.17,8.43,No,0
Bronze,SOHO,4002,6,1.0,,7,42.17,0.0,42.17,7.03,No,0
Bronze,SOHO,4770,2,,,2,42.17,0.0,42.17,21.09,No,0
Bronze,SOHO,4700,3,,,3,42.17,0.0,42.17,14.06,Yes,1
Bronze,SOHO,4850,2,,,2,42.33,0.0,42.33,21.17,No,0
Bronze,SOHO,4400,4,,,4,42.33,0.0,42.33,10.58,No,0
Bronze,SOHO,4000,3,2.0,,5,42.33,0.0,42.33,14.11,No,0
Bronze,SOHO,4002,2,,,2,42.33,0.0,42.33,21.17,No,0
Bronze,SOHO,4210,2,5.0,,7,42.33,0.0,42.33,21.17,No,0
Bronze,SOHO,4441,2,,,2,42.5,0.0,42.5,21.25,No,0
Bronze,SOHO,4400,3,,,3,42.5,0.0,42.5,14.17,No,0
Bronze,SOHO,4002,2,,,2,42.5,0.0,42.5,21.25,No,0
Bronze,SOHO,4241,2,,,2,42.5,0.0,42.5,21.25,No,0
Bronze,SOHO,4150,5,,,5,42.5,0.0,42.5,8.5,No,0
Bronze,SOHO,4300,2,,,2,42.5,0.0,42.5,21.25,No,0
Bronze,SOHO,4004,2,,,2,42.67,0.0,42.67,21.34,No,0
Bronze,SOHO,4404,2,1.0,,3,42.67,0.0,42.67,21.34,No,0
Bronze,SOHO,4180,5,,,5,42.67,0.0,42.67,8.53,No,0
Bronze,SOHO,4743,2,,,2,42.67,0.0,42.67,21.34,No,0
Bronze,SOHO,4000,1,1.0,,2,42.67,0.0,42.67,42.67,Yes,1
Bronze,SOHO,4190,3,3.0,,6,42.67,0.0,42.67,14.22,No,0
Bronze,SOHO,4700,3,,,3,42.83,0.0,42.83,14.28,No,0
Bronze,SOHO,4600,2,,,2,42.83,0.0,42.83,21.42,No,0
Bronze,SOHO,4262,6,,,6,42.83,0.0,42.83,7.14,No,0
Bronze,SOHO,4000,3,1.0,,4,43.0,0.0,43.0,14.33,No,0
Bronze,SOHO,4980,2,,,2,43.0,0.0,43.0,21.5,No,0
Bronze,SOHO,4000,2,,,2,43.0,0.0,43.0,21.5,No,0
Bronze,SOHO,4000,1,,,1,43.0,0.0,43.0,43.0,No,0
Bronze,SOHO,4000,1,1.0,,2,43.0,0.0,43.0,43.0,No,0
Bronze,SOHO,4000,2,,,2,43.17,0.0,43.17,21.59,No,0
Bronze,SOHO,4023,4,,,4,43.17,0.0,43.17,10.79,No,0
Bronze,SOHO,4004,4,1.0,,5,43.17,0.0,43.17,10.79,No,0
Bronze,SOHO,4700,2,1.0,,3,43.17,0.0,43.17,21.59,No,0
Bronze,SOHO,4224,5,,,5,43.17,0.0,43.17,8.63,No,0
Bronze,SOHO,4640,2,,,2,43.33,0.0,43.33,21.67,No,0
Bronze,SOHO,4000,4,,,4,43.33,0.0,43.33,10.83,No,0
Bronze,SOHO,4000,3,,,3,43.33,0.0,43.33,14.44,No,0
Bronze,SOHO,4700,2,1.0,,3,43.33,0.0,43.33,21.67,No,0
Bronze,SOHO,4270,4,2.0,,6,43.33,0.0,43.33,10.83,No,0
Bronze,SOHO,4550,5,,,5,43.33,0.0,43.33,8.67,No,0
Bronze,SOHO,4004,1,1.0,,2,43.33,0.0,43.33,43.33,No,0
Bronze,SOHO,4000,6,,,6,43.33,0.0,43.33,7.22,No,0
Bronze,SOHO,4400,1,,,1,43.33,0.0,43.33,43.33,No,0
Bronze,SOHO,4241,3,,,3,43.5,0.0,43.5,14.5,No,0
Bronze,SOHO,4000,3,3.0,,6,43.5,0.0,43.5,14.5,No,0
Bronze,SOHO,4004,4,,,4,43.5,0.0,43.5,10.88,No,0
Bronze,SOHO,4000,5,1.0,,6,43.5,0.0,43.5,8.7,No,0
Bronze,SOHO,4000,1,,,1,43.5,0.0,43.5,43.5,No,0
Bronze,SOHO,4000,3,1.0,,4,43.5,0.0,43.5,14.5,No,0
Bronze,SOHO,4000,5,,,5,43.5,0.0,43.5,8.7,No,0
Bronze,SOHO,4000,2,,,2,43.67,0.0,43.67,21.84,No,0
Bronze,SOHO,4000,1,2.0,,3,43.67,0.0,43.67,43.67,No,0
Bronze,SOHO,4980,1,3.0,,4,43.67,0.0,43.67,43.67,No,0
Bronze,SOHO,4000,3,,,3,43.83,0.0,43.83,14.61,No,0
Bronze,SOHO,4000,2,1.0,,3,43.83,0.0,43.83,21.92,No,0
Bronze,SOHO,4003,4,1.0,,5,43.83,0.0,43.83,10.96,No,0
Bronze,SOHO,4850,3,,,3,43.83,0.0,43.83,14.61,No,0
Bronze,SOHO,4270,2,,,2,44.0,0.0,44.0,22.0,No,0
Bronze,SOHO,4023,7,,,7,44.0,0.0,44.0,6.29,No,0
Bronze,SOHO,4000,5,5.0,,10,44.0,0.0,44.0,8.8,No,0
Bronze,SOHO,4000,2,1.0,,3,44.0,0.0,44.0,22.0,No,0
Bronze,SOHO,4400,4,,,4,44.0,0.0,44.0,11.0,No,0
Bronze,SOHO,4700,3,,,3,44.0,0.0,44.0,14.67,No,0
Bronze,SOHO,4003,2,,,2,44.0,0.0,44.0,22.0,No,0
Bronze,SOHO,4230,5,,,5,44.0,0.0,44.0,8.8,No,0
Bronze,SOHO,4000,1,,,1,44.0,0.0,44.0,44.0,No,0
Bronze,SOHO,4003,2,2.0,,4,44.17,0.0,44.17,22.09,No,0
Bronze,SOHO,4980,4,,,4,44.17,0.0,44.17,11.04,No,0
Bronze,SOHO,4000,3,1.0,,4,44.17,0.0,44.17,14.72,No,0
Bronze,SOHO,4003,1,1.0,,2,44.17,0.0,44.17,44.17,Yes,1
Bronze,SOHO,4220,4,1.0,,5,44.17,0.0,44.17,11.04,No,0
Bronze,SOHO,4000,2,,,2,44.33,0.0,44.33,22.17,No,0
Bronze,SOHO,4230,3,10.0,,13,44.33,0.0,44.33,14.78,No,0
Bronze,SOHO,4023,2,,,2,44.33,0.0,44.33,22.17,No,0
Bronze,SOHO,4000,2,1.0,,3,44.33,0.0,44.33,22.17,No,0
Bronze,SOHO,4000,4,,,4,44.5,0.0,44.5,11.13,No,0
Bronze,SOHO,4702,4,1.0,,5,44.5,0.0,44.5,11.13,No,0
Bronze,SOHO,4003,4,1.0,,5,44.5,0.0,44.5,11.13,No,0
Bronze,SOHO,4006,2,,,2,44.5,0.0,44.5,22.25,No,0
Bronze,SOHO,4004,1,,,1,44.5,0.0,44.5,44.5,No,0
Bronze,SOHO,4600,5,,,5,44.67,0.0,44.67,8.93,No,0
Bronze,SOHO,4000,2,,,2,44.67,0.0,44.67,22.34,No,0
Bronze,SOHO,4210,2,1.0,,3,44.67,0.0,44.67,22.34,Yes,1
Bronze,SOHO,4000,5,1.0,,6,44.67,0.0,44.67,8.93,No,0
Bronze,SOHO,4003,4,,,4,44.67,0.0,44.67,11.17,No,0
Bronze,SOHO,4000,5,,,5,44.67,0.0,44.67,8.93,No,0
Bronze,SOHO,4002,2,1.0,,3,44.83,0.0,44.83,22.42,No,0
Bronze,SOHO,4003,3,2.0,,5,44.83,0.0,44.83,14.94,No,0
Bronze,SOHO,4400,2,,,2,44.83,0.0,44.83,22.42,No,0
Bronze,SOHO,4000,3,,,3,44.83,0.0,44.83,14.94,No,0
Bronze,SOHO,4190,3,1.0,,4,44.83,0.0,44.83,14.94,No,0
Bronze,SOHO,4700,3,,,3,44.83,0.0,44.83,14.94,No,0
Bronze,SOHO,4300,2,1.0,,3,45.0,0.0,45.0,22.5,No,0
Bronze,SOHO,4003,2,4.0,,6,45.0,0.0,45.0,22.5,No,0
Bronze,SOHO,4023,3,,,3,45.0,0.0,45.0,15.0,No,0
Bronze,SOHO,4000,1,,,1,45.0,0.0,45.0,45.0,No,0
Bronze,SOHO,4000,2,2.0,,4,45.17,0.0,45.17,22.59,No,0
Bronze,SOHO,4300,2,,,2,45.17,0.0,45.17,22.59,No,0
Bronze,SOHO,4302,5,,,5,45.17,0.0,45.17,9.03,No,0
Bronze,SOHO,4000,3,1.0,,4,45.17,0.0,45.17,15.06,No,0
Bronze,SOHO,4002,3,1.0,,4,45.17,0.0,45.17,15.06,No,0
Bronze,SOHO,4000,3,1.0,,4,45.17,0.0,45.17,15.06,No,0
Bronze,SOHO,4000,4,,,4,45.33,0.0,45.33,11.33,No,0
Bronze,SOHO,4023,3,2.0,,5,45.33,0.0,45.33,15.11,No,0
Bronze,SOHO,4300,5,,,5,45.33,0.0,45.33,9.07,No,0
Bronze,SOHO,4000,5,5.0,,10,45.5,0.0,45.5,9.1,No,0
Bronze,SOHO,4000,3,3.0,,6,45.5,0.0,45.5,15.17,No,0
Bronze,SOHO,4230,2,,,2,45.5,0.0,45.5,22.75,No,0
Bronze,SOHO,4030,4,,,4,45.67,0.0,45.67,11.42,No,0
Bronze,SOHO,4700,1,1.0,,2,45.67,0.0,45.67,45.67,No,0
Bronze,SOHO,4300,2,1.0,,3,45.67,0.0,45.67,22.84,No,0
Bronze,SOHO,4190,3,,,3,45.67,0.0,45.67,15.22,No,0
Bronze,SOHO,4023,3,,,3,45.67,0.0,45.67,15.22,No,0
Bronze,SOHO,4004,3,,,3,45.83,0.0,45.83,15.28,No,0
Bronze,SOHO,4023,3,2.0,,5,45.83,0.0,45.83,15.28,No,0
Bronze,SOHO,4470,5,,,5,45.83,0.0,45.83,9.17,No,0
Bronze,SOHO,4000,2,1.0,,3,45.83,0.0,45.83,22.92,No,0
Bronze,SOHO,4500,5,,,5,45.83,0.0,45.83,9.17,No,0
Bronze,SOHO,4027,2,4.0,,6,45.83,0.0,45.83,22.92,No,0
Bronze,SOHO,4330,3,1.0,,4,45.83,0.0,45.83,15.28,No,0
Bronze,SOHO,4270,1,1.0,,2,45.83,0.0,45.83,45.83,No,0
Bronze,SOHO,4000,4,,,4,45.83,0.0,45.83,11.46,No,0
Bronze,SOHO,4002,2,,,2,45.83,0.0,45.83,22.92,No,0
Bronze,SOHO,4701,3,4.0,,7,46.0,0.0,46.0,15.33,Yes,1
Bronze,SOHO,4000,2,,,2,46.0,0.0,46.0,23.0,No,0
Bronze,SOHO,4006,2,2.0,,4,46.0,0.0,46.0,23.0,No,0
Bronze,SOHO,4023,4,,,4,46.17,0.0,46.17,11.54,No,0
Bronze,SOHO,4002,2,,,2,46.17,0.0,46.17,23.09,No,0
Bronze,SOHO,4004,5,,,5,46.17,0.0,46.17,9.23,No,0
Bronze,SOHO,4492,1,,,1,46.17,0.0,46.17,46.17,No,0
Bronze,SOHO,4337,1,1.0,,2,46.33,0.0,46.33,46.33,No,0
Bronze,SOHO,4000,2,1.0,,3,46.33,0.0,46.33,23.17,No,0
Bronze,SOHO,4330,3,,,3,46.33,0.0,46.33,15.44,No,0
Bronze,SOHO,4000,2,3.0,,5,46.33,0.0,46.33,23.17,No,0
Bronze,SOHO,4002,3,,,3,46.33,0.0,46.33,15.44,No,0
Bronze,SOHO,4251,2,2.0,,4,46.33,0.0,46.33,23.17,No,0
Bronze,SOHO,4400,3,3.0,,6,46.5,0.0,46.5,15.5,No,0
Bronze,SOHO,4020,3,,,3,46.5,0.0,46.5,15.5,No,0
Bronze,SOHO,4469,3,4.0,,7,46.5,0.0,46.5,15.5,No,0
Bronze,SOHO,4190,2,1.0,,3,46.5,0.0,46.5,23.25,No,0
Bronze,SOHO,4004,2,,,2,46.5,0.0,46.5,23.25,No,0
Bronze,SOHO,4003,5,1.0,,6,46.5,0.0,46.5,9.3,No,0
Bronze,SOHO,4101,2,,,2,46.5,0.0,46.5,23.25,No,0
Bronze,Other,4000,5,1.0,,6,46.67,0.0,46.67,9.33,No,0
Bronze,SOHO,4002,5,,,5,46.67,0.0,46.67,9.33,No,0
Bronze,SOHO,4147,2,,,2,46.67,0.0,46.67,23.34,No,0
Bronze,SOHO,4700,1,1.0,,2,46.67,0.0,46.67,46.67,No,0
Bronze,SOHO,4600,2,2.0,,4,46.67,0.0,46.67,23.34,No,0
Bronze,SOHO,4000,1,1.0,,2,46.83,0.0,46.83,46.83,No,0
Bronze,SOHO,4003,2,1.0,,3,46.83,0.0,46.83,23.42,No,0
Bronze,SOHO,4023,2,,,2,46.83,0.0,46.83,23.42,No,0
Bronze,SOHO,4630,2,,,2,46.83,0.0,46.83,23.42,Yes,1
Bronze,SOHO,4500,1,2.0,,3,46.83,0.0,46.83,46.83,Yes,1
Bronze,SOHO,4000,3,,,3,46.83,0.0,46.83,15.61,No,0
Bronze,SOHO,4003,2,1.0,,3,47.0,0.0,47.0,23.5,No,0
Bronze,SOHO,4225,6,1.0,,7,47.0,0.0,47.0,7.83,No,0
Bronze,SOHO,4538,2,,,2,47.0,0.0,47.0,23.5,No,0
Bronze,SOHO,4411,3,,,3,47.17,0.0,47.17,15.72,No,0
Bronze,SOHO,4000,4,,,4,47.17,0.0,47.17,11.79,No,0
Bronze,SOHO,4700,3,3.0,,6,47.17,0.0,47.17,15.72,Yes,1
Bronze,Other,4990,1,,,1,47.17,0.0,47.17,47.17,No,0
Bronze,SOHO,4000,3,,,3,47.17,0.0,47.17,15.72,No,0
Bronze,SOHO,4000,5,,,5,47.17,0.0,47.17,9.43,No,0
Bronze,SOHO,4000,2,,,2,47.17,0.0,47.17,23.59,No,0
Bronze,SOHO,4000,3,2.0,,5,47.17,0.0,47.17,15.72,No,0
Bronze,SOHO,4101,3,,,3,47.33,0.0,47.33,15.78,Yes,1
Bronze,SOHO,4000,4,2.0,,6,47.33,0.0,47.33,11.83,No,0
Bronze,SOHO,4230,5,,,5,47.33,0.0,47.33,9.47,No,0
Bronze,SOHO,4003,2,3.0,,5,47.33,0.0,47.33,23.67,No,0
Bronze,SOHO,4000,4,,,4,47.33,0.0,47.33,11.83,No,0
Bronze,SOHO,4000,6,2.0,,8,47.33,0.0,47.33,7.89,No,0
Bronze,SOHO,4230,5,,,5,47.33,0.0,47.33,9.47,Yes,1
Bronze,SOHO,4700,3,1.0,,4,47.33,0.0,47.33,15.78,No,0
Bronze,SOHO,4700,5,2.0,,7,47.5,0.0,47.5,9.5,No,0
Bronze,SOHO,4023,1,1.0,,2,47.67,0.0,47.67,47.67,No,0
Bronze,SOHO,4000,5,,,5,47.67,0.0,47.67,9.53,No,0
Bronze,SOHO,4700,4,1.0,,5,47.67,0.0,47.67,11.92,Yes,1
Bronze,SOHO,4230,2,,,2,47.67,0.0,47.67,23.84,No,0
Bronze,SOHO,4000,6,,,6,47.67,0.0,47.67,7.95,No,0
Bronze,SOHO,4003,2,,,2,47.67,0.0,47.67,23.84,No,0
Bronze,SOHO,4020,5,,,5,47.83,0.0,47.83,9.57,No,0
Bronze,SOHO,4001,2,1.0,,3,47.83,0.0,47.83,23.92,No,0
Bronze,SOHO,4000,3,,,3,47.83,0.0,47.83,15.94,No,0
Bronze,SOHO,4980,2,1.0,,3,47.83,0.0,47.83,23.92,No,0
Bronze,SOHO,4330,1,,,1,47.83,0.0,47.83,47.83,No,0
Bronze,SOHO,4000,1,,,1,48.0,0.0,48.0,48.0,No,0
Bronze,SOHO,4223,3,,,3,48.0,0.0,48.0,16.0,No,0
Bronze,SOHO,4700,2,,,2,48.17,0.0,48.17,24.09,No,0
Bronze,SOHO,4000,1,,,1,48.17,0.0,48.17,48.17,No,0
Bronze,SOHO,4700,2,,,2,48.33,0.0,48.33,24.17,No,0
Bronze,SOHO,4400,1,,,1,48.33,0.0,48.33,48.33,No,0
Bronze,SOHO,4270,3,,,3,48.33,0.0,48.33,16.11,No,0
Bronze,SOHO,4000,2,5.0,,7,48.33,0.0,48.33,24.17,No,0
Bronze,SOHO,4002,3,,,3,48.33,0.0,48.33,16.11,No,0
Bronze,SOHO,4000,3,,,3,48.33,0.0,48.33,16.11,No,0
Bronze,SOHO,4450,4,,,4,48.5,0.0,48.5,12.13,No,0
Bronze,SOHO,4000,3,1.0,,4,48.5,0.0,48.5,16.17,No,0
Bronze,SOHO,4002,4,2.0,,6,48.5,0.0,48.5,12.13,No,0
Bronze,SOHO,4000,3,3.0,,6,48.5,0.0,48.5,16.17,No,0
Bronze,SOHO,4230,3,1.0,,4,48.5,0.0,48.5,16.17,No,0
Bronze,SOHO,4198,4,,,4,48.67,0.0,48.67,12.17,No,0
Bronze,SOHO,4474,2,1.0,,3,48.67,0.0,48.67,24.34,No,0
Bronze,SOHO,4220,1,1.0,,2,48.67,0.0,48.67,48.67,No,0
Bronze,SOHO,4985,2,3.0,,5,48.67,0.0,48.67,24.34,No,0
Bronze,SOHO,4190,4,,,4,48.67,0.0,48.67,12.17,No,0
Bronze,SOHO,4700,2,,,2,48.67,0.0,48.67,24.34,No,0
Bronze,SOHO,4003,2,1.0,,3,48.83,0.0,48.83,24.42,No,0
Bronze,SOHO,4407,5,1.0,,6,48.83,0.0,48.83,9.77,No,0
Bronze,SOHO,4400,3,,,3,48.83,0.0,48.83,16.28,No,0
Bronze,SOHO,4600,3,1.0,,4,48.83,0.0,48.83,16.28,No,0
Bronze,SOHO,4000,2,2.0,,4,48.83,0.0,48.83,24.42,No,0
Bronze,SOHO,4003,3,1.0,,4,48.83,0.0,48.83,16.28,No,0
Bronze,SOHO,4000,4,,,4,49.0,0.0,49.0,12.25,No,0
Bronze,SOHO,4000,5,,,5,49.0,0.0,49.0,9.8,No,0
Bronze,SOHO,4500,2,,,2,49.0,0.0,49.0,24.5,No,0
Bronze,SOHO,4230,3,,,3,49.0,0.0,49.0,16.33,No,0
Bronze,SOHO,4004,3,4.0,,7,49.0,0.0,49.0,16.33,No,0
Bronze,SOHO,4228,2,,,2,49.0,0.0,49.0,24.5,No,0
Bronze,SOHO,4700,1,,,1,49.17,0.0,49.17,49.17,No,0
Bronze,SOHO,4270,3,,,3,49.17,0.0,49.17,16.39,Yes,1
Bronze,SOHO,4003,2,,,2,49.17,0.0,49.17,24.59,No,0
Bronze,SOHO,4016,1,,,1,49.17,0.0,49.17,49.17,No,0
Bronze,SOHO,4191,1,,,1,49.17,0.0,49.17,49.17,No,0
Bronze,SOHO,4000,1,7.0,,8,49.17,0.0,49.17,49.17,No,0
Bronze,SOHO,4700,3,1.0,,4,49.33,0.0,49.33,16.44,Yes,1
Bronze,SOHO,4000,2,,,2,49.33,0.0,49.33,24.67,No,0
Bronze,SOHO,4400,6,,,6,49.33,0.0,49.33,8.22,No,0
Bronze,SOHO,4003,3,,,3,49.33,0.0,49.33,16.44,No,0
Bronze,SOHO,4000,1,,,1,49.33,0.0,49.33,49.33,No,0
Bronze,SOHO,4004,2,,,2,49.33,0.0,49.33,24.67,No,0
Bronze,SOHO,4700,3,1.0,,4,49.33,0.0,49.33,16.44,No,0
Bronze,SOHO,4000,1,,,1,49.33,0.0,49.33,49.33,No,0
Bronze,SOHO,4500,4,,,4,49.33,0.0,49.33,12.33,No,0
Bronze,SOHO,4131,1,,,1,49.33,0.0,49.33,49.33,No,0
Bronze,SOHO,4004,3,,,3,49.33,0.0,49.33,16.44,No,0
Bronze,SOHO,4500,2,,,2,49.33,0.0,49.33,24.67,No,0
Bronze,SOHO,4000,2,1.0,,3,49.33,0.0,49.33,24.67,No,0
Bronze,SOHO,4400,2,,,2,49.5,0.0,49.5,24.75,No,0
Bronze,SOHO,4824,2,,,2,49.5,0.0,49.5,24.75,No,0
Bronze,SOHO,4000,2,,,2,49.5,0.0,49.5,24.75,No,0
Bronze,SOHO,4700,2,,,2,49.67,0.0,49.67,24.84,No,0
Bronze,SOHO,4000,3,1.0,,4,49.67,0.0,49.67,16.56,No,0
Bronze,SOHO,4002,1,,,1,49.83,0.0,49.83,49.83,No,0
Bronze,SOHO,4004,2,1.0,,3,49.83,0.0,49.83,24.92,No,0
Bronze,SOHO,4002,3,5.0,,8,49.83,0.0,49.83,16.61,No,0
Bronze,SOHO,4003,5,,,5,49.83,0.0,49.83,9.97,No,0
Bronze,SOHO,4000,2,,,2,49.83,0.0,49.83,24.92,No,0
Bronze,SOHO,4000,5,,,5,49.83,0.0,49.83,9.97,No,0
Bronze,SOHO,4428,1,,1.0,2,50.0,0.0,50.0,50.0,No,0
Bronze,SOHO,4000,7,,,7,50.0,0.0,50.0,7.14,No,0
Bronze,SOHO,4130,4,,,4,50.0,0.0,50.0,12.5,No,0
Bronze,SOHO,4003,3,,,3,50.0,0.0,50.0,16.67,No,0
Bronze,SOHO,4270,3,,,3,50.0,0.0,50.0,16.67,No,0
Bronze,SOHO,4942,2,,,2,50.17,0.0,50.17,25.09,No,0
Bronze,SOHO,4270,3,2.0,,5,50.17,0.0,50.17,16.72,No,0
Bronze,SOHO,4270,3,,,3,50.17,0.0,50.17,16.72,No,0
Bronze,SOHO,4000,5,,,5,50.33,0.0,50.33,10.07,No,0
Bronze,SOHO,4023,6,,,6,50.33,0.0,50.33,8.39,No,0
Bronze,SOHO,4000,2,,,2,50.33,0.0,50.33,25.17,No,0
Bronze,SOHO,4003,2,3.0,,5,50.33,0.0,50.33,25.17,No,0
Bronze,SOHO,4000,4,,,4,50.33,0.0,50.33,12.58,No,0
Bronze,SOHO,4000,5,1.0,,6,50.33,0.0,50.33,10.07,No,0
Bronze,SOHO,4400,2,,,2,50.33,0.0,50.33,25.17,No,0
Bronze,SOHO,4002,3,2.0,,5,50.5,0.0,50.5,16.83,No,0
Bronze,SOHO,4003,2,,,2,50.5,0.0,50.5,25.25,No,0
Bronze,SOHO,4003,1,1.0,,2,50.5,0.0,50.5,50.5,No,0
Bronze,SOHO,4600,2,,,2,50.5,0.0,50.5,25.25,No,0
Bronze,SOHO,4703,3,,,3,50.67,0.0,50.67,16.89,No,0
Bronze,SOHO,4107,3,,,3,50.67,0.0,50.67,16.89,No,0
Bronze,SOHO,4130,2,1.0,,3,50.67,0.0,50.67,25.34,No,0
Bronze,SOHO,4230,3,2.0,,5,50.67,0.0,50.67,16.89,Yes,1
Bronze,SOHO,4000,5,,,5,50.83,0.0,50.83,10.17,Yes,1
Bronze,SOHO,4230,2,1.0,,3,50.83,0.0,50.83,25.42,No,0
Bronze,SOHO,4002,6,2.0,,8,50.83,0.0,50.83,8.47,Yes,1
Bronze,SOHO,4000,2,,,2,50.83,0.0,50.83,25.42,No,0
Bronze,SOHO,4004,2,2.0,,4,50.83,0.0,50.83,25.42,No,0
Bronze,SOHO,4000,5,1.0,,6,51.0,0.0,51.0,10.2,No,0
Bronze,SOHO,4300,3,3.0,,6,51.0,0.0,51.0,17.0,No,0
Bronze,SOHO,4231,5,1.0,,6,51.0,0.0,51.0,10.2,No,0
Bronze,SOHO,4000,5,,,5,51.0,0.0,51.0,10.2,No,0
Bronze,SOHO,4003,2,2.0,,4,51.0,0.0,51.0,25.5,Yes,1
Bronze,SOHO,4004,3,2.0,,5,51.0,0.0,51.0,17.0,No,0
Bronze,SOHO,4230,2,3.0,,5,51.0,0.0,51.0,25.5,No,0
Bronze,SOHO,4270,5,,,5,51.0,0.0,51.0,10.2,No,0
Bronze,SOHO,4400,3,,,3,51.0,0.0,51.0,17.0,No,0
Bronze,SOHO,4000,2,,,2,51.0,0.0,51.0,25.5,No,0
Bronze,SOHO,4300,4,,,4,51.17,0.0,51.17,12.79,No,0
Bronze,SOHO,4004,3,,,3,51.17,0.0,51.17,17.06,No,0
Bronze,SOHO,4579,2,1.0,,3,51.17,0.0,51.17,25.59,No,0
Bronze,SOHO,4701,4,2.0,,6,51.17,0.0,51.17,12.79,Yes,1
Bronze,VSE,4108,4,,,4,51.17,0.0,51.17,12.79,No,0
Bronze,SOHO,4002,6,2.0,,8,51.17,0.0,51.17,8.53,No,0
Bronze,SOHO,4003,2,,,2,51.17,0.0,51.17,25.59,No,0
Bronze,SOHO,4002,6,1.0,,7,51.33,0.0,51.33,8.56,No,0
Bronze,SOHO,4407,3,,,3,51.33,0.0,51.33,17.11,No,0
Bronze,SOHO,4004,5,1.0,,6,51.33,0.0,51.33,10.27,Yes,1
Bronze,SOHO,4000,5,,,5,51.33,0.0,51.33,10.27,No,0
Bronze,SOHO,4023,2,1.0,,3,51.33,0.0,51.33,25.67,No,0
Bronze,SOHO,4700,2,,,2,51.33,0.0,51.33,25.67,No,0
Bronze,SOHO,4004,1,,,1,51.33,0.0,51.33,51.33,No,0
Bronze,SOHO,4300,2,,,2,51.33,0.0,51.33,25.67,No,0
Bronze,SOHO,4000,1,,,1,51.33,0.0,51.33,51.33,Yes,1
Bronze,SOHO,4108,1,1.0,1.0,3,51.5,0.0,51.5,51.5,No,0
Bronze,SOHO,4004,5,,,5,51.5,0.0,51.5,10.3,No,0
Bronze,SOHO,4400,3,,,3,51.5,0.0,51.5,17.17,No,0
Bronze,SOHO,4000,2,,,2,51.5,0.0,51.5,25.75,No,0
Bronze,SOHO,4000,4,,,4,51.5,0.0,51.5,12.88,No,0
Bronze,SOHO,4700,1,7.0,,8,51.67,0.0,51.67,51.67,No,0
Bronze,Other,4000,4,,,4,51.67,0.0,51.67,12.92,No,0
Bronze,SOHO,4000,3,,,3,51.67,0.0,51.67,17.22,No,0
Bronze,SOHO,4300,5,1.0,,6,51.83,0.0,51.83,10.37,No,0
Bronze,SOHO,4210,1,2.0,,3,51.83,0.0,51.83,51.83,No,0
Bronze,SOHO,4003,1,2.0,,3,51.83,0.0,51.83,51.83,Yes,1
Bronze,SOHO,4023,2,,,2,51.83,0.0,51.83,25.92,No,0
Bronze,SOHO,4409,4,2.0,,6,52.0,0.0,52.0,13.0,No,0
Bronze,SOHO,4000,5,11.0,,16,52.0,0.0,52.0,10.4,No,0
Bronze,SOHO,4980,5,,,5,52.0,0.0,52.0,10.4,No,0
Bronze,SOHO,4000,3,,,3,52.0,0.0,52.0,17.33,No,0
Bronze,SOHO,4270,5,,,5,52.0,0.0,52.0,10.4,No,0
Bronze,SOHO,4000,3,2.0,,5,52.0,0.0,52.0,17.33,No,0
Bronze,SOHO,4360,1,,,1,52.17,0.0,52.17,52.17,No,0
Bronze,SOHO,4000,1,,,1,52.17,0.0,52.17,52.17,No,0
Bronze,SOHO,4000,4,1.0,,5,52.17,0.0,52.17,13.04,No,0
Bronze,SOHO,4000,2,,,2,52.33,0.0,52.33,26.17,No,0
Bronze,SOHO,4002,2,,,2,52.33,0.0,52.33,26.17,No,0
Bronze,SOHO,4130,4,,,4,52.33,0.0,52.33,13.08,No,0
Bronze,SOHO,4003,4,,,4,52.33,0.0,52.33,13.08,No,0
Bronze,SOHO,4523,2,,,2,52.33,0.0,52.33,26.17,No,0
Bronze,SOHO,4003,2,2.0,,4,52.33,0.0,52.33,26.17,No,0
Bronze,SOHO,4023,1,,,1,52.33,0.0,52.33,52.33,No,0
Bronze,SOHO,4110,3,,,3,52.33,0.0,52.33,17.44,No,0
Bronze,SOHO,4000,3,,,3,52.33,0.0,52.33,17.44,No,0
Bronze,SOHO,4000,5,1.0,,6,52.33,0.0,52.33,10.47,No,0
Bronze,SOHO,4004,2,,,2,52.5,0.0,52.5,26.25,No,0
Bronze,SOHO,4700,2,,,2,52.67,0.0,52.67,26.34,No,0
Bronze,SOHO,4004,3,2.0,,5,52.67,0.0,52.67,17.56,No,0
Bronze,SOHO,4000,5,,,5,52.67,0.0,52.67,10.53,No,0
Bronze,SOHO,4950,6,2.0,,8,52.67,0.0,52.67,8.78,No,0
Bronze,SOHO,4230,4,,,4,52.67,0.0,52.67,13.17,No,0
Bronze,SOHO,4210,1,,,1,52.67,0.0,52.67,52.67,No,0
Bronze,SOHO,4000,2,,,2,52.67,0.0,52.67,26.34,No,0
Bronze,SOHO,4230,3,,,3,52.67,0.0,52.67,17.56,No,0
Bronze,VSE,4023,1,6.0,,7,52.83,0.0,52.83,52.83,No,0
Bronze,SOHO,4530,3,,,3,52.83,0.0,52.83,17.61,No,0
Bronze,SOHO,4270,2,1.0,,3,52.83,0.0,52.83,26.42,No,0
Bronze,SOHO,4002,5,,,5,53.0,0.0,53.0,10.6,No,0
Bronze,SOHO,4000,6,,,6,53.0,0.0,53.0,8.83,No,0
Bronze,SOHO,4002,4,,,4,53.0,0.0,53.0,13.25,No,0
Bronze,SOHO,4023,3,2.0,,5,53.0,0.0,53.0,17.67,No,0
Bronze,SOHO,4027,2,1.0,,3,53.0,0.0,53.0,26.5,No,0
Bronze,SOHO,4003,3,,,3,53.0,0.0,53.0,17.67,No,0
Bronze,SOHO,4583,1,1.0,,2,53.17,0.0,53.17,53.17,No,0
Bronze,SOHO,4000,1,2.0,,3,53.17,0.0,53.17,53.17,No,0
Bronze,SOHO,4124,4,,,4,53.17,0.0,53.17,13.29,No,0
Bronze,SOHO,4300,1,1.0,,2,53.17,0.0,53.17,53.17,No,0
Bronze,SOHO,4003,5,1.0,,6,53.17,0.0,53.17,10.63,No,0
Bronze,SOHO,4300,1,,,1,53.17,0.0,53.17,53.17,No,0
Bronze,SOHO,4000,3,2.0,,5,53.33,0.0,53.33,17.78,No,0
Bronze,SOHO,4400,5,,,5,53.33,0.0,53.33,10.67,No,0
Bronze,SOHO,4003,2,,,2,53.33,0.0,53.33,26.67,No,0
Bronze,SOHO,4600,2,,,2,53.33,0.0,53.33,26.67,No,0
Bronze,SOHO,4260,3,,,3,53.33,0.0,53.33,17.78,No,0
Bronze,SOHO,4230,3,,,3,53.33,0.0,53.33,17.78,No,0
Bronze,SOHO,4000,3,,,3,53.33,0.0,53.33,17.78,No,0
Bronze,SOHO,4003,2,3.0,,5,53.33,0.0,53.33,26.67,No,0
Bronze,SOHO,4223,2,6.0,,8,53.5,0.0,53.5,26.75,No,0
Bronze,SOHO,4000,4,,,4,53.5,0.0,53.5,13.38,No,0
Bronze,SOHO,4368,2,1.0,,3,53.5,0.0,53.5,26.75,No,0
Bronze,SOHO,4500,1,1.0,,2,53.5,0.0,53.5,53.5,No,0
Bronze,SOHO,4400,2,,,2,53.5,0.0,53.5,26.75,No,0
Bronze,SOHO,4230,3,1.0,,4,53.5,0.0,53.5,17.83,No,0
Bronze,SOHO,4180,1,,,1,53.5,0.0,53.5,53.5,No,0
Bronze,SOHO,4000,2,,,2,53.5,0.0,53.5,26.75,No,0
Bronze,SOHO,4000,3,,,3,53.5,0.0,53.5,17.83,No,0
Bronze,SOHO,4582,2,,,2,53.67,0.0,53.67,26.84,No,0
Bronze,SOHO,4710,2,,,2,53.83,0.0,53.83,26.92,No,0
Bronze,SOHO,4700,3,,,3,53.83,0.0,53.83,17.94,No,0
Bronze,SOHO,4700,4,,,4,53.83,0.0,53.83,13.46,No,0
Bronze,SOHO,4147,5,,,5,53.83,0.0,53.83,10.77,No,0
Bronze,SOHO,4000,5,,,5,53.83,0.0,53.83,10.77,No,0
Bronze,SOHO,4000,3,,,3,54.0,0.0,54.0,18.0,No,0
Bronze,SOHO,4004,9,,,9,54.0,0.0,54.0,6.0,No,0
Bronze,SOHO,4400,2,,,2,54.0,0.0,54.0,27.0,No,0
Bronze,SOHO,4004,6,,,6,54.0,0.0,54.0,9.0,No,0
Bronze,SOHO,4700,3,1.0,,4,54.0,0.0,54.0,18.0,No,0
Bronze,SOHO,4230,3,,,3,54.0,0.0,54.0,18.0,No,0
Bronze,SOHO,4960,4,,,4,54.0,0.0,54.0,13.5,No,0
Bronze,SOHO,4590,6,1.0,,7,54.0,0.0,54.0,9.0,No,0
Bronze,SOHO,4190,5,,,5,54.17,0.0,54.17,10.83,No,0
Bronze,SOHO,4000,5,1.0,,6,54.17,0.0,54.17,10.83,No,0
Bronze,SOHO,4270,5,,,5,54.17,0.0,54.17,10.83,No,0
Bronze,SOHO,4197,3,,,3,54.17,0.0,54.17,18.06,No,0
Bronze,SOHO,4004,3,1.0,,4,54.17,0.0,54.17,18.06,No,0
Bronze,SOHO,4360,7,,,7,54.17,0.0,54.17,7.74,No,0
Bronze,SOHO,4400,7,6.0,,13,54.17,0.0,54.17,7.74,No,0
Bronze,SOHO,4001,2,4.0,,6,54.33,0.0,54.33,27.17,No,0
Bronze,SOHO,4015,8,,,8,54.33,0.0,54.33,6.79,No,0
Bronze,SOHO,4000,1,,,1,54.33,0.0,54.33,54.33,No,0
Bronze,SOHO,4700,3,,,3,54.33,0.0,54.33,18.11,No,0
Bronze,SOHO,4400,2,,,2,54.5,0.0,54.5,27.25,No,0
Bronze,VSE,4000,4,,,4,54.5,0.0,54.5,13.63,No,0
Bronze,SOHO,4002,2,1.0,,3,54.5,0.0,54.5,27.25,No,0
Bronze,SOHO,4000,2,2.0,,4,54.5,0.0,54.5,27.25,No,0
Bronze,SOHO,4220,3,1.0,,4,54.67,0.0,54.67,18.22,No,0
Bronze,SOHO,4199,6,,,6,54.67,0.0,54.67,9.11,No,0
Bronze,SOHO,4003,3,1.0,,4,54.67,0.0,54.67,18.22,No,0
Bronze,SOHO,4000,3,,,3,54.67,0.0,54.67,18.22,No,0
Bronze,SOHO,4000,5,,,5,54.67,0.0,54.67,10.93,No,0
Bronze,SOHO,4230,3,,,3,54.67,0.0,54.67,18.22,No,0
Bronze,SOHO,4000,2,,,2,54.83,0.0,54.83,27.42,No,0
Bronze,SOHO,4218,2,,,2,55.0,0.0,55.0,27.5,No,0
Bronze,SOHO,4000,2,1.0,,3,55.0,0.0,55.0,27.5,No,0
Bronze,SOHO,4300,3,,,3,55.0,0.0,55.0,18.33,No,0
Bronze,SOHO,4002,4,,,4,55.0,0.0,55.0,13.75,No,0
Bronze,SOHO,4000,7,,,7,55.17,0.0,55.17,7.88,No,0
Bronze,SOHO,4000,6,,,6,55.17,0.0,55.17,9.2,No,0
Bronze,SOHO,4023,3,6.0,,9,55.17,0.0,55.17,18.39,No,0
Bronze,SOHO,4003,4,1.0,,5,55.17,0.0,55.17,13.79,No,0
Bronze,SOHO,4000,2,,,2,55.17,0.0,55.17,27.59,No,0
Bronze,SOHO,4004,3,1.0,,4,55.33,0.0,55.33,18.44,No,0
Bronze,SOHO,4150,2,2.0,,4,55.33,0.0,55.33,27.67,No,0
Bronze,SOHO,4400,2,,,2,55.33,0.0,55.33,27.67,No,0
Bronze,SOHO,4000,2,4.0,,6,55.33,0.0,55.33,27.67,Yes,1
Bronze,SOHO,4000,5,,,5,55.5,0.0,55.5,11.1,No,0
Bronze,SOHO,4015,2,1.0,,3,55.5,0.0,55.5,27.75,No,0
Bronze,SOHO,4002,3,1.0,,4,55.5,0.0,55.5,18.5,No,0
Bronze,SOHO,4190,2,1.0,,3,55.5,0.0,55.5,27.75,No,0
Bronze,SOHO,4000,2,,,2,55.67,0.0,55.67,27.84,No,0
Bronze,SOHO,4231,2,,,2,55.67,0.0,55.67,27.84,No,0
Bronze,SOHO,4000,3,2.0,,5,55.67,0.0,55.67,18.56,No,0
Bronze,SOHO,4003,2,4.0,,6,55.67,0.0,55.67,27.84,No,0
Bronze,SOHO,4000,6,1.0,,7,55.67,0.0,55.67,9.28,No,0
Bronze,SOHO,4700,4,,,4,55.67,0.0,55.67,13.92,No,0
Bronze,SOHO,4000,5,,,5,55.67,0.0,55.67,11.13,No,0
Bronze,SOHO,4000,2,1.0,,3,41.67,14.0,55.67,20.84,No,0
Bronze,SOHO,4000,6,,,6,55.67,0.0,55.67,9.28,No,0
Bronze,SOHO,4000,3,4.0,,7,55.83,0.0,55.83,18.61,No,0
Bronze,SOHO,4000,3,3.0,,6,55.83,0.0,55.83,18.61,Yes,1
Bronze,SOHO,4000,4,,,4,55.83,0.0,55.83,13.96,No,0
Bronze,SOHO,4000,2,,,2,55.83,0.0,55.83,27.92,No,0
Bronze,SOHO,4000,1,6.0,,7,55.83,0.0,55.83,55.83,Yes,1
Bronze,SOHO,4700,2,1.0,,3,55.83,0.0,55.83,27.92,Yes,1
Bronze,SOHO,4000,2,,,2,55.83,0.0,55.83,27.92,No,0
Bronze,SOHO,4000,4,,,4,56.0,0.0,56.0,14.0,No,0
Bronze,SOHO,4000,4,4.0,,8,56.0,0.0,56.0,14.0,No,0
Bronze,SOHO,4994,6,4.0,,10,56.0,0.0,56.0,9.33,No,0
Bronze,SOHO,4700,4,,,4,56.0,0.0,56.0,14.0,No,0
Bronze,SOHO,4170,3,,,3,56.0,0.0,56.0,18.67,No,0
Bronze,SOHO,4000,2,,,2,56.0,0.0,56.0,28.0,No,0
Bronze,SOHO,4224,4,1.0,,5,56.0,0.0,56.0,14.0,No,0
Bronze,SOHO,4004,1,3.0,,4,56.0,0.0,56.0,56.0,No,0
Bronze,SOHO,4700,4,3.0,,7,56.17,0.0,56.17,14.04,No,0
Bronze,SOHO,4270,2,1.0,,3,56.17,0.0,56.17,28.09,No,0
Bronze,SOHO,4000,3,4.0,,7,56.17,0.0,56.17,18.72,No,0
Bronze,SOHO,4003,4,,,4,56.17,0.0,56.17,14.04,No,0
Bronze,SOHO,4003,5,1.0,,6,56.33,0.0,56.33,11.27,No,0
Bronze,SOHO,4700,2,,,2,56.33,0.0,56.33,28.17,No,0
Bronze,SOHO,4000,4,,,4,56.33,0.0,56.33,14.08,No,0
Bronze,SOHO,4004,4,3.0,,7,56.33,0.0,56.33,14.08,No,0
Bronze,SOHO,4230,2,,,2,56.33,0.0,56.33,28.17,No,0
Bronze,SOHO,4004,2,,,2,56.33,0.0,56.33,28.17,No,0
Bronze,SOHO,4006,5,,,5,56.5,0.0,56.5,11.3,No,0
Bronze,SOHO,4003,3,1.0,,4,56.5,0.0,56.5,18.83,No,0
Bronze,SOHO,4023,3,,,3,56.5,0.0,56.5,18.83,Yes,1
Bronze,SOHO,4002,4,4.0,,8,56.5,0.0,56.5,14.13,No,0
