Billing_ZIP,Billing_ZIP_missing,Billing_ZIP_frequency,Billing_ZIP_label,CHURN,churn_binary
6000,0,0.13509996450964154,285,No,0
6400,0,0.028037383177570093,374,No,0
6000,0,0.13509996450964154,285,No,0
4400,0,0.05524665799124571,166,No,0
4000,0,0.18999171891636105,32,No,0
6600,0,0.027445877203359753,396,No,0
4644,0,0.0003549035845262037,230,Yes,1
6100,0,0.030403407074411453,312,No,0
6100,0,0.030403407074411453,312,No,0
6280,0,0.002484325091683426,359,No,0
4550,0,0.005441854962735124,211,No,0
6000,0,0.13509996450964154,285,No,0
6000,0,0.13509996450964154,285,No,0
4230,0,0.028865491541464568,122,No,0
4550,0,0.005441854962735124,211,No,0
4300,0,0.015615757719152964,147,No,0
4015,0,0.0021294215071572223,42,No,0
4000,0,0.18999171891636105,32,No,0
4500,0,0.011120312315154384,205,No,0
6000,0,0.13509996450964154,285,No,0
4400,0,0.05524665799124571,166,Yes,1
4004,0,0.03667337040104105,36,No,0
4017,0,0.0020111203123151546,44,No,0
4023,0,0.03099491304862179,49,No,0
6000,0,0.13509996450964154,285,No,0
6000,0,0.13509996450964154,285,No,0
6000,0,0.13509996450964154,285,No,0
4000,0,0.18999171891636105,32,No,0
4004,0,0.03667337040104105,36,No,0
4000,0,0.18999171891636105,32,No,0
4230,0,0.028865491541464568,122,No,0
6000,0,0.13509996450964154,285,No,0
9283,0,0.0001183011948420679,453,No,0
4000,0,0.18999171891636105,32,No,0
4173,0,0.0007098071690524074,87,No,0
8900,0,0.001301313143262747,445,No,0
6155,0,0.0005915059742103396,328,No,0
4400,0,0.05524665799124571,166,No,0
4400,0,0.05524665799124571,166,No,0
6310,0,0.0001183011948420679,366,No,0
4400,0,0.05524665799124571,166,No,0
4400,0,0.05524665799124571,166,No,0
4468,0,0.0001183011948420679,193,No,0
4023,0,0.03099491304862179,49,No,0
4023,0,0.03099491304862179,49,No,0
4400,0,0.05524665799124571,166,No,0
4000,0,0.18999171891636105,32,No,0
4013,0,0.001183011948420679,41,No,0
6000,0,0.13509996450964154,285,No,0
4400,0,0.05524665799124571,166,No,0
4004,0,0.03667337040104105,36,No,0
4000,0,0.18999171891636105,32,Yes,1
4004,0,0.03667337040104105,36,No,0
4000,0,0.18999171891636105,32,No,0
6100,0,0.030403407074411453,312,No,0
6000,0,0.13509996450964154,285,No,0
4023,0,0.03099491304862179,49,No,0
4400,0,0.05524665799124571,166,Yes,1
6091,0,0.0001183011948420679,310,No,0
4144,0,0.0003549035845262037,79,No,0
6260,0,0.00508695137820892,351,No,0
6000,0,0.13509996450964154,285,No,0
6000,0,0.13509996450964154,285,No,0
4550,0,0.005441854962735124,211,No,0
4225,0,0.0017745179226310187,119,No,0
6400,0,0.028037383177570093,374,No,0
6260,0,0.00508695137820892,351,No,0
4150,0,0.008399384833786822,81,No,0
4000,0,0.18999171891636105,32,No,0
4400,0,0.05524665799124571,166,No,0
4002,0,0.03584526203714657,34,No,0
4000,0,0.18999171891636105,32,No,0
6001,0,0.0008281083638944754,286,No,0
4023,0,0.03099491304862179,49,No,0
6000,0,0.13509996450964154,285,No,0
4223,0,0.0004732047793682716,117,No,0
6000,0,0.13509996450964154,285,No,0
6300,0,0.03998580385661895,363,Yes,1
4600,0,0.01360463740683781,220,Yes,1
4400,0,0.05524665799124571,166,No,0
4002,0,0.03584526203714657,34,No,0
6200,0,0.003785638234946173,343,No,0
4000,0,0.18999171891636105,32,No,0
4023,0,0.03099491304862179,49,No,0
4000,0,0.18999171891636105,32,No,0
4000,0,0.18999171891636105,32,No,0
6000,0,0.13509996450964154,285,No,0
6000,0,0.13509996450964154,285,No,0
4004,0,0.03667337040104105,36,No,0
4220,0,0.0030758310658937655,114,No,0
6100,0,0.030403407074411453,312,No,0
4023,0,0.03099491304862179,49,No,0
4465,0,0.0002366023896841358,192,No,0
4400,0,0.05524665799124571,166,No,0
6000,0,0.13509996450964154,285,No,0
6000,0,0.13509996450964154,285,No,0
6900,0,0.002720927481367562,426,No,0
4003,0,0.047320477936827164,35,No,0
4150,0,0.008399384833786822,81,Yes,1
4400,0,0.05524665799124571,166,No,0
6100,0,0.030403407074411453,312,Yes,1
4002,0,0.03584526203714657,34,No,0
6400,0,0.028037383177570093,374,No,0
6000,0,0.13509996450964154,285,No,0
4600,0,0.01360463740683781,220,No,0
4023,0,0.03099491304862179,49,No,0
6400,0,0.028037383177570093,374,No,0
4150,0,0.008399384833786822,81,No,0
4109,0,0.0008281083638944754,58,No,0
4500,0,0.011120312315154384,205,No,0
4114,0,0.0002366023896841358,63,No,0
6000,0,0.13509996450964154,285,No,0
4700,0,0.021767419850940495,232,No,0
4400,0,0.05524665799124571,166,No,0
6000,0,0.13509996450964154,285,No,0
4000,0,0.18999171891636105,32,No,0
4000,0,0.18999171891636105,32,No,0
4000,0,0.18999171891636105,32,No,0
4197,0,0.0008281083638944754,98,No,0
6100,0,0.030403407074411453,312,No,0
4000,0,0.18999171891636105,32,No,0
6400,0,0.028037383177570093,374,No,0
6300,0,0.03998580385661895,363,No,0
4700,0,0.021767419850940495,232,No,0
6100,0,0.030403407074411453,312,No,0
6400,0,0.028037383177570093,374,No,0
6000,0,0.13509996450964154,285,No,0
4000,0,0.18999171891636105,32,No,0
6550,0,0.002720927481367562,390,No,0
4023,0,0.03099491304862179,49,No,0
4003,0,0.047320477936827164,35,No,0
6000,0,0.13509996450964154,285,No,0
6000,0,0.13509996450964154,285,No,0
4003,0,0.047320477936827164,35,No,0
4002,0,0.03584526203714657,34,No,0
4400,0,0.05524665799124571,166,No,0
4000,0,0.18999171891636105,32,No,0
4400,0,0.05524665799124571,166,No,0
6100,0,0.030403407074411453,312,No,0
4412,0,0.0005915059742103396,175,No,0
4030,0,0.0010647107535786111,54,No,0
4002,0,0.03584526203714657,34,No,0
6100,0,0.030403407074411453,312,No,0
4000,0,0.18999171891636105,32,No,0
4003,0,0.047320477936827164,35,No,0
6100,0,0.030403407074411453,312,No,0
6000,0,0.13509996450964154,285,No,0
6600,0,0.027445877203359753,396,No,0
6300,0,0.03998580385661895,363,No,0
4000,0,0.18999171891636105,32,No,0
4400,0,0.05524665799124571,166,No,0
4220,0,0.0030758310658937655,114,No,0
4400,0,0.05524665799124571,166,No,0
6001,0,0.0008281083638944754,286,No,0
6450,0,0.010055601561575771,382,No,0
6001,0,0.0008281083638944754,286,No,0
6000,0,0.13509996450964154,285,No,0
4581,0,0.001183011948420679,214,No,0
4400,0,0.05524665799124571,166,No,0
6100,0,0.030403407074411453,312,No,0
4000,0,0.18999171891636105,32,No,0
6500,0,0.011356914704838518,388,No,0
6550,0,0.002720927481367562,390,No,0
4400,0,0.05524665799124571,166,No,0
6400,0,0.028037383177570093,374,No,0
6100,0,0.030403407074411453,312,No,0
6100,0,0.030403407074411453,312,No,0
4271,0,0.0003549035845262037,138,No,0
4004,0,0.03667337040104105,36,No,0
6001,0,0.0008281083638944754,286,No,0
6400,0,0.028037383177570093,374,No,0
6000,0,0.13509996450964154,285,No,0
4000,0,0.18999171891636105,32,No,0
4230,0,0.028865491541464568,122,No,0
6000,0,0.13509996450964154,285,No,0
6200,0,0.003785638234946173,343,No,0
4130,0,0.0009464095587365432,69,No,0
4000,0,0.18999171891636105,32,No,0
4000,0,0.18999171891636105,32,No,0
6000,0,0.13509996450964154,285,No,0
4400,0,0.05524665799124571,166,No,0
4400,0,0.05524665799124571,166,No,0
6300,0,0.03998580385661895,363,No,0
6600,0,0.027445877203359753,396,No,0
4400,0,0.05524665799124571,166,No,0
4023,0,0.03099491304862179,49,No,0
6000,0,0.13509996450964154,285,No,0
6260,0,0.00508695137820892,351,No,0
6000,0,0.13509996450964154,285,No,0
4000,0,0.18999171891636105,32,No,0
4484,0,0.0002366023896841358,200,No,0
4000,0,0.18999171891636105,32,No,0
6000,0,0.13509996450964154,285,No,0
6400,0,0.028037383177570093,374,No,0
6000,0,0.13509996450964154,285,No,0
4130,0,0.0009464095587365432,69,No,0
4470,0,0.0021294215071572223,195,No,0
4550,0,0.005441854962735124,211,No,0
4400,0,0.05524665799124571,166,No,0
6600,0,0.027445877203359753,396,No,0
6000,0,0.13509996450964154,285,No,0
6300,0,0.03998580385661895,363,No,0
2442,0,0.0001183011948420679,27,No,0
4230,0,0.028865491541464568,122,No,0
4400,0,0.05524665799124571,166,No,0
6138,0,0.0005915059742103396,316,No,0
4400,0,0.05524665799124571,166,No,0
4000,0,0.18999171891636105,32,No,0
6000,0,0.13509996450964154,285,No,0
6100,0,0.030403407074411453,312,No,0
6500,0,0.011356914704838518,388,No,0
4004,0,0.03667337040104105,36,No,0
4000,0,0.18999171891636105,32,No,0
4400,0,0.05524665799124571,166,No,0
4151,0,0.0002366023896841358,82,No,0
6000,0,0.13509996450964154,285,No,0
6400,0,0.028037383177570093,374,No,0
6400,0,0.028037383177570093,374,No,0
4400,0,0.05524665799124571,166,No,0
6400,0,0.028037383177570093,374,No,0
6600,0,0.027445877203359753,396,No,0
4023,0,0.03099491304862179,49,No,0
4000,0,0.18999171891636105,32,No,0
6300,0,0.03998580385661895,363,No,0
4160,0,0.0004732047793682716,83,No,0
6400,0,0.028037383177570093,374,No,0
6300,0,0.03998580385661895,363,No,0
4550,0,0.005441854962735124,211,No,0
4000,0,0.18999171891636105,32,No,0
4000,0,0.18999171891636105,32,No,0
6000,0,0.13509996450964154,285,No,0
4023,0,0.03099491304862179,49,No,0
4004,0,0.03667337040104105,36,No,0
6000,0,0.13509996450964154,285,No,0
6600,0,0.027445877203359753,396,No,0
6000,0,0.13509996450964154,285,No,0
4002,0,0.03584526203714657,34,No,0
4600,0,0.01360463740683781,220,No,0
4000,0,0.18999171891636105,32,No,0
4230,0,0.028865491541464568,122,No,0
6000,0,0.13509996450964154,285,No,0
6000,0,0.13509996450964154,285,No,0
4000,0,0.18999171891636105,32,No,0
6000,0,0.13509996450964154,285,No,0
6000,0,0.13509996450964154,285,No,0
6000,0,0.13509996450964154,285,No,0
4023,0,0.03099491304862179,49,No,0
4419,0,0.0002366023896841358,180,No,0
4015,0,0.0021294215071572223,42,No,0
4225,0,0.0017745179226310187,119,No,0
4000,0,0.18999171891636105,32,No,0
6000,0,0.13509996450964154,285,No,0
4400,0,0.05524665799124571,166,No,0
4023,0,0.03099491304862179,49,No,0
4700,0,0.021767419850940495,232,Yes,1
6000,0,0.13509996450964154,285,No,0
6000,0,0.13509996450964154,285,No,0
4000,0,0.18999171891636105,32,No,0
4004,0,0.03667337040104105,36,No,0
6004,0,0.0003549035845262037,289,No,0
6200,0,0.003785638234946173,343,No,0
6000,0,0.13509996450964154,285,No,0
4400,0,0.05524665799124571,166,No,0
4600,0,0.01360463740683781,220,No,0
6100,0,0.030403407074411453,312,No,0
4400,0,0.05524665799124571,166,No,0
6000,0,0.13509996450964154,285,No,0
4600,0,0.01360463740683781,220,No,0
4220,0,0.0030758310658937655,114,No,0
6450,0,0.010055601561575771,382,No,0
6000,0,0.13509996450964154,285,No,0
6100,0,0.030403407074411453,312,No,0
6000,0,0.13509996450964154,285,Yes,1
4000,0,0.18999171891636105,32,No,0
6490,0,0.0008281083638944754,387,No,0
4300,0,0.015615757719152964,147,No,0
6000,0,0.13509996450964154,285,No,0
6260,0,0.00508695137820892,351,Yes,1
6000,0,0.13509996450964154,285,No,0
6100,0,0.030403407074411453,312,No,0
6400,0,0.028037383177570093,374,No,0
4500,0,0.011120312315154384,205,No,0
4002,0,0.03584526203714657,34,No,0
6000,0,0.13509996450964154,285,No,0
6000,0,0.13509996450964154,285,No,0
4004,0,0.03667337040104105,36,No,0
4500,0,0.011120312315154384,205,No,0
6100,0,0.030403407074411453,312,No,0
6000,0,0.13509996450964154,285,No,0
8000,0,0.0004732047793682716,432,No,0
1142,0,0.0002366023896841358,1,No,0
6300,0,0.03998580385661895,363,No,0
6300,0,0.03998580385661895,363,No,0
4500,0,0.011120312315154384,205,No,0
4300,0,0.015615757719152964,147,No,0
6010,0,0.0005915059742103396,292,No,0
4400,0,0.05524665799124571,166,No,0
4004,0,0.03667337040104105,36,No,0
4230,0,0.028865491541464568,122,No,0
4000,0,0.18999171891636105,32,No,0
4580,0,0.0015379155329468827,213,No,0
6000,0,0.13509996450964154,285,No,0
6014,0,0.0004732047793682716,293,No,0
6000,0,0.13509996450964154,285,No,0
6000,0,0.13509996450964154,285,No,0
4004,0,0.03667337040104105,36,No,0
6400,0,0.028037383177570093,374,No,0
4003,0,0.047320477936827164,35,No,0
4000,0,0.18999171891636105,32,No,0
4230,0,0.028865491541464568,122,No,0
6000,0,0.13509996450964154,285,No,0
6200,0,0.003785638234946173,343,No,0
6000,0,0.13509996450964154,285,No,0
4002,0,0.03584526203714657,34,No,0
4021,0,0.001183011948420679,48,No,0
6300,0,0.03998580385661895,363,No,0
6300,0,0.03998580385661895,363,Yes,1
4400,0,0.05524665799124571,166,No,0
4170,0,0.0002366023896841358,85,No,0
6000,0,0.13509996450964154,285,No,0
6000,0,0.13509996450964154,285,No,0
6000,0,0.13509996450964154,285,No,0
6000,0,0.13509996450964154,285,No,0
6000,0,0.13509996450964154,285,No,0
6260,0,0.00508695137820892,351,No,0
4400,0,0.05524665799124571,166,No,0
6000,0,0.13509996450964154,285,No,0
6000,0,0.13509996450964154,285,No,0
6165,0,0.0002366023896841358,334,No,0
4000,0,0.18999171891636105,32,No,0
6300,0,0.03998580385661895,363,No,0
6500,0,0.011356914704838518,388,No,0
4579,0,0.001301313143262747,212,No,0
4600,0,0.01360463740683781,220,No,0
4400,0,0.05524665799124571,166,No,0
4500,0,0.011120312315154384,205,No,0
6100,0,0.030403407074411453,312,Yes,1
6000,0,0.13509996450964154,285,No,0
4400,0,0.05524665799124571,166,No,0
6100,0,0.030403407074411453,312,No,0
6000,0,0.13509996450964154,285,No,0
6280,0,0.002484325091683426,359,No,0
4400,0,0.05524665799124571,166,No,0
6300,0,0.03998580385661895,363,No,0
6000,0,0.13509996450964154,285,No,0
6000,0,0.13509996450964154,285,No,0
4644,0,0.0003549035845262037,230,No,0
4018,0,0.0003549035845262037,45,Yes,1
6000,0,0.13509996450964154,285,No,0
8470,0,0.0001183011948420679,438,No,0
4002,0,0.03584526203714657,34,No,0
4350,0,0.0001183011948420679,158,No,0
6260,0,0.00508695137820892,351,No,0
6000,0,0.13509996450964154,285,No,0
4006,0,0.006743168105997871,37,No,0
4000,0,0.18999171891636105,32,No,0
6000,0,0.13509996450964154,285,No,0
6000,0,0.13509996450964154,285,No,0
4004,0,0.03667337040104105,36,No,0
1505,0,0.0007098071690524074,14,No,0
4000,0,0.18999171891636105,32,No,0
4023,0,0.03099491304862179,49,No,0
6400,0,0.028037383177570093,374,No,0
6000,0,0.13509996450964154,285,No,0
6100,0,0.030403407074411453,312,No,0
4270,0,0.008635987223470957,137,No,0
4002,0,0.03584526203714657,34,No,0
6000,0,0.13509996450964154,285,No,0
6000,0,0.13509996450964154,285,No,0
6158,0,0.0004732047793682716,329,No,0
6000,0,0.13509996450964154,285,Yes,1
6000,0,0.13509996450964154,285,No,0
6900,0,0.002720927481367562,426,No,0
4030,0,0.0010647107535786111,54,No,0
4002,0,0.03584526203714657,34,No,0
6138,0,0.0005915059742103396,316,No,0
6000,0,0.13509996450964154,285,No,0
6300,0,0.03998580385661895,363,No,0
6500,0,0.011356914704838518,388,No,0
6300,0,0.03998580385661895,363,No,0
4000,0,0.18999171891636105,32,No,0
4000,0,0.18999171891636105,32,No,0
4004,0,0.03667337040104105,36,No,0
4400,0,0.05524665799124571,166,No,0
6000,0,0.13509996450964154,285,No,0
4500,0,0.011120312315154384,205,No,0
4600,0,0.01360463740683781,220,No,0
4800,0,0.002602626286525494,242,No,0
4400,0,0.05524665799124571,166,No,0
4000,0,0.18999171891636105,32,No,0
6000,0,0.13509996450964154,285,No,0
4000,0,0.18999171891636105,32,No,0
6000,0,0.13509996450964154,285,No,0
6000,0,0.13509996450964154,285,No,0
6000,0,0.13509996450964154,285,No,0
6400,0,0.028037383177570093,374,No,0
6000,0,0.13509996450964154,285,No,0
6400,0,0.028037383177570093,374,No,0
6300,0,0.03998580385661895,363,No,0
4004,0,0.03667337040104105,36,No,0
4600,0,0.01360463740683781,220,No,0
4030,0,0.0010647107535786111,54,No,0
4000,0,0.18999171891636105,32,No,0
4300,0,0.015615757719152964,147,No,0
6100,0,0.030403407074411453,312,No,0
6000,0,0.13509996450964154,285,No,0
6100,0,0.030403407074411453,312,No,0
4400,0,0.05524665799124571,166,No,0
6300,0,0.03998580385661895,363,No,0
6000,0,0.13509996450964154,285,No,0
6000,0,0.13509996450964154,285,No,0
4003,0,0.047320477936827164,35,No,0
4419,0,0.0002366023896841358,180,No,0
4000,0,0.18999171891636105,32,No,0
6000,0,0.13509996450964154,285,No,0
6000,0,0.13509996450964154,285,No,0
4000,0,0.18999171891636105,32,No,0
4250,0,0.0003549035845262037,129,No,0
4000,0,0.18999171891636105,32,No,0
4000,0,0.18999171891636105,32,No,0
4330,0,0.002720927481367562,150,Yes,1
6000,0,0.13509996450964154,285,No,0
4110,0,0.0020111203123151546,59,No,0
4000,0,0.18999171891636105,32,No,0
6400,0,0.028037383177570093,374,No,0
6800,0,0.003903939429788241,409,No,0
4400,0,0.05524665799124571,166,No,0
4330,0,0.002720927481367562,150,No,0
6000,0,0.13509996450964154,285,No,0
6600,0,0.027445877203359753,396,No,0
6870,0,0.0001183011948420679,418,No,0
4415,0,0.0001183011948420679,177,No,0
6100,0,0.030403407074411453,312,No,0
6000,0,0.13509996450964154,285,No,0
6000,0,0.13509996450964154,285,No,0
6600,0,0.027445877203359753,396,No,0
4004,0,0.03667337040104105,36,No,0
4002,0,0.03584526203714657,34,No,0
4001,0,0.004732047793682716,33,No,0
6000,0,0.13509996450964154,285,No,0
6000,0,0.13509996450964154,285,No,0
6180,0,0.0007098071690524074,340,No,0
6000,0,0.13509996450964154,285,No,0
4003,0,0.047320477936827164,35,No,0
6000,0,0.13509996450964154,285,No,0
4400,0,0.05524665799124571,166,No,0
4400,0,0.05524665799124571,166,No,0
6200,0,0.003785638234946173,343,No,0
6450,0,0.010055601561575771,382,No,0
4000,0,0.18999171891636105,32,No,0
6300,0,0.03998580385661895,363,No,0
4000,0,0.18999171891636105,32,No,0
6199,0,0.0004732047793682716,342,No,0
4490,0,0.00224772270199929,201,No,0
6450,0,0.010055601561575771,382,No,0
6489,0,0.0004732047793682716,386,No,0
4004,0,0.03667337040104105,36,No,0
6000,0,0.13509996450964154,285,No,0
6000,0,0.13509996450964154,285,No,0
6000,0,0.13509996450964154,285,No,0
6500,0,0.011356914704838518,388,No,0
4600,0,0.01360463740683781,220,No,0
4107,0,0.0008281083638944754,56,No,0
6000,0,0.13509996450964154,285,No,0
6500,0,0.011356914704838518,388,No,0
6800,0,0.003903939429788241,409,No,0
6260,0,0.00508695137820892,351,No,0
6400,0,0.028037383177570093,374,No,0
4400,0,0.05524665799124571,166,No,0
6000,0,0.13509996450964154,285,No,0
6000,0,0.13509996450964154,285,No,0
6000,0,0.13509996450964154,285,No,0
6000,0,0.13509996450964154,285,No,0
6000,0,0.13509996450964154,285,No,0
4000,0,0.18999171891636105,32,No,0
6280,0,0.002484325091683426,359,No,0
4002,0,0.03584526203714657,34,No,0
4700,0,0.021767419850940495,232,No,0
4023,0,0.03099491304862179,49,No,0
4000,0,0.18999171891636105,32,No,0
4000,0,0.18999171891636105,32,No,0
6600,0,0.027445877203359753,396,No,0
4000,0,0.18999171891636105,32,No,0
6400,0,0.028037383177570093,374,No,0
6850,0,0.0004732047793682716,413,No,0
6600,0,0.027445877203359753,396,No,0
4190,0,0.002484325091683426,94,No,0
6000,0,0.13509996450964154,285,No,0
6000,0,0.13509996450964154,285,No,0
6000,0,0.13509996450964154,285,No,0
6800,0,0.003903939429788241,409,No,0
6600,0,0.027445877203359753,396,No,0
4017,0,0.0020111203123151546,44,No,0
6770,0,0.0005915059742103396,407,No,0
6300,0,0.03998580385661895,363,No,0
4178,0,0.0002366023896841358,90,No,0
6000,0,0.13509996450964154,285,No,0
6100,0,0.030403407074411453,312,No,0
4002,0,0.03584526203714657,34,No,0
6000,0,0.13509996450964154,285,No,0
4000,0,0.18999171891636105,32,No,0
4290,0,0.0002366023896841358,144,No,0
6160,0,0.0003549035845262037,331,No,0
6600,0,0.027445877203359753,396,No,0
4600,0,0.01360463740683781,220,No,0
4000,0,0.18999171891636105,32,No,0
6000,0,0.13509996450964154,285,No,0
4225,0,0.0017745179226310187,119,No,0
6500,0,0.011356914704838518,388,No,0
6000,0,0.13509996450964154,285,No,0
6000,0,0.13509996450964154,285,No,0
6000,0,0.13509996450964154,285,No,0
6300,0,0.03998580385661895,363,No,0
4230,0,0.028865491541464568,122,No,0
4490,0,0.00224772270199929,201,No,0
4230,0,0.028865491541464568,122,No,0
6000,0,0.13509996450964154,285,No,0
6800,0,0.003903939429788241,409,No,0
6300,0,0.03998580385661895,363,No,0
4600,0,0.01360463740683781,220,No,0
6000,0,0.13509996450964154,285,No,0
6000,0,0.13509996450964154,285,No,0
6138,0,0.0005915059742103396,316,No,0
6062,0,0.0003549035845262037,305,No,0
6600,0,0.027445877203359753,396,No,0
6000,0,0.13509996450964154,285,No,0
6000,0,0.13509996450964154,285,No,0
6400,0,0.028037383177570093,374,No,0
6450,0,0.010055601561575771,382,No,0
6100,0,0.030403407074411453,312,No,0
4400,0,0.05524665799124571,166,No,0
6400,0,0.028037383177570093,374,No,0
6100,0,0.030403407074411453,312,No,0
6200,0,0.003785638234946173,343,No,0
6000,0,0.13509996450964154,285,No,0
6600,0,0.027445877203359753,396,No,0
4500,0,0.011120312315154384,205,No,0
4210,0,0.005560156157577192,109,No,0
4000,0,0.18999171891636105,32,No,0
4000,0,0.18999171891636105,32,No,0
6400,0,0.028037383177570093,374,No,0
4000,0,0.18999171891636105,32,No,0
4002,0,0.03584526203714657,34,No,0
6000,0,0.13509996450964154,285,No,0
6000,0,0.13509996450964154,285,No,0
4000,0,0.18999171891636105,32,No,0
6100,0,0.030403407074411453,312,No,0
6000,0,0.13509996450964154,285,No,0
4414,0,0.0001183011948420679,176,No,0
6400,0,0.028037383177570093,374,No,0
6000,0,0.13509996450964154,285,No,0
6100,0,0.030403407074411453,312,Yes,1
4023,0,0.03099491304862179,49,No,0
6000,0,0.13509996450964154,285,No,0
4400,0,0.05524665799124571,166,No,0
4017,0,0.0020111203123151546,44,No,0
4400,0,0.05524665799124571,166,No,0
6000,0,0.13509996450964154,285,No,0
6100,0,0.030403407074411453,312,No,0
6000,0,0.13509996450964154,285,No,0
4013,0,0.001183011948420679,41,No,0
6570,0,0.0010647107535786111,395,No,0
4023,0,0.03099491304862179,49,No,0
4550,0,0.005441854962735124,211,No,0
4021,0,0.001183011948420679,48,No,0
4400,0,0.05524665799124571,166,No,0
4000,0,0.18999171891636105,32,No,0
4003,0,0.047320477936827164,35,No,0
6400,0,0.028037383177570093,374,No,0
6600,0,0.027445877203359753,396,No,0
6000,0,0.13509996450964154,285,No,0
6600,0,0.027445877203359753,396,No,0
6000,0,0.13509996450964154,285,No,0
6489,0,0.0004732047793682716,386,No,0
6800,0,0.003903939429788241,409,No,0
6300,0,0.03998580385661895,363,No,0
6000,0,0.13509996450964154,285,No,0
6300,0,0.03998580385661895,363,No,0
6100,0,0.030403407074411453,312,No,0
6000,0,0.13509996450964154,285,No,0
4000,0,0.18999171891636105,32,No,0
6000,0,0.13509996450964154,285,No,0
4632,0,0.0002366023896841358,225,No,0
4001,0,0.004732047793682716,33,No,0
1164,0,0.0001183011948420679,2,No,0
6000,0,0.13509996450964154,285,No,0
6000,0,0.13509996450964154,285,No,0
6000,0,0.13509996450964154,285,No,0
6300,0,0.03998580385661895,363,No,0
4600,0,0.01360463740683781,220,No,0
6000,0,0.13509996450964154,285,No,0
6100,0,0.030403407074411453,312,No,0
4550,0,0.005441854962735124,211,No,0
4400,0,0.05524665799124571,166,No,0
4400,0,0.05524665799124571,166,No,0
6100,0,0.030403407074411453,312,No,0
6000,0,0.13509996450964154,285,No,0
6000,0,0.13509996450964154,285,No,0
6100,0,0.030403407074411453,312,No,0
4400,0,0.05524665799124571,166,No,0
6000,0,0.13509996450964154,285,No,0
6500,0,0.011356914704838518,388,No,0
6000,0,0.13509996450964154,285,No,0
6000,0,0.13509996450964154,285,No,0
4700,0,0.021767419850940495,232,No,0
4601,0,0.0003549035845262037,221,Yes,1
4008,0,0.0003549035845262037,39,No,0
4000,0,0.18999171891636105,32,No,0
4150,0,0.008399384833786822,81,No,0
4000,0,0.18999171891636105,32,No,0
6100,0,0.030403407074411453,312,No,0
4230,0,0.028865491541464568,122,No,0
6155,0,0.0005915059742103396,328,No,0
6000,0,0.13509996450964154,285,No,0
4500,0,0.011120312315154384,205,No,0
6000,0,0.13509996450964154,285,No,0
6000,0,0.13509996450964154,285,No,0
6001,0,0.0008281083638944754,286,No,0
6000,0,0.13509996450964154,285,No,0
1335,0,0.0001183011948420679,8,No,0
1505,0,0.0007098071690524074,14,No,0
6300,0,0.03998580385661895,363,No,0
6600,0,0.027445877203359753,396,No,0
6000,0,0.13509996450964154,285,No,0
4000,0,0.18999171891636105,32,No,0
6600,0,0.027445877203359753,396,No,0
4600,0,0.01360463740683781,220,No,0
4023,0,0.03099491304862179,49,No,0
6300,0,0.03998580385661895,363,No,0
4465,0,0.0002366023896841358,192,No,0
4023,0,0.03099491304862179,49,No,0
6100,0,0.030403407074411453,312,No,0
6550,0,0.002720927481367562,390,No,0
6000,0,0.13509996450964154,285,No,0
6000,0,0.13509996450964154,285,No,0
4550,0,0.005441854962735124,211,No,0
6100,0,0.030403407074411453,312,No,0
6300,0,0.03998580385661895,363,No,0
4400,0,0.05524665799124571,166,No,0
4000,0,0.18999171891636105,32,No,0
6400,0,0.028037383177570093,374,No,0
6100,0,0.030403407074411453,312,No,0
6400,0,0.028037383177570093,374,No,0
4550,0,0.005441854962735124,211,No,0
4300,0,0.015615757719152964,147,No,0
4000,0,0.18999171891636105,32,No,0
4227,0,0.0001183011948420679,120,No,0
6800,0,0.003903939429788241,409,No,0
4400,0,0.05524665799124571,166,No,0
6000,0,0.13509996450964154,285,No,0
6372,0,0.0001183011948420679,372,No,0
4004,0,0.03667337040104105,36,No,0
6100,0,0.030403407074411453,312,No,0
6000,0,0.13509996450964154,285,No,0
6300,0,0.03998580385661895,363,No,0
6100,0,0.030403407074411453,312,No,0
4004,0,0.03667337040104105,36,No,0
6900,0,0.002720927481367562,426,No,0
4150,0,0.008399384833786822,81,No,0
6770,0,0.0005915059742103396,407,No,0
6000,0,0.13509996450964154,285,No,0
4700,0,0.021767419850940495,232,No,0
6400,0,0.028037383177570093,374,No,0
6000,0,0.13509996450964154,285,No,0
8241,0,0.0001183011948420679,435,No,0
6200,0,0.003785638234946173,343,No,0
4230,0,0.028865491541464568,122,No,0
1505,0,0.0007098071690524074,14,No,0
6300,0,0.03998580385661895,363,No,0
6400,0,0.028037383177570093,374,No,0
6000,0,0.13509996450964154,285,No,0
6100,0,0.030403407074411453,312,No,0
6500,0,0.011356914704838518,388,No,0
4000,0,0.18999171891636105,32,No,0
6000,0,0.13509996450964154,285,No,0
6000,0,0.13509996450964154,285,No,0
6500,0,0.011356914704838518,388,No,0
4640,0,0.002484325091683426,227,No,0
4400,0,0.05524665799124571,166,No,0
4023,0,0.03099491304862179,49,No,0
6000,0,0.13509996450964154,285,No,0
4000,0,0.18999171891636105,32,No,0
4004,0,0.03667337040104105,36,No,0
4400,0,0.05524665799124571,166,Yes,1
4003,0,0.047320477936827164,35,No,0
6000,0,0.13509996450964154,285,No,0
6000,0,0.13509996450964154,285,No,0
4400,0,0.05524665799124571,166,No,0
6500,0,0.011356914704838518,388,No,0
6343,0,0.0004732047793682716,367,No,0
4400,0,0.05524665799124571,166,Yes,1
4500,0,0.011120312315154384,205,Yes,1
6000,0,0.13509996450964154,285,No,0
6100,0,0.030403407074411453,312,No,0
6000,0,0.13509996450964154,285,No,0
6000,0,0.13509996450964154,285,No,0
4000,0,0.18999171891636105,32,No,0
4004,0,0.03667337040104105,36,Yes,1
4000,0,0.18999171891636105,32,No,0
6800,0,0.003903939429788241,409,No,0
4000,0,0.18999171891636105,32,No,0
4400,0,0.05524665799124571,166,No,0
4600,0,0.01360463740683781,220,No,0
4470,0,0.0021294215071572223,195,No,0
6000,0,0.13509996450964154,285,No,0
6100,0,0.030403407074411453,312,No,0
6000,0,0.13509996450964154,285,No,0
4000,0,0.18999171891636105,32,No,0
4023,0,0.03099491304862179,49,No,0
4002,0,0.03584526203714657,34,No,0
6400,0,0.028037383177570093,374,No,0
6000,0,0.13509996450964154,285,No,0
6550,0,0.002720927481367562,390,No,0
6300,0,0.03998580385661895,363,No,0
6300,0,0.03998580385661895,363,No,0
4400,0,0.05524665799124571,166,No,0
4000,0,0.18999171891636105,32,No,0
6000,0,0.13509996450964154,285,No,0
4400,0,0.05524665799124571,166,No,0
4000,0,0.18999171891636105,32,No,0
6100,0,0.030403407074411453,312,No,0
6292,0,0.0001183011948420679,362,No,0
4530,0,0.0009464095587365432,208,No,0
6300,0,0.03998580385661895,363,No,0
6600,0,0.027445877203359753,396,No,0
4490,0,0.00224772270199929,201,No,0
4003,0,0.047320477936827164,35,No,0
4600,0,0.01360463740683781,220,No,0
6000,0,0.13509996450964154,285,No,0
6000,0,0.13509996450964154,285,No,0
6100,0,0.030403407074411453,312,No,0
6000,0,0.13509996450964154,285,Yes,1
6600,0,0.027445877203359753,396,No,0
6190,0,0.0003549035845262037,341,No,0
6000,0,0.13509996450964154,285,No,0
6400,0,0.028037383177570093,374,No,0
4004,0,0.03667337040104105,36,No,0
6065,0,0.0004732047793682716,308,No,0
6450,0,0.010055601561575771,382,No,0
6400,0,0.028037383177570093,374,No,0
6000,0,0.13509996450964154,285,No,0
6000,0,0.13509996450964154,285,No,0
6000,0,0.13509996450964154,285,No,0
4003,0,0.047320477936827164,35,No,0
6000,0,0.13509996450964154,285,No,0
4023,0,0.03099491304862179,49,No,0
6300,0,0.03998580385661895,363,No,0
4500,0,0.011120312315154384,205,No,0
4023,0,0.03099491304862179,49,No,0
6100,0,0.030403407074411453,312,Yes,1
6100,0,0.030403407074411453,312,No,0
6061,0,0.0001183011948420679,304,No,0
6000,0,0.13509996450964154,285,No,0
4002,0,0.03584526203714657,34,No,0
6100,0,0.030403407074411453,312,No,0
4300,0,0.015615757719152964,147,No,0
6300,0,0.03998580385661895,363,No,0
4023,0,0.03099491304862179,49,No,0
4210,0,0.005560156157577192,109,No,0
6400,0,0.028037383177570093,374,No,0
6000,0,0.13509996450964154,285,No,0
6000,0,0.13509996450964154,285,No,0
6400,0,0.028037383177570093,374,No,0
4147,0,0.0017745179226310187,80,No,0
6400,0,0.028037383177570093,374,Yes,1
6000,0,0.13509996450964154,285,No,0
4400,0,0.05524665799124571,166,No,0
4023,0,0.03099491304862179,49,No,0
4000,0,0.18999171891636105,32,No,0
4300,0,0.015615757719152964,147,No,0
6000,0,0.13509996450964154,285,No,0
4940,0,0.0007098071690524074,261,No,0
4400,0,0.05524665799124571,166,No,0
6000,0,0.13509996450964154,285,No,0
6400,0,0.028037383177570093,374,No,0
6100,0,0.030403407074411453,312,No,0
6530,0,0.0001183011948420679,389,No,0
6000,0,0.13509996450964154,285,No,0
6000,0,0.13509996450964154,285,No,0
6000,0,0.13509996450964154,285,Yes,1
6400,0,0.028037383177570093,374,No,0
6000,0,0.13509996450964154,285,No,0
6000,0,0.13509996450964154,285,No,0
4400,0,0.05524665799124571,166,No,0
4400,0,0.05524665799124571,166,No,0
4522,0,0.0003549035845262037,206,No,0
4230,0,0.028865491541464568,122,No,0
6100,0,0.030403407074411453,312,No,0
4023,0,0.03099491304862179,49,No,0
6300,0,0.03998580385661895,363,No,0
4002,0,0.03584526203714657,34,No,0
4400,0,0.05524665799124571,166,No,0
6000,0,0.13509996450964154,285,No,0
6004,0,0.0003549035845262037,289,No,0
6500,0,0.011356914704838518,388,No,0
6600,0,0.027445877203359753,396,Yes,1
4197,0,0.0008281083638944754,98,No,0
4000,0,0.18999171891636105,32,No,0
6100,0,0.030403407074411453,312,No,0
6260,0,0.00508695137820892,351,No,0
4023,0,0.03099491304862179,49,No,0
4004,0,0.03667337040104105,36,Yes,1
6270,0,0.0001183011948420679,355,No,0
4002,0,0.03584526203714657,34,No,0
4000,0,0.18999171891636105,32,No,0
4000,0,0.18999171891636105,32,No,0
4400,0,0.05524665799124571,166,No,0
4000,0,0.18999171891636105,32,Yes,1
6000,0,0.13509996450964154,285,No,0
6000,0,0.13509996450964154,285,No,0
6100,0,0.030403407074411453,312,No,0
6200,0,0.003785638234946173,343,No,0
6100,0,0.030403407074411453,312,No,0
6400,0,0.028037383177570093,374,No,0
6000,0,0.13509996450964154,285,No,0
6000,0,0.13509996450964154,285,No,0
6300,0,0.03998580385661895,363,No,0
6600,0,0.027445877203359753,396,No,0
6000,0,0.13509996450964154,285,No,0
4400,0,0.05524665799124571,166,No,0
4000,0,0.18999171891636105,32,No,0
6000,0,0.13509996450964154,285,No,0
6100,0,0.030403407074411453,312,No,0
6100,0,0.030403407074411453,312,No,0
4137,0,0.0008281083638944754,75,No,0
4300,0,0.015615757719152964,147,Yes,1
4020,0,0.004140541819472376,47,No,0
4000,0,0.18999171891636105,32,No,0
4640,0,0.002484325091683426,227,No,0
4400,0,0.05524665799124571,166,No,0
6100,0,0.030403407074411453,312,No,0
6000,0,0.13509996450964154,285,No,0
4250,0,0.0003549035845262037,129,No,0
4000,0,0.18999171891636105,32,No,0
6000,0,0.13509996450964154,285,Yes,1
6500,0,0.011356914704838518,388,No,0
4004,0,0.03667337040104105,36,No,0
4004,0,0.03667337040104105,36,No,0
6100,0,0.030403407074411453,312,No,0
4004,0,0.03667337040104105,36,No,0
6000,0,0.13509996450964154,285,No,0
6400,0,0.028037383177570093,374,No,0
4004,0,0.03667337040104105,36,No,0
6100,0,0.030403407074411453,312,No,0
4400,0,0.05524665799124571,166,No,0
4023,0,0.03099491304862179,49,No,0
4400,0,0.05524665799124571,166,No,0
6100,0,0.030403407074411453,312,No,0
6000,0,0.13509996450964154,285,No,0
6600,0,0.027445877203359753,396,No,0
4400,0,0.05524665799124571,166,No,0
4000,0,0.18999171891636105,32,No,0
6171,0,0.0001183011948420679,337,No,0
6000,0,0.13509996450964154,285,No,0
6100,0,0.030403407074411453,312,No,0
6600,0,0.027445877203359753,396,No,0
6300,0,0.03998580385661895,363,No,0
4500,0,0.011120312315154384,205,No,0
6600,0,0.027445877203359753,396,No,0
6300,0,0.03998580385661895,363,No,0
4000,0,0.18999171891636105,32,No,0
6000,0,0.13509996450964154,285,No,0
6000,0,0.13509996450964154,285,No,0
6300,0,0.03998580385661895,363,No,0
6300,0,0.03998580385661895,363,No,0
6300,0,0.03998580385661895,363,Yes,1
4400,0,0.05524665799124571,166,No,0
4004,0,0.03667337040104105,36,No,0
4150,0,0.008399384833786822,81,No,0
6000,0,0.13509996450964154,285,No,0
6600,0,0.027445877203359753,396,No,0
4230,0,0.028865491541464568,122,Yes,1
4000,0,0.18999171891636105,32,No,0
6000,0,0.13509996450964154,285,No,0
6004,0,0.0003549035845262037,289,No,0
6100,0,0.030403407074411453,312,No,0
4002,0,0.03584526203714657,34,No,0
6690,0,0.0003549035845262037,404,No,0
6300,0,0.03998580385661895,363,No,0
4003,0,0.047320477936827164,35,No,0
4550,0,0.005441854962735124,211,No,0
6400,0,0.028037383177570093,374,No,0
6600,0,0.027445877203359753,396,No,0
4006,0,0.006743168105997871,37,No,0
4407,0,0.0009464095587365432,170,No,0
4000,0,0.18999171891636105,32,No,0
6000,0,0.13509996450964154,285,No,0
6100,0,0.030403407074411453,312,No,0
6500,0,0.011356914704838518,388,No,0
4000,0,0.18999171891636105,32,No,0
4339,0,0.0001183011948420679,152,No,0
6140,0,0.0007098071690524074,318,No,0
6000,0,0.13509996450964154,285,No,0
6000,0,0.13509996450964154,285,No,0
4003,0,0.047320477936827164,35,No,0
4225,0,0.0017745179226310187,119,No,0
6600,0,0.027445877203359753,396,No,0
4150,0,0.008399384833786822,81,No,0
6500,0,0.011356914704838518,388,No,0
4230,0,0.028865491541464568,122,No,0
6300,0,0.03998580385661895,363,No,0
6550,0,0.002720927481367562,390,No,0
4500,0,0.011120312315154384,205,No,0
4000,0,0.18999171891636105,32,No,0
4000,0,0.18999171891636105,32,No,0
6000,0,0.13509996450964154,285,No,0
6000,0,0.13509996450964154,285,No,0
6300,0,0.03998580385661895,363,No,0
4400,0,0.05524665799124571,166,No,0
4004,0,0.03667337040104105,36,No,0
6550,0,0.002720927481367562,390,No,0
4003,0,0.047320477936827164,35,No,0
4000,0,0.18999171891636105,32,No,0
4000,0,0.18999171891636105,32,Yes,1
4000,0,0.18999171891636105,32,No,0
4400,0,0.05524665799124571,166,No,0
6100,0,0.030403407074411453,312,No,0
6000,0,0.13509996450964154,285,No,0
4500,0,0.011120312315154384,205,No,0
6000,0,0.13509996450964154,285,No,0
6362,0,0.0004732047793682716,369,No,0
4001,0,0.004732047793682716,33,No,0
6000,0,0.13509996450964154,285,No,0
6000,0,0.13509996450964154,285,No,0
6600,0,0.027445877203359753,396,No,0
6600,0,0.027445877203359753,396,No,0
6100,0,0.030403407074411453,312,No,0
6400,0,0.028037383177570093,374,No,0
6280,0,0.002484325091683426,359,No,0
4000,0,0.18999171891636105,32,No,0
6600,0,0.027445877203359753,396,No,0
6300,0,0.03998580385661895,363,No,0
6600,0,0.027445877203359753,396,No,0
4500,0,0.011120312315154384,205,No,0
4400,0,0.05524665799124571,166,No,0
4173,0,0.0007098071690524074,87,No,0
6000,0,0.13509996450964154,285,No,0
6600,0,0.027445877203359753,396,Yes,1
6280,0,0.002484325091683426,359,No,0
6000,0,0.13509996450964154,285,No,0
4000,0,0.18999171891636105,32,No,0
4300,0,0.015615757719152964,147,No,0
6142,0,0.0003549035845262037,320,No,0
6400,0,0.028037383177570093,374,No,0
4006,0,0.006743168105997871,37,No,0
6000,0,0.13509996450964154,285,No,0
6000,0,0.13509996450964154,285,No,0
6500,0,0.011356914704838518,388,No,0
4400,0,0.05524665799124571,166,No,0
4023,0,0.03099491304862179,49,No,0
4002,0,0.03584526203714657,34,No,0
6070,0,0.0002366023896841358,309,No,0
6000,0,0.13509996450964154,285,Yes,1
4400,0,0.05524665799124571,166,No,0
6000,0,0.13509996450964154,285,No,0
6000,0,0.13509996450964154,285,No,0
6100,0,0.030403407074411453,312,No,0
6000,0,0.13509996450964154,285,No,0
6100,0,0.030403407074411453,312,No,0
6100,0,0.030403407074411453,312,No,0
6000,0,0.13509996450964154,285,No,0
6400,0,0.028037383177570093,374,No,0
6600,0,0.027445877203359753,396,No,0
6300,0,0.03998580385661895,363,No,0
4500,0,0.011120312315154384,205,No,0
4230,0,0.028865491541464568,122,No,0
6400,0,0.028037383177570093,374,No,0
4142,0,0.0008281083638944754,78,No,0
4700,0,0.021767419850940495,232,No,0
4002,0,0.03584526203714657,34,No,0
6000,0,0.13509996450964154,285,No,0
6200,0,0.003785638234946173,343,No,0
4550,0,0.005441854962735124,211,No,0
4142,0,0.0008281083638944754,78,No,0
4400,0,0.05524665799124571,166,No,0
6000,0,0.13509996450964154,285,No,0
6400,0,0.028037383177570093,374,No,0
4230,0,0.028865491541464568,122,No,0
6400,0,0.028037383177570093,374,No,0
6900,0,0.002720927481367562,426,Yes,1
6600,0,0.027445877203359753,396,No,0
6300,0,0.03998580385661895,363,No,0
6300,0,0.03998580385661895,363,Yes,1
6500,0,0.011356914704838518,388,No,0
8260,0,0.0001183011948420679,436,No,0
4632,0,0.0002366023896841358,225,Yes,1
6100,0,0.030403407074411453,312,No,0
6400,0,0.028037383177570093,374,No,0
6000,0,0.13509996450964154,285,No,0
6300,0,0.03998580385661895,363,No,0
6400,0,0.028037383177570093,374,No,0
4550,0,0.005441854962735124,211,No,0
4002,0,0.03584526203714657,34,No,0
4408,0,0.0001183011948420679,171,No,0
6000,0,0.13509996450964154,285,No,0
6000,0,0.13509996450964154,285,No,0
6500,0,0.011356914704838518,388,No,0
4600,0,0.01360463740683781,220,No,0
4000,0,0.18999171891636105,32,No,0
4500,0,0.011120312315154384,205,No,0
4000,0,0.18999171891636105,32,No,0
6845,0,0.0001183011948420679,412,Yes,1
6260,0,0.00508695137820892,351,No,0
6000,0,0.13509996450964154,285,No,0
4000,0,0.18999171891636105,32,No,0
6000,0,0.13509996450964154,285,No,0
6400,0,0.028037383177570093,374,No,0
6000,0,0.13509996450964154,285,No,0
6000,0,0.13509996450964154,285,No,0
6600,0,0.027445877203359753,396,No,0
6600,0,0.027445877203359753,396,No,0
6000,0,0.13509996450964154,285,No,0
6000,0,0.13509996450964154,285,No,0
6000,0,0.13509996450964154,285,Yes,1
4270,0,0.008635987223470957,137,No,0
6400,0,0.028037383177570093,374,No,0
4003,0,0.047320477936827164,35,No,0
6000,0,0.13509996450964154,285,No,0
6000,0,0.13509996450964154,285,No,0
6100,0,0.030403407074411453,312,No,0
4400,0,0.05524665799124571,166,No,0
6000,0,0.13509996450964154,285,No,0
4004,0,0.03667337040104105,36,No,0
6142,0,0.0003549035845262037,320,No,0
6000,0,0.13509996450964154,285,Yes,1
6400,0,0.028037383177570093,374,Yes,1
6000,0,0.13509996450964154,285,No,0
6100,0,0.030403407074411453,312,No,0
6600,0,0.027445877203359753,396,No,0
4418,0,0.0001183011948420679,179,No,0
4230,0,0.028865491541464568,122,No,0
4000,0,0.18999171891636105,32,No,0
4130,0,0.0009464095587365432,69,No,0
6400,0,0.028037383177570093,374,No,0
6000,0,0.13509996450964154,285,No,0
6450,0,0.010055601561575771,382,No,0
6000,0,0.13509996450964154,285,No,0
6280,0,0.002484325091683426,359,No,0
4112,0,0.0008281083638944754,61,No,0
1000,0,0.0008281083638944754,0,No,0
6300,0,0.03998580385661895,363,No,0
6300,0,0.03998580385661895,363,No,0
4000,0,0.18999171891636105,32,No,0
4640,0,0.002484325091683426,227,No,0
6000,0,0.13509996450964154,285,No,0
6100,0,0.030403407074411453,312,No,0
6600,0,0.027445877203359753,396,No,0
4500,0,0.011120312315154384,205,No,0
4003,0,0.047320477936827164,35,No,0
6450,0,0.010055601561575771,382,No,0
6000,0,0.13509996450964154,285,No,0
6000,0,0.13509996450964154,285,No,0
6400,0,0.028037383177570093,374,No,0
6260,0,0.00508695137820892,351,No,0
6450,0,0.010055601561575771,382,No,0
6000,0,0.13509996450964154,285,No,0
4000,0,0.18999171891636105,32,No,0
6490,0,0.0008281083638944754,387,No,0
6600,0,0.027445877203359753,396,No,0
6860,0,0.0001183011948420679,415,No,0
6600,0,0.027445877203359753,396,No,0
4002,0,0.03584526203714657,34,No,0
4600,0,0.01360463740683781,220,No,0
6400,0,0.028037383177570093,374,No,0
6100,0,0.030403407074411453,312,No,0
6000,0,0.13509996450964154,285,No,0
6450,0,0.010055601561575771,382,No,0
6500,0,0.011356914704838518,388,No,0
4004,0,0.03667337040104105,36,No,0
6400,0,0.028037383177570093,374,No,0
6000,0,0.13509996450964154,285,No,0
6600,0,0.027445877203359753,396,No,0
4020,0,0.004140541819472376,47,No,0
6000,0,0.13509996450964154,285,No,0
4330,0,0.002720927481367562,150,No,0
4700,0,0.021767419850940495,232,No,0
6000,0,0.13509996450964154,285,No,0
6000,0,0.13509996450964154,285,Yes,1
6260,0,0.00508695137820892,351,No,0
6400,0,0.028037383177570093,374,No,0
6600,0,0.027445877203359753,396,No,0
6600,0,0.027445877203359753,396,No,0
4137,0,0.0008281083638944754,75,No,0
4003,0,0.047320477936827164,35,No,0
4412,0,0.0005915059742103396,175,No,0
6100,0,0.030403407074411453,312,No,0
6600,0,0.027445877203359753,396,No,0
6500,0,0.011356914704838518,388,No,0
4579,0,0.001301313143262747,212,No,0
4600,0,0.01360463740683781,220,No,0
4015,0,0.0021294215071572223,42,No,0
6000,0,0.13509996450964154,285,No,0
5400,0,0.0001183011948420679,282,No,0
4400,0,0.05524665799124571,166,Yes,1
6300,0,0.03998580385661895,363,No,0
4230,0,0.028865491541464568,122,No,0
4000,0,0.18999171891636105,32,No,0
4600,0,0.01360463740683781,220,No,0
4002,0,0.03584526203714657,34,No,0
6000,0,0.13509996450964154,285,No,0
6450,0,0.010055601561575771,382,No,0
4003,0,0.047320477936827164,35,No,0
4400,0,0.05524665799124571,166,No,0
6260,0,0.00508695137820892,351,No,0
4300,0,0.015615757719152964,147,No,0
4003,0,0.047320477936827164,35,No,0
4023,0,0.03099491304862179,49,No,0
6000,0,0.13509996450964154,285,No,0
6000,0,0.13509996450964154,285,No,0
6167,0,0.0002366023896841358,335,No,0
4000,0,0.18999171891636105,32,No,0
4300,0,0.015615757719152964,147,No,0
6000,0,0.13509996450964154,285,No,0
6400,0,0.028037383177570093,374,No,0
4000,0,0.18999171891636105,32,No,0
2500,0,0.0001183011948420679,28,No,0
4000,0,0.18999171891636105,32,No,0
6000,0,0.13509996450964154,285,No,0
4002,0,0.03584526203714657,34,No,0
6000,0,0.13509996450964154,285,No,0
4000,0,0.18999171891636105,32,No,0
4004,0,0.03667337040104105,36,No,0
4000,0,0.18999171891636105,32,No,0
6000,0,0.13509996450964154,285,No,0
6097,0,0.0002366023896841358,311,Yes,1
6900,0,0.002720927481367562,426,No,0
4581,0,0.001183011948420679,214,No,0
4400,0,0.05524665799124571,166,No,0
6000,0,0.13509996450964154,285,No,0
6100,0,0.030403407074411453,312,No,0
6400,0,0.028037383177570093,374,No,0
6000,0,0.13509996450964154,285,No,0
6800,0,0.003903939429788241,409,No,0
6600,0,0.027445877203359753,396,No,0
4409,0,0.001183011948420679,172,No,0
4000,0,0.18999171891636105,32,Yes,1
4003,0,0.047320477936827164,35,No,0
6900,0,0.002720927481367562,426,No,0
6000,0,0.13509996450964154,285,No,0
4006,0,0.006743168105997871,37,Yes,1
6000,0,0.13509996450964154,285,No,0
6300,0,0.03998580385661895,363,No,0
6400,0,0.028037383177570093,374,No,0
6440,0,0.0001183011948420679,380,No,0
6600,0,0.027445877203359753,396,No,0
6300,0,0.03998580385661895,363,No,0
6300,0,0.03998580385661895,363,No,0
4110,0,0.0020111203123151546,59,No,0
4003,0,0.047320477936827164,35,No,0
4172,0,0.0009464095587365432,86,No,0
1712,0,0.0001183011948420679,20,No,0
6190,0,0.0003549035845262037,341,No,0
6000,0,0.13509996450964154,285,No,0
6155,0,0.0005915059742103396,328,No,0
6300,0,0.03998580385661895,363,No,0
4400,0,0.05524665799124571,166,No,0
6000,0,0.13509996450964154,285,No,0
4300,0,0.015615757719152964,147,No,0
4000,0,0.18999171891636105,32,No,0
6100,0,0.030403407074411453,312,No,0
6600,0,0.027445877203359753,396,No,0
6300,0,0.03998580385661895,363,No,0
6550,0,0.002720927481367562,390,No,0
6000,0,0.13509996450964154,285,No,0
6500,0,0.011356914704838518,388,No,0
4400,0,0.05524665799124571,166,No,0
6100,0,0.030403407074411453,312,No,0
6000,0,0.13509996450964154,285,Yes,1
6600,0,0.027445877203359753,396,No,0
6800,0,0.003903939429788241,409,No,0
4210,0,0.005560156157577192,109,Yes,1
4000,0,0.18999171891636105,32,No,0
6000,0,0.13509996450964154,285,No,0
6180,0,0.0007098071690524074,340,No,0
4400,0,0.05524665799124571,166,No,0
4023,0,0.03099491304862179,49,No,0
6865,0,0.0001183011948420679,417,No,0
4122,0,0.0004732047793682716,66,No,0
6400,0,0.028037383177570093,374,No,0
6000,0,0.13509996450964154,285,No,0
6400,0,0.028037383177570093,374,No,0
6300,0,0.03998580385661895,363,No,0
6600,0,0.027445877203359753,396,No,0
4550,0,0.005441854962735124,211,No,0
4400,0,0.05524665799124571,166,No,0
4400,0,0.05524665799124571,166,No,0
4023,0,0.03099491304862179,49,No,0
4003,0,0.047320477936827164,35,No,0
4900,0,0.0007098071690524074,259,No,0
4006,0,0.006743168105997871,37,No,0
6400,0,0.028037383177570093,374,No,0
4004,0,0.03667337040104105,36,No,0
4400,0,0.05524665799124571,166,Yes,1
6000,0,0.13509996450964154,285,No,0
6000,0,0.13509996450964154,285,No,0
6450,0,0.010055601561575771,382,No,0
4490,0,0.00224772270199929,201,No,0
4490,0,0.00224772270199929,201,No,0
4000,0,0.18999171891636105,32,No,0
4400,0,0.05524665799124571,166,No,0
6300,0,0.03998580385661895,363,No,0
6000,0,0.13509996450964154,285,No,0
6000,0,0.13509996450964154,285,No,0
6000,0,0.13509996450964154,285,No,0
6450,0,0.010055601561575771,382,No,0
4600,0,0.01360463740683781,220,No,0
4000,0,0.18999171891636105,32,No,0
4400,0,0.05524665799124571,166,No,0
6000,0,0.13509996450964154,285,No,0
6000,0,0.13509996450964154,285,No,0
6062,0,0.0003549035845262037,305,No,0
6065,0,0.0004732047793682716,308,No,0
6000,0,0.13509996450964154,285,No,0
6100,0,0.030403407074411453,312,No,0
4400,0,0.05524665799124571,166,No,0
4400,0,0.05524665799124571,166,No,0
4180,0,0.0035490358452620373,92,No,0
4550,0,0.005441854962735124,211,No,0
6000,0,0.13509996450964154,285,No,0
6400,0,0.028037383177570093,374,No,0
6450,0,0.010055601561575771,382,No,0
6600,0,0.027445877203359753,396,No,0
6600,0,0.027445877203359753,396,No,0
6570,0,0.0010647107535786111,395,Yes,1
4400,0,0.05524665799124571,166,Yes,1
6000,0,0.13509996450964154,285,No,0
6100,0,0.030403407074411453,312,No,0
4000,0,0.18999171891636105,32,No,0
6000,0,0.13509996450964154,285,No,0
6200,0,0.003785638234946173,343,No,0
6400,0,0.028037383177570093,374,No,0
6400,0,0.028037383177570093,374,No,0
6300,0,0.03998580385661895,363,No,0
6300,0,0.03998580385661895,363,No,0
4003,0,0.047320477936827164,35,No,0
4000,0,0.18999171891636105,32,No,0
6000,0,0.13509996450964154,285,No,0
6000,0,0.13509996450964154,285,No,0
6437,0,0.0003549035845262037,379,No,0
4400,0,0.05524665799124571,166,No,0
4400,0,0.05524665799124571,166,No,0
4300,0,0.015615757719152964,147,No,0
6280,0,0.002484325091683426,359,No,0
4000,0,0.18999171891636105,32,No,0
4230,0,0.028865491541464568,122,No,0
6100,0,0.030403407074411453,312,No,0
4400,0,0.05524665799124571,166,No,0
6400,0,0.028037383177570093,374,No,0
6000,0,0.13509996450964154,285,No,0
6560,0,0.0004732047793682716,392,No,0
4600,0,0.01360463740683781,220,No,0
4400,0,0.05524665799124571,166,No,0
4600,0,0.01360463740683781,220,No,0
6000,0,0.13509996450964154,285,No,0
6000,0,0.13509996450964154,285,No,0
6000,0,0.13509996450964154,285,No,0
4150,0,0.008399384833786822,81,No,0
4000,0,0.18999171891636105,32,No,0
4210,0,0.005560156157577192,109,No,0
6000,0,0.13509996450964154,285,No,0
6300,0,0.03998580385661895,363,No,0
4470,0,0.0021294215071572223,195,No,0
6000,0,0.13509996450964154,285,No,0
6600,0,0.027445877203359753,396,No,0
4023,0,0.03099491304862179,49,No,0
6400,0,0.028037383177570093,374,No,0
4003,0,0.047320477936827164,35,Yes,1
6000,0,0.13509996450964154,285,No,0
4500,0,0.011120312315154384,205,No,0
4023,0,0.03099491304862179,49,No,0
4000,0,0.18999171891636105,32,No,0
4000,0,0.18999171891636105,32,No,0
6000,0,0.13509996450964154,285,No,0
6200,0,0.003785638234946173,343,No,0
6100,0,0.030403407074411453,312,No,0
6100,0,0.030403407074411453,312,Yes,1
6300,0,0.03998580385661895,363,No,0
6000,0,0.13509996450964154,285,No,0
6600,0,0.027445877203359753,396,No,0
4400,0,0.05524665799124571,166,No,0
6000,0,0.13509996450964154,285,No,0
6000,0,0.13509996450964154,285,No,0
6450,0,0.010055601561575771,382,No,0
4004,0,0.03667337040104105,36,No,0
6500,0,0.011356914704838518,388,No,0
6000,0,0.13509996450964154,285,No,0
6000,0,0.13509996450964154,285,No,0
6000,0,0.13509996450964154,285,No,0
6200,0,0.003785638234946173,343,No,0
6600,0,0.027445877203359753,396,No,0
4003,0,0.047320477936827164,35,No,0
6000,0,0.13509996450964154,285,Yes,1
6100,0,0.030403407074411453,312,No,0
6100,0,0.030403407074411453,312,No,0
6400,0,0.028037383177570093,374,No,0
4770,0,0.0007098071690524074,240,No,0
4230,0,0.028865491541464568,122,No,0
4400,0,0.05524665799124571,166,No,0
6490,0,0.0008281083638944754,387,No,0
6000,0,0.13509996450964154,285,No,0
4004,0,0.03667337040104105,36,No,0
4004,0,0.03667337040104105,36,No,0
4600,0,0.01360463740683781,220,No,0
6000,0,0.13509996450964154,285,No,0
4000,0,0.18999171891636105,32,No,0
6600,0,0.027445877203359753,396,No,0
6300,0,0.03998580385661895,363,No,0
4600,0,0.01360463740683781,220,No,0
4000,0,0.18999171891636105,32,No,0
4003,0,0.047320477936827164,35,No,0
6190,0,0.0003549035845262037,341,No,0
6400,0,0.028037383177570093,374,No,0
4295,0,0.0001183011948420679,145,No,0
6000,0,0.13509996450964154,285,No,0
4000,0,0.18999171891636105,32,No,0
4023,0,0.03099491304862179,49,No,0
4600,0,0.01360463740683781,220,No,0
4004,0,0.03667337040104105,36,No,0
6000,0,0.13509996450964154,285,No,0
6000,0,0.13509996450964154,285,Yes,1
6400,0,0.028037383177570093,374,No,0
4300,0,0.015615757719152964,147,No,0
6000,0,0.13509996450964154,285,No,0
6000,0,0.13509996450964154,285,No,0
6100,0,0.030403407074411453,312,No,0
6600,0,0.027445877203359753,396,No,0
6600,0,0.027445877203359753,396,No,0
4500,0,0.011120312315154384,205,No,0
4000,0,0.18999171891636105,32,No,0
6000,0,0.13509996450964154,285,No,0
6300,0,0.03998580385661895,363,No,0
4400,0,0.05524665799124571,166,No,0
4000,0,0.18999171891636105,32,No,0
6000,0,0.13509996450964154,285,No,0
6100,0,0.030403407074411453,312,No,0
4002,0,0.03584526203714657,34,No,0
4641,0,0.0003549035845262037,228,No,0
4004,0,0.03667337040104105,36,No,0
4000,0,0.18999171891636105,32,No,0
4120,0,0.0002366023896841358,64,No,0
6000,0,0.13509996450964154,285,No,0
6000,0,0.13509996450964154,285,No,0
6000,0,0.13509996450964154,285,No,0
6600,0,0.027445877203359753,396,No,0
6800,0,0.003903939429788241,409,No,0
6100,0,0.030403407074411453,312,No,0
4220,0,0.0030758310658937655,114,No,0
6607,0,0.0001183011948420679,397,No,0
6600,0,0.027445877203359753,396,No,0
4225,0,0.0017745179226310187,119,No,0
6172,0,0.0001183011948420679,338,No,0
6200,0,0.003785638234946173,343,No,0
6000,0,0.13509996450964154,285,No,0
6000,0,0.13509996450964154,285,No,0
6100,0,0.030403407074411453,312,No,0
4550,0,0.005441854962735124,211,No,0
6000,0,0.13509996450964154,285,No,0
6180,0,0.0007098071690524074,340,No,0
6100,0,0.030403407074411453,312,No,0
6000,0,0.13509996450964154,285,No,0
6300,0,0.03998580385661895,363,No,0
4000,0,0.18999171891636105,32,No,0
6100,0,0.030403407074411453,312,No,0
6400,0,0.028037383177570093,374,No,0
6100,0,0.030403407074411453,312,No,0
6000,0,0.13509996450964154,285,No,0
4300,0,0.015615757719152964,147,No,0
6400,0,0.028037383177570093,374,No,0
6000,0,0.13509996450964154,285,No,0
6100,0,0.030403407074411453,312,No,0
4600,0,0.01360463740683781,220,No,0
4147,0,0.0017745179226310187,80,No,0
6400,0,0.028037383177570093,374,No,0
6000,0,0.13509996450964154,285,No,0
4230,0,0.028865491541464568,122,No,0
4180,0,0.0035490358452620373,92,No,0
6550,0,0.002720927481367562,390,No,0
6500,0,0.011356914704838518,388,No,0
4003,0,0.047320477936827164,35,No,0
6450,0,0.010055601561575771,382,No,0
6000,0,0.13509996450964154,285,No,0
6000,0,0.13509996450964154,285,No,0
6300,0,0.03998580385661895,363,No,0
4400,0,0.05524665799124571,166,No,0
4140,0,0.0004732047793682716,76,No,0
4360,0,0.0009464095587365432,161,No,0
4002,0,0.03584526203714657,34,Yes,1
6100,0,0.030403407074411453,312,No,0
4600,0,0.01360463740683781,220,No,0
6750,0,0.0008281083638944754,406,No,0
6600,0,0.027445877203359753,396,No,0
4002,0,0.03584526203714657,34,No,0
4400,0,0.05524665799124571,166,No,0
6000,0,0.13509996450964154,285,No,0
6300,0,0.03998580385661895,363,No,0
4600,0,0.01360463740683781,220,No,0
4872,0,0.0003549035845262037,255,No,0
6008,0,0.0002366023896841358,291,No,0
6450,0,0.010055601561575771,382,No,0
6000,0,0.13509996450964154,285,No,0
6300,0,0.03998580385661895,363,No,0
4023,0,0.03099491304862179,49,No,0
6000,0,0.13509996450964154,285,No,0
4400,0,0.05524665799124571,166,No,0
6568,0,0.0001183011948420679,394,No,0
6489,0,0.0004732047793682716,386,No,0
6400,0,0.028037383177570093,374,No,0
6000,0,0.13509996450964154,285,No,0
6000,0,0.13509996450964154,285,No,0
6000,0,0.13509996450964154,285,No,0
6400,0,0.028037383177570093,374,No,0
4000,0,0.18999171891636105,32,No,0
4002,0,0.03584526203714657,34,No,0
4400,0,0.05524665799124571,166,No,0
6100,0,0.030403407074411453,312,No,0
6000,0,0.13509996450964154,285,No,0
6300,0,0.03998580385661895,363,Yes,1
6450,0,0.010055601561575771,382,No,0
4003,0,0.047320477936827164,35,No,0
6000,0,0.13509996450964154,285,No,0
6000,0,0.13509996450964154,285,No,0
6100,0,0.030403407074411453,312,No,0
1303,0,0.0001183011948420679,5,No,0
4204,0,0.0009464095587365432,105,No,0
4400,0,0.05524665799124571,166,No,0
4003,0,0.047320477936827164,35,No,0
6000,0,0.13509996450964154,285,No,0
6000,0,0.13509996450964154,285,No,0
6100,0,0.030403407074411453,312,Yes,1
6600,0,0.027445877203359753,396,No,0
4220,0,0.0030758310658937655,114,No,0
4000,0,0.18999171891636105,32,No,0
6100,0,0.030403407074411453,312,No,0
4230,0,0.028865491541464568,122,No,0
4000,0,0.18999171891636105,32,No,0
6400,0,0.028037383177570093,374,No,0
6000,0,0.13509996450964154,285,No,0
4406,0,0.0004732047793682716,169,Yes,1
4400,0,0.05524665799124571,166,No,0
6400,0,0.028037383177570093,374,No,0
6000,0,0.13509996450964154,285,No,0
6600,0,0.027445877203359753,396,No,0
6300,0,0.03998580385661895,363,No,0
6450,0,0.010055601561575771,382,No,0
6100,0,0.030403407074411453,312,No,0
6000,0,0.13509996450964154,285,No,0
6000,0,0.13509996450964154,285,No,0
4002,0,0.03584526203714657,34,No,0
6900,0,0.002720927481367562,426,No,0
4000,0,0.18999171891636105,32,No,0
4400,0,0.05524665799124571,166,No,0
6063,0,0.0002366023896841358,306,No,0
6100,0,0.030403407074411453,312,No,0
6550,0,0.002720927481367562,390,No,0
6450,0,0.010055601561575771,382,No,0
6400,0,0.028037383177570093,374,No,0
6442,0,0.0001183011948420679,381,No,0
4300,0,0.015615757719152964,147,No,0
6000,0,0.13509996450964154,285,No,0
6500,0,0.011356914704838518,388,No,0
4002,0,0.03584526203714657,34,Yes,1
4000,0,0.18999171891636105,32,No,0
4400,0,0.05524665799124571,166,No,0
6000,0,0.13509996450964154,285,No,0
6600,0,0.027445877203359753,396,No,0
4836,0,0.0001183011948420679,251,No,0
4023,0,0.03099491304862179,49,No,0
4230,0,0.028865491541464568,122,No,0
6000,0,0.13509996450964154,285,No,0
6000,0,0.13509996450964154,285,No,0
6400,0,0.028037383177570093,374,No,0
6600,0,0.027445877203359753,396,No,0
4400,0,0.05524665799124571,166,No,0
4600,0,0.01360463740683781,220,No,0
4000,0,0.18999171891636105,32,Yes,1
4300,0,0.015615757719152964,147,No,0
6000,0,0.13509996450964154,285,No,0
6000,0,0.13509996450964154,285,No,0
6000,0,0.13509996450964154,285,No,0
4600,0,0.01360463740683781,220,No,0
4645,0,0.0001183011948420679,231,No,0
4013,0,0.001183011948420679,41,No,0
6002,0,0.0003549035845262037,287,No,0
6300,0,0.03998580385661895,363,No,0
6500,0,0.011356914704838518,388,No,0
6300,0,0.03998580385661895,363,No,0
6300,0,0.03998580385661895,363,No,0
4000,0,0.18999171891636105,32,No,0
4004,0,0.03667337040104105,36,No,0
6000,0,0.13509996450964154,285,No,0
6000,0,0.13509996450964154,285,No,0
6000,0,0.13509996450964154,285,No,0
6600,0,0.027445877203359753,396,No,0
4003,0,0.047320477936827164,35,No,0
4230,0,0.028865491541464568,122,No,0
6003,0,0.0009464095587365432,288,No,0
6300,0,0.03998580385661895,363,No,0
4400,0,0.05524665799124571,166,No,0
4400,0,0.05524665799124571,166,No,0
4550,0,0.005441854962735124,211,No,0
4230,0,0.028865491541464568,122,No,0
6000,0,0.13509996450964154,285,No,0
4400,0,0.05524665799124571,166,No,0
6600,0,0.027445877203359753,396,No,0
6362,0,0.0004732047793682716,369,No,0
6056,0,0.0001183011948420679,299,No,0
6100,0,0.030403407074411453,312,No,0
6049,0,0.0001183011948420679,295,No,0
6000,0,0.13509996450964154,285,No,0
6000,0,0.13509996450964154,285,No,0
6647,0,0.0002366023896841358,400,No,0
6000,0,0.13509996450964154,285,No,0
4000,0,0.18999171891636105,32,No,0
6400,0,0.028037383177570093,374,No,0
6600,0,0.027445877203359753,396,No,0
6300,0,0.03998580385661895,363,No,0
4000,0,0.18999171891636105,32,No,0
4003,0,0.047320477936827164,35,No,0
6151,0,0.0002366023896841358,325,No,0
6000,0,0.13509996450964154,285,No,0
6200,0,0.003785638234946173,343,No,0
4002,0,0.03584526203714657,34,No,0
4600,0,0.01360463740683781,220,No,0
6000,0,0.13509996450964154,285,No,0
6000,0,0.13509996450964154,285,No,0
4400,0,0.05524665799124571,166,No,0
6000,0,0.13509996450964154,285,No,0
6450,0,0.010055601561575771,382,No,0
4000,0,0.18999171891636105,32,No,0
6600,0,0.027445877203359753,396,No,0
6500,0,0.011356914704838518,388,No,0
4400,0,0.05524665799124571,166,No,0
4230,0,0.028865491541464568,122,No,0
4357,0,0.0001183011948420679,159,No,0
6100,0,0.030403407074411453,312,No,0
6400,0,0.028037383177570093,374,No,0
6400,0,0.028037383177570093,374,No,0
6000,0,0.13509996450964154,285,No,0
4550,0,0.005441854962735124,211,No,0
4000,0,0.18999171891636105,32,No,0
6000,0,0.13509996450964154,285,No,0
6000,0,0.13509996450964154,285,No,0
6450,0,0.010055601561575771,382,No,0
4538,0,0.0002366023896841358,210,No,0
4300,0,0.015615757719152964,147,No,0
6000,0,0.13509996450964154,285,No,0
4004,0,0.03667337040104105,36,No,0
4000,0,0.18999171891636105,32,No,0
6000,0,0.13509996450964154,285,No,0
6000,0,0.13509996450964154,285,No,0
4003,0,0.047320477936827164,35,No,0
6000,0,0.13509996450964154,285,No,0
6000,0,0.13509996450964154,285,No,0
4400,0,0.05524665799124571,166,No,0
6100,0,0.030403407074411453,312,No,0
4001,0,0.004732047793682716,33,No,0
6060,0,0.0004732047793682716,303,No,0
6000,0,0.13509996450964154,285,No,0
4023,0,0.03099491304862179,49,No,0
6070,0,0.0002366023896841358,309,No,0
6000,0,0.13509996450964154,285,No,0
4135,0,0.0008281083638944754,73,No,0
4150,0,0.008399384833786822,81,No,0
4000,0,0.18999171891636105,32,No,0
6100,0,0.030403407074411453,312,No,0
6000,0,0.13509996450964154,285,No,0
6000,0,0.13509996450964154,285,No,0
6200,0,0.003785638234946173,343,No,0
6000,0,0.13509996450964154,285,No,0
4500,0,0.011120312315154384,205,No,0
6000,0,0.13509996450964154,285,No,0
4003,0,0.047320477936827164,35,No,0
6260,0,0.00508695137820892,351,No,0
6000,0,0.13509996450964154,285,No,0
6300,0,0.03998580385661895,363,No,0
6400,0,0.028037383177570093,374,No,0
4602,0,0.0003549035845262037,222,No,0
4000,0,0.18999171891636105,32,No,0
6400,0,0.028037383177570093,374,No,0
6000,0,0.13509996450964154,285,No,0
4270,0,0.008635987223470957,137,Yes,1
6100,0,0.030403407074411453,312,No,0
4000,0,0.18999171891636105,32,No,0
6368,0,0.0002366023896841358,371,No,0
6000,0,0.13509996450964154,285,Yes,1
6000,0,0.13509996450964154,285,No,0
6300,0,0.03998580385661895,363,No,0
4640,0,0.002484325091683426,227,No,0
6300,0,0.03998580385661895,363,No,0
4000,0,0.18999171891636105,32,No,0
6000,0,0.13509996450964154,285,No,0
6000,0,0.13509996450964154,285,No,0
6100,0,0.030403407074411453,312,No,0
4400,0,0.05524665799124571,166,Yes,1
6000,0,0.13509996450964154,285,No,0
6826,0,0.0001183011948420679,410,No,0
4400,0,0.05524665799124571,166,No,0
6000,0,0.13509996450964154,285,No,0
6000,0,0.13509996450964154,285,No,0
6750,0,0.0008281083638944754,406,No,0
6000,0,0.13509996450964154,285,No,0
6800,0,0.003903939429788241,409,No,0
6400,0,0.028037383177570093,374,No,0
4400,0,0.05524665799124571,166,No,0
4210,0,0.005560156157577192,109,No,0
4000,0,0.18999171891636105,32,No,0
6000,0,0.13509996450964154,285,No,0
6000,0,0.13509996450964154,285,No,0
4400,0,0.05524665799124571,166,No,0
6300,0,0.03998580385661895,363,No,0
,1,0.0002366023896841358,456,No,0
6800,0,0.003903939429788241,409,Yes,1
6600,0,0.027445877203359753,396,No,0
6400,0,0.028037383177570093,374,No,0
4470,0,0.0021294215071572223,195,No,0
4000,0,0.18999171891636105,32,No,0
1618,0,0.0002366023896841358,16,No,0
6300,0,0.03998580385661895,363,No,0
4270,0,0.008635987223470957,137,No,0
4500,0,0.011120312315154384,205,No,0
6000,0,0.13509996450964154,285,No,0
6000,0,0.13509996450964154,285,Yes,1
6100,0,0.030403407074411453,312,Yes,1
6000,0,0.13509996450964154,285,No,0
6000,0,0.13509996450964154,285,No,0
6200,0,0.003785638234946173,343,No,0
6000,0,0.13509996450964154,285,No,0
6649,0,0.0002366023896841358,401,No,0
6301,0,0.0003549035845262037,364,No,0
8900,0,0.001301313143262747,445,No,0
6000,0,0.13509996450964154,285,No,0
4400,0,0.05524665799124571,166,No,0
4270,0,0.008635987223470957,137,No,0
4270,0,0.008635987223470957,137,No,0
6300,0,0.03998580385661895,363,No,0
4023,0,0.03099491304862179,49,No,0
4004,0,0.03667337040104105,36,No,0
4210,0,0.005560156157577192,109,No,0
4835,0,0.0003549035845262037,250,No,0
4400,0,0.05524665799124571,166,Yes,1
4800,0,0.002602626286525494,242,No,0
6000,0,0.13509996450964154,285,No,0
6600,0,0.027445877203359753,396,No,0
4225,0,0.0017745179226310187,119,No,0
6600,0,0.027445877203359753,396,No,0
6400,0,0.028037383177570093,374,No,0
6000,0,0.13509996450964154,285,No,0
4230,0,0.028865491541464568,122,No,0
6200,0,0.003785638234946173,343,Yes,1
6260,0,0.00508695137820892,351,No,0
6900,0,0.002720927481367562,426,No,0
6300,0,0.03998580385661895,363,No,0
4000,0,0.18999171891636105,32,No,0
6400,0,0.028037383177570093,374,No,0
4003,0,0.047320477936827164,35,No,0
6000,0,0.13509996450964154,285,No,0
6000,0,0.13509996450964154,285,No,0
4020,0,0.004140541819472376,47,No,0
4205,0,0.0002366023896841358,106,No,0
4000,0,0.18999171891636105,32,No,0
6000,0,0.13509996450964154,285,No,0
6000,0,0.13509996450964154,285,No,0
6000,0,0.13509996450964154,285,No,0
6260,0,0.00508695137820892,351,No,0
6400,0,0.028037383177570093,374,No,0
6000,0,0.13509996450964154,285,No,0
6000,0,0.13509996450964154,285,No,0
1000,0,0.0008281083638944754,0,No,0
6000,0,0.13509996450964154,285,No,0
6400,0,0.028037383177570093,374,No,0
4015,0,0.0021294215071572223,42,No,0
6884,0,0.0004732047793682716,422,Yes,1
6600,0,0.027445877203359753,396,No,0
6300,0,0.03998580385661895,363,No,0
6300,0,0.03998580385661895,363,No,0
6300,0,0.03998580385661895,363,No,0
4230,0,0.028865491541464568,122,No,0
4000,0,0.18999171891636105,32,No,0
6490,0,0.0008281083638944754,387,No,0
4000,0,0.18999171891636105,32,No,0
4000,0,0.18999171891636105,32,No,0
4000,0,0.18999171891636105,32,No,0
6280,0,0.002484325091683426,359,No,0
6100,0,0.030403407074411453,312,No,0
6006,0,0.0003549035845262037,290,No,0
6000,0,0.13509996450964154,285,No,0
6000,0,0.13509996450964154,285,No,0
6600,0,0.027445877203359753,396,No,0
6363,0,0.0003549035845262037,370,No,0
4023,0,0.03099491304862179,49,No,0
6280,0,0.002484325091683426,359,No,0
6100,0,0.030403407074411453,312,No,0
4002,0,0.03584526203714657,34,No,0
6140,0,0.0007098071690524074,318,No,0
6260,0,0.00508695137820892,351,No,0
6000,0,0.13509996450964154,285,No,0
6400,0,0.028037383177570093,374,No,0
6300,0,0.03998580385661895,363,No,0
6000,0,0.13509996450964154,285,No,0
6300,0,0.03998580385661895,363,No,0
4000,0,0.18999171891636105,32,No,0
4002,0,0.03584526203714657,34,No,0
6000,0,0.13509996450964154,285,Yes,1
1680,0,0.0001183011948420679,18,No,0
6570,0,0.0010647107535786111,395,No,0
4180,0,0.0035490358452620373,92,No,0
4000,0,0.18999171891636105,32,No,0
6000,0,0.13509996450964154,285,No,0
6400,0,0.028037383177570093,374,Yes,1
4003,0,0.047320477936827164,35,No,0
6600,0,0.027445877203359753,396,No,0
6300,0,0.03998580385661895,363,No,0
4000,0,0.18999171891636105,32,Yes,1
4220,0,0.0030758310658937655,114,No,0
4003,0,0.047320477936827164,35,No,0
6000,0,0.13509996450964154,285,No,0
6100,0,0.030403407074411453,312,No,0
6163,0,0.0004732047793682716,333,No,0
4000,0,0.18999171891636105,32,No,0
6300,0,0.03998580385661895,363,No,0
4109,0,0.0008281083638944754,58,No,0
4108,0,0.0017745179226310187,57,No,0
6500,0,0.011356914704838518,388,No,0
4210,0,0.005560156157577192,109,Yes,1
4522,0,0.0003549035845262037,206,No,0
4013,0,0.001183011948420679,41,No,0
6563,0,0.0003549035845262037,393,No,0
4003,0,0.047320477936827164,35,No,0
4600,0,0.01360463740683781,220,No,0
4230,0,0.028865491541464568,122,No,0
6861,0,0.0001183011948420679,416,No,0
6570,0,0.0010647107535786111,395,No,0
4000,0,0.18999171891636105,32,No,0
4023,0,0.03099491304862179,49,No,0
1345,0,0.0001183011948420679,9,No,0
6260,0,0.00508695137820892,351,Yes,1
6000,0,0.13509996450964154,285,No,0
6363,0,0.0003549035845262037,370,No,0
4400,0,0.05524665799124571,166,No,0
4500,0,0.011120312315154384,205,No,0
4000,0,0.18999171891636105,32,No,0
4300,0,0.015615757719152964,147,No,0
4004,0,0.03667337040104105,36,No,0
6000,0,0.13509996450964154,285,No,0
6000,0,0.13509996450964154,285,No,0
6400,0,0.028037383177570093,374,No,0
6300,0,0.03998580385661895,363,No,0
4110,0,0.0020111203123151546,59,No,0
4004,0,0.03667337040104105,36,No,0
4023,0,0.03099491304862179,49,No,0
4601,0,0.0003549035845262037,221,No,0
4400,0,0.05524665799124571,166,No,0
4400,0,0.05524665799124571,166,No,0
4020,0,0.004140541819472376,47,No,0
6100,0,0.030403407074411453,312,No,0
6000,0,0.13509996450964154,285,No,0
6000,0,0.13509996450964154,285,No,0
6400,0,0.028037383177570093,374,No,0
6600,0,0.027445877203359753,396,No,0
6100,0,0.030403407074411453,312,No,0
6000,0,0.13509996450964154,285,No,0
6000,0,0.13509996450964154,285,No,0
6400,0,0.028037383177570093,374,No,0
6000,0,0.13509996450964154,285,No,0
6600,0,0.027445877203359753,396,No,0
6500,0,0.011356914704838518,388,No,0
4017,0,0.0020111203123151546,44,No,0
6400,0,0.028037383177570093,374,No,0
4500,0,0.011120312315154384,205,No,0
6000,0,0.13509996450964154,285,No,0
6000,0,0.13509996450964154,285,No,0
6100,0,0.030403407074411453,312,No,0
6000,0,0.13509996450964154,285,No,0
6884,0,0.0004732047793682716,422,No,0
6450,0,0.010055601561575771,382,No,0
4500,0,0.011120312315154384,205,No,0
6003,0,0.0009464095587365432,288,No,0
6000,0,0.13509996450964154,285,No,0
6000,0,0.13509996450964154,285,No,0
6000,0,0.13509996450964154,285,No,0
6000,0,0.13509996450964154,285,No,0
6003,0,0.0009464095587365432,288,Yes,1
6003,0,0.0009464095587365432,288,No,0
4000,0,0.18999171891636105,32,No,0
4000,0,0.18999171891636105,32,No,0
4600,0,0.01360463740683781,220,No,0
4550,0,0.005441854962735124,211,No,0
4000,0,0.18999171891636105,32,No,0
6100,0,0.030403407074411453,312,No,0
4701,0,0.0014196143381048148,233,No,0
6100,0,0.030403407074411453,312,No,0
6300,0,0.03998580385661895,363,No,0
4500,0,0.011120312315154384,205,Yes,1
4640,0,0.002484325091683426,227,No,0
4400,0,0.05524665799124571,166,No,0
6100,0,0.030403407074411453,312,No,0
6000,0,0.13509996450964154,285,No,0
6000,0,0.13509996450964154,285,No,0
4020,0,0.004140541819472376,47,No,0
1404,0,0.0003549035845262037,10,No,0
6000,0,0.13509996450964154,285,No,0
6400,0,0.028037383177570093,374,No,0
6000,0,0.13509996450964154,285,No,0
6300,0,0.03998580385661895,363,No,0
6600,0,0.027445877203359753,396,No,0
6300,0,0.03998580385661895,363,Yes,1
6300,0,0.03998580385661895,363,No,0
6600,0,0.027445877203359753,396,No,0
6300,0,0.03998580385661895,363,No,0
4340,0,0.0005915059742103396,153,No,0
4002,0,0.03584526203714657,34,No,0
4002,0,0.03584526203714657,34,No,0
6000,0,0.13509996450964154,285,No,0
4000,0,0.18999171891636105,32,Yes,1
4023,0,0.03099491304862179,49,No,0
4023,0,0.03099491304862179,49,Yes,1
4002,0,0.03584526203714657,34,No,0
6260,0,0.00508695137820892,351,Yes,1
8881,0,0.0001183011948420679,444,No,0
4000,0,0.18999171891636105,32,No,0
6100,0,0.030403407074411453,312,No,0
6450,0,0.010055601561575771,382,No,0
6800,0,0.003903939429788241,409,No,0
6900,0,0.002720927481367562,426,No,0
6600,0,0.027445877203359753,396,No,0
6300,0,0.03998580385661895,363,Yes,1
6300,0,0.03998580385661895,363,No,0
4023,0,0.03099491304862179,49,No,0
6100,0,0.030403407074411453,312,No,0
6300,0,0.03998580385661895,363,No,0
6300,0,0.03998580385661895,363,No,0
6500,0,0.011356914704838518,388,No,0
6149,0,0.0001183011948420679,323,No,0
6180,0,0.0007098071690524074,340,No,0
4004,0,0.03667337040104105,36,No,0
6400,0,0.028037383177570093,374,No,0
6260,0,0.00508695137820892,351,No,0
6100,0,0.030403407074411453,312,No,0
6400,0,0.028037383177570093,374,No,0
6000,0,0.13509996450964154,285,No,0
4300,0,0.015615757719152964,147,No,0
4142,0,0.0008281083638944754,78,No,0
4134,0,0.0003549035845262037,72,No,0
6150,0,0.0001183011948420679,324,No,0
6100,0,0.030403407074411453,312,No,0
6600,0,0.027445877203359753,396,No,0
6600,0,0.027445877203359753,396,No,0
6300,0,0.03998580385661895,363,No,0
6300,0,0.03998580385661895,363,Yes,1
4004,0,0.03667337040104105,36,No,0
4000,0,0.18999171891636105,32,No,0
4400,0,0.05524665799124571,166,No,0
4004,0,0.03667337040104105,36,No,0
6400,0,0.028037383177570093,374,No,0
6400,0,0.028037383177570093,374,No,0
4002,0,0.03584526203714657,34,No,0
6000,0,0.13509996450964154,285,No,0
9000,0,0.0001183011948420679,451,No,0
6600,0,0.027445877203359753,396,No,0
4002,0,0.03584526203714657,34,No,0
6100,0,0.030403407074411453,312,No,0
6600,0,0.027445877203359753,396,No,0
6300,0,0.03998580385661895,363,No,0
6300,0,0.03998580385661895,363,No,0
6600,0,0.027445877203359753,396,No,0
6300,0,0.03998580385661895,363,No,0
6100,0,0.030403407074411453,312,No,0
4000,0,0.18999171891636105,32,No,0
6300,0,0.03998580385661895,363,No,0
4015,0,0.0021294215071572223,42,Yes,1
4400,0,0.05524665799124571,166,No,0
6000,0,0.13509996450964154,285,No,0
4300,0,0.015615757719152964,147,No,0
4240,0,0.0001183011948420679,125,No,0
4003,0,0.047320477936827164,35,Yes,1
6400,0,0.028037383177570093,374,No,0
6000,0,0.13509996450964154,285,No,0
6100,0,0.030403407074411453,312,No,0
6100,0,0.030403407074411453,312,No,0
6400,0,0.028037383177570093,374,No,0
6000,0,0.13509996450964154,285,No,0
6600,0,0.027445877203359753,396,No,0
4003,0,0.047320477936827164,35,No,0
4101,0,0.002602626286525494,55,No,0
6000,0,0.13509996450964154,285,No,0
6000,0,0.13509996450964154,285,No,0
6000,0,0.13509996450964154,285,No,0
6000,0,0.13509996450964154,285,No,0
6000,0,0.13509996450964154,285,No,0
6300,0,0.03998580385661895,363,No,0
4300,0,0.015615757719152964,147,No,0
4400,0,0.05524665799124571,166,No,0
4230,0,0.028865491541464568,122,No,0
6100,0,0.030403407074411453,312,No,0
4023,0,0.03099491304862179,49,No,0
4147,0,0.0017745179226310187,80,No,0
6000,0,0.13509996450964154,285,No,0
6600,0,0.027445877203359753,396,No,0
6050,0,0.0003549035845262037,296,No,0
6300,0,0.03998580385661895,363,No,0
6600,0,0.027445877203359753,396,No,0
6600,0,0.027445877203359753,396,No,0
4409,0,0.001183011948420679,172,Yes,1
4003,0,0.047320477936827164,35,No,0
6000,0,0.13509996450964154,285,No,0
4002,0,0.03584526203714657,34,No,0
6368,0,0.0002366023896841358,371,No,0
6500,0,0.011356914704838518,388,No,0
6000,0,0.13509996450964154,285,No,0
6100,0,0.030403407074411453,312,No,0
4000,0,0.18999171891636105,32,No,0
6420,0,0.0002366023896841358,376,No,0
4003,0,0.047320477936827164,35,No,0
6300,0,0.03998580385661895,363,No,0
6400,0,0.028037383177570093,374,No,0
4600,0,0.01360463740683781,220,No,0
4120,0,0.0002366023896841358,64,No,0
6000,0,0.13509996450964154,285,No,0
4230,0,0.028865491541464568,122,No,0
6000,0,0.13509996450964154,285,No,0
6000,0,0.13509996450964154,285,No,0
4004,0,0.03667337040104105,36,No,0
4400,0,0.05524665799124571,166,No,0
4000,0,0.18999171891636105,32,Yes,1
6100,0,0.030403407074411453,312,No,0
6100,0,0.030403407074411453,312,No,0
6600,0,0.027445877203359753,396,No,0
6490,0,0.0008281083638944754,387,Yes,1
4500,0,0.011120312315154384,205,No,0
4700,0,0.021767419850940495,232,No,0
6100,0,0.030403407074411453,312,No,0
4400,0,0.05524665799124571,166,No,0
6218,0,0.0001183011948420679,345,No,0
6148,0,0.0001183011948420679,322,No,0
6000,0,0.13509996450964154,285,No,0
6300,0,0.03998580385661895,363,No,0
4300,0,0.015615757719152964,147,No,0
4000,0,0.18999171891636105,32,Yes,1
6631,0,0.0001183011948420679,398,No,0
6400,0,0.028037383177570093,374,No,0
6100,0,0.030403407074411453,312,No,0
6100,0,0.030403407074411453,312,No,0
6100,0,0.030403407074411453,312,No,0
4002,0,0.03584526203714657,34,No,0
6000,0,0.13509996450964154,285,No,0
6000,0,0.13509996450964154,285,No,0
4000,0,0.18999171891636105,32,No,0
6000,0,0.13509996450964154,285,No,0
6500,0,0.011356914704838518,388,No,0
6300,0,0.03998580385661895,363,No,0
4140,0,0.0004732047793682716,76,No,0
8000,0,0.0004732047793682716,432,Yes,1
6400,0,0.028037383177570093,374,No,0
6100,0,0.030403407074411453,312,No,0
6900,0,0.002720927481367562,426,Yes,1
6600,0,0.027445877203359753,396,No,0
6300,0,0.03998580385661895,363,No,0
6200,0,0.003785638234946173,343,No,0
6000,0,0.13509996450964154,285,No,0
4000,0,0.18999171891636105,32,No,0
4400,0,0.05524665799124571,166,Yes,1
4003,0,0.047320477936827164,35,No,0
4000,0,0.18999171891636105,32,No,0
6000,0,0.13509996450964154,285,No,0
6000,0,0.13509996450964154,285,No,0
6000,0,0.13509996450964154,285,No,0
6000,0,0.13509996450964154,285,No,0
6500,0,0.011356914704838518,388,No,0
4550,0,0.005441854962735124,211,No,0
6450,0,0.010055601561575771,382,No,0
6000,0,0.13509996450964154,285,No,0
6000,0,0.13509996450964154,285,No,0
6500,0,0.011356914704838518,388,No,0
4210,0,0.005560156157577192,109,No,0
4001,0,0.004732047793682716,33,No,0
6000,0,0.13509996450964154,285,No,0
4003,0,0.047320477936827164,35,No,0
4016,0,0.0018928191174730864,43,No,0
6000,0,0.13509996450964154,285,No,0
6000,0,0.13509996450964154,285,No,0
4230,0,0.028865491541464568,122,Yes,1
4000,0,0.18999171891636105,32,No,0
6000,0,0.13509996450964154,285,No,0
6100,0,0.030403407074411453,312,No,0
4023,0,0.03099491304862179,49,No,0
6600,0,0.027445877203359753,396,No,0
4004,0,0.03667337040104105,36,No,0
4003,0,0.047320477936827164,35,No,0
4850,0,0.004732047793682716,252,No,0
6000,0,0.13509996450964154,285,No,0
6000,0,0.13509996450964154,285,No,0
6100,0,0.030403407074411453,312,No,0
4004,0,0.03667337040104105,36,No,0
4000,0,0.18999171891636105,32,No,0
6000,0,0.13509996450964154,285,No,0
6000,0,0.13509996450964154,285,No,0
6100,0,0.030403407074411453,312,No,0
6000,0,0.13509996450964154,285,No,0
4442,0,0.0004732047793682716,185,No,0
4400,0,0.05524665799124571,166,No,0
4004,0,0.03667337040104105,36,No,0
4000,0,0.18999171891636105,32,No,0
4004,0,0.03667337040104105,36,No,0
6260,0,0.00508695137820892,351,No,0
6014,0,0.0004732047793682716,293,No,0
4889,0,0.0001183011948420679,257,No,0
6500,0,0.011356914704838518,388,No,0
4003,0,0.047320477936827164,35,No,0
6437,0,0.0003549035845262037,379,No,0
6000,0,0.13509996450964154,285,No,0
6000,0,0.13509996450964154,285,No,0
6563,0,0.0003549035845262037,393,No,0
6400,0,0.028037383177570093,374,No,0
6000,0,0.13509996450964154,285,No,0
6000,0,0.13509996450964154,285,No,0
6100,0,0.030403407074411453,312,No,0
4500,0,0.011120312315154384,205,No,0
4000,0,0.18999171891636105,32,No,0
6000,0,0.13509996450964154,285,No,0
6100,0,0.030403407074411453,312,No,0
6300,0,0.03998580385661895,363,No,0
6450,0,0.010055601561575771,382,Yes,1
6400,0,0.028037383177570093,374,No,0
4000,0,0.18999171891636105,32,No,0
4000,0,0.18999171891636105,32,No,0
4000,0,0.18999171891636105,32,No,0
4006,0,0.006743168105997871,37,Yes,1
4023,0,0.03099491304862179,49,No,0
6167,0,0.0002366023896841358,335,No,0
6800,0,0.003903939429788241,409,Yes,1
4020,0,0.004140541819472376,47,No,0
4004,0,0.03667337040104105,36,No,0
4230,0,0.028865491541464568,122,No,0
4023,0,0.03099491304862179,49,No,0
4000,0,0.18999171891636105,32,No,0
4002,0,0.03584526203714657,34,No,0
6100,0,0.030403407074411453,312,No,0
4000,0,0.18999171891636105,32,No,0
4500,0,0.011120312315154384,205,No,0
6000,0,0.13509996450964154,285,No,0
6100,0,0.030403407074411453,312,No,0
6872,0,0.0001183011948420679,419,No,0
6600,0,0.027445877203359753,396,Yes,1
6000,0,0.13509996450964154,285,Yes,1
6000,0,0.13509996450964154,285,No,0
6600,0,0.027445877203359753,396,No,0
4199,0,0.00224772270199929,100,No,0
4000,0,0.18999171891636105,32,No,0
6000,0,0.13509996450964154,285,No,0
6500,0,0.011356914704838518,388,No,0
4600,0,0.01360463740683781,220,No,0
4000,0,0.18999171891636105,32,No,0
4400,0,0.05524665799124571,166,No,0
4330,0,0.002720927481367562,150,No,0
6300,0,0.03998580385661895,363,Yes,1
4144,0,0.0003549035845262037,79,No,0
4000,0,0.18999171891636105,32,No,0
6000,0,0.13509996450964154,285,No,0
6000,0,0.13509996450964154,285,Yes,1
6100,0,0.030403407074411453,312,No,0
4300,0,0.015615757719152964,147,No,0
6100,0,0.030403407074411453,312,No,0
6400,0,0.028037383177570093,374,No,0
6000,0,0.13509996450964154,285,No,0
6404,0,0.0002366023896841358,375,No,0
6000,0,0.13509996450964154,285,No,0
6000,0,0.13509996450964154,285,No,0
4199,0,0.00224772270199929,100,Yes,1
6600,0,0.027445877203359753,396,No,0
6300,0,0.03998580385661895,363,No,0
6000,0,0.13509996450964154,285,No,0
6000,0,0.13509996450964154,285,No,0
6500,0,0.011356914704838518,388,No,0
4000,0,0.18999171891636105,32,No,0
6100,0,0.030403407074411453,312,No,0
4400,0,0.05524665799124571,166,No,0
4400,0,0.05524665799124571,166,No,0
4400,0,0.05524665799124571,166,No,0
6000,0,0.13509996450964154,285,No,0
6000,0,0.13509996450964154,285,No,0
6600,0,0.027445877203359753,396,No,0
6400,0,0.028037383177570093,374,No,0
6000,0,0.13509996450964154,285,No,0
4990,0,0.0009464095587365432,275,No,0
4230,0,0.028865491541464568,122,No,0
6000,0,0.13509996450964154,285,No,0
6000,0,0.13509996450964154,285,No,0
6300,0,0.03998580385661895,363,No,0
4270,0,0.008635987223470957,137,No,0
4004,0,0.03667337040104105,36,No,0
6000,0,0.13509996450964154,285,No,0
6280,0,0.002484325091683426,359,No,0
6100,0,0.030403407074411453,312,No,0
6000,0,0.13509996450964154,285,No,0
6600,0,0.027445877203359753,396,No,0
6300,0,0.03998580385661895,363,No,0
4400,0,0.05524665799124571,166,No,0
4500,0,0.011120312315154384,205,No,0
4000,0,0.18999171891636105,32,No,0
6500,0,0.011356914704838518,388,No,0
4270,0,0.008635987223470957,137,No,0
4000,0,0.18999171891636105,32,Yes,1
4270,0,0.008635987223470957,137,No,0
6000,0,0.13509996450964154,285,No,0
4000,0,0.18999171891636105,32,No,0
6400,0,0.028037383177570093,374,No,0
4000,0,0.18999171891636105,32,No,0
4600,0,0.01360463740683781,220,No,0
4282,0,0.0001183011948420679,140,No,0
4000,0,0.18999171891636105,32,No,0
6100,0,0.030403407074411453,312,No,0
6000,0,0.13509996450964154,285,No,0
4600,0,0.01360463740683781,220,No,0
6000,0,0.13509996450964154,285,No,0
4400,0,0.05524665799124571,166,No,0
6000,0,0.13509996450964154,285,Yes,1
6300,0,0.03998580385661895,363,No,0
4017,0,0.0020111203123151546,44,No,0
6000,0,0.13509996450964154,285,No,0
4400,0,0.05524665799124571,166,No,0
4000,0,0.18999171891636105,32,No,0
4270,0,0.008635987223470957,137,No,0
4700,0,0.021767419850940495,232,No,0
6000,0,0.13509996450964154,285,No,0
6000,0,0.13509996450964154,285,No,0
4000,0,0.18999171891636105,32,No,0
4002,0,0.03584526203714657,34,No,0
4000,0,0.18999171891636105,32,No,0
6000,0,0.13509996450964154,285,No,0
6900,0,0.002720927481367562,426,No,0
6600,0,0.027445877203359753,396,Yes,1
6900,0,0.002720927481367562,426,Yes,1
4002,0,0.03584526203714657,34,No,0
6000,0,0.13509996450964154,285,No,0
6000,0,0.13509996450964154,285,No,0
6300,0,0.03998580385661895,363,No,0
6600,0,0.027445877203359753,396,No,0
4500,0,0.011120312315154384,205,No,0
4003,0,0.047320477936827164,35,No,0
6010,0,0.0005915059742103396,292,No,0
6300,0,0.03998580385661895,363,No,0
6000,0,0.13509996450964154,285,No,0
6000,0,0.13509996450964154,285,No,0
6600,0,0.027445877203359753,396,No,0
4000,0,0.18999171891636105,32,No,0
4000,0,0.18999171891636105,32,No,0
6000,0,0.13509996450964154,285,No,0
6220,0,0.0002366023896841358,346,No,0
6000,0,0.13509996450964154,285,No,0
6000,0,0.13509996450964154,285,No,0
6000,0,0.13509996450964154,285,No,0
4000,0,0.18999171891636105,32,Yes,1
4000,0,0.18999171891636105,32,No,0
6000,0,0.13509996450964154,285,No,0
6300,0,0.03998580385661895,363,No,0
4000,0,0.18999171891636105,32,No,0
6300,0,0.03998580385661895,363,No,0
4020,0,0.004140541819472376,47,No,0
4400,0,0.05524665799124571,166,No,0
4201,0,0.0003549035845262037,102,Yes,1
6000,0,0.13509996450964154,285,No,0
6100,0,0.030403407074411453,312,No,0
4400,0,0.05524665799124571,166,No,0
6800,0,0.003903939429788241,409,No,0
6400,0,0.028037383177570093,374,No,0
4000,0,0.18999171891636105,32,No,0
6898,0,0.0002366023896841358,425,No,0
4000,0,0.18999171891636105,32,No,0
6000,0,0.13509996450964154,285,No,0
4400,0,0.05524665799124571,166,No,0
4003,0,0.047320477936827164,35,No,0
6300,0,0.03998580385661895,363,No,0
6600,0,0.027445877203359753,396,No,0
6000,0,0.13509996450964154,285,No,0
4003,0,0.047320477936827164,35,Yes,1
4004,0,0.03667337040104105,36,No,0
6000,0,0.13509996450964154,285,No,0
6300,0,0.03998580385661895,363,No,0
4017,0,0.0020111203123151546,44,No,0
6000,0,0.13509996450964154,285,No,0
6000,0,0.13509996450964154,285,Yes,1
6000,0,0.13509996450964154,285,No,0
6300,0,0.03998580385661895,363,No,0
6000,0,0.13509996450964154,285,No,0
6200,0,0.003785638234946173,343,No,0
4444,0,0.0001183011948420679,186,No,0
4000,0,0.18999171891636105,32,No,0
6199,0,0.0004732047793682716,342,No,0
6275,0,0.0001183011948420679,357,No,0
4400,0,0.05524665799124571,166,No,0
6200,0,0.003785638234946173,343,No,0
6600,0,0.027445877203359753,396,No,0
6300,0,0.03998580385661895,363,No,0
4003,0,0.047320477936827164,35,No,0
6300,0,0.03998580385661895,363,No,0
4003,0,0.047320477936827164,35,No,0
4002,0,0.03584526203714657,34,No,0
4016,0,0.0018928191174730864,43,No,0
4000,0,0.18999171891636105,32,No,0
4003,0,0.047320477936827164,35,No,0
6100,0,0.030403407074411453,312,No,0
6100,0,0.030403407074411453,312,No,0
4000,0,0.18999171891636105,32,No,0
6000,0,0.13509996450964154,285,No,0
6000,0,0.13509996450964154,285,No,0
6100,0,0.030403407074411453,312,No,0
6000,0,0.13509996450964154,285,No,0
6260,0,0.00508695137820892,351,No,0
6400,0,0.028037383177570093,374,No,0
4300,0,0.015615757719152964,147,No,0
6000,0,0.13509996450964154,285,No,0
6450,0,0.010055601561575771,382,No,0
6300,0,0.03998580385661895,363,No,0
4023,0,0.03099491304862179,49,No,0
6000,0,0.13509996450964154,285,No,0
6000,0,0.13509996450964154,285,No,0
6000,0,0.13509996450964154,285,No,0
6300,0,0.03998580385661895,363,No,0
4580,0,0.0015379155329468827,213,No,0
4600,0,0.01360463740683781,220,No,0
6000,0,0.13509996450964154,285,No,0
4400,0,0.05524665799124571,166,No,0
6000,0,0.13509996450964154,285,No,0
6600,0,0.027445877203359753,396,No,0
6450,0,0.010055601561575771,382,No,0
4230,0,0.028865491541464568,122,No,0
6300,0,0.03998580385661895,363,No,0
6000,0,0.13509996450964154,285,No,0
4218,0,0.001183011948420679,112,No,0
6400,0,0.028037383177570093,374,No,0
4000,0,0.18999171891636105,32,No,0
4147,0,0.0017745179226310187,80,No,0
6300,0,0.03998580385661895,363,No,0
4004,0,0.03667337040104105,36,No,0
4001,0,0.004732047793682716,33,No,0
6152,0,0.0001183011948420679,326,No,0
4004,0,0.03667337040104105,36,No,0
6100,0,0.030403407074411453,312,No,0
4000,0,0.18999171891636105,32,No,0
4000,0,0.18999171891636105,32,No,0
4400,0,0.05524665799124571,166,No,0
6000,0,0.13509996450964154,285,No,0
4400,0,0.05524665799124571,166,No,0
4020,0,0.004140541819472376,47,No,0
4400,0,0.05524665799124571,166,No,0
6000,0,0.13509996450964154,285,No,0
6000,0,0.13509996450964154,285,No,0
4600,0,0.01360463740683781,220,Yes,1
6000,0,0.13509996450964154,285,No,0
4150,0,0.008399384833786822,81,No,0
4640,0,0.002484325091683426,227,No,0
6300,0,0.03998580385661895,363,No,0
4023,0,0.03099491304862179,49,No,0
4023,0,0.03099491304862179,49,No,0
6000,0,0.13509996450964154,285,Yes,1
6100,0,0.030403407074411453,312,No,0
4000,0,0.18999171891636105,32,No,0
4002,0,0.03584526203714657,34,No,0
4004,0,0.03667337040104105,36,No,0
4000,0,0.18999171891636105,32,Yes,1
4579,0,0.001301313143262747,212,No,0
6000,0,0.13509996450964154,285,No,0
6000,0,0.13509996450964154,285,No,0
6000,0,0.13509996450964154,285,No,0
4101,0,0.002602626286525494,55,No,0
6000,0,0.13509996450964154,285,No,0
6100,0,0.030403407074411453,312,No,0
6000,0,0.13509996450964154,285,No,0
6900,0,0.002720927481367562,426,No,0
6600,0,0.027445877203359753,396,Yes,1
6600,0,0.027445877203359753,396,No,0
6300,0,0.03998580385661895,363,No,0
4230,0,0.028865491541464568,122,No,0
4400,0,0.05524665799124571,166,No,0
4000,0,0.18999171891636105,32,No,0
6300,0,0.03998580385661895,363,No,0
4000,0,0.18999171891636105,32,No,0
4500,0,0.011120312315154384,205,No,0
4500,0,0.011120312315154384,205,No,0
4002,0,0.03584526203714657,34,No,0
4000,0,0.18999171891636105,32,No,0
1715,0,0.0001183011948420679,21,No,0
4400,0,0.05524665799124571,166,No,0
4210,0,0.005560156157577192,109,No,0
6260,0,0.00508695137820892,351,No,0
6000,0,0.13509996450964154,285,No,0
4000,0,0.18999171891636105,32,No,0
6771,0,0.0002366023896841358,408,No,0
6100,0,0.030403407074411453,312,No,0
6858,0,0.0001183011948420679,414,No,0
6160,0,0.0003549035845262037,331,No,0
4023,0,0.03099491304862179,49,No,0
4300,0,0.015615757719152964,147,No,0
6000,0,0.13509996450964154,285,No,0
6050,0,0.0003549035845262037,296,No,0
4000,0,0.18999171891636105,32,No,0
6000,0,0.13509996450964154,285,No,0
4003,0,0.047320477936827164,35,No,0
4600,0,0.01360463740683781,220,No,0
6550,0,0.002720927481367562,390,No,0
6000,0,0.13509996450964154,285,No,0
6180,0,0.0007098071690524074,340,No,0
4400,0,0.05524665799124571,166,No,0
6400,0,0.028037383177570093,374,No,0
6489,0,0.0004732047793682716,386,No,0
6100,0,0.030403407074411453,312,No,0
6800,0,0.003903939429788241,409,No,0
6000,0,0.13509996450964154,285,No,0
6000,0,0.13509996450964154,285,No,0
6300,0,0.03998580385661895,363,No,0
6300,0,0.03998580385661895,363,No,0
6300,0,0.03998580385661895,363,No,0
4150,0,0.008399384833786822,81,No,0
6000,0,0.13509996450964154,285,No,0
6300,0,0.03998580385661895,363,No,0
4002,0,0.03584526203714657,34,No,0
4270,0,0.008635987223470957,137,No,0
6000,0,0.13509996450964154,285,No,0
4600,0,0.01360463740683781,220,Yes,1
6000,0,0.13509996450964154,285,No,0
6649,0,0.0002366023896841358,401,No,0
6600,0,0.027445877203359753,396,No,0
4000,0,0.18999171891636105,32,No,0
6000,0,0.13509996450964154,285,No,0
6450,0,0.010055601561575771,382,No,0
6300,0,0.03998580385661895,363,No,0
4017,0,0.0020111203123151546,44,No,0
4400,0,0.05524665799124571,166,No,0
4400,0,0.05524665799124571,166,No,0
6000,0,0.13509996450964154,285,No,0
6285,0,0.0001183011948420679,360,No,0
6100,0,0.030403407074411453,312,No,0
4000,0,0.18999171891636105,32,No,0
4400,0,0.05524665799124571,166,No,0
4579,0,0.001301313143262747,212,No,0
4400,0,0.05524665799124571,166,No,0
4000,0,0.18999171891636105,32,No,0
6600,0,0.027445877203359753,396,No,0
4000,0,0.18999171891636105,32,No,0
4580,0,0.0015379155329468827,213,No,0
6000,0,0.13509996450964154,285,No,0
4003,0,0.047320477936827164,35,No,0
4180,0,0.0035490358452620373,92,No,0
6000,0,0.13509996450964154,285,Yes,1
6304,0,0.0015379155329468827,365,No,0
6300,0,0.03998580385661895,363,No,0
4003,0,0.047320477936827164,35,No,0
4360,0,0.0009464095587365432,161,No,0
4003,0,0.047320477936827164,35,No,0
4173,0,0.0007098071690524074,87,No,0
6450,0,0.010055601561575771,382,No,0
6000,0,0.13509996450964154,285,No,0
6000,0,0.13509996450964154,285,No,0
4020,0,0.004140541819472376,47,No,0
6600,0,0.027445877203359753,396,No,0
4004,0,0.03667337040104105,36,No,0
6100,0,0.030403407074411453,312,No,0
6400,0,0.028037383177570093,374,No,0
4230,0,0.028865491541464568,122,Yes,1
6600,0,0.027445877203359753,396,Yes,1
6000,0,0.13509996450964154,285,No,0
4500,0,0.011120312315154384,205,No,0
6600,0,0.027445877203359753,396,No,0
6300,0,0.03998580385661895,363,No,0
4550,0,0.005441854962735124,211,No,0
4004,0,0.03667337040104105,36,Yes,1
4400,0,0.05524665799124571,166,No,0
6000,0,0.13509996450964154,285,No,0
4400,0,0.05524665799124571,166,No,0
6000,0,0.13509996450964154,285,No,0
6050,0,0.0003549035845262037,296,Yes,1
4008,0,0.0003549035845262037,39,No,0
6000,0,0.13509996450964154,285,No,0
6600,0,0.027445877203359753,396,No,0
4000,0,0.18999171891636105,32,No,0
4004,0,0.03667337040104105,36,No,0
6550,0,0.002720927481367562,390,No,0
6000,0,0.13509996450964154,285,No,0
6000,0,0.13509996450964154,285,No,0
6600,0,0.027445877203359753,396,No,0
6000,0,0.13509996450964154,285,No,0
6000,0,0.13509996450964154,285,No,0
6300,0,0.03998580385661895,363,No,0
6000,0,0.13509996450964154,285,No,0
6100,0,0.030403407074411453,312,No,0
4001,0,0.004732047793682716,33,No,0
8000,0,0.0004732047793682716,432,Yes,1
6000,0,0.13509996450964154,285,No,0
6003,0,0.0009464095587365432,288,No,0
4300,0,0.015615757719152964,147,No,0
6000,0,0.13509996450964154,285,No,0
6300,0,0.03998580385661895,363,No,0
4003,0,0.047320477936827164,35,No,0
4000,0,0.18999171891636105,32,No,0
6000,0,0.13509996450964154,285,No,0
4000,0,0.18999171891636105,32,No,0
6500,0,0.011356914704838518,388,No,0
4600,0,0.01360463740683781,220,No,0
4000,0,0.18999171891636105,32,No,0
6000,0,0.13509996450964154,285,No,0
6000,0,0.13509996450964154,285,No,0
6000,0,0.13509996450964154,285,No,0
6300,0,0.03998580385661895,363,No,0
4004,0,0.03667337040104105,36,No,0
4230,0,0.028865491541464568,122,No,0
4218,0,0.001183011948420679,112,No,0
6000,0,0.13509996450964154,285,No,0
6600,0,0.027445877203359753,396,No,0
6550,0,0.002720927481367562,390,No,0
4400,0,0.05524665799124571,166,No,0
4364,0,0.0003549035845262037,163,No,0
4300,0,0.015615757719152964,147,No,0
4470,0,0.0021294215071572223,195,No,0
6000,0,0.13509996450964154,285,Yes,1
6800,0,0.003903939429788241,409,No,0
6600,0,0.027445877203359753,396,No,0
6300,0,0.03998580385661895,363,No,0
6000,0,0.13509996450964154,285,No,0
6000,0,0.13509996450964154,285,No,0
4230,0,0.028865491541464568,122,No,0
6300,0,0.03998580385661895,363,No,0
6300,0,0.03998580385661895,363,No,0
4349,0,0.0004732047793682716,157,No,0
4000,0,0.18999171891636105,32,No,0
4023,0,0.03099491304862179,49,No,0
6000,0,0.13509996450964154,285,No,0
6000,0,0.13509996450964154,285,No,0
6100,0,0.030403407074411453,312,Yes,1
6200,0,0.003785638234946173,343,No,0
6000,0,0.13509996450964154,285,No,0
6690,0,0.0003549035845262037,404,No,0
6300,0,0.03998580385661895,363,No,0
6300,0,0.03998580385661895,363,No,0
4230,0,0.028865491541464568,122,No,0
6200,0,0.003785638234946173,343,No,0
6000,0,0.13509996450964154,285,No,0
6450,0,0.010055601561575771,382,No,0
4000,0,0.18999171891636105,32,Yes,1
6001,0,0.0008281083638944754,286,No,0
6100,0,0.030403407074411453,312,No,0
6400,0,0.028037383177570093,374,No,0
4000,0,0.18999171891636105,32,No,0
4400,0,0.05524665799124571,166,No,0
6450,0,0.010055601561575771,382,No,0
4400,0,0.05524665799124571,166,No,0
4400,0,0.05524665799124571,166,No,0
4150,0,0.008399384833786822,81,No,0
4000,0,0.18999171891636105,32,No,0
6163,0,0.0004732047793682716,333,No,0
6670,0,0.0001183011948420679,402,Yes,1
4000,0,0.18999171891636105,32,No,0
6000,0,0.13509996450964154,285,No,0
4210,0,0.005560156157577192,109,No,0
4000,0,0.18999171891636105,32,No,0
4197,0,0.0008281083638944754,98,No,0
6165,0,0.0002366023896841358,334,No,0
6400,0,0.028037383177570093,374,No,0
4003,0,0.047320477936827164,35,No,0
6000,0,0.13509996450964154,285,No,0
4013,0,0.001183011948420679,41,Yes,1
4400,0,0.05524665799124571,166,No,0
6000,0,0.13509996450964154,285,No,0
6000,0,0.13509996450964154,285,No,0
6158,0,0.0004732047793682716,329,No,0
6000,0,0.13509996450964154,285,No,0
8600,0,0.0003549035845262037,439,No,0
4000,0,0.18999171891636105,32,Yes,1
6000,0,0.13509996450964154,285,No,0
4000,0,0.18999171891636105,32,No,0
6450,0,0.010055601561575771,382,No,0
4002,0,0.03584526203714657,34,No,0
6000,0,0.13509996450964154,285,No,0
6280,0,0.002484325091683426,359,No,0
6000,0,0.13509996450964154,285,No,0
4004,0,0.03667337040104105,36,No,0
4000,0,0.18999171891636105,32,Yes,1
4000,0,0.18999171891636105,32,No,0
6000,0,0.13509996450964154,285,No,0
6300,0,0.03998580385661895,363,No,0
6300,0,0.03998580385661895,363,No,0
4000,0,0.18999171891636105,32,No,0
6000,0,0.13509996450964154,285,No,0
6600,0,0.027445877203359753,396,No,0
6500,0,0.011356914704838518,388,No,0
4550,0,0.005441854962735124,211,No,0
6000,0,0.13509996450964154,285,No,0
6100,0,0.030403407074411453,312,No,0
6400,0,0.028037383177570093,374,No,0
4003,0,0.047320477936827164,35,No,0
4000,0,0.18999171891636105,32,No,0
6300,0,0.03998580385661895,363,No,0
6300,0,0.03998580385661895,363,No,0
4000,0,0.18999171891636105,32,No,0
4000,0,0.18999171891636105,32,No,0
4002,0,0.03584526203714657,34,No,0
6000,0,0.13509996450964154,285,No,0
6000,0,0.13509996450964154,285,No,0
6000,0,0.13509996450964154,285,No,0
6000,0,0.13509996450964154,285,No,0
4000,0,0.18999171891636105,32,No,0
6400,0,0.028037383177570093,374,No,0
4180,0,0.0035490358452620373,92,No,0
6600,0,0.027445877203359753,396,No,0
4000,0,0.18999171891636105,32,No,0
6100,0,0.030403407074411453,312,No,0
6400,0,0.028037383177570093,374,Yes,1
6673,0,0.0001183011948420679,403,Yes,1
4000,0,0.18999171891636105,32,No,0
4004,0,0.03667337040104105,36,Yes,1
4002,0,0.03584526203714657,34,No,0
4000,0,0.18999171891636105,32,No,0
6000,0,0.13509996450964154,285,No,0
6100,0,0.030403407074411453,312,No,0
6000,0,0.13509996450964154,285,No,0
4003,0,0.047320477936827164,35,No,0
4500,0,0.011120312315154384,205,No,0
6300,0,0.03998580385661895,363,No,0
4003,0,0.047320477936827164,35,No,0
6000,0,0.13509996450964154,285,No,0
6000,0,0.13509996450964154,285,No,0
6500,0,0.011356914704838518,388,No,0
4442,0,0.0004732047793682716,185,No,0
6160,0,0.0003549035845262037,331,Yes,1
6000,0,0.13509996450964154,285,No,0
6000,0,0.13509996450964154,285,No,0
6000,0,0.13509996450964154,285,No,0
6000,0,0.13509996450964154,285,No,0
6550,0,0.002720927481367562,390,No,0
4400,0,0.05524665799124571,166,Yes,1
6000,0,0.13509996450964154,285,No,0
6400,0,0.028037383177570093,374,No,0
6500,0,0.011356914704838518,388,No,0
6097,0,0.0002366023896841358,311,No,0
6300,0,0.03998580385661895,363,No,0
6000,0,0.13509996450964154,285,No,0
4180,0,0.0035490358452620373,92,Yes,1
6400,0,0.028037383177570093,374,No,0
6300,0,0.03998580385661895,363,No,0
6900,0,0.002720927481367562,426,No,0
4001,0,0.004732047793682716,33,No,0
4400,0,0.05524665799124571,166,No,0
4023,0,0.03099491304862179,49,No,0
6100,0,0.030403407074411453,312,No,0
6300,0,0.03998580385661895,363,No,0
6300,0,0.03998580385661895,363,No,0
6200,0,0.003785638234946173,343,No,0
6000,0,0.13509996450964154,285,No,0
6000,0,0.13509996450964154,285,No,0
8900,0,0.001301313143262747,445,No,0
4400,0,0.05524665799124571,166,No,0
4003,0,0.047320477936827164,35,No,0
6000,0,0.13509996450964154,285,No,0
4002,0,0.03584526203714657,34,No,0
6450,0,0.010055601561575771,382,No,0
6600,0,0.027445877203359753,396,No,0
6570,0,0.0010647107535786111,395,No,0
6000,0,0.13509996450964154,285,No,0
6137,0,0.0002366023896841358,315,No,0
6600,0,0.027445877203359753,396,No,0
4000,0,0.18999171891636105,32,No,0
4003,0,0.047320477936827164,35,No,0
4002,0,0.03584526203714657,34,No,0
4000,0,0.18999171891636105,32,No,0
4000,0,0.18999171891636105,32,No,0
6062,0,0.0003549035845262037,305,No,0
6000,0,0.13509996450964154,285,No,0
6000,0,0.13509996450964154,285,No,0
6400,0,0.028037383177570093,374,No,0
6300,0,0.03998580385661895,363,No,0
4150,0,0.008399384833786822,81,No,0
6550,0,0.002720927481367562,390,No,0
4000,0,0.18999171891636105,32,No,0
6000,0,0.13509996450964154,285,No,0
6000,0,0.13509996450964154,285,No,0
4002,0,0.03584526203714657,34,No,0
4000,0,0.18999171891636105,32,No,0
4000,0,0.18999171891636105,32,No,0
6898,0,0.0002366023896841358,425,No,0
4004,0,0.03667337040104105,36,No,0
4000,0,0.18999171891636105,32,No,0
4000,0,0.18999171891636105,32,No,0
6362,0,0.0004732047793682716,369,No,0
4400,0,0.05524665799124571,166,No,0
4581,0,0.001183011948420679,214,Yes,1
4580,0,0.0015379155329468827,213,Yes,1
4004,0,0.03667337040104105,36,No,0
6000,0,0.13509996450964154,285,No,0
4500,0,0.011120312315154384,205,No,0
4000,0,0.18999171891636105,32,No,0
6000,0,0.13509996450964154,285,Yes,1
6000,0,0.13509996450964154,285,Yes,1
4855,0,0.0002366023896841358,253,No,0
4002,0,0.03584526203714657,34,No,0
6000,0,0.13509996450964154,285,Yes,1
6000,0,0.13509996450964154,285,No,0
4300,0,0.015615757719152964,147,No,0
4101,0,0.002602626286525494,55,No,0
1330,0,0.0001183011948420679,7,No,0
6000,0,0.13509996450964154,285,No,0
6100,0,0.030403407074411453,312,No,0
4283,0,0.0001183011948420679,141,No,0
4400,0,0.05524665799124571,166,Yes,1
4000,0,0.18999171891636105,32,No,0
4003,0,0.047320477936827164,35,No,0
4127,0,0.0002366023896841358,68,No,0
6000,0,0.13509996450964154,285,No,0
6100,0,0.030403407074411453,312,No,0
6500,0,0.011356914704838518,388,No,0
6300,0,0.03998580385661895,363,Yes,1
4000,0,0.18999171891636105,32,Yes,1
4000,0,0.18999171891636105,32,No,0
6000,0,0.13509996450964154,285,No,0
6850,0,0.0004732047793682716,413,No,0
4490,0,0.00224772270199929,201,No,0
4003,0,0.047320477936827164,35,No,0
4023,0,0.03099491304862179,49,No,0
6304,0,0.0015379155329468827,365,No,0
4003,0,0.047320477936827164,35,No,0
4400,0,0.05524665799124571,166,No,0
4016,0,0.0018928191174730864,43,No,0
6100,0,0.030403407074411453,312,No,0
4109,0,0.0008281083638944754,58,No,0
6600,0,0.027445877203359753,396,No,0
4000,0,0.18999171891636105,32,No,0
6400,0,0.028037383177570093,374,No,0
6000,0,0.13509996450964154,285,No,0
6000,0,0.13509996450964154,285,No,0
6000,0,0.13509996450964154,285,No,0
6000,0,0.13509996450964154,285,No,0
4000,0,0.18999171891636105,32,No,0
4000,0,0.18999171891636105,32,No,0
6600,0,0.027445877203359753,396,No,0
6300,0,0.03998580385661895,363,No,0
6300,0,0.03998580385661895,363,No,0
6500,0,0.011356914704838518,388,No,0
6300,0,0.03998580385661895,363,No,0
4400,0,0.05524665799124571,166,No,0
6300,0,0.03998580385661895,363,No,0
6000,0,0.13509996450964154,285,No,0
4300,0,0.015615757719152964,147,No,0
6000,0,0.13509996450964154,285,No,0
6260,0,0.00508695137820892,351,No,0
8200,0,0.0003549035845262037,434,Yes,1
6000,0,0.13509996450964154,285,No,0
4000,0,0.18999171891636105,32,No,0
6300,0,0.03998580385661895,363,No,0
6400,0,0.028037383177570093,374,No,0
4000,0,0.18999171891636105,32,No,0
4000,0,0.18999171891636105,32,No,0
4002,0,0.03584526203714657,34,No,0
6000,0,0.13509996450964154,285,No,0
6000,0,0.13509996450964154,285,No,0
6450,0,0.010055601561575771,382,No,0
6000,0,0.13509996450964154,285,No,0
6000,0,0.13509996450964154,285,No,0
4400,0,0.05524665799124571,166,No,0
6450,0,0.010055601561575771,382,No,0
6300,0,0.03998580385661895,363,No,0
4400,0,0.05524665799124571,166,No,0
4550,0,0.005441854962735124,211,No,0
6000,0,0.13509996450964154,285,No,0
1505,0,0.0007098071690524074,14,No,0
6600,0,0.027445877203359753,396,No,0
6300,0,0.03998580385661895,363,No,0
6000,0,0.13509996450964154,285,No,0
6500,0,0.011356914704838518,388,No,0
6000,0,0.13509996450964154,285,No,0
6000,0,0.13509996450964154,285,No,0
6000,0,0.13509996450964154,285,No,0
4500,0,0.011120312315154384,205,No,0
6850,0,0.0004732047793682716,413,No,0
4003,0,0.047320477936827164,35,No,0
6300,0,0.03998580385661895,363,No,0
4400,0,0.05524665799124571,166,No,0
4550,0,0.005441854962735124,211,No,0
4000,0,0.18999171891636105,32,No,0
6162,0,0.0002366023896841358,332,No,0
6000,0,0.13509996450964154,285,No,0
4270,0,0.008635987223470957,137,No,0
6000,0,0.13509996450964154,285,No,0
4000,0,0.18999171891636105,32,No,0
4000,0,0.18999171891636105,32,No,0
6600,0,0.027445877203359753,396,No,0
6000,0,0.13509996450964154,285,No,0
6450,0,0.010055601561575771,382,Yes,1
6300,0,0.03998580385661895,363,No,0
6000,0,0.13509996450964154,285,No,0
6800,0,0.003903939429788241,409,No,0
4500,0,0.011120312315154384,205,No,0
4000,0,0.18999171891636105,32,Yes,1
4000,0,0.18999171891636105,32,No,0
4000,0,0.18999171891636105,32,No,0
6750,0,0.0008281083638944754,406,No,0
4001,0,0.004732047793682716,33,Yes,1
6400,0,0.028037383177570093,374,No,0
6550,0,0.002720927481367562,390,No,0
4400,0,0.05524665799124571,166,No,0
6000,0,0.13509996450964154,285,No,0
4000,0,0.18999171891636105,32,No,0
4110,0,0.0020111203123151546,59,No,0
4004,0,0.03667337040104105,36,No,0
4000,0,0.18999171891636105,32,No,0
6100,0,0.030403407074411453,312,No,0
4230,0,0.028865491541464568,122,No,0
6450,0,0.010055601561575771,382,No,0
6400,0,0.028037383177570093,374,No,0
6260,0,0.00508695137820892,351,No,0
6300,0,0.03998580385661895,363,No,0
4023,0,0.03099491304862179,49,No,0
6000,0,0.13509996450964154,285,No,0
6500,0,0.011356914704838518,388,No,0
6500,0,0.011356914704838518,388,No,0
4000,0,0.18999171891636105,32,Yes,1
4550,0,0.005441854962735124,211,No,0
6000,0,0.13509996450964154,285,No,0
4400,0,0.05524665799124571,166,No,0
4000,0,0.18999171891636105,32,No,0
6180,0,0.0007098071690524074,340,No,0
4221,0,0.0002366023896841358,115,No,0
4002,0,0.03584526203714657,34,No,0
6100,0,0.030403407074411453,312,No,0
6100,0,0.030403407074411453,312,No,0
4400,0,0.05524665799124571,166,No,0
6000,0,0.13509996450964154,285,No,0
4003,0,0.047320477936827164,35,No,0
4000,0,0.18999171891636105,32,No,0
6000,0,0.13509996450964154,285,No,0
6000,0,0.13509996450964154,285,No,0
6450,0,0.010055601561575771,382,No,0
4600,0,0.01360463740683781,220,Yes,1
6300,0,0.03998580385661895,363,No,0
6300,0,0.03998580385661895,363,No,0
6000,0,0.13509996450964154,285,No,0
6003,0,0.0009464095587365432,288,No,0
4400,0,0.05524665799124571,166,Yes,1
6000,0,0.13509996450964154,285,No,0
6000,0,0.13509996450964154,285,No,0
4000,0,0.18999171891636105,32,No,0
6000,0,0.13509996450964154,285,No,0
6500,0,0.011356914704838518,388,No,0
6500,0,0.011356914704838518,388,No,0
6300,0,0.03998580385661895,363,No,0
4000,0,0.18999171891636105,32,No,0
6400,0,0.028037383177570093,374,No,0
6300,0,0.03998580385661895,363,No,0
4003,0,0.047320477936827164,35,No,0
6300,0,0.03998580385661895,363,No,0
4002,0,0.03584526203714657,34,No,0
4230,0,0.028865491541464568,122,No,0
6000,0,0.13509996450964154,285,No,0
6800,0,0.003903939429788241,409,No,0
4210,0,0.005560156157577192,109,No,0
4230,0,0.028865491541464568,122,No,0
6400,0,0.028037383177570093,374,No,0
4701,0,0.0014196143381048148,233,Yes,1
4224,0,0.001301313143262747,118,No,0
6000,0,0.13509996450964154,285,No,0
6000,0,0.13509996450964154,285,No,0
4003,0,0.047320477936827164,35,No,0
6000,0,0.13509996450964154,285,No,0
6432,0,0.0001183011948420679,378,No,0
6400,0,0.028037383177570093,374,No,0
4230,0,0.028865491541464568,122,No,0
6600,0,0.027445877203359753,396,No,0
4002,0,0.03584526203714657,34,No,0
4644,0,0.0003549035845262037,230,No,0
4452,0,0.0001183011948420679,189,No,0
6400,0,0.028037383177570093,374,No,0
6600,0,0.027445877203359753,396,Yes,1
6000,0,0.13509996450964154,285,No,0
6000,0,0.13509996450964154,285,No,0
4400,0,0.05524665799124571,166,No,0
4002,0,0.03584526203714657,34,No,0
6600,0,0.027445877203359753,396,No,0
6490,0,0.0008281083638944754,387,No,0
6158,0,0.0004732047793682716,329,No,0
4000,0,0.18999171891636105,32,No,0
4600,0,0.01360463740683781,220,No,0
4224,0,0.001301313143262747,118,No,0
6000,0,0.13509996450964154,285,No,0
6500,0,0.011356914704838518,388,No,0
6000,0,0.13509996450964154,285,No,0
4150,0,0.008399384833786822,81,No,0
4400,0,0.05524665799124571,166,No,0
4016,0,0.0018928191174730864,43,No,0
6000,0,0.13509996450964154,285,No,0
4000,0,0.18999171891636105,32,No,0
4000,0,0.18999171891636105,32,Yes,1
4000,0,0.18999171891636105,32,No,0
6155,0,0.0005915059742103396,328,No,0
4000,0,0.18999171891636105,32,Yes,1
6000,0,0.13509996450964154,285,No,0
6400,0,0.028037383177570093,374,Yes,1
4000,0,0.18999171891636105,32,No,0
4180,0,0.0035490358452620373,92,No,0
1000,0,0.0008281083638944754,0,No,0
4000,0,0.18999171891636105,32,No,0
6000,0,0.13509996450964154,285,No,0
6300,0,0.03998580385661895,363,No,0
4000,0,0.18999171891636105,32,No,0
6000,0,0.13509996450964154,285,No,0
4002,0,0.03584526203714657,34,No,0
6000,0,0.13509996450964154,285,No,0
6000,0,0.13509996450964154,285,No,0
6550,0,0.002720927481367562,390,No,0
6000,0,0.13509996450964154,285,No,0
6400,0,0.028037383177570093,374,No,0
6400,0,0.028037383177570093,374,No,0
6500,0,0.011356914704838518,388,No,0
4004,0,0.03667337040104105,36,No,0
4003,0,0.047320477936827164,35,No,0
6100,0,0.030403407074411453,312,No,0
6300,0,0.03998580385661895,363,No,0
6300,0,0.03998580385661895,363,No,0
4360,0,0.0009464095587365432,161,No,0
4002,0,0.03584526203714657,34,No,0
4000,0,0.18999171891636105,32,No,0
4003,0,0.047320477936827164,35,No,0
6600,0,0.027445877203359753,396,Yes,1
6000,0,0.13509996450964154,285,No,0
4000,0,0.18999171891636105,32,No,0
6290,0,0.0002366023896841358,361,No,0
4004,0,0.03667337040104105,36,No,0
6000,0,0.13509996450964154,285,No,0
4470,0,0.0021294215071572223,195,Yes,1
6900,0,0.002720927481367562,426,No,0
4400,0,0.05524665799124571,166,No,0
4000,0,0.18999171891636105,32,No,0
6000,0,0.13509996450964154,285,No,0
4002,0,0.03584526203714657,34,No,0
4136,0,0.0001183011948420679,74,No,0
4400,0,0.05524665799124571,166,No,0
6000,0,0.13509996450964154,285,No,0
6100,0,0.030403407074411453,312,No,0
6000,0,0.13509996450964154,285,No,0
4400,0,0.05524665799124571,166,No,0
6000,0,0.13509996450964154,285,No,0
4000,0,0.18999171891636105,32,No,0
4000,0,0.18999171891636105,32,Yes,1
6000,0,0.13509996450964154,285,No,0
4180,0,0.0035490358452620373,92,No,0
6000,0,0.13509996450964154,285,No,0
6000,0,0.13509996450964154,285,No,0
4000,0,0.18999171891636105,32,No,0
4000,0,0.18999171891636105,32,No,0
6400,0,0.028037383177570093,374,No,0
6300,0,0.03998580385661895,363,No,0
6600,0,0.027445877203359753,396,No,0
6000,0,0.13509996450964154,285,No,0
6000,0,0.13509996450964154,285,No,0
6400,0,0.028037383177570093,374,No,0
4003,0,0.047320477936827164,35,No,0
4023,0,0.03099491304862179,49,No,0
4230,0,0.028865491541464568,122,No,0
6450,0,0.010055601561575771,382,No,0
6000,0,0.13509996450964154,285,No,0
4250,0,0.0003549035845262037,129,Yes,1
6000,0,0.13509996450964154,285,No,0
4000,0,0.18999171891636105,32,No,0
6450,0,0.010055601561575771,382,No,0
6300,0,0.03998580385661895,363,No,0
4400,0,0.05524665799124571,166,No,0
4581,0,0.001183011948420679,214,No,0
6000,0,0.13509996450964154,285,No,0
6100,0,0.030403407074411453,312,No,0
4003,0,0.047320477936827164,35,No,0
6400,0,0.028037383177570093,374,No,0
6600,0,0.027445877203359753,396,No,0
4003,0,0.047320477936827164,35,No,0
4020,0,0.004140541819472376,47,No,0
4400,0,0.05524665799124571,166,No,0
4580,0,0.0015379155329468827,213,No,0
6600,0,0.027445877203359753,396,No,0
6450,0,0.010055601561575771,382,No,0
4000,0,0.18999171891636105,32,No,0
4400,0,0.05524665799124571,166,No,0
6145,0,0.0001183011948420679,321,No,0
6500,0,0.011356914704838518,388,No,0
4400,0,0.05524665799124571,166,No,0
4400,0,0.05524665799124571,166,No,0
4230,0,0.028865491541464568,122,No,0
6000,0,0.13509996450964154,285,No,0
4015,0,0.0021294215071572223,42,No,0
6300,0,0.03998580385661895,363,No,0
6137,0,0.0002366023896841358,315,No,0
6300,0,0.03998580385661895,363,No,0
4600,0,0.01360463740683781,220,No,0
6000,0,0.13509996450964154,285,No,0
4210,0,0.005560156157577192,109,No,0
4003,0,0.047320477936827164,35,No,0
6175,0,0.0002366023896841358,339,No,0
6000,0,0.13509996450964154,285,No,0
4002,0,0.03584526203714657,34,No,0
6100,0,0.030403407074411453,312,No,0
6272,0,0.0001183011948420679,356,No,0
6890,0,0.0003549035845262037,424,No,0
4000,0,0.18999171891636105,32,No,0
6600,0,0.027445877203359753,396,No,0
4400,0,0.05524665799124571,166,Yes,1
4000,0,0.18999171891636105,32,No,0
4004,0,0.03667337040104105,36,No,0
1233,0,0.0001183011948420679,4,No,0
4700,0,0.021767419850940495,232,No,0
4003,0,0.047320477936827164,35,No,0
4004,0,0.03667337040104105,36,No,0
6000,0,0.13509996450964154,285,No,0
6000,0,0.13509996450964154,285,No,0
4004,0,0.03667337040104105,36,No,0
4023,0,0.03099491304862179,49,Yes,1
4124,0,0.001183011948420679,67,No,0
6100,0,0.030403407074411453,312,No,0
6000,0,0.13509996450964154,285,No,0
4000,0,0.18999171891636105,32,No,0
4023,0,0.03099491304862179,49,No,0
4000,0,0.18999171891636105,32,No,0
6600,0,0.027445877203359753,396,No,0
6300,0,0.03998580385661895,363,No,0
4023,0,0.03099491304862179,49,No,0
4230,0,0.028865491541464568,122,No,0
6151,0,0.0002366023896841358,325,No,0
4003,0,0.047320477936827164,35,Yes,1
4000,0,0.18999171891636105,32,No,0
4400,0,0.05524665799124571,166,No,0
6400,0,0.028037383177570093,374,No,0
6300,0,0.03998580385661895,363,No,0
4492,0,0.0005915059742103396,203,No,0
6000,0,0.13509996450964154,285,No,0
6000,0,0.13509996450964154,285,No,0
6400,0,0.028037383177570093,374,No,0
6280,0,0.002484325091683426,359,No,0
4500,0,0.011120312315154384,205,No,0
6000,0,0.13509996450964154,285,No,0
6300,0,0.03998580385661895,363,No,0
4400,0,0.05524665799124571,166,No,0
4600,0,0.01360463740683781,220,No,0
6500,0,0.011356914704838518,388,No,0
6400,0,0.028037383177570093,374,No,0
6000,0,0.13509996450964154,285,No,0
6600,0,0.027445877203359753,396,No,0
6600,0,0.027445877203359753,396,No,0
4003,0,0.047320477936827164,35,No,0
4108,0,0.0017745179226310187,57,No,0
4004,0,0.03667337040104105,36,No,0
4230,0,0.028865491541464568,122,No,0
6300,0,0.03998580385661895,363,No,0
4000,0,0.18999171891636105,32,No,0
4600,0,0.01360463740683781,220,No,0
4400,0,0.05524665799124571,166,No,0
6500,0,0.011356914704838518,388,No,0
6000,0,0.13509996450964154,285,No,0
6100,0,0.030403407074411453,312,No,0
4490,0,0.00224772270199929,201,No,0
6000,0,0.13509996450964154,285,No,0
6600,0,0.027445877203359753,396,No,0
4600,0,0.01360463740683781,220,No,0
6600,0,0.027445877203359753,396,No,0
4300,0,0.015615757719152964,147,No,0
4400,0,0.05524665799124571,166,No,0
4400,0,0.05524665799124571,166,No,0
6400,0,0.028037383177570093,374,No,0
4000,0,0.18999171891636105,32,No,0
4003,0,0.047320477936827164,35,No,0
4023,0,0.03099491304862179,49,No,0
6100,0,0.030403407074411453,312,No,0
4581,0,0.001183011948420679,214,Yes,1
4400,0,0.05524665799124571,166,No,0
6065,0,0.0004732047793682716,308,No,0
4600,0,0.01360463740683781,220,No,0
4000,0,0.18999171891636105,32,No,0
6000,0,0.13509996450964154,285,No,0
6600,0,0.027445877203359753,396,No,0
6300,0,0.03998580385661895,363,No,0
4000,0,0.18999171891636105,32,No,0
6000,0,0.13509996450964154,285,No,0
4230,0,0.028865491541464568,122,No,0
6400,0,0.028037383177570093,374,No,0
6500,0,0.011356914704838518,388,No,0
4000,0,0.18999171891636105,32,No,0
4002,0,0.03584526203714657,34,No,0
4000,0,0.18999171891636105,32,No,0
4400,0,0.05524665799124571,166,No,0
6000,0,0.13509996450964154,285,Yes,1
6450,0,0.010055601561575771,382,No,0
6400,0,0.028037383177570093,374,No,0
4000,0,0.18999171891636105,32,Yes,1
6000,0,0.13509996450964154,285,No,0
6000,0,0.13509996450964154,285,No,0
4000,0,0.18999171891636105,32,No,0
6600,0,0.027445877203359753,396,No,0
6300,0,0.03998580385661895,363,Yes,1
4000,0,0.18999171891636105,32,No,0
4000,0,0.18999171891636105,32,No,0
6057,0,0.0001183011948420679,300,No,0
6400,0,0.028037383177570093,374,No,0
6600,0,0.027445877203359753,396,No,0
6000,0,0.13509996450964154,285,No,0
6000,0,0.13509996450964154,285,No,0
6300,0,0.03998580385661895,363,Yes,1
6000,0,0.13509996450964154,285,No,0
4500,0,0.011120312315154384,205,Yes,1
4000,0,0.18999171891636105,32,Yes,1
4700,0,0.021767419850940495,232,No,0
4003,0,0.047320477936827164,35,No,0
6450,0,0.010055601561575771,382,No,0
4700,0,0.021767419850940495,232,No,0
4000,0,0.18999171891636105,32,No,0
4300,0,0.015615757719152964,147,No,0
4400,0,0.05524665799124571,166,No,0
6558,0,0.0002366023896841358,391,No,0
6000,0,0.13509996450964154,285,No,0
6400,0,0.028037383177570093,374,No,0
4000,0,0.18999171891636105,32,No,0
4230,0,0.028865491541464568,122,Yes,1
6000,0,0.13509996450964154,285,Yes,1
4400,0,0.05524665799124571,166,No,0
6600,0,0.027445877203359753,396,No,0
6000,0,0.13509996450964154,285,No,0
6000,0,0.13509996450964154,285,No,0
6100,0,0.030403407074411453,312,No,0
4000,0,0.18999171891636105,32,No,0
6500,0,0.011356914704838518,388,No,0
4001,0,0.004732047793682716,33,No,0
6000,0,0.13509996450964154,285,No,0
4023,0,0.03099491304862179,49,No,0
4003,0,0.047320477936827164,35,No,0
6600,0,0.027445877203359753,396,No,0
6400,0,0.028037383177570093,374,No,0
6000,0,0.13509996450964154,285,No,0
6159,0,0.0003549035845262037,330,No,0
6300,0,0.03998580385661895,363,No,0
4000,0,0.18999171891636105,32,No,0
4270,0,0.008635987223470957,137,No,0
6800,0,0.003903939429788241,409,No,0
4000,0,0.18999171891636105,32,No,0
6600,0,0.027445877203359753,396,No,0
6300,0,0.03998580385661895,363,No,0
6300,0,0.03998580385661895,363,No,0
4600,0,0.01360463740683781,220,No,0
4000,0,0.18999171891636105,32,No,0
6770,0,0.0005915059742103396,407,No,0
4000,0,0.18999171891636105,32,No,0
6300,0,0.03998580385661895,363,No,0
4000,0,0.18999171891636105,32,Yes,1
6450,0,0.010055601561575771,382,No,0
6000,0,0.13509996450964154,285,No,0
6300,0,0.03998580385661895,363,No,0
4020,0,0.004140541819472376,47,No,0
6000,0,0.13509996450964154,285,No,0
6000,0,0.13509996450964154,285,No,0
6000,0,0.13509996450964154,285,No,0
4000,0,0.18999171891636105,32,No,0
6600,0,0.027445877203359753,396,No,0
4004,0,0.03667337040104105,36,No,0
4000,0,0.18999171891636105,32,No,0
6000,0,0.13509996450964154,285,No,0
4000,0,0.18999171891636105,32,No,0
4300,0,0.015615757719152964,147,No,0
6600,0,0.027445877203359753,396,No,0
1839,0,0.0001183011948420679,23,No,0
4210,0,0.005560156157577192,109,No,0
4000,0,0.18999171891636105,32,No,0
6400,0,0.028037383177570093,374,No,0
6600,0,0.027445877203359753,396,No,0
4000,0,0.18999171891636105,32,No,0
6600,0,0.027445877203359753,396,No,0
6065,0,0.0004732047793682716,308,No,0
4015,0,0.0021294215071572223,42,No,0
6100,0,0.030403407074411453,312,No,0
4023,0,0.03099491304862179,49,No,0
6000,0,0.13509996450964154,285,No,0
4000,0,0.18999171891636105,32,No,0
6300,0,0.03998580385661895,363,No,0
4150,0,0.008399384833786822,81,No,0
4900,0,0.0007098071690524074,259,No,0
6701,0,0.0003549035845262037,405,No,0
4150,0,0.008399384833786822,81,No,0
6000,0,0.13509996450964154,285,Yes,1
6400,0,0.028037383177570093,374,Yes,1
4600,0,0.01360463740683781,220,No,0
8900,0,0.001301313143262747,445,No,0
4700,0,0.021767419850940495,232,No,0
4008,0,0.0003549035845262037,39,No,0
6000,0,0.13509996450964154,285,No,0
6000,0,0.13509996450964154,285,No,0
6000,0,0.13509996450964154,285,No,0
6000,0,0.13509996450964154,285,No,0
4000,0,0.18999171891636105,32,No,0
6800,0,0.003903939429788241,409,No,0
4500,0,0.011120312315154384,205,No,0
4600,0,0.01360463740683781,220,No,0
4000,0,0.18999171891636105,32,No,0
4173,0,0.0007098071690524074,87,No,0
4002,0,0.03584526203714657,34,No,0
6000,0,0.13509996450964154,285,No,0
6000,0,0.13509996450964154,285,No,0
6300,0,0.03998580385661895,363,No,0
6000,0,0.13509996450964154,285,No,0
4550,0,0.005441854962735124,211,No,0
4003,0,0.047320477936827164,35,No,0
4003,0,0.047320477936827164,35,No,0
4000,0,0.18999171891636105,32,No,0
4150,0,0.008399384833786822,81,No,0
6000,0,0.13509996450964154,285,No,0
4341,0,0.0001183011948420679,154,No,0
4000,0,0.18999171891636105,32,No,0
6140,0,0.0007098071690524074,318,Yes,1
4173,0,0.0007098071690524074,87,No,0
4000,0,0.18999171891636105,32,No,0
4020,0,0.004140541819472376,47,No,0
4004,0,0.03667337040104105,36,No,0
4400,0,0.05524665799124571,166,No,0
6000,0,0.13509996450964154,285,No,0
4190,0,0.002484325091683426,94,No,0
6300,0,0.03998580385661895,363,No,0
6304,0,0.0015379155329468827,365,No,0
6300,0,0.03998580385661895,363,No,0
4400,0,0.05524665799124571,166,No,0
4000,0,0.18999171891636105,32,No,0
6450,0,0.010055601561575771,382,No,0
4490,0,0.00224772270199929,201,No,0
6300,0,0.03998580385661895,363,No,0
4400,0,0.05524665799124571,166,No,0
4000,0,0.18999171891636105,32,No,0
6600,0,0.027445877203359753,396,No,0
4230,0,0.028865491541464568,122,No,0
4107,0,0.0008281083638944754,56,No,0
6300,0,0.03998580385661895,363,No,0
4004,0,0.03667337040104105,36,No,0
4700,0,0.021767419850940495,232,No,0
6000,0,0.13509996450964154,285,No,0
6000,0,0.13509996450964154,285,No,0
6450,0,0.010055601561575771,382,No,0
6600,0,0.027445877203359753,396,No,0
4003,0,0.047320477936827164,35,No,0
6000,0,0.13509996450964154,285,No,0
6000,0,0.13509996450964154,285,No,0
6000,0,0.13509996450964154,285,No,0
4409,0,0.001183011948420679,172,No,0
6000,0,0.13509996450964154,285,No,0
4101,0,0.002602626286525494,55,No,0
4023,0,0.03099491304862179,49,No,0
6300,0,0.03998580385661895,363,No,0
6000,0,0.13509996450964154,285,No,0
6000,0,0.13509996450964154,285,No,0
6000,0,0.13509996450964154,285,Yes,1
6600,0,0.027445877203359753,396,No,0
6600,0,0.027445877203359753,396,No,0
6159,0,0.0003549035845262037,330,No,0
4000,0,0.18999171891636105,32,No,0
6890,0,0.0003549035845262037,424,No,0
6600,0,0.027445877203359753,396,No,0
4400,0,0.05524665799124571,166,No,0
6600,0,0.027445877203359753,396,No,0
,1,0.0002366023896841358,456,No,0
6100,0,0.030403407074411453,312,No,0
4270,0,0.008635987223470957,137,No,0
4000,0,0.18999171891636105,32,No,0
4004,0,0.03667337040104105,36,No,0
6500,0,0.011356914704838518,388,No,0
6139,0,0.0002366023896841358,317,No,0
4000,0,0.18999171891636105,32,No,0
9300,0,0.0002366023896841358,454,No,0
4700,0,0.021767419850940495,232,No,0
4000,0,0.18999171891636105,32,No,0
6003,0,0.0009464095587365432,288,No,0
4230,0,0.028865491541464568,122,No,0
6000,0,0.13509996450964154,285,No,0
6900,0,0.002720927481367562,426,No,0
6400,0,0.028037383177570093,374,No,0
6000,0,0.13509996450964154,285,No,0
6560,0,0.0004732047793682716,392,No,0
4400,0,0.05524665799124571,166,No,0
6000,0,0.13509996450964154,285,No,0
6300,0,0.03998580385661895,363,No,0
4400,0,0.05524665799124571,166,No,0
4400,0,0.05524665799124571,166,No,0
6600,0,0.027445877203359753,396,No,0
4000,0,0.18999171891636105,32,No,0
4000,0,0.18999171891636105,32,No,0
4023,0,0.03099491304862179,49,No,0
4800,0,0.002602626286525494,242,Yes,1
6000,0,0.13509996450964154,285,No,0
6000,0,0.13509996450964154,285,No,0
4004,0,0.03667337040104105,36,No,0
4260,0,0.0005915059742103396,133,No,0
4000,0,0.18999171891636105,32,No,0
4000,0,0.18999171891636105,32,No,0
6000,0,0.13509996450964154,285,Yes,1
4000,0,0.18999171891636105,32,No,0
4300,0,0.015615757719152964,147,No,0
6000,0,0.13509996450964154,285,No,0
4150,0,0.008399384833786822,81,No,0
4409,0,0.001183011948420679,172,No,0
6000,0,0.13509996450964154,285,No,0
8900,0,0.001301313143262747,445,No,0
6000,0,0.13509996450964154,285,No,0
4500,0,0.011120312315154384,205,No,0
6000,0,0.13509996450964154,285,No,0
6600,0,0.027445877203359753,396,No,0
6500,0,0.011356914704838518,388,No,0
4000,0,0.18999171891636105,32,No,0
6000,0,0.13509996450964154,285,No,0
6300,0,0.03998580385661895,363,No,0
6300,0,0.03998580385661895,363,No,0
6000,0,0.13509996450964154,285,No,0
6000,0,0.13509996450964154,285,No,0
4600,0,0.01360463740683781,220,No,0
6000,0,0.13509996450964154,285,No,0
6300,0,0.03998580385661895,363,No,0
6300,0,0.03998580385661895,363,No,0
6600,0,0.027445877203359753,396,No,0
6000,0,0.13509996450964154,285,No,0
4004,0,0.03667337040104105,36,No,0
4201,0,0.0003549035845262037,102,No,0
6300,0,0.03998580385661895,363,No,0
4000,0,0.18999171891636105,32,No,0
6280,0,0.002484325091683426,359,No,0
6000,0,0.13509996450964154,285,No,0
4000,0,0.18999171891636105,32,No,0
4199,0,0.00224772270199929,100,No,0
4400,0,0.05524665799124571,166,No,0
6000,0,0.13509996450964154,285,No,0
6400,0,0.028037383177570093,374,No,0
6000,0,0.13509996450964154,285,No,0
6400,0,0.028037383177570093,374,No,0
6500,0,0.011356914704838518,388,No,0
4225,0,0.0017745179226310187,119,No,0
4023,0,0.03099491304862179,49,Yes,1
6000,0,0.13509996450964154,285,No,0
6000,0,0.13509996450964154,285,Yes,1
6000,0,0.13509996450964154,285,No,0
4111,0,0.0002366023896841358,60,No,0
6400,0,0.028037383177570093,374,No,0
8200,0,0.0003549035845262037,434,No,0
4400,0,0.05524665799124571,166,Yes,1
1784,0,0.0001183011948420679,22,Yes,1
4400,0,0.05524665799124571,166,No,0
4003,0,0.047320477936827164,35,Yes,1
6400,0,0.028037383177570093,374,No,0
6600,0,0.027445877203359753,396,No,0
6400,0,0.028037383177570093,374,Yes,1
4023,0,0.03099491304862179,49,No,0
6000,0,0.13509996450964154,285,No,0
4150,0,0.008399384833786822,81,No,0
6000,0,0.13509996450964154,285,No,0
6500,0,0.011356914704838518,388,No,0
4363,0,0.0002366023896841358,162,No,0
4000,0,0.18999171891636105,32,No,0
6300,0,0.03998580385661895,363,No,0
4150,0,0.008399384833786822,81,No,0
4199,0,0.00224772270199929,100,No,0
6000,0,0.13509996450964154,285,No,0
4000,0,0.18999171891636105,32,No,0
6000,0,0.13509996450964154,285,No,0
6600,0,0.027445877203359753,396,No,0
6600,0,0.027445877203359753,396,No,0
4000,0,0.18999171891636105,32,No,0
4579,0,0.001301313143262747,212,No,0
6900,0,0.002720927481367562,426,No,0
4000,0,0.18999171891636105,32,No,0
4000,0,0.18999171891636105,32,No,0
6199,0,0.0004732047793682716,342,No,0
6300,0,0.03998580385661895,363,No,0
6400,0,0.028037383177570093,374,No,0
6300,0,0.03998580385661895,363,No,0
6000,0,0.13509996450964154,285,No,0
4400,0,0.05524665799124571,166,No,0
6100,0,0.030403407074411453,312,No,0
4000,0,0.18999171891636105,32,No,0
6300,0,0.03998580385661895,363,No,0
4004,0,0.03667337040104105,36,No,0
6000,0,0.13509996450964154,285,No,0
6400,0,0.028037383177570093,374,No,0
6000,0,0.13509996450964154,285,Yes,1
4002,0,0.03584526203714657,34,No,0
4016,0,0.0018928191174730864,43,No,0
4000,0,0.18999171891636105,32,No,0
4407,0,0.0009464095587365432,170,No,0
4000,0,0.18999171891636105,32,No,0
6000,0,0.13509996450964154,285,No,0
6301,0,0.0003549035845262037,364,No,0
6000,0,0.13509996450964154,285,No,0
6600,0,0.027445877203359753,396,No,0
6300,0,0.03998580385661895,363,No,0
6300,0,0.03998580385661895,363,No,0
4000,0,0.18999171891636105,32,No,0
4872,0,0.0003549035845262037,255,No,0
4400,0,0.05524665799124571,166,No,0
4300,0,0.015615757719152964,147,No,0
6100,0,0.030403407074411453,312,Yes,1
6300,0,0.03998580385661895,363,No,0
4107,0,0.0008281083638944754,56,No,0
4003,0,0.047320477936827164,35,Yes,1
4000,0,0.18999171891636105,32,No,0
4124,0,0.001183011948420679,67,No,0
6500,0,0.011356914704838518,388,No,0
4000,0,0.18999171891636105,32,No,0
6300,0,0.03998580385661895,363,No,0
6000,0,0.13509996450964154,285,No,0
6000,0,0.13509996450964154,285,No,0
6600,0,0.027445877203359753,396,No,0
6600,0,0.027445877203359753,396,No,0
6300,0,0.03998580385661895,363,No,0
4002,0,0.03584526203714657,34,No,0
4400,0,0.05524665799124571,166,No,0
4000,0,0.18999171891636105,32,No,0
6800,0,0.003903939429788241,409,No,0
4000,0,0.18999171891636105,32,No,0
6300,0,0.03998580385661895,363,No,0
4000,0,0.18999171891636105,32,No,0
4700,0,0.021767419850940495,232,No,0
4002,0,0.03584526203714657,34,No,0
4000,0,0.18999171891636105,32,No,0
6000,0,0.13509996450964154,285,No,0
4300,0,0.015615757719152964,147,No,0
6450,0,0.010055601561575771,382,No,0
4000,0,0.18999171891636105,32,No,0
6000,0,0.13509996450964154,285,No,0
6600,0,0.027445877203359753,396,Yes,1
6000,0,0.13509996450964154,285,No,0
6400,0,0.028037383177570093,374,No,0
4004,0,0.03667337040104105,36,No,0
6300,0,0.03998580385661895,363,No,0
4002,0,0.03584526203714657,34,Yes,1
4004,0,0.03667337040104105,36,No,0
4600,0,0.01360463740683781,220,No,0
4002,0,0.03584526203714657,34,No,0
6162,0,0.0002366023896841358,332,No,0
4600,0,0.01360463740683781,220,Yes,1
6000,0,0.13509996450964154,285,No,0
6000,0,0.13509996450964154,285,No,0
4002,0,0.03584526203714657,34,No,0
4002,0,0.03584526203714657,34,No,0
6500,0,0.011356914704838518,388,No,0
4006,0,0.006743168105997871,37,Yes,1
6600,0,0.027445877203359753,396,No,0
6500,0,0.011356914704838518,388,No,0
4004,0,0.03667337040104105,36,No,0
6001,0,0.0008281083638944754,286,No,0
6300,0,0.03998580385661895,363,No,0
6300,0,0.03998580385661895,363,No,0
6100,0,0.030403407074411453,312,No,0
6563,0,0.0003549035845262037,393,No,0
4409,0,0.001183011948420679,172,No,0
6153,0,0.0001183011948420679,327,No,0
4000,0,0.18999171891636105,32,Yes,1
4230,0,0.028865491541464568,122,No,0
6000,0,0.13509996450964154,285,No,0
6420,0,0.0002366023896841358,376,No,0
4002,0,0.03584526203714657,34,No,0
6000,0,0.13509996450964154,285,No,0
4150,0,0.008399384833786822,81,No,0
4000,0,0.18999171891636105,32,No,0
6000,0,0.13509996450964154,285,No,0
4000,0,0.18999171891636105,32,No,0
4579,0,0.001301313143262747,212,No,0
4000,0,0.18999171891636105,32,No,0
4000,0,0.18999171891636105,32,No,0
4400,0,0.05524665799124571,166,No,0
4210,0,0.005560156157577192,109,No,0
4000,0,0.18999171891636105,32,No,0
4300,0,0.015615757719152964,147,No,0
6300,0,0.03998580385661895,363,No,0
6800,0,0.003903939429788241,409,No,0
4400,0,0.05524665799124571,166,Yes,1
4150,0,0.008399384833786822,81,No,0
4002,0,0.03584526203714657,34,No,0
4000,0,0.18999171891636105,32,No,0
4600,0,0.01360463740683781,220,No,0
6000,0,0.13509996450964154,285,No,0
4023,0,0.03099491304862179,49,No,0
6000,0,0.13509996450964154,285,Yes,1
4003,0,0.047320477936827164,35,No,0
4023,0,0.03099491304862179,49,Yes,1
6000,0,0.13509996450964154,285,No,0
6000,0,0.13509996450964154,285,No,0
6400,0,0.028037383177570093,374,No,0
4000,0,0.18999171891636105,32,No,0
6000,0,0.13509996450964154,285,No,0
6000,0,0.13509996450964154,285,No,0
4500,0,0.011120312315154384,205,No,0
6500,0,0.011356914704838518,388,No,0
4000,0,0.18999171891636105,32,No,0
4000,0,0.18999171891636105,32,No,0
6000,0,0.13509996450964154,285,Yes,1
6200,0,0.003785638234946173,343,No,0
6450,0,0.010055601561575771,382,No,0
6701,0,0.0003549035845262037,405,No,0
4002,0,0.03584526203714657,34,No,0
6000,0,0.13509996450964154,285,No,0
6100,0,0.030403407074411453,312,No,0
6000,0,0.13509996450964154,285,No,0
6000,0,0.13509996450964154,285,Yes,1
6353,0,0.0001183011948420679,368,Yes,1
4230,0,0.028865491541464568,122,No,0
4002,0,0.03584526203714657,34,Yes,1
4000,0,0.18999171891636105,32,No,0
6000,0,0.13509996450964154,285,No,0
6300,0,0.03998580385661895,363,No,0
4640,0,0.002484325091683426,227,No,0
6100,0,0.030403407074411453,312,No,0
4400,0,0.05524665799124571,166,Yes,1
4000,0,0.18999171891636105,32,No,0
6000,0,0.13509996450964154,285,No,0
4000,0,0.18999171891636105,32,No,0
6550,0,0.002720927481367562,390,No,0
4360,0,0.0009464095587365432,161,No,0
6000,0,0.13509996450964154,285,No,0
6400,0,0.028037383177570093,374,No,0
6000,0,0.13509996450964154,285,No,0
6900,0,0.002720927481367562,426,No,0
6400,0,0.028037383177570093,374,No,0
4500,0,0.011120312315154384,205,No,0
4003,0,0.047320477936827164,35,No,0
4002,0,0.03584526203714657,34,No,0
6000,0,0.13509996450964154,285,No,0
4004,0,0.03667337040104105,36,No,0
4000,0,0.18999171891636105,32,No,0
4150,0,0.008399384833786822,81,No,0
4000,0,0.18999171891636105,32,No,0
6000,0,0.13509996450964154,285,No,0
6900,0,0.002720927481367562,426,Yes,1
6500,0,0.011356914704838518,388,No,0
4000,0,0.18999171891636105,32,No,0
4003,0,0.047320477936827164,35,No,0
4000,0,0.18999171891636105,32,Yes,1
4003,0,0.047320477936827164,35,No,0
4000,0,0.18999171891636105,32,No,0
6000,0,0.13509996450964154,285,No,0
4700,0,0.021767419850940495,232,Yes,1
4004,0,0.03667337040104105,36,No,0
6200,0,0.003785638234946173,343,No,0
4003,0,0.047320477936827164,35,No,0
6400,0,0.028037383177570093,374,No,0
6000,0,0.13509996450964154,285,No,0
4400,0,0.05524665799124571,166,No,0
6000,0,0.13509996450964154,285,Yes,1
4330,0,0.002720927481367562,150,No,0
6400,0,0.028037383177570093,374,No,0
4000,0,0.18999171891636105,32,No,0
6000,0,0.13509996450964154,285,No,0
4000,0,0.18999171891636105,32,No,0
4002,0,0.03584526203714657,34,No,0
4400,0,0.05524665799124571,166,No,0
6000,0,0.13509996450964154,285,No,0
6400,0,0.028037383177570093,374,No,0
6000,0,0.13509996450964154,285,No,0
6450,0,0.010055601561575771,382,No,0
6000,0,0.13509996450964154,285,No,0
4000,0,0.18999171891636105,32,No,0
6100,0,0.030403407074411453,312,No,0
6300,0,0.03998580385661895,363,No,0
6400,0,0.028037383177570093,374,No,0
4000,0,0.18999171891636105,32,No,0
6139,0,0.0002366023896841358,317,No,0
6300,0,0.03998580385661895,363,No,0
4000,0,0.18999171891636105,32,No,0
6500,0,0.011356914704838518,388,No,0
4001,0,0.004732047793682716,33,Yes,1
4400,0,0.05524665799124571,166,Yes,1
6000,0,0.13509996450964154,285,No,0
6000,0,0.13509996450964154,285,No,0
6000,0,0.13509996450964154,285,No,0
6600,0,0.027445877203359753,396,No,0
4000,0,0.18999171891636105,32,No,0
6100,0,0.030403407074411453,312,No,0
6100,0,0.030403407074411453,312,No,0
4023,0,0.03099491304862179,49,No,0
6600,0,0.027445877203359753,396,No,0
8900,0,0.001301313143262747,445,No,0
6400,0,0.028037383177570093,374,No,0
4003,0,0.047320477936827164,35,No,0
4003,0,0.047320477936827164,35,No,0
4000,0,0.18999171891636105,32,No,0
4190,0,0.002484325091683426,94,No,0
6100,0,0.030403407074411453,312,No,0
4004,0,0.03667337040104105,36,No,0
6304,0,0.0015379155329468827,365,No,0
6000,0,0.13509996450964154,285,Yes,1
6300,0,0.03998580385661895,363,No,0
4400,0,0.05524665799124571,166,No,0
4000,0,0.18999171891636105,32,No,0
8960,0,0.0001183011948420679,450,No,0
6500,0,0.011356914704838518,388,No,0
4000,0,0.18999171891636105,32,No,0
4700,0,0.021767419850940495,232,No,0
6400,0,0.028037383177570093,374,No,0
6000,0,0.13509996450964154,285,No,0
6300,0,0.03998580385661895,363,No,0
6400,0,0.028037383177570093,374,No,0
6300,0,0.03998580385661895,363,No,0
6800,0,0.003903939429788241,409,No,0
6100,0,0.030403407074411453,312,No,0
4230,0,0.028865491541464568,122,No,0
4124,0,0.001183011948420679,67,No,0
4230,0,0.028865491541464568,122,No,0
6300,0,0.03998580385661895,363,No,0
6000,0,0.13509996450964154,285,No,0
4002,0,0.03584526203714657,34,No,0
4000,0,0.18999171891636105,32,No,0
4000,0,0.18999171891636105,32,No,0
4199,0,0.00224772270199929,100,No,0
4001,0,0.004732047793682716,33,Yes,1
6200,0,0.003785638234946173,343,No,0
6100,0,0.030403407074411453,312,No,0
6300,0,0.03998580385661895,363,No,0
7005,0,0.0001183011948420679,427,No,0
6000,0,0.13509996450964154,285,No,0
6300,0,0.03998580385661895,363,No,0
4210,0,0.005560156157577192,109,No,0
4770,0,0.0007098071690524074,240,No,0
6141,0,0.0001183011948420679,319,No,0
6000,0,0.13509996450964154,285,No,0
6300,0,0.03998580385661895,363,Yes,1
6600,0,0.027445877203359753,396,No,0
6140,0,0.0007098071690524074,318,No,0
4000,0,0.18999171891636105,32,No,0
4500,0,0.011120312315154384,205,No,0
4000,0,0.18999171891636105,32,No,0
6100,0,0.030403407074411453,312,No,0
4002,0,0.03584526203714657,34,No,0
6300,0,0.03998580385661895,363,No,0
4002,0,0.03584526203714657,34,No,0
6000,0,0.13509996450964154,285,No,0
4197,0,0.0008281083638944754,98,No,0
6000,0,0.13509996450964154,285,No,0
4002,0,0.03584526203714657,34,No,0
4500,0,0.011120312315154384,205,No,0
4701,0,0.0014196143381048148,233,No,0
6100,0,0.030403407074411453,312,No,0
4000,0,0.18999171891636105,32,No,0
6052,0,0.0001183011948420679,297,No,0
6300,0,0.03998580385661895,363,No,0
6000,0,0.13509996450964154,285,No,0
4024,0,0.0001183011948420679,50,No,0
4400,0,0.05524665799124571,166,No,0
6900,0,0.002720927481367562,426,No,0
6884,0,0.0004732047793682716,422,Yes,1
6771,0,0.0002366023896841358,408,No,0
4230,0,0.028865491541464568,122,Yes,1
1619,0,0.0001183011948420679,17,Yes,1
6000,0,0.13509996450964154,285,No,0
6100,0,0.030403407074411453,312,No,0
6647,0,0.0002366023896841358,400,No,0
4000,0,0.18999171891636105,32,No,0
4000,0,0.18999171891636105,32,No,0
6000,0,0.13509996450964154,285,No,0
4180,0,0.0035490358452620373,92,No,0
6000,0,0.13509996450964154,285,No,0
4230,0,0.028865491541464568,122,No,0
4000,0,0.18999171891636105,32,No,0
4701,0,0.0014196143381048148,233,No,0
4000,0,0.18999171891636105,32,No,0
4004,0,0.03667337040104105,36,No,0
4000,0,0.18999171891636105,32,No,0
6000,0,0.13509996450964154,285,No,0
6000,0,0.13509996450964154,285,Yes,1
6600,0,0.027445877203359753,396,No,0
6000,0,0.13509996450964154,285,No,0
6063,0,0.0002366023896841358,306,No,0
6000,0,0.13509996450964154,285,No,0
4000,0,0.18999171891636105,32,No,0
6000,0,0.13509996450964154,285,No,0
6500,0,0.011356914704838518,388,No,0
6000,0,0.13509996450964154,285,No,0
4004,0,0.03667337040104105,36,Yes,1
4000,0,0.18999171891636105,32,No,0
4000,0,0.18999171891636105,32,No,0
6000,0,0.13509996450964154,285,Yes,1
4000,0,0.18999171891636105,32,No,0
4400,0,0.05524665799124571,166,No,0
4000,0,0.18999171891636105,32,No,0
6000,0,0.13509996450964154,285,No,0
6000,0,0.13509996450964154,285,No,0
6238,0,0.0001183011948420679,348,No,0
6000,0,0.13509996450964154,285,No,0
8631,0,0.0001183011948420679,440,No,0
4700,0,0.021767419850940495,232,No,0
4600,0,0.01360463740683781,220,Yes,1
6100,0,0.030403407074411453,312,No,0
6000,0,0.13509996450964154,285,No,0
4000,0,0.18999171891636105,32,No,0
4023,0,0.03099491304862179,49,No,0
6300,0,0.03998580385661895,363,No,0
6000,0,0.13509996450964154,285,No,0
6000,0,0.13509996450964154,285,No,0
4230,0,0.028865491541464568,122,Yes,1
4210,0,0.005560156157577192,109,No,0
6400,0,0.028037383177570093,374,No,0
4023,0,0.03099491304862179,49,No,0
4000,0,0.18999171891636105,32,No,0
4003,0,0.047320477936827164,35,No,0
4003,0,0.047320477936827164,35,No,0
6300,0,0.03998580385661895,363,No,0
6450,0,0.010055601561575771,382,No,0
6450,0,0.010055601561575771,382,No,0
4000,0,0.18999171891636105,32,No,0
6300,0,0.03998580385661895,363,No,0
6000,0,0.13509996450964154,285,No,0
4004,0,0.03667337040104105,36,No,0
4490,0,0.00224772270199929,201,No,0
4580,0,0.0015379155329468827,213,No,0
4270,0,0.008635987223470957,137,No,0
4000,0,0.18999171891636105,32,No,0
4023,0,0.03099491304862179,49,No,0
6000,0,0.13509996450964154,285,No,0
8900,0,0.001301313143262747,445,Yes,1
6000,0,0.13509996450964154,285,No,0
4600,0,0.01360463740683781,220,No,0
4023,0,0.03099491304862179,49,No,0
6770,0,0.0005915059742103396,407,No,0
6000,0,0.13509996450964154,285,Yes,1
6000,0,0.13509996450964154,285,Yes,1
4000,0,0.18999171891636105,32,No,0
6300,0,0.03998580385661895,363,No,0
4400,0,0.05524665799124571,166,No,0
4400,0,0.05524665799124571,166,No,0
6000,0,0.13509996450964154,285,No,0
6100,0,0.030403407074411453,312,No,0
4470,0,0.0021294215071572223,195,No,0
4002,0,0.03584526203714657,34,No,0
6400,0,0.028037383177570093,374,No,0
6400,0,0.028037383177570093,374,No,0
6000,0,0.13509996450964154,285,No,0
4000,0,0.18999171891636105,32,No,0
6000,0,0.13509996450964154,285,No,0
4130,0,0.0009464095587365432,69,No,0
6000,0,0.13509996450964154,285,Yes,1
6300,0,0.03998580385661895,363,No,0
4000,0,0.18999171891636105,32,No,0
6230,0,0.0002366023896841358,347,No,0
6175,0,0.0002366023896841358,339,No,0
4000,0,0.18999171891636105,32,No,0
4000,0,0.18999171891636105,32,No,0
6000,0,0.13509996450964154,285,No,0
4000,0,0.18999171891636105,32,No,0
4300,0,0.015615757719152964,147,No,0
6000,0,0.13509996450964154,285,No,0
6450,0,0.010055601561575771,382,No,0
4223,0,0.0004732047793682716,117,No,0
4023,0,0.03099491304862179,49,No,0
6300,0,0.03998580385661895,363,No,0
6300,0,0.03998580385661895,363,No,0
4004,0,0.03667337040104105,36,No,0
4180,0,0.0035490358452620373,92,No,0
4400,0,0.05524665799124571,166,No,0
6300,0,0.03998580385661895,363,No,0
4180,0,0.0035490358452620373,92,No,0
4000,0,0.18999171891636105,32,No,0
6000,0,0.13509996450964154,285,No,0
4000,0,0.18999171891636105,32,No,0
4700,0,0.021767419850940495,232,No,0
4000,0,0.18999171891636105,32,No,0
6250,0,0.0004732047793682716,349,No,0
4110,0,0.0020111203123151546,59,No,0
4112,0,0.0008281083638944754,61,No,0
4023,0,0.03099491304862179,49,No,0
4004,0,0.03667337040104105,36,No,0
6450,0,0.010055601561575771,382,No,0
4000,0,0.18999171891636105,32,Yes,1
4000,0,0.18999171891636105,32,No,0
6100,0,0.030403407074411453,312,No,0
4400,0,0.05524665799124571,166,No,0
4230,0,0.028865491541464568,122,No,0
6100,0,0.030403407074411453,312,No,0
4300,0,0.015615757719152964,147,No,0
6558,0,0.0002366023896841358,391,No,0
4004,0,0.03667337040104105,36,No,0
4020,0,0.004140541819472376,47,No,0
6260,0,0.00508695137820892,351,No,0
4535,0,0.0001183011948420679,209,No,0
6000,0,0.13509996450964154,285,No,0
6300,0,0.03998580385661895,363,No,0
6000,0,0.13509996450964154,285,No,0
4000,0,0.18999171891636105,32,No,0
4700,0,0.021767419850940495,232,No,0
4003,0,0.047320477936827164,35,No,0
6000,0,0.13509996450964154,285,No,0
6450,0,0.010055601561575771,382,No,0
4002,0,0.03584526203714657,34,No,0
4002,0,0.03584526203714657,34,No,0
6006,0,0.0003549035845262037,290,No,0
6100,0,0.030403407074411453,312,No,0
6400,0,0.028037383177570093,374,No,0
6000,0,0.13509996450964154,285,No,0
6400,0,0.028037383177570093,374,No,0
4400,0,0.05524665799124571,166,No,0
4400,0,0.05524665799124571,166,No,0
6000,0,0.13509996450964154,285,No,0
4000,0,0.18999171891636105,32,No,0
6500,0,0.011356914704838518,388,No,0
6600,0,0.027445877203359753,396,No,0
4000,0,0.18999171891636105,32,No,0
4003,0,0.047320477936827164,35,No,0
4002,0,0.03584526203714657,34,No,0
6000,0,0.13509996450964154,285,No,0
6000,0,0.13509996450964154,285,No,0
4003,0,0.047320477936827164,35,No,0
4003,0,0.047320477936827164,35,No,0
6000,0,0.13509996450964154,285,No,0
6600,0,0.027445877203359753,396,No,0
4000,0,0.18999171891636105,32,No,0
4400,0,0.05524665799124571,166,No,0
6600,0,0.027445877203359753,396,Yes,1
6266,0,0.0001183011948420679,353,No,0
4000,0,0.18999171891636105,32,Yes,1
6000,0,0.13509996450964154,285,Yes,1
6600,0,0.027445877203359753,396,No,0
6260,0,0.00508695137820892,351,No,0
6000,0,0.13509996450964154,285,No,0
6000,0,0.13509996450964154,285,No,0
6140,0,0.0007098071690524074,318,No,0
4004,0,0.03667337040104105,36,Yes,1
6300,0,0.03998580385661895,363,No,0
6000,0,0.13509996450964154,285,No,0
6500,0,0.011356914704838518,388,No,0
4000,0,0.18999171891636105,32,Yes,1
4270,0,0.008635987223470957,137,No,0
6000,0,0.13509996450964154,285,No,0
4000,0,0.18999171891636105,32,No,0
6010,0,0.0005915059742103396,292,No,0
6450,0,0.010055601561575771,382,No,0
4581,0,0.001183011948420679,214,No,0
6260,0,0.00508695137820892,351,No,0
4000,0,0.18999171891636105,32,No,0
4580,0,0.0015379155329468827,213,No,0
4002,0,0.03584526203714657,34,No,0
6000,0,0.13509996450964154,285,No,0
4190,0,0.002484325091683426,94,No,0
6000,0,0.13509996450964154,285,No,0
4019,0,0.0003549035845262037,46,No,0
6450,0,0.010055601561575771,382,No,0
4300,0,0.015615757719152964,147,No,0
6000,0,0.13509996450964154,285,No,0
6000,0,0.13509996450964154,285,No,0
6000,0,0.13509996450964154,285,No,0
6100,0,0.030403407074411453,312,No,0
4003,0,0.047320477936827164,35,No,0
6000,0,0.13509996450964154,285,No,0
4003,0,0.047320477936827164,35,No,0
4700,0,0.021767419850940495,232,No,0
4000,0,0.18999171891636105,32,No,0
4000,0,0.18999171891636105,32,Yes,1
4600,0,0.01360463740683781,220,No,0
6260,0,0.00508695137820892,351,No,0
4230,0,0.028865491541464568,122,No,0
4230,0,0.028865491541464568,122,No,0
6400,0,0.028037383177570093,374,No,0
4003,0,0.047320477936827164,35,No,0
6600,0,0.027445877203359753,396,No,0
4000,0,0.18999171891636105,32,No,0
4230,0,0.028865491541464568,122,No,0
4000,0,0.18999171891636105,32,No,0
4023,0,0.03099491304862179,49,No,0
6000,0,0.13509996450964154,285,No,0
6000,0,0.13509996450964154,285,No,0
6450,0,0.010055601561575771,382,No,0
4023,0,0.03099491304862179,49,No,0
6100,0,0.030403407074411453,312,No,0
6000,0,0.13509996450964154,285,No,0
6280,0,0.002484325091683426,359,No,0
6280,0,0.002484325091683426,359,No,0
4400,0,0.05524665799124571,166,No,0
4000,0,0.18999171891636105,32,No,0
4270,0,0.008635987223470957,137,No,0
6400,0,0.028037383177570093,374,No,0
6300,0,0.03998580385661895,363,No,0
4023,0,0.03099491304862179,49,No,0
4000,0,0.18999171891636105,32,Yes,1
6000,0,0.13509996450964154,285,No,0
4940,0,0.0007098071690524074,261,No,0
4002,0,0.03584526203714657,34,Yes,1
4271,0,0.0003549035845262037,138,No,0
8900,0,0.001301313143262747,445,No,0
6000,0,0.13509996450964154,285,Yes,1
4150,0,0.008399384833786822,81,No,0
6000,0,0.13509996450964154,285,No,0
6000,0,0.13509996450964154,285,No,0
6000,0,0.13509996450964154,285,No,0
4400,0,0.05524665799124571,166,No,0
4581,0,0.001183011948420679,214,No,0
6000,0,0.13509996450964154,285,No,0
4000,0,0.18999171891636105,32,No,0
4230,0,0.028865491541464568,122,No,0
4400,0,0.05524665799124571,166,No,0
4400,0,0.05524665799124571,166,No,0
4000,0,0.18999171891636105,32,No,0
4700,0,0.021767419850940495,232,Yes,1
4000,0,0.18999171891636105,32,No,0
4000,0,0.18999171891636105,32,No,0
4023,0,0.03099491304862179,49,No,0
4003,0,0.047320477936827164,35,No,0
6300,0,0.03998580385661895,363,No,0
4225,0,0.0017745179226310187,119,No,0
4020,0,0.004140541819472376,47,No,0
6000,0,0.13509996450964154,285,No,0
6300,0,0.03998580385661895,363,No,0
6304,0,0.0015379155329468827,365,No,0
4002,0,0.03584526203714657,34,No,0
6000,0,0.13509996450964154,285,No,0
4150,0,0.008399384833786822,81,No,0
6000,0,0.13509996450964154,285,No,0
4000,0,0.18999171891636105,32,No,0
6260,0,0.00508695137820892,351,No,0
6000,0,0.13509996450964154,285,No,0
6400,0,0.028037383177570093,374,No,0
6400,0,0.028037383177570093,374,No,0
6450,0,0.010055601561575771,382,No,0
6300,0,0.03998580385661895,363,No,0
6000,0,0.13509996450964154,285,No,0
6400,0,0.028037383177570093,374,No,0
6500,0,0.011356914704838518,388,No,0
6400,0,0.028037383177570093,374,No,0
6000,0,0.13509996450964154,285,No,0
6450,0,0.010055601561575771,382,No,0
6400,0,0.028037383177570093,374,No,0
4000,0,0.18999171891636105,32,No,0
4006,0,0.006743168105997871,37,No,0
4002,0,0.03584526203714657,34,No,0
6100,0,0.030403407074411453,312,No,0
6600,0,0.027445877203359753,396,No,0
4003,0,0.047320477936827164,35,No,0
4406,0,0.0004732047793682716,169,No,0
6304,0,0.0015379155329468827,365,No,0
4230,0,0.028865491541464568,122,Yes,1
6260,0,0.00508695137820892,351,No,0
4003,0,0.047320477936827164,35,No,0
4002,0,0.03584526203714657,34,No,0
6500,0,0.011356914704838518,388,No,0
4800,0,0.002602626286525494,242,Yes,1
4016,0,0.0018928191174730864,43,No,0
4190,0,0.002484325091683426,94,No,0
4003,0,0.047320477936827164,35,No,0
6900,0,0.002720927481367562,426,No,0
4000,0,0.18999171891636105,32,No,0
4003,0,0.047320477936827164,35,No,0
4400,0,0.05524665799124571,166,No,0
4000,0,0.18999171891636105,32,No,0
4400,0,0.05524665799124571,166,No,0
4000,0,0.18999171891636105,32,No,0
6000,0,0.13509996450964154,285,No,0
4000,0,0.18999171891636105,32,No,0
1309,0,0.0001183011948420679,6,No,0
6000,0,0.13509996450964154,285,Yes,1
6600,0,0.027445877203359753,396,No,0
4000,0,0.18999171891636105,32,No,0
6000,0,0.13509996450964154,285,No,0
6000,0,0.13509996450964154,285,No,0
6000,0,0.13509996450964154,285,No,0
6170,0,0.0001183011948420679,336,Yes,1
4000,0,0.18999171891636105,32,No,0
4700,0,0.021767419850940495,232,No,0
4420,0,0.0001183011948420679,181,No,0
4002,0,0.03584526203714657,34,No,0
4000,0,0.18999171891636105,32,No,0
4239,0,0.0001183011948420679,124,No,0
6000,0,0.13509996450964154,285,No,0
6100,0,0.030403407074411453,312,No,0
6000,0,0.13509996450964154,285,No,0
4400,0,0.05524665799124571,166,No,0
6000,0,0.13509996450964154,285,No,0
6400,0,0.028037383177570093,374,No,0
4110,0,0.0020111203123151546,59,No,0
4000,0,0.18999171891636105,32,No,0
4180,0,0.0035490358452620373,92,No,0
6450,0,0.010055601561575771,382,No,0
4006,0,0.006743168105997871,37,Yes,1
4700,0,0.021767419850940495,232,No,0
6570,0,0.0010647107535786111,395,No,0
4000,0,0.18999171891636105,32,No,0
6000,0,0.13509996450964154,285,No,0
6300,0,0.03998580385661895,363,No,0
4003,0,0.047320477936827164,35,No,0
4400,0,0.05524665799124571,166,No,0
4002,0,0.03584526203714657,34,No,0
4004,0,0.03667337040104105,36,No,0
4000,0,0.18999171891636105,32,No,0
6100,0,0.030403407074411453,312,No,0
4000,0,0.18999171891636105,32,No,0
6000,0,0.13509996450964154,285,No,0
6800,0,0.003903939429788241,409,No,0
4230,0,0.028865491541464568,122,No,0
6200,0,0.003785638234946173,343,No,0
6000,0,0.13509996450964154,285,No,0
6100,0,0.030403407074411453,312,No,0
4000,0,0.18999171891636105,32,No,0
4003,0,0.047320477936827164,35,No,0
6000,0,0.13509996450964154,285,No,0
6300,0,0.03998580385661895,363,No,0
6000,0,0.13509996450964154,285,No,0
6600,0,0.027445877203359753,396,No,0
4230,0,0.028865491541464568,122,No,0
4023,0,0.03099491304862179,49,No,0
6100,0,0.030403407074411453,312,No,0
4003,0,0.047320477936827164,35,No,0
6304,0,0.0015379155329468827,365,No,0
6800,0,0.003903939429788241,409,No,0
4000,0,0.18999171891636105,32,No,0
4190,0,0.002484325091683426,94,No,0
6000,0,0.13509996450964154,285,No,0
4023,0,0.03099491304862179,49,No,0
4400,0,0.05524665799124571,166,No,0
4003,0,0.047320477936827164,35,Yes,1
6279,0,0.0001183011948420679,358,No,0
6100,0,0.030403407074411453,312,No,0
4000,0,0.18999171891636105,32,No,0
4000,0,0.18999171891636105,32,No,0
4640,0,0.002484325091683426,227,No,0
4400,0,0.05524665799124571,166,No,0
4490,0,0.00224772270199929,201,No,0
6000,0,0.13509996450964154,285,No,0
4000,0,0.18999171891636105,32,Yes,1
8900,0,0.001301313143262747,445,No,0
4400,0,0.05524665799124571,166,No,0
4000,0,0.18999171891636105,32,No,0
6000,0,0.13509996450964154,285,No,0
4004,0,0.03667337040104105,36,No,0
6400,0,0.028037383177570093,374,No,0
4004,0,0.03667337040104105,36,No,0
4850,0,0.004732047793682716,252,No,0
4004,0,0.03667337040104105,36,Yes,1
4850,0,0.004732047793682716,252,No,0
6000,0,0.13509996450964154,285,No,0
6300,0,0.03998580385661895,363,No,0
4600,0,0.01360463740683781,220,No,0
4642,0,0.0001183011948420679,229,No,0
6100,0,0.030403407074411453,312,No,0
4003,0,0.047320477936827164,35,No,0
4850,0,0.004732047793682716,252,No,0
6000,0,0.13509996450964154,285,No,0
6600,0,0.027445877203359753,396,Yes,1
6000,0,0.13509996450964154,285,No,0
6000,0,0.13509996450964154,285,No,0
6000,0,0.13509996450964154,285,No,0
8600,0,0.0003549035845262037,439,No,0
6300,0,0.03998580385661895,363,No,0
4701,0,0.0014196143381048148,233,No,0
4400,0,0.05524665799124571,166,Yes,1
4000,0,0.18999171891636105,32,No,0
6000,0,0.13509996450964154,285,No,0
6000,0,0.13509996450964154,285,No,0
6000,0,0.13509996450964154,285,No,0
6400,0,0.028037383177570093,374,No,0
4000,0,0.18999171891636105,32,No,0
4000,0,0.18999171891636105,32,No,0
6000,0,0.13509996450964154,285,No,0
4400,0,0.05524665799124571,166,No,0
4602,0,0.0003549035845262037,222,No,0
4600,0,0.01360463740683781,220,No,0
4218,0,0.001183011948420679,112,No,0
6000,0,0.13509996450964154,285,No,0
6300,0,0.03998580385661895,363,No,0
6000,0,0.13509996450964154,285,No,0
6600,0,0.027445877203359753,396,No,0
4000,0,0.18999171891636105,32,No,0
6000,0,0.13509996450964154,285,No,0
6600,0,0.027445877203359753,396,No,0
4000,0,0.18999171891636105,32,No,0
4004,0,0.03667337040104105,36,No,0
4000,0,0.18999171891636105,32,No,0
6000,0,0.13509996450964154,285,No,0
4400,0,0.05524665799124571,166,Yes,1
6000,0,0.13509996450964154,285,No,0
6800,0,0.003903939429788241,409,No,0
6600,0,0.027445877203359753,396,No,0
4400,0,0.05524665799124571,166,No,0
4002,0,0.03584526203714657,34,Yes,1
4210,0,0.005560156157577192,109,No,0
4360,0,0.0009464095587365432,161,No,0
6000,0,0.13509996450964154,285,No,0
4019,0,0.0003549035845262037,46,No,0
4987,0,0.0005915059742103396,274,No,0
4850,0,0.004732047793682716,252,No,0
6000,0,0.13509996450964154,285,No,0
4000,0,0.18999171891636105,32,No,0
4000,0,0.18999171891636105,32,No,0
4000,0,0.18999171891636105,32,No,0
6200,0,0.003785638234946173,343,No,0
6250,0,0.0004732047793682716,349,No,0
6500,0,0.011356914704838518,388,No,0
6400,0,0.028037383177570093,374,No,0
4150,0,0.008399384833786822,81,No,0
4421,0,0.0001183011948420679,182,No,0
6100,0,0.030403407074411453,312,No,0
6000,0,0.13509996450964154,285,No,0
4135,0,0.0008281083638944754,73,No,0
4230,0,0.028865491541464568,122,No,0
4003,0,0.047320477936827164,35,No,0
4000,0,0.18999171891636105,32,No,0
6000,0,0.13509996450964154,285,No,0
4003,0,0.047320477936827164,35,No,0
4000,0,0.18999171891636105,32,No,0
4190,0,0.002484325091683426,94,No,0
6000,0,0.13509996450964154,285,No,0
4400,0,0.05524665799124571,166,No,0
4000,0,0.18999171891636105,32,Yes,1
6300,0,0.03998580385661895,363,No,0
6100,0,0.030403407074411453,312,No,0
6138,0,0.0005915059742103396,316,No,0
4220,0,0.0030758310658937655,114,No,0
4003,0,0.047320477936827164,35,No,0
6100,0,0.030403407074411453,312,No,0
4000,0,0.18999171891636105,32,Yes,1
4002,0,0.03584526203714657,34,No,0
4700,0,0.021767419850940495,232,No,0
4000,0,0.18999171891636105,32,No,0
4000,0,0.18999171891636105,32,No,0
6500,0,0.011356914704838518,388,No,0
4500,0,0.011120312315154384,205,No,0
6199,0,0.0004732047793682716,342,No,0
4224,0,0.001301313143262747,118,No,0
6404,0,0.0002366023896841358,375,No,0
4023,0,0.03099491304862179,49,No,0
4824,0,0.0007098071690524074,245,No,0
6100,0,0.030403407074411453,312,No,0
4000,0,0.18999171891636105,32,No,0
4000,0,0.18999171891636105,32,Yes,1
4000,0,0.18999171891636105,32,No,0
4000,0,0.18999171891636105,32,No,0
4000,0,0.18999171891636105,32,No,0
6260,0,0.00508695137820892,351,No,0
4015,0,0.0021294215071572223,42,No,0
4190,0,0.002484325091683426,94,No,0
4300,0,0.015615757719152964,147,No,0
4300,0,0.015615757719152964,147,No,0
6400,0,0.028037383177570093,374,No,0
4850,0,0.004732047793682716,252,No,0
4004,0,0.03667337040104105,36,No,0
4218,0,0.001183011948420679,112,Yes,1
6000,0,0.13509996450964154,285,No,0
4110,0,0.0020111203123151546,59,Yes,1
4023,0,0.03099491304862179,49,Yes,1
6300,0,0.03998580385661895,363,No,0
4230,0,0.028865491541464568,122,No,0
4700,0,0.021767419850940495,232,No,0
4003,0,0.047320477936827164,35,No,0
4000,0,0.18999171891636105,32,No,0
4003,0,0.047320477936827164,35,No,0
6100,0,0.030403407074411453,312,No,0
6400,0,0.028037383177570093,374,No,0
4600,0,0.01360463740683781,220,No,0
4019,0,0.0003549035845262037,46,No,0
6000,0,0.13509996450964154,285,No,0
4028,0,0.0001183011948420679,53,No,0
6000,0,0.13509996450964154,285,No,0
4980,0,0.002484325091683426,271,No,0
4004,0,0.03667337040104105,36,No,0
4000,0,0.18999171891636105,32,No,0
6600,0,0.027445877203359753,396,No,0
4530,0,0.0009464095587365432,208,No,0
4003,0,0.047320477936827164,35,Yes,1
4023,0,0.03099491304862179,49,No,0
6155,0,0.0005915059742103396,328,No,0
6000,0,0.13509996450964154,285,No,0
6304,0,0.0015379155329468827,365,No,0
6000,0,0.13509996450964154,285,No,0
4000,0,0.18999171891636105,32,No,0
4230,0,0.028865491541464568,122,No,0
6000,0,0.13509996450964154,285,No,0
4000,0,0.18999171891636105,32,Yes,1
4173,0,0.0007098071690524074,87,No,0
4023,0,0.03099491304862179,49,No,0
6300,0,0.03998580385661895,363,No,0
6400,0,0.028037383177570093,374,No,0
4002,0,0.03584526203714657,34,No,0
4199,0,0.00224772270199929,100,No,0
6000,0,0.13509996450964154,285,No,0
4003,0,0.047320477936827164,35,No,0
6000,0,0.13509996450964154,285,No,0
6750,0,0.0008281083638944754,406,No,0
4230,0,0.028865491541464568,122,No,0
4003,0,0.047320477936827164,35,No,0
6000,0,0.13509996450964154,285,No,0
6000,0,0.13509996450964154,285,No,0
4270,0,0.008635987223470957,137,No,0
4230,0,0.028865491541464568,122,No,0
6060,0,0.0004732047793682716,303,No,0
6300,0,0.03998580385661895,363,No,0
6600,0,0.027445877203359753,396,No,0
4004,0,0.03667337040104105,36,No,0
6363,0,0.0003549035845262037,370,No,0
4004,0,0.03667337040104105,36,No,0
6000,0,0.13509996450964154,285,No,0
6000,0,0.13509996450964154,285,No,0
4023,0,0.03099491304862179,49,No,0
4004,0,0.03667337040104105,36,No,0
4000,0,0.18999171891636105,32,No,0
4023,0,0.03099491304862179,49,No,0
8000,0,0.0004732047793682716,432,No,0
4000,0,0.18999171891636105,32,Yes,1
6000,0,0.13509996450964154,285,No,0
6400,0,0.028037383177570093,374,No,0
6600,0,0.027445877203359753,396,No,0
6000,0,0.13509996450964154,285,No,0
4230,0,0.028865491541464568,122,No,0
4003,0,0.047320477936827164,35,No,0
6058,0,0.0002366023896841358,301,No,0
4004,0,0.03667337040104105,36,No,0
6000,0,0.13509996450964154,285,No,0
6400,0,0.028037383177570093,374,No,0
6400,0,0.028037383177570093,374,No,0
4000,0,0.18999171891636105,32,No,0
4000,0,0.18999171891636105,32,No,0
6102,0,0.0001183011948420679,313,No,0
4000,0,0.18999171891636105,32,No,0
6300,0,0.03998580385661895,363,No,0
4000,0,0.18999171891636105,32,No,0
6450,0,0.010055601561575771,382,Yes,1
4180,0,0.0035490358452620373,92,Yes,1
4023,0,0.03099491304862179,49,No,0
6000,0,0.13509996450964154,285,No,0
4500,0,0.011120312315154384,205,No,0
4004,0,0.03667337040104105,36,No,0
6600,0,0.027445877203359753,396,No,0
6200,0,0.003785638234946173,343,No,0
6450,0,0.010055601561575771,382,Yes,1
4003,0,0.047320477936827164,35,No,0
4600,0,0.01360463740683781,220,No,0
4210,0,0.005560156157577192,109,No,0
4400,0,0.05524665799124571,166,No,0
6000,0,0.13509996450964154,285,No,0
6000,0,0.13509996450964154,285,No,0
6100,0,0.030403407074411453,312,No,0
4000,0,0.18999171891636105,32,No,0
6000,0,0.13509996450964154,285,No,0
4001,0,0.004732047793682716,33,No,0
4000,0,0.18999171891636105,32,No,0
6300,0,0.03998580385661895,363,No,0
4004,0,0.03667337040104105,36,No,0
4000,0,0.18999171891636105,32,No,0
6300,0,0.03998580385661895,363,No,0
4500,0,0.011120312315154384,205,No,0
6000,0,0.13509996450964154,285,No,0
4023,0,0.03099491304862179,49,No,0
4002,0,0.03584526203714657,34,No,0
4300,0,0.015615757719152964,147,No,0
4824,0,0.0007098071690524074,245,No,0
6000,0,0.13509996450964154,285,No,0
4000,0,0.18999171891636105,32,No,0
4021,0,0.001183011948420679,48,No,0
4000,0,0.18999171891636105,32,No,0
4000,0,0.18999171891636105,32,No,0
6300,0,0.03998580385661895,363,No,0
4400,0,0.05524665799124571,166,No,0
4121,0,0.0004732047793682716,65,No,0
6000,0,0.13509996450964154,285,No,0
6450,0,0.010055601561575771,382,No,0
6450,0,0.010055601561575771,382,No,0
6300,0,0.03998580385661895,363,Yes,1
4581,0,0.001183011948420679,214,No,0
6000,0,0.13509996450964154,285,No,0
4241,0,0.0005915059742103396,126,Yes,1
4230,0,0.028865491541464568,122,No,0
4412,0,0.0005915059742103396,175,No,0
4000,0,0.18999171891636105,32,No,0
6400,0,0.028037383177570093,374,Yes,1
4000,0,0.18999171891636105,32,No,0
4470,0,0.0021294215071572223,195,No,0
6400,0,0.028037383177570093,374,No,0
3500,0,0.0001183011948420679,31,No,0
2875,0,0.0001183011948420679,29,No,0
4000,0,0.18999171891636105,32,Yes,1
6600,0,0.027445877203359753,396,No,0
6400,0,0.028037383177570093,374,No,0
4003,0,0.047320477936827164,35,No,0
6000,0,0.13509996450964154,285,Yes,1
6400,0,0.028037383177570093,374,No,0
4003,0,0.047320477936827164,35,Yes,1
4006,0,0.006743168105997871,37,No,0
6300,0,0.03998580385661895,363,Yes,1
6600,0,0.027445877203359753,396,No,0
4021,0,0.001183011948420679,48,No,0
4023,0,0.03099491304862179,49,No,0
6300,0,0.03998580385661895,363,No,0
4000,0,0.18999171891636105,32,No,0
4000,0,0.18999171891636105,32,No,0
6300,0,0.03998580385661895,363,No,0
6000,0,0.13509996450964154,285,No,0
6600,0,0.027445877203359753,396,No,0
6450,0,0.010055601561575771,382,No,0
6450,0,0.010055601561575771,382,No,0
6600,0,0.027445877203359753,396,No,0
4004,0,0.03667337040104105,36,No,0
6450,0,0.010055601561575771,382,No,0
4400,0,0.05524665799124571,166,No,0
4000,0,0.18999171891636105,32,No,0
4000,0,0.18999171891636105,32,Yes,1
6100,0,0.030403407074411453,312,No,0
6400,0,0.028037383177570093,374,No,0
6400,0,0.028037383177570093,374,No,0
4270,0,0.008635987223470957,137,No,0
6400,0,0.028037383177570093,374,Yes,1
4210,0,0.005560156157577192,109,Yes,1
4850,0,0.004732047793682716,252,No,0
4002,0,0.03584526203714657,34,No,0
6500,0,0.011356914704838518,388,No,0
4300,0,0.015615757719152964,147,No,0
6600,0,0.027445877203359753,396,No,0
6000,0,0.13509996450964154,285,No,0
4004,0,0.03667337040104105,36,No,0
4003,0,0.047320477936827164,35,No,0
6000,0,0.13509996450964154,285,No,0
4400,0,0.05524665799124571,166,No,0
6000,0,0.13509996450964154,285,No,0
4006,0,0.006743168105997871,37,No,0
4023,0,0.03099491304862179,49,No,0
4364,0,0.0003549035845262037,163,No,0
6000,0,0.13509996450964154,285,No,0
6000,0,0.13509996450964154,285,No,0
4400,0,0.05524665799124571,166,No,0
6000,0,0.13509996450964154,285,No,0
6000,0,0.13509996450964154,285,No,0
4003,0,0.047320477936827164,35,No,0
4230,0,0.028865491541464568,122,No,0
4000,0,0.18999171891636105,32,No,0
6300,0,0.03998580385661895,363,Yes,1
7300,0,0.0001183011948420679,429,No,0
4960,0,0.001183011948420679,267,No,0
4000,0,0.18999171891636105,32,No,0
6300,0,0.03998580385661895,363,No,0
6400,0,0.028037383177570093,374,No,0
4000,0,0.18999171891636105,32,No,0
4230,0,0.028865491541464568,122,No,0
6220,0,0.0002366023896841358,346,No,0
6490,0,0.0008281083638944754,387,No,0
6560,0,0.0004732047793682716,392,No,0
4001,0,0.004732047793682716,33,Yes,1
4230,0,0.028865491541464568,122,No,0
4004,0,0.03667337040104105,36,No,0
6300,0,0.03998580385661895,363,No,0
4000,0,0.18999171891636105,32,No,0
4000,0,0.18999171891636105,32,Yes,1
6000,0,0.13509996450964154,285,No,0
4003,0,0.047320477936827164,35,No,0
6000,0,0.13509996450964154,285,No,0
6000,0,0.13509996450964154,285,No,0
4000,0,0.18999171891636105,32,No,0
6450,0,0.010055601561575771,382,No,0
4207,0,0.0001183011948420679,107,No,0
4000,0,0.18999171891636105,32,No,0
6100,0,0.030403407074411453,312,No,0
4000,0,0.18999171891636105,32,No,0
6400,0,0.028037383177570093,374,No,0
6300,0,0.03998580385661895,363,No,0
4000,0,0.18999171891636105,32,No,0
6000,0,0.13509996450964154,285,No,0
6450,0,0.010055601561575771,382,No,0
4960,0,0.001183011948420679,267,No,0
4000,0,0.18999171891636105,32,No,0
4020,0,0.004140541819472376,47,No,0
4400,0,0.05524665799124571,166,No,0
6600,0,0.027445877203359753,396,No,0
6500,0,0.011356914704838518,388,No,0
8875,0,0.0001183011948420679,443,No,0
6000,0,0.13509996450964154,285,No,0
4000,0,0.18999171891636105,32,Yes,1
4230,0,0.028865491541464568,122,No,0
6600,0,0.027445877203359753,396,No,0
4230,0,0.028865491541464568,122,No,0
6000,0,0.13509996450964154,285,No,0
4000,0,0.18999171891636105,32,No,0
4000,0,0.18999171891636105,32,No,0
4180,0,0.0035490358452620373,92,No,0
6400,0,0.028037383177570093,374,No,0
6000,0,0.13509996450964154,285,No,0
6000,0,0.13509996450964154,285,No,0
4600,0,0.01360463740683781,220,No,0
4003,0,0.047320477936827164,35,No,0
4006,0,0.006743168105997871,37,No,0
4000,0,0.18999171891636105,32,No,0
6000,0,0.13509996450964154,285,No,0
4000,0,0.18999171891636105,32,Yes,1
6000,0,0.13509996450964154,285,No,0
4020,0,0.004140541819472376,47,No,0
6500,0,0.011356914704838518,388,No,0
6300,0,0.03998580385661895,363,No,0
4003,0,0.047320477936827164,35,No,0
4000,0,0.18999171891636105,32,No,0
6100,0,0.030403407074411453,312,No,0
4470,0,0.0021294215071572223,195,No,0
6500,0,0.011356914704838518,388,No,0
6000,0,0.13509996450964154,285,No,0
6000,0,0.13509996450964154,285,No,0
4300,0,0.015615757719152964,147,No,0
4700,0,0.021767419850940495,232,Yes,1
6000,0,0.13509996450964154,285,No,0
6100,0,0.030403407074411453,312,No,0
4002,0,0.03584526203714657,34,No,0
6600,0,0.027445877203359753,396,No,0
6500,0,0.011356914704838518,388,No,0
6000,0,0.13509996450964154,285,No,0
4300,0,0.015615757719152964,147,No,0
6002,0,0.0003549035845262037,287,No,0
4000,0,0.18999171891636105,32,No,0
4285,0,0.0005915059742103396,142,No,0
4002,0,0.03584526203714657,34,No,0
6000,0,0.13509996450964154,285,No,0
4003,0,0.047320477936827164,35,Yes,1
4000,0,0.18999171891636105,32,No,0
4700,0,0.021767419850940495,232,No,0
4400,0,0.05524665799124571,166,No,0
4003,0,0.047320477936827164,35,No,0
4000,0,0.18999171891636105,32,No,0
4150,0,0.008399384833786822,81,No,0
4004,0,0.03667337040104105,36,No,0
4000,0,0.18999171891636105,32,No,0
6000,0,0.13509996450964154,285,No,0
6550,0,0.002720927481367562,390,No,0
4004,0,0.03667337040104105,36,No,0
4000,0,0.18999171891636105,32,No,0
6000,0,0.13509996450964154,285,No,0
6600,0,0.027445877203359753,396,Yes,1
4000,0,0.18999171891636105,32,No,0
6300,0,0.03998580385661895,363,No,0
6000,0,0.13509996450964154,285,No,0
6000,0,0.13509996450964154,285,No,0
6000,0,0.13509996450964154,285,No,0
4003,0,0.047320477936827164,35,No,0
4000,0,0.18999171891636105,32,Yes,1
4400,0,0.05524665799124571,166,No,0
4500,0,0.011120312315154384,205,No,0
4000,0,0.18999171891636105,32,No,0
4230,0,0.028865491541464568,122,Yes,1
6100,0,0.030403407074411453,312,No,0
6000,0,0.13509996450964154,285,No,0
6000,0,0.13509996450964154,285,No,0
6000,0,0.13509996450964154,285,No,0
4400,0,0.05524665799124571,166,No,0
6000,0,0.13509996450964154,285,No,0
4002,0,0.03584526203714657,34,No,0
4023,0,0.03099491304862179,49,No,0
4701,0,0.0014196143381048148,233,No,0
6000,0,0.13509996450964154,285,No,0
6300,0,0.03998580385661895,363,No,0
4225,0,0.0017745179226310187,119,No,0
6250,0,0.0004732047793682716,349,Yes,1
6641,0,0.0001183011948420679,399,No,0
4400,0,0.05524665799124571,166,No,0
6000,0,0.13509996450964154,285,No,0
6400,0,0.028037383177570093,374,No,0
6000,0,0.13509996450964154,285,No,0
6000,0,0.13509996450964154,285,No,0
4004,0,0.03667337040104105,36,No,0
4002,0,0.03584526203714657,34,No,0
4203,0,0.0002366023896841358,104,No,0
4000,0,0.18999171891636105,32,No,0
4015,0,0.0021294215071572223,42,Yes,1
6400,0,0.028037383177570093,374,No,0
6000,0,0.13509996450964154,285,No,0
4230,0,0.028865491541464568,122,No,0
6260,0,0.00508695137820892,351,No,0
4003,0,0.047320477936827164,35,No,0
4000,0,0.18999171891636105,32,No,0
4400,0,0.05524665799124571,166,No,0
4000,0,0.18999171891636105,32,No,0
4400,0,0.05524665799124571,166,Yes,1
6300,0,0.03998580385661895,363,No,0
6000,0,0.13509996450964154,285,No,0
6450,0,0.010055601561575771,382,No,0
6450,0,0.010055601561575771,382,No,0
4140,0,0.0004732047793682716,76,No,0
6000,0,0.13509996450964154,285,No,0
4000,0,0.18999171891636105,32,No,0
4201,0,0.0003549035845262037,102,No,0
4000,0,0.18999171891636105,32,No,0
6500,0,0.011356914704838518,388,No,0
4023,0,0.03099491304862179,49,No,0
6000,0,0.13509996450964154,285,No,0
4470,0,0.0021294215071572223,195,No,0
4142,0,0.0008281083638944754,78,No,0
4000,0,0.18999171891636105,32,No,0
6500,0,0.011356914704838518,388,No,0
6300,0,0.03998580385661895,363,No,0
4020,0,0.004140541819472376,47,No,0
4001,0,0.004732047793682716,33,No,0
6000,0,0.13509996450964154,285,No,0
6000,0,0.13509996450964154,285,No,0
6450,0,0.010055601561575771,382,No,0
4023,0,0.03099491304862179,49,No,0
4000,0,0.18999171891636105,32,No,0
6300,0,0.03998580385661895,363,Yes,1
4000,0,0.18999171891636105,32,No,0
9300,0,0.0002366023896841358,454,No,0
4400,0,0.05524665799124571,166,No,0
4000,0,0.18999171891636105,32,No,0
6400,0,0.028037383177570093,374,No,0
4600,0,0.01360463740683781,220,No,0
4003,0,0.047320477936827164,35,No,0
7800,0,0.0001183011948420679,431,Yes,1
6000,0,0.13509996450964154,285,No,0
4002,0,0.03584526203714657,34,Yes,1
4000,0,0.18999171891636105,32,No,0
4220,0,0.0030758310658937655,114,No,0
6000,0,0.13509996450964154,285,No,0
4006,0,0.006743168105997871,37,No,0
4150,0,0.008399384833786822,81,No,0
4150,0,0.008399384833786822,81,No,0
6400,0,0.028037383177570093,374,No,0
4400,0,0.05524665799124571,166,No,0
4230,0,0.028865491541464568,122,No,0
6140,0,0.0007098071690524074,318,No,0
6163,0,0.0004732047793682716,333,No,0
4640,0,0.002484325091683426,227,No,0
4500,0,0.011120312315154384,205,No,0
4230,0,0.028865491541464568,122,Yes,1
4270,0,0.008635987223470957,137,No,0
8939,0,0.0001183011948420679,447,No,0
4000,0,0.18999171891636105,32,No,0
4003,0,0.047320477936827164,35,No,0
6006,0,0.0003549035845262037,290,No,0
6000,0,0.13509996450964154,285,No,0
4000,0,0.18999171891636105,32,No,0
4230,0,0.028865491541464568,122,No,0
6000,0,0.13509996450964154,285,No,0
6600,0,0.027445877203359753,396,No,0
6100,0,0.030403407074411453,312,No,0
4000,0,0.18999171891636105,32,Yes,1
6000,0,0.13509996450964154,285,No,0
6570,0,0.0010647107535786111,395,No,0
6000,0,0.13509996450964154,285,Yes,1
4004,0,0.03667337040104105,36,No,0
4004,0,0.03667337040104105,36,No,0
4000,0,0.18999171891636105,32,No,0
4175,0,0.0001183011948420679,89,No,0
6059,0,0.0001183011948420679,302,No,0
4000,0,0.18999171891636105,32,No,0
4003,0,0.047320477936827164,35,No,0
4002,0,0.03584526203714657,34,No,0
4000,0,0.18999171891636105,32,Yes,1
4230,0,0.028865491541464568,122,Yes,1
4400,0,0.05524665799124571,166,No,0
4000,0,0.18999171891636105,32,No,0
4000,0,0.18999171891636105,32,No,0
6000,0,0.13509996450964154,285,Yes,1
6000,0,0.13509996450964154,285,No,0
6450,0,0.010055601561575771,382,Yes,1
4000,0,0.18999171891636105,32,No,0
4004,0,0.03667337040104105,36,No,0
4000,0,0.18999171891636105,32,No,0
6300,0,0.03998580385661895,363,Yes,1
6000,0,0.13509996450964154,285,No,0
6450,0,0.010055601561575771,382,Yes,1
6400,0,0.028037383177570093,374,No,0
4027,0,0.0009464095587365432,52,No,0
6884,0,0.0004732047793682716,422,No,0
4600,0,0.01360463740683781,220,No,0
5800,0,0.0001183011948420679,284,Yes,1
6600,0,0.027445877203359753,396,No,0
4230,0,0.028865491541464568,122,No,0
6500,0,0.011356914704838518,388,No,0
4150,0,0.008399384833786822,81,No,0
4400,0,0.05524665799124571,166,No,0
6000,0,0.13509996450964154,285,No,0
4000,0,0.18999171891636105,32,No,0
4017,0,0.0020111203123151546,44,Yes,1
4700,0,0.021767419850940495,232,No,0
6600,0,0.027445877203359753,396,No,0
6100,0,0.030403407074411453,312,No,0
6000,0,0.13509996450964154,285,No,0
6000,0,0.13509996450964154,285,No,0
4180,0,0.0035490358452620373,92,No,0
6000,0,0.13509996450964154,285,No,0
4023,0,0.03099491304862179,49,No,0
6600,0,0.027445877203359753,396,Yes,1
8643,0,0.0001183011948420679,441,Yes,1
4210,0,0.005560156157577192,109,No,0
6400,0,0.028037383177570093,374,No,0
6400,0,0.028037383177570093,374,No,0
4002,0,0.03584526203714657,34,No,0
4113,0,0.0003549035845262037,62,No,0
6100,0,0.030403407074411453,312,No,0
6300,0,0.03998580385661895,363,No,0
6000,0,0.13509996450964154,285,No,0
4150,0,0.008399384833786822,81,No,0
4700,0,0.021767419850940495,232,No,0
4006,0,0.006743168105997871,37,No,0
6000,0,0.13509996450964154,285,No,0
4000,0,0.18999171891636105,32,No,0
1700,0,0.0001183011948420679,19,No,0
4700,0,0.021767419850940495,232,No,0
6000,0,0.13509996450964154,285,No,0
4000,0,0.18999171891636105,32,No,0
4000,0,0.18999171891636105,32,No,0
4000,0,0.18999171891636105,32,No,0
4700,0,0.021767419850940495,232,No,0
6770,0,0.0005915059742103396,407,No,0
4023,0,0.03099491304862179,49,No,0
4210,0,0.005560156157577192,109,No,0
4000,0,0.18999171891636105,32,No,0
6600,0,0.027445877203359753,396,Yes,1
6100,0,0.030403407074411453,312,No,0
4021,0,0.001183011948420679,48,No,0
6300,0,0.03998580385661895,363,No,0
4400,0,0.05524665799124571,166,No,0
6550,0,0.002720927481367562,390,No,0
6600,0,0.027445877203359753,396,No,0
4002,0,0.03584526203714657,34,No,0
6450,0,0.010055601561575771,382,No,0
6400,0,0.028037383177570093,374,No,0
6000,0,0.13509996450964154,285,No,0
4000,0,0.18999171891636105,32,No,0
4003,0,0.047320477936827164,35,No,0
4150,0,0.008399384833786822,81,Yes,1
4000,0,0.18999171891636105,32,No,0
4003,0,0.047320477936827164,35,No,0
6100,0,0.030403407074411453,312,No,0
4003,0,0.047320477936827164,35,No,0
6000,0,0.13509996450964154,285,No,0
4400,0,0.05524665799124571,166,No,0
4006,0,0.006743168105997871,37,No,0
6000,0,0.13509996450964154,285,No,0
4400,0,0.05524665799124571,166,No,0
4004,0,0.03667337040104105,36,No,0
6300,0,0.03998580385661895,363,No,0
6100,0,0.030403407074411453,312,No,0
6600,0,0.027445877203359753,396,No,0
4890,0,0.0001183011948420679,258,No,0
4400,0,0.05524665799124571,166,No,0
4003,0,0.047320477936827164,35,No,0
4002,0,0.03584526203714657,34,No,0
4004,0,0.03667337040104105,36,No,0
4230,0,0.028865491541464568,122,No,0
4270,0,0.008635987223470957,137,No,0
6000,0,0.13509996450964154,285,No,0
4500,0,0.011120312315154384,205,No,0
4004,0,0.03667337040104105,36,Yes,1
4003,0,0.047320477936827164,35,No,0
4003,0,0.047320477936827164,35,Yes,1
4023,0,0.03099491304862179,49,No,0
6000,0,0.13509996450964154,285,No,0
4020,0,0.004140541819472376,47,No,0
6600,0,0.027445877203359753,396,No,0
6000,0,0.13509996450964154,285,No,0
4000,0,0.18999171891636105,32,No,0
6280,0,0.002484325091683426,359,No,0
4020,0,0.004140541819472376,47,No,0
4004,0,0.03667337040104105,36,No,0
4000,0,0.18999171891636105,32,No,0
4023,0,0.03099491304862179,49,No,0
4000,0,0.18999171891636105,32,Yes,1
6000,0,0.13509996450964154,285,No,0
6300,0,0.03998580385661895,363,No,0
4700,0,0.021767419850940495,232,No,0
4023,0,0.03099491304862179,49,Yes,1
4180,0,0.0035490358452620373,92,No,0
6000,0,0.13509996450964154,285,No,0
6000,0,0.13509996450964154,285,No,0
6600,0,0.027445877203359753,396,No,0
4002,0,0.03584526203714657,34,No,0
6008,0,0.0002366023896841358,291,No,0
4500,0,0.011120312315154384,205,No,0
6100,0,0.030403407074411453,312,No,0
6000,0,0.13509996450964154,285,No,0
4000,0,0.18999171891636105,32,No,0
6000,0,0.13509996450964154,285,No,0
6100,0,0.030403407074411453,312,No,0
6000,0,0.13509996450964154,285,No,0
4004,0,0.03667337040104105,36,No,0
4000,0,0.18999171891636105,32,No,0
4451,0,0.0001183011948420679,188,No,0
6400,0,0.028037383177570093,374,No,0
4230,0,0.028865491541464568,122,No,0
6600,0,0.027445877203359753,396,No,0
4002,0,0.03584526203714657,34,No,0
6300,0,0.03998580385661895,363,Yes,1
6300,0,0.03998580385661895,363,No,0
4228,0,0.0003549035845262037,121,No,0
4270,0,0.008635987223470957,137,No,0
6000,0,0.13509996450964154,285,No,0
6300,0,0.03998580385661895,363,No,0
6400,0,0.028037383177570093,374,No,0
4023,0,0.03099491304862179,49,No,0
6300,0,0.03998580385661895,363,No,0
4109,0,0.0008281083638944754,58,Yes,1
4003,0,0.047320477936827164,35,Yes,1
4003,0,0.047320477936827164,35,No,0
6500,0,0.011356914704838518,388,No,0
6450,0,0.010055601561575771,382,No,0
6500,0,0.011356914704838518,388,No,0
4000,0,0.18999171891636105,32,No,0
4000,0,0.18999171891636105,32,No,0
6100,0,0.030403407074411453,312,No,0
6000,0,0.13509996450964154,285,No,0
4230,0,0.028865491541464568,122,Yes,1
6300,0,0.03998580385661895,363,No,0
5140,0,0.0001183011948420679,281,No,0
6300,0,0.03998580385661895,363,No,0
4000,0,0.18999171891636105,32,No,0
4000,0,0.18999171891636105,32,No,0
6000,0,0.13509996450964154,285,No,0
4000,0,0.18999171891636105,32,No,0
8947,0,0.0001183011948420679,448,No,0
4400,0,0.05524665799124571,166,No,0
4004,0,0.03667337040104105,36,Yes,1
6000,0,0.13509996450964154,285,No,0
4000,0,0.18999171891636105,32,No,0
6300,0,0.03998580385661895,363,No,0
4009,0,0.0002366023896841358,40,No,0
6000,0,0.13509996450964154,285,No,0
6000,0,0.13509996450964154,285,No,0
4400,0,0.05524665799124571,166,No,0
6500,0,0.011356914704838518,388,No,0
4004,0,0.03667337040104105,36,No,0
6570,0,0.0010647107535786111,395,No,0
4000,0,0.18999171891636105,32,No,0
4000,0,0.18999171891636105,32,No,0
4003,0,0.047320477936827164,35,No,0
6300,0,0.03998580385661895,363,No,0
4000,0,0.18999171891636105,32,No,0
4002,0,0.03584526203714657,34,No,0
4000,0,0.18999171891636105,32,No,0
6000,0,0.13509996450964154,285,No,0
6260,0,0.00508695137820892,351,No,0
4000,0,0.18999171891636105,32,Yes,1
6600,0,0.027445877203359753,396,No,0
4002,0,0.03584526203714657,34,No,0
6250,0,0.0004732047793682716,349,No,0
4004,0,0.03667337040104105,36,No,0
6300,0,0.03998580385661895,363,No,0
6300,0,0.03998580385661895,363,No,0
4000,0,0.18999171891636105,32,No,0
4004,0,0.03667337040104105,36,No,0
6000,0,0.13509996450964154,285,No,0
4230,0,0.028865491541464568,122,No,0
4003,0,0.047320477936827164,35,No,0
4003,0,0.047320477936827164,35,Yes,1
4490,0,0.00224772270199929,201,No,0
4000,0,0.18999171891636105,32,Yes,1
4000,0,0.18999171891636105,32,No,0
4700,0,0.021767419850940495,232,No,0
4003,0,0.047320477936827164,35,No,0
4003,0,0.047320477936827164,35,No,0
4400,0,0.05524665799124571,166,No,0
6450,0,0.010055601561575771,382,Yes,1
1618,0,0.0002366023896841358,16,No,0
4225,0,0.0017745179226310187,119,No,0
4000,0,0.18999171891636105,32,No,0
4003,0,0.047320477936827164,35,No,0
6400,0,0.028037383177570093,374,No,0
6000,0,0.13509996450964154,285,No,0
4004,0,0.03667337040104105,36,No,0
4000,0,0.18999171891636105,32,No,0
4974,0,0.0001183011948420679,269,No,0
4004,0,0.03667337040104105,36,No,0
6100,0,0.030403407074411453,312,No,0
4000,0,0.18999171891636105,32,No,0
4400,0,0.05524665799124571,166,No,0
4000,0,0.18999171891636105,32,No,0
4000,0,0.18999171891636105,32,Yes,1
4000,0,0.18999171891636105,32,No,0
4400,0,0.05524665799124571,166,No,0
6400,0,0.028037383177570093,374,No,0
4023,0,0.03099491304862179,49,No,0
6100,0,0.030403407074411453,312,No,0
4000,0,0.18999171891636105,32,Yes,1
4700,0,0.021767419850940495,232,Yes,1
4000,0,0.18999171891636105,32,No,0
4000,0,0.18999171891636105,32,Yes,1
4002,0,0.03584526203714657,34,No,0
4004,0,0.03667337040104105,36,No,0
6060,0,0.0004732047793682716,303,No,0
6260,0,0.00508695137820892,351,No,0
4300,0,0.015615757719152964,147,No,0
6600,0,0.027445877203359753,396,No,0
4002,0,0.03584526203714657,34,Yes,1
6300,0,0.03998580385661895,363,No,0
4002,0,0.03584526203714657,34,No,0
6000,0,0.13509996450964154,285,Yes,1
4400,0,0.05524665799124571,166,No,0
6300,0,0.03998580385661895,363,No,0
4400,0,0.05524665799124571,166,Yes,1
6000,0,0.13509996450964154,285,No,0
6260,0,0.00508695137820892,351,No,0
4004,0,0.03667337040104105,36,No,0
4000,0,0.18999171891636105,32,No,0
4002,0,0.03584526203714657,34,No,0
4700,0,0.021767419850940495,232,No,0
4000,0,0.18999171891636105,32,No,0
4002,0,0.03584526203714657,34,No,0
4000,0,0.18999171891636105,32,No,0
6100,0,0.030403407074411453,312,No,0
6000,0,0.13509996450964154,285,No,0
4016,0,0.0018928191174730864,43,No,0
4000,0,0.18999171891636105,32,No,0
6400,0,0.028037383177570093,374,No,0
4000,0,0.18999171891636105,32,No,0
4300,0,0.015615757719152964,147,No,0
6000,0,0.13509996450964154,285,No,0
4000,0,0.18999171891636105,32,Yes,1
6000,0,0.13509996450964154,285,No,0
6000,0,0.13509996450964154,285,No,0
4002,0,0.03584526203714657,34,No,0
4001,0,0.004732047793682716,33,No,0
6100,0,0.030403407074411453,312,No,0
4000,0,0.18999171891636105,32,No,0
4230,0,0.028865491541464568,122,No,0
4000,0,0.18999171891636105,32,No,0
4004,0,0.03667337040104105,36,No,0
6269,0,0.0001183011948420679,354,No,0
4000,0,0.18999171891636105,32,No,0
6000,0,0.13509996450964154,285,No,0
4850,0,0.004732047793682716,252,Yes,1
4000,0,0.18999171891636105,32,No,0
4400,0,0.05524665799124571,166,No,0
4004,0,0.03667337040104105,36,No,0
4998,0,0.0002366023896841358,278,No,0
4000,0,0.18999171891636105,32,No,0
6000,0,0.13509996450964154,285,No,0
4002,0,0.03584526203714657,34,No,0
4000,0,0.18999171891636105,32,No,0
4015,0,0.0021294215071572223,42,No,0
4300,0,0.015615757719152964,147,No,0
6100,0,0.030403407074411453,312,No,0
6100,0,0.030403407074411453,312,No,0
4580,0,0.0015379155329468827,213,No,0
4500,0,0.011120312315154384,205,No,0
4003,0,0.047320477936827164,35,No,0
4002,0,0.03584526203714657,34,No,0
6300,0,0.03998580385661895,363,No,0
4001,0,0.004732047793682716,33,No,0
6260,0,0.00508695137820892,351,No,0
4000,0,0.18999171891636105,32,No,0
4002,0,0.03584526203714657,34,No,0
6000,0,0.13509996450964154,285,No,0
4600,0,0.01360463740683781,220,No,0
4000,0,0.18999171891636105,32,No,0
6560,0,0.0004732047793682716,392,Yes,1
4023,0,0.03099491304862179,49,No,0
4000,0,0.18999171891636105,32,Yes,1
6500,0,0.011356914704838518,388,No,0
4004,0,0.03667337040104105,36,No,0
4002,0,0.03584526203714657,34,No,0
6002,0,0.0003549035845262037,287,No,0
4150,0,0.008399384833786822,81,No,0
4500,0,0.011120312315154384,205,No,0
6300,0,0.03998580385661895,363,No,0
6100,0,0.030403407074411453,312,No,0
6138,0,0.0005915059742103396,316,No,0
6100,0,0.030403407074411453,312,No,0
6000,0,0.13509996450964154,285,No,0
4023,0,0.03099491304862179,49,Yes,1
6280,0,0.002484325091683426,359,No,0
6014,0,0.0004732047793682716,293,No,0
4003,0,0.047320477936827164,35,No,0
4400,0,0.05524665799124571,166,No,0
4000,0,0.18999171891636105,32,Yes,1
6053,0,0.0002366023896841358,298,No,0
6300,0,0.03998580385661895,363,No,0
6100,0,0.030403407074411453,312,No,0
6550,0,0.002720927481367562,390,No,0
4000,0,0.18999171891636105,32,No,0
6600,0,0.027445877203359753,396,No,0
4400,0,0.05524665799124571,166,No,0
4000,0,0.18999171891636105,32,No,0
4002,0,0.03584526203714657,34,No,0
4003,0,0.047320477936827164,35,No,0
4000,0,0.18999171891636105,32,No,0
6100,0,0.030403407074411453,312,No,0
6000,0,0.13509996450964154,285,No,0
4270,0,0.008635987223470957,137,No,0
1000,0,0.0008281083638944754,0,No,0
4204,0,0.0009464095587365432,105,No,0
4000,0,0.18999171891636105,32,No,0
4300,0,0.015615757719152964,147,No,0
4000,0,0.18999171891636105,32,No,0
6000,0,0.13509996450964154,285,No,0
4000,0,0.18999171891636105,32,No,0
4000,0,0.18999171891636105,32,No,0
6100,0,0.030403407074411453,312,No,0
6000,0,0.13509996450964154,285,No,0
4400,0,0.05524665799124571,166,No,0
6000,0,0.13509996450964154,285,No,0
4002,0,0.03584526203714657,34,No,0
4000,0,0.18999171891636105,32,No,0
4000,0,0.18999171891636105,32,No,0
6000,0,0.13509996450964154,285,No,0
4023,0,0.03099491304862179,49,No,0
4023,0,0.03099491304862179,49,No,0
4400,0,0.05524665799124571,166,No,0
6500,0,0.011356914704838518,388,No,0
6100,0,0.030403407074411453,312,No,0
6300,0,0.03998580385661895,363,No,0
4000,0,0.18999171891636105,32,No,0
4004,0,0.03667337040104105,36,No,0
4002,0,0.03584526203714657,34,Yes,1
4000,0,0.18999171891636105,32,No,0
4285,0,0.0005915059742103396,142,No,0
4400,0,0.05524665799124571,166,No,0
4640,0,0.002484325091683426,227,No,0
4003,0,0.047320477936827164,35,No,0
6500,0,0.011356914704838518,388,Yes,1
6000,0,0.13509996450964154,285,Yes,1
6301,0,0.0003549035845262037,364,No,0
4013,0,0.001183011948420679,41,No,0
6215,0,0.0001183011948420679,344,No,0
6343,0,0.0004732047793682716,367,No,0
6300,0,0.03998580385661895,363,No,0
4000,0,0.18999171891636105,32,No,0
6100,0,0.030403407074411453,312,No,0
4006,0,0.006743168105997871,37,No,0
6000,0,0.13509996450964154,285,No,0
6000,0,0.13509996450964154,285,No,0
6000,0,0.13509996450964154,285,No,0
4330,0,0.002720927481367562,150,No,0
6600,0,0.027445877203359753,396,No,0
6000,0,0.13509996450964154,285,No,0
6300,0,0.03998580385661895,363,No,0
4003,0,0.047320477936827164,35,No,0
4340,0,0.0005915059742103396,153,No,0
4000,0,0.18999171891636105,32,No,0
4002,0,0.03584526203714657,34,No,0
4004,0,0.03667337040104105,36,No,0
4000,0,0.18999171891636105,32,No,0
4002,0,0.03584526203714657,34,No,0
6600,0,0.027445877203359753,396,No,0
4600,0,0.01360463740683781,220,No,0
4500,0,0.011120312315154384,205,No,0
4000,0,0.18999171891636105,32,No,0
6000,0,0.13509996450964154,285,No,0
4127,0,0.0002366023896841358,68,No,0
4002,0,0.03584526203714657,34,No,0
6300,0,0.03998580385661895,363,No,0
6400,0,0.028037383177570093,374,No,0
6304,0,0.0015379155329468827,365,No,0
4003,0,0.047320477936827164,35,No,0
4004,0,0.03667337040104105,36,No,0
4800,0,0.002602626286525494,242,No,0
6000,0,0.13509996450964154,285,No,0
8919,0,0.0001183011948420679,446,No,0
6400,0,0.028037383177570093,374,No,0
4002,0,0.03584526203714657,34,No,0
4600,0,0.01360463740683781,220,No,0
4230,0,0.028865491541464568,122,No,0
4004,0,0.03667337040104105,36,No,0
4020,0,0.004140541819472376,47,No,0
6400,0,0.028037383177570093,374,No,0
6100,0,0.030403407074411453,312,No,0
6000,0,0.13509996450964154,285,No,0
4000,0,0.18999171891636105,32,No,0
6000,0,0.13509996450964154,285,Yes,1
6600,0,0.027445877203359753,396,Yes,1
6450,0,0.010055601561575771,382,No,0
4020,0,0.004140541819472376,47,Yes,1
8444,0,0.0001183011948420679,437,No,0
6701,0,0.0003549035845262037,405,No,0
6600,0,0.027445877203359753,396,No,0
4002,0,0.03584526203714657,34,No,0
6400,0,0.028037383177570093,374,No,0
4003,0,0.047320477936827164,35,No,0
6000,0,0.13509996450964154,285,No,0
4000,0,0.18999171891636105,32,Yes,1
6000,0,0.13509996450964154,285,No,0
4000,0,0.18999171891636105,32,No,0
6000,0,0.13509996450964154,285,No,0
6400,0,0.028037383177570093,374,No,0
6550,0,0.002720927481367562,390,No,0
6100,0,0.030403407074411453,312,No,0
4002,0,0.03584526203714657,34,Yes,1
1404,0,0.0003549035845262037,10,No,0
4400,0,0.05524665799124571,166,No,0
4004,0,0.03667337040104105,36,No,0
6300,0,0.03998580385661895,363,No,0
4260,0,0.0005915059742103396,133,No,0
4002,0,0.03584526203714657,34,No,0
4641,0,0.0003549035845262037,228,No,0
6000,0,0.13509996450964154,285,No,0
4003,0,0.047320477936827164,35,Yes,1
4224,0,0.001301313143262747,118,No,0
6300,0,0.03998580385661895,363,No,0
4800,0,0.002602626286525494,242,Yes,1
6000,0,0.13509996450964154,285,No,0
4700,0,0.021767419850940495,232,No,0
6000,0,0.13509996450964154,285,No,0
6000,0,0.13509996450964154,285,No,0
4002,0,0.03584526203714657,34,No,0
4004,0,0.03667337040104105,36,Yes,1
6100,0,0.030403407074411453,312,No,0
4023,0,0.03099491304862179,49,No,0
6400,0,0.028037383177570093,374,No,0
6230,0,0.0002366023896841358,347,No,0
4150,0,0.008399384833786822,81,No,0
6000,0,0.13509996450964154,285,No,0
4000,0,0.18999171891636105,32,No,0
4180,0,0.0035490358452620373,92,No,0
4270,0,0.008635987223470957,137,No,0
6300,0,0.03998580385661895,363,No,0
4023,0,0.03099491304862179,49,No,0
6010,0,0.0005915059742103396,292,No,0
4023,0,0.03099491304862179,49,No,0
6000,0,0.13509996450964154,285,No,0
4004,0,0.03667337040104105,36,No,0
4230,0,0.028865491541464568,122,No,0
6380,0,0.0001183011948420679,373,No,0
8900,0,0.001301313143262747,445,No,0
6000,0,0.13509996450964154,285,No,0
4400,0,0.05524665799124571,166,No,0
4210,0,0.005560156157577192,109,No,0
6000,0,0.13509996450964154,285,No,0
6000,0,0.13509996450964154,285,No,0
4000,0,0.18999171891636105,32,Yes,1
6058,0,0.0002366023896841358,301,No,0
4000,0,0.18999171891636105,32,No,0
4199,0,0.00224772270199929,100,No,0
6000,0,0.13509996450964154,285,No,0
4004,0,0.03667337040104105,36,No,0
4003,0,0.047320477936827164,35,No,0
4000,0,0.18999171891636105,32,No,0
4002,0,0.03584526203714657,34,No,0
4020,0,0.004140541819472376,47,No,0
4204,0,0.0009464095587365432,105,No,0
4800,0,0.002602626286525494,242,No,0
4003,0,0.047320477936827164,35,No,0
6100,0,0.030403407074411453,312,No,0
4000,0,0.18999171891636105,32,No,0
6000,0,0.13509996450964154,285,No,0
4000,0,0.18999171891636105,32,No,0
6500,0,0.011356914704838518,388,No,0
6000,0,0.13509996450964154,285,No,0
6600,0,0.027445877203359753,396,No,0
4210,0,0.005560156157577192,109,Yes,1
4400,0,0.05524665799124571,166,No,0
4270,0,0.008635987223470957,137,No,0
4003,0,0.047320477936827164,35,No,0
6260,0,0.00508695137820892,351,No,0
6300,0,0.03998580385661895,363,No,0
4147,0,0.0017745179226310187,80,No,0
6000,0,0.13509996450964154,285,No,0
4142,0,0.0008281083638944754,78,No,0
6300,0,0.03998580385661895,363,No,0
4550,0,0.005441854962735124,211,No,0
4000,0,0.18999171891636105,32,No,0
6600,0,0.027445877203359753,396,No,0
4004,0,0.03667337040104105,36,No,0
4003,0,0.047320477936827164,35,No,0
6159,0,0.0003549035845262037,330,No,0
8900,0,0.001301313143262747,445,No,0
4000,0,0.18999171891636105,32,No,0
6600,0,0.027445877203359753,396,No,0
6280,0,0.002484325091683426,359,No,0
4000,0,0.18999171891636105,32,No,0
4270,0,0.008635987223470957,137,No,0
4000,0,0.18999171891636105,32,No,0
4000,0,0.18999171891636105,32,No,0
4400,0,0.05524665799124571,166,No,0
6000,0,0.13509996450964154,285,No,0
6000,0,0.13509996450964154,285,No,0
6300,0,0.03998580385661895,363,No,0
4477,0,0.0001183011948420679,197,No,0
6100,0,0.030403407074411453,312,No,0
6500,0,0.011356914704838518,388,No,0
4850,0,0.004732047793682716,252,No,0
4004,0,0.03667337040104105,36,No,0
4004,0,0.03667337040104105,36,No,0
4400,0,0.05524665799124571,166,No,0
6100,0,0.030403407074411453,312,No,0
4000,0,0.18999171891636105,32,No,0
6300,0,0.03998580385661895,363,No,0
4150,0,0.008399384833786822,81,No,0
4004,0,0.03667337040104105,36,No,0
4002,0,0.03584526203714657,34,No,0
6000,0,0.13509996450964154,285,No,0
6000,0,0.13509996450964154,285,No,0
4500,0,0.011120312315154384,205,No,0
4003,0,0.047320477936827164,35,No,0
4000,0,0.18999171891636105,32,No,0
6550,0,0.002720927481367562,390,No,0
4000,0,0.18999171891636105,32,No,0
4330,0,0.002720927481367562,150,No,0
6200,0,0.003785638234946173,343,No,0
4000,0,0.18999171891636105,32,No,0
6000,0,0.13509996450964154,285,No,0
6300,0,0.03998580385661895,363,No,0
4003,0,0.047320477936827164,35,No,0
6000,0,0.13509996450964154,285,No,0
4003,0,0.047320477936827164,35,No,0
4004,0,0.03667337040104105,36,No,0
4002,0,0.03584526203714657,34,Yes,1
6000,0,0.13509996450964154,285,No,0
4003,0,0.047320477936827164,35,No,0
4000,0,0.18999171891636105,32,No,0
4300,0,0.015615757719152964,147,No,0
4004,0,0.03667337040104105,36,Yes,1
6300,0,0.03998580385661895,363,No,0
4026,0,0.0001183011948420679,51,No,0
4017,0,0.0020111203123151546,44,No,0
4000,0,0.18999171891636105,32,No,0
4205,0,0.0002366023896841358,106,No,0
4000,0,0.18999171891636105,32,No,0
6450,0,0.010055601561575771,382,No,0
6003,0,0.0009464095587365432,288,No,0
4400,0,0.05524665799124571,166,No,0
4004,0,0.03667337040104105,36,No,0
6000,0,0.13509996450964154,285,No,0
4023,0,0.03099491304862179,49,No,0
6000,0,0.13509996450964154,285,No,0
6450,0,0.010055601561575771,382,No,0
4000,0,0.18999171891636105,32,No,0
4199,0,0.00224772270199929,100,Yes,1
6000,0,0.13509996450964154,285,No,0
6000,0,0.13509996450964154,285,No,0
4700,0,0.021767419850940495,232,Yes,1
6000,0,0.13509996450964154,285,No,0
6000,0,0.13509996450964154,285,No,0
4004,0,0.03667337040104105,36,No,0
6600,0,0.027445877203359753,396,Yes,1
4581,0,0.001183011948420679,214,No,0
4023,0,0.03099491304862179,49,No,0
4300,0,0.015615757719152964,147,No,0
4002,0,0.03584526203714657,34,Yes,1
6100,0,0.030403407074411453,312,No,0
4400,0,0.05524665799124571,166,No,0
6000,0,0.13509996450964154,285,No,0
4400,0,0.05524665799124571,166,No,0
4003,0,0.047320477936827164,35,No,0
4300,0,0.015615757719152964,147,No,0
4270,0,0.008635987223470957,137,No,0
6800,0,0.003903939429788241,409,Yes,1
4006,0,0.006743168105997871,37,No,0
4442,0,0.0004732047793682716,185,No,0
6000,0,0.13509996450964154,285,No,0
4230,0,0.028865491541464568,122,No,0
6000,0,0.13509996450964154,285,No,0
6000,0,0.13509996450964154,285,No,0
4400,0,0.05524665799124571,166,No,0
4023,0,0.03099491304862179,49,No,0
4400,0,0.05524665799124571,166,No,0
4000,0,0.18999171891636105,32,No,0
4003,0,0.047320477936827164,35,No,0
4003,0,0.047320477936827164,35,Yes,1
6100,0,0.030403407074411453,312,No,0
6000,0,0.13509996450964154,285,No,0
6600,0,0.027445877203359753,396,No,0
6000,0,0.13509996450964154,285,No,0
6300,0,0.03998580385661895,363,No,0
6304,0,0.0015379155329468827,365,No,0
6260,0,0.00508695137820892,351,No,0
4000,0,0.18999171891636105,32,No,0
6060,0,0.0004732047793682716,303,No,0
4000,0,0.18999171891636105,32,No,0
4003,0,0.047320477936827164,35,No,0
4000,0,0.18999171891636105,32,No,0
6300,0,0.03998580385661895,363,No,0
6500,0,0.011356914704838518,388,No,0
4002,0,0.03584526203714657,34,No,0
4000,0,0.18999171891636105,32,No,0
4023,0,0.03099491304862179,49,No,0
6000,0,0.13509996450964154,285,No,0
4003,0,0.047320477936827164,35,No,0
4030,0,0.0010647107535786111,54,No,0
6400,0,0.028037383177570093,374,No,0
4003,0,0.047320477936827164,35,No,0
6300,0,0.03998580385661895,363,Yes,1
6000,0,0.13509996450964154,285,No,0
4400,0,0.05524665799124571,166,No,0
6400,0,0.028037383177570093,374,No,0
4270,0,0.008635987223470957,137,No,0
4000,0,0.18999171891636105,32,No,0
4000,0,0.18999171891636105,32,No,0
4003,0,0.047320477936827164,35,No,0
4000,0,0.18999171891636105,32,No,0
6000,0,0.13509996450964154,285,No,0
4000,0,0.18999171891636105,32,No,0
6800,0,0.003903939429788241,409,No,0
4009,0,0.0002366023896841358,40,No,0
4002,0,0.03584526203714657,34,No,0
6500,0,0.011356914704838518,388,No,0
6260,0,0.00508695137820892,351,No,0
6000,0,0.13509996450964154,285,No,0
4003,0,0.047320477936827164,35,No,0
6300,0,0.03998580385661895,363,No,0
4112,0,0.0008281083638944754,61,No,0
4500,0,0.011120312315154384,205,No,0
4002,0,0.03584526203714657,34,No,0
6000,0,0.13509996450964154,285,No,0
6000,0,0.13509996450964154,285,No,0
4210,0,0.005560156157577192,109,No,0
4400,0,0.05524665799124571,166,No,0
7500,0,0.0001183011948420679,430,No,0
4000,0,0.18999171891636105,32,No,0
4000,0,0.18999171891636105,32,No,0
6000,0,0.13509996450964154,285,Yes,1
6400,0,0.028037383177570093,374,No,0
6400,0,0.028037383177570093,374,No,0
6000,0,0.13509996450964154,285,No,0
4004,0,0.03667337040104105,36,No,0
6260,0,0.00508695137820892,351,No,0
4230,0,0.028865491541464568,122,No,0
6000,0,0.13509996450964154,285,No,0
4000,0,0.18999171891636105,32,No,0
4000,0,0.18999171891636105,32,No,0
6000,0,0.13509996450964154,285,No,0
4752,0,0.0001183011948420679,239,No,0
4000,0,0.18999171891636105,32,No,0
4003,0,0.047320477936827164,35,No,0
6300,0,0.03998580385661895,363,Yes,1
4000,0,0.18999171891636105,32,No,0
4230,0,0.028865491541464568,122,Yes,1
4002,0,0.03584526203714657,34,No,0
4204,0,0.0009464095587365432,105,No,0
6000,0,0.13509996450964154,285,No,0
6750,0,0.0008281083638944754,406,No,0
4000,0,0.18999171891636105,32,No,0
4003,0,0.047320477936827164,35,No,0
6000,0,0.13509996450964154,285,No,0
4023,0,0.03099491304862179,49,No,0
1505,0,0.0007098071690524074,14,No,0
4000,0,0.18999171891636105,32,No,0
6500,0,0.011356914704838518,388,No,0
4023,0,0.03099491304862179,49,No,0
6400,0,0.028037383177570093,374,No,0
4000,0,0.18999171891636105,32,Yes,1
6000,0,0.13509996450964154,285,No,0
4003,0,0.047320477936827164,35,No,0
6600,0,0.027445877203359753,396,No,0
4000,0,0.18999171891636105,32,No,0
6600,0,0.027445877203359753,396,No,0
4023,0,0.03099491304862179,49,No,0
6300,0,0.03998580385661895,363,No,0
6000,0,0.13509996450964154,285,No,0
4003,0,0.047320477936827164,35,No,0
4003,0,0.047320477936827164,35,No,0
4000,0,0.18999171891636105,32,Yes,1
6000,0,0.13509996450964154,285,No,0
4002,0,0.03584526203714657,34,No,0
6300,0,0.03998580385661895,363,Yes,1
3241,0,0.0001183011948420679,30,No,0
6000,0,0.13509996450964154,285,No,0
6600,0,0.027445877203359753,396,No,0
6300,0,0.03998580385661895,363,No,0
9644,0,0.0001183011948420679,455,No,0
4003,0,0.047320477936827164,35,No,0
4137,0,0.0008281083638944754,75,No,0
2100,0,0.0001183011948420679,25,No,0
4000,0,0.18999171891636105,32,No,0
6045,0,0.0001183011948420679,294,No,0
4161,0,0.0001183011948420679,84,No,0
4500,0,0.011120312315154384,205,No,0
6100,0,0.030403407074411453,312,No,0
4000,0,0.18999171891636105,32,No,0
6300,0,0.03998580385661895,363,No,0
6000,0,0.13509996450964154,285,No,0
4003,0,0.047320477936827164,35,No,0
4000,0,0.18999171891636105,32,No,0
4490,0,0.00224772270199929,201,No,0
4000,0,0.18999171891636105,32,No,0
6100,0,0.030403407074411453,312,No,0
6600,0,0.027445877203359753,396,No,0
4000,0,0.18999171891636105,32,No,0
4363,0,0.0002366023896841358,162,Yes,1
6100,0,0.030403407074411453,312,No,0
6400,0,0.028037383177570093,374,No,0
1000,0,0.0008281083638944754,0,No,0
4500,0,0.011120312315154384,205,No,0
4230,0,0.028865491541464568,122,Yes,1
6200,0,0.003785638234946173,343,No,0
4003,0,0.047320477936827164,35,No,0
4190,0,0.002484325091683426,94,No,0
4400,0,0.05524665799124571,166,No,0
6450,0,0.010055601561575771,382,No,0
6600,0,0.027445877203359753,396,No,0
4220,0,0.0030758310658937655,114,No,0
4027,0,0.0009464095587365432,52,No,0
6400,0,0.028037383177570093,374,No,0
6600,0,0.027445877203359753,396,No,0
6300,0,0.03998580385661895,363,No,0
4400,0,0.05524665799124571,166,No,0
4400,0,0.05524665799124571,166,No,0
4400,0,0.05524665799124571,166,No,0
4400,0,0.05524665799124571,166,No,0
4406,0,0.0004732047793682716,169,No,0
4400,0,0.05524665799124571,166,No,0
4550,0,0.005441854962735124,211,No,0
4550,0,0.005441854962735124,211,No,0
4400,0,0.05524665799124571,166,No,0
4600,0,0.01360463740683781,220,Yes,1
4400,0,0.05524665799124571,166,No,0
4409,0,0.001183011948420679,172,No,0
4474,0,0.0002366023896841358,196,No,0
4400,0,0.05524665799124571,166,No,0
4400,0,0.05524665799124571,166,No,0
4580,0,0.0015379155329468827,213,No,0
4400,0,0.05524665799124571,166,No,0
4400,0,0.05524665799124571,166,No,0
4600,0,0.01360463740683781,220,Yes,1
4481,0,0.0001183011948420679,199,No,0
4550,0,0.005441854962735124,211,No,0
4600,0,0.01360463740683781,220,No,0
4455,0,0.0004732047793682716,190,No,0
4463,0,0.0001183011948420679,191,No,0
4600,0,0.01360463740683781,220,No,0
4491,0,0.0001183011948420679,202,No,0
4400,0,0.05524665799124571,166,No,0
4407,0,0.0009464095587365432,170,No,0
4400,0,0.05524665799124571,166,No,0
4400,0,0.05524665799124571,166,No,0
4550,0,0.005441854962735124,211,No,0
4400,0,0.05524665799124571,166,No,0
4400,0,0.05524665799124571,166,No,0
4405,0,0.0002366023896841358,168,No,0
4400,0,0.05524665799124571,166,No,0
4400,0,0.05524665799124571,166,No,0
4400,0,0.05524665799124571,166,No,0
4400,0,0.05524665799124571,166,No,0
4400,0,0.05524665799124571,166,No,0
4400,0,0.05524665799124571,166,No,0
4400,0,0.05524665799124571,166,No,0
4400,0,0.05524665799124571,166,No,0
4400,0,0.05524665799124571,166,No,0
4400,0,0.05524665799124571,166,No,0
4550,0,0.005441854962735124,211,No,0
4400,0,0.05524665799124571,166,No,0
4400,0,0.05524665799124571,166,No,0
4400,0,0.05524665799124571,166,No,0
4400,0,0.05524665799124571,166,No,0
4550,0,0.005441854962735124,211,No,0
4400,0,0.05524665799124571,166,No,0
4400,0,0.05524665799124571,166,No,0
4550,0,0.005441854962735124,211,No,0
4580,0,0.0015379155329468827,213,No,0
4493,0,0.0001183011948420679,204,No,0
4400,0,0.05524665799124571,166,No,0
4400,0,0.05524665799124571,166,No,0
4400,0,0.05524665799124571,166,No,0
4618,0,0.0001183011948420679,223,Yes,1
4400,0,0.05524665799124571,166,No,0
4400,0,0.05524665799124571,166,Yes,1
4409,0,0.001183011948420679,172,No,0
4400,0,0.05524665799124571,166,No,0
4582,0,0.0002366023896841358,215,No,0
4400,0,0.05524665799124571,166,No,0
4400,0,0.05524665799124571,166,No,0
4400,0,0.05524665799124571,166,No,0
4640,0,0.002484325091683426,227,No,0
4442,0,0.0004732047793682716,185,No,0
4400,0,0.05524665799124571,166,No,0
4600,0,0.01360463740683781,220,No,0
4400,0,0.05524665799124571,166,No,0
4600,0,0.01360463740683781,220,No,0
4400,0,0.05524665799124571,166,No,0
4400,0,0.05524665799124571,166,No,0
4640,0,0.002484325091683426,227,No,0
4600,0,0.01360463740683781,220,No,0
4600,0,0.01360463740683781,220,No,0
4600,0,0.01360463740683781,220,No,0
4600,0,0.01360463740683781,220,No,0
4400,0,0.05524665799124571,166,No,0
4640,0,0.002484325091683426,227,No,0
4469,0,0.0003549035845262037,194,No,0
4400,0,0.05524665799124571,166,No,0
4400,0,0.05524665799124571,166,No,0
4550,0,0.005441854962735124,211,No,0
4400,0,0.05524665799124571,166,No,0
4400,0,0.05524665799124571,166,No,0
4455,0,0.0004732047793682716,190,No,0
4400,0,0.05524665799124571,166,No,0
4600,0,0.01360463740683781,220,Yes,1
4400,0,0.05524665799124571,166,No,0
4400,0,0.05524665799124571,166,Yes,1
4600,0,0.01360463740683781,220,No,0
4400,0,0.05524665799124571,166,No,0
4400,0,0.05524665799124571,166,No,0
4417,0,0.0001183011948420679,178,Yes,1
4600,0,0.01360463740683781,220,No,0
4400,0,0.05524665799124571,166,No,0
4400,0,0.05524665799124571,166,No,0
4400,0,0.05524665799124571,166,No,0
4470,0,0.0021294215071572223,195,No,0
4579,0,0.001301313143262747,212,No,0
4600,0,0.01360463740683781,220,No,0
4600,0,0.01360463740683781,220,No,0
4550,0,0.005441854962735124,211,No,0
4400,0,0.05524665799124571,166,No,0
4400,0,0.05524665799124571,166,No,0
4550,0,0.005441854962735124,211,No,0
4412,0,0.0005915059742103396,175,No,0
4400,0,0.05524665799124571,166,No,0
4400,0,0.05524665799124571,166,No,0
4400,0,0.05524665799124571,166,No,0
4579,0,0.001301313143262747,212,No,0
4409,0,0.001183011948420679,172,No,0
4550,0,0.005441854962735124,211,No,0
4550,0,0.005441854962735124,211,No,0
4600,0,0.01360463740683781,220,No,0
4407,0,0.0009464095587365432,170,No,0
4400,0,0.05524665799124571,166,No,0
4600,0,0.01360463740683781,220,No,0
4600,0,0.01360463740683781,220,No,0
4400,0,0.05524665799124571,166,No,0
4400,0,0.05524665799124571,166,No,0
4400,0,0.05524665799124571,166,No,0
4400,0,0.05524665799124571,166,No,0
4640,0,0.002484325091683426,227,No,0
4400,0,0.05524665799124571,166,No,0
4601,0,0.0003549035845262037,221,No,0
4400,0,0.05524665799124571,166,No,0
4400,0,0.05524665799124571,166,No,0
4400,0,0.05524665799124571,166,No,0
4600,0,0.01360463740683781,220,No,0
4600,0,0.01360463740683781,220,No,0
4400,0,0.05524665799124571,166,No,0
4470,0,0.0021294215071572223,195,No,0
4400,0,0.05524665799124571,166,No,0
4550,0,0.005441854962735124,211,No,0
4640,0,0.002484325091683426,227,No,0
4400,0,0.05524665799124571,166,No,0
4400,0,0.05524665799124571,166,No,0
4492,0,0.0005915059742103396,203,No,0
4490,0,0.00224772270199929,201,No,0
4490,0,0.00224772270199929,201,No,0
4400,0,0.05524665799124571,166,Yes,1
4400,0,0.05524665799124571,166,No,0
4400,0,0.05524665799124571,166,No,0
4584,0,0.0001183011948420679,217,No,0
4400,0,0.05524665799124571,166,No,0
4600,0,0.01360463740683781,220,No,0
4400,0,0.05524665799124571,166,No,0
4470,0,0.0021294215071572223,195,No,0
4400,0,0.05524665799124571,166,No,0
4580,0,0.0015379155329468827,213,No,0
4400,0,0.05524665799124571,166,No,0
4405,0,0.0002366023896841358,168,No,0
4600,0,0.01360463740683781,220,No,0
4400,0,0.05524665799124571,166,No,0
4470,0,0.0021294215071572223,195,No,0
4400,0,0.05524665799124571,166,No,0
4400,0,0.05524665799124571,166,No,0
4470,0,0.0021294215071572223,195,No,0
4600,0,0.01360463740683781,220,Yes,1
4550,0,0.005441854962735124,211,No,0
4400,0,0.05524665799124571,166,No,0
4400,0,0.05524665799124571,166,No,0
4580,0,0.0015379155329468827,213,No,0
4600,0,0.01360463740683781,220,No,0
4400,0,0.05524665799124571,166,No,0
4490,0,0.00224772270199929,201,No,0
4400,0,0.05524665799124571,166,No,0
4640,0,0.002484325091683426,227,No,0
4407,0,0.0009464095587365432,170,No,0
4400,0,0.05524665799124571,166,No,0
4400,0,0.05524665799124571,166,Yes,1
4641,0,0.0003549035845262037,228,No,0
4587,0,0.0001183011948420679,218,No,0
4400,0,0.05524665799124571,166,No,0
4400,0,0.05524665799124571,166,No,0
4640,0,0.002484325091683426,227,Yes,1
4400,0,0.05524665799124571,166,No,0
4640,0,0.002484325091683426,227,No,0
4579,0,0.001301313143262747,212,Yes,1
4400,0,0.05524665799124571,166,No,0
4600,0,0.01360463740683781,220,No,0
4400,0,0.05524665799124571,166,No,0
4412,0,0.0005915059742103396,175,No,0
4581,0,0.001183011948420679,214,No,0
4400,0,0.05524665799124571,166,No,0
4490,0,0.00224772270199929,201,No,0
4600,0,0.01360463740683781,220,No,0
4400,0,0.05524665799124571,166,No,0
4640,0,0.002484325091683426,227,No,0
4400,0,0.05524665799124571,166,No,0
4600,0,0.01360463740683781,220,No,0
4400,0,0.05524665799124571,166,No,0
4400,0,0.05524665799124571,166,No,0
4400,0,0.05524665799124571,166,No,0
4600,0,0.01360463740683781,220,No,0
4550,0,0.005441854962735124,211,No,0
4406,0,0.0004732047793682716,169,No,0
4600,0,0.01360463740683781,220,No,0
4407,0,0.0009464095587365432,170,No,0
4490,0,0.00224772270199929,201,No,0
4469,0,0.0003549035845262037,194,No,0
4023,0,0.03099491304862179,49,No,0
4023,0,0.03099491304862179,49,No,0
4004,0,0.03667337040104105,36,No,0
4000,0,0.18999171891636105,32,No,0
4824,0,0.0007098071690524074,245,No,0
4230,0,0.028865491541464568,122,No,0
4900,0,0.0007098071690524074,259,No,0
4180,0,0.0035490358452620373,92,No,0
4000,0,0.18999171891636105,32,Yes,1
4003,0,0.047320477936827164,35,No,0
4824,0,0.0007098071690524074,245,No,0
4855,0,0.0002366023896841358,253,No,0
4000,0,0.18999171891636105,32,No,0
4004,0,0.03667337040104105,36,No,0
4004,0,0.03667337040104105,36,No,0
4940,0,0.0007098071690524074,261,No,0
4000,0,0.18999171891636105,32,No,0
4270,0,0.008635987223470957,137,No,0
4270,0,0.008635987223470957,137,No,0
4023,0,0.03099491304862179,49,No,0
4023,0,0.03099491304862179,49,No,0
4002,0,0.03584526203714657,34,No,0
4003,0,0.047320477936827164,35,No,0
4002,0,0.03584526203714657,34,No,0
4000,0,0.18999171891636105,32,No,0
4002,0,0.03584526203714657,34,No,0
4000,0,0.18999171891636105,32,No,0
4002,0,0.03584526203714657,34,No,0
4700,0,0.021767419850940495,232,No,0
4023,0,0.03099491304862179,49,No,0
4300,0,0.015615757719152964,147,No,0
4700,0,0.021767419850940495,232,No,0
4003,0,0.047320477936827164,35,No,0
4002,0,0.03584526203714657,34,No,0
4000,0,0.18999171891636105,32,No,0
4020,0,0.004140541819472376,47,No,0
4000,0,0.18999171891636105,32,No,0
4980,0,0.002484325091683426,271,No,0
4000,0,0.18999171891636105,32,No,0
4230,0,0.028865491541464568,122,No,0
4000,0,0.18999171891636105,32,No,0
4270,0,0.008635987223470957,137,No,0
4000,0,0.18999171891636105,32,No,0
4124,0,0.001183011948420679,67,No,0
4021,0,0.001183011948420679,48,No,0
4700,0,0.021767419850940495,232,No,0
4230,0,0.028865491541464568,122,No,0
4023,0,0.03099491304862179,49,No,0
4224,0,0.001301313143262747,118,No,0
4020,0,0.004140541819472376,47,No,0
4002,0,0.03584526203714657,34,No,0
4003,0,0.047320477936827164,35,No,0
4000,0,0.18999171891636105,32,No,0
4004,0,0.03667337040104105,36,No,0
4004,0,0.03667337040104105,36,No,0
4300,0,0.015615757719152964,147,No,0
4000,0,0.18999171891636105,32,No,0
4000,0,0.18999171891636105,32,No,0
4000,0,0.18999171891636105,32,No,0
4000,0,0.18999171891636105,32,No,0
4003,0,0.047320477936827164,35,No,0
4270,0,0.008635987223470957,137,No,0
4000,0,0.18999171891636105,32,No,0
4124,0,0.001183011948420679,67,Yes,1
4700,0,0.021767419850940495,232,No,0
4002,0,0.03584526203714657,34,No,0
4000,0,0.18999171891636105,32,No,0
4193,0,0.0001183011948420679,97,No,0
4300,0,0.015615757719152964,147,No,0
4000,0,0.18999171891636105,32,No,0
4002,0,0.03584526203714657,34,No,0
4003,0,0.047320477936827164,35,No,0
4199,0,0.00224772270199929,100,No,0
4108,0,0.0017745179226310187,57,No,0
4000,0,0.18999171891636105,32,No,0
4000,0,0.18999171891636105,32,No,0
4004,0,0.03667337040104105,36,No,0
4108,0,0.0017745179226310187,57,No,0
4000,0,0.18999171891636105,32,No,0
4000,0,0.18999171891636105,32,No,0
4002,0,0.03584526203714657,34,No,0
4003,0,0.047320477936827164,35,No,0
4000,0,0.18999171891636105,32,No,0
4950,0,0.0002366023896841358,265,No,0
4700,0,0.021767419850940495,232,No,0
4023,0,0.03099491304862179,49,No,0
4000,0,0.18999171891636105,32,No,0
4004,0,0.03667337040104105,36,No,0
4330,0,0.002720927481367562,150,No,0
4199,0,0.00224772270199929,100,No,0
4002,0,0.03584526203714657,34,No,0
4270,0,0.008635987223470957,137,No,0
4000,0,0.18999171891636105,32,No,0
4204,0,0.0009464095587365432,105,No,0
4202,0,0.0003549035845262037,103,No,0
4000,0,0.18999171891636105,32,No,0
4003,0,0.047320477936827164,35,No,0
4023,0,0.03099491304862179,49,No,0
4003,0,0.047320477936827164,35,No,0
4002,0,0.03584526203714657,34,No,0
4976,0,0.0001183011948420679,270,No,0
4000,0,0.18999171891636105,32,No,0
4000,0,0.18999171891636105,32,No,0
4140,0,0.0004732047793682716,76,No,0
4023,0,0.03099491304862179,49,No,0
4004,0,0.03667337040104105,36,No,0
4000,0,0.18999171891636105,32,No,0
4850,0,0.004732047793682716,252,No,0
4700,0,0.021767419850940495,232,No,0
4000,0,0.18999171891636105,32,No,0
4270,0,0.008635987223470957,137,No,0
4700,0,0.021767419850940495,232,No,0
4000,0,0.18999171891636105,32,No,0
4000,0,0.18999171891636105,32,No,0
4000,0,0.18999171891636105,32,No,0
4980,0,0.002484325091683426,271,No,0
4004,0,0.03667337040104105,36,No,0
4200,0,0.0002366023896841358,101,No,0
4006,0,0.006743168105997871,37,No,0
4000,0,0.18999171891636105,32,No,0
4003,0,0.047320477936827164,35,No,0
4000,0,0.18999171891636105,32,No,0
4001,0,0.004732047793682716,33,No,0
4004,0,0.03667337040104105,36,No,0
4006,0,0.006743168105997871,37,No,0
4006,0,0.006743168105997871,37,No,0
4000,0,0.18999171891636105,32,No,0
4000,0,0.18999171891636105,32,No,0
4101,0,0.002602626286525494,55,No,0
4004,0,0.03667337040104105,36,No,0
4000,0,0.18999171891636105,32,No,0
4004,0,0.03667337040104105,36,No,0
4000,0,0.18999171891636105,32,No,0
4003,0,0.047320477936827164,35,No,0
4003,0,0.047320477936827164,35,No,0
4000,0,0.18999171891636105,32,No,0
4000,0,0.18999171891636105,32,No,0
4230,0,0.028865491541464568,122,No,0
4000,0,0.18999171891636105,32,No,0
4000,0,0.18999171891636105,32,No,0
4000,0,0.18999171891636105,32,No,0
4003,0,0.047320477936827164,35,Yes,1
4530,0,0.0009464095587365432,208,No,0
4270,0,0.008635987223470957,137,No,0
4142,0,0.0008281083638944754,78,No,0
4000,0,0.18999171891636105,32,No,0
4800,0,0.002602626286525494,242,No,0
4006,0,0.006743168105997871,37,No,0
4003,0,0.047320477936827164,35,No,0
4023,0,0.03099491304862179,49,No,0
4002,0,0.03584526203714657,34,No,0
4023,0,0.03099491304862179,49,No,0
4003,0,0.047320477936827164,35,No,0
4000,0,0.18999171891636105,32,No,0
4108,0,0.0017745179226310187,57,No,0
4000,0,0.18999171891636105,32,No,0
4000,0,0.18999171891636105,32,No,0
4004,0,0.03667337040104105,36,Yes,1
4000,0,0.18999171891636105,32,No,0
4000,0,0.18999171891636105,32,No,0
4000,0,0.18999171891636105,32,No,0
4000,0,0.18999171891636105,32,No,0
4006,0,0.006743168105997871,37,No,0
4002,0,0.03584526203714657,34,No,0
4023,0,0.03099491304862179,49,No,0
4000,0,0.18999171891636105,32,No,0
4001,0,0.004732047793682716,33,No,0
4003,0,0.047320477936827164,35,No,0
4300,0,0.015615757719152964,147,No,0
4940,0,0.0007098071690524074,261,No,0
4210,0,0.005560156157577192,109,No,0
4000,0,0.18999171891636105,32,No,0
4002,0,0.03584526203714657,34,No,0
4000,0,0.18999171891636105,32,No,0
4230,0,0.028865491541464568,122,No,0
4000,0,0.18999171891636105,32,No,0
4000,0,0.18999171891636105,32,No,0
4002,0,0.03584526203714657,34,No,0
4003,0,0.047320477936827164,35,No,0
4000,0,0.18999171891636105,32,No,0
4800,0,0.002602626286525494,242,No,0
4700,0,0.021767419850940495,232,No,0
4700,0,0.021767419850940495,232,No,0
4003,0,0.047320477936827164,35,No,0
4004,0,0.03667337040104105,36,Yes,1
4230,0,0.028865491541464568,122,No,0
4003,0,0.047320477936827164,35,No,0
4006,0,0.006743168105997871,37,No,0
4002,0,0.03584526203714657,34,No,0
4300,0,0.015615757719152964,147,No,0
4004,0,0.03667337040104105,36,No,0
4000,0,0.18999171891636105,32,No,0
4370,0,0.0005915059742103396,165,No,0
4500,0,0.011120312315154384,205,No,0
4262,0,0.0002366023896841358,134,No,0
4000,0,0.18999171891636105,32,No,0
4700,0,0.021767419850940495,232,No,0
4004,0,0.03667337040104105,36,No,0
4003,0,0.047320477936827164,35,No,0
4147,0,0.0017745179226310187,80,No,0
4002,0,0.03584526203714657,34,No,0
4703,0,0.0004732047793682716,235,Yes,1
4003,0,0.047320477936827164,35,Yes,1
4004,0,0.03667337040104105,36,No,0
4004,0,0.03667337040104105,36,No,0
4150,0,0.008399384833786822,81,No,0
4006,0,0.006743168105997871,37,No,0
4990,0,0.0009464095587365432,275,No,0
4003,0,0.047320477936827164,35,No,0
4147,0,0.0017745179226310187,80,No,0
4000,0,0.18999171891636105,32,No,0
4000,0,0.18999171891636105,32,No,0
4000,0,0.18999171891636105,32,No,0
4288,0,0.0003549035845262037,143,No,0
4002,0,0.03584526203714657,34,No,0
4000,0,0.18999171891636105,32,No,0
4199,0,0.00224772270199929,100,No,0
4004,0,0.03667337040104105,36,No,0
4002,0,0.03584526203714657,34,No,0
4190,0,0.002484325091683426,94,No,0
4000,0,0.18999171891636105,32,No,0
4230,0,0.028865491541464568,122,No,0
4023,0,0.03099491304862179,49,No,0
4000,0,0.18999171891636105,32,No,0
4003,0,0.047320477936827164,35,No,0
4770,0,0.0007098071690524074,240,Yes,1
4002,0,0.03584526203714657,34,No,0
4004,0,0.03667337040104105,36,No,0
4003,0,0.047320477936827164,35,No,0
4800,0,0.002602626286525494,242,No,0
4820,0,0.0005915059742103396,244,No,0
4000,0,0.18999171891636105,32,No,0
4000,0,0.18999171891636105,32,No,0
4023,0,0.03099491304862179,49,No,0
4983,0,0.0001183011948420679,272,No,0
4000,0,0.18999171891636105,32,No,0
4023,0,0.03099491304862179,49,No,0
4004,0,0.03667337040104105,36,No,0
4220,0,0.0030758310658937655,114,No,0
4530,0,0.0009464095587365432,208,No,0
4700,0,0.021767419850940495,232,No,0
4020,0,0.004140541819472376,47,No,0
4230,0,0.028865491541464568,122,No,0
4000,0,0.18999171891636105,32,No,0
4000,0,0.18999171891636105,32,No,0
4003,0,0.047320477936827164,35,No,0
4000,0,0.18999171891636105,32,No,0
4023,0,0.03099491304862179,49,No,0
4002,0,0.03584526203714657,34,No,0
4002,0,0.03584526203714657,34,No,0
4000,0,0.18999171891636105,32,No,0
4000,0,0.18999171891636105,32,No,0
4000,0,0.18999171891636105,32,Yes,1
4015,0,0.0021294215071572223,42,No,0
4108,0,0.0017745179226310187,57,No,0
4150,0,0.008399384833786822,81,No,0
4003,0,0.047320477936827164,35,No,0
4002,0,0.03584526203714657,34,No,0
4001,0,0.004732047793682716,33,No,0
4000,0,0.18999171891636105,32,No,0
4000,0,0.18999171891636105,32,No,0
4003,0,0.047320477936827164,35,No,0
4000,0,0.18999171891636105,32,No,0
4230,0,0.028865491541464568,122,No,0
4000,0,0.18999171891636105,32,No,0
4210,0,0.005560156157577192,109,No,0
4002,0,0.03584526203714657,34,Yes,1
4000,0,0.18999171891636105,32,No,0
4000,0,0.18999171891636105,32,No,0
4023,0,0.03099491304862179,49,No,0
4023,0,0.03099491304862179,49,No,0
4000,0,0.18999171891636105,32,No,0
4980,0,0.002484325091683426,271,No,0
4109,0,0.0008281083638944754,58,Yes,1
4002,0,0.03584526203714657,34,No,0
4023,0,0.03099491304862179,49,No,0
4023,0,0.03099491304862179,49,No,0
4960,0,0.001183011948420679,267,No,0
4150,0,0.008399384833786822,81,Yes,1
4003,0,0.047320477936827164,35,No,0
4003,0,0.047320477936827164,35,No,0
4021,0,0.001183011948420679,48,Yes,1
4001,0,0.004732047793682716,33,No,0
4000,0,0.18999171891636105,32,No,0
4003,0,0.047320477936827164,35,No,0
4000,0,0.18999171891636105,32,No,0
4004,0,0.03667337040104105,36,No,0
4270,0,0.008635987223470957,137,No,0
4000,0,0.18999171891636105,32,No,0
4203,0,0.0002366023896841358,104,No,0
4700,0,0.021767419850940495,232,No,0
4101,0,0.002602626286525494,55,No,0
4000,0,0.18999171891636105,32,No,0
4000,0,0.18999171891636105,32,Yes,1
4023,0,0.03099491304862179,49,No,0
4230,0,0.028865491541464568,122,No,0
4000,0,0.18999171891636105,32,No,0
4000,0,0.18999171891636105,32,No,0
4004,0,0.03667337040104105,36,Yes,1
4003,0,0.047320477936827164,35,No,0
4300,0,0.015615757719152964,147,No,0
4004,0,0.03667337040104105,36,No,0
4000,0,0.18999171891636105,32,No,0
4000,0,0.18999171891636105,32,No,0
4000,0,0.18999171891636105,32,No,0
4000,0,0.18999171891636105,32,No,0
4703,0,0.0004732047793682716,235,No,0
4003,0,0.047320477936827164,35,No,0
4000,0,0.18999171891636105,32,No,0
4700,0,0.021767419850940495,232,No,0
4230,0,0.028865491541464568,122,No,0
4003,0,0.047320477936827164,35,No,0
4000,0,0.18999171891636105,32,No,0
4002,0,0.03584526203714657,34,No,0
4224,0,0.001301313143262747,118,No,0
4000,0,0.18999171891636105,32,No,0
4004,0,0.03667337040104105,36,No,0
4370,0,0.0005915059742103396,165,No,0
4121,0,0.0004732047793682716,65,No,0
4006,0,0.006743168105997871,37,No,0
4000,0,0.18999171891636105,32,No,0
4700,0,0.021767419850940495,232,No,0
4003,0,0.047320477936827164,35,No,0
4000,0,0.18999171891636105,32,No,0
4023,0,0.03099491304862179,49,No,0
4000,0,0.18999171891636105,32,No,0
4000,0,0.18999171891636105,32,No,0
4700,0,0.021767419850940495,232,No,0
4000,0,0.18999171891636105,32,No,0
4000,0,0.18999171891636105,32,No,0
4000,0,0.18999171891636105,32,No,0
4004,0,0.03667337040104105,36,No,0
4023,0,0.03099491304862179,49,No,0
4000,0,0.18999171891636105,32,No,0
4243,0,0.0001183011948420679,127,No,0
4016,0,0.0018928191174730864,43,No,0
4000,0,0.18999171891636105,32,No,0
4002,0,0.03584526203714657,34,No,0
4002,0,0.03584526203714657,34,No,0
4980,0,0.002484325091683426,271,No,0
4003,0,0.047320477936827164,35,No,0
4000,0,0.18999171891636105,32,No,0
4003,0,0.047320477936827164,35,No,0
4000,0,0.18999171891636105,32,No,0
4001,0,0.004732047793682716,33,No,0
4958,0,0.0001183011948420679,266,No,0
4004,0,0.03667337040104105,36,No,0
4002,0,0.03584526203714657,34,No,0
4700,0,0.021767419850940495,232,No,0
4000,0,0.18999171891636105,32,No,0
4172,0,0.0009464095587365432,86,No,0
4000,0,0.18999171891636105,32,No,0
4700,0,0.021767419850940495,232,No,0
4003,0,0.047320477936827164,35,No,0
4230,0,0.028865491541464568,122,No,0
4133,0,0.0001183011948420679,71,No,0
4000,0,0.18999171891636105,32,No,0
4000,0,0.18999171891636105,32,No,0
4000,0,0.18999171891636105,32,No,0
4230,0,0.028865491541464568,122,No,0
4000,0,0.18999171891636105,32,No,0
4003,0,0.047320477936827164,35,No,0
4000,0,0.18999171891636105,32,No,0
4700,0,0.021767419850940495,232,No,0
4111,0,0.0002366023896841358,60,No,0
4192,0,0.0001183011948420679,96,No,0
4000,0,0.18999171891636105,32,No,0
4002,0,0.03584526203714657,34,No,0
4000,0,0.18999171891636105,32,No,0
4150,0,0.008399384833786822,81,No,0
4000,0,0.18999171891636105,32,No,0
4109,0,0.0008281083638944754,58,No,0
4835,0,0.0003549035845262037,250,No,0
4230,0,0.028865491541464568,122,No,0
4004,0,0.03667337040104105,36,No,0
4180,0,0.0035490358452620373,92,No,0
4001,0,0.004732047793682716,33,No,0
4006,0,0.006743168105997871,37,No,0
4210,0,0.005560156157577192,109,No,0
4000,0,0.18999171891636105,32,No,0
4000,0,0.18999171891636105,32,No,0
4023,0,0.03099491304862179,49,No,0
4000,0,0.18999171891636105,32,Yes,1
4003,0,0.047320477936827164,35,No,0
4023,0,0.03099491304862179,49,No,0
4110,0,0.0020111203123151546,59,No,0
4023,0,0.03099491304862179,49,No,0
4230,0,0.028865491541464568,122,No,0
4700,0,0.021767419850940495,232,No,0
4000,0,0.18999171891636105,32,No,0
4003,0,0.047320477936827164,35,No,0
4000,0,0.18999171891636105,32,No,0
4002,0,0.03584526203714657,34,No,0
4134,0,0.0003549035845262037,72,No,0
4000,0,0.18999171891636105,32,No,0
4000,0,0.18999171891636105,32,No,0
4700,0,0.021767419850940495,232,No,0
4985,0,0.0003549035845262037,273,No,0
4300,0,0.015615757719152964,147,No,0
4230,0,0.028865491541464568,122,No,0
4000,0,0.18999171891636105,32,No,0
4002,0,0.03584526203714657,34,No,0
4004,0,0.03667337040104105,36,No,0
4003,0,0.047320477936827164,35,No,0
4230,0,0.028865491541464568,122,No,0
4300,0,0.015615757719152964,147,No,0
4101,0,0.002602626286525494,55,No,0
4003,0,0.047320477936827164,35,No,0
4000,0,0.18999171891636105,32,No,0
4210,0,0.005560156157577192,109,No,0
4870,0,0.0004732047793682716,254,No,0
4300,0,0.015615757719152964,147,No,0
4180,0,0.0035490358452620373,92,No,0
4000,0,0.18999171891636105,32,No,0
4030,0,0.0010647107535786111,54,No,0
4000,0,0.18999171891636105,32,No,0
4000,0,0.18999171891636105,32,No,0
4003,0,0.047320477936827164,35,No,0
4006,0,0.006743168105997871,37,No,0
4003,0,0.047320477936827164,35,No,0
4003,0,0.047320477936827164,35,No,0
4700,0,0.021767419850940495,232,No,0
4101,0,0.002602626286525494,55,No,0
4000,0,0.18999171891636105,32,No,0
4000,0,0.18999171891636105,32,No,0
4004,0,0.03667337040104105,36,No,0
4000,0,0.18999171891636105,32,No,0
4000,0,0.18999171891636105,32,No,0
4150,0,0.008399384833786822,81,No,0
4004,0,0.03667337040104105,36,No,0
4940,0,0.0007098071690524074,261,No,0
4990,0,0.0009464095587365432,275,No,0
4023,0,0.03099491304862179,49,No,0
4700,0,0.021767419850940495,232,No,0
4003,0,0.047320477936827164,35,No,0
4000,0,0.18999171891636105,32,No,0
4003,0,0.047320477936827164,35,No,0
4003,0,0.047320477936827164,35,No,0
4297,0,0.0001183011948420679,146,No,0
4000,0,0.18999171891636105,32,No,0
4000,0,0.18999171891636105,32,No,0
4001,0,0.004732047793682716,33,No,0
4000,0,0.18999171891636105,32,No,0
4150,0,0.008399384833786822,81,No,0
4700,0,0.021767419850940495,232,No,0
4850,0,0.004732047793682716,252,No,0
4230,0,0.028865491541464568,122,No,0
4004,0,0.03667337040104105,36,No,0
4700,0,0.021767419850940495,232,Yes,1
4340,0,0.0005915059742103396,153,No,0
4230,0,0.028865491541464568,122,No,0
4002,0,0.03584526203714657,34,No,0
4000,0,0.18999171891636105,32,No,0
4006,0,0.006743168105997871,37,No,0
4980,0,0.002484325091683426,271,No,0
4271,0,0.0003549035845262037,138,No,0
4107,0,0.0008281083638944754,56,No,0
4000,0,0.18999171891636105,32,No,0
4000,0,0.18999171891636105,32,No,0
4002,0,0.03584526203714657,34,No,0
4000,0,0.18999171891636105,32,Yes,1
4004,0,0.03667337040104105,36,No,0
4000,0,0.18999171891636105,32,No,0
4000,0,0.18999171891636105,32,No,0
4004,0,0.03667337040104105,36,Yes,1
4221,0,0.0002366023896841358,115,No,0
4000,0,0.18999171891636105,32,No,0
4000,0,0.18999171891636105,32,Yes,1
4220,0,0.0030758310658937655,114,No,0
4002,0,0.03584526203714657,34,No,0
4006,0,0.006743168105997871,37,No,0
4000,0,0.18999171891636105,32,No,0
4004,0,0.03667337040104105,36,Yes,1
4230,0,0.028865491541464568,122,Yes,1
4023,0,0.03099491304862179,49,No,0
4000,0,0.18999171891636105,32,No,0
4006,0,0.006743168105997871,37,No,0
4000,0,0.18999171891636105,32,No,0
4700,0,0.021767419850940495,232,No,0
4252,0,0.0002366023896841358,131,No,0
4230,0,0.028865491541464568,122,No,0
4270,0,0.008635987223470957,137,No,0
4002,0,0.03584526203714657,34,No,0
4230,0,0.028865491541464568,122,No,0
4230,0,0.028865491541464568,122,No,0
4000,0,0.18999171891636105,32,No,0
4000,0,0.18999171891636105,32,No,0
4000,0,0.18999171891636105,32,No,0
4230,0,0.028865491541464568,122,No,0
4700,0,0.021767419850940495,232,No,0
4000,0,0.18999171891636105,32,No,0
4285,0,0.0005915059742103396,142,No,0
4230,0,0.028865491541464568,122,No,0
4900,0,0.0007098071690524074,259,No,0
4000,0,0.18999171891636105,32,No,0
4000,0,0.18999171891636105,32,No,0
4000,0,0.18999171891636105,32,No,0
4000,0,0.18999171891636105,32,No,0
4000,0,0.18999171891636105,32,No,0
4000,0,0.18999171891636105,32,No,0
4000,0,0.18999171891636105,32,No,0
4000,0,0.18999171891636105,32,No,0
4000,0,0.18999171891636105,32,No,0
4000,0,0.18999171891636105,32,Yes,1
4000,0,0.18999171891636105,32,No,0
4150,0,0.008399384833786822,81,No,0
4004,0,0.03667337040104105,36,No,0
4500,0,0.011120312315154384,205,No,0
4002,0,0.03584526203714657,34,No,0
4850,0,0.004732047793682716,252,Yes,1
4000,0,0.18999171891636105,32,No,0
4980,0,0.002484325091683426,271,No,0
4300,0,0.015615757719152964,147,No,0
4980,0,0.002484325091683426,271,No,0
4000,0,0.18999171891636105,32,No,0
4000,0,0.18999171891636105,32,No,0
4850,0,0.004732047793682716,252,No,0
4212,0,0.0003549035845262037,110,No,0
4000,0,0.18999171891636105,32,Yes,1
4000,0,0.18999171891636105,32,No,0
4270,0,0.008635987223470957,137,No,0
4000,0,0.18999171891636105,32,Yes,1
4004,0,0.03667337040104105,36,No,0
4000,0,0.18999171891636105,32,No,0
4700,0,0.021767419850940495,232,No,0
4180,0,0.0035490358452620373,92,No,0
4003,0,0.047320477936827164,35,No,0
4023,0,0.03099491304862179,49,No,0
4000,0,0.18999171891636105,32,No,0
4270,0,0.008635987223470957,137,No,0
4000,0,0.18999171891636105,32,No,0
4003,0,0.047320477936827164,35,No,0
4002,0,0.03584526203714657,34,No,0
4135,0,0.0008281083638944754,73,No,0
4830,0,0.0003549035845262037,247,No,0
4000,0,0.18999171891636105,32,No,0
4285,0,0.0005915059742103396,142,No,0
4300,0,0.015615757719152964,147,No,0
4230,0,0.028865491541464568,122,No,0
4004,0,0.03667337040104105,36,No,0
4700,0,0.021767419850940495,232,No,0
4210,0,0.005560156157577192,109,No,0
4500,0,0.011120312315154384,205,No,0
4002,0,0.03584526203714657,34,No,0
4023,0,0.03099491304862179,49,No,0
4800,0,0.002602626286525494,242,No,0
4002,0,0.03584526203714657,34,Yes,1
4000,0,0.18999171891636105,32,No,0
4700,0,0.021767419850940495,232,No,0
4002,0,0.03584526203714657,34,No,0
4000,0,0.18999171891636105,32,No,0
4000,0,0.18999171891636105,32,No,0
4004,0,0.03667337040104105,36,No,0
4023,0,0.03099491304862179,49,No,0
4877,0,0.0001183011948420679,256,No,0
4023,0,0.03099491304862179,49,No,0
4004,0,0.03667337040104105,36,No,0
4230,0,0.028865491541464568,122,No,0
4003,0,0.047320477936827164,35,No,0
4000,0,0.18999171891636105,32,No,0
4220,0,0.0030758310658937655,114,Yes,1
4750,0,0.0003549035845262037,238,Yes,1
4850,0,0.004732047793682716,252,No,0
4224,0,0.001301313143262747,118,No,0
4003,0,0.047320477936827164,35,No,0
4003,0,0.047320477936827164,35,No,0
4987,0,0.0005915059742103396,274,No,0
4004,0,0.03667337040104105,36,No,0
4003,0,0.047320477936827164,35,No,0
4023,0,0.03099491304862179,49,No,0
4000,0,0.18999171891636105,32,No,0
4999,0,0.0001183011948420679,279,No,0
4850,0,0.004732047793682716,252,No,0
4023,0,0.03099491304862179,49,No,0
4000,0,0.18999171891636105,32,Yes,1
4000,0,0.18999171891636105,32,No,0
4000,0,0.18999171891636105,32,No,0
4004,0,0.03667337040104105,36,No,0
4002,0,0.03584526203714657,34,No,0
4003,0,0.047320477936827164,35,No,0
4800,0,0.002602626286525494,242,Yes,1
4700,0,0.021767419850940495,232,No,0
4000,0,0.18999171891636105,32,Yes,1
4023,0,0.03099491304862179,49,No,0
4000,0,0.18999171891636105,32,No,0
4003,0,0.047320477936827164,35,No,0
4002,0,0.03584526203714657,34,No,0
4003,0,0.047320477936827164,35,No,0
4700,0,0.021767419850940495,232,No,0
4006,0,0.006743168105997871,37,No,0
4000,0,0.18999171891636105,32,No,0
4000,0,0.18999171891636105,32,No,0
4150,0,0.008399384833786822,81,No,0
4000,0,0.18999171891636105,32,No,0
4000,0,0.18999171891636105,32,No,0
4004,0,0.03667337040104105,36,No,0
4000,0,0.18999171891636105,32,No,0
4002,0,0.03584526203714657,34,No,0
4000,0,0.18999171891636105,32,No,0
4002,0,0.03584526203714657,34,No,0
4015,0,0.0021294215071572223,42,No,0
4002,0,0.03584526203714657,34,No,0
4230,0,0.028865491541464568,122,No,0
4023,0,0.03099491304862179,49,No,0
4001,0,0.004732047793682716,33,No,0
4003,0,0.047320477936827164,35,No,0
4002,0,0.03584526203714657,34,No,0
4220,0,0.0030758310658937655,114,No,0
4023,0,0.03099491304862179,49,No,0
4000,0,0.18999171891636105,32,No,0
4150,0,0.008399384833786822,81,No,0
4003,0,0.047320477936827164,35,No,0
4000,0,0.18999171891636105,32,No,0
4001,0,0.004732047793682716,33,No,0
4000,0,0.18999171891636105,32,No,0
4000,0,0.18999171891636105,32,No,0
4000,0,0.18999171891636105,32,No,0
4000,0,0.18999171891636105,32,No,0
4000,0,0.18999171891636105,32,No,0
4000,0,0.18999171891636105,32,No,0
4000,0,0.18999171891636105,32,No,0
4850,0,0.004732047793682716,252,No,0
4110,0,0.0020111203123151546,59,No,0
4150,0,0.008399384833786822,81,No,0
4349,0,0.0004732047793682716,157,No,0
4000,0,0.18999171891636105,32,No,0
4000,0,0.18999171891636105,32,No,0
4230,0,0.028865491541464568,122,No,0
4850,0,0.004732047793682716,252,No,0
4000,0,0.18999171891636105,32,No,0
4000,0,0.18999171891636105,32,No,0
4002,0,0.03584526203714657,34,No,0
4000,0,0.18999171891636105,32,Yes,1
4004,0,0.03667337040104105,36,No,0
4710,0,0.0003549035845262037,236,No,0
4108,0,0.0017745179226310187,57,No,0
4300,0,0.015615757719152964,147,No,0
4000,0,0.18999171891636105,32,No,0
4750,0,0.0003549035845262037,238,No,0
4013,0,0.001183011948420679,41,No,0
4000,0,0.18999171891636105,32,No,0
4000,0,0.18999171891636105,32,No,0
4002,0,0.03584526203714657,34,No,0
4002,0,0.03584526203714657,34,No,0
4002,0,0.03584526203714657,34,No,0
4000,0,0.18999171891636105,32,No,0
4000,0,0.18999171891636105,32,No,0
4000,0,0.18999171891636105,32,No,0
4270,0,0.008635987223470957,137,No,0
4023,0,0.03099491304862179,49,No,0
4000,0,0.18999171891636105,32,No,0
4003,0,0.047320477936827164,35,No,0
4000,0,0.18999171891636105,32,No,0
4004,0,0.03667337040104105,36,No,0
4023,0,0.03099491304862179,49,No,0
4023,0,0.03099491304862179,49,No,0
4000,0,0.18999171891636105,32,No,0
4700,0,0.021767419850940495,232,No,0
4230,0,0.028865491541464568,122,Yes,1
4000,0,0.18999171891636105,32,No,0
4000,0,0.18999171891636105,32,No,0
4023,0,0.03099491304862179,49,No,0
4006,0,0.006743168105997871,37,No,0
4224,0,0.001301313143262747,118,No,0
4003,0,0.047320477936827164,35,No,0
4003,0,0.047320477936827164,35,No,0
4000,0,0.18999171891636105,32,No,0
4172,0,0.0009464095587365432,86,No,0
4023,0,0.03099491304862179,49,No,0
4998,0,0.0002366023896841358,278,No,0
4850,0,0.004732047793682716,252,No,0
4004,0,0.03667337040104105,36,No,0
4000,0,0.18999171891636105,32,No,0
4023,0,0.03099491304862179,49,No,0
4000,0,0.18999171891636105,32,No,0
4000,0,0.18999171891636105,32,No,0
4000,0,0.18999171891636105,32,No,0
4023,0,0.03099491304862179,49,No,0
4270,0,0.008635987223470957,137,No,0
4300,0,0.015615757719152964,147,No,0
4500,0,0.011120312315154384,205,No,0
4002,0,0.03584526203714657,34,No,0
4000,0,0.18999171891636105,32,No,0
4000,0,0.18999171891636105,32,No,0
4000,0,0.18999171891636105,32,No,0
4002,0,0.03584526203714657,34,No,0
4000,0,0.18999171891636105,32,No,0
4004,0,0.03667337040104105,36,No,0
4230,0,0.028865491541464568,122,No,0
4003,0,0.047320477936827164,35,No,0
4230,0,0.028865491541464568,122,No,0
4000,0,0.18999171891636105,32,No,0
4251,0,0.0002366023896841358,130,Yes,1
4000,0,0.18999171891636105,32,No,0
4023,0,0.03099491304862179,49,No,0
4230,0,0.028865491541464568,122,No,0
4230,0,0.028865491541464568,122,No,0
4000,0,0.18999171891636105,32,No,0
4000,0,0.18999171891636105,32,No,0
4002,0,0.03584526203714657,34,Yes,1
4003,0,0.047320477936827164,35,No,0
4700,0,0.021767419850940495,232,No,0
4002,0,0.03584526203714657,34,No,0
4700,0,0.021767419850940495,232,No,0
4000,0,0.18999171891636105,32,No,0
4204,0,0.0009464095587365432,105,No,0
4990,0,0.0009464095587365432,275,No,0
4001,0,0.004732047793682716,33,No,0
4000,0,0.18999171891636105,32,No,0
4000,0,0.18999171891636105,32,No,0
4016,0,0.0018928191174730864,43,No,0
4300,0,0.015615757719152964,147,No,0
4700,0,0.021767419850940495,232,No,0
4300,0,0.015615757719152964,147,No,0
4935,0,0.0001183011948420679,260,No,0
4500,0,0.011120312315154384,205,No,0
4000,0,0.18999171891636105,32,No,0
4000,0,0.18999171891636105,32,No,0
4020,0,0.004140541819472376,47,No,0
4000,0,0.18999171891636105,32,No,0
4700,0,0.021767419850940495,232,No,0
4003,0,0.047320477936827164,35,No,0
4000,0,0.18999171891636105,32,No,0
4218,0,0.001183011948420679,112,No,0
4900,0,0.0007098071690524074,259,No,0
4002,0,0.03584526203714657,34,No,0
4000,0,0.18999171891636105,32,No,0
4000,0,0.18999171891636105,32,No,0
4000,0,0.18999171891636105,32,Yes,1
4003,0,0.047320477936827164,35,No,0
4003,0,0.047320477936827164,35,No,0
4000,0,0.18999171891636105,32,No,0
4020,0,0.004140541819472376,47,No,0
4000,0,0.18999171891636105,32,No,0
4990,0,0.0009464095587365432,275,No,0
4000,0,0.18999171891636105,32,No,0
4000,0,0.18999171891636105,32,No,0
4700,0,0.021767419850940495,232,No,0
4230,0,0.028865491541464568,122,No,0
4000,0,0.18999171891636105,32,No,0
4700,0,0.021767419850940495,232,No,0
4000,0,0.18999171891636105,32,No,0
4004,0,0.03667337040104105,36,No,0
4190,0,0.002484325091683426,94,No,0
4023,0,0.03099491304862179,49,No,0
4000,0,0.18999171891636105,32,No,0
4300,0,0.015615757719152964,147,No,0
4000,0,0.18999171891636105,32,Yes,1
4003,0,0.047320477936827164,35,No,0
4023,0,0.03099491304862179,49,No,0
4004,0,0.03667337040104105,36,Yes,1
4701,0,0.0014196143381048148,233,No,0
4000,0,0.18999171891636105,32,No,0
4270,0,0.008635987223470957,137,No,0
4000,0,0.18999171891636105,32,No,0
4850,0,0.004732047793682716,252,No,0
4000,0,0.18999171891636105,32,No,0
4700,0,0.021767419850940495,232,No,0
4330,0,0.002720927481367562,150,No,0
4121,0,0.0004732047793682716,65,No,0
4002,0,0.03584526203714657,34,No,0
4197,0,0.0008281083638944754,98,No,0
4218,0,0.001183011948420679,112,No,0
4000,0,0.18999171891636105,32,No,0
4300,0,0.015615757719152964,147,No,0
4190,0,0.002484325091683426,94,No,0
4700,0,0.021767419850940495,232,No,0
4004,0,0.03667337040104105,36,No,0
4023,0,0.03099491304862179,49,No,0
4700,0,0.021767419850940495,232,No,0
4101,0,0.002602626286525494,55,No,0
4000,0,0.18999171891636105,32,No,0
4004,0,0.03667337040104105,36,No,0
4003,0,0.047320477936827164,35,No,0
4000,0,0.18999171891636105,32,No,0
4000,0,0.18999171891636105,32,No,0
4230,0,0.028865491541464568,122,Yes,1
4001,0,0.004732047793682716,33,No,0
4004,0,0.03667337040104105,36,No,0
4230,0,0.028865491541464568,122,No,0
4006,0,0.006743168105997871,37,No,0
4003,0,0.047320477936827164,35,No,0
4230,0,0.028865491541464568,122,No,0
4000,0,0.18999171891636105,32,No,0
4000,0,0.18999171891636105,32,No,0
4000,0,0.18999171891636105,32,Yes,1
4000,0,0.18999171891636105,32,No,0
4000,0,0.18999171891636105,32,No,0
4700,0,0.021767419850940495,232,No,0
4000,0,0.18999171891636105,32,No,0
4218,0,0.001183011948420679,112,No,0
4000,0,0.18999171891636105,32,No,0
4000,0,0.18999171891636105,32,No,0
4000,0,0.18999171891636105,32,Yes,1
4000,0,0.18999171891636105,32,No,0
4230,0,0.028865491541464568,122,Yes,1
4000,0,0.18999171891636105,32,No,0
4230,0,0.028865491541464568,122,No,0
4230,0,0.028865491541464568,122,No,0
4004,0,0.03667337040104105,36,No,0
4023,0,0.03099491304862179,49,No,0
4850,0,0.004732047793682716,252,No,0
4000,0,0.18999171891636105,32,No,0
4000,0,0.18999171891636105,32,No,0
4000,0,0.18999171891636105,32,No,0
4023,0,0.03099491304862179,49,No,0
4000,0,0.18999171891636105,32,Yes,1
4000,0,0.18999171891636105,32,No,0
4220,0,0.0030758310658937655,114,No,0
4230,0,0.028865491541464568,122,No,0
4800,0,0.002602626286525494,242,No,0
4230,0,0.028865491541464568,122,No,0
4004,0,0.03667337040104105,36,Yes,1
4001,0,0.004732047793682716,33,No,0
4000,0,0.18999171891636105,32,No,0
4000,0,0.18999171891636105,32,No,0
4001,0,0.004732047793682716,33,No,0
4150,0,0.008399384833786822,81,No,0
4500,0,0.011120312315154384,205,Yes,1
4000,0,0.18999171891636105,32,No,0
4017,0,0.0020111203123151546,44,No,0
4004,0,0.03667337040104105,36,No,0
4002,0,0.03584526203714657,34,No,0
4000,0,0.18999171891636105,32,No,0
4180,0,0.0035490358452620373,92,No,0
4001,0,0.004732047793682716,33,No,0
4700,0,0.021767419850940495,232,Yes,1
4000,0,0.18999171891636105,32,No,0
4000,0,0.18999171891636105,32,No,0
4003,0,0.047320477936827164,35,No,0
4000,0,0.18999171891636105,32,No,0
4023,0,0.03099491304862179,49,No,0
4000,0,0.18999171891636105,32,No,0
4023,0,0.03099491304862179,49,No,0
4500,0,0.011120312315154384,205,No,0
4300,0,0.015615757719152964,147,No,0
4003,0,0.047320477936827164,35,No,0
4700,0,0.021767419850940495,232,No,0
4000,0,0.18999171891636105,32,No,0
4000,0,0.18999171891636105,32,No,0
4230,0,0.028865491541464568,122,No,0
4820,0,0.0005915059742103396,244,No,0
4004,0,0.03667337040104105,36,Yes,1
4000,0,0.18999171891636105,32,No,0
4300,0,0.015615757719152964,147,No,0
4018,0,0.0003549035845262037,45,No,0
4800,0,0.002602626286525494,242,No,0
4000,0,0.18999171891636105,32,Yes,1
4330,0,0.002720927481367562,150,No,0
4108,0,0.0017745179226310187,57,No,0
4700,0,0.021767419850940495,232,No,0
4000,0,0.18999171891636105,32,No,0
4000,0,0.18999171891636105,32,No,0
4002,0,0.03584526203714657,34,No,0
4987,0,0.0005915059742103396,274,No,0
4500,0,0.011120312315154384,205,No,0
4225,0,0.0017745179226310187,119,No,0
4000,0,0.18999171891636105,32,No,0
4000,0,0.18999171891636105,32,No,0
4003,0,0.047320477936827164,35,No,0
4850,0,0.004732047793682716,252,Yes,1
4004,0,0.03667337040104105,36,No,0
4004,0,0.03667337040104105,36,No,0
4150,0,0.008399384833786822,81,No,0
4000,0,0.18999171891636105,32,No,0
4700,0,0.021767419850940495,232,No,0
4015,0,0.0021294215071572223,42,No,0
4000,0,0.18999171891636105,32,No,0
4700,0,0.021767419850940495,232,No,0
4000,0,0.18999171891636105,32,No,0
4002,0,0.03584526203714657,34,No,0
4210,0,0.005560156157577192,109,No,0
4006,0,0.006743168105997871,37,Yes,1
4230,0,0.028865491541464568,122,No,0
4230,0,0.028865491541464568,122,No,0
4150,0,0.008399384833786822,81,No,0
4270,0,0.008635987223470957,137,No,0
4150,0,0.008399384833786822,81,No,0
4003,0,0.047320477936827164,35,No,0
4800,0,0.002602626286525494,242,No,0
4000,0,0.18999171891636105,32,No,0
4700,0,0.021767419850940495,232,No,0
4000,0,0.18999171891636105,32,No,0
4300,0,0.015615757719152964,147,No,0
4003,0,0.047320477936827164,35,No,0
4002,0,0.03584526203714657,34,No,0
4000,0,0.18999171891636105,32,No,0
4000,0,0.18999171891636105,32,No,0
4003,0,0.047320477936827164,35,No,0
4850,0,0.004732047793682716,252,No,0
4004,0,0.03667337040104105,36,No,0
4794,0,0.0001183011948420679,241,No,0
4980,0,0.002484325091683426,271,No,0
4002,0,0.03584526203714657,34,No,0
4000,0,0.18999171891636105,32,No,0
4002,0,0.03584526203714657,34,No,0
4000,0,0.18999171891636105,32,No,0
4002,0,0.03584526203714657,34,No,0
4000,0,0.18999171891636105,32,No,0
4210,0,0.005560156157577192,109,No,0
4225,0,0.0017745179226310187,119,No,0
4003,0,0.047320477936827164,35,No,0
4990,0,0.0009464095587365432,275,No,0
4300,0,0.015615757719152964,147,No,0
4004,0,0.03667337040104105,36,No,0
4960,0,0.001183011948420679,267,No,0
4023,0,0.03099491304862179,49,No,0
4000,0,0.18999171891636105,32,No,0
4000,0,0.18999171891636105,32,No,0
4701,0,0.0014196143381048148,233,No,0
4006,0,0.006743168105997871,37,No,0
4000,0,0.18999171891636105,32,No,0
4003,0,0.047320477936827164,35,No,0
4000,0,0.18999171891636105,32,No,0
4000,0,0.18999171891636105,32,No,0
4000,0,0.18999171891636105,32,No,0
4000,0,0.18999171891636105,32,No,0
4700,0,0.021767419850940495,232,No,0
4002,0,0.03584526203714657,34,No,0
4230,0,0.028865491541464568,122,No,0
4000,0,0.18999171891636105,32,No,0
4370,0,0.0005915059742103396,165,No,0
4000,0,0.18999171891636105,32,No,0
4101,0,0.002602626286525494,55,No,0
4023,0,0.03099491304862179,49,No,0
4023,0,0.03099491304862179,49,No,0
4003,0,0.047320477936827164,35,No,0
4000,0,0.18999171891636105,32,No,0
4000,0,0.18999171891636105,32,No,0
4000,0,0.18999171891636105,32,No,0
4101,0,0.002602626286525494,55,No,0
4700,0,0.021767419850940495,232,No,0
4000,0,0.18999171891636105,32,No,0
4023,0,0.03099491304862179,49,No,0
4000,0,0.18999171891636105,32,Yes,1
4220,0,0.0030758310658937655,114,No,0
4230,0,0.028865491541464568,122,No,0
4700,0,0.021767419850940495,232,No,0
4023,0,0.03099491304862179,49,No,0
4700,0,0.021767419850940495,232,No,0
4003,0,0.047320477936827164,35,No,0
4770,0,0.0007098071690524074,240,No,0
4002,0,0.03584526203714657,34,No,0
4004,0,0.03667337040104105,36,No,0
4023,0,0.03099491304862179,49,No,0
4023,0,0.03099491304862179,49,No,0
4000,0,0.18999171891636105,32,No,0
4000,0,0.18999171891636105,32,No,0
4004,0,0.03667337040104105,36,No,0
4770,0,0.0007098071690524074,240,No,0
4000,0,0.18999171891636105,32,No,0
4000,0,0.18999171891636105,32,No,0
4000,0,0.18999171891636105,32,No,0
4004,0,0.03667337040104105,36,No,0
4110,0,0.0020111203123151546,59,Yes,1
4230,0,0.028865491541464568,122,No,0
4000,0,0.18999171891636105,32,No,0
4000,0,0.18999171891636105,32,No,0
4230,0,0.028865491541464568,122,No,0
4700,0,0.021767419850940495,232,No,0
4700,0,0.021767419850940495,232,No,0
4000,0,0.18999171891636105,32,No,0
4003,0,0.047320477936827164,35,No,0
4230,0,0.028865491541464568,122,No,0
4000,0,0.18999171891636105,32,No,0
4230,0,0.028865491541464568,122,No,0
4000,0,0.18999171891636105,32,No,0
4004,0,0.03667337040104105,36,No,0
4000,0,0.18999171891636105,32,No,0
4230,0,0.028865491541464568,122,No,0
4006,0,0.006743168105997871,37,No,0
4023,0,0.03099491304862179,49,No,0
4000,0,0.18999171891636105,32,No,0
4300,0,0.015615757719152964,147,Yes,1
4002,0,0.03584526203714657,34,No,0
4110,0,0.0020111203123151546,59,No,0
4023,0,0.03099491304862179,49,No,0
4172,0,0.0009464095587365432,86,No,0
4987,0,0.0005915059742103396,274,No,0
4850,0,0.004732047793682716,252,Yes,1
4000,0,0.18999171891636105,32,No,0
4337,0,0.0002366023896841358,151,No,0
4500,0,0.011120312315154384,205,No,0
4000,0,0.18999171891636105,32,No,0
4230,0,0.028865491541464568,122,Yes,1
4004,0,0.03667337040104105,36,No,0
4002,0,0.03584526203714657,34,No,0
4003,0,0.047320477936827164,35,No,0
4000,0,0.18999171891636105,32,No,0
4000,0,0.18999171891636105,32,No,0
4003,0,0.047320477936827164,35,No,0
4000,0,0.18999171891636105,32,No,0
4700,0,0.021767419850940495,232,Yes,1
4002,0,0.03584526203714657,34,No,0
4218,0,0.001183011948420679,112,No,0
4004,0,0.03667337040104105,36,No,0
4210,0,0.005560156157577192,109,No,0
4023,0,0.03099491304862179,49,No,0
4002,0,0.03584526203714657,34,No,0
4020,0,0.004140541819472376,47,No,0
4300,0,0.015615757719152964,147,No,0
4700,0,0.021767419850940495,232,No,0
4020,0,0.004140541819472376,47,No,0
4172,0,0.0009464095587365432,86,No,0
4000,0,0.18999171891636105,32,No,0
4002,0,0.03584526203714657,34,No,0
4230,0,0.028865491541464568,122,No,0
4000,0,0.18999171891636105,32,No,0
4002,0,0.03584526203714657,34,No,0
4003,0,0.047320477936827164,35,No,0
4000,0,0.18999171891636105,32,No,0
4000,0,0.18999171891636105,32,No,0
4000,0,0.18999171891636105,32,No,0
4004,0,0.03667337040104105,36,No,0
4122,0,0.0004732047793682716,66,No,0
4004,0,0.03667337040104105,36,Yes,1
4000,0,0.18999171891636105,32,No,0
4000,0,0.18999171891636105,32,No,0
4023,0,0.03099491304862179,49,No,0
4113,0,0.0003549035845262037,62,No,0
4004,0,0.03667337040104105,36,No,0
4003,0,0.047320477936827164,35,No,0
4230,0,0.028865491541464568,122,No,0
4330,0,0.002720927481367562,150,No,0
4000,0,0.18999171891636105,32,No,0
4000,0,0.18999171891636105,32,No,0
4870,0,0.0004732047793682716,254,No,0
4002,0,0.03584526203714657,34,No,0
4000,0,0.18999171891636105,32,No,0
4004,0,0.03667337040104105,36,No,0
4230,0,0.028865491541464568,122,No,0
4700,0,0.021767419850940495,232,No,0
4300,0,0.015615757719152964,147,No,0
4000,0,0.18999171891636105,32,No,0
4180,0,0.0035490358452620373,92,No,0
4300,0,0.015615757719152964,147,Yes,1
4180,0,0.0035490358452620373,92,No,0
4000,0,0.18999171891636105,32,No,0
4000,0,0.18999171891636105,32,No,0
4000,0,0.18999171891636105,32,No,0
4000,0,0.18999171891636105,32,No,0
4003,0,0.047320477936827164,35,No,0
4107,0,0.0008281083638944754,56,No,0
4000,0,0.18999171891636105,32,No,0
4023,0,0.03099491304862179,49,No,0
4000,0,0.18999171891636105,32,No,0
4000,0,0.18999171891636105,32,No,0
4000,0,0.18999171891636105,32,No,0
4230,0,0.028865491541464568,122,Yes,1
4003,0,0.047320477936827164,35,No,0
4003,0,0.047320477936827164,35,No,0
4970,0,0.0001183011948420679,268,No,0
4003,0,0.047320477936827164,35,No,0
4000,0,0.18999171891636105,32,Yes,1
4300,0,0.015615757719152964,147,No,0
4150,0,0.008399384833786822,81,No,0
4700,0,0.021767419850940495,232,No,0
4015,0,0.0021294215071572223,42,No,0
4000,0,0.18999171891636105,32,No,0
4002,0,0.03584526203714657,34,No,0
4000,0,0.18999171891636105,32,No,0
4800,0,0.002602626286525494,242,No,0
4150,0,0.008399384833786822,81,No,0
4270,0,0.008635987223470957,137,No,0
4003,0,0.047320477936827164,35,Yes,1
4000,0,0.18999171891636105,32,No,0
4850,0,0.004732047793682716,252,No,0
4002,0,0.03584526203714657,34,No,0
4134,0,0.0003549035845262037,72,No,0
4107,0,0.0008281083638944754,56,Yes,1
4500,0,0.011120312315154384,205,No,0
4002,0,0.03584526203714657,34,No,0
4000,0,0.18999171891636105,32,No,0
4150,0,0.008399384833786822,81,Yes,1
4003,0,0.047320477936827164,35,No,0
4000,0,0.18999171891636105,32,No,0
4872,0,0.0003549035845262037,255,No,0
4700,0,0.021767419850940495,232,No,0
4003,0,0.047320477936827164,35,No,0
4000,0,0.18999171891636105,32,No,0
4002,0,0.03584526203714657,34,No,0
4000,0,0.18999171891636105,32,Yes,1
4230,0,0.028865491541464568,122,No,0
4850,0,0.004732047793682716,252,No,0
4700,0,0.021767419850940495,232,Yes,1
4000,0,0.18999171891636105,32,No,0
4004,0,0.03667337040104105,36,No,0
4180,0,0.0035490358452620373,92,No,0
4000,0,0.18999171891636105,32,No,0
4270,0,0.008635987223470957,137,No,0
4204,0,0.0009464095587365432,105,Yes,1
4135,0,0.0008281083638944754,73,No,0
4002,0,0.03584526203714657,34,No,0
4004,0,0.03667337040104105,36,No,0
4230,0,0.028865491541464568,122,No,0
4002,0,0.03584526203714657,34,No,0
4017,0,0.0020111203123151546,44,No,0
4850,0,0.004732047793682716,252,No,0
4199,0,0.00224772270199929,100,No,0
4300,0,0.015615757719152964,147,No,0
4017,0,0.0020111203123151546,44,No,0
4000,0,0.18999171891636105,32,No,0
4301,0,0.0001183011948420679,148,No,0
4000,0,0.18999171891636105,32,No,0
4000,0,0.18999171891636105,32,No,0
4006,0,0.006743168105997871,37,No,0
4004,0,0.03667337040104105,36,No,0
4230,0,0.028865491541464568,122,Yes,1
4000,0,0.18999171891636105,32,No,0
4004,0,0.03667337040104105,36,No,0
4254,0,0.0001183011948420679,132,No,0
4000,0,0.18999171891636105,32,No,0
4270,0,0.008635987223470957,137,No,0
4700,0,0.021767419850940495,232,No,0
4003,0,0.047320477936827164,35,No,0
4198,0,0.0002366023896841358,99,No,0
4001,0,0.004732047793682716,33,No,0
4000,0,0.18999171891636105,32,No,0
4210,0,0.005560156157577192,109,No,0
4000,0,0.18999171891636105,32,No,0
4190,0,0.002484325091683426,94,No,0
4000,0,0.18999171891636105,32,No,0
4000,0,0.18999171891636105,32,No,0
4199,0,0.00224772270199929,100,No,0
4000,0,0.18999171891636105,32,No,0
4000,0,0.18999171891636105,32,No,0
4003,0,0.047320477936827164,35,No,0
4300,0,0.015615757719152964,147,No,0
4000,0,0.18999171891636105,32,No,0
4003,0,0.047320477936827164,35,No,0
4015,0,0.0021294215071572223,42,No,0
4004,0,0.03667337040104105,36,No,0
4230,0,0.028865491541464568,122,No,0
4000,0,0.18999171891636105,32,No,0
4300,0,0.015615757719152964,147,No,0
4147,0,0.0017745179226310187,80,No,0
4000,0,0.18999171891636105,32,No,0
4002,0,0.03584526203714657,34,No,0
4007,0,0.0001183011948420679,38,No,0
4013,0,0.001183011948420679,41,No,0
4230,0,0.028865491541464568,122,No,0
4002,0,0.03584526203714657,34,No,0
4101,0,0.002602626286525494,55,No,0
4003,0,0.047320477936827164,35,No,0
4000,0,0.18999171891636105,32,No,0
4000,0,0.18999171891636105,32,No,0
4023,0,0.03099491304862179,49,No,0
4000,0,0.18999171891636105,32,No,0
4023,0,0.03099491304862179,49,No,0
4750,0,0.0003549035845262037,238,Yes,1
4000,0,0.18999171891636105,32,No,0
4000,0,0.18999171891636105,32,No,0
4000,0,0.18999171891636105,32,No,0
4003,0,0.047320477936827164,35,No,0
4230,0,0.028865491541464568,122,No,0
4985,0,0.0003549035845262037,273,No,0
4230,0,0.028865491541464568,122,No,0
4000,0,0.18999171891636105,32,No,0
4000,0,0.18999171891636105,32,No,0
4230,0,0.028865491541464568,122,No,0
4000,0,0.18999171891636105,32,No,0
4003,0,0.047320477936827164,35,No,0
4000,0,0.18999171891636105,32,No,0
4850,0,0.004732047793682716,252,No,0
4270,0,0.008635987223470957,137,No,0
4000,0,0.18999171891636105,32,No,0
4000,0,0.18999171891636105,32,No,0
4000,0,0.18999171891636105,32,No,0
4013,0,0.001183011948420679,41,No,0
4300,0,0.015615757719152964,147,No,0
4023,0,0.03099491304862179,49,Yes,1
4230,0,0.028865491541464568,122,No,0
4000,0,0.18999171891636105,32,No,0
4002,0,0.03584526203714657,34,No,0
4002,0,0.03584526203714657,34,No,0
4000,0,0.18999171891636105,32,No,0
4006,0,0.006743168105997871,37,Yes,1
4000,0,0.18999171891636105,32,No,0
4023,0,0.03099491304862179,49,No,0
4831,0,0.0004732047793682716,248,No,0
4000,0,0.18999171891636105,32,No,0
4000,0,0.18999171891636105,32,No,0
4004,0,0.03667337040104105,36,No,0
4003,0,0.047320477936827164,35,No,0
4004,0,0.03667337040104105,36,No,0
4000,0,0.18999171891636105,32,Yes,1
4980,0,0.002484325091683426,271,No,0
4004,0,0.03667337040104105,36,No,0
4230,0,0.028865491541464568,122,No,0
4003,0,0.047320477936827164,35,No,0
4230,0,0.028865491541464568,122,No,0
4003,0,0.047320477936827164,35,No,0
4003,0,0.047320477936827164,35,No,0
4230,0,0.028865491541464568,122,No,0
4703,0,0.0004732047793682716,235,No,0
4004,0,0.03667337040104105,36,No,0
4944,0,0.0002366023896841358,263,No,0
4700,0,0.021767419850940495,232,No,0
4300,0,0.015615757719152964,147,No,0
4000,0,0.18999171891636105,32,No,0
4101,0,0.002602626286525494,55,No,0
4300,0,0.015615757719152964,147,No,0
4700,0,0.021767419850940495,232,No,0
4023,0,0.03099491304862179,49,No,0
4001,0,0.004732047793682716,33,No,0
4000,0,0.18999171891636105,32,No,0
4000,0,0.18999171891636105,32,No,0
4150,0,0.008399384833786822,81,No,0
4003,0,0.047320477936827164,35,No,0
4016,0,0.0018928191174730864,43,No,0
4230,0,0.028865491541464568,122,No,0
4003,0,0.047320477936827164,35,No,0
4850,0,0.004732047793682716,252,Yes,1
4112,0,0.0008281083638944754,61,No,0
4000,0,0.18999171891636105,32,No,0
4700,0,0.021767419850940495,232,No,0
4000,0,0.18999171891636105,32,No,0
4023,0,0.03099491304862179,49,No,0
4230,0,0.028865491541464568,122,No,0
4003,0,0.047320477936827164,35,No,0
4700,0,0.021767419850940495,232,No,0
4980,0,0.002484325091683426,271,No,0
4000,0,0.18999171891636105,32,No,0
4270,0,0.008635987223470957,137,No,0
4017,0,0.0020111203123151546,44,Yes,1
4000,0,0.18999171891636105,32,No,0
4003,0,0.047320477936827164,35,No,0
4002,0,0.03584526203714657,34,Yes,1
4300,0,0.015615757719152964,147,No,0
4000,0,0.18999171891636105,32,No,0
4004,0,0.03667337040104105,36,No,0
4850,0,0.004732047793682716,252,No,0
4000,0,0.18999171891636105,32,No,0
4000,0,0.18999171891636105,32,No,0
4218,0,0.001183011948420679,112,No,0
4500,0,0.011120312315154384,205,No,0
4700,0,0.021767419850940495,232,No,0
4110,0,0.0020111203123151546,59,No,0
4230,0,0.028865491541464568,122,No,0
4000,0,0.18999171891636105,32,No,0
4830,0,0.0003549035845262037,247,No,0
4997,0,0.0002366023896841358,277,No,0
4015,0,0.0021294215071572223,42,No,0
4300,0,0.015615757719152964,147,No,0
4230,0,0.028865491541464568,122,No,0
4230,0,0.028865491541464568,122,Yes,1
4004,0,0.03667337040104105,36,No,0
4002,0,0.03584526203714657,34,No,0
4230,0,0.028865491541464568,122,No,0
4002,0,0.03584526203714657,34,No,0
4000,0,0.18999171891636105,32,No,0
4000,0,0.18999171891636105,32,No,0
4000,0,0.18999171891636105,32,No,0
4000,0,0.18999171891636105,32,No,0
4122,0,0.0004732047793682716,66,No,0
4700,0,0.021767419850940495,232,No,0
4004,0,0.03667337040104105,36,No,0
4000,0,0.18999171891636105,32,No,0
4000,0,0.18999171891636105,32,No,0
4004,0,0.03667337040104105,36,No,0
4000,0,0.18999171891636105,32,No,0
4199,0,0.00224772270199929,100,No,0
4000,0,0.18999171891636105,32,No,0
4000,0,0.18999171891636105,32,No,0
4500,0,0.011120312315154384,205,No,0
4700,0,0.021767419850940495,232,Yes,1
4220,0,0.0030758310658937655,114,No,0
4000,0,0.18999171891636105,32,No,0
4000,0,0.18999171891636105,32,No,0
4003,0,0.047320477936827164,35,No,0
4003,0,0.047320477936827164,35,No,0
4003,0,0.047320477936827164,35,No,0
4700,0,0.021767419850940495,232,No,0
4000,0,0.18999171891636105,32,No,0
4000,0,0.18999171891636105,32,No,0
4023,0,0.03099491304862179,49,No,0
4000,0,0.18999171891636105,32,No,0
4000,0,0.18999171891636105,32,No,0
4199,0,0.00224772270199929,100,No,0
4000,0,0.18999171891636105,32,No,0
4004,0,0.03667337040104105,36,No,0
4160,0,0.0004732047793682716,83,No,0
4231,0,0.0003549035845262037,123,No,0
4500,0,0.011120312315154384,205,No,0
4180,0,0.0035490358452620373,92,No,0
4260,0,0.0005915059742103396,133,No,0
4800,0,0.002602626286525494,242,No,0
4270,0,0.008635987223470957,137,No,0
4023,0,0.03099491304862179,49,No,0
4000,0,0.18999171891636105,32,No,0
4003,0,0.047320477936827164,35,No,0
4023,0,0.03099491304862179,49,No,0
4000,0,0.18999171891636105,32,No,0
4230,0,0.028865491541464568,122,No,0
4197,0,0.0008281083638944754,98,No,0
4000,0,0.18999171891636105,32,No,0
4000,0,0.18999171891636105,32,Yes,1
4850,0,0.004732047793682716,252,No,0
4000,0,0.18999171891636105,32,No,0
4000,0,0.18999171891636105,32,No,0
4000,0,0.18999171891636105,32,Yes,1
4000,0,0.18999171891636105,32,No,0
4000,0,0.18999171891636105,32,No,0
4225,0,0.0017745179226310187,119,No,0
4109,0,0.0008281083638944754,58,No,0
4000,0,0.18999171891636105,32,Yes,1
4000,0,0.18999171891636105,32,No,0
4000,0,0.18999171891636105,32,No,0
4003,0,0.047320477936827164,35,No,0
4003,0,0.047320477936827164,35,No,0
4002,0,0.03584526203714657,34,No,0
4150,0,0.008399384833786822,81,No,0
4000,0,0.18999171891636105,32,No,0
4137,0,0.0008281083638944754,75,No,0
4870,0,0.0004732047793682716,254,No,0
4000,0,0.18999171891636105,32,No,0
4000,0,0.18999171891636105,32,No,0
4000,0,0.18999171891636105,32,No,0
4523,0,0.0002366023896841358,207,No,0
4000,0,0.18999171891636105,32,No,0
4202,0,0.0003549035845262037,103,No,0
4000,0,0.18999171891636105,32,No,0
4300,0,0.015615757719152964,147,No,0
4003,0,0.047320477936827164,35,No,0
4000,0,0.18999171891636105,32,No,0
4002,0,0.03584526203714657,34,No,0
4124,0,0.001183011948420679,67,No,0
4000,0,0.18999171891636105,32,No,0
4800,0,0.002602626286525494,242,No,0
4000,0,0.18999171891636105,32,No,0
4000,0,0.18999171891636105,32,No,0
4004,0,0.03667337040104105,36,No,0
4023,0,0.03099491304862179,49,No,0
4000,0,0.18999171891636105,32,No,0
4500,0,0.011120312315154384,205,No,0
4003,0,0.047320477936827164,35,No,0
4230,0,0.028865491541464568,122,No,0
4700,0,0.021767419850940495,232,Yes,1
4230,0,0.028865491541464568,122,No,0
4003,0,0.047320477936827164,35,No,0
4700,0,0.021767419850940495,232,No,0
4000,0,0.18999171891636105,32,No,0
4023,0,0.03099491304862179,49,No,0
4002,0,0.03584526203714657,34,No,0
4210,0,0.005560156157577192,109,No,0
4000,0,0.18999171891636105,32,No,0
4241,0,0.0005915059742103396,126,No,0
4000,0,0.18999171891636105,32,No,0
4300,0,0.015615757719152964,147,Yes,1
4023,0,0.03099491304862179,49,No,0
4000,0,0.18999171891636105,32,No,0
4000,0,0.18999171891636105,32,No,0
4002,0,0.03584526203714657,34,No,0
4172,0,0.0009464095587365432,86,No,0
4000,0,0.18999171891636105,32,No,0
4220,0,0.0030758310658937655,114,No,0
4004,0,0.03667337040104105,36,No,0
4000,0,0.18999171891636105,32,No,0
4000,0,0.18999171891636105,32,No,0
4002,0,0.03584526203714657,34,No,0
4000,0,0.18999171891636105,32,No,0
4000,0,0.18999171891636105,32,No,0
4230,0,0.028865491541464568,122,No,0
4003,0,0.047320477936827164,35,No,0
4004,0,0.03667337040104105,36,No,0
4179,0,0.0001183011948420679,91,No,0
4000,0,0.18999171891636105,32,No,0
4000,0,0.18999171891636105,32,No,0
4000,0,0.18999171891636105,32,No,0
4000,0,0.18999171891636105,32,No,0
4230,0,0.028865491541464568,122,No,0
4003,0,0.047320477936827164,35,No,0
4000,0,0.18999171891636105,32,No,0
4147,0,0.0017745179226310187,80,No,0
4000,0,0.18999171891636105,32,No,0
4000,0,0.18999171891636105,32,No,0
4003,0,0.047320477936827164,35,No,0
4230,0,0.028865491541464568,122,No,0
4210,0,0.005560156157577192,109,No,0
4000,0,0.18999171891636105,32,No,0
4000,0,0.18999171891636105,32,No,0
4700,0,0.021767419850940495,232,No,0
4003,0,0.047320477936827164,35,No,0
4230,0,0.028865491541464568,122,No,0
4000,0,0.18999171891636105,32,No,0
4000,0,0.18999171891636105,32,No,0
4000,0,0.18999171891636105,32,No,0
4000,0,0.18999171891636105,32,No,0
4150,0,0.008399384833786822,81,No,0
4000,0,0.18999171891636105,32,No,0
4006,0,0.006743168105997871,37,No,0
4800,0,0.002602626286525494,242,No,0
4500,0,0.011120312315154384,205,No,0
4027,0,0.0009464095587365432,52,No,0
4000,0,0.18999171891636105,32,No,0
4150,0,0.008399384833786822,81,No,0
4700,0,0.021767419850940495,232,No,0
4000,0,0.18999171891636105,32,No,0
4108,0,0.0017745179226310187,57,No,0
4003,0,0.047320477936827164,35,No,0
4144,0,0.0003549035845262037,79,No,0
4135,0,0.0008281083638944754,73,No,0
4000,0,0.18999171891636105,32,No,0
4834,0,0.0001183011948420679,249,No,0
4700,0,0.021767419850940495,232,No,0
4530,0,0.0009464095587365432,208,Yes,1
4000,0,0.18999171891636105,32,No,0
4003,0,0.047320477936827164,35,No,0
4000,0,0.18999171891636105,32,No,0
4137,0,0.0008281083638944754,75,No,0
4000,0,0.18999171891636105,32,No,0
4000,0,0.18999171891636105,32,No,0
4000,0,0.18999171891636105,32,No,0
4230,0,0.028865491541464568,122,No,0
4300,0,0.015615757719152964,147,No,0
4003,0,0.047320477936827164,35,No,0
4002,0,0.03584526203714657,34,No,0
4003,0,0.047320477936827164,35,No,0
4000,0,0.18999171891636105,32,No,0
4300,0,0.015615757719152964,147,No,0
4160,0,0.0004732047793682716,83,Yes,1
4003,0,0.047320477936827164,35,No,0
4002,0,0.03584526203714657,34,No,0
4000,0,0.18999171891636105,32,No,0
4702,0,0.0003549035845262037,234,No,0
4003,0,0.047320477936827164,35,No,0
4004,0,0.03667337040104105,36,Yes,1
4003,0,0.047320477936827164,35,No,0
4017,0,0.0020111203123151546,44,No,0
4300,0,0.015615757719152964,147,No,0
4000,0,0.18999171891636105,32,No,0
4137,0,0.0008281083638944754,75,Yes,1
4230,0,0.028865491541464568,122,No,0
4108,0,0.0017745179226310187,57,Yes,1
4500,0,0.011120312315154384,205,No,0
4000,0,0.18999171891636105,32,No,0
4000,0,0.18999171891636105,32,No,0
4000,0,0.18999171891636105,32,No,0
4000,0,0.18999171891636105,32,No,0
4000,0,0.18999171891636105,32,No,0
4199,0,0.00224772270199929,100,No,0
4147,0,0.0017745179226310187,80,No,0
4000,0,0.18999171891636105,32,No,0
4000,0,0.18999171891636105,32,No,0
4000,0,0.18999171891636105,32,No,0
4001,0,0.004732047793682716,33,No,0
4700,0,0.021767419850940495,232,No,0
4000,0,0.18999171891636105,32,No,0
4000,0,0.18999171891636105,32,No,0
4000,0,0.18999171891636105,32,No,0
4124,0,0.001183011948420679,67,No,0
4000,0,0.18999171891636105,32,Yes,1
4003,0,0.047320477936827164,35,No,0
4000,0,0.18999171891636105,32,No,0
4850,0,0.004732047793682716,252,No,0
4006,0,0.006743168105997871,37,No,0
4230,0,0.028865491541464568,122,No,0
4700,0,0.021767419850940495,232,No,0
4960,0,0.001183011948420679,267,No,0
4004,0,0.03667337040104105,36,No,0
4000,0,0.18999171891636105,32,No,0
4002,0,0.03584526203714657,34,No,0
4270,0,0.008635987223470957,137,No,0
4003,0,0.047320477936827164,35,No,0
4002,0,0.03584526203714657,34,No,0
4000,0,0.18999171891636105,32,No,0
4006,0,0.006743168105997871,37,No,0
4000,0,0.18999171891636105,32,No,0
4003,0,0.047320477936827164,35,No,0
4199,0,0.00224772270199929,100,No,0
4000,0,0.18999171891636105,32,Yes,1
4101,0,0.002602626286525494,55,No,0
4330,0,0.002720927481367562,150,No,0
4330,0,0.002720927481367562,150,No,0
4023,0,0.03099491304862179,49,No,0
4300,0,0.015615757719152964,147,No,0
4000,0,0.18999171891636105,32,No,0
4000,0,0.18999171891636105,32,Yes,1
4000,0,0.18999171891636105,32,No,0
4500,0,0.011120312315154384,205,No,0
4000,0,0.18999171891636105,32,No,0
4002,0,0.03584526203714657,34,No,0
4000,0,0.18999171891636105,32,No,0
4000,0,0.18999171891636105,32,No,0
4000,0,0.18999171891636105,32,No,0
4004,0,0.03667337040104105,36,No,0
4000,0,0.18999171891636105,32,No,0
4016,0,0.0018928191174730864,43,No,0
4300,0,0.015615757719152964,147,No,0
4000,0,0.18999171891636105,32,No,0
4000,0,0.18999171891636105,32,No,0
4000,0,0.18999171891636105,32,No,0
4500,0,0.011120312315154384,205,No,0
4101,0,0.002602626286525494,55,No,0
4000,0,0.18999171891636105,32,No,0
4800,0,0.002602626286525494,242,No,0
4850,0,0.004732047793682716,252,No,0
4172,0,0.0009464095587365432,86,No,0
4230,0,0.028865491541464568,122,No,0
4002,0,0.03584526203714657,34,No,0
4003,0,0.047320477936827164,35,No,0
4000,0,0.18999171891636105,32,No,0
4835,0,0.0003549035845262037,250,No,0
4000,0,0.18999171891636105,32,Yes,1
4003,0,0.047320477936827164,35,No,0
4000,0,0.18999171891636105,32,No,0
4212,0,0.0003549035845262037,110,No,0
4131,0,0.0002366023896841358,70,No,0
4180,0,0.0035490358452620373,92,No,0
4004,0,0.03667337040104105,36,No,0
4701,0,0.0014196143381048148,233,No,0
4000,0,0.18999171891636105,32,No,0
4700,0,0.021767419850940495,232,No,0
4000,0,0.18999171891636105,32,No,0
4003,0,0.047320477936827164,35,No,0
4000,0,0.18999171891636105,32,No,0
4000,0,0.18999171891636105,32,No,0
4222,0,0.0001183011948420679,116,No,0
4500,0,0.011120312315154384,205,No,0
4147,0,0.0017745179226310187,80,No,0
4030,0,0.0010647107535786111,54,Yes,1
4023,0,0.03099491304862179,49,No,0
4000,0,0.18999171891636105,32,No,0
4002,0,0.03584526203714657,34,Yes,1
4108,0,0.0017745179226310187,57,Yes,1
4000,0,0.18999171891636105,32,No,0
4230,0,0.028865491541464568,122,No,0
4002,0,0.03584526203714657,34,No,0
4000,0,0.18999171891636105,32,No,0
4000,0,0.18999171891636105,32,No,0
4000,0,0.18999171891636105,32,No,0
4000,0,0.18999171891636105,32,Yes,1
4000,0,0.18999171891636105,32,No,0
4000,0,0.18999171891636105,32,No,0
4023,0,0.03099491304862179,49,No,0
4000,0,0.18999171891636105,32,No,0
4000,0,0.18999171891636105,32,No,0
4023,0,0.03099491304862179,49,No,0
4002,0,0.03584526203714657,34,No,0
4831,0,0.0004732047793682716,248,No,0
4000,0,0.18999171891636105,32,No,0
4000,0,0.18999171891636105,32,Yes,1
4000,0,0.18999171891636105,32,No,0
4000,0,0.18999171891636105,32,No,0
4000,0,0.18999171891636105,32,No,0
4004,0,0.03667337040104105,36,No,0
4850,0,0.004732047793682716,252,No,0
4000,0,0.18999171891636105,32,No,0
4180,0,0.0035490358452620373,92,No,0
4710,0,0.0003549035845262037,236,No,0
4003,0,0.047320477936827164,35,No,0
4700,0,0.021767419850940495,232,No,0
4000,0,0.18999171891636105,32,No,0
4004,0,0.03667337040104105,36,No,0
4006,0,0.006743168105997871,37,No,0
4000,0,0.18999171891636105,32,No,0
4002,0,0.03584526203714657,34,No,0
4997,0,0.0002366023896841358,277,No,0
4000,0,0.18999171891636105,32,No,0
4000,0,0.18999171891636105,32,No,0
4000,0,0.18999171891636105,32,No,0
4150,0,0.008399384833786822,81,No,0
4003,0,0.047320477936827164,35,No,0
4002,0,0.03584526203714657,34,No,0
4003,0,0.047320477936827164,35,No,0
4000,0,0.18999171891636105,32,No,0
4003,0,0.047320477936827164,35,No,0
4003,0,0.047320477936827164,35,No,0
4023,0,0.03099491304862179,49,No,0
4000,0,0.18999171891636105,32,No,0
4000,0,0.18999171891636105,32,No,0
4000,0,0.18999171891636105,32,No,0
4300,0,0.015615757719152964,147,No,0
4300,0,0.015615757719152964,147,No,0
4003,0,0.047320477936827164,35,No,0
4002,0,0.03584526203714657,34,No,0
4003,0,0.047320477936827164,35,No,0
4960,0,0.001183011948420679,267,No,0
4000,0,0.18999171891636105,32,No,0
4000,0,0.18999171891636105,32,No,0
4000,0,0.18999171891636105,32,No,0
4000,0,0.18999171891636105,32,No,0
4000,0,0.18999171891636105,32,No,0
4000,0,0.18999171891636105,32,No,0
4003,0,0.047320477936827164,35,No,0
4000,0,0.18999171891636105,32,No,0
4004,0,0.03667337040104105,36,No,0
4000,0,0.18999171891636105,32,No,0
4000,0,0.18999171891636105,32,No,0
4000,0,0.18999171891636105,32,No,0
4213,0,0.0001183011948420679,111,No,0
4004,0,0.03667337040104105,36,No,0
4004,0,0.03667337040104105,36,No,0
4230,0,0.028865491541464568,122,No,0
4270,0,0.008635987223470957,137,No,0
4000,0,0.18999171891636105,32,No,0
4023,0,0.03099491304862179,49,No,0
4000,0,0.18999171891636105,32,No,0
4003,0,0.047320477936827164,35,Yes,1
4000,0,0.18999171891636105,32,Yes,1
4000,0,0.18999171891636105,32,No,0
4220,0,0.0030758310658937655,114,No,0
4230,0,0.028865491541464568,122,No,0
4230,0,0.028865491541464568,122,No,0
4000,0,0.18999171891636105,32,No,0
4000,0,0.18999171891636105,32,No,0
4000,0,0.18999171891636105,32,No,0
4000,0,0.18999171891636105,32,No,0
4000,0,0.18999171891636105,32,No,0
4000,0,0.18999171891636105,32,No,0
4000,0,0.18999171891636105,32,No,0
4000,0,0.18999171891636105,32,No,0
4003,0,0.047320477936827164,35,No,0
4003,0,0.047320477936827164,35,No,0
4000,0,0.18999171891636105,32,No,0
4023,0,0.03099491304862179,49,No,0
4030,0,0.0010647107535786111,54,No,0
4000,0,0.18999171891636105,32,No,0
4230,0,0.028865491541464568,122,No,0
4700,0,0.021767419850940495,232,No,0
4150,0,0.008399384833786822,81,No,0
4002,0,0.03584526203714657,34,No,0
4000,0,0.18999171891636105,32,No,0
4000,0,0.18999171891636105,32,No,0
4002,0,0.03584526203714657,34,No,0
4003,0,0.047320477936827164,35,No,0
4000,0,0.18999171891636105,32,No,0
4000,0,0.18999171891636105,32,No,0
4023,0,0.03099491304862179,49,No,0
4023,0,0.03099491304862179,49,No,0
4000,0,0.18999171891636105,32,No,0
4349,0,0.0004732047793682716,157,No,0
4023,0,0.03099491304862179,49,No,0
4021,0,0.001183011948420679,48,No,0
4000,0,0.18999171891636105,32,No,0
4270,0,0.008635987223470957,137,No,0
4230,0,0.028865491541464568,122,No,0
4210,0,0.005560156157577192,109,No,0
4500,0,0.011120312315154384,205,No,0
4000,0,0.18999171891636105,32,No,0
4000,0,0.18999171891636105,32,No,0
4000,0,0.18999171891636105,32,No,0
4260,0,0.0005915059742103396,133,No,0
4000,0,0.18999171891636105,32,No,0
4300,0,0.015615757719152964,147,No,0
4000,0,0.18999171891636105,32,No,0
4000,0,0.18999171891636105,32,No,0
4300,0,0.015615757719152964,147,No,0
4000,0,0.18999171891636105,32,No,0
4000,0,0.18999171891636105,32,No,0
4112,0,0.0008281083638944754,61,No,0
4270,0,0.008635987223470957,137,No,0
4000,0,0.18999171891636105,32,No,0
4150,0,0.008399384833786822,81,No,0
4002,0,0.03584526203714657,34,No,0
4700,0,0.021767419850940495,232,No,0
4000,0,0.18999171891636105,32,No,0
4002,0,0.03584526203714657,34,No,0
4000,0,0.18999171891636105,32,No,0
4000,0,0.18999171891636105,32,No,0
4000,0,0.18999171891636105,32,Yes,1
4000,0,0.18999171891636105,32,No,0
4002,0,0.03584526203714657,34,No,0
4000,0,0.18999171891636105,32,No,0
4270,0,0.008635987223470957,137,No,0
4000,0,0.18999171891636105,32,No,0
4135,0,0.0008281083638944754,73,No,0
4160,0,0.0004732047793682716,83,No,0
4004,0,0.03667337040104105,36,No,0
4300,0,0.015615757719152964,147,No,0
4000,0,0.18999171891636105,32,No,0
4002,0,0.03584526203714657,34,No,0
4023,0,0.03099491304862179,49,No,0
4003,0,0.047320477936827164,35,No,0
4004,0,0.03667337040104105,36,No,0
4003,0,0.047320477936827164,35,No,0
4003,0,0.047320477936827164,35,No,0
4023,0,0.03099491304862179,49,Yes,1
4147,0,0.0017745179226310187,80,No,0
4003,0,0.047320477936827164,35,No,0
4190,0,0.002484325091683426,94,No,0
4000,0,0.18999171891636105,32,No,0
4023,0,0.03099491304862179,49,No,0
4000,0,0.18999171891636105,32,No,0
4000,0,0.18999171891636105,32,No,0
4000,0,0.18999171891636105,32,No,0
4006,0,0.006743168105997871,37,No,0
4023,0,0.03099491304862179,49,No,0
4000,0,0.18999171891636105,32,No,0
4002,0,0.03584526203714657,34,No,0
4300,0,0.015615757719152964,147,No,0
4000,0,0.18999171891636105,32,No,0
4002,0,0.03584526203714657,34,No,0
4000,0,0.18999171891636105,32,No,0
4000,0,0.18999171891636105,32,No,0
4000,0,0.18999171891636105,32,No,0
4000,0,0.18999171891636105,32,No,0
4004,0,0.03667337040104105,36,No,0
4000,0,0.18999171891636105,32,Yes,1
4000,0,0.18999171891636105,32,No,0
4700,0,0.021767419850940495,232,No,0
4150,0,0.008399384833786822,81,No,0
4147,0,0.0017745179226310187,80,No,0
4110,0,0.0020111203123151546,59,No,0
4288,0,0.0003549035845262037,143,No,0
4330,0,0.002720927481367562,150,No,0
4980,0,0.002484325091683426,271,No,0
4700,0,0.021767419850940495,232,No,0
4269,0,0.0001183011948420679,136,No,0
4230,0,0.028865491541464568,122,No,0
4004,0,0.03667337040104105,36,No,0
4000,0,0.18999171891636105,32,No,0
4500,0,0.011120312315154384,205,No,0
4210,0,0.005560156157577192,109,No,0
4800,0,0.002602626286525494,242,No,0
4000,0,0.18999171891636105,32,No,0
4000,0,0.18999171891636105,32,No,0
4023,0,0.03099491304862179,49,No,0
4002,0,0.03584526203714657,34,No,0
4003,0,0.047320477936827164,35,No,0
4000,0,0.18999171891636105,32,Yes,1
4200,0,0.0002366023896841358,101,No,0
4002,0,0.03584526203714657,34,No,0
4340,0,0.0005915059742103396,153,No,0
4124,0,0.001183011948420679,67,No,0
4006,0,0.006743168105997871,37,No,0
4027,0,0.0009464095587365432,52,No,0
4000,0,0.18999171891636105,32,No,0
4000,0,0.18999171891636105,32,No,0
4000,0,0.18999171891636105,32,No,0
4000,0,0.18999171891636105,32,No,0
4000,0,0.18999171891636105,32,No,0
4230,0,0.028865491541464568,122,No,0
4002,0,0.03584526203714657,34,No,0
4230,0,0.028865491541464568,122,No,0
4000,0,0.18999171891636105,32,No,0
4000,0,0.18999171891636105,32,No,0
4004,0,0.03667337040104105,36,No,0
4151,0,0.0002366023896841358,82,No,0
4210,0,0.005560156157577192,109,No,0
4270,0,0.008635987223470957,137,No,0
4023,0,0.03099491304862179,49,No,0
4000,0,0.18999171891636105,32,No,0
4004,0,0.03667337040104105,36,No,0
4023,0,0.03099491304862179,49,No,0
4004,0,0.03667337040104105,36,No,0
4230,0,0.028865491541464568,122,No,0
4002,0,0.03584526203714657,34,No,0
4000,0,0.18999171891636105,32,No,0
4000,0,0.18999171891636105,32,No,0
4000,0,0.18999171891636105,32,No,0
4270,0,0.008635987223470957,137,No,0
4300,0,0.015615757719152964,147,No,0
4003,0,0.047320477936827164,35,No,0
4000,0,0.18999171891636105,32,No,0
4000,0,0.18999171891636105,32,No,0
4204,0,0.0009464095587365432,105,No,0
4003,0,0.047320477936827164,35,No,0
4002,0,0.03584526203714657,34,No,0
4150,0,0.008399384833786822,81,No,0
4004,0,0.03667337040104105,36,No,0
4000,0,0.18999171891636105,32,No,0
4000,0,0.18999171891636105,32,No,0
4023,0,0.03099491304862179,49,No,0
4000,0,0.18999171891636105,32,No,0
4113,0,0.0003549035845262037,62,No,0
4000,0,0.18999171891636105,32,No,0
4870,0,0.0004732047793682716,254,No,0
4500,0,0.011120312315154384,205,No,0
4370,0,0.0005915059742103396,165,No,0
4000,0,0.18999171891636105,32,No,0
4003,0,0.047320477936827164,35,No,0
4002,0,0.03584526203714657,34,No,0
4300,0,0.015615757719152964,147,No,0
4700,0,0.021767419850940495,232,No,0
4000,0,0.18999171891636105,32,No,0
4114,0,0.0002366023896841358,63,No,0
4850,0,0.004732047793682716,252,No,0
4023,0,0.03099491304862179,49,No,0
4230,0,0.028865491541464568,122,No,0
4530,0,0.0009464095587365432,208,No,0
4110,0,0.0020111203123151546,59,No,0
4700,0,0.021767419850940495,232,No,0
4850,0,0.004732047793682716,252,No,0
4500,0,0.011120312315154384,205,No,0
4004,0,0.03667337040104105,36,No,0
4000,0,0.18999171891636105,32,No,0
4023,0,0.03099491304862179,49,No,0
4023,0,0.03099491304862179,49,No,0
4002,0,0.03584526203714657,34,No,0
4000,0,0.18999171891636105,32,No,0
4000,0,0.18999171891636105,32,No,0
4174,0,0.0001183011948420679,88,No,0
4000,0,0.18999171891636105,32,No,0
4230,0,0.028865491541464568,122,Yes,1
4358,0,0.0001183011948420679,160,No,0
4000,0,0.18999171891636105,32,No,0
4006,0,0.006743168105997871,37,No,0
4820,0,0.0005915059742103396,244,No,0
4004,0,0.03667337040104105,36,No,0
4000,0,0.18999171891636105,32,No,0
4003,0,0.047320477936827164,35,No,0
4000,0,0.18999171891636105,32,No,0
4004,0,0.03667337040104105,36,No,0
4700,0,0.021767419850940495,232,No,0
4108,0,0.0017745179226310187,57,Yes,1
4000,0,0.18999171891636105,32,Yes,1
4000,0,0.18999171891636105,32,No,0
4300,0,0.015615757719152964,147,No,0
4300,0,0.015615757719152964,147,No,0
4112,0,0.0008281083638944754,61,No,0
4021,0,0.001183011948420679,48,Yes,1
4210,0,0.005560156157577192,109,No,0
4000,0,0.18999171891636105,32,No,0
4000,0,0.18999171891636105,32,No,0
4000,0,0.18999171891636105,32,No,0
4000,0,0.18999171891636105,32,No,0
4023,0,0.03099491304862179,49,No,0
4000,0,0.18999171891636105,32,No,0
6000,0,0.13509996450964154,285,No,0
6000,0,0.13509996450964154,285,No,0
6000,0,0.13509996450964154,285,No,0
6014,0,0.0004732047793682716,293,No,0
6100,0,0.030403407074411453,312,No,0
6000,0,0.13509996450964154,285,Yes,1
6000,0,0.13509996450964154,285,No,0
6000,0,0.13509996450964154,285,No,0
6000,0,0.13509996450964154,285,No,0
6000,0,0.13509996450964154,285,No,0
6103,0,0.0001183011948420679,314,No,0
6000,0,0.13509996450964154,285,No,0
6000,0,0.13509996450964154,285,No,0
6000,0,0.13509996450964154,285,No,0
8948,0,0.0001183011948420679,449,No,0
6000,0,0.13509996450964154,285,No,0
6000,0,0.13509996450964154,285,No,0
6000,0,0.13509996450964154,285,No,0
6000,0,0.13509996450964154,285,No,0
6000,0,0.13509996450964154,285,No,0
6100,0,0.030403407074411453,312,No,0
6000,0,0.13509996450964154,285,No,0
6010,0,0.0005915059742103396,292,No,0
6000,0,0.13509996450964154,285,No,0
6000,0,0.13509996450964154,285,No,0
6000,0,0.13509996450964154,285,No,0
6000,0,0.13509996450964154,285,No,0
6100,0,0.030403407074411453,312,No,0
6000,0,0.13509996450964154,285,No,0
6000,0,0.13509996450964154,285,No,0
4006,0,0.006743168105997871,37,No,0
6500,0,0.011356914704838518,388,No,0
6300,0,0.03998580385661895,363,No,0
6300,0,0.03998580385661895,363,No,0
6570,0,0.0010647107535786111,395,No,0
6500,0,0.011356914704838518,388,No,0
1421,0,0.0003549035845262037,12,No,0
6450,0,0.010055601561575771,382,No,0
6100,0,0.030403407074411453,312,No,0
6437,0,0.0003549035845262037,379,No,0
6875,0,0.0001183011948420679,420,No,0
6690,0,0.0003549035845262037,404,No,0
6300,0,0.03998580385661895,363,No,0
6890,0,0.0003549035845262037,424,No,0
1000,0,0.0008281083638944754,0,No,0
6000,0,0.13509996450964154,285,No,0
6000,0,0.13509996450964154,285,No,0
6300,0,0.03998580385661895,363,No,0
6600,0,0.027445877203359753,396,Yes,1
4000,0,0.18999171891636105,32,No,0
1504,0,0.0001183011948420679,13,No,0
6000,0,0.13509996450964154,285,No,0
6000,0,0.13509996450964154,285,No,0
6480,0,0.0001183011948420679,385,No,0
6430,0,0.0001183011948420679,377,No,0
6900,0,0.002720927481367562,426,No,0
6600,0,0.027445877203359753,396,No,0
6880,0,0.0001183011948420679,421,No,0
6800,0,0.003903939429788241,409,No,0
6600,0,0.027445877203359753,396,No,0
6600,0,0.027445877203359753,396,No,0
6600,0,0.027445877203359753,396,No,0
6600,0,0.027445877203359753,396,No,0
6900,0,0.002720927481367562,426,Yes,1
6600,0,0.027445877203359753,396,No,0
6300,0,0.03998580385661895,363,No,0
4000,0,0.18999171891636105,32,No,0
6300,0,0.03998580385661895,363,No,0
6300,0,0.03998580385661895,363,No,0
6000,0,0.13509996450964154,285,No,0
6300,0,0.03998580385661895,363,No,0
6343,0,0.0004732047793682716,367,No,0
6300,0,0.03998580385661895,363,No,0
6304,0,0.0015379155329468827,365,No,0
6400,0,0.028037383177570093,374,No,0
6362,0,0.0004732047793682716,369,No,0
6450,0,0.010055601561575771,382,No,0
6300,0,0.03998580385661895,363,No,0
6550,0,0.002720927481367562,390,No,0
6300,0,0.03998580385661895,363,No,0
6300,0,0.03998580385661895,363,Yes,1
6400,0,0.028037383177570093,374,No,0
4948,0,0.0001183011948420679,264,No,0
6100,0,0.030403407074411453,312,No,0
6300,0,0.03998580385661895,363,No,0
6800,0,0.003903939429788241,409,No,0
4000,0,0.18999171891636105,32,No,0
6400,0,0.028037383177570093,374,No,0
8600,0,0.0003549035845262037,439,Yes,1
7007,0,0.0001183011948420679,428,No,0
4700,0,0.021767419850940495,232,No,0
4000,0,0.18999171891636105,32,Yes,1
4550,0,0.005441854962735124,211,No,0
4400,0,0.05524665799124571,166,No,0
4400,0,0.05524665799124571,166,No,0
4492,0,0.0005915059742103396,203,No,0
4000,0,0.18999171891636105,32,Yes,1
4003,0,0.047320477936827164,35,No,0
4027,0,0.0009464095587365432,52,No,0
4000,0,0.18999171891636105,32,No,0
4000,0,0.18999171891636105,32,Yes,1
4300,0,0.015615757719152964,147,No,0
4228,0,0.0003549035845262037,121,No,0
4330,0,0.002720927481367562,150,No,0
1142,0,0.0002366023896841358,1,No,0
6300,0,0.03998580385661895,363,No,0
4400,0,0.05524665799124571,166,No,0
2080,0,0.0001183011948420679,24,No,0
1202,0,0.0001183011948420679,3,No,0
4000,0,0.18999171891636105,32,No,0
4000,0,0.18999171891636105,32,No,0
4000,0,0.18999171891636105,32,No,0
4000,0,0.18999171891636105,32,No,0
4023,0,0.03099491304862179,49,No,0
4000,0,0.18999171891636105,32,No,0
4000,0,0.18999171891636105,32,No,0
4023,0,0.03099491304862179,49,No,0
4000,0,0.18999171891636105,32,Yes,1
4000,0,0.18999171891636105,32,No,0
6600,0,0.027445877203359753,396,No,0
4825,0,0.0001183011948420679,246,No,0
4000,0,0.18999171891636105,32,No,0
4600,0,0.01360463740683781,220,No,0
4003,0,0.047320477936827164,35,No,0
4000,0,0.18999171891636105,32,No,0
4000,0,0.18999171891636105,32,No,0
4230,0,0.028865491541464568,122,No,0
4003,0,0.047320477936827164,35,No,0
4400,0,0.05524665799124571,166,No,0
4220,0,0.0030758310658937655,114,No,0
4122,0,0.0004732047793682716,66,No,0
4700,0,0.021767419850940495,232,No,0
2240,0,0.0001183011948420679,26,No,0
6750,0,0.0008281083638944754,406,No,0
4600,0,0.01360463740683781,220,No,0
4400,0,0.05524665799124571,166,No,0
4000,0,0.18999171891636105,32,No,0
4020,0,0.004140541819472376,47,No,0
4030,0,0.0010647107535786111,54,No,0
4000,0,0.18999171891636105,32,No,0
4000,0,0.18999171891636105,32,Yes,1
4004,0,0.03667337040104105,36,No,0
4000,0,0.18999171891636105,32,No,0
4000,0,0.18999171891636105,32,No,0
4000,0,0.18999171891636105,32,No,0
4241,0,0.0005915059742103396,126,No,0
4003,0,0.047320477936827164,35,No,0
4000,0,0.18999171891636105,32,No,0
4002,0,0.03584526203714657,34,No,0
4300,0,0.015615757719152964,147,No,0
4101,0,0.002602626286525494,55,No,0
4000,0,0.18999171891636105,32,No,0
6000,0,0.13509996450964154,285,No,0
1528,0,0.0001183011948420679,15,No,0
4000,0,0.18999171891636105,32,No,0
4023,0,0.03099491304862179,49,No,0
4000,0,0.18999171891636105,32,No,0
4000,0,0.18999171891636105,32,No,0
4000,0,0.18999171891636105,32,No,0
4016,0,0.0018928191174730864,43,No,0
4000,0,0.18999171891636105,32,No,0
4000,0,0.18999171891636105,32,No,0
4830,0,0.0003549035845262037,247,Yes,1
4023,0,0.03099491304862179,49,No,0
4000,0,0.18999171891636105,32,No,0
4000,0,0.18999171891636105,32,No,0
8200,0,0.0003549035845262037,434,No,0
4400,0,0.05524665799124571,166,No,0
4400,0,0.05524665799124571,166,No,0
4000,0,0.18999171891636105,32,No,0
4219,0,0.0001183011948420679,113,No,0
4700,0,0.021767419850940495,232,No,0
4300,0,0.015615757719152964,147,No,0
4112,0,0.0008281083638944754,61,No,0
4600,0,0.01360463740683781,220,No,0
4023,0,0.03099491304862179,49,No,0
4000,0,0.18999171891636105,32,No,0
4000,0,0.18999171891636105,32,No,0
4000,0,0.18999171891636105,32,No,0
4023,0,0.03099491304862179,49,No,0
4000,0,0.18999171891636105,32,No,0
4000,0,0.18999171891636105,32,No,0
4000,0,0.18999171891636105,32,No,0
4000,0,0.18999171891636105,32,No,0
4003,0,0.047320477936827164,35,No,0
6600,0,0.027445877203359753,396,No,0
4450,0,0.0002366023896841358,187,No,0
4004,0,0.03667337040104105,36,No,0
4944,0,0.0002366023896841358,263,Yes,1
6258,0,0.0001183011948420679,350,No,0
6400,0,0.028037383177570093,374,No,0
6465,0,0.0001183011948420679,384,No,0
4001,0,0.004732047793682716,33,No,0
4490,0,0.00224772270199929,201,No,0
4003,0,0.047320477936827164,35,No,0
6830,0,0.0001183011948420679,411,No,0
4400,0,0.05524665799124571,166,No,0
4484,0,0.0002366023896841358,200,No,0
4000,0,0.18999171891636105,32,No,0
4550,0,0.005441854962735124,211,No,0
4003,0,0.047320477936827164,35,No,0
4340,0,0.0005915059742103396,153,No,0
4300,0,0.015615757719152964,147,No,0
4000,0,0.18999171891636105,32,No,0
4000,0,0.18999171891636105,32,No,0
4023,0,0.03099491304862179,49,No,0
4004,0,0.03667337040104105,36,Yes,1
4000,0,0.18999171891636105,32,Yes,1
4364,0,0.0003549035845262037,163,No,0
4004,0,0.03667337040104105,36,No,0
4000,0,0.18999171891636105,32,No,0
4000,0,0.18999171891636105,32,No,0
4000,0,0.18999171891636105,32,No,0
4000,0,0.18999171891636105,32,No,0
4004,0,0.03667337040104105,36,No,0
4000,0,0.18999171891636105,32,No,0
4003,0,0.047320477936827164,35,No,0
4004,0,0.03667337040104105,36,No,0
4199,0,0.00224772270199929,100,No,0
4300,0,0.015615757719152964,147,Yes,1
4004,0,0.03667337040104105,36,No,0
4300,0,0.015615757719152964,147,No,0
4000,0,0.18999171891636105,32,No,0
4800,0,0.002602626286525494,242,No,0
4700,0,0.021767419850940495,232,No,0
4702,0,0.0003549035845262037,234,No,0
4230,0,0.028865491541464568,122,No,0
4831,0,0.0004732047793682716,248,Yes,1
4003,0,0.047320477936827164,35,No,0
4230,0,0.028865491541464568,122,No,0
4000,0,0.18999171891636105,32,No,0
4300,0,0.015615757719152964,147,No,0
4000,0,0.18999171891636105,32,No,0
4000,0,0.18999171891636105,32,No,0
4004,0,0.03667337040104105,36,No,0
4110,0,0.0020111203123151546,59,No,0
4000,0,0.18999171891636105,32,Yes,1
4600,0,0.01360463740683781,220,No,0
4000,0,0.18999171891636105,32,No,0
4004,0,0.03667337040104105,36,No,0
4187,0,0.0001183011948420679,93,No,0
4700,0,0.021767419850940495,232,No,0
4000,0,0.18999171891636105,32,No,0
4000,0,0.18999171891636105,32,No,0
4400,0,0.05524665799124571,166,No,0
4480,0,0.0002366023896841358,198,No,0
4000,0,0.18999171891636105,32,No,0
4000,0,0.18999171891636105,32,No,0
4400,0,0.05524665799124571,166,No,0
4600,0,0.01360463740683781,220,No,0
4101,0,0.002602626286525494,55,No,0
4230,0,0.028865491541464568,122,No,0
4230,0,0.028865491541464568,122,No,0
4002,0,0.03584526203714657,34,No,0
4002,0,0.03584526203714657,34,No,0
4004,0,0.03667337040104105,36,No,0
4023,0,0.03099491304862179,49,No,0
6280,0,0.002484325091683426,359,No,0
6290,0,0.0002366023896841358,361,No,0
6000,0,0.13509996450964154,285,No,0
6280,0,0.002484325091683426,359,No,0
6000,0,0.13509996450964154,285,No,0
6000,0,0.13509996450964154,285,No,0
6000,0,0.13509996450964154,285,No,0
6000,0,0.13509996450964154,285,No,0
6000,0,0.13509996450964154,285,No,0
6000,0,0.13509996450964154,285,No,0
6000,0,0.13509996450964154,285,No,0
4288,0,0.0003549035845262037,143,No,0
6053,0,0.0002366023896841358,298,Yes,1
4000,0,0.18999171891636105,32,No,0
4000,0,0.18999171891636105,32,No,0
4000,0,0.18999171891636105,32,No,0
4700,0,0.021767419850940495,232,No,0
4003,0,0.047320477936827164,35,No,0
4000,0,0.18999171891636105,32,No,0
4410,0,0.0001183011948420679,173,No,0
4400,0,0.05524665799124571,166,No,0
4400,0,0.05524665799124571,166,No,0
4002,0,0.03584526203714657,34,No,0
4002,0,0.03584526203714657,34,Yes,1
4006,0,0.006743168105997871,37,No,0
4023,0,0.03099491304862179,49,No,0
4150,0,0.008399384833786822,81,No,0
4000,0,0.18999171891636105,32,No,0
4000,0,0.18999171891636105,32,No,0
4000,0,0.18999171891636105,32,No,0
4000,0,0.18999171891636105,32,No,0
4023,0,0.03099491304862179,49,No,0
4172,0,0.0009464095587365432,86,No,0
4960,0,0.001183011948420679,267,No,0
6158,0,0.0004732047793682716,329,Yes,1
4000,0,0.18999171891636105,32,No,0
4000,0,0.18999171891636105,32,No,0
4824,0,0.0007098071690524074,245,No,0
4000,0,0.18999171891636105,32,No,0
4640,0,0.002484325091683426,227,No,0
4000,0,0.18999171891636105,32,No,0
4000,0,0.18999171891636105,32,No,0
4000,0,0.18999171891636105,32,No,0
4348,0,0.0001183011948420679,156,No,0
4300,0,0.015615757719152964,147,No,0
4023,0,0.03099491304862179,49,No,0
4400,0,0.05524665799124571,166,No,0
4400,0,0.05524665799124571,166,No,0
4000,0,0.18999171891636105,32,No,0
4500,0,0.011120312315154384,205,No,0
4400,0,0.05524665799124571,166,No,0
4006,0,0.006743168105997871,37,No,0
4003,0,0.047320477936827164,35,No,0
4000,0,0.18999171891636105,32,No,0
4400,0,0.05524665799124571,166,No,0
4004,0,0.03667337040104105,36,No,0
1000,0,0.0008281083638944754,0,No,0
1505,0,0.0007098071690524074,14,No,0
6000,0,0.13509996450964154,285,No,0
4004,0,0.03667337040104105,36,No,0
1421,0,0.0003549035845262037,12,No,0
6000,0,0.13509996450964154,285,No,0
6000,0,0.13509996450964154,285,No,0
6000,0,0.13509996450964154,285,No,0
6000,0,0.13509996450964154,285,Yes,1
6280,0,0.002484325091683426,359,No,0
6100,0,0.030403407074411453,312,No,0
6200,0,0.003785638234946173,343,No,0
6000,0,0.13509996450964154,285,No,0
6000,0,0.13509996450964154,285,No,0
6260,0,0.00508695137820892,351,No,0
6000,0,0.13509996450964154,285,No,0
6163,0,0.0004732047793682716,333,No,0
6264,0,0.0001183011948420679,352,Yes,1
6000,0,0.13509996450964154,285,No,0
6064,0,0.0001183011948420679,307,No,0
6000,0,0.13509996450964154,285,No,0
6000,0,0.13509996450964154,285,No,0
6300,0,0.03998580385661895,363,No,0
6300,0,0.03998580385661895,363,No,0
6400,0,0.028037383177570093,374,No,0
6450,0,0.010055601561575771,382,No,0
6100,0,0.030403407074411453,312,No,0
6000,0,0.13509996450964154,285,No,0
6000,0,0.13509996450964154,285,No,0
1407,0,0.0001183011948420679,11,No,0
6000,0,0.13509996450964154,285,Yes,1
6000,0,0.13509996450964154,285,Yes,1
6000,0,0.13509996450964154,285,No,0
6000,0,0.13509996450964154,285,No,0
6304,0,0.0015379155329468827,365,No,0
4400,0,0.05524665799124571,166,No,0
4480,0,0.0002366023896841358,198,No,0
4270,0,0.008635987223470957,137,No,0
4002,0,0.03584526203714657,34,No,0
4700,0,0.021767419850940495,232,No,0
4900,0,0.0007098071690524074,259,No,0
4000,0,0.18999171891636105,32,No,0
4600,0,0.01360463740683781,220,Yes,1
4230,0,0.028865491541464568,122,No,0
4023,0,0.03099491304862179,49,No,0
4021,0,0.001183011948420679,48,No,0
4000,0,0.18999171891636105,32,No,0
4135,0,0.0008281083638944754,73,No,0
4000,0,0.18999171891636105,32,No,0
4023,0,0.03099491304862179,49,No,0
4003,0,0.047320477936827164,35,Yes,1
4230,0,0.028865491541464568,122,No,0
4006,0,0.006743168105997871,37,No,0
4006,0,0.006743168105997871,37,No,0
4000,0,0.18999171891636105,32,No,0
4000,0,0.18999171891636105,32,No,0
4000,0,0.18999171891636105,32,No,0
4023,0,0.03099491304862179,49,No,0
4300,0,0.015615757719152964,147,No,0
4003,0,0.047320477936827164,35,No,0
4002,0,0.03584526203714657,34,Yes,1
4700,0,0.021767419850940495,232,No,0
6000,0,0.13509996450964154,285,No,0
6000,0,0.13509996450964154,285,No,0
6000,0,0.13509996450964154,285,No,0
9101,0,0.0001183011948420679,452,No,0
4000,0,0.18999171891636105,32,No,0
4700,0,0.021767419850940495,232,No,0
1421,0,0.0003549035845262037,12,No,0
4400,0,0.05524665799124571,166,No,0
4000,0,0.18999171891636105,32,No,0
6000,0,0.13509996450964154,285,No,0
4121,0,0.0004732047793682716,65,No,0
4023,0,0.03099491304862179,49,No,0
4000,0,0.18999171891636105,32,No,0
4000,0,0.18999171891636105,32,Yes,1
4831,0,0.0004732047793682716,248,No,0
4004,0,0.03667337040104105,36,No,0
4000,0,0.18999171891636105,32,No,0
6000,0,0.13509996450964154,285,No,0
6000,0,0.13509996450964154,285,Yes,1
4000,0,0.18999171891636105,32,No,0
4500,0,0.011120312315154384,205,No,0
4600,0,0.01360463740683781,220,No,0
4004,0,0.03667337040104105,36,No,0
4000,0,0.18999171891636105,32,No,0
4000,0,0.18999171891636105,32,No,0
4000,0,0.18999171891636105,32,No,0
4003,0,0.047320477936827164,35,No,0
4000,0,0.18999171891636105,32,No,0
4023,0,0.03099491304862179,49,No,0
4000,0,0.18999171891636105,32,No,0
4023,0,0.03099491304862179,49,No,0
4017,0,0.0020111203123151546,44,No,0
4000,0,0.18999171891636105,32,No,0
4004,0,0.03667337040104105,36,No,0
4000,0,0.18999171891636105,32,No,0
4000,0,0.18999171891636105,32,No,0
4000,0,0.18999171891636105,32,No,0
4960,0,0.001183011948420679,267,No,0
4400,0,0.05524665799124571,166,No,0
4230,0,0.028865491541464568,122,No,0
4000,0,0.18999171891636105,32,No,0
4000,0,0.18999171891636105,32,No,0
4230,0,0.028865491541464568,122,No,0
4210,0,0.005560156157577192,109,No,0
4000,0,0.18999171891636105,32,No,0
4137,0,0.0008281083638944754,75,No,0
4270,0,0.008635987223470957,137,No,0
4580,0,0.0015379155329468827,213,No,0
4003,0,0.047320477936827164,35,No,0
4000,0,0.18999171891636105,32,No,0
4230,0,0.028865491541464568,122,No,0
6600,0,0.027445877203359753,396,No,0
6850,0,0.0004732047793682716,413,No,0
6000,0,0.13509996450964154,285,No,0
6750,0,0.0008281083638944754,406,Yes,1
6800,0,0.003903939429788241,409,No,0
6600,0,0.027445877203359753,396,No,0
6800,0,0.003903939429788241,409,No,0
6600,0,0.027445877203359753,396,No,0
1404,0,0.0003549035845262037,10,No,0
4940,0,0.0007098071690524074,261,No,0
6000,0,0.13509996450964154,285,No,0
6000,0,0.13509996450964154,285,No,0
6000,0,0.13509996450964154,285,No,0
6260,0,0.00508695137820892,351,Yes,1
6000,0,0.13509996450964154,285,No,0
6000,0,0.13509996450964154,285,No,0
6100,0,0.030403407074411453,312,No,0
6000,0,0.13509996450964154,285,No,0
6000,0,0.13509996450964154,285,No,0
6000,0,0.13509996450964154,285,Yes,1
6000,0,0.13509996450964154,285,No,0
6000,0,0.13509996450964154,285,No,0
6000,0,0.13509996450964154,285,No,0
6400,0,0.028037383177570093,374,No,0
6300,0,0.03998580385661895,363,No,0
6304,0,0.0015379155329468827,365,No,0
6300,0,0.03998580385661895,363,No,0
6400,0,0.028037383177570093,374,No,0
6300,0,0.03998580385661895,363,No,0
6343,0,0.0004732047793682716,367,Yes,1
6000,0,0.13509996450964154,285,No,0
6000,0,0.13509996450964154,285,No,0
6600,0,0.027445877203359753,396,No,0
6000,0,0.13509996450964154,285,No,0
6500,0,0.011356914704838518,388,No,0
6260,0,0.00508695137820892,351,No,0
6000,0,0.13509996450964154,285,No,0
6000,0,0.13509996450964154,285,No,0
6885,0,0.0001183011948420679,423,No,0
6000,0,0.13509996450964154,285,No,0
6300,0,0.03998580385661895,363,No,0
4400,0,0.05524665799124571,166,No,0
4455,0,0.0004732047793682716,190,No,0
4409,0,0.001183011948420679,172,No,0
4455,0,0.0004732047793682716,190,No,0
4400,0,0.05524665799124571,166,No,0
4530,0,0.0009464095587365432,208,No,0
4150,0,0.008399384833786822,81,No,0
4290,0,0.0002366023896841358,144,No,0
4178,0,0.0002366023896841358,90,No,0
4006,0,0.006743168105997871,37,No,0
4006,0,0.006743168105997871,37,No,0
4016,0,0.0018928191174730864,43,No,0
4000,0,0.18999171891636105,32,No,0
4000,0,0.18999171891636105,32,No,0
4004,0,0.03667337040104105,36,No,0
6142,0,0.0003549035845262037,320,No,0
6460,0,0.0001183011948420679,383,No,0
6400,0,0.028037383177570093,374,No,0
6500,0,0.011356914704838518,388,No,0
4400,0,0.05524665799124571,166,Yes,1
4602,0,0.0003549035845262037,222,Yes,1
4550,0,0.005441854962735124,211,No,0
4400,0,0.05524665799124571,166,Yes,1
4400,0,0.05524665799124571,166,Yes,1
4210,0,0.005560156157577192,109,Yes,1
4002,0,0.03584526203714657,34,No,0
4002,0,0.03584526203714657,34,No,0
4230,0,0.028865491541464568,122,No,0
4000,0,0.18999171891636105,32,No,0
4000,0,0.18999171891636105,32,No,0
4300,0,0.015615757719152964,147,No,0
4000,0,0.18999171891636105,32,No,0
4285,0,0.0005915059742103396,142,No,0
4000,0,0.18999171891636105,32,No,0
4023,0,0.03099491304862179,49,No,0
4000,0,0.18999171891636105,32,No,0
4300,0,0.015615757719152964,147,No,0
4004,0,0.03667337040104105,36,No,0
4270,0,0.008635987223470957,137,No,0
4000,0,0.18999171891636105,32,No,0
4150,0,0.008399384833786822,81,No,0
4820,0,0.0005915059742103396,244,No,0
4000,0,0.18999171891636105,32,Yes,1
4400,0,0.05524665799124571,166,No,0
4700,0,0.021767419850940495,232,No,0
6400,0,0.028037383177570093,374,No,0
4400,0,0.05524665799124571,166,No,0
4004,0,0.03667337040104105,36,No,0
4000,0,0.18999171891636105,32,No,0
4023,0,0.03099491304862179,49,No,0
4000,0,0.18999171891636105,32,Yes,1
4000,0,0.18999171891636105,32,No,0
4000,0,0.18999171891636105,32,No,0
4003,0,0.047320477936827164,35,No,0
4130,0,0.0009464095587365432,69,No,0
4300,0,0.015615757719152964,147,No,0
4000,0,0.18999171891636105,32,No,0
4000,0,0.18999171891636105,32,Yes,1
5000,0,0.0001183011948420679,280,No,0
4820,0,0.0005915059742103396,244,No,0
4000,0,0.18999171891636105,32,No,0
4018,0,0.0003549035845262037,45,Yes,1
4210,0,0.005560156157577192,109,No,0
4000,0,0.18999171891636105,32,No,0
4004,0,0.03667337040104105,36,No,0
4000,0,0.18999171891636105,32,No,0
4000,0,0.18999171891636105,32,No,0
4000,0,0.18999171891636105,32,No,0
4850,0,0.004732047793682716,252,No,0
4000,0,0.18999171891636105,32,No,0
4202,0,0.0003549035845262037,103,No,0
4000,0,0.18999171891636105,32,No,0
4000,0,0.18999171891636105,32,No,0
4000,0,0.18999171891636105,32,No,0
4400,0,0.05524665799124571,166,No,0
4002,0,0.03584526203714657,34,No,0
4700,0,0.021767419850940495,232,No,0
6400,0,0.028037383177570093,374,No,0
4470,0,0.0021294215071572223,195,No,0
8005,0,0.0001183011948420679,433,No,0
4400,0,0.05524665799124571,166,No,0
4400,0,0.05524665799124571,166,No,0
4400,0,0.05524665799124571,166,No,0
4400,0,0.05524665799124571,166,No,0
4500,0,0.011120312315154384,205,No,0
4400,0,0.05524665799124571,166,No,0
4400,0,0.05524665799124571,166,No,0
4000,0,0.18999171891636105,32,No,0
4000,0,0.18999171891636105,32,No,0
4020,0,0.004140541819472376,47,No,0
4000,0,0.18999171891636105,32,No,0
4003,0,0.047320477936827164,35,No,0
4300,0,0.015615757719152964,147,Yes,1
4330,0,0.002720927481367562,150,No,0
4300,0,0.015615757719152964,147,No,0
4000,0,0.18999171891636105,32,No,0
4000,0,0.18999171891636105,32,No,0
4000,0,0.18999171891636105,32,No,0
4000,0,0.18999171891636105,32,No,0
4700,0,0.021767419850940495,232,No,0
4850,0,0.004732047793682716,252,No,0
5780,0,0.0001183011948420679,283,No,0
4700,0,0.021767419850940495,232,No,0
6300,0,0.03998580385661895,363,No,0
4000,0,0.18999171891636105,32,No,0
4230,0,0.028865491541464568,122,No,0
4000,0,0.18999171891636105,32,No,0
8800,0,0.0001183011948420679,442,Yes,1
4400,0,0.05524665799124571,166,No,0
4330,0,0.002720927481367562,150,No,0
4700,0,0.021767419850940495,232,No,0
4023,0,0.03099491304862179,49,No,0
4004,0,0.03667337040104105,36,No,0
4000,0,0.18999171891636105,32,No,0
4000,0,0.18999171891636105,32,No,0
4230,0,0.028865491541464568,122,No,0
4023,0,0.03099491304862179,49,No,0
4016,0,0.0018928191174730864,43,No,0
4000,0,0.18999171891636105,32,No,0
4000,0,0.18999171891636105,32,No,0
4400,0,0.05524665799124571,166,No,0
4013,0,0.001183011948420679,41,No,0
4000,0,0.18999171891636105,32,No,0
4400,0,0.05524665799124571,166,No,0
4000,0,0.18999171891636105,32,No,0
4003,0,0.047320477936827164,35,No,0
4470,0,0.0021294215071572223,195,No,0
4500,0,0.011120312315154384,205,No,0
4003,0,0.047320477936827164,35,No,0
4000,0,0.18999171891636105,32,Yes,1
4230,0,0.028865491541464568,122,No,0
4108,0,0.0017745179226310187,57,No,0
4000,0,0.18999171891636105,32,No,0
4990,0,0.0009464095587365432,275,No,0
4023,0,0.03099491304862179,49,No,0
4220,0,0.0030758310658937655,114,No,0
4000,0,0.18999171891636105,32,No,0
4000,0,0.18999171891636105,32,No,0
4230,0,0.028865491541464568,122,No,0
4400,0,0.05524665799124571,166,No,0
4000,0,0.18999171891636105,32,No,0
4700,0,0.021767419850940495,232,No,0
4220,0,0.0030758310658937655,114,No,0
4020,0,0.004140541819472376,47,No,0
4400,0,0.05524665799124571,166,No,0
4000,0,0.18999171891636105,32,No,0
4230,0,0.028865491541464568,122,No,0
4220,0,0.0030758310658937655,114,No,0
4230,0,0.028865491541464568,122,No,0
4400,0,0.05524665799124571,166,No,0
4001,0,0.004732047793682716,33,Yes,1
4141,0,0.0001183011948420679,77,No,0
4002,0,0.03584526203714657,34,No,0
4400,0,0.05524665799124571,166,No,0
4700,0,0.021767419850940495,232,No,0
4400,0,0.05524665799124571,166,No,0
4000,0,0.18999171891636105,32,No,0
4001,0,0.004732047793682716,33,No,0
4600,0,0.01360463740683781,220,No,0
4000,0,0.18999171891636105,32,No,0
4700,0,0.021767419850940495,232,No,0
4980,0,0.002484325091683426,271,No,0
4000,0,0.18999171891636105,32,No,0
4002,0,0.03584526203714657,34,No,0
4700,0,0.021767419850940495,232,No,0
4522,0,0.0003549035845262037,206,No,0
4400,0,0.05524665799124571,166,No,0
4003,0,0.047320477936827164,35,No,0
4349,0,0.0004732047793682716,157,No,0
4230,0,0.028865491541464568,122,No,0
4700,0,0.021767419850940495,232,No,0
4002,0,0.03584526203714657,34,Yes,1
4400,0,0.05524665799124571,166,No,0
4230,0,0.028865491541464568,122,No,0
4000,0,0.18999171891636105,32,No,0
4101,0,0.002602626286525494,55,No,0
4000,0,0.18999171891636105,32,No,0
4330,0,0.002720927481367562,150,No,0
4150,0,0.008399384833786822,81,No,0
4400,0,0.05524665799124571,166,No,0
4000,0,0.18999171891636105,32,No,0
4000,0,0.18999171891636105,32,No,0
4000,0,0.18999171891636105,32,No,0
4150,0,0.008399384833786822,81,No,0
4330,0,0.002720927481367562,150,Yes,1
4400,0,0.05524665799124571,166,No,0
4400,0,0.05524665799124571,166,No,0
4224,0,0.001301313143262747,118,Yes,1
4249,0,0.0001183011948420679,128,No,0
4225,0,0.0017745179226310187,119,No,0
4400,0,0.05524665799124571,166,No,0
4230,0,0.028865491541464568,122,No,0
4000,0,0.18999171891636105,32,No,0
4980,0,0.002484325091683426,271,No,0
4000,0,0.18999171891636105,32,No,0
4004,0,0.03667337040104105,36,No,0
4004,0,0.03667337040104105,36,No,0
4016,0,0.0018928191174730864,43,No,0
4230,0,0.028865491541464568,122,No,0
4208,0,0.0001183011948420679,108,No,0
4400,0,0.05524665799124571,166,No,0
4150,0,0.008399384833786822,81,No,0
4000,0,0.18999171891636105,32,No,0
4000,0,0.18999171891636105,32,No,0
4017,0,0.0020111203123151546,44,No,0
4004,0,0.03667337040104105,36,No,0
4701,0,0.0014196143381048148,233,No,0
4000,0,0.18999171891636105,32,No,0
4579,0,0.001301313143262747,212,No,0
4960,0,0.001183011948420679,267,No,0
4000,0,0.18999171891636105,32,No,0
4490,0,0.00224772270199929,201,No,0
4000,0,0.18999171891636105,32,No,0
4700,0,0.021767419850940495,232,No,0
4000,0,0.18999171891636105,32,No,0
4004,0,0.03667337040104105,36,No,0
4230,0,0.028865491541464568,122,No,0
4300,0,0.015615757719152964,147,No,0
4000,0,0.18999171891636105,32,No,0
4006,0,0.006743168105997871,37,No,0
4500,0,0.011120312315154384,205,No,0
4400,0,0.05524665799124571,166,No,0
4270,0,0.008635987223470957,137,No,0
4142,0,0.0008281083638944754,78,No,0
4550,0,0.005441854962735124,211,No,0
4400,0,0.05524665799124571,166,No,0
4000,0,0.18999171891636105,32,No,0
4023,0,0.03099491304862179,49,No,0
4230,0,0.028865491541464568,122,No,0
4700,0,0.021767419850940495,232,No,0
4023,0,0.03099491304862179,49,No,0
4002,0,0.03584526203714657,34,No,0
4770,0,0.0007098071690524074,240,No,0
4700,0,0.021767419850940495,232,Yes,1
4020,0,0.004140541819472376,47,No,0
4850,0,0.004732047793682716,252,No,0
4400,0,0.05524665799124571,166,No,0
4000,0,0.18999171891636105,32,No,0
4700,0,0.021767419850940495,232,No,0
4002,0,0.03584526203714657,34,No,0
4210,0,0.005560156157577192,109,No,0
4441,0,0.0001183011948420679,184,No,0
4400,0,0.05524665799124571,166,No,0
4002,0,0.03584526203714657,34,No,0
4241,0,0.0005915059742103396,126,No,0
4150,0,0.008399384833786822,81,No,0
4300,0,0.015615757719152964,147,No,0
4110,0,0.0020111203123151546,59,No,0
4004,0,0.03667337040104105,36,No,0
4404,0,0.0001183011948420679,167,No,0
4002,0,0.03584526203714657,34,No,0
4180,0,0.0035490358452620373,92,No,0
4743,0,0.0001183011948420679,237,No,0
4000,0,0.18999171891636105,32,No,0
4000,0,0.18999171891636105,32,Yes,1
4190,0,0.002484325091683426,94,No,0
4700,0,0.021767419850940495,232,No,0
4600,0,0.01360463740683781,220,No,0
4262,0,0.0002366023896841358,134,No,0
4000,0,0.18999171891636105,32,No,0
4000,0,0.18999171891636105,32,No,0
4980,0,0.002484325091683426,271,No,0
4000,0,0.18999171891636105,32,No,0
4000,0,0.18999171891636105,32,No,0
4000,0,0.18999171891636105,32,No,0
4000,0,0.18999171891636105,32,No,0
4023,0,0.03099491304862179,49,No,0
4004,0,0.03667337040104105,36,No,0
4700,0,0.021767419850940495,232,No,0
4150,0,0.008399384833786822,81,No,0
4400,0,0.05524665799124571,166,No,0
4224,0,0.001301313143262747,118,No,0
4640,0,0.002484325091683426,227,No,0
4002,0,0.03584526203714657,34,No,0
4000,0,0.18999171891636105,32,No,0
4001,0,0.004732047793682716,33,No,0
4000,0,0.18999171891636105,32,No,0
4700,0,0.021767419850940495,232,No,0
4270,0,0.008635987223470957,137,No,0
4550,0,0.005441854962735124,211,No,0
4004,0,0.03667337040104105,36,No,0
4000,0,0.18999171891636105,32,No,0
4400,0,0.05524665799124571,166,No,0
4000,0,0.18999171891636105,32,No,0
4241,0,0.0005915059742103396,126,No,0
4000,0,0.18999171891636105,32,No,0
4004,0,0.03667337040104105,36,No,0
4000,0,0.18999171891636105,32,No,0
4000,0,0.18999171891636105,32,No,0
4004,0,0.03667337040104105,36,No,0
4000,0,0.18999171891636105,32,No,0
4000,0,0.18999171891636105,32,No,0
4000,0,0.18999171891636105,32,No,0
4000,0,0.18999171891636105,32,No,0
4000,0,0.18999171891636105,32,No,0
4700,0,0.021767419850940495,232,No,0
4000,0,0.18999171891636105,32,No,0
4004,0,0.03667337040104105,36,No,0
4980,0,0.002484325091683426,271,No,0
4000,0,0.18999171891636105,32,No,0
4000,0,0.18999171891636105,32,No,0
4000,0,0.18999171891636105,32,No,0
4003,0,0.047320477936827164,35,No,0
4003,0,0.047320477936827164,35,No,0
4850,0,0.004732047793682716,252,No,0
4270,0,0.008635987223470957,137,No,0
4023,0,0.03099491304862179,49,No,0
4000,0,0.18999171891636105,32,No,0
4000,0,0.18999171891636105,32,No,0
4400,0,0.05524665799124571,166,No,0
4700,0,0.021767419850940495,232,No,0
4124,0,0.001183011948420679,67,No,0
4003,0,0.047320477936827164,35,No,0
4230,0,0.028865491541464568,122,No,0
4000,0,0.18999171891636105,32,No,0
4210,0,0.005560156157577192,109,No,0
4003,0,0.047320477936827164,35,No,0
4003,0,0.047320477936827164,35,No,0
4980,0,0.002484325091683426,271,No,0
4000,0,0.18999171891636105,32,No,0
4003,0,0.047320477936827164,35,Yes,1
4220,0,0.0030758310658937655,114,No,0
4264,0,0.0001183011948420679,135,No,0
4000,0,0.18999171891636105,32,No,0
4230,0,0.028865491541464568,122,No,0
4000,0,0.18999171891636105,32,No,0
4023,0,0.03099491304862179,49,No,0
4000,0,0.18999171891636105,32,No,0
4000,0,0.18999171891636105,32,No,0
4702,0,0.0003549035845262037,234,No,0
4003,0,0.047320477936827164,35,No,0
4006,0,0.006743168105997871,37,No,0
4004,0,0.03667337040104105,36,No,0
4600,0,0.01360463740683781,220,No,0
4023,0,0.03099491304862179,49,No,0
4000,0,0.18999171891636105,32,No,0
4210,0,0.005560156157577192,109,Yes,1
4000,0,0.18999171891636105,32,No,0
4003,0,0.047320477936827164,35,No,0
4000,0,0.18999171891636105,32,No,0
4002,0,0.03584526203714657,34,No,0
4003,0,0.047320477936827164,35,No,0
4400,0,0.05524665799124571,166,No,0
4000,0,0.18999171891636105,32,No,0
4190,0,0.002484325091683426,94,No,0
4700,0,0.021767419850940495,232,No,0
4300,0,0.015615757719152964,147,No,0
4003,0,0.047320477936827164,35,No,0
4023,0,0.03099491304862179,49,No,0
4000,0,0.18999171891636105,32,No,0
4017,0,0.0020111203123151546,44,No,0
4000,0,0.18999171891636105,32,No,0
4300,0,0.015615757719152964,147,No,0
4302,0,0.0001183011948420679,149,No,0
4000,0,0.18999171891636105,32,No,0
4002,0,0.03584526203714657,34,No,0
4600,0,0.01360463740683781,220,No,0
4000,0,0.18999171891636105,32,No,0
4000,0,0.18999171891636105,32,No,0
4400,0,0.05524665799124571,166,No,0
4023,0,0.03099491304862179,49,No,0
4300,0,0.015615757719152964,147,No,0
4002,0,0.03584526203714657,34,No,0
4000,0,0.18999171891636105,32,No,0
4000,0,0.18999171891636105,32,No,0
4230,0,0.028865491541464568,122,No,0
4343,0,0.0001183011948420679,155,No,0
4030,0,0.0010647107535786111,54,No,0
4700,0,0.021767419850940495,232,No,0
4000,0,0.18999171891636105,32,No,0
4980,0,0.002484325091683426,271,No,0
4300,0,0.015615757719152964,147,No,0
4190,0,0.002484325091683426,94,No,0
4023,0,0.03099491304862179,49,No,0
4004,0,0.03667337040104105,36,No,0
4023,0,0.03099491304862179,49,No,0
4470,0,0.0021294215071572223,195,No,0
4000,0,0.18999171891636105,32,No,0
4500,0,0.011120312315154384,205,No,0
4027,0,0.0009464095587365432,52,No,0
4330,0,0.002720927481367562,150,No,0
4270,0,0.008635987223470957,137,No,0
4000,0,0.18999171891636105,32,No,0
4000,0,0.18999171891636105,32,No,0
4002,0,0.03584526203714657,34,No,0
4101,0,0.002602626286525494,55,No,0
4000,0,0.18999171891636105,32,No,0
4701,0,0.0014196143381048148,233,Yes,1
4000,0,0.18999171891636105,32,No,0
4006,0,0.006743168105997871,37,No,0
4700,0,0.021767419850940495,232,No,0
4638,0,0.0001183011948420679,226,Yes,1
4150,0,0.008399384833786822,81,No,0
4023,0,0.03099491304862179,49,No,0
4002,0,0.03584526203714657,34,No,0
4004,0,0.03667337040104105,36,No,0
4492,0,0.0005915059742103396,203,No,0
4023,0,0.03099491304862179,49,No,0
4337,0,0.0002366023896841358,151,No,0
4000,0,0.18999171891636105,32,No,0
4330,0,0.002720927481367562,150,No,0
4000,0,0.18999171891636105,32,No,0
4002,0,0.03584526203714657,34,No,0
4600,0,0.01360463740683781,220,No,0
4251,0,0.0002366023896841358,130,No,0
4400,0,0.05524665799124571,166,No,0
4020,0,0.004140541819472376,47,No,0
4469,0,0.0003549035845262037,194,No,0
4190,0,0.002484325091683426,94,No,0
4004,0,0.03667337040104105,36,No,0
4003,0,0.047320477936827164,35,No,0
4101,0,0.002602626286525494,55,No,0
4000,0,0.18999171891636105,32,No,0
4000,0,0.18999171891636105,32,No,0
4002,0,0.03584526203714657,34,No,0
4147,0,0.0017745179226310187,80,No,0
4700,0,0.021767419850940495,232,No,0
4600,0,0.01360463740683781,220,No,0
4000,0,0.18999171891636105,32,No,0
4003,0,0.047320477936827164,35,No,0
4023,0,0.03099491304862179,49,No,0
4630,0,0.0001183011948420679,224,Yes,1
4500,0,0.011120312315154384,205,Yes,1
4000,0,0.18999171891636105,32,No,0
4003,0,0.047320477936827164,35,No,0
4700,0,0.021767419850940495,232,No,0
4225,0,0.0017745179226310187,119,No,0
4538,0,0.0002366023896841358,210,No,0
4411,0,0.0001183011948420679,174,No,0
4000,0,0.18999171891636105,32,No,0
4700,0,0.021767419850940495,232,Yes,1
4990,0,0.0009464095587365432,275,No,0
4000,0,0.18999171891636105,32,No,0
4230,0,0.028865491541464568,122,No,0
4000,0,0.18999171891636105,32,No,0
4003,0,0.047320477936827164,35,No,0
4000,0,0.18999171891636105,32,No,0
4000,0,0.18999171891636105,32,No,0
4101,0,0.002602626286525494,55,Yes,1
4000,0,0.18999171891636105,32,No,0
4230,0,0.028865491541464568,122,No,0
4003,0,0.047320477936827164,35,No,0
4000,0,0.18999171891636105,32,No,0
4000,0,0.18999171891636105,32,No,0
4230,0,0.028865491541464568,122,Yes,1
4700,0,0.021767419850940495,232,No,0
4700,0,0.021767419850940495,232,No,0
4023,0,0.03099491304862179,49,No,0
4000,0,0.18999171891636105,32,No,0
4230,0,0.028865491541464568,122,No,0
4700,0,0.021767419850940495,232,Yes,1
4230,0,0.028865491541464568,122,No,0
4000,0,0.18999171891636105,32,No,0
4003,0,0.047320477936827164,35,No,0
4020,0,0.004140541819472376,47,No,0
4001,0,0.004732047793682716,33,No,0
4000,0,0.18999171891636105,32,No,0
4980,0,0.002484325091683426,271,No,0
4330,0,0.002720927481367562,150,No,0
4230,0,0.028865491541464568,122,No,0
4000,0,0.18999171891636105,32,No,0
4223,0,0.0004732047793682716,117,No,0
4000,0,0.18999171891636105,32,No,0
4700,0,0.021767419850940495,232,No,0
4000,0,0.18999171891636105,32,No,0
4281,0,0.0001183011948420679,139,No,0
4000,0,0.18999171891636105,32,No,0
4700,0,0.021767419850940495,232,No,0
4400,0,0.05524665799124571,166,No,0
4270,0,0.008635987223470957,137,No,0
4400,0,0.05524665799124571,166,No,0
4230,0,0.028865491541464568,122,No,0
4000,0,0.18999171891636105,32,No,0
4002,0,0.03584526203714657,34,No,0
4000,0,0.18999171891636105,32,No,0
4450,0,0.0002366023896841358,187,No,0
4400,0,0.05524665799124571,166,No,0
4000,0,0.18999171891636105,32,No,0
4002,0,0.03584526203714657,34,No,0
4000,0,0.18999171891636105,32,No,0
4000,0,0.18999171891636105,32,No,0
4230,0,0.028865491541464568,122,No,0
4400,0,0.05524665799124571,166,No,0
4198,0,0.0002366023896841358,99,No,0
4474,0,0.0002366023896841358,196,No,0
4220,0,0.0030758310658937655,114,No,0
4985,0,0.0003549035845262037,273,No,0
4190,0,0.002484325091683426,94,No,0
4700,0,0.021767419850940495,232,No,0
4003,0,0.047320477936827164,35,No,0
4407,0,0.0009464095587365432,170,No,0
4400,0,0.05524665799124571,166,No,0
4600,0,0.01360463740683781,220,No,0
4000,0,0.18999171891636105,32,No,0
4000,0,0.18999171891636105,32,No,0
4003,0,0.047320477936827164,35,No,0
4003,0,0.047320477936827164,35,No,0
4000,0,0.18999171891636105,32,No,0
4000,0,0.18999171891636105,32,No,0
4000,0,0.18999171891636105,32,No,0
4000,0,0.18999171891636105,32,No,0
4500,0,0.011120312315154384,205,No,0
4230,0,0.028865491541464568,122,No,0
4004,0,0.03667337040104105,36,No,0
4228,0,0.0003549035845262037,121,No,0
4700,0,0.021767419850940495,232,No,0
4270,0,0.008635987223470957,137,Yes,1
4003,0,0.047320477936827164,35,No,0
4016,0,0.0018928191174730864,43,No,0
4191,0,0.0001183011948420679,95,No,0
4000,0,0.18999171891636105,32,No,0
4700,0,0.021767419850940495,232,Yes,1
4000,0,0.18999171891636105,32,No,0
4400,0,0.05524665799124571,166,No,0
4003,0,0.047320477936827164,35,No,0
4000,0,0.18999171891636105,32,No,0
4004,0,0.03667337040104105,36,No,0
4700,0,0.021767419850940495,232,No,0
4000,0,0.18999171891636105,32,No,0
4500,0,0.011120312315154384,205,No,0
4131,0,0.0002366023896841358,70,No,0
4004,0,0.03667337040104105,36,No,0
4500,0,0.011120312315154384,205,No,0
4000,0,0.18999171891636105,32,No,0
4400,0,0.05524665799124571,166,No,0
4824,0,0.0007098071690524074,245,No,0
4000,0,0.18999171891636105,32,No,0
4004,0,0.03667337040104105,36,No,0
4700,0,0.021767419850940495,232,No,0
4400,0,0.05524665799124571,166,No,0
4000,0,0.18999171891636105,32,No,0
4002,0,0.03584526203714657,34,No,0
4004,0,0.03667337040104105,36,No,0
4002,0,0.03584526203714657,34,No,0
4003,0,0.047320477936827164,35,No,0
4000,0,0.18999171891636105,32,No,0
4000,0,0.18999171891636105,32,No,0
4428,0,0.0001183011948420679,183,No,0
4000,0,0.18999171891636105,32,No,0
4130,0,0.0009464095587365432,69,No,0
4003,0,0.047320477936827164,35,No,0
4270,0,0.008635987223470957,137,No,0
4942,0,0.0001183011948420679,262,No,0
4270,0,0.008635987223470957,137,No,0
4270,0,0.008635987223470957,137,No,0
4000,0,0.18999171891636105,32,No,0
4023,0,0.03099491304862179,49,No,0
4000,0,0.18999171891636105,32,No,0
4003,0,0.047320477936827164,35,No,0
4000,0,0.18999171891636105,32,No,0
4000,0,0.18999171891636105,32,No,0
4400,0,0.05524665799124571,166,No,0
4002,0,0.03584526203714657,34,No,0
4003,0,0.047320477936827164,35,No,0
4003,0,0.047320477936827164,35,No,0
4600,0,0.01360463740683781,220,No,0
4703,0,0.0004732047793682716,235,No,0
4000,0,0.18999171891636105,32,No,0
4220,0,0.0030758310658937655,114,No,0
4107,0,0.0008281083638944754,56,No,0
4130,0,0.0009464095587365432,69,No,0
4700,0,0.021767419850940495,232,No,0
4230,0,0.028865491541464568,122,Yes,1
4000,0,0.18999171891636105,32,Yes,1
4230,0,0.028865491541464568,122,No,0
4002,0,0.03584526203714657,34,Yes,1
4000,0,0.18999171891636105,32,No,0
4004,0,0.03667337040104105,36,No,0
4000,0,0.18999171891636105,32,No,0
4300,0,0.015615757719152964,147,No,0
4231,0,0.0003549035845262037,123,No,0
4000,0,0.18999171891636105,32,No,0
4003,0,0.047320477936827164,35,Yes,1
4004,0,0.03667337040104105,36,No,0
4230,0,0.028865491541464568,122,No,0
4270,0,0.008635987223470957,137,No,0
4400,0,0.05524665799124571,166,No,0
4000,0,0.18999171891636105,32,No,0
4400,0,0.05524665799124571,166,No,0
4300,0,0.015615757719152964,147,No,0
4004,0,0.03667337040104105,36,No,0
4579,0,0.001301313143262747,212,No,0
4701,0,0.0014196143381048148,233,Yes,1
4023,0,0.03099491304862179,49,No,0
4108,0,0.0017745179226310187,57,No,0
4360,0,0.0009464095587365432,161,No,0
4002,0,0.03584526203714657,34,No,0
4003,0,0.047320477936827164,35,No,0
4002,0,0.03584526203714657,34,No,0
4407,0,0.0009464095587365432,170,No,0
4004,0,0.03667337040104105,36,Yes,1
4000,0,0.18999171891636105,32,No,0
4023,0,0.03099491304862179,49,No,0
4700,0,0.021767419850940495,232,No,0
4003,0,0.047320477936827164,35,No,0
4002,0,0.03584526203714657,34,No,0
4004,0,0.03667337040104105,36,No,0
4300,0,0.015615757719152964,147,No,0
4000,0,0.18999171891636105,32,Yes,1
4000,0,0.18999171891636105,32,No,0
4108,0,0.0017745179226310187,57,No,0
4004,0,0.03667337040104105,36,No,0
4400,0,0.05524665799124571,166,No,0
4000,0,0.18999171891636105,32,No,0
4000,0,0.18999171891636105,32,No,0
4700,0,0.021767419850940495,232,No,0
4000,0,0.18999171891636105,32,No,0
4400,0,0.05524665799124571,166,No,0
4230,0,0.028865491541464568,122,No,0
4000,0,0.18999171891636105,32,No,0
4300,0,0.015615757719152964,147,No,0
4210,0,0.005560156157577192,109,No,0
4003,0,0.047320477936827164,35,Yes,1
4492,0,0.0005915059742103396,203,No,0
4023,0,0.03099491304862179,49,No,0
4409,0,0.001183011948420679,172,No,0
4000,0,0.18999171891636105,32,No,0
4980,0,0.002484325091683426,271,No,0
4000,0,0.18999171891636105,32,No,0
4004,0,0.03667337040104105,36,No,0
4270,0,0.008635987223470957,137,No,0
4000,0,0.18999171891636105,32,No,0
4360,0,0.0009464095587365432,161,No,0
4212,0,0.0003549035845262037,110,Yes,1
4000,0,0.18999171891636105,32,No,0
4000,0,0.18999171891636105,32,No,0
4000,0,0.18999171891636105,32,No,0
4002,0,0.03584526203714657,34,No,0
4130,0,0.0009464095587365432,69,No,0
4003,0,0.047320477936827164,35,No,0
4523,0,0.0002366023896841358,207,No,0
4003,0,0.047320477936827164,35,No,0
4023,0,0.03099491304862179,49,No,0
4110,0,0.0020111203123151546,59,No,0
4850,0,0.004732047793682716,252,No,0
4252,0,0.0002366023896841358,131,No,0
4801,0,0.0001183011948420679,243,No,0
4000,0,0.18999171891636105,32,No,0
4000,0,0.18999171891636105,32,No,0
4004,0,0.03667337040104105,36,No,0
4700,0,0.021767419850940495,232,No,0
4004,0,0.03667337040104105,36,No,0
4000,0,0.18999171891636105,32,No,0
4950,0,0.0002366023896841358,265,No,0
4230,0,0.028865491541464568,122,No,0
4210,0,0.005560156157577192,109,No,0
4000,0,0.18999171891636105,32,No,0
4230,0,0.028865491541464568,122,No,0
4023,0,0.03099491304862179,49,No,0
4700,0,0.021767419850940495,232,No,0
4530,0,0.0009464095587365432,208,No,0
4270,0,0.008635987223470957,137,No,0
4400,0,0.05524665799124571,166,No,0
4002,0,0.03584526203714657,34,No,0
4000,0,0.18999171891636105,32,No,0
4002,0,0.03584526203714657,34,No,0
4023,0,0.03099491304862179,49,No,0
4027,0,0.0009464095587365432,52,No,0
4230,0,0.028865491541464568,122,No,0
4003,0,0.047320477936827164,35,No,0
4583,0,0.0001183011948420679,216,No,0
4000,0,0.18999171891636105,32,No,0
4124,0,0.001183011948420679,67,No,0
4300,0,0.015615757719152964,147,No,0
4003,0,0.047320477936827164,35,No,0
4300,0,0.015615757719152964,147,No,0
4000,0,0.18999171891636105,32,No,0
4400,0,0.05524665799124571,166,No,0
4003,0,0.047320477936827164,35,No,0
4600,0,0.01360463740683781,220,No,0
4260,0,0.0005915059742103396,133,No,0
4230,0,0.028865491541464568,122,No,0
4600,0,0.01360463740683781,220,No,0
4000,0,0.18999171891636105,32,No,0
4003,0,0.047320477936827164,35,No,0
4223,0,0.0004732047793682716,117,No,0
4000,0,0.18999171891636105,32,No,0
4368,0,0.0001183011948420679,164,No,0
4500,0,0.011120312315154384,205,No,0
4400,0,0.05524665799124571,166,No,0
4002,0,0.03584526203714657,34,No,0
4230,0,0.028865491541464568,122,No,0
4180,0,0.0035490358452620373,92,No,0
4000,0,0.18999171891636105,32,No,0
4000,0,0.18999171891636105,32,No,0
4582,0,0.0002366023896841358,215,No,0
4710,0,0.0003549035845262037,236,No,0
4700,0,0.021767419850940495,232,No,0
4700,0,0.021767419850940495,232,No,0
4147,0,0.0017745179226310187,80,No,0
4000,0,0.18999171891636105,32,No,0
4000,0,0.18999171891636105,32,No,0
4004,0,0.03667337040104105,36,No,0
4003,0,0.047320477936827164,35,No,0
4400,0,0.05524665799124571,166,No,0
4004,0,0.03667337040104105,36,No,0
4700,0,0.021767419850940495,232,No,0
4230,0,0.028865491541464568,122,No,0
4960,0,0.001183011948420679,267,No,0
4590,0,0.0001183011948420679,219,No,0
4190,0,0.002484325091683426,94,No,0
4000,0,0.18999171891636105,32,No,0
4270,0,0.008635987223470957,137,No,0
4197,0,0.0008281083638944754,98,No,0
4980,0,0.002484325091683426,271,No,0
4004,0,0.03667337040104105,36,No,0
4360,0,0.0009464095587365432,161,No,0
4400,0,0.05524665799124571,166,No,0
4001,0,0.004732047793682716,33,No,0
4015,0,0.0021294215071572223,42,No,0
4000,0,0.18999171891636105,32,No,0
4700,0,0.021767419850940495,232,No,0
4006,0,0.006743168105997871,37,No,0
4230,0,0.028865491541464568,122,No,0
4400,0,0.05524665799124571,166,No,0
4000,0,0.18999171891636105,32,No,0
4000,0,0.18999171891636105,32,No,0
4023,0,0.03099491304862179,49,No,0
4002,0,0.03584526203714657,34,No,0
4000,0,0.18999171891636105,32,No,0
4220,0,0.0030758310658937655,114,No,0
4199,0,0.00224772270199929,100,No,0
4003,0,0.047320477936827164,35,No,0
4370,0,0.0005915059742103396,165,No,0
4000,0,0.18999171891636105,32,Yes,1
4000,0,0.18999171891636105,32,No,0
4000,0,0.18999171891636105,32,No,0
4230,0,0.028865491541464568,122,No,0
4000,0,0.18999171891636105,32,No,0
4004,0,0.03667337040104105,36,No,0
4003,0,0.047320477936827164,35,No,0
4218,0,0.001183011948420679,112,No,0
4000,0,0.18999171891636105,32,No,0
4300,0,0.015615757719152964,147,No,0
4002,0,0.03584526203714657,34,No,0
4330,0,0.002720927481367562,150,No,0
4000,0,0.18999171891636105,32,No,0
4000,0,0.18999171891636105,32,No,0
4000,0,0.18999171891636105,32,No,0
4023,0,0.03099491304862179,49,No,0
4003,0,0.047320477936827164,35,No,0
4000,0,0.18999171891636105,32,No,0
4004,0,0.03667337040104105,36,No,0
4150,0,0.008399384833786822,81,No,0
4700,0,0.021767419850940495,232,No,0
4400,0,0.05524665799124571,166,No,0
4000,0,0.18999171891636105,32,No,0
4000,0,0.18999171891636105,32,Yes,1
4000,0,0.18999171891636105,32,No,0
4015,0,0.0021294215071572223,42,No,0
4002,0,0.03584526203714657,34,No,0
4190,0,0.002484325091683426,94,No,0
4000,0,0.18999171891636105,32,No,0
4231,0,0.0003549035845262037,123,No,0
4000,0,0.18999171891636105,32,No,0
4003,0,0.047320477936827164,35,No,0
4000,0,0.18999171891636105,32,No,0
4700,0,0.021767419850940495,232,No,0
4000,0,0.18999171891636105,32,No,0
4000,0,0.18999171891636105,32,No,0
4300,0,0.015615757719152964,147,No,0
4000,0,0.18999171891636105,32,No,0
4000,0,0.18999171891636105,32,No,0
4000,0,0.18999171891636105,32,No,0
4000,0,0.18999171891636105,32,Yes,1
4000,0,0.18999171891636105,32,No,0
4000,0,0.18999171891636105,32,No,0
4000,0,0.18999171891636105,32,Yes,1
4700,0,0.021767419850940495,232,Yes,1
4000,0,0.18999171891636105,32,No,0
4003,0,0.047320477936827164,35,No,0
4000,0,0.18999171891636105,32,No,0
4027,0,0.0009464095587365432,52,No,0
4000,0,0.18999171891636105,32,No,0
4994,0,0.0001183011948420679,276,No,0
4700,0,0.021767419850940495,232,No,0
4101,0,0.002602626286525494,55,No,0
4170,0,0.0002366023896841358,85,No,0
4000,0,0.18999171891636105,32,No,0
4224,0,0.001301313143262747,118,No,0
4987,0,0.0005915059742103396,274,No,0
4004,0,0.03667337040104105,36,No,0
4700,0,0.021767419850940495,232,No,0
4270,0,0.008635987223470957,137,No,0
4000,0,0.18999171891636105,32,No,0
4003,0,0.047320477936827164,35,No,0
4003,0,0.047320477936827164,35,No,0
4700,0,0.021767419850940495,232,No,0
4000,0,0.18999171891636105,32,No,0
4004,0,0.03667337040104105,36,No,0
4230,0,0.028865491541464568,122,No,0
4004,0,0.03667337040104105,36,No,0
4000,0,0.18999171891636105,32,No,0
4006,0,0.006743168105997871,37,No,0
4003,0,0.047320477936827164,35,No,0
4023,0,0.03099491304862179,49,Yes,1
4002,0,0.03584526203714657,34,No,0
