TotalRevenue,TotalRevenue_missing,TotalRevenue_imputed_median,TotalRevenue_log1p,TotalRevenue_zscore,TotalRevenue_iqr_outlier,CHURN,churn_binary
40.17,0,40.17,3.7177098357818132,-1.0524818331580943,0,No,0
40.17,0,40.17,3.7177098357818132,-1.0524818331580943,0,No,0
40.17,0,40.17,3.7177098357818132,-1.0524818331580943,0,No,0
40.17,0,40.17,3.7177098357818132,-1.0524818331580943,0,No,0
40.17,0,40.17,3.7177098357818132,-1.0524818331580943,0,No,0
40.17,0,40.17,3.7177098357818132,-1.0524818331580943,0,No,0
40.33,0,40.33,3.721588628523641,-1.0509321163735836,0,Yes,1
40.33,0,40.33,3.721588628523641,-1.0509321163735836,0,No,0
40.33,0,40.33,3.721588628523641,-1.0509321163735836,0,No,0
40.33,0,40.33,3.721588628523641,-1.0509321163735836,0,No,0
40.5,0,40.5,3.7256934272366524,-1.0492855422900411,0,No,0
40.5,0,40.5,3.7256934272366524,-1.0492855422900411,0,No,0
40.5,0,40.5,3.7256934272366524,-1.0492855422900411,0,No,0
40.67,0,40.67,3.7297814454343623,-1.0476389682064986,0,No,0
40.83,0,40.83,3.733613785454107,-1.046089251421988,0,No,0
40.83,0,40.83,3.733613785454107,-1.046089251421988,0,No,0
40.83,0,40.83,3.733613785454107,-1.046089251421988,0,No,0
40.83,0,40.83,3.733613785454107,-1.046089251421988,0,No,0
40.83,0,40.83,3.733613785454107,-1.046089251421988,0,No,0
40.83,0,40.83,3.733613785454107,-1.046089251421988,0,No,0
41.0,0,41.0,3.7376696182833684,-1.0444426773384454,0,Yes,1
41.0,0,41.0,3.7376696182833684,-1.0444426773384454,0,No,0
41.0,0,41.0,3.7376696182833684,-1.0444426773384454,0,No,0
41.0,0,41.0,3.7376696182833684,-1.0444426773384454,0,No,0
41.0,0,41.0,3.7376696182833684,-1.0444426773384454,0,No,0
41.0,0,41.0,3.7376696182833684,-1.0444426773384454,0,No,0
41.0,0,41.0,3.7376696182833684,-1.0444426773384454,0,No,0
41.17,0,41.17,3.7417090677584683,-1.042796103254903,0,No,0
41.17,0,41.17,3.7417090677584683,-1.042796103254903,0,No,0
41.17,0,41.17,3.7417090677584683,-1.042796103254903,0,No,0
41.17,0,41.17,3.7417090677584683,-1.042796103254903,0,No,0
41.17,0,41.17,3.7417090677584683,-1.042796103254903,0,No,0
41.17,0,41.17,3.7417090677584683,-1.042796103254903,0,No,0
41.17,0,41.17,3.7417090677584683,-1.042796103254903,0,No,0
41.17,0,41.17,3.7417090677584683,-1.042796103254903,0,No,0
41.17,0,41.17,3.7417090677584683,-1.042796103254903,0,No,0
41.33,0,41.33,3.745496054532832,-1.0412463864703922,0,No,0
41.33,0,41.33,3.745496054532832,-1.0412463864703922,0,No,0
41.33,0,41.33,3.745496054532832,-1.0412463864703922,0,No,0
41.33,0,41.33,3.745496054532832,-1.0412463864703922,0,No,0
41.5,0,41.5,3.7495040759303713,-1.0395998123868497,0,No,0
41.5,0,41.5,3.7495040759303713,-1.0395998123868497,0,No,0
41.67,0,41.67,3.7534960971999087,-1.0379532383033072,0,No,0
41.67,0,41.67,3.7534960971999087,-1.0379532383033072,0,No,0
41.67,0,41.67,3.7534960971999087,-1.0379532383033072,0,No,0
41.83,0,41.83,3.7572387916272794,-1.0364035215187966,0,No,0
41.83,0,41.83,3.7572387916272794,-1.0364035215187966,0,No,0
41.83,0,41.83,3.7572387916272794,-1.0364035215187966,0,No,0
41.83,0,41.83,3.7572387916272794,-1.0364035215187966,0,No,0
42.0,0,42.0,3.7612001156935624,-1.034756947435254,0,No,0
42.0,0,42.0,3.7612001156935624,-1.034756947435254,0,No,0
42.0,0,42.0,3.7612001156935624,-1.034756947435254,0,Yes,1
42.0,0,42.0,3.7612001156935624,-1.034756947435254,0,No,0
42.0,0,42.0,3.7612001156935624,-1.034756947435254,0,No,0
42.0,0,42.0,3.7612001156935624,-1.034756947435254,0,No,0
42.0,0,42.0,3.7612001156935624,-1.034756947435254,0,No,0
42.17,0,42.17,3.765145809567386,-1.0331103733517115,0,No,0
42.17,0,42.17,3.765145809567386,-1.0331103733517115,0,Yes,1
42.17,0,42.17,3.765145809567386,-1.0331103733517115,0,No,0
42.33,0,42.33,3.768845235751818,-1.0315606565672009,0,No,0
42.33,0,42.33,3.768845235751818,-1.0315606565672009,0,No,0
42.33,0,42.33,3.768845235751818,-1.0315606565672009,0,No,0
42.33,0,42.33,3.768845235751818,-1.0315606565672009,0,No,0
42.33,0,42.33,3.768845235751818,-1.0315606565672009,0,No,0
42.33,0,42.33,3.768845235751818,-1.0315606565672009,0,No,0
42.33,0,42.33,3.768845235751818,-1.0315606565672009,0,No,0
42.33,0,42.33,3.768845235751818,-1.0315606565672009,0,No,0
42.5,0,42.5,3.7727609380946383,-1.0299140824836583,0,No,0
42.5,0,42.5,3.7727609380946383,-1.0299140824836583,0,No,0
42.5,0,42.5,3.7727609380946383,-1.0299140824836583,0,No,0
42.5,0,42.5,3.7727609380946383,-1.0299140824836583,0,No,0
42.5,0,42.5,3.7727609380946383,-1.0299140824836583,0,No,0
42.5,0,42.5,3.7727609380946383,-1.0299140824836583,0,No,0
42.5,0,42.5,3.7727609380946383,-1.0299140824836583,0,No,0
42.5,0,42.5,3.7727609380946383,-1.0299140824836583,0,No,0
42.67,0,42.67,3.7766613674974696,-1.0282675084001158,0,No,0
42.67,0,42.67,3.7766613674974696,-1.0282675084001158,0,No,0
42.67,0,42.67,3.7766613674974696,-1.0282675084001158,0,Yes,1
42.83,0,42.83,3.780318514430718,-1.0267177916156052,0,Yes,1
42.83,0,42.83,3.780318514430718,-1.0267177916156052,0,No,0
42.83,0,42.83,3.780318514430718,-1.0267177916156052,0,No,0
42.83,0,42.83,3.780318514430718,-1.0267177916156052,0,No,0
43.0,0,43.0,3.784189633918261,-1.0250712175320627,0,No,0
43.0,0,43.0,3.784189633918261,-1.0250712175320627,0,No,0
43.0,0,43.0,3.784189633918261,-1.0250712175320627,0,No,0
43.0,0,43.0,3.784189633918261,-1.0250712175320627,0,No,0
43.0,0,43.0,3.784189633918261,-1.0250712175320627,0,No,0
43.0,0,43.0,3.784189633918261,-1.0250712175320627,0,No,0
43.17,0,43.17,3.7880458256084353,-1.0234246434485201,0,No,0
43.17,0,43.17,3.7880458256084353,-1.0234246434485201,0,No,0
43.17,0,43.17,3.7880458256084353,-1.0234246434485201,0,No,0
43.17,0,43.17,3.7880458256084353,-1.0234246434485201,0,No,0
43.33,0,43.33,3.7916616487569623,-1.0218749266640095,0,No,0
43.33,0,43.33,3.7916616487569623,-1.0218749266640095,0,No,0
43.33,0,43.33,3.7916616487569623,-1.0218749266640095,0,No,0
43.33,0,43.33,3.7916616487569623,-1.0218749266640095,0,No,0
43.33,0,43.33,3.7916616487569623,-1.0218749266640095,0,No,0
43.5,0,43.5,3.7954891891721947,-1.020228352580467,0,No,0
43.5,0,43.5,3.7954891891721947,-1.020228352580467,0,Yes,1
43.5,0,43.5,3.7954891891721947,-1.020228352580467,0,No,0
43.5,0,43.5,3.7954891891721947,-1.020228352580467,0,Yes,1
43.67,0,43.67,3.7993021353640275,-1.0185817784969242,0,No,0
43.67,0,43.67,3.7993021353640275,-1.0185817784969242,0,No,0
43.67,0,43.67,3.7993021353640275,-1.0185817784969242,0,No,0
43.67,0,43.67,3.7993021353640275,-1.0185817784969242,0,No,0
43.67,0,43.67,3.7993021353640275,-1.0185817784969242,0,No,0
43.67,0,43.67,3.7993021353640275,-1.0185817784969242,0,No,0
43.83,0,43.83,3.802877558167348,-1.0170320617124138,0,No,0
43.83,0,43.83,3.802877558167348,-1.0170320617124138,0,No,0
43.83,0,43.83,3.802877558167348,-1.0170320617124138,0,No,0
44.0,0,44.0,3.8066624897703196,-1.0153854876288713,0,No,0
44.0,0,44.0,3.8066624897703196,-1.0153854876288713,0,No,0
44.17,0,44.17,3.8104331496665127,-1.0137389135453285,0,No,0
44.17,0,44.17,3.8104331496665127,-1.0137389135453285,0,No,0
44.17,0,44.17,3.8104331496665127,-1.0137389135453285,0,No,0
44.17,0,44.17,3.8104331496665127,-1.0137389135453285,0,No,0
44.17,0,44.17,3.8104331496665127,-1.0137389135453285,0,No,0
44.33,0,44.33,3.813969064952758,-1.012189196760818,0,No,0
44.33,0,44.33,3.813969064952758,-1.012189196760818,0,No,0
44.33,0,44.33,3.813969064952758,-1.012189196760818,0,No,0
44.33,0,44.33,3.813969064952758,-1.012189196760818,0,No,0
44.33,0,44.33,3.813969064952758,-1.012189196760818,0,No,0
44.33,0,44.33,3.813969064952758,-1.012189196760818,0,No,0
44.5,0,44.5,3.817712325956905,-1.0105426226772753,0,No,0
44.5,0,44.5,3.817712325956905,-1.0105426226772753,0,No,0
44.5,0,44.5,3.817712325956905,-1.0105426226772753,0,No,0
44.5,0,44.5,3.817712325956905,-1.0105426226772753,0,No,0
44.67,0,44.67,3.821441627196908,-1.0088960485937328,0,No,0
44.67,0,44.67,3.821441627196908,-1.0088960485937328,0,No,0
44.83,0,44.83,3.8249388985210326,-1.0073463318092224,0,No,0
44.83,0,44.83,3.8249388985210326,-1.0073463318092224,0,No,0
44.83,0,44.83,3.8249388985210326,-1.0073463318092224,0,No,0
44.83,0,44.83,3.8249388985210326,-1.0073463318092224,0,No,0
45.0,0,45.0,3.828641396489095,-1.0056997577256797,0,No,0
45.0,0,45.0,3.828641396489095,-1.0056997577256797,0,No,0
45.17,0,45.17,3.8323302365188976,-1.0040531836421371,0,No,0
45.17,0,45.17,3.8323302365188976,-1.0040531836421371,0,No,0
45.17,0,45.17,3.8323302365188976,-1.0040531836421371,0,No,0
45.17,0,45.17,3.8323302365188976,-1.0040531836421371,0,No,0
45.33,0,45.33,3.835789699428557,-1.0025034668576265,0,No,0
45.33,0,45.33,3.835789699428557,-1.0025034668576265,0,No,0
45.33,0,45.33,3.835789699428557,-1.0025034668576265,0,No,0
45.33,0,45.33,3.835789699428557,-1.0025034668576265,0,No,0
45.5,0,45.5,3.8394523125933104,-1.000856892774084,0,No,0
45.67,0,45.67,3.8431015599617244,-0.9992103186905414,0,No,0
45.67,0,45.67,3.8431015599617244,-0.9992103186905414,0,No,0
45.67,0,45.67,3.8431015599617244,-0.9992103186905414,0,No,0
45.67,0,45.67,3.8431015599617244,-0.9992103186905414,0,No,0
45.67,0,45.67,3.8431015599617244,-0.9992103186905414,0,No,0
45.83,0,45.83,3.8465240231954505,-0.9976606019060309,0,No,0
46.0,0,46.0,3.8501476017100584,-0.9960140278224883,0,No,0
46.0,0,46.0,3.8501476017100584,-0.9960140278224883,0,No,0
46.0,0,46.0,3.8501476017100584,-0.9960140278224883,0,No,0
46.0,0,46.0,3.8501476017100584,-0.9960140278224883,0,No,0
46.0,0,46.0,3.8501476017100584,-0.9960140278224883,0,No,0
46.0,0,46.0,3.8501476017100584,-0.9960140278224883,0,No,0
46.0,0,46.0,3.8501476017100584,-0.9960140278224883,0,No,0
46.0,0,46.0,3.8501476017100584,-0.9960140278224883,0,No,0
46.17,0,46.17,3.8537580972961702,-0.9943674537389458,0,No,0
46.17,0,46.17,3.8537580972961702,-0.9943674537389458,0,No,0
46.17,0,46.17,3.8537580972961702,-0.9943674537389458,0,No,0
46.17,0,46.17,3.8537580972961702,-0.9943674537389458,0,No,0
46.17,0,46.17,3.8537580972961702,-0.9943674537389458,0,No,0
46.33,0,46.33,3.8571443439181565,-0.9928177369544352,0,No,0
46.33,0,46.33,3.8571443439181565,-0.9928177369544352,0,No,0
46.33,0,46.33,3.8571443439181565,-0.9928177369544352,0,No,0
46.33,0,46.33,3.8571443439181565,-0.9928177369544352,0,No,0
46.5,0,46.5,3.8607297110405954,-0.9911711628708926,0,No,0
46.5,0,46.5,3.8607297110405954,-0.9911711628708926,0,No,0
46.5,0,46.5,3.8607297110405954,-0.9911711628708926,0,No,0
46.5,0,46.5,3.8607297110405954,-0.9911711628708926,0,No,0
46.5,0,46.5,3.8607297110405954,-0.9911711628708926,0,No,0
46.67,0,46.67,3.864302269216734,-0.9895245887873501,0,No,0
46.67,0,46.67,3.864302269216734,-0.9895245887873501,0,No,0
46.67,0,46.67,3.864302269216734,-0.9895245887873501,0,No,0
46.67,0,46.67,3.864302269216734,-0.9895245887873501,0,No,0
46.83,0,46.83,3.8676530576922055,-0.9879748720028394,0,No,0
46.83,0,46.83,3.8676530576922055,-0.9879748720028394,0,No,0
47.0,0,47.0,3.871201010907891,-0.9863282979192969,0,No,0
47.0,0,47.0,3.871201010907891,-0.9863282979192969,0,No,0
47.0,0,47.0,3.871201010907891,-0.9863282979192969,0,No,0
47.0,0,47.0,3.871201010907891,-0.9863282979192969,0,No,0
47.0,0,47.0,3.871201010907891,-0.9863282979192969,0,No,0
47.0,0,47.0,3.871201010907891,-0.9863282979192969,0,No,0
47.17,0,47.17,3.8747364206421295,-0.9846817238357544,0,No,0
47.17,0,47.17,3.8747364206421295,-0.9846817238357544,0,No,0
47.17,0,47.17,3.8747364206421295,-0.9846817238357544,0,No,0
47.17,0,47.17,3.8747364206421295,-0.9846817238357544,0,No,0
47.17,0,47.17,3.8747364206421295,-0.9846817238357544,0,No,0
47.2,0,47.2,3.8753590210565547,-0.9843911519386586,0,No,0
47.33,0,47.33,3.8780524858569927,-0.9831320070512437,0,No,0
47.33,0,47.33,3.8780524858569927,-0.9831320070512437,0,No,0
47.33,0,47.33,3.8780524858569927,-0.9831320070512437,0,No,0
47.33,0,47.33,3.8780524858569927,-0.9831320070512437,0,No,0
47.33,0,47.33,3.8780524858569927,-0.9831320070512437,0,No,0
47.5,0,47.5,3.8815637979434374,-0.9814854329677012,0,No,0
47.5,0,47.5,3.8815637979434374,-0.9814854329677012,0,No,0
47.5,0,47.5,3.8815637979434374,-0.9814854329677012,0,No,0
47.5,0,47.5,3.8815637979434374,-0.9814854329677012,0,No,0
47.5,0,47.5,3.8815637979434374,-0.9814854329677012,0,No,0
47.5,0,47.5,3.8815637979434374,-0.9814854329677012,0,No,0
47.6,0,47.6,3.883623530906448,-0.980516859977382,0,No,0
47.67,0,47.67,3.885062823845363,-0.9798388588841586,0,No,0
47.67,0,47.67,3.885062823845363,-0.9798388588841586,0,No,0
47.67,0,47.67,3.885062823845363,-0.9798388588841586,0,No,0
47.67,0,47.67,3.885062823845363,-0.9798388588841586,0,No,0
47.83,0,47.83,3.888344878073569,-0.978289142099648,0,No,0
47.83,0,47.83,3.888344878073569,-0.978289142099648,0,No,0
47.83,0,47.83,3.888344878073569,-0.978289142099648,0,No,0
47.83,0,47.83,3.888344878073569,-0.978289142099648,0,No,0
47.83,0,47.83,3.888344878073569,-0.978289142099648,0,No,0
48.0,0,48.0,3.8918202981106265,-0.9766425680161055,0,No,0
48.0,0,48.0,3.8918202981106265,-0.9766425680161055,0,No,0
48.17,0,48.17,3.895283681423848,-0.9749959939325629,0,No,0
48.17,0,48.17,3.895283681423848,-0.9749959939325629,0,No,0
48.17,0,48.17,3.895283681423848,-0.9749959939325629,0,No,0
48.17,0,48.17,3.895283681423848,-0.9749959939325629,0,No,0
48.17,0,48.17,3.895283681423848,-0.9749959939325629,0,No,0
48.33,0,48.33,3.8985324152456466,-0.9734462771480523,0,No,0
48.33,0,48.33,3.8985324152456466,-0.9734462771480523,0,No,0
48.33,0,48.33,3.8985324152456466,-0.9734462771480523,0,No,0
48.33,0,48.33,3.8985324152456466,-0.9734462771480523,0,No,0
48.5,0,48.5,3.901972669574645,-0.9717997030645097,0,No,0
48.5,0,48.5,3.901972669574645,-0.9717997030645097,0,No,0
48.5,0,48.5,3.901972669574645,-0.9717997030645097,0,No,0
48.5,0,48.5,3.901972669574645,-0.9717997030645097,0,No,0
48.5,0,48.5,3.901972669574645,-0.9717997030645097,0,No,0
48.67,0,48.67,3.905401129119259,-0.9701531289809672,0,No,0
48.67,0,48.67,3.905401129119259,-0.9701531289809672,0,No,0
48.67,0,48.67,3.905401129119259,-0.9701531289809672,0,No,0
48.67,0,48.67,3.905401129119259,-0.9701531289809672,0,No,0
48.67,0,48.67,3.905401129119259,-0.9701531289809672,0,No,0
48.83,0,48.83,3.908617212293313,-0.9686034121964565,0,No,0
48.83,0,48.83,3.908617212293313,-0.9686034121964565,0,No,0
48.83,0,48.83,3.908617212293313,-0.9686034121964565,0,No,0
48.83,0,48.83,3.908617212293313,-0.9686034121964565,0,No,0
48.83,0,48.83,3.908617212293313,-0.9686034121964565,0,No,0
49.0,0,49.0,3.912023005428146,-0.966956838112914,0,No,0
49.0,0,49.0,3.912023005428146,-0.966956838112914,0,No,0
49.0,0,49.0,3.912023005428146,-0.966956838112914,0,No,0
49.0,0,49.0,3.912023005428146,-0.966956838112914,0,No,0
49.0,0,49.0,3.912023005428146,-0.966956838112914,0,No,0
49.17,0,49.17,3.9154172384961616,-0.9653102640293715,0,No,0
49.17,0,49.17,3.9154172384961616,-0.9653102640293715,0,No,0
49.17,0,49.17,3.9154172384961616,-0.9653102640293715,0,No,0
49.17,0,49.17,3.9154172384961616,-0.9653102640293715,0,No,0
49.17,0,49.17,3.9154172384961616,-0.9653102640293715,0,No,0
49.33,0,49.33,3.9186013207882686,-0.9637605472448608,0,No,0
49.33,0,49.33,3.9186013207882686,-0.9637605472448608,0,No,0
49.33,0,49.33,3.9186013207882686,-0.9637605472448608,0,No,0
49.33,0,49.33,3.9186013207882686,-0.9637605472448608,0,No,0
49.33,0,49.33,3.9186013207882686,-0.9637605472448608,0,No,0
49.33,0,49.33,3.9186013207882686,-0.9637605472448608,0,No,0
49.33,0,49.33,3.9186013207882686,-0.9637605472448608,0,No,0
49.5,0,49.5,3.9219733362813143,-0.9621139731613183,0,Yes,1
49.5,0,49.5,3.9219733362813143,-0.9621139731613183,0,No,0
49.5,0,49.5,3.9219733362813143,-0.9621139731613183,0,No,0
49.5,0,49.5,3.9219733362813143,-0.9621139731613183,0,No,0
49.67,0,49.67,3.9253340194878183,-0.9604673990777758,0,No,0
49.67,0,49.67,3.9253340194878183,-0.9604673990777758,0,No,0
49.67,0,49.67,3.9253340194878183,-0.9604673990777758,0,No,0
49.67,0,49.67,3.9253340194878183,-0.9604673990777758,0,No,0
49.67,0,49.67,3.9253340194878183,-0.9604673990777758,0,No,0
49.67,0,49.67,3.9253340194878183,-0.9604673990777758,0,No,0
49.83,0,49.83,3.928486731458811,-0.9589176822932651,0,No,0
49.83,0,49.83,3.928486731458811,-0.9589176822932651,0,No,0
49.83,0,49.83,3.928486731458811,-0.9589176822932651,0,No,0
50.0,0,50.0,3.9318256327243257,-0.9572711082097226,0,No,0
50.0,0,50.0,3.9318256327243257,-0.9572711082097226,0,No,0
50.0,0,50.0,3.9318256327243257,-0.9572711082097226,0,No,0
50.17,0,50.17,3.9351534228170006,-0.95562453412618,0,No,0
50.17,0,50.17,3.9351534228170006,-0.95562453412618,0,No,0
50.17,0,50.17,3.9351534228170006,-0.95562453412618,0,Yes,1
50.17,0,50.17,3.9351534228170006,-0.95562453412618,0,No,0
50.17,0,50.17,3.9351534228170006,-0.95562453412618,0,No,0
50.33,0,50.33,3.9382753765722116,-0.9540748173416694,0,No,0
50.33,0,50.33,3.9382753765722116,-0.9540748173416694,0,No,0
50.33,0,50.33,3.9382753765722116,-0.9540748173416694,0,Yes,1
50.33,0,50.33,3.9382753765722116,-0.9540748173416694,0,No,0
50.33,0,50.33,3.9382753765722116,-0.9540748173416694,0,No,0
50.33,0,50.33,3.9382753765722116,-0.9540748173416694,0,No,0
50.5,0,50.5,3.9415818076696905,-0.9524282432581268,0,No,0
50.5,0,50.5,3.9415818076696905,-0.9524282432581268,0,No,0
50.5,0,50.5,3.9415818076696905,-0.9524282432581268,0,No,0
50.5,0,50.5,3.9415818076696905,-0.9524282432581268,0,No,0
50.5,0,50.5,3.9415818076696905,-0.9524282432581268,0,No,0
50.67,0,50.67,3.9448773422990935,-0.9507816691745843,0,No,0
50.67,0,50.67,3.9448773422990935,-0.9507816691745843,0,No,0
50.67,0,50.67,3.9448773422990935,-0.9507816691745843,0,No,0
50.67,0,50.67,3.9448773422990935,-0.9507816691745843,0,No,0
50.67,0,50.67,3.9448773422990935,-0.9507816691745843,0,No,0
50.67,0,50.67,3.9448773422990935,-0.9507816691745843,0,No,0
50.67,0,50.67,3.9448773422990935,-0.9507816691745843,0,No,0
50.83,0,50.83,3.947969132201615,-0.9492319523900737,0,No,0
50.83,0,50.83,3.947969132201615,-0.9492319523900737,0,No,0
50.83,0,50.83,3.947969132201615,-0.9492319523900737,0,No,0
51.0,0,51.0,3.9512437185814275,-0.9475853783065311,0,No,0
51.0,0,51.0,3.9512437185814275,-0.9475853783065311,0,No,0
51.0,0,51.0,3.9512437185814275,-0.9475853783065311,0,No,0
51.0,0,51.0,3.9512437185814275,-0.9475853783065311,0,No,0
51.0,0,51.0,3.9512437185814275,-0.9475853783065311,0,No,0
51.0,0,51.0,3.9512437185814275,-0.9475853783065311,0,No,0
51.0,0,51.0,3.9512437185814275,-0.9475853783065311,0,No,0
51.0,0,51.0,3.9512437185814275,-0.9475853783065311,0,No,0
51.16,0,51.16,3.9543159176183975,-0.9460356615220206,0,No,0
51.17,0,51.17,3.9545076170343014,-0.9459388042229886,0,No,0
51.17,0,51.17,3.9545076170343014,-0.9459388042229886,0,No,0
51.17,0,51.17,3.9545076170343014,-0.9459388042229886,0,No,0
51.33,0,51.33,3.9575698203841165,-0.9443890874384779,0,No,0
51.33,0,51.33,3.9575698203841165,-0.9443890874384779,0,No,0
51.33,0,51.33,3.9575698203841165,-0.9443890874384779,0,No,0
51.33,0,51.33,3.9575698203841165,-0.9443890874384779,0,No,0
51.33,0,51.33,3.9575698203841165,-0.9443890874384779,0,No,0
51.33,0,51.33,3.9575698203841165,-0.9443890874384779,0,No,0
51.5,0,51.5,3.960813169597578,-0.9427425133549354,0,No,0
51.5,0,51.5,3.960813169597578,-0.9427425133549354,0,No,0
51.5,0,51.5,3.960813169597578,-0.9427425133549354,0,Yes,1
51.67,0,51.67,3.964046033495298,-0.9410959392713929,0,No,0
51.67,0,51.67,3.964046033495298,-0.9410959392713929,0,No,0
51.67,0,51.67,3.964046033495298,-0.9410959392713929,0,No,0
51.67,0,51.67,3.964046033495298,-0.9410959392713929,0,No,0
51.67,0,51.67,3.964046033495298,-0.9410959392713929,0,No,0
51.67,0,51.67,3.964046033495298,-0.9410959392713929,0,No,0
51.67,0,51.67,3.964046033495298,-0.9410959392713929,0,No,0
51.67,0,51.67,3.964046033495298,-0.9410959392713929,0,No,0
51.83,0,51.83,3.9670792111762245,-0.9395462224868822,0,No,0
51.83,0,51.83,3.9670792111762245,-0.9395462224868822,0,No,0
51.83,0,51.83,3.9670792111762245,-0.9395462224868822,0,No,0
51.83,0,51.83,3.9670792111762245,-0.9395462224868822,0,No,0
51.83,0,51.83,3.9670792111762245,-0.9395462224868822,0,No,0
51.83,0,51.83,3.9670792111762245,-0.9395462224868822,0,No,0
51.83,0,51.83,3.9670792111762245,-0.9395462224868822,0,No,0
52.0,0,52.0,3.970291913552122,-0.9378996484033397,0,No,0
52.0,0,52.0,3.970291913552122,-0.9378996484033397,0,No,0
52.0,0,52.0,3.970291913552122,-0.9378996484033397,0,No,0
52.0,0,52.0,3.970291913552122,-0.9378996484033397,0,No,0
52.17,0,52.17,3.973494327516247,-0.9362530743197971,0,Yes,1
52.17,0,52.17,3.973494327516247,-0.9362530743197971,0,No,0
52.17,0,52.17,3.973494327516247,-0.9362530743197971,0,No,0
52.17,0,52.17,3.973494327516247,-0.9362530743197971,0,No,0
52.17,0,52.17,3.973494327516247,-0.9362530743197971,0,No,0
52.33,0,52.33,3.9764990246125107,-0.9347033575352865,0,No,0
52.33,0,52.33,3.9764990246125107,-0.9347033575352865,0,No,0
52.33,0,52.33,3.9764990246125107,-0.9347033575352865,0,No,0
52.5,0,52.5,3.979681653901961,-0.933056783451744,0,No,0
52.5,0,52.5,3.979681653901961,-0.933056783451744,0,No,0
52.67,0,52.67,3.9828541861887374,-0.9314102093682014,0,No,0
52.67,0,52.67,3.9828541861887374,-0.9314102093682014,0,Yes,1
52.67,0,52.67,3.9828541861887374,-0.9314102093682014,0,No,0
52.67,0,52.67,3.9828541861887374,-0.9314102093682014,0,No,0
52.83,0,52.83,3.985830932572866,-0.9298604925836909,0,No,0
52.83,0,52.83,3.985830932572866,-0.9298604925836909,0,No,0
52.83,0,52.83,3.985830932572866,-0.9298604925836909,0,No,0
52.83,0,52.83,3.985830932572866,-0.9298604925836909,0,No,0
52.83,0,52.83,3.985830932572866,-0.9298604925836909,0,No,0
53.0,0,53.0,3.9889840465642745,-0.9282139185001482,0,No,0
53.0,0,53.0,3.9889840465642745,-0.9282139185001482,0,No,0
53.0,0,53.0,3.9889840465642745,-0.9282139185001482,0,No,0
53.0,0,53.0,3.9889840465642745,-0.9282139185001482,0,No,0
53.0,0,53.0,3.9889840465642745,-0.9282139185001482,0,No,0
53.17,0,53.17,3.9921272496698075,-0.9265673444166057,0,No,0
53.33,0,53.33,3.9950765605634317,-0.9250176276320952,0,No,0
53.33,0,53.33,3.9950765605634317,-0.9250176276320952,0,No,0
53.33,0,53.33,3.9950765605634317,-0.9250176276320952,0,No,0
53.33,0,53.33,3.9950765605634317,-0.9250176276320952,0,No,0
53.33,0,53.33,3.9950765605634317,-0.9250176276320952,0,No,0
53.5,0,53.5,3.9982007016691985,-0.9233710535485525,0,No,0
53.5,0,53.5,3.9982007016691985,-0.9233710535485525,0,No,0
53.5,0,53.5,3.9982007016691985,-0.9233710535485525,0,No,0
53.5,0,53.5,3.9982007016691985,-0.9233710535485525,0,No,0
53.5,0,53.5,3.9982007016691985,-0.9233710535485525,0,Yes,1
53.5,0,53.5,3.9982007016691985,-0.9233710535485525,0,No,0
53.5,0,53.5,3.9982007016691985,-0.9233710535485525,0,No,0
53.67,0,53.67,4.001315112906908,-0.92172447946501,0,No,0
53.67,0,53.67,4.001315112906908,-0.92172447946501,0,No,0
53.67,0,53.67,4.001315112906908,-0.92172447946501,0,No,0
53.67,0,53.67,4.001315112906908,-0.92172447946501,0,No,0
53.67,0,53.67,4.001315112906908,-0.92172447946501,0,No,0
53.83,0,53.83,4.004237489415957,-0.9201747626804994,0,No,0
53.83,0,53.83,4.004237489415957,-0.9201747626804994,0,No,0
54.0,0,54.0,4.007333185232471,-0.9185281885969568,0,No,0
54.0,0,54.0,4.007333185232471,-0.9185281885969568,0,No,0
54.0,0,54.0,4.007333185232471,-0.9185281885969568,0,No,0
54.0,0,54.0,4.007333185232471,-0.9185281885969568,0,No,0
54.17,0,54.17,4.01041932728434,-0.9168816145134143,0,No,0
54.17,0,54.17,4.01041932728434,-0.9168816145134143,0,No,0
54.33,0,54.33,4.013315256910018,-0.9153318977289037,0,No,0
54.33,0,54.33,4.013315256910018,-0.9153318977289037,0,No,0
54.33,0,54.33,4.013315256910018,-0.9153318977289037,0,No,0
54.33,0,54.33,4.013315256910018,-0.9153318977289037,0,No,0
54.33,0,54.33,4.013315256910018,-0.9153318977289037,0,No,0
54.5,0,54.5,4.0163830207523885,-0.9136853236453611,0,No,0
54.5,0,54.5,4.0163830207523885,-0.9136853236453611,0,No,0
54.5,0,54.5,4.0163830207523885,-0.9136853236453611,0,No,0
54.67,0,54.67,4.019441402195416,-0.9120387495618185,0,No,0
54.67,0,54.67,4.019441402195416,-0.9120387495618185,0,No,0
54.67,0,54.67,4.019441402195416,-0.9120387495618185,0,No,0
54.67,0,54.67,4.019441402195416,-0.9120387495618185,0,No,0
54.67,0,54.67,4.019441402195416,-0.9120387495618185,0,No,0
54.83,0,54.83,4.022311359322269,-0.910489032777308,0,No,0
54.83,0,54.83,4.022311359322269,-0.910489032777308,0,No,0
54.83,0,54.83,4.022311359322269,-0.910489032777308,0,No,0
54.83,0,54.83,4.022311359322269,-0.910489032777308,0,No,0
54.83,0,54.83,4.022311359322269,-0.910489032777308,0,No,0
54.83,0,54.83,4.022311359322269,-0.910489032777308,0,No,0
54.83,0,54.83,4.022311359322269,-0.910489032777308,0,No,0
54.83,0,54.83,4.022311359322269,-0.910489032777308,0,No,0
55.0,0,55.0,4.02535169073515,-0.9088424586937655,0,No,0
55.0,0,55.0,4.02535169073515,-0.9088424586937655,0,No,0
55.0,0,55.0,4.02535169073515,-0.9088424586937655,0,No,0
55.0,0,55.0,4.02535169073515,-0.9088424586937655,0,No,0
55.17,0,55.17,4.028382806544341,-0.9071958846102228,0,No,0
55.17,0,55.17,4.028382806544341,-0.9071958846102228,0,No,0
55.17,0,55.17,4.028382806544341,-0.9071958846102228,0,No,0
55.17,0,55.17,4.028382806544341,-0.9071958846102228,0,No,0
55.17,0,55.17,4.028382806544341,-0.9071958846102228,0,No,0
55.17,0,55.17,4.028382806544341,-0.9071958846102228,0,No,0
55.33,0,55.33,4.031227252906622,-0.9056461678257123,0,No,0
55.33,0,55.33,4.031227252906622,-0.9056461678257123,0,No,0
55.33,0,55.33,4.031227252906622,-0.9056461678257123,0,No,0
55.33,0,55.33,4.031227252906622,-0.9056461678257123,0,Yes,1
55.33,0,55.33,4.031227252906622,-0.9056461678257123,0,No,0
55.33,0,55.33,4.031227252906622,-0.9056461678257123,0,No,0
55.33,0,55.33,4.031227252906622,-0.9056461678257123,0,No,0
55.33,0,55.33,4.031227252906622,-0.9056461678257123,0,No,0
55.33,0,55.33,4.031227252906622,-0.9056461678257123,0,No,0
55.5,0,55.5,4.034240638152395,-0.9039995937421696,0,No,0
55.5,0,55.5,4.034240638152395,-0.9039995937421696,0,No,0
55.5,0,55.5,4.034240638152395,-0.9039995937421696,0,No,0
55.5,0,55.5,4.034240638152395,-0.9039995937421696,0,No,0
55.5,0,55.5,4.034240638152395,-0.9039995937421696,0,No,0
55.67,0,55.67,4.037244970181528,-0.9023530196586271,0,No,0
55.67,0,55.67,4.037244970181528,-0.9023530196586271,0,No,0
55.67,0,55.67,4.037244970181528,-0.9023530196586271,0,No,0
55.67,0,55.67,4.037244970181528,-0.9023530196586271,0,No,0
55.67,0,55.67,4.037244970181528,-0.9023530196586271,0,No,0
55.83,0,55.83,4.04006435530903,-0.9008033028741166,0,No,0
55.83,0,55.83,4.04006435530903,-0.9008033028741166,0,No,0
55.83,0,55.83,4.04006435530903,-0.9008033028741166,0,No,0
55.83,0,55.83,4.04006435530903,-0.9008033028741166,0,No,0
55.83,0,55.83,4.04006435530903,-0.9008033028741166,0,No,0
55.83,0,55.83,4.04006435530903,-0.9008033028741166,0,No,0
55.83,0,55.83,4.04006435530903,-0.9008033028741166,0,No,0
56.0,0,56.0,4.04305126783455,-0.899156728790574,0,No,0
56.0,0,56.0,4.04305126783455,-0.899156728790574,0,No,0
56.17,0,56.17,4.04602928527588,-0.8975101547070314,0,No,0
56.17,0,56.17,4.04602928527588,-0.8975101547070314,0,No,0
56.17,0,56.17,4.04602928527588,-0.8975101547070314,0,No,0
56.17,0,56.17,4.04602928527588,-0.8975101547070314,0,No,0
56.17,0,56.17,4.04602928527588,-0.8975101547070314,0,No,0
56.17,0,56.17,4.04602928527588,-0.8975101547070314,0,No,0
56.33,0,56.33,4.048824046920291,-0.8959604379225208,0,No,0
56.33,0,56.33,4.048824046920291,-0.8959604379225208,0,No,0
56.33,0,56.33,4.048824046920291,-0.8959604379225208,0,No,0
56.33,0,56.33,4.048824046920291,-0.8959604379225208,0,No,0
56.33,0,56.33,4.048824046920291,-0.8959604379225208,0,No,0
56.5,0,56.5,4.051784947803305,-0.8943138638389783,0,No,0
56.5,0,56.5,4.051784947803305,-0.8943138638389783,0,No,0
56.5,0,56.5,4.051784947803305,-0.8943138638389783,0,No,0
56.5,0,56.5,4.051784947803305,-0.8943138638389783,0,No,0
56.5,0,56.5,4.051784947803305,-0.8943138638389783,0,No,0
56.67,0,56.67,4.0547371076273215,-0.8926672897554357,0,No,0
56.67,0,56.67,4.0547371076273215,-0.8926672897554357,0,No,0
56.67,0,56.67,4.0547371076273215,-0.8926672897554357,0,No,0
56.67,0,56.67,4.0547371076273215,-0.8926672897554357,0,No,0
56.83,0,56.83,4.057507672170127,-0.8911175729709251,0,No,0
56.83,0,56.83,4.057507672170127,-0.8911175729709251,0,No,0
56.83,0,56.83,4.057507672170127,-0.8911175729709251,0,No,0
57.0,0,57.0,4.060443010546419,-0.8894709988873826,0,No,0
57.0,0,57.0,4.060443010546419,-0.8894709988873826,0,No,0
57.0,0,57.0,4.060443010546419,-0.8894709988873826,0,No,0
57.17,0,57.17,4.06336975792267,-0.8878244248038399,0,No,0
57.17,0,57.17,4.06336975792267,-0.8878244248038399,0,No,0
57.17,0,57.17,4.06336975792267,-0.8878244248038399,0,No,0
57.25,0,57.25,4.06474409244581,-0.8870495664115847,0,No,0
57.33,0,57.33,4.066116540765546,-0.8862747080193294,0,No,0
57.33,0,57.33,4.066116540765546,-0.8862747080193294,0,No,0
57.5,0,57.5,4.069026754237811,-0.8846281339357869,0,No,0
57.5,0,57.5,4.069026754237811,-0.8846281339357869,0,No,0
57.5,0,57.5,4.069026754237811,-0.8846281339357869,0,No,0
57.5,0,57.5,4.069026754237811,-0.8846281339357869,0,No,0
57.5,0,57.5,4.069026754237811,-0.8846281339357869,0,No,0
57.5,0,57.5,4.069026754237811,-0.8846281339357869,0,No,0
57.5,0,57.5,4.069026754237811,-0.8846281339357869,0,No,0
57.5,0,57.5,4.069026754237811,-0.8846281339357869,0,No,0
57.5,0,57.5,4.069026754237811,-0.8846281339357869,0,No,0
57.67,0,57.67,4.071928522937768,-0.8829815598522442,0,No,0
57.67,0,57.67,4.071928522937768,-0.8829815598522442,0,No,0
57.67,0,57.67,4.071928522937768,-0.8829815598522442,0,No,0
57.83,0,57.83,4.0746519288763645,-0.8814318430677337,0,No,0
57.83,0,57.83,4.0746519288763645,-0.8814318430677337,0,No,0
57.83,0,57.83,4.0746519288763645,-0.8814318430677337,0,No,0
58.0,0,58.0,4.07753744390572,-0.8797852689841911,0,No,0
58.0,0,58.0,4.07753744390572,-0.8797852689841911,0,No,0
58.0,0,58.0,4.07753744390572,-0.8797852689841911,0,No,0
58.17,0,58.17,4.080414656688602,-0.8781386949006486,0,No,0
58.17,0,58.17,4.080414656688602,-0.8781386949006486,0,No,0
58.17,0,58.17,4.080414656688602,-0.8781386949006486,0,No,0
58.17,0,58.17,4.080414656688602,-0.8781386949006486,0,No,0
58.25,0,58.25,4.081765780015241,-0.8773638365083932,0,No,0
58.33,0,58.33,4.083115080270552,-0.876588978116138,0,No,0
58.33,0,58.33,4.083115080270552,-0.876588978116138,0,No,0
58.33,0,58.33,4.083115080270552,-0.876588978116138,0,No,0
58.33,0,58.33,4.083115080270552,-0.876588978116138,0,No,0
58.5,0,58.5,4.085976312551584,-0.8749424040325954,0,No,0
58.5,0,58.5,4.085976312551584,-0.8749424040325954,0,No,0
58.5,0,58.5,4.085976312551584,-0.8749424040325954,0,No,0
58.5,0,58.5,4.085976312551584,-0.8749424040325954,0,No,0
58.5,0,58.5,4.085976312551584,-0.8749424040325954,0,No,0
58.67,0,58.67,4.088829381533991,-0.8732958299490529,0,No,0
58.67,0,58.67,4.088829381533991,-0.8732958299490529,0,No,0
58.67,0,58.67,4.088829381533991,-0.8732958299490529,0,No,0
58.67,0,58.67,4.088829381533991,-0.8732958299490529,0,No,0
58.83,0,58.83,4.09150720740194,-0.8717461131645422,0,No,0
58.83,0,58.83,4.09150720740194,-0.8717461131645422,0,No,0
58.83,0,58.83,4.09150720740194,-0.8717461131645422,0,No,0
58.83,0,58.83,4.09150720740194,-0.8717461131645422,0,No,0
58.83,0,58.83,4.09150720740194,-0.8717461131645422,0,No,0
58.83,0,58.83,4.09150720740194,-0.8717461131645422,0,No,0
59.0,0,59.0,4.0943445622221,-0.8700995390809997,0,No,0
59.0,0,59.0,4.0943445622221,-0.8700995390809997,0,No,0
59.0,0,59.0,4.0943445622221,-0.8700995390809997,0,No,0
59.0,0,59.0,4.0943445622221,-0.8700995390809997,0,No,0
59.0,0,59.0,4.0943445622221,-0.8700995390809997,0,No,0
59.0,0,59.0,4.0943445622221,-0.8700995390809997,0,No,0
59.17,0,59.17,4.09717388923226,-0.8684529649974572,0,No,0
59.17,0,59.17,4.09717388923226,-0.8684529649974572,0,No,0
59.17,0,59.17,4.09717388923226,-0.8684529649974572,0,No,0
59.17,0,59.17,4.09717388923226,-0.8684529649974572,0,No,0
59.33,0,59.33,4.09982949245267,-0.8669032482129465,0,No,0
59.33,0,59.33,4.09982949245267,-0.8669032482129465,0,No,0
59.33,0,59.33,4.09982949245267,-0.8669032482129465,0,No,0
59.33,0,59.33,4.09982949245267,-0.8669032482129465,0,No,0
59.33,0,59.33,4.09982949245267,-0.8669032482129465,0,No,0
59.33,0,59.33,4.09982949245267,-0.8669032482129465,0,No,0
59.33,0,59.33,4.09982949245267,-0.8669032482129465,0,No,0
59.5,0,59.5,4.102643365036796,-0.865256674129404,0,No,0
59.5,0,59.5,4.102643365036796,-0.865256674129404,0,No,0
59.5,0,59.5,4.102643365036796,-0.865256674129404,0,No,0
59.5,0,59.5,4.102643365036796,-0.865256674129404,0,No,0
59.5,0,59.5,4.102643365036796,-0.865256674129404,0,No,0
59.67,0,59.67,4.105449341954206,-0.8636101000458614,0,No,0
59.67,0,59.67,4.105449341954206,-0.8636101000458614,0,No,0
59.67,0,59.67,4.105449341954206,-0.8636101000458614,0,No,0
59.67,0,59.67,4.105449341954206,-0.8636101000458614,0,No,0
59.83,0,59.83,4.108083088332614,-0.8620603832613508,0,No,0
59.83,0,59.83,4.108083088332614,-0.8620603832613508,0,No,0
59.83,0,59.83,4.108083088332614,-0.8620603832613508,0,No,0
59.83,0,59.83,4.108083088332614,-0.8620603832613508,0,No,0
60.0,0,60.0,4.110873864173311,-0.8604138091778083,0,No,0
60.0,0,60.0,4.110873864173311,-0.8604138091778083,0,No,0
60.0,0,60.0,4.110873864173311,-0.8604138091778083,0,Yes,1
60.0,0,60.0,4.110873864173311,-0.8604138091778083,0,No,0
60.0,0,60.0,4.110873864173311,-0.8604138091778083,0,No,0
60.17,0,60.17,4.113656873254474,-0.8587672350942657,0,No,0
60.17,0,60.17,4.113656873254474,-0.8587672350942657,0,No,0
60.17,0,60.17,4.113656873254474,-0.8587672350942657,0,No,0
60.17,0,60.17,4.113656873254474,-0.8587672350942657,0,No,0
60.17,0,60.17,4.113656873254474,-0.8587672350942657,0,No,0
60.17,0,60.17,4.113656873254474,-0.8587672350942657,0,No,0
60.17,0,60.17,4.113656873254474,-0.8587672350942657,0,No,0
60.17,0,60.17,4.113656873254474,-0.8587672350942657,0,No,0
60.33,0,60.33,4.116269119637892,-0.8572175183097551,0,No,0
60.33,0,60.33,4.116269119637892,-0.8572175183097551,0,No,0
60.33,0,60.33,4.116269119637892,-0.8572175183097551,0,No,0
60.33,0,60.33,4.116269119637892,-0.8572175183097551,0,No,0
60.33,0,60.33,4.116269119637892,-0.8572175183097551,0,No,0
60.33,0,60.33,4.116269119637892,-0.8572175183097551,0,No,0
60.33,0,60.33,4.116269119637892,-0.8572175183097551,0,No,0
60.33,0,60.33,4.116269119637892,-0.8572175183097551,0,No,0
60.5,0,60.5,4.119037174812473,-0.8555709442262125,0,No,0
60.5,0,60.5,4.119037174812473,-0.8555709442262125,0,No,0
60.5,0,60.5,4.119037174812473,-0.8555709442262125,0,No,0
60.5,0,60.5,4.119037174812473,-0.8555709442262125,0,No,0
60.5,0,60.5,4.119037174812473,-0.8555709442262125,0,No,0
60.5,0,60.5,4.119037174812473,-0.8555709442262125,0,No,0
60.67,0,60.67,4.1217975890034015,-0.85392437014267,0,No,0
60.67,0,60.67,4.1217975890034015,-0.85392437014267,0,No,0
60.83,0,60.83,4.124388683570477,-0.8523746533581594,0,No,0
60.83,0,60.83,4.124388683570477,-0.8523746533581594,0,No,0
60.83,0,60.83,4.124388683570477,-0.8523746533581594,0,No,0
60.83,0,60.83,4.124388683570477,-0.8523746533581594,0,No,0
61.0,0,61.0,4.127134385045092,-0.8507280792746168,0,No,0
61.0,0,61.0,4.127134385045092,-0.8507280792746168,0,No,0
61.0,0,61.0,4.127134385045092,-0.8507280792746168,0,No,0
61.0,0,61.0,4.127134385045092,-0.8507280792746168,0,No,0
61.0,0,61.0,4.127134385045092,-0.8507280792746168,0,No,0
61.0,0,61.0,4.127134385045092,-0.8507280792746168,0,No,0
61.0,0,61.0,4.127134385045092,-0.8507280792746168,0,No,0
61.17,0,61.17,4.129872568281246,-0.8490815051910743,0,No,0
61.17,0,61.17,4.129872568281246,-0.8490815051910743,0,No,0
61.33,0,61.33,4.132442850820759,-0.8475317884065636,0,No,0
61.33,0,61.33,4.132442850820759,-0.8475317884065636,0,No,0
61.33,0,61.33,4.132442850820759,-0.8475317884065636,0,No,0
61.5,0,61.5,4.135166556742356,-0.8458852143230211,0,No,0
61.5,0,61.5,4.135166556742356,-0.8458852143230211,0,No,0
61.5,0,61.5,4.135166556742356,-0.8458852143230211,0,No,0
61.5,0,61.5,4.135166556742356,-0.8458852143230211,0,No,0
61.5,0,61.5,4.135166556742356,-0.8458852143230211,0,No,0
61.67,0,61.67,4.137882864236584,-0.8442386402394786,0,No,0
61.67,0,61.67,4.137882864236584,-0.8442386402394786,0,No,0
61.67,0,61.67,4.137882864236584,-0.8442386402394786,0,No,0
61.67,0,61.67,4.137882864236584,-0.8442386402394786,0,No,0
61.67,0,61.67,4.137882864236584,-0.8442386402394786,0,No,0
61.67,0,61.67,4.137882864236584,-0.8442386402394786,0,No,0
61.67,0,61.67,4.137882864236584,-0.8442386402394786,0,Yes,1
61.67,0,61.67,4.137882864236584,-0.8442386402394786,0,No,0
61.83,0,61.83,4.140432666414855,-0.8426889234549679,0,No,0
61.83,0,61.83,4.140432666414855,-0.8426889234549679,0,No,0
61.83,0,61.83,4.140432666414855,-0.8426889234549679,0,No,0
61.83,0,61.83,4.140432666414855,-0.8426889234549679,0,No,0
61.83,0,61.83,4.140432666414855,-0.8426889234549679,0,No,0
62.0,0,62.0,4.143134726391533,-0.8410423493714254,0,No,0
62.0,0,62.0,4.143134726391533,-0.8410423493714254,0,No,0
62.17,0,62.17,4.145829504910609,-0.8393957752878828,0,No,0
62.17,0,62.17,4.145829504910609,-0.8393957752878828,0,No,0
62.17,0,62.17,4.145829504910609,-0.8393957752878828,0,No,0
62.17,0,62.17,4.145829504910609,-0.8393957752878828,0,No,0
62.33,0,62.33,4.148359150528339,-0.8378460585033722,0,No,0
62.33,0,62.33,4.148359150528339,-0.8378460585033722,0,No,0
62.33,0,62.33,4.148359150528339,-0.8378460585033722,0,No,0
62.33,0,62.33,4.148359150528339,-0.8378460585033722,0,No,0
62.33,0,62.33,4.148359150528339,-0.8378460585033722,0,No,0
62.5,0,62.5,4.151039905898646,-0.8361994844198297,0,No,0
62.5,0,62.5,4.151039905898646,-0.8361994844198297,0,No,0
62.5,0,62.5,4.151039905898646,-0.8361994844198297,0,No,0
62.5,0,62.5,4.151039905898646,-0.8361994844198297,0,No,0
62.5,0,62.5,4.151039905898646,-0.8361994844198297,0,No,0
62.5,0,62.5,4.151039905898646,-0.8361994844198297,0,No,0
62.67,0,62.67,4.153713494028934,-0.8345529103362871,0,No,0
62.67,0,62.67,4.153713494028934,-0.8345529103362871,0,No,0
62.67,0,62.67,4.153713494028934,-0.8345529103362871,0,No,0
62.67,0,62.67,4.153713494028934,-0.8345529103362871,0,No,0
62.67,0,62.67,4.153713494028934,-0.8345529103362871,0,No,0
62.67,0,62.67,4.153713494028934,-0.8345529103362871,0,No,0
62.67,0,62.67,4.153713494028934,-0.8345529103362871,0,No,0
62.67,0,62.67,4.153713494028934,-0.8345529103362871,0,No,0
62.67,0,62.67,4.153713494028934,-0.8345529103362871,0,No,0
62.83,0,62.83,4.156223299267966,-0.8330031935517765,0,No,0
62.83,0,62.83,4.156223299267966,-0.8330031935517765,0,No,0
62.83,0,62.83,4.156223299267966,-0.8330031935517765,0,No,0
62.83,0,62.83,4.156223299267966,-0.8330031935517765,0,No,0
62.83,0,62.83,4.156223299267966,-0.8330031935517765,0,No,0
62.83,0,62.83,4.156223299267966,-0.8330031935517765,0,No,0
63.0,0,63.0,4.1588830833596715,-0.8313566194682339,0,No,0
63.0,0,63.0,4.1588830833596715,-0.8313566194682339,0,No,0
63.0,0,63.0,4.1588830833596715,-0.8313566194682339,0,No,0
63.0,0,63.0,4.1588830833596715,-0.8313566194682339,0,No,0
63.0,0,63.0,4.1588830833596715,-0.8313566194682339,0,No,0
63.0,0,63.0,4.1588830833596715,-0.8313566194682339,0,No,0
63.0,0,63.0,4.1588830833596715,-0.8313566194682339,0,No,0
63.17,0,63.17,4.161535811762424,-0.8297100453846914,0,No,0
63.17,0,63.17,4.161535811762424,-0.8297100453846914,0,No,0
63.17,0,63.17,4.161535811762424,-0.8297100453846914,0,No,0
63.17,0,63.17,4.161535811762424,-0.8297100453846914,0,No,0
63.33,0,63.33,4.1640260854229085,-0.8281603286001809,0,No,0
63.33,0,63.33,4.1640260854229085,-0.8281603286001809,0,No,0
63.33,0,63.33,4.1640260854229085,-0.8281603286001809,0,No,0
63.5,0,63.5,4.1666652238017265,-0.8265137545166382,0,No,0
63.5,0,63.5,4.1666652238017265,-0.8265137545166382,0,No,0
63.5,0,63.5,4.1666652238017265,-0.8265137545166382,0,No,0
63.5,0,63.5,4.1666652238017265,-0.8265137545166382,0,No,0
63.67,0,63.67,4.169297415458502,-0.8248671804330957,0,No,0
63.67,0,63.67,4.169297415458502,-0.8248671804330957,0,No,0
63.67,0,63.67,4.169297415458502,-0.8248671804330957,0,No,0
63.67,0,63.67,4.169297415458502,-0.8248671804330957,0,No,0
63.83,0,63.83,4.171768459186905,-0.823317463648585,0,No,0
63.83,0,63.83,4.171768459186905,-0.823317463648585,0,No,0
63.83,0,63.83,4.171768459186905,-0.823317463648585,0,No,0
63.83,0,63.83,4.171768459186905,-0.823317463648585,0,No,0
63.83,0,63.83,4.171768459186905,-0.823317463648585,0,No,0
63.83,0,63.83,4.171768459186905,-0.823317463648585,0,No,0
63.83,0,63.83,4.171768459186905,-0.823317463648585,0,No,0
64.0,0,64.0,4.174387269895637,-0.8216708895650425,0,No,0
64.0,0,64.0,4.174387269895637,-0.8216708895650425,0,No,0
64.0,0,64.0,4.174387269895637,-0.8216708895650425,0,No,0
64.0,0,64.0,4.174387269895637,-0.8216708895650425,0,No,0
64.17,0,64.17,4.176999240344289,-0.8200243154815,0,No,0
64.17,0,64.17,4.176999240344289,-0.8200243154815,0,No,0
64.17,0,64.17,4.176999240344289,-0.8200243154815,0,No,0
64.17,0,64.17,4.176999240344289,-0.8200243154815,0,No,0
64.33,0,64.33,4.179451348852659,-0.8184745986969894,0,No,0
64.33,0,64.33,4.179451348852659,-0.8184745986969894,0,No,0
64.33,0,64.33,4.179451348852659,-0.8184745986969894,0,Yes,1
64.33,0,64.33,4.179451348852659,-0.8184745986969894,0,No,0
64.33,0,64.33,4.179451348852659,-0.8184745986969894,0,No,0
64.33,0,64.33,4.179451348852659,-0.8184745986969894,0,No,0
64.33,0,64.33,4.179451348852659,-0.8184745986969894,0,No,0
64.33,0,64.33,4.179451348852659,-0.8184745986969894,0,No,0
64.33,0,64.33,4.179451348852659,-0.8184745986969894,0,No,0
64.5,0,64.5,4.182050142641207,-0.8168280246134468,0,Yes,1
64.5,0,64.5,4.182050142641207,-0.8168280246134468,0,Yes,1
64.5,0,64.5,4.182050142641207,-0.8168280246134468,0,No,0
64.5,0,64.5,4.182050142641207,-0.8168280246134468,0,No,0
64.5,0,64.5,4.182050142641207,-0.8168280246134468,0,No,0
64.5,0,64.5,4.182050142641207,-0.8168280246134468,0,No,0
64.5,0,64.5,4.182050142641207,-0.8168280246134468,0,No,0
64.5,0,64.5,4.182050142641207,-0.8168280246134468,0,Yes,1
64.5,0,64.5,4.182050142641207,-0.8168280246134468,0,No,0
64.5,0,64.5,4.182050142641207,-0.8168280246134468,0,No,0
64.67,0,64.67,4.184642200202881,-0.8151814505299042,0,No,0
64.67,0,64.67,4.184642200202881,-0.8151814505299042,0,No,0
64.67,0,64.67,4.184642200202881,-0.8151814505299042,0,No,0
64.67,0,64.67,4.184642200202881,-0.8151814505299042,0,No,0
64.67,0,64.67,4.184642200202881,-0.8151814505299042,0,No,0
64.67,0,64.67,4.184642200202881,-0.8151814505299042,0,No,0
64.67,0,64.67,4.184642200202881,-0.8151814505299042,0,No,0
64.83,0,64.83,4.187075661479786,-0.8136317337453937,0,No,0
64.83,0,64.83,4.187075661479786,-0.8136317337453937,0,No,0
64.83,0,64.83,4.187075661479786,-0.8136317337453937,0,No,0
64.83,0,64.83,4.187075661479786,-0.8136317337453937,0,No,0
64.83,0,64.83,4.187075661479786,-0.8136317337453937,0,No,0
64.83,0,64.83,4.187075661479786,-0.8136317337453937,0,No,0
64.83,0,64.83,4.187075661479786,-0.8136317337453937,0,No,0
64.83,0,64.83,4.187075661479786,-0.8136317337453937,0,No,0
65.0,0,65.0,4.189654742026425,-0.8119851596618511,0,No,0
65.0,0,65.0,4.189654742026425,-0.8119851596618511,0,No,0
65.0,0,65.0,4.189654742026425,-0.8119851596618511,0,No,0
65.17,0,65.17,4.192227188023968,-0.8103385855783085,0,No,0
65.17,0,65.17,4.192227188023968,-0.8103385855783085,0,No,0
65.17,0,65.17,4.192227188023968,-0.8103385855783085,0,No,0
65.17,0,65.17,4.192227188023968,-0.8103385855783085,0,No,0
65.17,0,65.17,4.192227188023968,-0.8103385855783085,0,No,0
65.17,0,65.17,4.192227188023968,-0.8103385855783085,0,No,0
65.17,0,65.17,4.192227188023968,-0.8103385855783085,0,No,0
65.33,0,65.33,4.194642283537465,-0.808788868793798,0,No,0
65.33,0,65.33,4.194642283537465,-0.808788868793798,0,No,0
65.33,0,65.33,4.194642283537465,-0.808788868793798,0,No,0
65.33,0,65.33,4.194642283537465,-0.808788868793798,0,No,0
65.33,0,65.33,4.194642283537465,-0.808788868793798,0,No,0
65.33,0,65.33,4.194642283537465,-0.808788868793798,0,No,0
65.33,0,65.33,4.194642283537465,-0.808788868793798,0,Yes,1
65.33,0,65.33,4.194642283537465,-0.808788868793798,0,No,0
65.5,0,65.5,4.197201947661808,-0.8071422947102553,0,No,0
65.5,0,65.5,4.197201947661808,-0.8071422947102553,0,No,0
65.5,0,65.5,4.197201947661808,-0.8071422947102553,0,No,0
65.67,0,65.67,4.199755076629969,-0.8054957206267128,0,No,0
65.67,0,65.67,4.199755076629969,-0.8054957206267128,0,No,0
65.67,0,65.67,4.199755076629969,-0.8054957206267128,0,No,0
65.67,0,65.67,4.199755076629969,-0.8054957206267128,0,No,0
65.67,0,65.67,4.199755076629969,-0.8054957206267128,0,No,0
65.67,0,65.67,4.199755076629969,-0.8054957206267128,0,No,0
65.67,0,65.67,4.199755076629969,-0.8054957206267128,0,No,0
65.83,0,65.83,4.2021520815229785,-0.8039460038422022,0,No,0
65.83,0,65.83,4.2021520815229785,-0.8039460038422022,0,No,0
65.83,0,65.83,4.2021520815229785,-0.8039460038422022,0,No,0
65.83,0,65.83,4.2021520815229785,-0.8039460038422022,0,No,0
66.0,0,66.0,4.204692619390966,-0.8022994297586596,0,No,0
66.17,0,66.17,4.207226719278773,-0.8006528556751171,0,No,0
66.17,0,66.17,4.207226719278773,-0.8006528556751171,0,Yes,1
66.17,0,66.17,4.207226719278773,-0.8006528556751171,0,No,0
66.17,0,66.17,4.207226719278773,-0.8006528556751171,0,No,0
66.17,0,66.17,4.207226719278773,-0.8006528556751171,0,No,0
66.33,0,66.33,4.20960590255719,-0.7991031388906065,0,No,0
66.33,0,66.33,4.20960590255719,-0.7991031388906065,0,No,0
66.33,0,66.33,4.20960590255719,-0.7991031388906065,0,No,0
66.33,0,66.33,4.20960590255719,-0.7991031388906065,0,No,0
66.5,0,66.5,4.212127597878484,-0.797456564807064,0,No,0
66.5,0,66.5,4.212127597878484,-0.797456564807064,0,No,0
66.5,0,66.5,4.212127597878484,-0.797456564807064,0,No,0
66.5,0,66.5,4.212127597878484,-0.797456564807064,0,No,0
66.5,0,66.5,4.212127597878484,-0.797456564807064,0,No,0
66.5,0,66.5,4.212127597878484,-0.797456564807064,0,No,0
66.67,0,66.67,4.2146429502441345,-0.7958099907235214,0,No,0
66.67,0,66.67,4.2146429502441345,-0.7958099907235214,0,Yes,1
66.83,0,66.83,4.217004574957988,-0.7942602739390108,0,No,0
66.83,0,66.83,4.217004574957988,-0.7942602739390108,0,No,0
67.0,0,67.0,4.219507705176107,-0.7926136998554683,0,No,0
67.0,0,67.0,4.219507705176107,-0.7926136998554683,0,No,0
67.0,0,67.0,4.219507705176107,-0.7926136998554683,0,No,0
67.0,0,67.0,4.219507705176107,-0.7926136998554683,0,No,0
67.17,0,67.17,4.222004585374694,-0.7909671257719256,0,No,0
67.17,0,67.17,4.222004585374694,-0.7909671257719256,0,No,0
67.17,0,67.17,4.222004585374694,-0.7909671257719256,0,No,0
67.17,0,67.17,4.222004585374694,-0.7909671257719256,0,No,0
67.17,0,67.17,4.222004585374694,-0.7909671257719256,0,No,0
67.17,0,67.17,4.222004585374694,-0.7909671257719256,0,No,0
67.33,0,67.33,4.224348908792687,-0.7894174089874151,0,No,0
67.5,0,67.5,4.22683374526818,-0.7877708349038725,0,No,0
67.5,0,67.5,4.22683374526818,-0.7877708349038725,0,Yes,1
67.5,0,67.5,4.22683374526818,-0.7877708349038725,0,No,0
67.5,0,67.5,4.22683374526818,-0.7877708349038725,0,No,0
67.5,0,67.5,4.22683374526818,-0.7877708349038725,0,No,0
67.5,0,67.5,4.22683374526818,-0.7877708349038725,0,No,0
67.5,0,67.5,4.22683374526818,-0.7877708349038725,0,No,0
67.5,0,67.5,4.22683374526818,-0.7877708349038725,0,No,0
67.67,0,67.67,4.229312422632585,-0.7861242608203299,0,No,0
67.67,0,67.67,4.229312422632585,-0.7861242608203299,0,No,0
67.67,0,67.67,4.229312422632585,-0.7861242608203299,0,No,0
67.67,0,67.67,4.229312422632585,-0.7861242608203299,0,No,0
67.83,0,67.83,4.231639696410273,-0.7845745440358194,0,No,0
67.83,0,67.83,4.231639696410273,-0.7845745440358194,0,No,0
67.83,0,67.83,4.231639696410273,-0.7845745440358194,0,No,0
67.83,0,67.83,4.231639696410273,-0.7845745440358194,0,No,0
67.83,0,67.83,4.231639696410273,-0.7845745440358194,0,No,0
67.83,0,67.83,4.231639696410273,-0.7845745440358194,0,Yes,1
68.0,0,68.0,4.23410650459726,-0.7829279699522768,0,No,0
68.0,0,68.0,4.23410650459726,-0.7829279699522768,0,No,0
68.0,0,68.0,4.23410650459726,-0.7829279699522768,0,No,0
68.0,0,68.0,4.23410650459726,-0.7829279699522768,0,No,0
68.0,0,68.0,4.23410650459726,-0.7829279699522768,0,No,0
68.17,0,68.17,4.236567242612494,-0.7812813958687342,0,Yes,1
68.17,0,68.17,4.236567242612494,-0.7812813958687342,0,No,0
68.17,0,68.17,4.236567242612494,-0.7812813958687342,0,No,0
68.17,0,68.17,4.236567242612494,-0.7812813958687342,0,No,0
68.33,0,68.33,4.238877712954399,-0.7797316790842236,0,No,0
68.33,0,68.33,4.238877712954399,-0.7797316790842236,0,No,0
68.33,0,68.33,4.238877712954399,-0.7797316790842236,0,Yes,1
68.33,0,68.33,4.238877712954399,-0.7797316790842236,0,No,0
68.33,0,68.33,4.238877712954399,-0.7797316790842236,0,No,0
68.33,0,68.33,4.238877712954399,-0.7797316790842236,0,No,0
68.33,0,68.33,4.238877712954399,-0.7797316790842236,0,No,0
68.33,0,68.33,4.238877712954399,-0.7797316790842236,0,No,0
68.33,0,68.33,4.238877712954399,-0.7797316790842236,0,No,0
68.33,0,68.33,4.238877712954399,-0.7797316790842236,0,No,0
68.33,0,68.33,4.238877712954399,-0.7797316790842236,0,No,0
68.33,0,68.33,4.238877712954399,-0.7797316790842236,0,No,0
68.5,0,68.5,4.241326752570746,-0.7780851050006811,0,No,0
68.5,0,68.5,4.241326752570746,-0.7780851050006811,0,No,0
68.67,0,68.67,4.2437698090420275,-0.7764385309171385,0,No,0
68.67,0,68.67,4.2437698090420275,-0.7764385309171385,0,No,0
68.67,0,68.67,4.2437698090420275,-0.7764385309171385,0,No,0
68.67,0,68.67,4.2437698090420275,-0.7764385309171385,0,No,0
68.67,0,68.67,4.2437698090420275,-0.7764385309171385,0,No,0
68.83,0,68.83,4.246063716857944,-0.7748888141326279,0,No,0
68.83,0,68.83,4.246063716857944,-0.7748888141326279,0,Yes,1
68.83,0,68.83,4.246063716857944,-0.7748888141326279,0,No,0
68.83,0,68.83,4.246063716857944,-0.7748888141326279,0,No,0
68.83,0,68.83,4.246063716857944,-0.7748888141326279,0,No,0
68.83,0,68.83,4.246063716857944,-0.7748888141326279,0,No,0
68.83,0,68.83,4.246063716857944,-0.7748888141326279,0,No,0
68.83,0,68.83,4.246063716857944,-0.7748888141326279,0,No,0
69.0,0,69.0,4.248495242049359,-0.7732422400490854,0,No,0
69.0,0,69.0,4.248495242049359,-0.7732422400490854,0,No,0
69.0,0,69.0,4.248495242049359,-0.7732422400490854,0,Yes,1
69.0,0,69.0,4.248495242049359,-0.7732422400490854,0,No,0
69.17,0,69.17,4.250920869264197,-0.7715956659655427,0,No,0
69.17,0,69.17,4.250920869264197,-0.7715956659655427,0,No,0
69.17,0,69.17,4.250920869264197,-0.7715956659655427,0,No,0
69.17,0,69.17,4.250920869264197,-0.7715956659655427,0,No,0
69.33,0,69.33,4.2531984503199265,-0.7700459491810322,0,No,0
69.33,0,69.33,4.2531984503199265,-0.7700459491810322,0,No,0
69.33,0,69.33,4.2531984503199265,-0.7700459491810322,0,No,0
69.33,0,69.33,4.2531984503199265,-0.7700459491810322,0,No,0
69.5,0,69.5,4.255612709818223,-0.7683993750974897,0,No,0
69.5,0,69.5,4.255612709818223,-0.7683993750974897,0,No,0
69.5,0,69.5,4.255612709818223,-0.7683993750974897,0,No,0
69.5,0,69.5,4.255612709818223,-0.7683993750974897,0,No,0
69.5,0,69.5,4.255612709818223,-0.7683993750974897,0,No,0
69.5,0,69.5,4.255612709818223,-0.7683993750974897,0,No,0
69.67,0,69.67,4.258021154702763,-0.766752801013947,0,No,0
69.67,0,69.67,4.258021154702763,-0.766752801013947,0,No,0
69.67,0,69.67,4.258021154702763,-0.766752801013947,0,No,0
69.67,0,69.67,4.258021154702763,-0.766752801013947,0,No,0
69.67,0,69.67,4.258021154702763,-0.766752801013947,0,No,0
69.67,0,69.67,4.258021154702763,-0.766752801013947,0,No,0
69.75,0,69.75,4.259152536523347,-0.7659779426216918,0,No,0
69.83,0,69.83,4.260282639765531,-0.7652030842294365,0,No,0
69.83,0,69.83,4.260282639765531,-0.7652030842294365,0,No,0
69.83,0,69.83,4.260282639765531,-0.7652030842294365,0,No,0
70.0,0,70.0,4.2626798770413155,-0.7635565101458939,0,No,0
70.0,0,70.0,4.2626798770413155,-0.7635565101458939,0,No,0
70.0,0,70.0,4.2626798770413155,-0.7635565101458939,0,No,0
70.0,0,70.0,4.2626798770413155,-0.7635565101458939,0,No,0
70.0,0,70.0,4.2626798770413155,-0.7635565101458939,0,No,0
70.0,0,70.0,4.2626798770413155,-0.7635565101458939,0,Yes,1
70.17,0,70.17,4.26507138131118,-0.7619099360623514,0,No,0
70.17,0,70.17,4.26507138131118,-0.7619099360623514,0,No,0
70.17,0,70.17,4.26507138131118,-0.7619099360623514,0,No,0
70.17,0,70.17,4.26507138131118,-0.7619099360623514,0,No,0
70.17,0,70.17,4.26507138131118,-0.7619099360623514,0,No,0
70.33,0,70.33,4.267316996289947,-0.7603602192778408,0,Yes,1
70.33,0,70.33,4.267316996289947,-0.7603602192778408,0,No,0
70.33,0,70.33,4.267316996289947,-0.7603602192778408,0,No,0
70.33,0,70.33,4.267316996289947,-0.7603602192778408,0,No,0
70.33,0,70.33,4.267316996289947,-0.7603602192778408,0,No,0
70.33,0,70.33,4.267316996289947,-0.7603602192778408,0,No,0
70.33,0,70.33,4.267316996289947,-0.7603602192778408,0,No,0
70.33,0,70.33,4.267316996289947,-0.7603602192778408,0,No,0
70.5,0,70.5,4.269697449699962,-0.7587136451942982,0,No,0
70.67,0,70.67,4.272072250005828,-0.7570670711107557,0,No,0
70.67,0,70.67,4.272072250005828,-0.7570670711107557,0,No,0
70.67,0,70.67,4.272072250005828,-0.7570670711107557,0,No,0
70.83,0,70.83,4.27430221608671,-0.755517354326245,0,No,0
70.83,0,70.83,4.27430221608671,-0.755517354326245,0,No,0
70.83,0,70.83,4.27430221608671,-0.755517354326245,0,No,0
70.83,0,70.83,4.27430221608671,-0.755517354326245,0,No,0
70.83,0,70.83,4.27430221608671,-0.755517354326245,0,No,0
70.83,0,70.83,4.27430221608671,-0.755517354326245,0,No,0
71.0,0,71.0,4.276666119016055,-0.7538707802427025,0,No,0
71.0,0,71.0,4.276666119016055,-0.7538707802427025,0,No,0
71.0,0,71.0,4.276666119016055,-0.7538707802427025,0,No,0
71.0,0,71.0,4.276666119016055,-0.7538707802427025,0,No,0
71.0,0,71.0,4.276666119016055,-0.7538707802427025,0,No,0
71.17,0,71.17,4.279024447084182,-0.75222420615916,0,No,0
71.17,0,71.17,4.279024447084182,-0.75222420615916,0,No,0
71.17,0,71.17,4.279024447084182,-0.75222420615916,0,No,0
71.17,0,71.17,4.279024447084182,-0.75222420615916,0,No,0
71.17,0,71.17,4.279024447084182,-0.75222420615916,0,No,0
71.33,0,71.33,4.28123898086119,-0.7506744893746493,0,No,0
71.33,0,71.33,4.28123898086119,-0.7506744893746493,0,No,0
71.33,0,71.33,4.28123898086119,-0.7506744893746493,0,No,0
71.5,0,71.5,4.283586561860629,-0.7490279152911068,0,No,0
71.5,0,71.5,4.283586561860629,-0.7490279152911068,0,No,0
71.5,0,71.5,4.283586561860629,-0.7490279152911068,0,No,0
71.5,0,71.5,4.283586561860629,-0.7490279152911068,0,No,0
71.5,0,71.5,4.283586561860629,-0.7490279152911068,0,No,0
71.5,0,71.5,4.283586561860629,-0.7490279152911068,0,No,0
71.67,0,71.67,4.2859286446285445,-0.7473813412075642,0,No,0
71.67,0,71.67,4.2859286446285445,-0.7473813412075642,0,No,0
71.67,0,71.67,4.2859286446285445,-0.7473813412075642,0,No,0
71.67,0,71.67,4.2859286446285445,-0.7473813412075642,0,No,0
71.67,0,71.67,4.2859286446285445,-0.7473813412075642,0,No,0
71.67,0,71.67,4.2859286446285445,-0.7473813412075642,0,Yes,1
71.83,0,71.83,4.288127958229824,-0.7458316244230536,0,No,0
71.83,0,71.83,4.288127958229824,-0.7458316244230536,0,No,0
71.83,0,71.83,4.288127958229824,-0.7458316244230536,0,No,0
71.83,0,71.83,4.288127958229824,-0.7458316244230536,0,No,0
71.83,0,71.83,4.288127958229824,-0.7458316244230536,0,No,0
71.83,0,71.83,4.288127958229824,-0.7458316244230536,0,No,0
71.83,0,71.83,4.288127958229824,-0.7458316244230536,0,No,0
72.0,0,72.0,4.290459441148391,-0.7441850503395111,0,No,0
72.0,0,72.0,4.290459441148391,-0.7441850503395111,0,No,0
72.0,0,72.0,4.290459441148391,-0.7441850503395111,0,No,0
72.0,0,72.0,4.290459441148391,-0.7441850503395111,0,No,0
72.0,0,72.0,4.290459441148391,-0.7441850503395111,0,No,0
72.17,0,72.17,4.292785500895938,-0.7425384762559685,0,No,0
72.17,0,72.17,4.292785500895938,-0.7425384762559685,0,No,0
72.17,0,72.17,4.292785500895938,-0.7425384762559685,0,No,0
72.17,0,72.17,4.292785500895938,-0.7425384762559685,0,No,0
72.17,0,72.17,4.292785500895938,-0.7425384762559685,0,No,0
72.17,0,72.17,4.292785500895938,-0.7425384762559685,0,No,0
72.17,0,72.17,4.292785500895938,-0.7425384762559685,0,No,0
72.33,0,72.33,4.294969802105708,-0.7409887594714579,0,No,0
72.33,0,72.33,4.294969802105708,-0.7409887594714579,0,No,0
72.33,0,72.33,4.294969802105708,-0.7409887594714579,0,No,0
72.33,0,72.33,4.294969802105708,-0.7409887594714579,0,No,0
72.33,0,72.33,4.294969802105708,-0.7409887594714579,0,Yes,1
72.33,0,72.33,4.294969802105708,-0.7409887594714579,0,No,0
72.33,0,72.33,4.294969802105708,-0.7409887594714579,0,No,0
72.33,0,72.33,4.294969802105708,-0.7409887594714579,0,No,0
72.5,0,72.5,4.297285406218791,-0.7393421853879153,0,No,0
72.5,0,72.5,4.297285406218791,-0.7393421853879153,0,No,0
72.5,0,72.5,4.297285406218791,-0.7393421853879153,0,No,0
72.5,0,72.5,4.297285406218791,-0.7393421853879153,0,No,0
72.5,0,72.5,4.297285406218791,-0.7393421853879153,0,No,0
72.5,0,72.5,4.297285406218791,-0.7393421853879153,0,No,0
72.5,0,72.5,4.297285406218791,-0.7393421853879153,0,No,0
72.67,0,72.67,4.299595660694722,-0.7376956113043728,0,No,0
72.67,0,72.67,4.299595660694722,-0.7376956113043728,0,No,0
72.67,0,72.67,4.299595660694722,-0.7376956113043728,0,No,0
72.67,0,72.67,4.299595660694722,-0.7376956113043728,0,No,0
72.67,0,72.67,4.299595660694722,-0.7376956113043728,0,Yes,1
72.83,0,72.83,4.3017651530710745,-0.7361458945198622,0,No,0
72.83,0,72.83,4.3017651530710745,-0.7361458945198622,0,No,0
72.83,0,72.83,4.3017651530710745,-0.7361458945198622,0,No,0
72.83,0,72.83,4.3017651530710745,-0.7361458945198622,0,No,0
72.83,0,72.83,4.3017651530710745,-0.7361458945198622,0,No,0
72.83,0,72.83,4.3017651530710745,-0.7361458945198622,0,No,0
72.83,0,72.83,4.3017651530710745,-0.7361458945198622,0,No,0
72.83,0,72.83,4.3017651530710745,-0.7361458945198622,0,No,0
72.83,0,72.83,4.3017651530710745,-0.7361458945198622,0,No,0
72.83,0,72.83,4.3017651530710745,-0.7361458945198622,0,No,0
72.83,0,72.83,4.3017651530710745,-0.7361458945198622,0,No,0
73.0,0,73.0,4.30406509320417,-0.7344993204363196,0,No,0
73.0,0,73.0,4.30406509320417,-0.7344993204363196,0,No,0
73.0,0,73.0,4.30406509320417,-0.7344993204363196,0,No,0
73.0,0,73.0,4.30406509320417,-0.7344993204363196,0,No,0
73.17,0,73.17,4.306359755748467,-0.7328527463527771,0,No,0
73.17,0,73.17,4.306359755748467,-0.7328527463527771,0,No,0
73.17,0,73.17,4.306359755748467,-0.7328527463527771,0,No,0
73.17,0,73.17,4.306359755748467,-0.7328527463527771,0,No,0
73.33,0,73.33,4.308514638737202,-0.7313030295682664,0,No,0
73.33,0,73.33,4.308514638737202,-0.7313030295682664,0,No,0
73.33,0,73.33,4.308514638737202,-0.7313030295682664,0,No,0
73.33,0,73.33,4.308514638737202,-0.7313030295682664,0,No,0
73.33,0,73.33,4.308514638737202,-0.7313030295682664,0,No,0
73.33,0,73.33,4.308514638737202,-0.7313030295682664,0,No,0
73.33,0,73.33,4.308514638737202,-0.7313030295682664,0,No,0
73.33,0,73.33,4.308514638737202,-0.7313030295682664,0,Yes,1
73.33,0,73.33,4.308514638737202,-0.7313030295682664,0,No,0
73.33,0,73.33,4.308514638737202,-0.7313030295682664,0,No,0
73.33,0,73.33,4.308514638737202,-0.7313030295682664,0,Yes,1
73.33,0,73.33,4.308514638737202,-0.7313030295682664,0,No,0
73.4,0,73.4,4.309455941839047,-0.730625028475043,0,No,0
73.5,0,73.5,4.310799125385514,-0.7296564554847239,0,Yes,1
73.5,0,73.5,4.310799125385514,-0.7296564554847239,0,No,0
73.5,0,73.5,4.310799125385514,-0.7296564554847239,0,No,0
73.5,0,73.5,4.310799125385514,-0.7296564554847239,0,No,0
73.5,0,73.5,4.310799125385514,-0.7296564554847239,0,No,0
73.5,0,73.5,4.310799125385514,-0.7296564554847239,0,No,0
73.67,0,73.67,4.3130784050476105,-0.7280098814011814,0,No,0
73.67,0,73.67,4.3130784050476105,-0.7280098814011814,0,No,0
73.67,0,73.67,4.3130784050476105,-0.7280098814011814,0,No,0
73.67,0,73.67,4.3130784050476105,-0.7280098814011814,0,No,0
73.67,0,73.67,4.3130784050476105,-0.7280098814011814,0,No,0
73.67,0,73.67,4.3130784050476105,-0.7280098814011814,0,No,0
73.83,0,73.83,4.315218874092267,-0.7264601646166707,0,No,0
73.83,0,73.83,4.315218874092267,-0.7264601646166707,0,No,0
74.0,0,74.0,4.31748811353631,-0.7248135905331282,0,No,0
74.0,0,74.0,4.31748811353631,-0.7248135905331282,0,No,0
74.0,0,74.0,4.31748811353631,-0.7248135905331282,0,Yes,1
74.0,0,74.0,4.31748811353631,-0.7248135905331282,0,No,0
74.0,0,74.0,4.31748811353631,-0.7248135905331282,0,No,0
74.0,0,74.0,4.31748811353631,-0.7248135905331282,0,No,0
74.0,0,74.0,4.31748811353631,-0.7248135905331282,0,No,0
74.17,0,74.17,4.319752215189378,-0.7231670164495856,0,No,0
74.17,0,74.17,4.319752215189378,-0.7231670164495856,0,No,0
74.17,0,74.17,4.319752215189378,-0.7231670164495856,0,No,0
74.17,0,74.17,4.319752215189378,-0.7231670164495856,0,No,0
74.17,0,74.17,4.319752215189378,-0.7231670164495856,0,No,0
74.33,0,74.33,4.321878461837604,-0.721617299665075,0,No,0
74.33,0,74.33,4.321878461837604,-0.721617299665075,0,No,0
74.33,0,74.33,4.321878461837604,-0.721617299665075,0,Yes,1
74.33,0,74.33,4.321878461837604,-0.721617299665075,0,No,0
74.33,0,74.33,4.321878461837604,-0.721617299665075,0,No,0
74.5,0,74.5,4.324132656254979,-0.7199707255815325,0,No,0
74.5,0,74.5,4.324132656254979,-0.7199707255815325,0,No,0
74.5,0,74.5,4.324132656254979,-0.7199707255815325,0,No,0
74.5,0,74.5,4.324132656254979,-0.7199707255815325,0,No,0
74.5,0,74.5,4.324132656254979,-0.7199707255815325,0,No,0
74.5,0,74.5,4.324132656254979,-0.7199707255815325,0,No,0
74.67,0,74.67,4.326381780706431,-0.7183241514979899,0,No,0
74.67,0,74.67,4.326381780706431,-0.7183241514979899,0,No,0
74.67,0,74.67,4.326381780706431,-0.7183241514979899,0,Yes,1
74.67,0,74.67,4.326381780706431,-0.7183241514979899,0,Yes,1
74.83,0,74.83,4.328493992712844,-0.7167744347134793,0,No,0
74.83,0,74.83,4.328493992712844,-0.7167744347134793,0,No,0
74.83,0,74.83,4.328493992712844,-0.7167744347134793,0,No,0
75.0,0,75.0,4.330733340286331,-0.7151278606299367,0,No,0
75.0,0,75.0,4.330733340286331,-0.7151278606299367,0,No,0
75.0,0,75.0,4.330733340286331,-0.7151278606299367,0,No,0
75.0,0,75.0,4.330733340286331,-0.7151278606299367,0,No,0
75.0,0,75.0,4.330733340286331,-0.7151278606299367,0,No,0
75.0,0,75.0,4.330733340286331,-0.7151278606299367,0,No,0
75.17,0,75.17,4.3329676843846965,-0.7134812865463942,0,No,0
75.17,0,75.17,4.3329676843846965,-0.7134812865463942,0,No,0
75.17,0,75.17,4.3329676843846965,-0.7134812865463942,0,No,0
75.17,0,75.17,4.3329676843846965,-0.7134812865463942,0,No,0
75.17,0,75.17,4.3329676843846965,-0.7134812865463942,0,No,0
75.17,0,75.17,4.3329676843846965,-0.7134812865463942,0,No,0
75.17,0,75.17,4.3329676843846965,-0.7134812865463942,0,No,0
75.33,0,75.33,4.335066045810379,-0.7119315697618837,0,No,0
75.33,0,75.33,4.335066045810379,-0.7119315697618837,0,No,0
75.33,0,75.33,4.335066045810379,-0.7119315697618837,0,No,0
75.33,0,75.33,4.335066045810379,-0.7119315697618837,0,No,0
75.33,0,75.33,4.335066045810379,-0.7119315697618837,0,No,0
75.5,0,75.5,4.33729074083249,-0.710284995678341,0,No,0
75.5,0,75.5,4.33729074083249,-0.710284995678341,0,No,0
75.5,0,75.5,4.33729074083249,-0.710284995678341,0,No,0
75.5,0,75.5,4.33729074083249,-0.710284995678341,0,No,0
75.5,0,75.5,4.33729074083249,-0.710284995678341,0,No,0
75.5,0,75.5,4.33729074083249,-0.710284995678341,0,No,0
75.67,0,75.67,4.339510497570803,-0.7086384215947985,0,No,0
75.67,0,75.67,4.339510497570803,-0.7086384215947985,0,No,0
75.67,0,75.67,4.339510497570803,-0.7086384215947985,0,No,0
75.67,0,75.67,4.339510497570803,-0.7086384215947985,0,No,0
75.67,0,75.67,4.339510497570803,-0.7086384215947985,0,No,0
75.67,0,75.67,4.339510497570803,-0.7086384215947985,0,No,0
75.67,0,75.67,4.339510497570803,-0.7086384215947985,0,No,0
75.67,0,75.67,4.339510497570803,-0.7086384215947985,0,No,0
75.83,0,75.83,4.341595188879544,-0.7070887048102878,0,No,0
75.83,0,75.83,4.341595188879544,-0.7070887048102878,0,No,0
75.83,0,75.83,4.341595188879544,-0.7070887048102878,0,No,0
75.83,0,75.83,4.341595188879544,-0.7070887048102878,0,No,0
75.83,0,75.83,4.341595188879544,-0.7070887048102878,0,No,0
75.83,0,75.83,4.341595188879544,-0.7070887048102878,0,No,0
75.83,0,75.83,4.341595188879544,-0.7070887048102878,0,No,0
76.0,0,76.0,4.343805421853684,-0.7054421307267453,0,No,0
76.0,0,76.0,4.343805421853684,-0.7054421307267453,0,No,0
76.0,0,76.0,4.343805421853684,-0.7054421307267453,0,No,0
76.0,0,76.0,4.343805421853684,-0.7054421307267453,0,No,0
76.17,0,76.17,4.346010780469512,-0.7037955566432028,0,No,0
76.17,0,76.17,4.346010780469512,-0.7037955566432028,0,No,0
76.33,0,76.33,4.348081978620944,-0.7022458398586922,0,No,0
76.33,0,76.33,4.348081978620944,-0.7022458398586922,0,No,0
76.33,0,76.33,4.348081978620944,-0.7022458398586922,0,No,0
76.67,0,76.67,4.352469082431556,-0.698952691691607,0,Yes,1
76.67,0,76.67,4.352469082431556,-0.698952691691607,0,No,0
76.67,0,76.67,4.352469082431556,-0.698952691691607,0,No,0
76.67,0,76.67,4.352469082431556,-0.698952691691607,0,No,0
76.67,0,76.67,4.352469082431556,-0.698952691691607,0,No,0
76.83,0,76.83,4.354526960971297,-0.6974029749070965,0,No,0
76.83,0,76.83,4.354526960971297,-0.6974029749070965,0,No,0
76.83,0,76.83,4.354526960971297,-0.6974029749070965,0,No,0
76.83,0,76.83,4.354526960971297,-0.6974029749070965,0,No,0
76.83,0,76.83,4.354526960971297,-0.6974029749070965,0,No,0
76.83,0,76.83,4.354526960971297,-0.6974029749070965,0,No,0
77.0,0,77.0,4.356708826689592,-0.6957564008235539,0,No,0
77.0,0,77.0,4.356708826689592,-0.6957564008235539,0,No,0
77.0,0,77.0,4.356708826689592,-0.6957564008235539,0,No,0
77.0,0,77.0,4.356708826689592,-0.6957564008235539,0,No,0
77.0,0,77.0,4.356708826689592,-0.6957564008235539,0,No,0
77.0,0,77.0,4.356708826689592,-0.6957564008235539,0,Yes,1
77.0,0,77.0,4.356708826689592,-0.6957564008235539,0,No,0
77.17,0,77.17,4.358885942232239,-0.6941098267400113,0,No,0
77.17,0,77.17,4.358885942232239,-0.6941098267400113,0,No,0
77.17,0,77.17,4.358885942232239,-0.6941098267400113,0,No,0
77.17,0,77.17,4.358885942232239,-0.6941098267400113,0,No,0
77.17,0,77.17,4.358885942232239,-0.6941098267400113,0,No,0
77.2,0,77.2,4.359269647551265,-0.6938192548429156,0,No,0
77.33,0,77.33,4.360930671379148,-0.6925601099555008,0,No,0
77.33,0,77.33,4.360930671379148,-0.6925601099555008,0,No,0
77.33,0,77.33,4.360930671379148,-0.6925601099555008,0,No,0
77.5,0,77.5,4.363098624788363,-0.6909135358719581,0,No,0
77.5,0,77.5,4.363098624788363,-0.6909135358719581,0,No,0
77.5,0,77.5,4.363098624788363,-0.6909135358719581,0,No,0
77.5,0,77.5,4.363098624788363,-0.6909135358719581,0,No,0
77.5,0,77.5,4.363098624788363,-0.6909135358719581,0,No,0
77.5,0,77.5,4.363098624788363,-0.6909135358719581,0,No,0
77.67,0,77.67,4.365261888341151,-0.6892669617884156,0,No,0
77.67,0,77.67,4.365261888341151,-0.6892669617884156,0,No,0
77.67,0,77.67,4.365261888341151,-0.6892669617884156,0,No,0
77.67,0,77.67,4.365261888341151,-0.6892669617884156,0,No,0
77.83,0,77.83,4.367293635071817,-0.6877172450039051,0,No,0
78.0,0,78.0,4.3694478524670215,-0.6860706709203624,0,No,0
78.0,0,78.0,4.3694478524670215,-0.6860706709203624,0,No,0
78.0,0,78.0,4.3694478524670215,-0.6860706709203624,0,No,0
78.0,0,78.0,4.3694478524670215,-0.6860706709203624,0,No,0
78.0,0,78.0,4.3694478524670215,-0.6860706709203624,0,No,0
78.0,0,78.0,4.3694478524670215,-0.6860706709203624,0,No,0
78.17,0,78.17,4.3715974391833425,-0.6844240968368199,0,No,0
78.17,0,78.17,4.3715974391833425,-0.6844240968368199,0,No,0
78.17,0,78.17,4.3715974391833425,-0.6844240968368199,0,No,0
78.17,0,78.17,4.3715974391833425,-0.6844240968368199,0,Yes,1
78.17,0,78.17,4.3715974391833425,-0.6844240968368199,0,No,0
78.33,0,78.33,4.373616367313912,-0.6828743800523093,0,No,0
78.33,0,78.33,4.373616367313912,-0.6828743800523093,0,No,0
78.33,0,78.33,4.373616367313912,-0.6828743800523093,0,No,0
78.33,0,78.33,4.373616367313912,-0.6828743800523093,0,No,0
78.33,0,78.33,4.373616367313912,-0.6828743800523093,0,No,0
78.33,0,78.33,4.373616367313912,-0.6828743800523093,0,No,0
78.33,0,78.33,4.373616367313912,-0.6828743800523093,0,No,0
78.33,0,78.33,4.373616367313912,-0.6828743800523093,0,No,0
78.5,0,78.5,4.375757021660286,-0.6812278059687668,0,No,0
78.5,0,78.5,4.375757021660286,-0.6812278059687668,0,Yes,1
78.5,0,78.5,4.375757021660286,-0.6812278059687668,0,No,0
78.5,0,78.5,4.375757021660286,-0.6812278059687668,0,No,0
78.67,0,78.67,4.3778931033922746,-0.6795812318852242,0,No,0
78.67,0,78.67,4.3778931033922746,-0.6795812318852242,0,Yes,1
78.67,0,78.67,4.3778931033922746,-0.6795812318852242,0,No,0
78.67,0,78.67,4.3778931033922746,-0.6795812318852242,0,No,0
78.83,0,78.83,4.379899373657707,-0.6780315151007136,0,No,0
78.83,0,78.83,4.379899373657707,-0.6780315151007136,0,No,0
78.83,0,78.83,4.379899373657707,-0.6780315151007136,0,No,0
78.83,0,78.83,4.379899373657707,-0.6780315151007136,0,No,0
78.83,0,78.83,4.379899373657707,-0.6780315151007136,0,No,0
79.0,0,79.0,4.382026634673881,-0.6763849410171711,0,No,0
79.0,0,79.0,4.382026634673881,-0.6763849410171711,0,No,0
79.0,0,79.0,4.382026634673881,-0.6763849410171711,0,No,0
79.0,0,79.0,4.382026634673881,-0.6763849410171711,0,No,0
79.0,0,79.0,4.382026634673881,-0.6763849410171711,0,No,0
79.0,0,79.0,4.382026634673881,-0.6763849410171711,0,No,0
79.0,0,79.0,4.382026634673881,-0.6763849410171711,0,No,0
79.0,0,79.0,4.382026634673881,-0.6763849410171711,0,No,0
79.17,0,79.17,4.38414938005486,-0.6747383669336284,0,No,0
79.17,0,79.17,4.38414938005486,-0.6747383669336284,0,No,0
79.17,0,79.17,4.38414938005486,-0.6747383669336284,0,No,0
79.17,0,79.17,4.38414938005486,-0.6747383669336284,0,No,0
79.17,0,79.17,4.38414938005486,-0.6747383669336284,0,No,0
79.17,0,79.17,4.38414938005486,-0.6747383669336284,0,No,0
79.17,0,79.17,4.38414938005486,-0.6747383669336284,0,No,0
79.33,0,79.33,4.386143150185721,-0.6731886501491179,0,No,0
79.33,0,79.33,4.386143150185721,-0.6731886501491179,0,No,0
79.33,0,79.33,4.386143150185721,-0.6731886501491179,0,No,0
79.5,0,79.5,4.388257184424518,-0.6715420760655754,0,No,0
79.5,0,79.5,4.388257184424518,-0.6715420760655754,0,No,0
79.5,0,79.5,4.388257184424518,-0.6715420760655754,0,Yes,1
79.5,0,79.5,4.388257184424518,-0.6715420760655754,0,No,0
79.5,0,79.5,4.388257184424518,-0.6715420760655754,0,No,0
79.67,0,79.67,4.390366758948883,-0.6698955019820327,0,Yes,1
79.67,0,79.67,4.390366758948883,-0.6698955019820327,0,No,0
79.67,0,79.67,4.390366758948883,-0.6698955019820327,0,No,0
79.67,0,79.67,4.390366758948883,-0.6698955019820327,0,No,0
79.67,0,79.67,4.390366758948883,-0.6698955019820327,0,No,0
79.67,0,79.67,4.390366758948883,-0.6698955019820327,0,No,0
79.67,0,79.67,4.390366758948883,-0.6698955019820327,0,No,0
79.83,0,79.83,4.392348183745753,-0.6683457851975222,0,No,0
79.83,0,79.83,4.392348183745753,-0.6683457851975222,0,No,0
79.83,0,79.83,4.392348183745753,-0.6683457851975222,0,No,0
79.83,0,79.83,4.392348183745753,-0.6683457851975222,0,No,0
79.83,0,79.83,4.392348183745753,-0.6683457851975222,0,No,0
79.83,0,79.83,4.392348183745753,-0.6683457851975222,0,No,0
80.0,0,80.0,4.394449154672439,-0.6666992111139796,0,No,0
80.0,0,80.0,4.394449154672439,-0.6666992111139796,0,No,0
80.0,0,80.0,4.394449154672439,-0.6666992111139796,0,No,0
80.0,0,80.0,4.394449154672439,-0.6666992111139796,0,No,0
80.0,0,80.0,4.394449154672439,-0.6666992111139796,0,No,0
80.0,0,80.0,4.394449154672439,-0.6666992111139796,0,No,0
80.0,0,80.0,4.394449154672439,-0.6666992111139796,0,No,0
80.0,0,80.0,4.394449154672439,-0.6666992111139796,0,No,0
80.33,0,80.33,4.398514952178684,-0.6635029202459265,0,No,0
80.33,0,80.33,4.398514952178684,-0.6635029202459265,0,Yes,1
80.33,0,80.33,4.398514952178684,-0.6635029202459265,0,No,0
80.33,0,80.33,4.398514952178684,-0.6635029202459265,0,No,0
80.33,0,80.33,4.398514952178684,-0.6635029202459265,0,No,0
80.33,0,80.33,4.398514952178684,-0.6635029202459265,0,No,0
80.5,0,80.5,4.400603020246817,-0.6618563461623839,0,No,0
80.5,0,80.5,4.400603020246817,-0.6618563461623839,0,No,0
80.5,0,80.5,4.400603020246817,-0.6618563461623839,0,No,0
80.5,0,80.5,4.400603020246817,-0.6618563461623839,0,No,0
80.67,0,80.67,4.402686737370185,-0.6602097720788414,0,No,0
80.67,0,80.67,4.402686737370185,-0.6602097720788414,0,No,0
80.67,0,80.67,4.402686737370185,-0.6602097720788414,0,No,0
80.67,0,80.67,4.402686737370185,-0.6602097720788414,0,No,0
80.67,0,80.67,4.402686737370185,-0.6602097720788414,0,No,0
80.8,0,80.8,4.404277243608702,-0.6589506271914265,0,No,0
80.83,0,80.83,4.4046439245392905,-0.6586600552943307,0,No,0
80.83,0,80.83,4.4046439245392905,-0.6586600552943307,0,No,0
80.83,0,80.83,4.4046439245392905,-0.6586600552943307,0,No,0
80.83,0,80.83,4.4046439245392905,-0.6586600552943307,0,No,0
81.0,0,81.0,4.406719247264253,-0.6570134812107882,0,No,0
81.0,0,81.0,4.406719247264253,-0.6570134812107882,0,No,0
81.0,0,81.0,4.406719247264253,-0.6570134812107882,0,No,0
81.17,0,81.17,4.408790271943096,-0.6553669071272457,0,No,0
81.17,0,81.17,4.408790271943096,-0.6553669071272457,0,No,0
81.17,0,81.17,4.408790271943096,-0.6553669071272457,0,No,0
81.17,0,81.17,4.408790271943096,-0.6553669071272457,0,No,0
81.17,0,81.17,4.408790271943096,-0.6553669071272457,0,No,0
81.33,0,81.33,4.410735561310335,-0.653817190342735,0,No,0
81.5,0,81.5,4.412798293340635,-0.6521706162591925,0,No,0
81.5,0,81.5,4.412798293340635,-0.6521706162591925,0,No,0
81.5,0,81.5,4.412798293340635,-0.6521706162591925,0,No,0
81.5,0,81.5,4.412798293340635,-0.6521706162591925,0,Yes,1
81.67,0,81.67,4.414856779264584,-0.6505240421756499,0,Yes,1
81.67,0,81.67,4.414856779264584,-0.6505240421756499,0,No,0
81.67,0,81.67,4.414856779264584,-0.6505240421756499,0,No,0
81.83,0,81.83,4.416790314610172,-0.6489743253911393,0,No,0
81.83,0,81.83,4.416790314610172,-0.6489743253911393,0,No,0
81.83,0,81.83,4.416790314610172,-0.6489743253911393,0,No,0
81.83,0,81.83,4.416790314610172,-0.6489743253911393,0,No,0
81.83,0,81.83,4.416790314610172,-0.6489743253911393,0,No,0
81.83,0,81.83,4.416790314610172,-0.6489743253911393,0,No,0
81.83,0,81.83,4.416790314610172,-0.6489743253911393,0,No,0
82.0,0,82.0,4.418840607796598,-0.6473277513075968,0,No,0
82.0,0,82.0,4.418840607796598,-0.6473277513075968,0,No,0
82.0,0,82.0,4.418840607796598,-0.6473277513075968,0,No,0
82.0,0,82.0,4.418840607796598,-0.6473277513075968,0,No,0
82.0,0,82.0,4.418840607796598,-0.6473277513075968,0,No,0
82.0,0,82.0,4.418840607796598,-0.6473277513075968,0,No,0
82.17,0,82.17,4.420886705880596,-0.6456811772240542,0,No,0
82.17,0,82.17,4.420886705880596,-0.6456811772240542,0,No,0
82.17,0,82.17,4.420886705880596,-0.6456811772240542,0,No,0
82.33,0,82.33,4.422808628394115,-0.6441314604395436,0,No,0
82.33,0,82.33,4.422808628394115,-0.6441314604395436,0,No,0
82.33,0,82.33,4.422808628394115,-0.6441314604395436,0,No,0
82.33,0,82.33,4.422808628394115,-0.6441314604395436,0,No,0
82.33,0,82.33,4.422808628394115,-0.6441314604395436,0,No,0
82.33,0,82.33,4.422808628394115,-0.6441314604395436,0,No,0
82.33,0,82.33,4.422808628394115,-0.6441314604395436,0,No,0
82.5,0,82.5,4.42484663185681,-0.642484886356001,0,No,0
82.5,0,82.5,4.42484663185681,-0.642484886356001,0,No,0
82.5,0,82.5,4.42484663185681,-0.642484886356001,0,No,0
82.5,0,82.5,4.42484663185681,-0.642484886356001,0,No,0
82.5,0,82.5,4.42484663185681,-0.642484886356001,0,No,0
82.5,0,82.5,4.42484663185681,-0.642484886356001,0,No,0
82.5,0,82.5,4.42484663185681,-0.642484886356001,0,No,0
82.5,0,82.5,4.42484663185681,-0.642484886356001,0,No,0
82.5,0,82.5,4.42484663185681,-0.642484886356001,0,No,0
82.5,0,82.5,4.42484663185681,-0.642484886356001,0,No,0
82.5,0,82.5,4.42484663185681,-0.642484886356001,0,No,0
82.67,0,82.67,4.426880490307507,-0.6408383122724585,0,No,0
82.67,0,82.67,4.426880490307507,-0.6408383122724585,0,No,0
82.67,0,82.67,4.426880490307507,-0.6408383122724585,0,No,0
82.67,0,82.67,4.426880490307507,-0.6408383122724585,0,No,0
82.67,0,82.67,4.426880490307507,-0.6408383122724585,0,No,0
82.83,0,82.83,4.428790938649766,-0.6392885954879478,0,Yes,1
82.83,0,82.83,4.428790938649766,-0.6392885954879478,0,No,0
82.83,0,82.83,4.428790938649766,-0.6392885954879478,0,No,0
83.0,0,83.0,4.430816798843313,-0.6376420214044053,0,No,0
83.0,0,83.0,4.430816798843313,-0.6376420214044053,0,No,0
83.0,0,83.0,4.430816798843313,-0.6376420214044053,0,No,0
83.0,0,83.0,4.430816798843313,-0.6376420214044053,0,No,0
83.0,0,83.0,4.430816798843313,-0.6376420214044053,0,No,0
83.0,0,83.0,4.430816798843313,-0.6376420214044053,0,No,0
83.0,0,83.0,4.430816798843313,-0.6376420214044053,0,Yes,1
83.0,0,83.0,4.430816798843313,-0.6376420214044053,0,No,0
83.17,0,83.17,4.432838563223485,-0.6359954473208628,0,No,0
83.17,0,83.17,4.432838563223485,-0.6359954473208628,0,No,0
83.33,0,83.33,4.43473767358655,-0.6344457305363521,0,No,0
83.33,0,83.33,4.43473767358655,-0.6344457305363521,0,No,0
83.33,0,83.33,4.43473767358655,-0.6344457305363521,0,No,0
83.33,0,83.33,4.43473767358655,-0.6344457305363521,0,No,0
83.5,0,83.5,4.436751534363128,-0.6327991564528096,0,No,0
83.5,0,83.5,4.436751534363128,-0.6327991564528096,0,No,0
83.5,0,83.5,4.436751534363128,-0.6327991564528096,0,No,0
83.5,0,83.5,4.436751534363128,-0.6327991564528096,0,No,0
83.5,0,83.5,4.436751534363128,-0.6327991564528096,0,No,0
83.5,0,83.5,4.436751534363128,-0.6327991564528096,0,No,0
83.5,0,83.5,4.436751534363128,-0.6327991564528096,0,No,0
83.67,0,83.67,4.438761347654186,-0.6311525823692671,0,No,0
83.67,0,83.67,4.438761347654186,-0.6311525823692671,0,Yes,1
83.67,0,83.67,4.438761347654186,-0.6311525823692671,0,No,0
83.67,0,83.67,4.438761347654186,-0.6311525823692671,0,No,0
83.67,0,83.67,4.438761347654186,-0.6311525823692671,0,No,0
83.83,0,83.83,4.440649253819643,-0.6296028655847564,0,No,0
83.83,0,83.83,4.440649253819643,-0.6296028655847564,0,No,0
83.83,0,83.83,4.440649253819643,-0.6296028655847564,0,No,0
83.83,0,83.83,4.440649253819643,-0.6296028655847564,0,No,0
83.83,0,83.83,4.440649253819643,-0.6296028655847564,0,No,0
84.0,0,84.0,4.442651256490317,-0.6279562915012139,0,No,0
84.0,0,84.0,4.442651256490317,-0.6279562915012139,0,No,0
84.0,0,84.0,4.442651256490317,-0.6279562915012139,0,No,0
84.0,0,84.0,4.442651256490317,-0.6279562915012139,0,No,0
84.0,0,84.0,4.442651256490317,-0.6279562915012139,0,No,0
84.0,0,84.0,4.442651256490317,-0.6279562915012139,0,No,0
84.0,0,84.0,4.442651256490317,-0.6279562915012139,0,No,0
84.17,0,84.17,4.44464925915299,-0.6263097174176713,0,No,0
84.17,0,84.17,4.44464925915299,-0.6263097174176713,0,No,0
84.17,0,84.17,4.44464925915299,-0.6263097174176713,0,No,0
84.17,0,84.17,4.44464925915299,-0.6263097174176713,0,No,0
84.17,0,84.17,4.44464925915299,-0.6263097174176713,0,No,0
84.17,0,84.17,4.44464925915299,-0.6263097174176713,0,No,0
84.17,0,84.17,4.44464925915299,-0.6263097174176713,0,No,0
84.33,0,84.33,4.446526092548494,-0.6247600006331607,0,No,0
84.33,0,84.33,4.446526092548494,-0.6247600006331607,0,No,0
84.33,0,84.33,4.446526092548494,-0.6247600006331607,0,No,0
84.33,0,84.33,4.446526092548494,-0.6247600006331607,0,No,0
84.33,0,84.33,4.446526092548494,-0.6247600006331607,0,No,0
84.33,0,84.33,4.446526092548494,-0.6247600006331607,0,Yes,1
84.33,0,84.33,4.446526092548494,-0.6247600006331607,0,No,0
84.33,0,84.33,4.446526092548494,-0.6247600006331607,0,No,0
84.5,0,84.5,4.448516375942715,-0.6231134265496181,0,No,0
84.5,0,84.5,4.448516375942715,-0.6231134265496181,0,No,0
84.5,0,84.5,4.448516375942715,-0.6231134265496181,0,No,0
84.5,0,84.5,4.448516375942715,-0.6231134265496181,0,No,0
84.5,0,84.5,4.448516375942715,-0.6231134265496181,0,No,0
84.67,0,84.67,4.4505027059759525,-0.6214668524660756,0,No,0
84.67,0,84.67,4.4505027059759525,-0.6214668524660756,0,No,0
84.67,0,84.67,4.4505027059759525,-0.6214668524660756,0,No,0
84.67,0,84.67,4.4505027059759525,-0.6214668524660756,0,No,0
84.83,0,84.83,4.452368595730128,-0.619917135681565,0,No,0
84.83,0,84.83,4.452368595730128,-0.619917135681565,0,No,0
84.83,0,84.83,4.452368595730128,-0.619917135681565,0,No,0
84.83,0,84.83,4.452368595730128,-0.619917135681565,0,No,0
84.83,0,84.83,4.452368595730128,-0.619917135681565,0,No,0
85.0,0,85.0,4.454347296253507,-0.6182705615980224,0,No,0
85.0,0,85.0,4.454347296253507,-0.6182705615980224,0,No,0
85.0,0,85.0,4.454347296253507,-0.6182705615980224,0,No,0
85.0,0,85.0,4.454347296253507,-0.6182705615980224,0,No,0
85.0,0,85.0,4.454347296253507,-0.6182705615980224,0,No,0
85.0,0,85.0,4.454347296253507,-0.6182705615980224,0,No,0
85.0,0,85.0,4.454347296253507,-0.6182705615980224,0,No,0
85.0,0,85.0,4.454347296253507,-0.6182705615980224,0,No,0
85.0,0,85.0,4.454347296253507,-0.6182705615980224,0,No,0
85.17,0,85.17,4.4563220892516755,-0.6166239875144799,0,No,0
85.17,0,85.17,4.4563220892516755,-0.6166239875144799,0,No,0
85.17,0,85.17,4.4563220892516755,-0.6166239875144799,0,No,0
85.17,0,85.17,4.4563220892516755,-0.6166239875144799,0,No,0
85.33,0,85.33,4.4581771622474315,-0.6150742707299692,0,No,0
85.33,0,85.33,4.4581771622474315,-0.6150742707299692,0,No,0
85.33,0,85.33,4.4581771622474315,-0.6150742707299692,0,No,0
85.33,0,85.33,4.4581771622474315,-0.6150742707299692,0,No,0
85.5,0,85.5,4.460144413937834,-0.6134276966464267,0,No,0
85.5,0,85.5,4.460144413937834,-0.6134276966464267,0,No,0
85.67,0,85.67,4.462107803146254,-0.6117811225628842,0,No,0
85.67,0,85.67,4.462107803146254,-0.6117811225628842,0,No,0
85.67,0,85.67,4.462107803146254,-0.6117811225628842,0,No,0
85.67,0,85.67,4.462107803146254,-0.6117811225628842,0,No,0
85.67,0,85.67,4.462107803146254,-0.6117811225628842,0,No,0
85.67,0,85.67,4.462107803146254,-0.6117811225628842,0,No,0
85.83,0,85.83,4.463952184072554,-0.6102314057783735,0,No,0
85.83,0,85.83,4.463952184072554,-0.6102314057783735,0,No,0
85.83,0,85.83,4.463952184072554,-0.6102314057783735,0,No,0
85.83,0,85.83,4.463952184072554,-0.6102314057783735,0,No,0
85.83,0,85.83,4.463952184072554,-0.6102314057783735,0,No,0
86.0,0,86.0,4.465908118654584,-0.608584831694831,0,No,0
86.0,0,86.0,4.465908118654584,-0.608584831694831,0,No,0
86.0,0,86.0,4.465908118654584,-0.608584831694831,0,No,0
86.0,0,86.0,4.465908118654584,-0.608584831694831,0,No,0
86.17,0,86.17,4.467860235023485,-0.6069382576112884,0,No,0
86.17,0,86.17,4.467860235023485,-0.6069382576112884,0,No,0
86.17,0,86.17,4.467860235023485,-0.6069382576112884,0,No,0
86.17,0,86.17,4.467860235023485,-0.6069382576112884,0,No,0
86.33,0,86.33,4.469694046425642,-0.6053885408267778,0,No,0
86.33,0,86.33,4.469694046425642,-0.6053885408267778,0,No,0
86.33,0,86.33,4.469694046425642,-0.6053885408267778,0,No,0
86.33,0,86.33,4.469694046425642,-0.6053885408267778,0,No,0
86.5,0,86.5,4.471638793363569,-0.6037419667432353,0,No,0
86.5,0,86.5,4.471638793363569,-0.6037419667432353,0,No,0
86.5,0,86.5,4.471638793363569,-0.6037419667432353,0,No,0
86.5,0,86.5,4.471638793363569,-0.6037419667432353,0,No,0
86.5,0,86.5,4.471638793363569,-0.6037419667432353,0,No,0
86.67,0,86.67,4.473579765600494,-0.6020953926596927,0,No,0
86.67,0,86.67,4.473579765600494,-0.6020953926596927,0,No,0
86.67,0,86.67,4.473579765600494,-0.6020953926596927,0,No,0
86.67,0,86.67,4.473579765600494,-0.6020953926596927,0,Yes,1
86.67,0,86.67,4.473579765600494,-0.6020953926596927,0,No,0
86.67,0,86.67,4.473579765600494,-0.6020953926596927,0,No,0
86.67,0,86.67,4.473579765600494,-0.6020953926596927,0,No,0
86.67,0,86.67,4.473579765600494,-0.6020953926596927,0,No,0
86.83,0,86.83,4.475403127929026,-0.6005456758751821,0,No,0
86.83,0,86.83,4.475403127929026,-0.6005456758751821,0,No,0
86.83,0,86.83,4.475403127929026,-0.6005456758751821,0,No,0
86.83,0,86.83,4.475403127929026,-0.6005456758751821,0,No,0
87.0,0,87.0,4.477336814478207,-0.5988991017916395,0,No,0
87.0,0,87.0,4.477336814478207,-0.5988991017916395,0,No,0
87.0,0,87.0,4.477336814478207,-0.5988991017916395,0,No,0
87.0,0,87.0,4.477336814478207,-0.5988991017916395,0,No,0
87.0,0,87.0,4.477336814478207,-0.5988991017916395,0,No,0
87.0,0,87.0,4.477336814478207,-0.5988991017916395,0,No,0
87.17,0,87.17,4.479266769098936,-0.597252527708097,0,No,0
87.17,0,87.17,4.479266769098936,-0.597252527708097,0,No,0
87.33,0,87.33,4.4810798007570405,-0.5957028109235865,0,No,0
87.33,0,87.33,4.4810798007570405,-0.5957028109235865,0,No,0
87.33,0,87.33,4.4810798007570405,-0.5957028109235865,0,No,0
87.33,0,87.33,4.4810798007570405,-0.5957028109235865,0,No,0
87.33,0,87.33,4.4810798007570405,-0.5957028109235865,0,No,0
87.33,0,87.33,4.4810798007570405,-0.5957028109235865,0,No,0
87.33,0,87.33,4.4810798007570405,-0.5957028109235865,0,No,0
87.33,0,87.33,4.4810798007570405,-0.5957028109235865,0,No,0
87.5,0,87.5,4.483002552013883,-0.5940562368400438,0,No,0
87.5,0,87.5,4.483002552013883,-0.5940562368400438,0,No,0
87.5,0,87.5,4.483002552013883,-0.5940562368400438,0,No,0
87.5,0,87.5,4.483002552013883,-0.5940562368400438,0,No,0
87.5,0,87.5,4.483002552013883,-0.5940562368400438,0,No,0
87.5,0,87.5,4.483002552013883,-0.5940562368400438,0,Yes,1
87.6,0,87.6,4.484131857611035,-0.5930876638497248,0,No,0
87.67,0,87.67,4.484921613391916,-0.5924096627565013,0,No,0
87.67,0,87.67,4.484921613391916,-0.5924096627565013,0,No,0
87.67,0,87.67,4.484921613391916,-0.5924096627565013,0,No,0
87.67,0,87.67,4.484921613391916,-0.5924096627565013,0,No,0
87.83,0,87.83,4.486724430781609,-0.5908599459719907,0,No,0
87.83,0,87.83,4.486724430781609,-0.5908599459719907,0,No,0
87.83,0,87.83,4.486724430781609,-0.5908599459719907,0,No,0
87.83,0,87.83,4.486724430781609,-0.5908599459719907,0,No,0
87.83,0,87.83,4.486724430781609,-0.5908599459719907,0,No,0
87.83,0,87.83,4.486724430781609,-0.5908599459719907,0,No,0
87.83,0,87.83,4.486724430781609,-0.5908599459719907,0,Yes,1
87.83,0,87.83,4.486724430781609,-0.5908599459719907,0,No,0
88.0,0,88.0,4.48863636973214,-0.5892133718884481,0,No,0
88.0,0,88.0,4.48863636973214,-0.5892133718884481,0,No,0
88.0,0,88.0,4.48863636973214,-0.5892133718884481,0,No,0
88.17,0,88.17,4.490544660146788,-0.5875667978049056,0,No,0
88.17,0,88.17,4.490544660146788,-0.5875667978049056,0,No,0
88.17,0,88.17,4.490544660146788,-0.5875667978049056,0,No,0
88.17,0,88.17,4.490544660146788,-0.5875667978049056,0,No,0
88.33,0,88.33,4.492337377713747,-0.586017081020395,0,Yes,1
88.33,0,88.33,4.492337377713747,-0.586017081020395,0,No,0
88.33,0,88.33,4.492337377713747,-0.586017081020395,0,No,0
88.33,0,88.33,4.492337377713747,-0.586017081020395,0,No,0
88.33,0,88.33,4.492337377713747,-0.586017081020395,0,No,0
88.33,0,88.33,4.492337377713747,-0.586017081020395,0,No,0
88.33,0,88.33,4.492337377713747,-0.586017081020395,0,No,0
88.5,0,88.5,4.4942386252808095,-0.5843705069368524,0,No,0
88.5,0,88.5,4.4942386252808095,-0.5843705069368524,0,No,0
88.5,0,88.5,4.4942386252808095,-0.5843705069368524,0,No,0
88.5,0,88.5,4.4942386252808095,-0.5843705069368524,0,No,0
88.5,0,88.5,4.4942386252808095,-0.5843705069368524,0,No,0
88.67,0,88.67,4.4961362649639565,-0.5827239328533098,0,No,0
88.67,0,88.67,4.4961362649639565,-0.5827239328533098,0,No,0
88.67,0,88.67,4.4961362649639565,-0.5827239328533098,0,No,0
88.67,0,88.67,4.4961362649639565,-0.5827239328533098,0,No,0
88.8,0,88.8,4.497584975308154,-0.5814647879658951,0,No,0
88.83,0,88.83,4.497918995241116,-0.5811742160687993,0,No,0
88.83,0,88.83,4.497918995241116,-0.5811742160687993,0,No,0
88.83,0,88.83,4.497918995241116,-0.5811742160687993,0,No,0
89.0,0,89.0,4.499809670330265,-0.5795276419852567,0,No,0
89.0,0,89.0,4.499809670330265,-0.5795276419852567,0,No,0
89.0,0,89.0,4.499809670330265,-0.5795276419852567,0,No,0
89.17,0,89.17,4.501696777511816,-0.5778810679017141,0,Yes,1
89.17,0,89.17,4.501696777511816,-0.5778810679017141,0,No,0
89.17,0,89.17,4.501696777511816,-0.5778810679017141,0,No,0
89.17,0,89.17,4.501696777511816,-0.5778810679017141,0,No,0
89.17,0,89.17,4.501696777511816,-0.5778810679017141,0,No,0
89.2,0,89.2,4.502029427068578,-0.5775904960046184,0,No,0
89.33,0,89.33,4.503469631161752,-0.5763313511172036,0,No,0
89.33,0,89.33,4.503469631161752,-0.5763313511172036,0,No,0
89.33,0,89.33,4.503469631161752,-0.5763313511172036,0,No,0
89.33,0,89.33,4.503469631161752,-0.5763313511172036,0,No,0
89.33,0,89.33,4.503469631161752,-0.5763313511172036,0,No,0
89.33,0,89.33,4.503469631161752,-0.5763313511172036,0,No,0
89.5,0,89.5,4.505349850705881,-0.5746847770336609,0,No,0
89.5,0,89.5,4.505349850705881,-0.5746847770336609,0,No,0
89.5,0,89.5,4.505349850705881,-0.5746847770336609,0,Yes,1
89.5,0,89.5,4.505349850705881,-0.5746847770336609,0,No,0
89.5,0,89.5,4.505349850705881,-0.5746847770336609,0,No,0
89.5,0,89.5,4.505349850705881,-0.5746847770336609,0,No,0
89.5,0,89.5,4.505349850705881,-0.5746847770336609,0,No,0
89.5,0,89.5,4.505349850705881,-0.5746847770336609,0,No,0
89.67,0,89.67,4.507226541657965,-0.5730382029501184,0,No,0
89.67,0,89.67,4.507226541657965,-0.5730382029501184,0,No,0
89.67,0,89.67,4.507226541657965,-0.5730382029501184,0,No,0
89.67,0,89.67,4.507226541657965,-0.5730382029501184,0,No,0
89.67,0,89.67,4.507226541657965,-0.5730382029501184,0,No,0
89.67,0,89.67,4.507226541657965,-0.5730382029501184,0,No,0
89.67,0,89.67,4.507226541657965,-0.5730382029501184,0,No,0
89.83,0,89.83,4.508989627514122,-0.5714884861656079,0,No,0
89.83,0,89.83,4.508989627514122,-0.5714884861656079,0,No,0
89.83,0,89.83,4.508989627514122,-0.5714884861656079,0,No,0
89.83,0,89.83,4.508989627514122,-0.5714884861656079,0,No,0
89.83,0,89.83,4.508989627514122,-0.5714884861656079,0,No,0
89.83,0,89.83,4.508989627514122,-0.5714884861656079,0,No,0
90.0,0,90.0,4.51085950651685,-0.5698419120820652,0,No,0
90.0,0,90.0,4.51085950651685,-0.5698419120820652,0,No,0
90.0,0,90.0,4.51085950651685,-0.5698419120820652,0,No,0
90.0,0,90.0,4.51085950651685,-0.5698419120820652,0,No,0
90.17,0,90.17,4.5127258955968115,-0.5681953379985227,0,No,0
90.17,0,90.17,4.5127258955968115,-0.5681953379985227,0,No,0
90.33,0,90.33,4.514479320703588,-0.5666456212140121,0,No,0
90.33,0,90.33,4.514479320703588,-0.5666456212140121,0,No,0
90.33,0,90.33,4.514479320703588,-0.5666456212140121,0,No,0
90.33,0,90.33,4.514479320703588,-0.5666456212140121,0,No,0
90.33,0,90.33,4.514479320703588,-0.5666456212140121,0,No,0
90.33,0,90.33,4.514479320703588,-0.5666456212140121,0,No,0
90.5,0,90.5,4.516338972281476,-0.5649990471304696,0,No,0
90.5,0,90.5,4.516338972281476,-0.5649990471304696,0,No,0
90.5,0,90.5,4.516338972281476,-0.5649990471304696,0,No,0
90.5,0,90.5,4.516338972281476,-0.5649990471304696,0,No,0
90.5,0,90.5,4.516338972281476,-0.5649990471304696,0,No,0
90.5,0,90.5,4.516338972281476,-0.5649990471304696,0,No,0
90.67,0,90.67,4.518195171973685,-0.563352473046927,0,No,0
90.67,0,90.67,4.518195171973685,-0.563352473046927,0,No,0
90.67,0,90.67,4.518195171973685,-0.563352473046927,0,No,0
90.67,0,90.67,4.518195171973685,-0.563352473046927,0,No,0
90.67,0,90.67,4.518195171973685,-0.563352473046927,0,No,0
90.83,0,90.83,4.519939041625431,-0.5618027562624164,0,No,0
90.83,0,90.83,4.519939041625431,-0.5618027562624164,0,No,0
90.83,0,90.83,4.519939041625431,-0.5618027562624164,0,No,0
90.83,0,90.83,4.519939041625431,-0.5618027562624164,0,No,0
90.83,0,90.83,4.519939041625431,-0.5618027562624164,0,No,0
91.17,0,91.17,4.523634698005573,-0.5585096080953312,0,No,0
91.17,0,91.17,4.523634698005573,-0.5585096080953312,0,No,0
91.17,0,91.17,4.523634698005573,-0.5585096080953312,0,No,0
91.17,0,91.17,4.523634698005573,-0.5585096080953312,0,No,0
91.33,0,91.33,4.525369115784536,-0.5569598913108207,0,No,0
91.33,0,91.33,4.525369115784536,-0.5569598913108207,0,No,0
91.33,0,91.33,4.525369115784536,-0.5569598913108207,0,No,0
91.4,0,91.4,4.526126978647638,-0.5562818902175972,0,No,0
91.5,0,91.5,4.52720864451838,-0.5553133172272782,0,No,0
91.5,0,91.5,4.52720864451838,-0.5553133172272782,0,No,0
91.67,0,91.67,4.5290447955986,-0.5536667431437355,0,No,0
91.67,0,91.67,4.5290447955986,-0.5536667431437355,0,No,0
91.67,0,91.67,4.5290447955986,-0.5536667431437355,0,No,0
91.67,0,91.67,4.5290447955986,-0.5536667431437355,0,No,0
91.67,0,91.67,4.5290447955986,-0.5536667431437355,0,No,0
91.67,0,91.67,4.5290447955986,-0.5536667431437355,0,No,0
91.67,0,91.67,4.5290447955986,-0.5536667431437355,0,No,0
91.67,0,91.67,4.5290447955986,-0.5536667431437355,0,No,0
91.67,0,91.67,4.5290447955986,-0.5536667431437355,0,No,0
91.67,0,91.67,4.5290447955986,-0.5536667431437355,0,No,0
91.67,0,91.67,4.5290447955986,-0.5536667431437355,0,No,0
91.75,0,91.75,4.529907701487544,-0.5528918847514802,0,No,0
91.83,0,91.83,4.530769863411841,-0.552117026359225,0,No,0
91.83,0,91.83,4.530769863411841,-0.552117026359225,0,No,0
91.83,0,91.83,4.530769863411841,-0.552117026359225,0,No,0
92.0,0,92.0,4.532599493153256,-0.5504704522756824,0,No,0
92.0,0,92.0,4.532599493153256,-0.5504704522756824,0,No,0
92.0,0,92.0,4.532599493153256,-0.5504704522756824,0,No,0
92.0,0,92.0,4.532599493153256,-0.5504704522756824,0,No,0
92.17,0,92.17,4.534425781462334,-0.5488238781921398,0,No,0
92.17,0,92.17,4.534425781462334,-0.5488238781921398,0,No,0
92.17,0,92.17,4.534425781462334,-0.5488238781921398,0,No,0
92.17,0,92.17,4.534425781462334,-0.5488238781921398,0,No,0
92.17,0,92.17,4.534425781462334,-0.5488238781921398,0,No,0
92.33,0,92.33,4.536141599577656,-0.5472741614076293,0,No,0
92.33,0,92.33,4.536141599577656,-0.5472741614076293,0,No,0
92.33,0,92.33,4.536141599577656,-0.5472741614076293,0,No,0
92.5,0,92.5,4.537961436294641,-0.5456275873240867,0,No,0
92.5,0,92.5,4.537961436294641,-0.5456275873240867,0,No,0
92.5,0,92.5,4.537961436294641,-0.5456275873240867,0,No,0
92.67,0,92.67,4.539777967221039,-0.5439810132405442,0,No,0
92.67,0,92.67,4.539777967221039,-0.5439810132405442,0,No,0
92.67,0,92.67,4.539777967221039,-0.5439810132405442,0,No,0
92.67,0,92.67,4.539777967221039,-0.5439810132405442,0,No,0
92.67,0,92.67,4.539777967221039,-0.5439810132405442,0,No,0
92.67,0,92.67,4.539777967221039,-0.5439810132405442,0,No,0
92.67,0,92.67,4.539777967221039,-0.5439810132405442,0,No,0
92.67,0,92.67,4.539777967221039,-0.5439810132405442,0,No,0
92.67,0,92.67,4.539777967221039,-0.5439810132405442,0,No,0
92.67,0,92.67,4.539777967221039,-0.5439810132405442,0,No,0
92.83,0,92.83,4.541484634301958,-0.5424312964560335,0,No,0
92.83,0,92.83,4.541484634301958,-0.5424312964560335,0,No,0
92.83,0,92.83,4.541484634301958,-0.5424312964560335,0,No,0
92.83,0,92.83,4.541484634301958,-0.5424312964560335,0,No,0
93.0,0,93.0,4.543294782270004,-0.540784722372491,0,No,0
93.17,0,93.17,4.545101659521972,-0.5391381482889485,0,No,0
93.17,0,93.17,4.545101659521972,-0.5391381482889485,0,No,0
93.17,0,93.17,4.545101659521972,-0.5391381482889485,0,No,0
93.17,0,93.17,4.545101659521972,-0.5391381482889485,0,No,0
93.33,0,93.33,4.546799272661762,-0.5375884315044378,0,Yes,1
93.33,0,93.33,4.546799272661762,-0.5375884315044378,0,No,0
93.33,0,93.33,4.546799272661762,-0.5375884315044378,0,No,0
93.33,0,93.33,4.546799272661762,-0.5375884315044378,0,No,0
93.5,0,93.5,4.548599834499697,-0.5359418574208953,0,Yes,1
93.5,0,93.5,4.548599834499697,-0.5359418574208953,0,No,0
93.5,0,93.5,4.548599834499697,-0.5359418574208953,0,No,0
93.67,0,93.67,4.5503971601407995,-0.5342952833373527,0,No,0
93.67,0,93.67,4.5503971601407995,-0.5342952833373527,0,No,0
93.83,0,93.83,4.552085814895636,-0.5327455665528421,0,No,0
93.83,0,93.83,4.552085814895636,-0.5327455665528421,0,No,0
93.83,0,93.83,4.552085814895636,-0.5327455665528421,0,No,0
93.83,0,93.83,4.552085814895636,-0.5327455665528421,0,No,0
93.83,0,93.83,4.552085814895636,-0.5327455665528421,0,Yes,1
93.83,0,93.83,4.552085814895636,-0.5327455665528421,0,No,0
93.83,0,93.83,4.552085814895636,-0.5327455665528421,0,No,0
94.0,0,94.0,4.553876891600541,-0.5310989924692996,0,No,0
94.0,0,94.0,4.553876891600541,-0.5310989924692996,0,No,0
94.0,0,94.0,4.553876891600541,-0.5310989924692996,0,No,0
94.0,0,94.0,4.553876891600541,-0.5310989924692996,0,No,0
94.0,0,94.0,4.553876891600541,-0.5310989924692996,0,No,0
94.0,0,94.0,4.553876891600541,-0.5310989924692996,0,No,0
94.0,0,94.0,4.553876891600541,-0.5310989924692996,0,No,0
94.17,0,94.17,4.555664766084252,-0.529452418385757,0,No,0
94.17,0,94.17,4.555664766084252,-0.529452418385757,0,No,0
94.17,0,94.17,4.555664766084252,-0.529452418385757,0,No,0
94.17,0,94.17,4.555664766084252,-0.529452418385757,0,No,0
94.17,0,94.17,4.555664766084252,-0.529452418385757,0,No,0
94.17,0,94.17,4.555664766084252,-0.529452418385757,0,No,0
94.17,0,94.17,4.555664766084252,-0.529452418385757,0,No,0
94.33,0,94.33,4.557344556505487,-0.5279027016012464,0,No,0
94.33,0,94.33,4.557344556505487,-0.5279027016012464,0,Yes,1
94.33,0,94.33,4.557344556505487,-0.5279027016012464,0,No,0
94.33,0,94.33,4.557344556505487,-0.5279027016012464,0,No,0
94.5,0,94.5,4.5591262474866845,-0.5262561275177038,0,No,0
94.5,0,94.5,4.5591262474866845,-0.5262561275177038,0,No,0
94.5,0,94.5,4.5591262474866845,-0.5262561275177038,0,No,0
94.5,0,94.5,4.5591262474866845,-0.5262561275177038,0,No,0
94.67,0,94.67,4.560904769690076,-0.5246095534341613,0,No,0
94.67,0,94.67,4.560904769690076,-0.5246095534341613,0,No,0
94.67,0,94.67,4.560904769690076,-0.5246095534341613,0,No,0
94.67,0,94.67,4.560904769690076,-0.5246095534341613,0,Yes,1
94.67,0,94.67,4.560904769690076,-0.5246095534341613,0,Yes,1
94.67,0,94.67,4.560904769690076,-0.5246095534341613,0,No,0
94.67,0,94.67,4.560904769690076,-0.5246095534341613,0,No,0
94.67,0,94.67,4.560904769690076,-0.5246095534341613,0,No,0
94.67,0,94.67,4.560904769690076,-0.5246095534341613,0,No,0
94.67,0,94.67,4.560904769690076,-0.5246095534341613,0,No,0
94.67,0,94.67,4.560904769690076,-0.5246095534341613,0,No,0
94.83,0,94.83,4.562575788355671,-0.5230598366496507,0,No,0
94.83,0,94.83,4.562575788355671,-0.5230598366496507,0,No,0
94.83,0,94.83,4.562575788355671,-0.5230598366496507,0,No,0
94.83,0,94.83,4.562575788355671,-0.5230598366496507,0,No,0
94.83,0,94.83,4.562575788355671,-0.5230598366496507,0,No,0
94.83,0,94.83,4.562575788355671,-0.5230598366496507,0,No,0
95.0,0,95.0,4.564348191467836,-0.5214132625661081,0,No,0
95.0,0,95.0,4.564348191467836,-0.5214132625661081,0,No,0
95.0,0,95.0,4.564348191467836,-0.5214132625661081,0,No,0
95.0,0,95.0,4.564348191467836,-0.5214132625661081,0,No,0
95.0,0,95.0,4.564348191467836,-0.5214132625661081,0,Yes,1
95.0,0,95.0,4.564348191467836,-0.5214132625661081,0,No,0
95.0,0,95.0,4.564348191467836,-0.5214132625661081,0,No,0
95.0,0,95.0,4.564348191467836,-0.5214132625661081,0,No,0
95.0,0,95.0,4.564348191467836,-0.5214132625661081,0,No,0
95.17,0,95.17,4.56611745872439,-0.5197666884825656,0,No,0
95.17,0,95.17,4.56611745872439,-0.5197666884825656,0,No,0
95.17,0,95.17,4.56611745872439,-0.5197666884825656,0,No,0
95.5,0,95.5,4.56954300834494,-0.5165703976145124,0,No,0
95.5,0,95.5,4.56954300834494,-0.5165703976145124,0,Yes,1
95.5,0,95.5,4.56954300834494,-0.5165703976145124,0,No,0
95.5,0,95.5,4.56954300834494,-0.5165703976145124,0,No,0
95.5,0,95.5,4.56954300834494,-0.5165703976145124,0,No,0
95.67,0,95.67,4.571303116476514,-0.5149238235309699,0,No,0
95.67,0,95.67,4.571303116476514,-0.5149238235309699,0,No,0
95.83,0,95.83,4.57295686362344,-0.5133741067464592,0,No,0
95.83,0,95.83,4.57295686362344,-0.5133741067464592,0,No,0
95.83,0,95.83,4.57295686362344,-0.5133741067464592,0,No,0
96.0,0,96.0,4.574710978503383,-0.5117275326629167,0,No,0
96.0,0,96.0,4.574710978503383,-0.5117275326629167,0,No,0
96.0,0,96.0,4.574710978503383,-0.5117275326629167,0,No,0
96.0,0,96.0,4.574710978503383,-0.5117275326629167,0,No,0
96.0,0,96.0,4.574710978503383,-0.5117275326629167,0,No,0
96.0,0,96.0,4.574710978503383,-0.5117275326629167,0,No,0
96.0,0,96.0,4.574710978503383,-0.5117275326629167,0,No,0
96.0,0,96.0,4.574710978503383,-0.5117275326629167,0,No,0
96.0,0,96.0,4.574710978503383,-0.5117275326629167,0,No,0
96.0,0,96.0,4.574710978503383,-0.5117275326629167,0,No,0
96.0,0,96.0,4.574710978503383,-0.5117275326629167,0,No,0
96.17,0,96.17,4.576462021851348,-0.5100809585793741,0,No,0
96.17,0,96.17,4.576462021851348,-0.5100809585793741,0,No,0
96.17,0,96.17,4.576462021851348,-0.5100809585793741,0,No,0
96.17,0,96.17,4.576462021851348,-0.5100809585793741,0,Yes,1
96.17,0,96.17,4.576462021851348,-0.5100809585793741,0,No,0
96.17,0,96.17,4.576462021851348,-0.5100809585793741,0,No,0
96.17,0,96.17,4.576462021851348,-0.5100809585793741,0,No,0
96.17,0,96.17,4.576462021851348,-0.5100809585793741,0,No,0
96.33,0,96.33,4.578107266438402,-0.5085312417948635,0,No,0
96.33,0,96.33,4.578107266438402,-0.5085312417948635,0,No,0
96.33,0,96.33,4.578107266438402,-0.5085312417948635,0,No,0
96.5,0,96.5,4.579852378003801,-0.506884667711321,0,No,0
96.5,0,96.5,4.579852378003801,-0.506884667711321,0,No,0
96.5,0,96.5,4.579852378003801,-0.506884667711321,0,No,0
96.5,0,96.5,4.579852378003801,-0.506884667711321,0,No,0
96.5,0,96.5,4.579852378003801,-0.506884667711321,0,No,0
96.5,0,96.5,4.579852378003801,-0.506884667711321,0,No,0
96.5,0,96.5,4.579852378003801,-0.506884667711321,0,No,0
96.5,0,96.5,4.579852378003801,-0.506884667711321,0,No,0
96.5,0,96.5,4.579852378003801,-0.506884667711321,0,No,0
96.5,0,96.5,4.579852378003801,-0.506884667711321,0,No,0
96.67,0,96.67,4.581594449459386,-0.5052380936277784,0,No,0
96.67,0,96.67,4.581594449459386,-0.5052380936277784,0,No,0
96.67,0,96.67,4.581594449459386,-0.5052380936277784,0,No,0
96.83,0,96.83,4.583231278469338,-0.5036883768432678,0,No,0
96.83,0,96.83,4.583231278469338,-0.5036883768432678,0,No,0
96.83,0,96.83,4.583231278469338,-0.5036883768432678,0,No,0
96.83,0,96.83,4.583231278469338,-0.5036883768432678,0,No,0
96.83,0,96.83,4.583231278469338,-0.5036883768432678,0,No,0
96.83,0,96.83,4.583231278469338,-0.5036883768432678,0,No,0
97.0,0,97.0,4.584967478670572,-0.5020418027597252,0,No,0
97.0,0,97.0,4.584967478670572,-0.5020418027597252,0,No,0
97.17,0,97.17,4.58670066970443,-0.5003952286761827,0,No,0
97.33,0,97.33,4.588329168792065,-0.4988455118916721,0,No,0
97.33,0,97.33,4.588329168792065,-0.4988455118916721,0,Yes,1
97.33,0,97.33,4.588329168792065,-0.4988455118916721,0,No,0
97.33,0,97.33,4.588329168792065,-0.4988455118916721,0,No,0
97.5,0,97.5,4.590056548178043,-0.4971989378081295,0,No,0
97.5,0,97.5,4.590056548178043,-0.4971989378081295,0,No,0
97.5,0,97.5,4.590056548178043,-0.4971989378081295,0,No,0
97.5,0,97.5,4.590056548178043,-0.4971989378081295,0,Yes,1
97.5,0,97.5,4.590056548178043,-0.4971989378081295,0,No,0
97.5,0,97.5,4.590056548178043,-0.4971989378081295,0,No,0
97.5,0,97.5,4.590056548178043,-0.4971989378081295,0,No,0
97.67,0,97.67,4.591780948869076,-0.495552363724587,0,Yes,1
97.67,0,97.67,4.591780948869076,-0.495552363724587,0,No,0
97.67,0,97.67,4.591780948869076,-0.495552363724587,0,No,0
97.67,0,97.67,4.591780948869076,-0.495552363724587,0,No,0
97.67,0,97.67,4.591780948869076,-0.495552363724587,0,No,0
97.67,0,97.67,4.591780948869076,-0.495552363724587,0,No,0
97.67,0,97.67,4.591780948869076,-0.495552363724587,0,No,0
97.67,0,97.67,4.591780948869076,-0.495552363724587,0,No,0
97.83,0,97.83,4.593401202388092,-0.4940026469400764,0,No,0
97.83,0,97.83,4.593401202388092,-0.4940026469400764,0,No,0
97.83,0,97.83,4.593401202388092,-0.4940026469400764,0,No,0
98.0,0,98.0,4.59511985013459,-0.4923560728565338,0,Yes,1
98.0,0,98.0,4.59511985013459,-0.4923560728565338,0,No,0
98.0,0,98.0,4.59511985013459,-0.4923560728565338,0,No,0
98.0,0,98.0,4.59511985013459,-0.4923560728565338,0,No,0
98.17,0,98.17,4.596835549198034,-0.49070949877299125,0,No,0
98.17,0,98.17,4.596835549198034,-0.49070949877299125,0,No,0
98.17,0,98.17,4.596835549198034,-0.49070949877299125,0,No,0
98.17,0,98.17,4.596835549198034,-0.49070949877299125,0,No,0
98.25,0,98.25,4.5976419195673,-0.489934640380736,0,No,0
98.33,0,98.33,4.598447640227264,-0.48915978198848065,0,No,0
98.33,0,98.33,4.598447640227264,-0.48915978198848065,0,No,0
98.33,0,98.33,4.598447640227264,-0.48915978198848065,0,No,0
98.33,0,98.33,4.598447640227264,-0.48915978198848065,0,Yes,1
98.33,0,98.33,4.598447640227264,-0.48915978198848065,0,No,0
98.33,0,98.33,4.598447640227264,-0.48915978198848065,0,No,0
98.5,0,98.5,4.600157644164547,-0.4875132079049381,0,No,0
98.5,0,98.5,4.600157644164547,-0.4875132079049381,0,No,0
98.5,0,98.5,4.600157644164547,-0.4875132079049381,0,No,0
98.5,0,98.5,4.600157644164547,-0.4875132079049381,0,No,0
98.5,0,98.5,4.600157644164547,-0.4875132079049381,0,No,0
98.5,0,98.5,4.600157644164547,-0.4875132079049381,0,No,0
98.5,0,98.5,4.600157644164547,-0.4875132079049381,0,No,0
98.5,0,98.5,4.600157644164547,-0.4875132079049381,0,No,0
98.5,0,98.5,4.600157644164547,-0.4875132079049381,0,No,0
98.67,0,98.67,4.601864728979365,-0.48586663382139555,0,No,0
98.67,0,98.67,4.601864728979365,-0.48586663382139555,0,No,0
98.67,0,98.67,4.601864728979365,-0.48586663382139555,0,No,0
98.67,0,98.67,4.601864728979365,-0.48586663382139555,0,No,0
98.67,0,98.67,4.601864728979365,-0.48586663382139555,0,No,0
98.67,0,98.67,4.601864728979365,-0.48586663382139555,0,No,0
98.67,0,98.67,4.601864728979365,-0.48586663382139555,0,No,0
98.67,0,98.67,4.601864728979365,-0.48586663382139555,0,No,0
98.67,0,98.67,4.601864728979365,-0.48586663382139555,0,No,0
98.67,0,98.67,4.601864728979365,-0.48586663382139555,0,No,0
98.67,0,98.67,4.601864728979365,-0.48586663382139555,0,No,0
98.67,0,98.67,4.601864728979365,-0.48586663382139555,0,No,0
98.83,0,98.83,4.603468739348334,-0.48431691703688495,0,No,0
98.83,0,98.83,4.603468739348334,-0.48431691703688495,0,No,0
98.83,0,98.83,4.603468739348334,-0.48431691703688495,0,No,0
98.83,0,98.83,4.603468739348334,-0.48431691703688495,0,No,0
98.83,0,98.83,4.603468739348334,-0.48431691703688495,0,No,0
98.83,0,98.83,4.603468739348334,-0.48431691703688495,0,No,0
98.83,0,98.83,4.603468739348334,-0.48431691703688495,0,No,0
99.0,0,99.0,4.605170185988092,-0.4826703429533424,0,No,0
99.0,0,99.0,4.605170185988092,-0.4826703429533424,0,No,0
99.0,0,99.0,4.605170185988092,-0.4826703429533424,0,No,0
99.17,0,99.17,4.606868742623673,-0.4810237688697998,0,No,0
99.17,0,99.17,4.606868742623673,-0.4810237688697998,0,No,0
99.17,0,99.17,4.606868742623673,-0.4810237688697998,0,No,0
99.17,0,99.17,4.606868742623673,-0.4810237688697998,0,No,0
99.17,0,99.17,4.606868742623673,-0.4810237688697998,0,No,0
99.33,0,99.33,4.608464752937522,-0.4794740520852892,0,No,0
99.33,0,99.33,4.608464752937522,-0.4794740520852892,0,No,0
99.33,0,99.33,4.608464752937522,-0.4794740520852892,0,No,0
99.33,0,99.33,4.608464752937522,-0.4794740520852892,0,No,0
99.5,0,99.5,4.61015772749913,-0.4778274780017467,0,No,0
99.5,0,99.5,4.61015772749913,-0.4778274780017467,0,No,0
99.5,0,99.5,4.61015772749913,-0.4778274780017467,0,No,0
99.5,0,99.5,4.61015772749913,-0.4778274780017467,0,Yes,1
99.5,0,99.5,4.61015772749913,-0.4778274780017467,0,No,0
99.67,0,99.67,4.611847840741332,-0.4761809039182041,0,No,0
99.67,0,99.67,4.611847840741332,-0.4761809039182041,0,No,0
99.67,0,99.67,4.611847840741332,-0.4761809039182041,0,No,0
99.67,0,99.67,4.611847840741332,-0.4761809039182041,0,No,0
99.67,0,99.67,4.611847840741332,-0.4761809039182041,0,No,0
99.67,0,99.67,4.611847840741332,-0.4761809039182041,0,No,0
99.67,0,99.67,4.611847840741332,-0.4761809039182041,0,No,0
99.67,0,99.67,4.611847840741332,-0.4761809039182041,0,No,0
99.67,0,99.67,4.611847840741332,-0.4761809039182041,0,No,0
99.83,0,99.83,4.613435930405124,-0.4746311871336935,0,Yes,1
99.83,0,99.83,4.613435930405124,-0.4746311871336935,0,No,0
99.83,0,99.83,4.613435930405124,-0.4746311871336935,0,No,0
99.83,0,99.83,4.613435930405124,-0.4746311871336935,0,No,0
99.83,0,99.83,4.613435930405124,-0.4746311871336935,0,No,0
99.83,0,99.83,4.613435930405124,-0.4746311871336935,0,No,0
100.0,0,100.0,4.61512051684126,-0.47298461305015094,0,No,0
100.0,0,100.0,4.61512051684126,-0.47298461305015094,0,No,0
100.0,0,100.0,4.61512051684126,-0.47298461305015094,0,No,0
100.0,0,100.0,4.61512051684126,-0.47298461305015094,0,No,0
100.0,0,100.0,4.61512051684126,-0.47298461305015094,0,No,0
100.0,0,100.0,4.61512051684126,-0.47298461305015094,0,No,0
100.0,0,100.0,4.61512051684126,-0.47298461305015094,0,No,0
100.0,0,100.0,4.61512051684126,-0.47298461305015094,0,Yes,1
100.0,0,100.0,4.61512051684126,-0.47298461305015094,0,No,0
100.0,0,100.0,4.61512051684126,-0.47298461305015094,0,No,0
100.0,0,100.0,4.61512051684126,-0.47298461305015094,0,No,0
100.17,0,100.17,4.616802270217799,-0.47133803896660836,0,No,0
100.17,0,100.17,4.616802270217799,-0.47133803896660836,0,No,0
100.17,0,100.17,4.616802270217799,-0.47133803896660836,0,No,0
100.17,0,100.17,4.616802270217799,-0.47133803896660836,0,No,0
100.33,0,100.33,4.618382517460226,-0.4697883221820978,0,Yes,1
100.33,0,100.33,4.618382517460226,-0.4697883221820978,0,No,0
100.33,0,100.33,4.618382517460226,-0.4697883221820978,0,Yes,1
100.33,0,100.33,4.618382517460226,-0.4697883221820978,0,No,0
100.33,0,100.33,4.618382517460226,-0.4697883221820978,0,Yes,1
100.5,0,100.5,4.620058798481842,-0.46814174809855524,0,No,0
100.5,0,100.5,4.620058798481842,-0.46814174809855524,0,No,0
100.5,0,100.5,4.620058798481842,-0.46814174809855524,0,No,0
100.5,0,100.5,4.620058798481842,-0.46814174809855524,0,No,0
100.5,0,100.5,4.620058798481842,-0.46814174809855524,0,No,0
100.5,0,100.5,4.620058798481842,-0.46814174809855524,0,No,0
100.5,0,100.5,4.620058798481842,-0.46814174809855524,0,No,0
100.5,0,100.5,4.620058798481842,-0.46814174809855524,0,Yes,1
100.5,0,100.5,4.620058798481842,-0.46814174809855524,0,No,0
100.67,0,100.67,4.62173227428707,-0.46649517401501267,0,No,0
100.67,0,100.67,4.62173227428707,-0.46649517401501267,0,No,0
100.67,0,100.67,4.62173227428707,-0.46649517401501267,0,No,0
100.67,0,100.67,4.62173227428707,-0.46649517401501267,0,No,0
100.67,0,100.67,4.62173227428707,-0.46649517401501267,0,No,0
100.83,0,100.83,4.623304756183574,-0.46494545723050207,0,No,0
100.83,0,100.83,4.623304756183574,-0.46494545723050207,0,No,0
100.83,0,100.83,4.623304756183574,-0.46494545723050207,0,No,0
100.83,0,100.83,4.623304756183574,-0.46494545723050207,0,No,0
101.0,0,101.0,4.624972813284271,-0.4632988831469595,0,No,0
101.17,0,101.17,4.626638092603332,-0.461652309063417,0,No,0
101.17,0,101.17,4.626638092603332,-0.461652309063417,0,No,0
101.17,0,101.17,4.626638092603332,-0.461652309063417,0,No,0
101.33,0,101.33,4.628202885098664,-0.4601025922789064,0,No,0
101.33,0,101.33,4.628202885098664,-0.4601025922789064,0,No,0
101.5,0,101.5,4.629862798578463,-0.4584560181953638,0,No,0
101.5,0,101.5,4.629862798578463,-0.4584560181953638,0,No,0
101.5,0,101.5,4.629862798578463,-0.4584560181953638,0,No,0
101.5,0,101.5,4.629862798578463,-0.4584560181953638,0,No,0
101.5,0,101.5,4.629862798578463,-0.4584560181953638,0,No,0
101.5,0,101.5,4.629862798578463,-0.4584560181953638,0,No,0
101.5,0,101.5,4.629862798578463,-0.4584560181953638,0,Yes,1
101.67,0,101.67,4.6315199613108735,-0.45680944411182123,0,No,0
101.67,0,101.67,4.6315199613108735,-0.45680944411182123,0,No,0
101.67,0,101.67,4.6315199613108735,-0.45680944411182123,0,No,0
101.67,0,101.67,4.6315199613108735,-0.45680944411182123,0,No,0
101.67,0,101.67,4.6315199613108735,-0.45680944411182123,0,No,0
101.67,0,101.67,4.6315199613108735,-0.45680944411182123,0,No,0
101.83,0,101.83,4.6330771392411,-0.4552597273273106,0,No,0
101.83,0,101.83,4.6330771392411,-0.4552597273273106,0,No,0
101.83,0,101.83,4.6330771392411,-0.4552597273273106,0,No,0
101.83,0,101.83,4.6330771392411,-0.4552597273273106,0,No,0
102.0,0,102.0,4.634728988229636,-0.4536131532437681,0,No,0
102.0,0,102.0,4.634728988229636,-0.4536131532437681,0,No,0
102.0,0,102.0,4.634728988229636,-0.4536131532437681,0,No,0
102.0,0,102.0,4.634728988229636,-0.4536131532437681,0,No,0
102.0,0,102.0,4.634728988229636,-0.4536131532437681,0,No,0
102.17,0,102.17,4.6363781131122845,-0.45196657916022553,0,No,0
102.17,0,102.17,4.6363781131122845,-0.45196657916022553,0,No,0
102.33,0,102.33,4.637927750226264,-0.45041686237571493,0,No,0
102.33,0,102.33,4.637927750226264,-0.45041686237571493,0,No,0
102.33,0,102.33,4.637927750226264,-0.45041686237571493,0,No,0
102.5,0,102.5,4.639571612705423,-0.44877028829217236,0,Yes,1
102.5,0,102.5,4.639571612705423,-0.44877028829217236,0,No,0
102.5,0,102.5,4.639571612705423,-0.44877028829217236,0,No,0
102.67,0,102.67,4.641212777335021,-0.4471237142086298,0,No,0
102.67,0,102.67,4.641212777335021,-0.4471237142086298,0,No,0
102.67,0,102.67,4.641212777335021,-0.4471237142086298,0,Yes,1
102.67,0,102.67,4.641212777335021,-0.4471237142086298,0,No,0
102.67,0,102.67,4.641212777335021,-0.4471237142086298,0,No,0
102.83,0,102.83,4.642754946315362,-0.4455739974241192,0,No,0
102.83,0,102.83,4.642754946315362,-0.4455739974241192,0,No,0
102.83,0,102.83,4.642754946315362,-0.4455739974241192,0,No,0
102.83,0,102.83,4.642754946315362,-0.4455739974241192,0,No,0
102.83,0,102.83,4.642754946315362,-0.4455739974241192,0,No,0
103.0,0,103.0,4.6443908991413725,-0.44392742334057667,0,No,0
103.0,0,103.0,4.6443908991413725,-0.44392742334057667,0,No,0
103.0,0,103.0,4.6443908991413725,-0.44392742334057667,0,No,0
103.0,0,103.0,4.6443908991413725,-0.44392742334057667,0,No,0
103.0,0,103.0,4.6443908991413725,-0.44392742334057667,0,No,0
103.0,0,103.0,4.6443908991413725,-0.44392742334057667,0,No,0
103.0,0,103.0,4.6443908991413725,-0.44392742334057667,0,No,0
103.0,0,103.0,4.6443908991413725,-0.44392742334057667,0,No,0
103.17,0,103.17,4.646024179996357,-0.4422808492570341,0,No,0
103.17,0,103.17,4.646024179996357,-0.4422808492570341,0,No,0
103.17,0,103.17,4.646024179996357,-0.4422808492570341,0,No,0
103.17,0,103.17,4.646024179996357,-0.4422808492570341,0,No,0
103.17,0,103.17,4.646024179996357,-0.4422808492570341,0,No,0
103.17,0,103.17,4.646024179996357,-0.4422808492570341,0,No,0
103.17,0,103.17,4.646024179996357,-0.4422808492570341,0,No,0
103.17,0,103.17,4.646024179996357,-0.4422808492570341,0,No,0
103.33,0,103.33,4.647558952479878,-0.4407311324725235,0,No,0
103.33,0,103.33,4.647558952479878,-0.4407311324725235,0,No,0
103.5,0,103.5,4.6491870714048655,-0.4390845583889809,0,No,0
103.5,0,103.5,4.6491870714048655,-0.4390845583889809,0,No,0
103.67,0,103.67,4.650812543866793,-0.4374379843054384,0,Yes,1
103.67,0,103.67,4.650812543866793,-0.4374379843054384,0,No,0
103.67,0,103.67,4.650812543866793,-0.4374379843054384,0,No,0
103.67,0,103.67,4.650812543866793,-0.4374379843054384,0,No,0
103.67,0,103.67,4.650812543866793,-0.4374379843054384,0,No,0
103.67,0,103.67,4.650812543866793,-0.4374379843054384,0,No,0
103.83,0,103.83,4.6523399904644815,-0.4358882675209278,0,No,0
103.83,0,103.83,4.6523399904644815,-0.4358882675209278,0,No,0
104.0,0,104.0,4.653960350157523,-0.4342416934373852,0,No,0
104.0,0,104.0,4.653960350157523,-0.4342416934373852,0,No,0
104.0,0,104.0,4.653960350157523,-0.4342416934373852,0,No,0
104.0,0,104.0,4.653960350157523,-0.4342416934373852,0,No,0
104.17,0,104.17,4.655578088531937,-0.43259511935384265,0,No,0
104.33,0,104.33,4.6570982788484505,-0.43104540256933205,0,No,0
104.33,0,104.33,4.6570982788484505,-0.43104540256933205,0,No,0
104.33,0,104.33,4.6570982788484505,-0.43104540256933205,0,No,0
104.5,0,104.5,4.658710952916121,-0.4293988284857895,0,No,0
104.5,0,104.5,4.658710952916121,-0.4293988284857895,0,No,0
104.5,0,104.5,4.658710952916121,-0.4293988284857895,0,No,0
104.67,0,104.67,4.660321030452939,-0.42775225440224696,0,No,0
104.67,0,104.67,4.660321030452939,-0.42775225440224696,0,No,0
104.67,0,104.67,4.660321030452939,-0.42775225440224696,0,Yes,1
104.67,0,104.67,4.660321030452939,-0.42775225440224696,0,No,0
104.67,0,104.67,4.660321030452939,-0.42775225440224696,0,No,0
104.67,0,104.67,4.660321030452939,-0.42775225440224696,0,No,0
104.67,0,104.67,4.660321030452939,-0.42775225440224696,0,Yes,1
104.83,0,104.83,4.661834033105633,-0.42620253761773635,0,No,0
104.83,0,104.83,4.661834033105633,-0.42620253761773635,0,No,0
104.83,0,104.83,4.661834033105633,-0.42620253761773635,0,No,0
105.0,0,105.0,4.663439094112067,-0.4245559635341938,0,No,0
105.0,0,105.0,4.663439094112067,-0.4245559635341938,0,No,0
105.0,0,105.0,4.663439094112067,-0.4245559635341938,0,No,0
105.0,0,105.0,4.663439094112067,-0.4245559635341938,0,No,0
105.0,0,105.0,4.663439094112067,-0.4245559635341938,0,No,0
105.17,0,105.17,4.665041583025482,-0.4229093894506512,0,No,0
105.17,0,105.17,4.665041583025482,-0.4229093894506512,0,Yes,1
105.17,0,105.17,4.665041583025482,-0.4229093894506512,0,No,0
105.17,0,105.17,4.665041583025482,-0.4229093894506512,0,No,0
105.17,0,105.17,4.665041583025482,-0.4229093894506512,0,No,0
105.33,0,105.33,4.666547465662995,-0.4213596726661406,0,No,0
105.33,0,105.33,4.666547465662995,-0.4213596726661406,0,No,0
105.33,0,105.33,4.666547465662995,-0.4213596726661406,0,No,0
105.33,0,105.33,4.666547465662995,-0.4213596726661406,0,No,0
105.33,0,105.33,4.666547465662995,-0.4213596726661406,0,No,0
105.5,0,105.5,4.66814498514948,-0.4197130985825981,0,No,0
105.5,0,105.5,4.66814498514948,-0.4197130985825981,0,No,0
105.5,0,105.5,4.66814498514948,-0.4197130985825981,0,No,0
105.5,0,105.5,4.66814498514948,-0.4197130985825981,0,No,0
105.67,0,105.67,4.669739956637391,-0.4180665244990555,0,No,0
105.67,0,105.67,4.669739956637391,-0.4180665244990555,0,Yes,1
105.67,0,105.67,4.669739956637391,-0.4180665244990555,0,No,0
105.67,0,105.67,4.669739956637391,-0.4180665244990555,0,No,0
105.67,0,105.67,4.669739956637391,-0.4180665244990555,0,Yes,1
105.67,0,105.67,4.669739956637391,-0.4180665244990555,0,No,0
105.67,0,105.67,4.669739956637391,-0.4180665244990555,0,No,0
105.83,0,105.83,4.671238785957796,-0.4165168077145449,0,No,0
105.83,0,105.83,4.671238785957796,-0.4165168077145449,0,No,0
106.0,0,106.0,4.672828834461906,-0.41487023363100234,0,No,0
106.0,0,106.0,4.672828834461906,-0.41487023363100234,0,Yes,1
106.0,0,106.0,4.672828834461906,-0.41487023363100234,0,No,0
106.0,0,106.0,4.672828834461906,-0.41487023363100234,0,No,0
106.0,0,106.0,4.672828834461906,-0.41487023363100234,0,No,0
106.0,0,106.0,4.672828834461906,-0.41487023363100234,0,No,0
106.0,0,106.0,4.672828834461906,-0.41487023363100234,0,No,0
106.0,0,106.0,4.672828834461906,-0.41487023363100234,0,No,0
106.0,0,106.0,4.672828834461906,-0.41487023363100234,0,No,0
106.17,0,106.17,4.674416358724906,-0.4132236595474598,0,No,0
106.17,0,106.17,4.674416358724906,-0.4132236595474598,0,No,0
106.17,0,106.17,4.674416358724906,-0.4132236595474598,0,No,0
106.17,0,106.17,4.674416358724906,-0.4132236595474598,0,No,0
106.17,0,106.17,4.674416358724906,-0.4132236595474598,0,No,0
106.33,0,106.33,4.675908200493433,-0.4116739427629492,0,No,0
106.33,0,106.33,4.675908200493433,-0.4116739427629492,0,No,0
106.33,0,106.33,4.675908200493433,-0.4116739427629492,0,No,0
106.5,0,106.5,4.677490847567717,-0.41002736867940665,0,No,0
106.5,0,106.5,4.677490847567717,-0.41002736867940665,0,No,0
106.5,0,106.5,4.677490847567717,-0.41002736867940665,0,No,0
106.5,0,106.5,4.677490847567717,-0.41002736867940665,0,No,0
106.67,0,106.67,4.679070993827626,-0.40838079459586407,0,Yes,1
106.67,0,106.67,4.679070993827626,-0.40838079459586407,0,No,0
106.67,0,106.67,4.679070993827626,-0.40838079459586407,0,No,0
106.67,0,106.67,4.679070993827626,-0.40838079459586407,0,No,0
106.67,0,106.67,4.679070993827626,-0.40838079459586407,0,No,0
106.67,0,106.67,4.679070993827626,-0.40838079459586407,0,No,0
106.83,0,106.83,4.680555912893981,-0.40683107781135347,0,No,0
106.83,0,106.83,4.680555912893981,-0.40683107781135347,0,No,0
106.83,0,106.83,4.680555912893981,-0.40683107781135347,0,No,0
106.83,0,106.83,4.680555912893981,-0.40683107781135347,0,No,0
106.83,0,106.83,4.680555912893981,-0.40683107781135347,0,No,0
106.83,0,106.83,4.680555912893981,-0.40683107781135347,0,No,0
106.83,0,106.83,4.680555912893981,-0.40683107781135347,0,No,0
107.0,0,107.0,4.68213122712422,-0.4051845037278109,0,No,0
107.0,0,107.0,4.68213122712422,-0.4051845037278109,0,No,0
107.0,0,107.0,4.68213122712422,-0.4051845037278109,0,No,0
107.0,0,107.0,4.68213122712422,-0.4051845037278109,0,No,0
107.17,0,107.17,4.683704063642198,-0.4035379296442684,0,No,0
107.33,0,107.33,4.6851821239574765,-0.4019882128597578,0,No,0
107.33,0,107.33,4.6851821239574765,-0.4019882128597578,0,No,0
107.33,0,107.33,4.6851821239574765,-0.4019882128597578,0,No,0
107.33,0,107.33,4.6851821239574765,-0.4019882128597578,0,No,0
107.33,0,107.33,4.6851821239574765,-0.4019882128597578,0,No,0
107.33,0,107.33,4.6851821239574765,-0.4019882128597578,0,No,0
107.33,0,107.33,4.6851821239574765,-0.4019882128597578,0,No,0
107.5,0,107.5,4.686750172980514,-0.4003416387762152,0,No,0
107.5,0,107.5,4.686750172980514,-0.4003416387762152,0,No,0
107.67,0,107.67,4.68831576707476,-0.39869506469267263,0,No,0
107.83,0,107.83,4.68978703170797,-0.397145347908162,0,No,0
107.83,0,107.83,4.68978703170797,-0.397145347908162,0,No,0
107.83,0,107.83,4.68978703170797,-0.397145347908162,0,No,0
107.83,0,107.83,4.68978703170797,-0.397145347908162,0,No,0
108.0,0,108.0,4.6913478822291435,-0.3954987738246195,0,No,0
108.0,0,108.0,4.6913478822291435,-0.3954987738246195,0,No,0
108.0,0,108.0,4.6913478822291435,-0.3954987738246195,0,No,0
108.0,0,108.0,4.6913478822291435,-0.3954987738246195,0,No,0
108.17,0,108.17,4.6929063002921785,-0.39385219974107694,0,No,0
108.17,0,108.17,4.6929063002921785,-0.39385219974107694,0,No,0
108.17,0,108.17,4.6929063002921785,-0.39385219974107694,0,No,0
108.17,0,108.17,4.6929063002921785,-0.39385219974107694,0,No,0
108.33,0,108.33,4.694370831446394,-0.39230248295656633,0,No,0
108.33,0,108.33,4.694370831446394,-0.39230248295656633,0,Yes,1
108.33,0,108.33,4.694370831446394,-0.39230248295656633,0,No,0
108.33,0,108.33,4.694370831446394,-0.39230248295656633,0,No,0
108.5,0,108.5,4.695924549256556,-0.39065590887302376,0,No,0
108.5,0,108.5,4.695924549256556,-0.39065590887302376,0,No,0
108.67,0,108.67,4.697475856772117,-0.3890093347894812,0,Yes,1
108.67,0,108.67,4.697475856772117,-0.3890093347894812,0,No,0
108.67,0,108.67,4.697475856772117,-0.3890093347894812,0,No,0
108.67,0,108.67,4.697475856772117,-0.3890093347894812,0,Yes,1
108.83,0,108.83,4.698933715800255,-0.38745961800497064,0,No,0
108.83,0,108.83,4.698933715800255,-0.38745961800497064,0,No,0
108.83,0,108.83,4.698933715800255,-0.38745961800497064,0,No,0
108.83,0,108.83,4.698933715800255,-0.38745961800497064,0,No,0
109.0,0,109.0,4.700480365792417,-0.38581304392142807,0,No,0
109.0,0,109.0,4.700480365792417,-0.38581304392142807,0,No,0
109.0,0,109.0,4.700480365792417,-0.38581304392142807,0,No,0
109.0,0,109.0,4.700480365792417,-0.38581304392142807,0,No,0
109.17,0,109.17,4.702024627351974,-0.3841664698378855,0,No,0
109.17,0,109.17,4.702024627351974,-0.3841664698378855,0,No,0
109.17,0,109.17,4.702024627351974,-0.3841664698378855,0,No,0
109.17,0,109.17,4.702024627351974,-0.3841664698378855,0,No,0
109.17,0,109.17,4.702024627351974,-0.3841664698378855,0,Yes,1
109.33,0,109.33,4.703475874772215,-0.3826167530533749,0,Yes,1
109.33,0,109.33,4.703475874772215,-0.3826167530533749,0,No,0
109.33,0,109.33,4.703475874772215,-0.3826167530533749,0,No,0
109.5,0,109.5,4.705015520957808,-0.3809701789698323,0,No,0
109.5,0,109.5,4.705015520957808,-0.3809701789698323,0,No,0
109.5,0,109.5,4.705015520957808,-0.3809701789698323,0,No,0
109.5,0,109.5,4.705015520957808,-0.3809701789698323,0,No,0
109.67,0,109.67,4.706552800276694,-0.3793236048862898,0,No,0
109.67,0,109.67,4.706552800276694,-0.3793236048862898,0,No,0
109.67,0,109.67,4.706552800276694,-0.3793236048862898,0,No,0
109.67,0,109.67,4.706552800276694,-0.3793236048862898,0,No,0
109.67,0,109.67,4.706552800276694,-0.3793236048862898,0,Yes,1
109.83,0,109.83,4.707997495787562,-0.3777738881017792,0,No,0
109.83,0,109.83,4.707997495787562,-0.3777738881017792,0,No,0
109.83,0,109.83,4.707997495787562,-0.3777738881017792,0,No,0
109.83,0,109.83,4.707997495787562,-0.3777738881017792,0,Yes,1
109.83,0,109.83,4.707997495787562,-0.3777738881017792,0,No,0
110.0,0,110.0,4.709530201312334,-0.3761273140182366,0,No,0
110.0,0,110.0,4.709530201312334,-0.3761273140182366,0,No,0
110.0,0,110.0,4.709530201312334,-0.3761273140182366,0,No,0
110.0,0,110.0,4.709530201312334,-0.3761273140182366,0,No,0
110.0,0,110.0,4.709530201312334,-0.3761273140182366,0,No,0
110.17,0,110.17,4.711060561245524,-0.37448073993469405,0,No,0
110.17,0,110.17,4.711060561245524,-0.37448073993469405,0,No,0
110.17,0,110.17,4.711060561245524,-0.37448073993469405,0,Yes,1
110.17,0,110.17,4.711060561245524,-0.37448073993469405,0,No,0
110.25,0,110.25,4.711779921046349,-0.3737058815424388,0,No,0
110.33,0,110.33,4.712498763740616,-0.37293102315018345,0,No,0
110.33,0,110.33,4.712498763740616,-0.37293102315018345,0,No,0
110.33,0,110.33,4.712498763740616,-0.37293102315018345,0,No,0
110.5,0,110.5,4.7140245909001735,-0.37128444906664093,0,No,0
110.5,0,110.5,4.7140245909001735,-0.37128444906664093,0,No,0
110.67,0,110.67,4.7155480934577,-0.36963787498309836,0,No,0
110.67,0,110.67,4.7155480934577,-0.36963787498309836,0,No,0
110.67,0,110.67,4.7155480934577,-0.36963787498309836,0,No,0
110.67,0,110.67,4.7155480934577,-0.36963787498309836,0,No,0
110.67,0,110.67,4.7155480934577,-0.36963787498309836,0,No,0
110.67,0,110.67,4.7155480934577,-0.36963787498309836,0,No,0
110.83,0,110.83,4.716979861040097,-0.36808815819858776,0,No,0
110.83,0,110.83,4.716979861040097,-0.36808815819858776,0,No,0
110.83,0,110.83,4.716979861040097,-0.36808815819858776,0,No,0
111.0,0,111.0,4.718498871295094,-0.3664415841150452,0,No,0
111.0,0,111.0,4.718498871295094,-0.3664415841150452,0,No,0
111.0,0,111.0,4.718498871295094,-0.3664415841150452,0,No,0
111.0,0,111.0,4.718498871295094,-0.3664415841150452,0,No,0
111.17,0,111.17,4.720015577657132,-0.3647950100315026,0,No,0
111.17,0,111.17,4.720015577657132,-0.3647950100315026,0,No,0
111.17,0,111.17,4.720015577657132,-0.3647950100315026,0,No,0
111.17,0,111.17,4.720015577657132,-0.3647950100315026,0,No,0
111.17,0,111.17,4.720015577657132,-0.3647950100315026,0,No,0
111.17,0,111.17,4.720015577657132,-0.3647950100315026,0,No,0
111.17,0,111.17,4.720015577657132,-0.3647950100315026,0,No,0
111.17,0,111.17,4.720015577657132,-0.3647950100315026,0,No,0
111.33,0,111.33,4.721440967653478,-0.363245293246992,0,No,0
111.33,0,111.33,4.721440967653478,-0.363245293246992,0,No,0
111.33,0,111.33,4.721440967653478,-0.363245293246992,0,No,0
111.33,0,111.33,4.721440967653478,-0.363245293246992,0,No,0
111.33,0,111.33,4.721440967653478,-0.363245293246992,0,No,0
111.33,0,111.33,4.721440967653478,-0.363245293246992,0,Yes,1
111.5,0,111.5,4.722953221644475,-0.3615987191634495,0,No,0
111.5,0,111.5,4.722953221644475,-0.3615987191634495,0,No,0
111.5,0,111.5,4.722953221644475,-0.3615987191634495,0,No,0
111.5,0,111.5,4.722953221644475,-0.3615987191634495,0,No,0
111.67,0,111.67,4.724463192176074,-0.3599521450799069,0,No,0
111.67,0,111.67,4.724463192176074,-0.3599521450799069,0,No,0
111.67,0,111.67,4.724463192176074,-0.3599521450799069,0,No,0
111.67,0,111.67,4.724463192176074,-0.3599521450799069,0,No,0
111.67,0,111.67,4.724463192176074,-0.3599521450799069,0,No,0
111.67,0,111.67,4.724463192176074,-0.3599521450799069,0,No,0
111.67,0,111.67,4.724463192176074,-0.3599521450799069,0,No,0
111.67,0,111.67,4.724463192176074,-0.3599521450799069,0,No,0
111.83,0,111.83,4.725882261150355,-0.3584024282953963,0,No,0
111.83,0,111.83,4.725882261150355,-0.3584024282953963,0,Yes,1
111.83,0,111.83,4.725882261150355,-0.3584024282953963,0,No,0
112.0,0,112.0,4.727387818712341,-0.35675585421185374,0,No,0
112.0,0,112.0,4.727387818712341,-0.35675585421185374,0,No,0
112.0,0,112.0,4.727387818712341,-0.35675585421185374,0,No,0
112.17,0,112.17,4.72889111297785,-0.3551092801283112,0,No,0
112.33,0,112.33,4.730303916744857,-0.3535595633438006,0,No,0
112.33,0,112.33,4.730303916744857,-0.3535595633438006,0,No,0
112.33,0,112.33,4.730303916744857,-0.3535595633438006,0,No,0
112.33,0,112.33,4.730303916744857,-0.3535595633438006,0,No,0
112.5,0,112.5,4.7318028369214575,-0.35191298926025805,0,No,0
112.5,0,112.5,4.7318028369214575,-0.35191298926025805,0,No,0
112.5,0,112.5,4.7318028369214575,-0.35191298926025805,0,No,0
112.5,0,112.5,4.7318028369214575,-0.35191298926025805,0,No,0
112.5,0,112.5,4.7318028369214575,-0.35191298926025805,0,No,0
112.5,0,112.5,4.7318028369214575,-0.35191298926025805,0,Yes,1
112.5,0,112.5,4.7318028369214575,-0.35191298926025805,0,Yes,1
112.83,0,112.83,4.734706107337125,-0.34871669839220487,0,No,0
112.83,0,112.83,4.734706107337125,-0.34871669839220487,0,No,0
112.83,0,112.83,4.734706107337125,-0.34871669839220487,0,No,0
112.83,0,112.83,4.734706107337125,-0.34871669839220487,0,No,0
112.83,0,112.83,4.734706107337125,-0.34871669839220487,0,No,0
113.0,0,113.0,4.736198448394496,-0.3470701243086623,0,No,0
113.0,0,113.0,4.736198448394496,-0.3470701243086623,0,No,0
113.0,0,113.0,4.736198448394496,-0.3470701243086623,0,No,0
113.0,0,113.0,4.736198448394496,-0.3470701243086623,0,No,0
113.17,0,113.17,4.737688565688236,-0.3454235502251198,0,No,0
113.33,0,113.33,4.739089003553879,-0.3438738334406092,0,No,0
113.33,0,113.33,4.739089003553879,-0.3438738334406092,0,No,0
113.5,0,113.5,4.740574822994295,-0.3422272593570666,0,No,0
113.5,0,113.5,4.740574822994295,-0.3422272593570666,0,No,0
113.5,0,113.5,4.740574822994295,-0.3422272593570666,0,No,0
113.5,0,113.5,4.740574822994295,-0.3422272593570666,0,No,0
113.67,0,113.67,4.742058438050213,-0.34058068527352403,0,No,0
113.67,0,113.67,4.742058438050213,-0.34058068527352403,0,No,0
113.8,0,113.8,4.743191483885466,-0.33932154038610923,0,No,0
113.83,0,113.83,4.743452773788098,-0.33903096848901343,0,Yes,1
113.83,0,113.83,4.743452773788098,-0.33903096848901343,0,No,0
113.83,0,113.83,4.743452773788098,-0.33903096848901343,0,No,0
113.83,0,113.83,4.743452773788098,-0.33903096848901343,0,No,0
114.0,0,114.0,4.74493212836325,-0.3373843944054709,0,No,0
114.0,0,114.0,4.74493212836325,-0.3373843944054709,0,No,0
114.17,0,114.17,4.746409297680816,-0.33573782032192834,0,No,0
114.17,0,114.17,4.746409297680816,-0.33573782032192834,0,No,0
114.17,0,114.17,4.746409297680816,-0.33573782032192834,0,Yes,1
114.17,0,114.17,4.746409297680816,-0.33573782032192834,0,No,0
114.17,0,114.17,4.746409297680816,-0.33573782032192834,0,No,0
114.17,0,114.17,4.746409297680816,-0.33573782032192834,0,No,0
114.17,0,114.17,4.746409297680816,-0.33573782032192834,0,No,0
114.17,0,114.17,4.746409297680816,-0.33573782032192834,0,No,0
114.33,0,114.33,4.747797584237848,-0.33418810353741774,0,No,0
114.33,0,114.33,4.747797584237848,-0.33418810353741774,0,No,0
114.5,0,114.5,4.749270529961848,-0.33254152945387516,0,No,0
114.5,0,114.5,4.749270529961848,-0.33254152945387516,0,No,0
114.67,0,114.67,4.75074130930731,-0.3308949553703326,0,No,0
114.67,0,114.67,4.75074130930731,-0.3308949553703326,0,No,0
114.67,0,114.67,4.75074130930731,-0.3308949553703326,0,No,0
114.67,0,114.67,4.75074130930731,-0.3308949553703326,0,No,0
114.83,0,114.83,4.752123598944254,-0.32934523858582204,0,No,0
114.83,0,114.83,4.752123598944254,-0.32934523858582204,0,Yes,1
114.83,0,114.83,4.752123598944254,-0.32934523858582204,0,No,0
114.83,0,114.83,4.752123598944254,-0.32934523858582204,0,No,0
114.83,0,114.83,4.752123598944254,-0.32934523858582204,0,No,0
115.0,0,115.0,4.7535901911063645,-0.32769866450227947,0,No,0
115.0,0,115.0,4.7535901911063645,-0.32769866450227947,0,No,0
115.0,0,115.0,4.7535901911063645,-0.32769866450227947,0,Yes,1
115.0,0,115.0,4.7535901911063645,-0.32769866450227947,0,No,0
115.0,0,115.0,4.7535901911063645,-0.32769866450227947,0,No,0
115.17,0,115.17,4.755054635525384,-0.3260520904187369,0,No,0
115.17,0,115.17,4.755054635525384,-0.3260520904187369,0,No,0
115.33,0,115.33,4.756430979828675,-0.3245023736342263,0,No,0
115.33,0,115.33,4.756430979828675,-0.3245023736342263,0,No,0
115.33,0,115.33,4.756430979828675,-0.3245023736342263,0,No,0
115.33,0,115.33,4.756430979828675,-0.3245023736342263,0,No,0
115.5,0,115.5,4.757891273005756,-0.3228557995506837,0,No,0
115.5,0,115.5,4.757891273005756,-0.3228557995506837,0,No,0
115.5,0,115.5,4.757891273005756,-0.3228557995506837,0,No,0
115.5,0,115.5,4.757891273005756,-0.3228557995506837,0,No,0
115.67,0,115.67,4.759349436835766,-0.3212092254671412,0,No,0
115.67,0,115.67,4.759349436835766,-0.3212092254671412,0,No,0
115.83,0,115.83,4.760719886729057,-0.3196595086826306,0,No,0
115.83,0,115.83,4.760719886729057,-0.3196595086826306,0,No,0
115.83,0,115.83,4.760719886729057,-0.3196595086826306,0,No,0
115.83,0,115.83,4.760719886729057,-0.3196595086826306,0,No,0
115.83,0,115.83,4.760719886729057,-0.3196595086826306,0,No,0
115.83,0,115.83,4.760719886729057,-0.3196595086826306,0,No,0
115.83,0,115.83,4.760719886729057,-0.3196595086826306,0,No,0
115.83,0,115.83,4.760719886729057,-0.3196595086826306,0,No,0
115.83,0,115.83,4.760719886729057,-0.3196595086826306,0,No,0
115.83,0,115.83,4.760719886729057,-0.3196595086826306,0,No,0
116.0,0,116.0,4.762173934797756,-0.318012934599088,0,No,0
116.0,0,116.0,4.762173934797756,-0.318012934599088,0,No,0
116.0,0,116.0,4.762173934797756,-0.318012934599088,0,No,0
116.0,0,116.0,4.762173934797756,-0.318012934599088,0,No,0
116.17,0,116.17,4.763625871680064,-0.31636636051554545,0,No,0
116.17,0,116.17,4.763625871680064,-0.31636636051554545,0,No,0
116.17,0,116.17,4.763625871680064,-0.31636636051554545,0,No,0
116.17,0,116.17,4.763625871680064,-0.31636636051554545,0,No,0
116.33,0,116.33,4.764990477435532,-0.31481664373103485,0,No,0
116.33,0,116.33,4.764990477435532,-0.31481664373103485,0,No,0
116.33,0,116.33,4.764990477435532,-0.31481664373103485,0,No,0
116.33,0,116.33,4.764990477435532,-0.31481664373103485,0,No,0
116.33,0,116.33,4.764990477435532,-0.31481664373103485,0,No,0
116.5,0,116.5,4.7664383335842135,-0.31317006964749233,0,No,0
116.5,0,116.5,4.7664383335842135,-0.31317006964749233,0,No,0
116.5,0,116.5,4.7664383335842135,-0.31317006964749233,0,No,0
116.5,0,116.5,4.7664383335842135,-0.31317006964749233,0,No,0
116.5,0,116.5,4.7664383335842135,-0.31317006964749233,0,No,0
116.5,0,116.5,4.7664383335842135,-0.31317006964749233,0,No,0
116.67,0,116.67,4.7678840964758376,-0.31152349556394976,0,No,0
116.67,0,116.67,4.7678840964758376,-0.31152349556394976,0,No,0
116.67,0,116.67,4.7678840964758376,-0.31152349556394976,0,No,0
116.67,0,116.67,4.7678840964758376,-0.31152349556394976,0,No,0
116.83,0,116.83,4.769242907725249,-0.30997377877943916,0,No,0
116.83,0,116.83,4.769242907725249,-0.30997377877943916,0,No,0
116.83,0,116.83,4.769242907725249,-0.30997377877943916,0,No,0
116.83,0,116.83,4.769242907725249,-0.30997377877943916,0,No,0
116.83,0,116.83,4.769242907725249,-0.30997377877943916,0,No,0
117.0,0,117.0,4.770684624465665,-0.3083272046958966,0,No,0
117.0,0,117.0,4.770684624465665,-0.3083272046958966,0,No,0
117.0,0,117.0,4.770684624465665,-0.3083272046958966,0,No,0
117.0,0,117.0,4.770684624465665,-0.3083272046958966,0,No,0
117.0,0,117.0,4.770684624465665,-0.3083272046958966,0,No,0
117.17,0,117.17,4.772124265650924,-0.306680630612354,0,No,0
117.17,0,117.17,4.772124265650924,-0.306680630612354,0,No,0
117.17,0,117.17,4.772124265650924,-0.306680630612354,0,No,0
117.17,0,117.17,4.772124265650924,-0.306680630612354,0,No,0
117.33,0,117.33,4.773477331396467,-0.30513091382784346,0,No,0
117.33,0,117.33,4.773477331396467,-0.30513091382784346,0,No,0
117.33,0,117.33,4.773477331396467,-0.30513091382784346,0,No,0
117.33,0,117.33,4.773477331396467,-0.30513091382784346,0,No,0
117.33,0,117.33,4.773477331396467,-0.30513091382784346,0,No,0
117.33,0,117.33,4.773477331396467,-0.30513091382784346,0,Yes,1
117.33,0,117.33,4.773477331396467,-0.30513091382784346,0,No,0
117.5,0,117.5,4.774912960575186,-0.3034843397443009,0,No,0
117.5,0,117.5,4.774912960575186,-0.3034843397443009,0,No,0
117.5,0,117.5,4.774912960575186,-0.3034843397443009,0,No,0
117.67,0,117.67,4.7763465316770475,-0.3018377656607583,0,No,0
117.67,0,117.67,4.7763465316770475,-0.3018377656607583,0,No,0
117.67,0,117.67,4.7763465316770475,-0.3018377656607583,0,Yes,1
118.0,0,118.0,4.77912349311153,-0.29864147479270514,0,No,0
118.17,0,118.17,4.7805510451027144,-0.2969949007091626,0,No,0
118.17,0,118.17,4.7805510451027144,-0.2969949007091626,0,No,0
118.17,0,118.17,4.7805510451027144,-0.2969949007091626,0,No,0
118.17,0,118.17,4.7805510451027144,-0.2969949007091626,0,Yes,1
118.17,0,118.17,4.7805510451027144,-0.2969949007091626,0,No,0
118.17,0,118.17,4.7805510451027144,-0.2969949007091626,0,No,0
118.17,0,118.17,4.7805510451027144,-0.2969949007091626,0,No,0
118.17,0,118.17,4.7805510451027144,-0.2969949007091626,0,No,0
118.33,0,118.33,4.781892764381564,-0.295445183924652,0,No,0
118.33,0,118.33,4.781892764381564,-0.295445183924652,0,No,0
118.33,0,118.33,4.781892764381564,-0.295445183924652,0,No,0
118.33,0,118.33,4.781892764381564,-0.295445183924652,0,No,0
118.33,0,118.33,4.781892764381564,-0.295445183924652,0,No,0
118.33,0,118.33,4.781892764381564,-0.295445183924652,0,Yes,1
118.33,0,118.33,4.781892764381564,-0.295445183924652,0,No,0
118.33,0,118.33,4.781892764381564,-0.295445183924652,0,No,0
118.5,0,118.5,4.783316371371566,-0.29379860984110945,0,No,0
118.67,0,118.67,4.784737954585425,-0.2921520357575669,0,No,0
118.67,0,118.67,4.784737954585425,-0.2921520357575669,0,No,0
118.67,0,118.67,4.784737954585425,-0.2921520357575669,0,No,0
118.83,0,118.83,4.786074071694426,-0.2906023189730563,0,No,0
118.83,0,118.83,4.786074071694426,-0.2906023189730563,0,No,0
118.83,0,118.83,4.786074071694426,-0.2906023189730563,0,No,0
118.83,0,118.83,4.786074071694426,-0.2906023189730563,0,No,0
118.83,0,118.83,4.786074071694426,-0.2906023189730563,0,No,0
118.83,0,118.83,4.786074071694426,-0.2906023189730563,0,No,0
119.0,0,119.0,4.787491742782046,-0.28895574488951375,0,No,0
119.0,0,119.0,4.787491742782046,-0.28895574488951375,0,No,0
119.0,0,119.0,4.787491742782046,-0.28895574488951375,0,No,0
119.16,0,119.16,4.788824188015824,-0.28740602810500315,0,No,0
119.17,0,119.17,4.788907406923208,-0.2873091708059712,0,No,0
119.17,0,119.17,4.788907406923208,-0.2873091708059712,0,No,0
119.17,0,119.17,4.788907406923208,-0.2873091708059712,0,No,0
119.17,0,119.17,4.788907406923208,-0.2873091708059712,0,No,0
119.33,0,119.33,4.7902379684500715,-0.2857594540214606,0,No,0
119.33,0,119.33,4.7902379684500715,-0.2857594540214606,0,No,0
119.5,0,119.5,4.791649752930709,-0.284112879937918,0,No,0
119.5,0,119.5,4.791649752930709,-0.284112879937918,0,No,0
119.5,0,119.5,4.791649752930709,-0.284112879937918,0,No,0
119.67,0,119.67,4.79305954708551,-0.28246630585437543,0,No,0
119.67,0,119.67,4.79305954708551,-0.28246630585437543,0,No,0
119.83,0,119.83,4.794384599039216,-0.28091658906986483,0,No,0
119.83,0,119.83,4.794384599039216,-0.28091658906986483,0,No,0
119.83,0,119.83,4.794384599039216,-0.28091658906986483,0,No,0
119.83,0,119.83,4.794384599039216,-0.28091658906986483,0,No,0
119.83,0,119.83,4.794384599039216,-0.28091658906986483,0,No,0
120.0,0,120.0,4.795790545596741,-0.2792700149863223,0,No,0
120.0,0,120.0,4.795790545596741,-0.2792700149863223,0,No,0
120.0,0,120.0,4.795790545596741,-0.2792700149863223,0,No,0
120.0,0,120.0,4.795790545596741,-0.2792700149863223,0,No,0
120.0,0,120.0,4.795790545596741,-0.2792700149863223,0,No,0
120.17,0,120.17,4.7971945182434315,-0.27762344090277974,0,No,0
120.17,0,120.17,4.7971945182434315,-0.27762344090277974,0,No,0
120.17,0,120.17,4.7971945182434315,-0.27762344090277974,0,No,0
120.33,0,120.33,4.798514106063782,-0.27607372411826914,0,No,0
120.33,0,120.33,4.798514106063782,-0.27607372411826914,0,No,0
120.5,0,120.5,4.799914262780603,-0.27442715003472656,0,No,0
120.5,0,120.5,4.799914262780603,-0.27442715003472656,0,No,0
120.5,0,120.5,4.799914262780603,-0.27442715003472656,0,No,0
120.67,0,120.67,4.801312461799358,-0.27278057595118405,0,No,0
120.67,0,120.67,4.801312461799358,-0.27278057595118405,0,No,0
120.67,0,120.67,4.801312461799358,-0.27278057595118405,0,No,0
120.67,0,120.67,4.801312461799358,-0.27278057595118405,0,Yes,1
120.67,0,120.67,4.801312461799358,-0.27278057595118405,0,No,0
120.67,0,120.67,4.801312461799358,-0.27278057595118405,0,No,0
120.67,0,120.67,4.801312461799358,-0.27278057595118405,0,No,0
120.83,0,120.83,4.8026266303663165,-0.27123085916667344,0,No,0
120.83,0,120.83,4.8026266303663165,-0.27123085916667344,0,No,0
120.83,0,120.83,4.8026266303663165,-0.27123085916667344,0,No,0
120.83,0,120.83,4.8026266303663165,-0.27123085916667344,0,No,0
121.0,0,121.0,4.804021044733257,-0.26958428508313087,0,No,0
121.0,0,121.0,4.804021044733257,-0.26958428508313087,0,No,0
121.0,0,121.0,4.804021044733257,-0.26958428508313087,0,No,0
121.0,0,121.0,4.804021044733257,-0.26958428508313087,0,No,0
121.0,0,121.0,4.804021044733257,-0.26958428508313087,0,No,0
121.0,0,121.0,4.804021044733257,-0.26958428508313087,0,No,0
121.17,0,121.17,4.8054135174159684,-0.2679377109995883,0,No,0
121.17,0,121.17,4.8054135174159684,-0.2679377109995883,0,No,0
121.17,0,121.17,4.8054135174159684,-0.2679377109995883,0,No,0
121.17,0,121.17,4.8054135174159684,-0.2679377109995883,0,No,0
121.17,0,121.17,4.8054135174159684,-0.2679377109995883,0,No,0
121.17,0,121.17,4.8054135174159684,-0.2679377109995883,0,No,0
121.33,0,121.33,4.806722311058825,-0.2663879942150777,0,No,0
121.33,0,121.33,4.806722311058825,-0.2663879942150777,0,No,0
121.33,0,121.33,4.806722311058825,-0.2663879942150777,0,No,0
121.33,0,121.33,4.806722311058825,-0.2663879942150777,0,No,0
121.5,0,121.5,4.808111029984782,-0.2647414201315351,0,No,0
121.5,0,121.5,4.808111029984782,-0.2647414201315351,0,Yes,1
121.5,0,121.5,4.808111029984782,-0.2647414201315351,0,No,0
121.5,0,121.5,4.808111029984782,-0.2647414201315351,0,No,0
121.67,0,121.67,4.80949782304466,-0.2630948460479926,0,No,0
121.83,0,121.83,4.810801285551003,-0.261545129263482,0,No,0
121.83,0,121.83,4.810801285551003,-0.261545129263482,0,No,0
121.83,0,121.83,4.810801285551003,-0.261545129263482,0,No,0
121.83,0,121.83,4.810801285551003,-0.261545129263482,0,No,0
121.83,0,121.83,4.810801285551003,-0.261545129263482,0,No,0
121.83,0,121.83,4.810801285551003,-0.261545129263482,0,No,0
122.0,0,122.0,4.812184355372417,-0.25989855517993943,0,No,0
122.0,0,122.0,4.812184355372417,-0.25989855517993943,0,No,0
122.33,0,122.33,4.814863689577897,-0.25670226431188625,0,No,0
122.33,0,122.33,4.814863689577897,-0.25670226431188625,0,No,0
122.33,0,122.33,4.814863689577897,-0.25670226431188625,0,No,0
122.33,0,122.33,4.814863689577897,-0.25670226431188625,0,Yes,1
122.33,0,122.33,4.814863689577897,-0.25670226431188625,0,Yes,1
122.4,0,122.4,4.8154311114712876,-0.2560242632186628,0,No,0
122.5,0,122.5,4.816241156068032,-0.25505569022834373,0,No,0
122.5,0,122.5,4.816241156068032,-0.25505569022834373,0,No,0
122.5,0,122.5,4.816241156068032,-0.25505569022834373,0,No,0
122.67,0,122.67,4.817616727753966,-0.25340911614480116,0,No,0
122.67,0,122.67,4.817616727753966,-0.25340911614480116,0,Yes,1
122.67,0,122.67,4.817616727753966,-0.25340911614480116,0,No,0
122.67,0,122.67,4.817616727753966,-0.25340911614480116,0,No,0
122.83,0,122.83,4.818909657227008,-0.25185939936029056,0,No,0
122.83,0,122.83,4.818909657227008,-0.25185939936029056,0,No,0
122.83,0,122.83,4.818909657227008,-0.25185939936029056,0,Yes,1
122.83,0,122.83,4.818909657227008,-0.25185939936029056,0,No,0
122.83,0,122.83,4.818909657227008,-0.25185939936029056,0,No,0
122.83,0,122.83,4.818909657227008,-0.25185939936029056,0,No,0
123.0,0,123.0,4.820281565605037,-0.250212825276748,0,No,0
123.0,0,123.0,4.820281565605037,-0.250212825276748,0,No,0
123.0,0,123.0,4.820281565605037,-0.250212825276748,0,No,0
123.17,0,123.17,4.821651594428751,-0.24856625119320544,0,No,0
123.17,0,123.17,4.821651594428751,-0.24856625119320544,0,No,0
123.17,0,123.17,4.821651594428751,-0.24856625119320544,0,No,0
123.33,0,123.33,4.822939320964847,-0.24701653440869484,0,No,0
123.33,0,123.33,4.822939320964847,-0.24701653440869484,0,No,0
123.33,0,123.33,4.822939320964847,-0.24701653440869484,0,No,0
123.5,0,123.5,4.824305715904762,-0.2453699603251523,0,No,0
123.5,0,123.5,4.824305715904762,-0.2453699603251523,0,No,0
123.5,0,123.5,4.824305715904762,-0.2453699603251523,0,No,0
123.5,0,123.5,4.824305715904762,-0.2453699603251523,0,Yes,1
123.67,0,123.67,4.825670246356884,-0.24372338624160972,0,No,0
123.67,0,123.67,4.825670246356884,-0.24372338624160972,0,No,0
123.83,0,123.83,4.826952811662959,-0.24217366945709912,0,No,0
123.83,0,123.83,4.826952811662959,-0.24217366945709912,0,No,0
123.83,0,123.83,4.826952811662959,-0.24217366945709912,0,No,0
124.0,0,124.0,4.8283137373023015,-0.24052709537355657,0,No,0
124.0,0,124.0,4.8283137373023015,-0.24052709537355657,0,No,0
124.0,0,124.0,4.8283137373023015,-0.24052709537355657,0,No,0
124.0,0,124.0,4.8283137373023015,-0.24052709537355657,0,No,0
124.0,0,124.0,4.8283137373023015,-0.24052709537355657,0,No,0
124.17,0,124.17,4.829672813339932,-0.238880521290014,0,No,0
124.17,0,124.17,4.829672813339932,-0.238880521290014,0,No,0
124.17,0,124.17,4.829672813339932,-0.238880521290014,0,No,0
124.17,0,124.17,4.829672813339932,-0.238880521290014,0,No,0
124.17,0,124.17,4.829672813339932,-0.238880521290014,0,No,0
124.17,0,124.17,4.829672813339932,-0.238880521290014,0,No,0
124.33,0,124.33,4.830950258623431,-0.23733080450550342,0,No,0
124.33,0,124.33,4.830950258623431,-0.23733080450550342,0,No,0
124.33,0,124.33,4.830950258623431,-0.23733080450550342,0,No,0
124.33,0,124.33,4.830950258623431,-0.23733080450550342,0,No,0
124.33,0,124.33,4.830950258623431,-0.23733080450550342,0,No,0
124.33,0,124.33,4.830950258623431,-0.23733080450550342,0,No,0
124.5,0,124.5,4.832305758571839,-0.23568423042196085,0,No,0
124.5,0,124.5,4.832305758571839,-0.23568423042196085,0,No,0
124.5,0,124.5,4.832305758571839,-0.23568423042196085,0,No,0
124.5,0,124.5,4.832305758571839,-0.23568423042196085,0,No,0
124.5,0,124.5,4.832305758571839,-0.23568423042196085,0,Yes,1
124.5,0,124.5,4.832305758571839,-0.23568423042196085,0,No,0
124.5,0,124.5,4.832305758571839,-0.23568423042196085,0,No,0
124.5,0,124.5,4.832305758571839,-0.23568423042196085,0,No,0
124.67,0,124.67,4.833659423627053,-0.2340376563384183,0,No,0
124.83,0,124.83,4.834931789603877,-0.2324879395539077,0,No,0
124.83,0,124.83,4.834931789603877,-0.2324879395539077,0,No,0
124.83,0,124.83,4.834931789603877,-0.2324879395539077,0,No,0
124.83,0,124.83,4.834931789603877,-0.2324879395539077,0,No,0
125.0,0,125.0,4.836281906951478,-0.23084136547036513,0,No,0
125.0,0,125.0,4.836281906951478,-0.23084136547036513,0,No,0
125.0,0,125.0,4.836281906951478,-0.23084136547036513,0,No,0
125.0,0,125.0,4.836281906951478,-0.23084136547036513,0,No,0
125.0,0,125.0,4.836281906951478,-0.23084136547036513,0,No,0
125.17,0,125.17,4.83763020393965,-0.22919479138682258,0,Yes,1
125.17,0,125.17,4.83763020393965,-0.22919479138682258,0,No,0
125.17,0,125.17,4.83763020393965,-0.22919479138682258,0,No,0
125.17,0,125.17,4.83763020393965,-0.22919479138682258,0,No,0
125.17,0,125.17,4.83763020393965,-0.22919479138682258,0,No,0
125.17,0,125.17,4.83763020393965,-0.22919479138682258,0,No,0
125.33,0,125.33,4.838897530841946,-0.22764507460231198,0,No,0
125.33,0,125.33,4.838897530841946,-0.22764507460231198,0,No,0
125.33,0,125.33,4.838897530841946,-0.22764507460231198,0,No,0
125.33,0,125.33,4.838897530841946,-0.22764507460231198,0,No,0
125.67,0,125.67,4.841585279495541,-0.22435192643522686,0,Yes,1
125.67,0,125.67,4.841585279495541,-0.22435192643522686,0,No,0
125.67,0,125.67,4.841585279495541,-0.22435192643522686,0,No,0
125.67,0,125.67,4.841585279495541,-0.22435192643522686,0,No,0
125.83,0,125.83,4.842847607079338,-0.22280220965071626,0,No,0
125.83,0,125.83,4.842847607079338,-0.22280220965071626,0,No,0
125.83,0,125.83,4.842847607079338,-0.22280220965071626,0,No,0
126.0,0,126.0,4.844187086458591,-0.22115563556717371,0,No,0
126.0,0,126.0,4.844187086458591,-0.22115563556717371,0,No,0
126.17,0,126.17,4.845524774032655,-0.21950906148363114,0,No,0
126.17,0,126.17,4.845524774032655,-0.21950906148363114,0,No,0
126.17,0,126.17,4.845524774032655,-0.21950906148363114,0,No,0
126.17,0,126.17,4.845524774032655,-0.21950906148363114,0,Yes,1
126.33,0,126.33,4.8467821415853445,-0.21795934469912054,0,No,0
126.33,0,126.33,4.8467821415853445,-0.21795934469912054,0,No,0
126.5,0,126.5,4.848116364598481,-0.216312770615578,0,No,0
126.5,0,126.5,4.848116364598481,-0.216312770615578,0,No,0
126.67,0,126.67,4.84944880983226,-0.21466619653203542,0,No,0
126.67,0,126.67,4.84944880983226,-0.21466619653203542,0,No,0
126.67,0,126.67,4.84944880983226,-0.21466619653203542,0,No,0
126.67,0,126.67,4.84944880983226,-0.21466619653203542,0,No,0
126.67,0,126.67,4.84944880983226,-0.21466619653203542,0,No,0
126.83,0,126.83,4.8507012561799305,-0.21311647974752482,0,Yes,1
127.0,0,127.0,4.852030263919617,-0.21146990566398227,0,No,0
127.0,0,127.0,4.852030263919617,-0.21146990566398227,0,No,0
127.0,0,127.0,4.852030263919617,-0.21146990566398227,0,No,0
127.17,0,127.17,4.853357507741733,-0.2098233315804397,0,No,0
127.17,0,127.17,4.853357507741733,-0.2098233315804397,0,No,0
127.33,0,127.33,4.854605071256369,-0.20827361479592912,0,No,0
127.5,0,127.5,4.855928904335275,-0.20662704071238655,0,Yes,1
127.5,0,127.5,4.855928904335275,-0.20662704071238655,0,No,0
127.5,0,127.5,4.855928904335275,-0.20662704071238655,0,No,0
127.5,0,127.5,4.855928904335275,-0.20662704071238655,0,No,0
127.67,0,127.67,4.857250987196899,-0.204980466628844,0,No,0
127.67,0,127.67,4.857250987196899,-0.204980466628844,0,No,0
127.67,0,127.67,4.857250987196899,-0.204980466628844,0,No,0
127.67,0,127.67,4.857250987196899,-0.204980466628844,0,No,0
127.83,0,127.83,4.858493705803434,-0.2034307498443334,0,No,0
127.83,0,127.83,4.858493705803434,-0.2034307498443334,0,Yes,1
127.83,0,127.83,4.858493705803434,-0.2034307498443334,0,No,0
127.83,0,127.83,4.858493705803434,-0.2034307498443334,0,No,0
127.83,0,127.83,4.858493705803434,-0.2034307498443334,0,No,0
127.83,0,127.83,4.858493705803434,-0.2034307498443334,0,No,0
128.0,0,128.0,4.859812404361672,-0.20178417576079083,0,No,0
128.0,0,128.0,4.859812404361672,-0.20178417576079083,0,No,0
128.0,0,128.0,4.859812404361672,-0.20178417576079083,0,No,0
128.0,0,128.0,4.859812404361672,-0.20178417576079083,0,No,0
128.17,0,128.17,4.861129366243924,-0.20013760167724842,0,No,0
128.17,0,128.17,4.861129366243924,-0.20013760167724842,0,No,0
128.17,0,128.17,4.861129366243924,-0.20013760167724842,0,No,0
128.17,0,128.17,4.861129366243924,-0.20013760167724842,0,No,0
128.33,0,128.33,4.862367277427153,-0.19858788489273754,0,No,0
128.33,0,128.33,4.862367277427153,-0.19858788489273754,0,No,0
128.33,0,128.33,4.862367277427153,-0.19858788489273754,0,No,0
128.33,0,128.33,4.862367277427153,-0.19858788489273754,0,No,0
128.5,0,128.5,4.863680881139593,-0.1969413108091951,0,No,0
128.5,0,128.5,4.863680881139593,-0.1969413108091951,0,No,0
128.5,0,128.5,4.863680881139593,-0.1969413108091951,0,No,0
128.5,0,128.5,4.863680881139593,-0.1969413108091951,0,No,0
128.5,0,128.5,4.863680881139593,-0.1969413108091951,0,No,0
128.5,0,128.5,4.863680881139593,-0.1969413108091951,0,No,0
128.5,0,128.5,4.863680881139593,-0.1969413108091951,0,No,0
128.5,0,128.5,4.863680881139593,-0.1969413108091951,0,No,0
128.5,0,128.5,4.863680881139593,-0.1969413108091951,0,No,0
128.67,0,128.67,4.864992761560793,-0.1952947367256527,0,No,0
128.83,0,128.83,4.866225902372162,-0.19374501994114182,0,No,0
129.0,0,129.0,4.867534450455582,-0.19209844585759941,0,No,0
129.0,0,129.0,4.867534450455582,-0.19209844585759941,0,No,0
129.0,0,129.0,4.867534450455582,-0.19209844585759941,0,Yes,1
129.0,0,129.0,4.867534450455582,-0.19209844585759941,0,Yes,1
129.17,0,129.17,4.868841288478369,-0.19045187177405698,0,No,0
129.17,0,129.17,4.868841288478369,-0.19045187177405698,0,Yes,1
129.17,0,129.17,4.868841288478369,-0.19045187177405698,0,No,0
129.17,0,129.17,4.868841288478369,-0.19045187177405698,0,No,0
129.17,0,129.17,4.868841288478369,-0.19045187177405698,0,No,0
129.17,0,129.17,4.868841288478369,-0.19045187177405698,0,No,0
129.17,0,129.17,4.868841288478369,-0.19045187177405698,0,No,0
129.33,0,129.33,4.870069695542629,-0.1889021549895461,0,No,0
129.33,0,129.33,4.870069695542629,-0.1889021549895461,0,No,0
129.33,0,129.33,4.870069695542629,-0.1889021549895461,0,No,0
129.5,0,129.5,4.871373226762748,-0.1872555809060037,0,No,0
129.5,0,129.5,4.871373226762748,-0.1872555809060037,0,No,0
129.67,0,129.67,4.872675061001055,-0.18560900682246126,0,No,0
129.67,0,129.67,4.872675061001055,-0.18560900682246126,0,No,0
129.83,0,129.83,4.873898770522785,-0.1840592900379504,0,No,0
129.83,0,129.83,4.873898770522785,-0.1840592900379504,0,Yes,1
129.83,0,129.83,4.873898770522785,-0.1840592900379504,0,No,0
129.83,0,129.83,4.873898770522785,-0.1840592900379504,0,No,0
129.83,0,129.83,4.873898770522785,-0.1840592900379504,0,No,0
130.0,0,130.0,4.875197323201151,-0.18241271595440797,0,No,0
130.0,0,130.0,4.875197323201151,-0.18241271595440797,0,No,0
130.17,0,130.17,4.876494191827054,-0.18076614187086554,0,Yes,1
130.17,0,130.17,4.876494191827054,-0.18076614187086554,0,No,0
130.17,0,130.17,4.876494191827054,-0.18076614187086554,0,No,0
130.17,0,130.17,4.876494191827054,-0.18076614187086554,0,No,0
130.33,0,130.33,4.877713239597068,-0.17921642508635469,0,No,0
130.33,0,130.33,4.877713239597068,-0.17921642508635469,0,No,0
130.33,0,130.33,4.877713239597068,-0.17921642508635469,0,No,0
130.5,0,130.5,4.879006851617819,-0.17756985100281225,0,Yes,1
130.5,0,130.5,4.879006851617819,-0.17756985100281225,0,No,0
130.5,0,130.5,4.879006851617819,-0.17756985100281225,0,No,0
130.67,0,130.67,4.880298792368253,-0.17592327691926984,0,No,0
130.83,0,130.83,4.881513213769878,-0.17437356013475896,0,No,0
130.83,0,130.83,4.881513213769878,-0.17437356013475896,0,No,0
130.83,0,130.83,4.881513213769878,-0.17437356013475896,0,No,0
131.0,0,131.0,4.882801922586371,-0.17272698605121653,0,No,0
131.0,0,131.0,4.882801922586371,-0.17272698605121653,0,No,0
131.17,0,131.17,4.884088972769716,-0.17108041196767412,0,No,0
131.17,0,131.17,4.884088972769716,-0.17108041196767412,0,No,0
131.17,0,131.17,4.884088972769716,-0.17108041196767412,0,No,0
131.33,0,131.33,4.885298802784958,-0.16953069518316324,0,No,0
131.33,0,131.33,4.885298802784958,-0.16953069518316324,0,No,0
131.5,0,131.5,4.886582645426277,-0.16788412109962084,0,No,0
131.5,0,131.5,4.886582645426277,-0.16788412109962084,0,No,0
131.5,0,131.5,4.886582645426277,-0.16788412109962084,0,No,0
131.67,0,131.67,4.887864841928826,-0.1662375470160784,0,No,0
131.67,0,131.67,4.887864841928826,-0.1662375470160784,0,No,0
131.67,0,131.67,4.887864841928826,-0.1662375470160784,0,No,0
131.67,0,131.67,4.887864841928826,-0.1662375470160784,0,No,0
131.83,0,131.83,4.8890701151444125,-0.16468783023156752,0,No,0
131.83,0,131.83,4.8890701151444125,-0.16468783023156752,0,No,0
131.83,0,131.83,4.8890701151444125,-0.16468783023156752,0,No,0
132.0,0,132.0,4.890349128221754,-0.16304125614802512,0,No,0
132.0,0,132.0,4.890349128221754,-0.16304125614802512,0,No,0
132.0,0,132.0,4.890349128221754,-0.16304125614802512,0,No,0
132.0,0,132.0,4.890349128221754,-0.16304125614802512,0,No,0
132.17,0,132.17,4.8916265075140535,-0.16139468206448268,0,No,0
132.17,0,132.17,4.8916265075140535,-0.16139468206448268,0,No,0
132.17,0,132.17,4.8916265075140535,-0.16139468206448268,0,No,0
132.17,0,132.17,4.8916265075140535,-0.16139468206448268,0,No,0
132.17,0,132.17,4.8916265075140535,-0.16139468206448268,0,No,0
132.17,0,132.17,4.8916265075140535,-0.16139468206448268,0,No,0
132.33,0,132.33,4.892827258127367,-0.1598449652799718,0,No,0
132.33,0,132.33,4.892827258127367,-0.1598449652799718,0,No,0
132.33,0,132.33,4.892827258127367,-0.1598449652799718,0,No,0
132.33,0,132.33,4.892827258127367,-0.1598449652799718,0,No,0
132.33,0,132.33,4.892827258127367,-0.1598449652799718,0,No,0
132.5,0,132.5,4.894101477840304,-0.1581983911964294,0,No,0
132.5,0,132.5,4.894101477840304,-0.1581983911964294,0,No,0
132.5,0,132.5,4.894101477840304,-0.1581983911964294,0,No,0
132.5,0,132.5,4.894101477840304,-0.1581983911964294,0,No,0
132.67,0,132.67,4.895374075983382,-0.15655181711288696,0,No,0
132.67,0,132.67,4.895374075983382,-0.15655181711288696,0,No,0
132.67,0,132.67,4.895374075983382,-0.15655181711288696,0,No,0
132.67,0,132.67,4.895374075983382,-0.15655181711288696,0,No,0
132.67,0,132.67,4.895374075983382,-0.15655181711288696,0,No,0
132.83,0,132.83,4.896570337808283,-0.1550021003283761,0,Yes,1
132.83,0,132.83,4.896570337808283,-0.1550021003283761,0,Yes,1
132.83,0,132.83,4.896570337808283,-0.1550021003283761,0,No,0
132.83,0,132.83,4.896570337808283,-0.1550021003283761,0,No,0
133.0,0,133.0,4.897839799950911,-0.15335552624483367,0,No,0
133.0,0,133.0,4.897839799950911,-0.15335552624483367,0,No,0
133.0,0,133.0,4.897839799950911,-0.15335552624483367,0,Yes,1
133.0,0,133.0,4.897839799950911,-0.15335552624483367,0,Yes,1
133.17,0,133.17,4.89910765260238,-0.15170895216129124,0,No,0
133.17,0,133.17,4.89910765260238,-0.15170895216129124,0,No,0
133.17,0,133.17,4.89910765260238,-0.15170895216129124,0,Yes,1
133.17,0,133.17,4.89910765260238,-0.15170895216129124,0,No,0
133.2,0,133.2,4.8993312245375815,-0.1514183802641955,0,No,0
133.33,0,133.33,4.900299459074922,-0.1501592353767804,0,No,0
133.33,0,133.33,4.900299459074922,-0.1501592353767804,0,No,0
133.33,0,133.33,4.900299459074922,-0.1501592353767804,0,No,0
133.33,0,133.33,4.900299459074922,-0.1501592353767804,0,No,0
133.5,0,133.5,4.901564199041894,-0.14851266129323795,0,No,0
133.5,0,133.5,4.901564199041894,-0.14851266129323795,0,Yes,1
133.5,0,133.5,4.901564199041894,-0.14851266129323795,0,No,0
133.5,0,133.5,4.901564199041894,-0.14851266129323795,0,No,0
133.5,0,133.5,4.901564199041894,-0.14851266129323795,0,No,0
133.5,0,133.5,4.901564199041894,-0.14851266129323795,0,No,0
133.5,0,133.5,4.901564199041894,-0.14851266129323795,0,No,0
133.5,0,133.5,4.901564199041894,-0.14851266129323795,0,No,0
133.5,0,133.5,4.901564199041894,-0.14851266129323795,0,Yes,1
133.67,0,133.67,4.9028273414619505,-0.14686608720969554,0,Yes,1
133.67,0,133.67,4.9028273414619505,-0.14686608720969554,0,No,0
133.67,0,133.67,4.9028273414619505,-0.14686608720969554,0,No,0
133.67,0,133.67,4.9028273414619505,-0.14686608720969554,0,No,0
133.83,0,133.83,4.904014725645983,-0.14531637042518467,0,No,0
133.83,0,133.83,4.904014725645983,-0.14531637042518467,0,No,0
133.83,0,133.83,4.904014725645983,-0.14531637042518467,0,No,0
133.83,0,133.83,4.904014725645983,-0.14531637042518467,0,No,0
134.0,0,134.0,4.90527477843843,-0.14366979634164223,0,No,0
134.0,0,134.0,4.90527477843843,-0.14366979634164223,0,No,0
134.0,0,134.0,4.90527477843843,-0.14366979634164223,0,No,0
134.0,0,134.0,4.90527477843843,-0.14366979634164223,0,No,0
134.0,0,134.0,4.90527477843843,-0.14366979634164223,0,No,0
134.0,0,134.0,4.90527477843843,-0.14366979634164223,0,No,0
134.17,0,134.17,4.906533245495736,-0.14202322225809982,0,No,0
134.17,0,134.17,4.906533245495736,-0.14202322225809982,0,No,0
134.17,0,134.17,4.906533245495736,-0.14202322225809982,0,No,0
134.33,0,134.33,4.907716240088415,-0.14047350547358894,0,No,0
134.33,0,134.33,4.907716240088415,-0.14047350547358894,0,No,0
134.33,0,134.33,4.907716240088415,-0.14047350547358894,0,No,0
134.5,0,134.5,4.908971640319756,-0.13882693139004654,0,No,0
134.5,0,134.5,4.908971640319756,-0.13882693139004654,0,No,0
134.5,0,134.5,4.908971640319756,-0.13882693139004654,0,No,0
134.5,0,134.5,4.908971640319756,-0.13882693139004654,0,No,0
134.5,0,134.5,4.908971640319756,-0.13882693139004654,0,No,0
134.5,0,134.5,4.908971640319756,-0.13882693139004654,0,No,0
134.5,0,134.5,4.908971640319756,-0.13882693139004654,0,No,0
134.67,0,134.67,4.910225466497217,-0.1371803573065041,0,No,0
134.67,0,134.67,4.910225466497217,-0.1371803573065041,0,No,0
134.67,0,134.67,4.910225466497217,-0.1371803573065041,0,No,0
134.83,0,134.83,4.9114041038344,-0.13563064052199322,0,No,0
134.83,0,134.83,4.9114041038344,-0.13563064052199322,0,No,0
134.83,0,134.83,4.9114041038344,-0.13563064052199322,0,No,0
135.0,0,135.0,4.912654885736052,-0.13398406643845082,0,Yes,1
135.0,0,135.0,4.912654885736052,-0.13398406643845082,0,No,0
135.0,0,135.0,4.912654885736052,-0.13398406643845082,0,No,0
135.0,0,135.0,4.912654885736052,-0.13398406643845082,0,No,0
135.17,0,135.17,4.913904105136484,-0.13233749235490838,0,No,0
135.33,0,135.33,4.915078417198038,-0.1307877755703975,0,No,0
135.33,0,135.33,4.915078417198038,-0.1307877755703975,0,No,0
135.33,0,135.33,4.915078417198038,-0.1307877755703975,0,No,0
135.33,0,135.33,4.915078417198038,-0.1307877755703975,0,No,0
135.5,0,135.5,4.916324614625014,-0.1291412014868551,0,No,0
135.5,0,135.5,4.916324614625014,-0.1291412014868551,0,No,0
135.5,0,135.5,4.916324614625014,-0.1291412014868551,0,No,0
135.5,0,135.5,4.916324614625014,-0.1291412014868551,0,No,0
135.67,0,135.67,4.917569260976709,-0.12749462740331266,0,No,0
135.67,0,135.67,4.917569260976709,-0.12749462740331266,0,No,0
135.83,0,135.83,4.918739279391719,-0.1259449106188018,0,No,0
136.0,0,136.0,4.919980925828125,-0.12429833653525937,0,No,0
136.0,0,136.0,4.919980925828125,-0.12429833653525937,0,No,0
136.0,0,136.0,4.919980925828125,-0.12429833653525937,0,No,0
136.0,0,136.0,4.919980925828125,-0.12429833653525937,0,No,0
136.0,0,136.0,4.919980925828125,-0.12429833653525937,0,No,0
136.0,0,136.0,4.919980925828125,-0.12429833653525937,0,No,0
136.17,0,136.17,4.921221032490315,-0.12265176245171695,0,No,0
136.17,0,136.17,4.921221032490315,-0.12265176245171695,0,No,0
136.25,0,136.25,4.92180408038964,-0.12187690405946151,0,No,0
136.33,0,136.33,4.922386788542191,-0.12110204566720609,0,No,0
136.33,0,136.33,4.922386788542191,-0.12110204566720609,0,No,0
136.5,0,136.5,4.923623917106626,-0.11945547158366367,0,No,0
136.5,0,136.5,4.923623917106626,-0.11945547158366367,0,No,0
136.5,0,136.5,4.923623917106626,-0.11945547158366367,0,No,0
136.5,0,136.5,4.923623917106626,-0.11945547158366367,0,No,0
136.67,0,136.67,4.924859517074852,-0.11780889750012123,0,No,0
136.67,0,136.67,4.924859517074852,-0.11780889750012123,0,No,0
136.67,0,136.67,4.924859517074852,-0.11780889750012123,0,No,0
136.67,0,136.67,4.924859517074852,-0.11780889750012123,0,No,0
136.67,0,136.67,4.924859517074852,-0.11780889750012123,0,No,0
136.83,0,136.83,4.926021041706347,-0.11625918071561037,0,No,0
136.83,0,136.83,4.926021041706347,-0.11625918071561037,0,No,0
136.83,0,136.83,4.926021041706347,-0.11625918071561037,0,No,0
136.83,0,136.83,4.926021041706347,-0.11625918071561037,0,No,0
136.83,0,136.83,4.926021041706347,-0.11625918071561037,0,No,0
137.0,0,137.0,4.927253685157205,-0.11461260663206795,0,No,0
137.0,0,137.0,4.927253685157205,-0.11461260663206795,0,Yes,1
137.0,0,137.0,4.927253685157205,-0.11461260663206795,0,No,0
137.17,0,137.17,4.928484811068578,-0.11296603254852552,0,No,0
137.33,0,137.33,4.929642134886724,-0.11141631576401465,0,No,0
137.33,0,137.33,4.929642134886724,-0.11141631576401465,0,No,0
137.5,0,137.5,4.930870325627393,-0.10976974168047222,0,Yes,1
137.5,0,137.5,4.930870325627393,-0.10976974168047222,0,No,0
137.67,0,137.67,4.932097009765773,-0.1081231675969298,0,No,0
137.67,0,137.67,4.932097009765773,-0.1081231675969298,0,No,0
137.83,0,137.83,4.933250163046711,-0.10657345081241894,0,Yes,1
138.0,0,138.0,4.9344739331306915,-0.10492687672887652,0,No,0
138.0,0,138.0,4.9344739331306915,-0.10492687672887652,0,No,0
138.17,0,138.17,4.935696207431762,-0.10328030264533408,0,No,0
138.17,0,138.17,4.935696207431762,-0.10328030264533408,0,No,0
138.17,0,138.17,4.935696207431762,-0.10328030264533408,0,No,0
138.33,0,138.33,4.936845220125501,-0.10173058586082322,0,No,0
138.33,0,138.33,4.936845220125501,-0.10173058586082322,0,No,0
138.33,0,138.33,4.936845220125501,-0.10173058586082322,0,No,0
138.33,0,138.33,4.936845220125501,-0.10173058586082322,0,No,0
138.5,0,138.5,4.93806460126142,-0.1000840117772808,0,No,0
138.5,0,138.5,4.93806460126142,-0.1000840117772808,0,No,0
138.5,0,138.5,4.93806460126142,-0.1000840117772808,0,No,0
138.67,0,138.67,4.93928249731768,-0.09843743769373837,0,No,0
138.67,0,138.67,4.93928249731768,-0.09843743769373837,0,No,0
139.0,0,139.0,4.941642422609304,-0.09524114682568507,0,No,0
139.0,0,139.0,4.941642422609304,-0.09524114682568507,0,No,0
139.0,0,139.0,4.941642422609304,-0.09524114682568507,0,No,0
139.0,0,139.0,4.941642422609304,-0.09524114682568507,0,No,0
139.17,0,139.17,4.942855971674966,-0.09359457274214265,0,Yes,1
139.17,0,139.17,4.942855971674966,-0.09359457274214265,0,No,0
139.17,0,139.17,4.942855971674966,-0.09359457274214265,0,No,0
139.25,0,139.25,4.943426544402806,-0.09281971434988721,0,No,0
139.33,0,139.33,4.943996791763045,-0.09204485595763179,0,No,0
139.33,0,139.33,4.943996791763045,-0.09204485595763179,0,No,0
139.5,0,139.5,4.945207488773801,-0.09039828187408937,0,No,0
139.5,0,139.5,4.945207488773801,-0.09039828187408937,0,No,0
139.5,0,139.5,4.945207488773801,-0.09039828187408937,0,No,0
139.5,0,139.5,4.945207488773801,-0.09039828187408937,0,No,0
139.5,0,139.5,4.945207488773801,-0.09039828187408937,0,No,0
139.5,0,139.5,4.945207488773801,-0.09039828187408937,0,No,0
139.67,0,139.67,4.946416721769604,-0.08875170779054695,0,No,0
139.67,0,139.67,4.946416721769604,-0.08875170779054695,0,No,0
139.67,0,139.67,4.946416721769604,-0.08875170779054695,0,No,0
139.67,0,139.67,4.946416721769604,-0.08875170779054695,0,No,0
139.67,0,139.67,4.946416721769604,-0.08875170779054695,0,No,0
139.67,0,139.67,4.946416721769604,-0.08875170779054695,0,Yes,1
139.67,0,139.67,4.946416721769604,-0.08875170779054695,0,No,0
139.83,0,139.83,4.947553489209959,-0.08720199100603607,0,No,0
140.0,0,140.0,4.948759890378168,-0.08555541692249365,0,No,0
140.0,0,140.0,4.948759890378168,-0.08555541692249365,0,No,0
140.17,0,140.17,4.9499648378961085,-0.08390884283895123,0,Yes,1
140.17,0,140.17,4.9499648378961085,-0.08390884283895123,0,No,0
140.17,0,140.17,4.9499648378961085,-0.08390884283895123,0,No,0
140.33,0,140.33,4.9510975813800595,-0.08235912605444035,0,No,0
140.33,0,140.33,4.9510975813800595,-0.08235912605444035,0,No,0
140.33,0,140.33,4.9510975813800595,-0.08235912605444035,0,No,0
140.33,0,140.33,4.9510975813800595,-0.08235912605444035,0,No,0
140.33,0,140.33,4.9510975813800595,-0.08235912605444035,0,No,0
140.5,0,140.5,4.952299717083292,-0.08071255197089792,0,No,0
140.5,0,140.5,4.952299717083292,-0.08071255197089792,0,No,0
140.67,0,140.67,4.95350040939126,-0.0790659778873555,0,No,0
140.83,0,140.83,4.954629157306516,-0.07751626110284464,0,No,0
140.83,0,140.83,4.954629157306516,-0.07751626110284464,0,No,0
141.0,0,141.0,4.955827057601261,-0.07586968701930222,0,No,0
141.0,0,141.0,4.955827057601261,-0.07586968701930222,0,No,0
141.0,0,141.0,4.955827057601261,-0.07586968701930222,0,No,0
141.0,0,141.0,4.955827057601261,-0.07586968701930222,0,No,0
141.17,0,141.17,4.957023524647607,-0.0742231129357598,0,No,0
141.17,0,141.17,4.957023524647607,-0.0742231129357598,0,No,0
141.17,0,141.17,4.957023524647607,-0.0742231129357598,0,No,0
141.33,0,141.33,4.958148305082534,-0.07267339615124892,0,Yes,1
141.33,0,141.33,4.958148305082534,-0.07267339615124892,0,No,0
141.33,0,141.33,4.958148305082534,-0.07267339615124892,0,No,0
141.33,0,141.33,4.958148305082534,-0.07267339615124892,0,No,0
141.5,0,141.5,4.959341999708705,-0.0710268220677065,0,No,0
141.5,0,141.5,4.959341999708705,-0.0710268220677065,0,No,0
141.5,0,141.5,4.959341999708705,-0.0710268220677065,0,No,0
141.5,0,141.5,4.959341999708705,-0.0710268220677065,0,No,0
141.67,0,141.67,4.960534271126723,-0.06938024798416408,0,No,0
141.67,0,141.67,4.960534271126723,-0.06938024798416408,0,No,0
141.83,0,141.83,4.961655111874538,-0.06783053119965321,0,No,0
141.83,0,141.83,4.961655111874538,-0.06783053119965321,0,No,0
142.0,0,142.0,4.962844630259907,-0.06618395711611078,0,No,0
142.0,0,142.0,4.962844630259907,-0.06618395711611078,0,No,0
142.0,0,142.0,4.962844630259907,-0.06618395711611078,0,Yes,1
142.17,0,142.17,4.964032735372236,-0.06453738303256835,0,No,0
142.33,0,142.33,4.965149663935124,-0.06298766624805749,0,No,0
142.33,0,142.33,4.965149663935124,-0.06298766624805749,0,No,0
142.33,0,142.33,4.965149663935124,-0.06298766624805749,0,No,0
142.33,0,142.33,4.965149663935124,-0.06298766624805749,0,No,0
142.33,0,142.33,4.965149663935124,-0.06298766624805749,0,No,0
142.5,0,142.5,4.966335035199676,-0.06134109216451507,0,No,0
142.83,0,142.83,4.968632046615798,-0.05814480129646177,0,No,0
143.0,0,143.0,4.969813299576001,-0.05649822721291935,0,No,0
143.0,0,143.0,4.969813299576001,-0.05649822721291935,0,No,0
143.0,0,143.0,4.969813299576001,-0.05649822721291935,0,No,0
143.0,0,143.0,4.969813299576001,-0.05649822721291935,0,No,0
143.17,0,143.17,4.970993158823812,-0.054851653129376926,0,No,0
143.5,0,143.5,4.973279507552487,-0.05165536226132363,0,No,0
143.5,0,143.5,4.973279507552487,-0.05165536226132363,0,No,0
143.5,0,143.5,4.973279507552487,-0.05165536226132363,0,No,0
143.5,0,143.5,4.973279507552487,-0.05165536226132363,0,No,0
143.67,0,143.67,4.974455286641499,-0.05000878817778121,0,No,0
143.67,0,143.67,4.974455286641499,-0.05000878817778121,0,Yes,1
143.83,0,143.83,4.975560640812765,-0.04845907139327034,0,No,0
143.83,0,143.83,4.975560640812765,-0.04845907139327034,0,No,0
143.83,0,143.83,4.975560640812765,-0.04845907139327034,0,Yes,1
143.83,0,143.83,4.975560640812765,-0.04845907139327034,0,No,0
143.83,0,143.83,4.975560640812765,-0.04845907139327034,0,Yes,1
144.0,0,144.0,4.976733742420574,-0.04681249730972792,0,No,0
144.0,0,144.0,4.976733742420574,-0.04681249730972792,0,No,0
144.0,0,144.0,4.976733742420574,-0.04681249730972792,0,No,0
144.0,0,144.0,4.976733742420574,-0.04681249730972792,0,No,0
144.0,0,144.0,4.976733742420574,-0.04681249730972792,0,No,0
144.0,0,144.0,4.976733742420574,-0.04681249730972792,0,No,0
144.17,0,144.17,4.9779054694733365,-0.04516592322618549,0,No,0
144.17,0,144.17,4.9779054694733365,-0.04516592322618549,0,No,0
144.17,0,144.17,4.9779054694733365,-0.04516592322618549,0,No,0
144.17,0,144.17,4.9779054694733365,-0.04516592322618549,0,No,0
144.33,0,144.33,4.979007018638079,-0.043616206441674625,0,No,0
144.33,0,144.33,4.979007018638079,-0.043616206441674625,0,No,0
144.5,0,144.5,4.980176086611547,-0.0419696323581322,0,No,0
144.5,0,144.5,4.980176086611547,-0.0419696323581322,0,No,0
144.5,0,144.5,4.980176086611547,-0.0419696323581322,0,No,0
144.5,0,144.5,4.980176086611547,-0.0419696323581322,0,No,0
144.67,0,144.67,4.9813437894608565,-0.040323058274589776,0,No,0
144.67,0,144.67,4.9813437894608565,-0.040323058274589776,0,No,0
144.67,0,144.67,4.9813437894608565,-0.040323058274589776,0,No,0
144.67,0,144.67,4.9813437894608565,-0.040323058274589776,0,No,0
144.67,0,144.67,4.9813437894608565,-0.040323058274589776,0,No,0
144.83,0,144.83,4.982441559725474,-0.038773341490078904,0,No,0
144.83,0,144.83,4.982441559725474,-0.038773341490078904,0,No,0
144.83,0,144.83,4.982441559725474,-0.038773341490078904,0,No,0
144.83,0,144.83,4.982441559725474,-0.038773341490078904,0,No,0
144.83,0,144.83,4.982441559725474,-0.038773341490078904,0,Yes,1
144.83,0,144.83,4.982441559725474,-0.038773341490078904,0,No,0
144.83,0,144.83,4.982441559725474,-0.038773341490078904,0,No,0
145.0,0,145.0,4.983606621708336,-0.03712676740653648,0,No,0
145.17,0,145.17,4.9847703279012014,-0.03548019332299406,0,No,0
145.17,0,145.17,4.9847703279012014,-0.03548019332299406,0,No,0
145.17,0,145.17,4.9847703279012014,-0.03548019332299406,0,Yes,1
145.17,0,145.17,4.9847703279012014,-0.03548019332299406,0,No,0
145.33,0,145.33,4.985864345104336,-0.03393047653848319,0,No,0
145.33,0,145.33,4.985864345104336,-0.03393047653848319,0,No,0
145.33,0,145.33,4.985864345104336,-0.03393047653848319,0,No,0
145.5,0,145.5,4.987025428457122,-0.03228390245494077,0,No,0
145.5,0,145.5,4.987025428457122,-0.03228390245494077,0,No,0
145.5,0,145.5,4.987025428457122,-0.03228390245494077,0,No,0
145.5,0,145.5,4.987025428457122,-0.03228390245494077,0,No,0
145.5,0,145.5,4.987025428457122,-0.03228390245494077,0,No,0
145.5,0,145.5,4.987025428457122,-0.03228390245494077,0,No,0
145.67,0,145.67,4.988185165258664,-0.030637328371398345,0,No,0
145.67,0,145.67,4.988185165258664,-0.030637328371398345,0,No,0
145.83,0,145.83,4.989275454974846,-0.029087611586887472,0,No,0
145.83,0,145.83,4.989275454974846,-0.029087611586887472,0,Yes,1
145.83,0,145.83,4.989275454974846,-0.029087611586887472,0,No,0
146.0,0,146.0,4.990432586778736,-0.02744103750334505,0,No,0
146.0,0,146.0,4.990432586778736,-0.02744103750334505,0,No,0
146.0,0,146.0,4.990432586778736,-0.02744103750334505,0,No,0
146.33,0,146.33,4.992674968719263,-0.024244746635291758,0,No,0
146.33,0,146.33,4.992674968719263,-0.024244746635291758,0,No,0
146.33,0,146.33,4.992674968719263,-0.024244746635291758,0,No,0
146.33,0,146.33,4.992674968719263,-0.024244746635291758,0,No,0
146.33,0,146.33,4.992674968719263,-0.024244746635291758,0,No,0
146.5,0,146.5,4.993828175779875,-0.022598172551749333,0,No,0
146.5,0,146.5,4.993828175779875,-0.022598172551749333,0,No,0
146.5,0,146.5,4.993828175779875,-0.022598172551749333,0,No,0
146.67,0,146.67,4.994980054485683,-0.020951598468206913,0,No,0
146.67,0,146.67,4.994980054485683,-0.020951598468206913,0,No,0
146.67,0,146.67,4.994980054485683,-0.020951598468206913,0,No,0
146.67,0,146.67,4.994980054485683,-0.020951598468206913,0,No,0
146.67,0,146.67,4.994980054485683,-0.020951598468206913,0,No,0
146.83,0,146.83,4.996062964912999,-0.01940188168369604,0,Yes,1
146.83,0,146.83,4.996062964912999,-0.01940188168369604,0,No,0
147.17,0,147.17,4.998360263220643,-0.016108733516611195,0,No,0
147.17,0,147.17,4.998360263220643,-0.016108733516611195,0,No,0
147.17,0,147.17,4.998360263220643,-0.016108733516611195,0,No,0
147.33,0,147.33,4.999439521335521,-0.014559016732100324,0,No,0
147.33,0,147.33,4.999439521335521,-0.014559016732100324,0,No,0
147.5,0,147.5,5.000584958242754,-0.012912442648557901,0,No,0
147.5,0,147.5,5.000584958242754,-0.012912442648557901,0,No,0
147.5,0,147.5,5.000584958242754,-0.012912442648557901,0,No,0
147.5,0,147.5,5.000584958242754,-0.012912442648557901,0,No,0
147.5,0,147.5,5.000584958242754,-0.012912442648557901,0,No,0
147.67,0,147.67,5.00172908462526,-0.011265868565015479,0,No,0
147.67,0,147.67,5.00172908462526,-0.011265868565015479,0,No,0
147.67,0,147.67,5.00172908462526,-0.011265868565015479,0,No,0
147.83,0,147.83,5.0028047149810675,-0.009716151780504608,0,No,0
147.83,0,147.83,5.0028047149810675,-0.009716151780504608,0,No,0
147.83,0,147.83,5.0028047149810675,-0.009716151780504608,0,No,0
147.83,0,147.83,5.0028047149810675,-0.009716151780504608,0,No,0
148.0,0,148.0,5.003946305945459,-0.008069577696962186,0,No,0
148.0,0,148.0,5.003946305945459,-0.008069577696962186,0,No,0
148.0,0,148.0,5.003946305945459,-0.008069577696962186,0,No,0
148.17,0,148.17,5.005086595165839,-0.006423003613419763,0,No,0
148.17,0,148.17,5.005086595165839,-0.006423003613419763,0,No,0
148.33,0,148.33,5.006158622069178,-0.004873286828908892,0,No,0
148.33,0,148.33,5.006158622069178,-0.004873286828908892,0,No,0
148.33,0,148.33,5.006158622069178,-0.004873286828908892,0,No,0
148.33,0,148.33,5.006158622069178,-0.004873286828908892,0,No,0
148.5,0,148.5,5.0072963928307415,-0.0032267127453664696,0,No,0
148.5,0,148.5,5.0072963928307415,-0.0032267127453664696,0,No,0
148.67,0,148.67,5.008432870541055,-0.001580138661824047,0,No,0
148.67,0,148.67,5.008432870541055,-0.001580138661824047,0,No,0
148.83,0,148.83,5.009501318055053,-3.042187731317557e-05,0,No,0
148.83,0,148.83,5.009501318055053,-3.042187731317557e-05,0,No,0
148.83,0,148.83,5.009501318055053,-3.042187731317557e-05,0,No,0
148.83,0,148.83,5.009501318055053,-3.042187731317557e-05,0,No,0
148.83,0,148.83,5.009501318055053,-3.042187731317557e-05,0,No,0
148.83,0,148.83,5.009501318055053,-3.042187731317557e-05,0,No,0
148.83,0,148.83,5.009501318055053,-3.042187731317557e-05,0,No,0
148.83,0,148.83,5.009501318055053,-3.042187731317557e-05,0,No,0
149.0,0,149.0,5.0106352940962555,0.0016161522062292468,0,No,0
149.0,0,149.0,5.0106352940962555,0.0016161522062292468,0,No,0
149.17,0,149.17,5.011767985692189,0.0032627262897716694,0,Yes,1
149.17,0,149.17,5.011767985692189,0.0032627262897716694,0,No,0
149.17,0,149.17,5.011767985692189,0.0032627262897716694,0,No,0
149.33,0,149.33,5.012832877639743,0.004812443074282541,0,No,0
149.5,0,149.5,5.01396308418893,0.006459017157824963,0,No,0
149.67,0,149.67,5.015092014813197,0.008105591241367385,0,No,0
149.83,0,149.83,5.016153374780161,0.009655308025878257,0,No,0
149.83,0,149.83,5.016153374780161,0.009655308025878257,0,No,0
149.83,0,149.83,5.016153374780161,0.009655308025878257,0,No,0
150.0,0,150.0,5.017279836814924,0.01130188210942068,0,No,0
150.0,0,150.0,5.017279836814924,0.01130188210942068,0,Yes,1
150.0,0,150.0,5.017279836814924,0.01130188210942068,0,No,0
150.0,0,150.0,5.017279836814924,0.01130188210942068,0,No,0
150.0,0,150.0,5.017279836814924,0.01130188210942068,0,No,0
150.0,0,150.0,5.017279836814924,0.01130188210942068,0,No,0
150.0,0,150.0,5.017279836814924,0.01130188210942068,0,No,0
150.17,0,150.17,5.018405031360617,0.012948456192963103,0,No,0
150.17,0,150.17,5.018405031360617,0.012948456192963103,0,No,0
150.17,0,150.17,5.018405031360617,0.012948456192963103,0,No,0
150.33,0,150.33,5.019462882698935,0.014498172977473973,0,No,0
150.33,0,150.33,5.019462882698935,0.014498172977473973,0,No,0
150.33,0,150.33,5.019462882698935,0.014498172977473973,0,No,0
150.5,0,150.5,5.020585624949423,0.016144747061016394,0,Yes,1
150.5,0,150.5,5.020585624949423,0.016144747061016394,0,No,0
150.5,0,150.5,5.020585624949423,0.016144747061016394,0,No,0
150.5,0,150.5,5.020585624949423,0.016144747061016394,0,No,0
150.6,0,150.6,5.021245473208271,0.017113320051335482,0,No,0
150.67,0,150.67,5.021707108063305,0.01779132114455882,0,No,0
150.67,0,150.67,5.021707108063305,0.01779132114455882,0,No,0
150.83,0,150.83,5.022761473894096,0.01934103792906969,0,No,0
151.0,0,151.0,5.0238805208462765,0.020987612012612112,0,No,0
151.0,0,151.0,5.0238805208462765,0.020987612012612112,0,No,0
151.17,0,151.17,5.024998316932023,0.022634186096154533,0,No,0
151.17,0,151.17,5.024998316932023,0.022634186096154533,0,No,0
151.17,0,151.17,5.024998316932023,0.022634186096154533,0,No,0
151.33,0,151.33,5.02604922014861,0.024183902880665405,0,No,0
151.33,0,151.33,5.02604922014861,0.024183902880665405,0,No,0
151.33,0,151.33,5.02604922014861,0.024183902880665405,0,No,0
151.5,0,151.5,5.0271645960474665,0.02583047696420783,0,No,0
151.5,0,151.5,5.0271645960474665,0.02583047696420783,0,No,0
151.5,0,151.5,5.0271645960474665,0.02583047696420783,0,No,0
151.5,0,151.5,5.0271645960474665,0.02583047696420783,0,No,0
151.67,0,151.67,5.028278729268851,0.02747705104775025,0,No,0
151.67,0,151.67,5.028278729268851,0.02747705104775025,0,No,0
151.67,0,151.67,5.028278729268851,0.02747705104775025,0,No,0
151.67,0,151.67,5.028278729268851,0.02747705104775025,0,No,0
151.83,0,151.83,5.029326192539745,0.029026767832261123,0,No,0
152.0,0,152.0,5.030437921392435,0.030673341915803544,0,No,0
152.0,0,152.0,5.030437921392435,0.030673341915803544,0,No,0
152.0,0,152.0,5.030437921392435,0.030673341915803544,0,No,0
152.17,0,152.17,5.031548415676463,0.032319915999345965,0,No,0
152.17,0,152.17,5.031548415676463,0.032319915999345965,0,No,0
152.17,0,152.17,5.031548415676463,0.032319915999345965,0,No,0
152.33,0,152.33,5.0325924614482975,0.03386963278385684,0,No,0
152.33,0,152.33,5.0325924614482975,0.03386963278385684,0,No,0
152.33,0,152.33,5.0325924614482975,0.03386963278385684,0,No,0
152.5,0,152.5,5.033700567027251,0.03551620686739926,0,No,0
152.5,0,152.5,5.033700567027251,0.03551620686739926,0,No,0
152.67,0,152.67,5.034807446067241,0.037162780950941686,0,No,0
152.67,0,152.67,5.034807446067241,0.037162780950941686,0,No,0
152.67,0,152.67,5.034807446067241,0.037162780950941686,0,No,0
152.67,0,152.67,5.034807446067241,0.037162780950941686,0,No,0
152.83,0,152.83,5.03584809656766,0.03871249773545255,0,No,0
152.83,0,152.83,5.03584809656766,0.03871249773545255,0,No,0
153.0,0,153.0,5.0369526024136295,0.04035907181899498,0,No,0
153.0,0,153.0,5.0369526024136295,0.04035907181899498,0,No,0
153.0,0,153.0,5.0369526024136295,0.04035907181899498,0,Yes,1
153.0,0,153.0,5.0369526024136295,0.04035907181899498,0,No,0
153.0,0,153.0,5.0369526024136295,0.04035907181899498,0,No,0
153.17,0,153.17,5.038055889672248,0.0420056459025374,0,No,0
153.17,0,153.17,5.038055889672248,0.0420056459025374,0,No,0
153.17,0,153.17,5.038055889672248,0.0420056459025374,0,No,0
153.17,0,153.17,5.038055889672248,0.0420056459025374,0,No,0
153.17,0,153.17,5.038055889672248,0.0420056459025374,0,No,0
153.33,0,153.33,5.03909316691274,0.04355536268704827,0,No,0
153.33,0,153.33,5.03909316691274,0.04355536268704827,0,No,0
153.5,0,153.5,5.0401940963378005,0.045201936770590694,0,No,0
153.5,0,153.5,5.0401940963378005,0.045201936770590694,0,No,0
153.5,0,153.5,5.0401940963378005,0.045201936770590694,0,No,0
153.67,0,153.67,5.041293815050048,0.046848510854133114,0,No,0
153.67,0,153.67,5.041293815050048,0.046848510854133114,0,No,0
153.67,0,153.67,5.041293815050048,0.046848510854133114,0,No,0
153.67,0,153.67,5.041293815050048,0.046848510854133114,0,No,0
153.67,0,153.67,5.041293815050048,0.046848510854133114,0,Yes,1
153.67,0,153.67,5.041293815050048,0.046848510854133114,0,No,0
153.67,0,153.67,5.041293815050048,0.046848510854133114,0,No,0
153.83,0,153.83,5.042327740828745,0.04839822763864399,0,Yes,1
153.83,0,153.83,5.042327740828745,0.04839822763864399,0,No,0
153.83,0,153.83,5.042327740828745,0.04839822763864399,0,No,0
153.83,0,153.83,5.042327740828745,0.04839822763864399,0,No,0
153.83,0,153.83,5.042327740828745,0.04839822763864399,0,No,0
153.83,0,153.83,5.042327740828745,0.04839822763864399,0,Yes,1
154.0,0,154.0,5.043425116919247,0.05004480172218641,0,No,0
154.0,0,154.0,5.043425116919247,0.05004480172218641,0,No,0
154.0,0,154.0,5.043425116919247,0.05004480172218641,0,No,0
154.0,0,154.0,5.043425116919247,0.05004480172218641,0,No,0
154.0,0,154.0,5.043425116919247,0.05004480172218641,0,No,0
154.17,0,154.17,5.044521290095393,0.05169137580572883,0,No,0
154.17,0,154.17,5.044521290095393,0.05169137580572883,0,No,0
154.33,0,154.33,5.045551885999816,0.0532410925902397,0,Yes,1
154.5,0,154.5,5.0466457316192885,0.05488766667378213,0,No,0
154.67,0,154.67,5.047738382047758,0.05653424075732455,0,Yes,1
154.67,0,154.67,5.047738382047758,0.05653424075732455,0,Yes,1
154.67,0,154.67,5.047738382047758,0.05653424075732455,0,No,0
154.83,0,154.83,5.048765669457524,0.05808395754183542,0,No,0
155.0,0,155.0,5.049856007249537,0.05973053162537784,0,No,0
155.17,0,155.17,5.050945157499754,0.061377105708920264,0,No,0
155.17,0,155.17,5.050945157499754,0.061377105708920264,0,No,0
155.33,0,155.33,5.051969157589233,0.06292682249343114,0,No,0
155.33,0,155.33,5.051969157589233,0.06292682249343114,0,No,0
155.33,0,155.33,5.051969157589233,0.06292682249343114,0,No,0
155.33,0,155.33,5.051969157589233,0.06292682249343114,0,No,0
155.33,0,155.33,5.051969157589233,0.06292682249343114,0,No,0
155.33,0,155.33,5.051969157589233,0.06292682249343114,0,No,0
155.5,0,155.5,5.0530560099802075,0.06457339657697356,0,Yes,1
155.5,0,155.5,5.0530560099802075,0.06457339657697356,0,Yes,1
155.83,0,155.83,5.0551624161463335,0.06776968744502686,0,No,0
155.83,0,155.83,5.0551624161463335,0.06776968744502686,0,No,0
156.0,0,156.0,5.056245805348308,0.06941626152856928,0,No,0
156.17,0,156.17,5.057328022088238,0.0710628356121117,0,No,0
156.17,0,156.17,5.057328022088238,0.0710628356121117,0,No,0
156.33,0,156.33,5.058345510252332,0.07261255239662256,0,No,0
156.33,0,156.33,5.058345510252332,0.07261255239662256,0,No,0
156.5,0,156.5,5.059425458265688,0.07425912648016499,0,No,0
156.5,0,156.5,5.059425458265688,0.07425912648016499,0,No,0
156.67,0,156.67,5.06050424124939,0.0759057005637074,0,No,0
156.67,0,156.67,5.06050424124939,0.0759057005637074,0,No,0
156.67,0,156.67,5.06050424124939,0.0759057005637074,0,No,0
156.67,0,156.67,5.06050424124939,0.0759057005637074,0,No,0
156.75,0,156.75,5.061011501421323,0.07668055895596285,0,No,0
156.83,0,156.83,5.0615185044108255,0.07745541734821829,0,No,0
156.83,0,156.83,5.0615185044108255,0.07745541734821829,0,No,0
157.0,0,157.0,5.062595033026967,0.07910199143176071,0,No,0
157.0,0,157.0,5.062595033026967,0.07910199143176071,0,No,0
157.17,0,157.17,5.063670403975397,0.08074856551530313,0,No,0
157.33,0,157.33,5.0646814625133425,0.08229828229981401,0,No,0
157.33,0,157.33,5.0646814625133425,0.08229828229981401,0,No,0
157.33,0,157.33,5.0646814625133425,0.08229828229981401,0,No,0
157.33,0,157.33,5.0646814625133425,0.08229828229981401,0,No,0
157.5,0,157.5,5.065754593317335,0.08394485638335643,0,No,0
157.5,0,157.5,5.065754593317335,0.08394485638335643,0,No,0
157.5,0,157.5,5.065754593317335,0.08394485638335643,0,No,0
157.5,0,157.5,5.065754593317335,0.08394485638335643,0,No,0
157.5,0,157.5,5.065754593317335,0.08394485638335643,0,No,0
157.67,0,157.67,5.066826573745998,0.08559143046689885,0,Yes,1
157.67,0,157.67,5.066826573745998,0.08559143046689885,0,No,0
157.67,0,157.67,5.066826573745998,0.08559143046689885,0,No,0
157.67,0,157.67,5.066826573745998,0.08559143046689885,0,No,0
158.17,0,158.17,5.069972813441763,0.09043429541849456,0,No,0
158.17,0,158.17,5.069972813441763,0.09043429541849456,0,No,0
158.33,0,158.33,5.0709775231024175,0.09198401220300544,0,No,0
158.33,0,158.33,5.0709775231024175,0.09198401220300544,0,No,0
158.5,0,158.5,5.072043922224899,0.09363058628654786,0,No,0
158.5,0,158.5,5.072043922224899,0.09363058628654786,0,No,0
158.67,0,158.67,5.07310918535161,0.09527716037009028,0,No,0
158.67,0,158.67,5.07310918535161,0.09527716037009028,0,No,0
158.67,0,158.67,5.07310918535161,0.09527716037009028,0,No,0
158.83,0,158.83,5.074110750380562,0.09682687715460114,0,No,0
158.83,0,158.83,5.074110750380562,0.09682687715460114,0,No,0
158.83,0,158.83,5.074110750380562,0.09682687715460114,0,No,0
159.0,0,159.0,5.075173815233827,0.09847345123814358,0,No,0
159.0,0,159.0,5.075173815233827,0.09847345123814358,0,No,0
159.17,0,159.17,5.076235751180205,0.100120025321686,0,No,0
159.17,0,159.17,5.076235751180205,0.100120025321686,0,No,0
159.17,0,159.17,5.076235751180205,0.100120025321686,0,No,0
159.33,0,159.33,5.077234191200746,0.10166974210619686,0,No,0
159.33,0,159.33,5.077234191200746,0.10166974210619686,0,No,0
159.5,0,159.5,5.07829394257007,0.10331631618973929,0,No,0
159.5,0,159.5,5.07829394257007,0.10331631618973929,0,No,0
159.5,0,159.5,5.07829394257007,0.10331631618973929,0,No,0
159.67,0,159.67,5.079352572055243,0.1049628902732817,0,No,0
159.67,0,159.67,5.079352572055243,0.1049628902732817,0,No,0
159.67,0,159.67,5.079352572055243,0.1049628902732817,0,No,0
159.67,0,159.67,5.079352572055243,0.1049628902732817,0,No,0
159.83,0,159.83,5.080347906507556,0.10651260705779259,0,No,0
159.83,0,159.83,5.080347906507556,0.10651260705779259,0,No,0
159.83,0,159.83,5.080347906507556,0.10651260705779259,0,No,0
160.0,0,160.0,5.081404364984463,0.108159181141335,0,No,0
160.0,0,160.0,5.081404364984463,0.108159181141335,0,Yes,1
160.0,0,160.0,5.081404364984463,0.108159181141335,0,Yes,1
160.0,0,160.0,5.081404364984463,0.108159181141335,0,No,0
160.0,0,160.0,5.081404364984463,0.108159181141335,0,No,0
160.17,0,160.17,5.082459708534627,0.10980575522487743,0,No,0
160.17,0,160.17,5.082459708534627,0.10980575522487743,0,No,0
160.17,0,160.17,5.082459708534627,0.10980575522487743,0,No,0
160.17,0,160.17,5.082459708534627,0.10980575522487743,0,No,0
160.17,0,160.17,5.082459708534627,0.10980575522487743,0,No,0
160.33,0,160.33,5.0834519566780525,0.11135547200938829,0,No,0
160.33,0,160.33,5.0834519566780525,0.11135547200938829,0,No,0
160.33,0,160.33,5.0834519566780525,0.11135547200938829,0,No,0
160.5,0,160.5,5.084505142662711,0.11300204609293073,0,No,0
160.5,0,160.5,5.084505142662711,0.11300204609293073,0,No,0
160.5,0,160.5,5.084505142662711,0.11300204609293073,0,No,0
160.67,0,160.67,5.085557220613515,0.11464862017647315,0,No,0
160.67,0,160.67,5.085557220613515,0.11464862017647315,0,No,0
160.67,0,160.67,5.085557220613515,0.11464862017647315,0,No,0
160.67,0,160.67,5.085557220613515,0.11464862017647315,0,No,0
160.75,0,160.75,5.08605193338101,0.11542347856872857,0,No,0
160.83,0,160.83,5.0865464015287944,0.11619833696098401,0,No,0
161.0,0,161.0,5.087596335232384,0.11784491104452643,0,No,0
161.0,0,161.0,5.087596335232384,0.11784491104452643,0,No,0
161.0,0,161.0,5.087596335232384,0.11784491104452643,0,No,0
161.0,0,161.0,5.087596335232384,0.11784491104452643,0,No,0
161.0,0,161.0,5.087596335232384,0.11784491104452643,0,No,0
161.0,0,161.0,5.087596335232384,0.11784491104452643,0,No,0
161.0,0,161.0,5.087596335232384,0.11784491104452643,0,No,0
161.0,0,161.0,5.087596335232384,0.11784491104452643,0,No,0
161.0,0,161.0,5.087596335232384,0.11784491104452643,0,Yes,1
161.33,0,161.33,5.089631300322754,0.12104120191257974,0,No,0
161.33,0,161.33,5.089631300322754,0.12104120191257974,0,No,0
161.33,0,161.33,5.089631300322754,0.12104120191257974,0,No,0
161.5,0,161.5,5.090678001769792,0.12268777599612216,0,No,0
161.5,0,161.5,5.090678001769792,0.12268777599612216,0,No,0
161.5,0,161.5,5.090678001769792,0.12268777599612216,0,No,0
161.5,0,161.5,5.090678001769792,0.12268777599612216,0,No,0
161.5,0,161.5,5.090678001769792,0.12268777599612216,0,No,0
161.5,0,161.5,5.090678001769792,0.12268777599612216,0,No,0
161.5,0,161.5,5.090678001769792,0.12268777599612216,0,No,0
161.67,0,161.67,5.091723608778362,0.12433435007966458,0,No,0
161.67,0,161.67,5.091723608778362,0.12433435007966458,0,No,0
161.67,0,161.67,5.091723608778362,0.12433435007966458,0,No,0
161.67,0,161.67,5.091723608778362,0.12433435007966458,0,No,0
161.83,0,161.83,5.092706711776129,0.12588406686417544,0,No,0
162.0,0,162.0,5.093750200806762,0.12753064094771788,0,No,0
162.0,0,162.0,5.093750200806762,0.12753064094771788,0,No,0
162.0,0,162.0,5.093750200806762,0.12753064094771788,0,No,0
162.17,0,162.17,5.094792602102979,0.12917721503126028,0,No,0
162.17,0,162.17,5.094792602102979,0.12917721503126028,0,No,0
162.33,0,162.33,5.095772694065048,0.13072693181577116,0,No,0
162.5,0,162.5,5.096812990337308,0.1323735058993136,0,No,0
162.67,0,162.67,5.097852205517793,0.134020079982856,0,No,0
162.83,0,162.83,5.098829304832172,0.13556979676736688,0,No,0
163.0,0,163.0,5.099866427824199,0.1372163708509093,0,No,0
163.0,0,163.0,5.099866427824199,0.1372163708509093,0,No,0
163.0,0,163.0,5.099866427824199,0.1372163708509093,0,No,0
163.33,0,163.33,5.101876601193199,0.1404126617189626,0,No,0
163.33,0,163.33,5.101876601193199,0.1404126617189626,0,No,0
163.33,0,163.33,5.101876601193199,0.1404126617189626,0,No,0
163.33,0,163.33,5.101876601193199,0.1404126617189626,0,No,0
163.5,0,163.5,5.1029105702054265,0.142059235802505,0,No,0
163.5,0,163.5,5.1029105702054265,0.142059235802505,0,No,0
163.67,0,163.67,5.103943471229908,0.14370580988604745,0,No,0
163.83,0,163.83,5.1049146397432645,0.1452555266705583,0,No,0
163.83,0,163.83,5.1049146397432645,0.1452555266705583,0,No,0
164.0,0,164.0,5.10594547390058,0.14690210075410073,0,No,0
164.0,0,164.0,5.10594547390058,0.14690210075410073,0,No,0
164.0,0,164.0,5.10594547390058,0.14690210075410073,0,Yes,1
164.0,0,164.0,5.10594547390058,0.14690210075410073,0,No,0
164.17,0,164.17,5.106975246532999,0.14854867483764317,0,No,0
164.17,0,164.17,5.106975246532999,0.14854867483764317,0,No,0
164.17,0,164.17,5.106975246532999,0.14854867483764317,0,No,0
164.17,0,164.17,5.106975246532999,0.14854867483764317,0,No,0
164.17,0,164.17,5.106975246532999,0.14854867483764317,0,No,0
164.33,0,164.33,5.107943476563253,0.15009839162215402,0,No,0
164.33,0,164.33,5.107943476563253,0.15009839162215402,0,No,0
164.5,0,164.5,5.1089711948171175,0.15174496570569646,0,No,0
164.5,0,164.5,5.1089711948171175,0.15174496570569646,0,No,0
164.5,0,164.5,5.1089711948171175,0.15174496570569646,0,No,0
164.67,0,164.67,5.109997857950446,0.15339153978923886,0,No,0
164.67,0,164.67,5.109997857950446,0.15339153978923886,0,No,0
164.67,0,164.67,5.109997857950446,0.15339153978923886,0,No,0
164.67,0,164.67,5.109997857950446,0.15339153978923886,0,No,0
164.83,0,164.83,5.110963167226007,0.15494125657374974,0,No,0
164.83,0,164.83,5.110963167226007,0.15494125657374974,0,No,0
164.83,0,164.83,5.110963167226007,0.15494125657374974,0,No,0
165.0,0,165.0,5.111987788356544,0.15658783065729218,0,No,0
165.0,0,165.0,5.111987788356544,0.15658783065729218,0,No,0
165.17,0,165.17,5.113011360713122,0.15823440474083458,0,No,0
165.17,0,165.17,5.113011360713122,0.15823440474083458,0,No,0
165.17,0,165.17,5.113011360713122,0.15823440474083458,0,No,0
165.2,0,165.2,5.113191882421348,0.15852497663793033,0,No,0
165.33,0,165.33,5.113973766802443,0.15978412152534546,0,No,0
165.33,0,165.33,5.113973766802443,0.15978412152534546,0,No,0
165.5,0,165.5,5.1149953094204985,0.1614306956088879,0,No,0
165.5,0,165.5,5.1149953094204985,0.1614306956088879,0,No,0
165.5,0,165.5,5.1149953094204985,0.1614306956088879,0,No,0
165.67,0,165.67,5.116015809554085,0.1630772696924303,0,No,0
165.83,0,165.83,5.116975329867582,0.16462698647694118,0,No,0
166.0,0,166.0,5.117993812416755,0.1662735605604836,0,No,0
166.17,0,166.17,5.119011258714539,0.16792013464402603,0,No,0
166.17,0,166.17,5.119011258714539,0.16792013464402603,0,No,0
166.17,0,166.17,5.119011258714539,0.16792013464402603,0,No,0
166.17,0,166.17,5.119011258714539,0.16792013464402603,0,Yes,1
166.17,0,166.17,5.119011258714539,0.16792013464402603,0,No,0
166.17,0,166.17,5.119011258714539,0.16792013464402603,0,No,0
166.33,0,166.33,5.119967910506483,0.1694698514285369,0,No,0
166.33,0,166.33,5.119967910506483,0.1694698514285369,0,No,0
166.33,0,166.33,5.119967910506483,0.1694698514285369,0,No,0
166.5,0,166.5,5.120983351265121,0.1711164255120793,0,No,0
166.5,0,166.5,5.120983351265121,0.1711164255120793,0,Yes,1
166.6,0,166.6,5.121580188047982,0.17208499850239842,0,No,0
166.67,0,166.67,5.121997761949716,0.17276299959562175,0,No,0
166.67,0,166.67,5.121997761949716,0.17276299959562175,0,No,0
166.83,0,166.83,5.122951562320088,0.1743127163801326,0,No,0
166.83,0,166.83,5.122951562320088,0.1743127163801326,0,No,0
166.83,0,166.83,5.122951562320088,0.1743127163801326,0,No,0
166.83,0,166.83,5.122951562320088,0.1743127163801326,0,No,0
166.83,0,166.83,5.122951562320088,0.1743127163801326,0,No,0
167.0,0,167.0,5.123963979403259,0.17595929046367503,0,No,0
167.0,0,167.0,5.123963979403259,0.17595929046367503,0,No,0
167.0,0,167.0,5.123963979403259,0.17595929046367503,0,No,0
167.0,0,167.0,5.123963979403259,0.17595929046367503,0,No,0
167.17,0,167.17,5.124975372534658,0.17760586454721747,0,No,0
167.17,0,167.17,5.124975372534658,0.17760586454721747,0,No,0
167.17,0,167.17,5.124975372534658,0.17760586454721747,0,No,0
167.17,0,167.17,5.124975372534658,0.17760586454721747,0,No,0
167.33,0,167.33,5.1259263384309905,0.17915558133172832,0,No,0
167.33,0,167.33,5.1259263384309905,0.17915558133172832,0,No,0
167.5,0,167.5,5.126935749792416,0.18080215541527075,0,No,0
167.5,0,167.5,5.126935749792416,0.18080215541527075,0,No,0
167.5,0,167.5,5.126935749792416,0.18080215541527075,0,No,0
167.67,0,167.67,5.127944143269923,0.18244872949881316,0,No,0
167.67,0,167.67,5.127944143269923,0.18244872949881316,0,No,0
167.83,0,167.83,5.128892291489103,0.18399844628332404,0,No,0
168.0,0,168.0,5.1298987149230735,0.18564502036686648,0,No,0
168.0,0,168.0,5.1298987149230735,0.18564502036686648,0,No,0
168.0,0,168.0,5.1298987149230735,0.18564502036686648,0,No,0
168.17,0,168.17,5.1309041264872,0.18729159445040888,0,No,0
168.17,0,168.17,5.1309041264872,0.18729159445040888,0,No,0
168.17,0,168.17,5.1309041264872,0.18729159445040888,0,No,0
168.17,0,168.17,5.1309041264872,0.18729159445040888,0,No,0
168.33,0,168.33,5.131849473677249,0.18884131123491976,0,No,0
168.5,0,168.5,5.1328529268205045,0.19048788531846217,0,No,0
168.5,0,168.5,5.1328529268205045,0.19048788531846217,0,No,0
168.5,0,168.5,5.1328529268205045,0.19048788531846217,0,No,0
168.5,0,168.5,5.1328529268205045,0.19048788531846217,0,No,0
168.67,0,168.67,5.133855374054848,0.1921344594020046,0,No,0
168.67,0,168.67,5.133855374054848,0.1921344594020046,0,No,0
168.83,0,168.83,5.134797936716678,0.19368417618651548,0,No,0
168.83,0,168.83,5.134797936716678,0.19368417618651548,0,Yes,1
168.83,0,168.83,5.134797936716678,0.19368417618651548,0,No,0
168.83,0,168.83,5.134797936716678,0.19368417618651548,0,Yes,1
168.83,0,168.83,5.134797936716678,0.19368417618651548,0,No,0
169.0,0,169.0,5.135798437050262,0.1953307502700579,0,No,0
169.0,0,169.0,5.135798437050262,0.1953307502700579,0,No,0
169.17,0,169.17,5.136797937383345,0.19697732435360032,0,No,0
169.17,0,169.17,5.136797937383345,0.19697732435360032,0,Yes,1
169.17,0,169.17,5.136797937383345,0.19697732435360032,0,Yes,1
169.33,0,169.33,5.137737731872486,0.1985270411381112,0,No,0
169.33,0,169.33,5.137737731872486,0.1985270411381112,0,Yes,1
169.33,0,169.33,5.137737731872486,0.1985270411381112,0,No,0
169.33,0,169.33,5.137737731872486,0.1985270411381112,0,No,0
169.33,0,169.33,5.137737731872486,0.1985270411381112,0,Yes,1
169.5,0,169.5,5.1387352967235715,0.2001736152216536,0,No,0
169.5,0,169.5,5.1387352967235715,0.2001736152216536,0,No,0
169.67,0,169.67,5.139731867430665,0.20182018930519605,0,No,0
169.67,0,169.67,5.139731867430665,0.20182018930519605,0,No,0
169.67,0,169.67,5.139731867430665,0.20182018930519605,0,No,0
169.83,0,169.83,5.140668909958967,0.2033699060897069,0,No,0
169.83,0,169.83,5.140668909958967,0.2033699060897069,0,No,0
169.83,0,169.83,5.140668909958967,0.2033699060897069,0,No,0
170.0,0,170.0,5.14166355650266,0.20501648017324933,0,No,0
170.0,0,170.0,5.14166355650266,0.20501648017324933,0,No,0
170.0,0,170.0,5.14166355650266,0.20501648017324933,0,No,0
170.0,0,170.0,5.14166355650266,0.20501648017324933,0,No,0
170.0,0,170.0,5.14166355650266,0.20501648017324933,0,No,0
170.0,0,170.0,5.14166355650266,0.20501648017324933,0,No,0
170.17,0,170.17,5.142657214707572,0.20666305425679174,0,No,0
170.33,0,170.33,5.143591521344882,0.20821277104130262,0,No,0
170.33,0,170.33,5.143591521344882,0.20821277104130262,0,No,0
170.5,0,170.5,5.144583266605995,0.20985934512484505,0,No,0
170.5,0,170.5,5.144583266605995,0.20985934512484505,0,No,0
170.67,0,170.67,5.145574029282837,0.21150591920838746,0,No,0
170.67,0,170.67,5.145574029282837,0.21150591920838746,0,No,0
170.67,0,170.67,5.145574029282837,0.21150591920838746,0,No,0
170.83,0,170.83,5.146505615958654,0.21305563599289834,0,No,0
170.83,0,170.83,5.146505615958654,0.21305563599289834,0,No,0
170.83,0,170.83,5.146505615958654,0.21305563599289834,0,No,0
171.0,0,171.0,5.147494476813453,0.21470221007644077,0,No,0
171.0,0,171.0,5.147494476813453,0.21470221007644077,0,No,0
171.0,0,171.0,5.147494476813453,0.21470221007644077,0,No,0
171.0,0,171.0,5.147494476813453,0.21470221007644077,0,No,0
171.17,0,171.17,5.148482360788381,0.21634878415998318,0,No,0
171.17,0,171.17,5.148482360788381,0.21634878415998318,0,No,0
171.17,0,171.17,5.148482360788381,0.21634878415998318,0,No,0
171.17,0,171.17,5.148482360788381,0.21634878415998318,0,Yes,1
171.33,0,171.33,5.1494112432934855,0.21789850094449406,0,No,0
171.5,0,171.5,5.150397236471415,0.21954507502803647,0,No,0
171.5,0,171.5,5.150397236471415,0.21954507502803647,0,No,0
171.67,0,171.67,5.151382258424339,0.2211916491115789,0,No,0
171.67,0,171.67,5.151382258424339,0.2211916491115789,0,No,0
171.67,0,171.67,5.151382258424339,0.2211916491115789,0,No,0
171.67,0,171.67,5.151382258424339,0.2211916491115789,0,No,0
171.83,0,171.83,5.152308452412401,0.22274136589608978,0,No,0
171.83,0,171.83,5.152308452412401,0.22274136589608978,0,No,0
171.83,0,171.83,5.152308452412401,0.22274136589608978,0,No,0
171.83,0,171.83,5.152308452412401,0.22274136589608978,0,No,0
172.0,0,172.0,5.153291594497779,0.2243879399796322,0,No,0
172.0,0,172.0,5.153291594497779,0.2243879399796322,0,No,0
172.0,0,172.0,5.153291594497779,0.2243879399796322,0,No,0
172.0,0,172.0,5.153291594497779,0.2243879399796322,0,No,0
172.0,0,172.0,5.153291594497779,0.2243879399796322,0,Yes,1
172.0,0,172.0,5.153291594497779,0.2243879399796322,0,No,0
172.17,0,172.17,5.15427377096406,0.22603451406317462,0,No,0
172.17,0,172.17,5.15427377096406,0.22603451406317462,0,Yes,1
172.17,0,172.17,5.15427377096406,0.22603451406317462,0,No,0
172.17,0,172.17,5.15427377096406,0.22603451406317462,0,No,0
172.17,0,172.17,5.15427377096406,0.22603451406317462,0,No,0
172.33,0,172.33,5.155197291953219,0.22758423084768548,0,No,0
172.4,0,172.4,5.155601064346442,0.22826223194090883,0,No,0
172.5,0,172.5,5.156177599386914,0.2292308049312279,0,No,0
172.5,0,172.5,5.156177599386914,0.2292308049312279,0,No,0
172.5,0,172.5,5.156177599386914,0.2292308049312279,0,No,0
172.5,0,172.5,5.156177599386914,0.2292308049312279,0,No,0
172.5,0,172.5,5.156177599386914,0.2292308049312279,0,No,0
173.0,0,173.0,5.159055299214529,0.23407366988282363,0,No,0
173.0,0,173.0,5.159055299214529,0.23407366988282363,0,No,0
173.17,0,173.17,5.160031833743694,0.23572024396636604,0,No,0
173.17,0,173.17,5.160031833743694,0.23572024396636604,0,No,0
173.33,0,173.33,5.160950054755124,0.23726996075087692,0,No,0
173.33,0,173.33,5.160950054755124,0.23726996075087692,0,No,0
173.5,0,173.5,5.161924741642482,0.23891653483441935,0,No,0
173.5,0,173.5,5.161924741642482,0.23891653483441935,0,No,0
173.5,0,173.5,5.161924741642482,0.23891653483441935,0,No,0
173.5,0,173.5,5.161924741642482,0.23891653483441935,0,No,0
173.5,0,173.5,5.161924741642482,0.23891653483441935,0,No,0
173.67,0,173.67,5.162898479440301,0.24056310891796176,0,No,0
173.83,0,173.83,5.163814073209558,0.24211282570247264,0,No,0
174.0,0,174.0,5.1647859739235145,0.24375939978601507,0,No,0
174.17,0,174.17,5.165756930963556,0.24540597386955748,0,No,0
174.17,0,174.17,5.165756930963556,0.24540597386955748,0,Yes,1
174.17,0,174.17,5.165756930963556,0.24540597386955748,0,No,0
174.17,0,174.17,5.165756930963556,0.24540597386955748,0,No,0
174.33,0,174.33,5.166669912482037,0.24695569065406836,0,No,0
174.33,0,174.33,5.166669912482037,0.24695569065406836,0,No,0
174.5,0,174.5,5.167639042905921,0.24860226473761077,0,Yes,1
174.5,0,174.5,5.167639042905921,0.24860226473761077,0,No,0
174.67,0,174.67,5.168607235025291,0.2502488388211532,0,No,0
174.67,0,174.67,5.168607235025291,0.2502488388211532,0,No,0
174.67,0,174.67,5.168607235025291,0.2502488388211532,0,No,0
174.83,0,174.83,5.169517619156448,0.25179855560566405,0,Yes,1
174.83,0,174.83,5.169517619156448,0.25179855560566405,0,No,0
174.83,0,174.83,5.169517619156448,0.25179855560566405,0,No,0
175.0,0,175.0,5.170483995038151,0.2534451296892065,0,No,0
175.0,0,175.0,5.170483995038151,0.2534451296892065,0,No,0
175.0,0,175.0,5.170483995038151,0.2534451296892065,0,No,0
175.17,0,175.17,5.1714494379390485,0.2550917037727489,0,Yes,1
175.17,0,175.17,5.1714494379390485,0.2550917037727489,0,No,0
175.33,0,175.33,5.172357239419832,0.2566414205572598,0,No,0
175.5,0,175.5,5.173320876373351,0.2582879946408022,0,No,0
175.5,0,175.5,5.173320876373351,0.2582879946408022,0,No,0
175.5,0,175.5,5.173320876373351,0.2582879946408022,0,No,0
175.5,0,175.5,5.173320876373351,0.2582879946408022,0,No,0
175.67,0,175.67,5.174283585624589,0.2599345687243446,0,No,0
175.67,0,175.67,5.174283585624589,0.2599345687243446,0,No,0
175.83,0,175.83,5.175188819066886,0.2614842855088555,0,No,0
175.83,0,175.83,5.175188819066886,0.2614842855088555,0,No,0
176.0,0,176.0,5.176149732573829,0.2631308595923979,0,Yes,1
176.0,0,176.0,5.176149732573829,0.2631308595923979,0,No,0
176.0,0,176.0,5.176149732573829,0.2631308595923979,0,No,0
176.0,0,176.0,5.176149732573829,0.2631308595923979,0,No,0
176.17,0,176.17,5.177109723612346,0.26477743367594037,0,No,0
176.17,0,176.17,5.177109723612346,0.26477743367594037,0,No,0
176.33,0,176.33,5.178012403504388,0.26632715046045125,0,No,0
176.33,0,176.33,5.178012403504388,0.26632715046045125,0,No,0
176.33,0,176.33,5.178012403504388,0.26632715046045125,0,No,0
176.5,0,176.5,5.178970608915471,0.26797372454399365,0,No,0
176.5,0,176.5,5.178970608915471,0.26797372454399365,0,No,0
176.5,0,176.5,5.178970608915471,0.26797372454399365,0,No,0
176.5,0,176.5,5.178970608915471,0.26797372454399365,0,No,0
176.67,0,176.67,5.179927897047815,0.26962029862753606,0,No,0
176.83,0,176.83,5.180828037755569,0.27117001541204694,0,No,0
177.0,0,177.0,5.181783550292085,0.27281658949558935,0,No,0
177.0,0,177.0,5.181783550292085,0.27281658949558935,0,No,0
177.0,0,177.0,5.181783550292085,0.27281658949558935,0,No,0
177.0,0,177.0,5.181783550292085,0.27281658949558935,0,No,0
177.17,0,177.17,5.1827381506958785,0.2744631635791318,0,Yes,1
177.17,0,177.17,5.1827381506958785,0.2744631635791318,0,No,0
177.17,0,177.17,5.1827381506958785,0.2744631635791318,0,No,0
177.2,0,177.2,5.182906515036709,0.27475373547622756,0,No,0
177.33,0,177.33,5.183635766464422,0.27601288036364263,0,No,0
177.33,0,177.33,5.183635766464422,0.27601288036364263,0,No,0
177.33,0,177.33,5.183635766464422,0.27601288036364263,0,No,0
177.33,0,177.33,5.183635766464422,0.27601288036364263,0,Yes,1
177.5,0,177.5,5.184588601219693,0.2776594544471851,0,No,0
177.67,0,177.67,5.185540528945076,0.2793060285307275,0,Yes,1
177.67,0,177.67,5.185540528945076,0.2793060285307275,0,No,0
177.67,0,177.67,5.185540528945076,0.2793060285307275,0,No,0
177.67,0,177.67,5.185540528945076,0.2793060285307275,0,No,0
177.67,0,177.67,5.185540528945076,0.2793060285307275,0,No,0
177.67,0,177.67,5.185540528945076,0.2793060285307275,0,No,0
177.67,0,177.67,5.185540528945076,0.2793060285307275,0,No,0
177.83,0,177.83,5.186435633899945,0.2808557453152384,0,No,0
177.83,0,177.83,5.186435633899945,0.2808557453152384,0,No,0
178.0,0,178.0,5.187385805840755,0.2825023193987808,0,No,0
178.0,0,178.0,5.187385805840755,0.2825023193987808,0,No,0
178.0,0,178.0,5.187385805840755,0.2825023193987808,0,Yes,1
178.0,0,178.0,5.187385805840755,0.2825023193987808,0,No,0
178.0,0,178.0,5.187385805840755,0.2825023193987808,0,No,0
178.0,0,178.0,5.187385805840755,0.2825023193987808,0,No,0
178.33,0,178.33,5.189227683960333,0.2856986102668341,0,No,0
178.5,0,178.5,5.190175207928333,0.2873451843503765,0,No,0
178.67,0,178.67,5.1911218349444805,0.28899175843391894,0,No,0
178.67,0,178.67,5.1911218349444805,0.28899175843391894,0,No,0
178.67,0,178.67,5.1911218349444805,0.28899175843391894,0,Yes,1
178.67,0,178.67,5.1911218349444805,0.28899175843391894,0,Yes,1
178.83,0,178.83,5.192011960177106,0.2905414752184298,0,No,0
178.83,0,178.83,5.192011960177106,0.2905414752184298,0,Yes,1
178.83,0,178.83,5.192011960177106,0.2905414752184298,0,No,0
178.83,0,178.83,5.192011960177106,0.2905414752184298,0,No,0
178.83,0,178.83,5.192011960177106,0.2905414752184298,0,No,0
179.0,0,179.0,5.19295685089021,0.29218804930197223,0,No,0
179.0,0,179.0,5.19295685089021,0.29218804930197223,0,No,0
179.17,0,179.17,5.1939008496276085,0.29383462338551464,0,Yes,1
179.17,0,179.17,5.1939008496276085,0.29383462338551464,0,No,0
179.17,0,179.17,5.1939008496276085,0.29383462338551464,0,No,0
179.33,0,179.33,5.19478850571918,0.2953843401700255,0,No,0
179.33,0,179.33,5.19478850571918,0.2953843401700255,0,No,0
179.33,0,179.33,5.19478850571918,0.2953843401700255,0,No,0
179.5,0,179.5,5.195730777772936,0.2970309142535679,0,No,0
179.5,0,179.5,5.195730777772936,0.2970309142535679,0,No,0
179.67,0,179.67,5.196672162785836,0.2986774883371104,0,No,0
179.67,0,179.67,5.196672162785836,0.2986774883371104,0,No,0
179.67,0,179.67,5.196672162785836,0.2986774883371104,0,No,0
179.67,0,179.67,5.196672162785836,0.2986774883371104,0,No,0
179.67,0,179.67,5.196672162785836,0.2986774883371104,0,No,0
179.83,0,179.83,5.197557363396888,0.3002272051216212,0,No,0
179.83,0,179.83,5.197557363396888,0.3002272051216212,0,No,0
179.83,0,179.83,5.197557363396888,0.3002272051216212,0,No,0
180.0,0,180.0,5.198497031265826,0.3018737792051637,0,No,0
180.0,0,180.0,5.198497031265826,0.3018737792051637,0,No,0
180.0,0,180.0,5.198497031265826,0.3018737792051637,0,No,0
180.0,0,180.0,5.198497031265826,0.3018737792051637,0,No,0
180.17,0,180.17,5.199435816987919,0.3035203532887061,0,Yes,1
180.17,0,180.17,5.199435816987919,0.3035203532887061,0,No,0
180.5,0,180.5,5.201255653704905,0.30671664415675937,0,No,0
180.5,0,180.5,5.201255653704905,0.30671664415675937,0,No,0
180.5,0,180.5,5.201255653704905,0.30671664415675937,0,Yes,1
180.5,0,180.5,5.201255653704905,0.30671664415675937,0,No,0
180.67,0,180.67,5.202191854450653,0.3083632182403018,0,No,0
180.67,0,180.67,5.202191854450653,0.3083632182403018,0,No,0
180.83,0,180.83,5.203072184631304,0.30991293502481265,0,Yes,1
180.83,0,180.83,5.203072184631304,0.30991293502481265,0,No,0
180.83,0,180.83,5.203072184631304,0.30991293502481265,0,No,0
181.0,0,181.0,5.204006687076795,0.3115595091083551,0,No,0
181.0,0,181.0,5.204006687076795,0.3115595091083551,0,No,0
181.0,0,181.0,5.204006687076795,0.3115595091083551,0,No,0
181.17,0,181.17,5.2049403170427375,0.3132060831918975,0,No,0
181.17,0,181.17,5.2049403170427375,0.3132060831918975,0,Yes,1
181.33,0,181.33,5.205818232051113,0.3147557999764084,0,No,0
181.5,0,181.5,5.206750173022546,0.3164023740599508,0,No,0
181.5,0,181.5,5.206750173022546,0.3164023740599508,0,No,0
181.5,0,181.5,5.206750173022546,0.3164023740599508,0,No,0
181.6,0,181.6,5.207297968160868,0.3173709470502699,0,No,0
181.83,0,181.83,5.208556759340413,0.3195986649280041,0,No,0
181.83,0,181.83,5.208556759340413,0.3195986649280041,0,No,0
181.83,0,181.83,5.208556759340413,0.3195986649280041,0,No,0
181.83,0,181.83,5.208556759340413,0.3195986649280041,0,No,0
182.0,0,182.0,5.209486152841421,0.3212452390115465,0,No,0
182.0,0,182.0,5.209486152841421,0.3212452390115465,0,No,0
182.0,0,182.0,5.209486152841421,0.3212452390115465,0,No,0
182.17,0,182.17,5.210414683372125,0.32289181309508896,0,No,0
182.17,0,182.17,5.210414683372125,0.32289181309508896,0,No,0
182.17,0,182.17,5.210414683372125,0.32289181309508896,0,No,0
182.33,0,182.33,5.211287807574934,0.3244415298795998,0,No,0
182.5,0,182.5,5.212214667494625,0.32608810396314225,0,No,0
182.5,0,182.5,5.212214667494625,0.32608810396314225,0,No,0
182.5,0,182.5,5.212214667494625,0.32608810396314225,0,No,0
182.67,0,182.67,5.213140669140444,0.32773467804668466,0,No,0
182.67,0,182.67,5.213140669140444,0.32773467804668466,0,No,0
183.0,0,183.0,5.214935757608986,0.33093096891473794,0,Yes,1
183.0,0,183.0,5.214935757608986,0.33093096891473794,0,Yes,1
183.0,0,183.0,5.214935757608986,0.33093096891473794,0,No,0
183.0,0,183.0,5.214935757608986,0.33093096891473794,0,No,0
183.17,0,183.17,5.215859244107515,0.33257754299828035,0,No,0
183.33,0,183.33,5.216727629508083,0.33412725978279123,0,No,0
183.5,0,183.5,5.217649463480582,0.3357738338663337,0,No,0
183.5,0,183.5,5.217649463480582,0.3357738338663337,0,No,0
183.5,0,183.5,5.217649463480582,0.3357738338663337,0,No,0
183.67,0,183.67,5.218570448457781,0.3374204079498761,0,No,0
183.67,0,183.67,5.218570448457781,0.3374204079498761,0,No,0
183.83,0,183.83,5.219436483694589,0.338970124734387,0,No,0
183.83,0,183.83,5.219436483694589,0.338970124734387,0,No,0
184.0,0,184.0,5.220355825078324,0.3406166988179294,0,No,0
184.0,0,184.0,5.220355825078324,0.3406166988179294,0,No,0
184.0,0,184.0,5.220355825078324,0.3406166988179294,0,No,0
184.0,0,184.0,5.220355825078324,0.3406166988179294,0,No,0
184.0,0,184.0,5.220355825078324,0.3406166988179294,0,No,0
184.0,0,184.0,5.220355825078324,0.3406166988179294,0,No,0
184.0,0,184.0,5.220355825078324,0.3406166988179294,0,No,0
184.33,0,184.33,5.222138019809219,0.3438129896859827,0,Yes,1
184.33,0,184.33,5.222138019809219,0.3438129896859827,0,No,0
184.5,0,184.5,5.22305488204749,0.3454595637695251,0,No,0
184.5,0,184.5,5.22305488204749,0.3454595637695251,0,No,0
184.5,0,184.5,5.22305488204749,0.3454595637695251,0,No,0
184.5,0,184.5,5.22305488204749,0.3454595637695251,0,No,0
184.67,0,184.67,5.22397090441938,0.34710613785306754,0,No,0
184.83,0,184.83,5.224832277285559,0.3486558546375784,0,No,0
184.83,0,184.83,5.224832277285559,0.3486558546375784,0,No,0
184.83,0,184.83,5.224832277285559,0.3486558546375784,0,No,0
184.83,0,184.83,5.224832277285559,0.3486558546375784,0,No,0
184.83,0,184.83,5.224832277285559,0.3486558546375784,0,No,0
184.83,0,184.83,5.224832277285559,0.3486558546375784,0,No,0
184.83,0,184.83,5.224832277285559,0.3486558546375784,0,No,0
185.0,0,185.0,5.225746673713202,0.35030242872112083,0,No,0
185.17,0,185.17,5.226660234783806,0.35194900280466324,0,No,0
185.17,0,185.17,5.226660234783806,0.35194900280466324,0,No,0
185.17,0,185.17,5.226660234783806,0.35194900280466324,0,No,0
185.17,0,185.17,5.226660234783806,0.35194900280466324,0,No,0
185.33,0,185.33,5.227519295239321,0.3534987195891741,0,No,0
185.33,0,185.33,5.227519295239321,0.3534987195891741,0,No,0
185.33,0,185.33,5.227519295239321,0.3534987195891741,0,No,0
185.5,0,185.5,5.2284312390838705,0.3551452936727165,0,No,0
185.67,0,185.67,5.2293423520445055,0.356791867756259,0,No,0
185.67,0,185.67,5.2293423520445055,0.356791867756259,0,Yes,1
185.67,0,185.67,5.2293423520445055,0.356791867756259,0,No,0
185.67,0,185.67,5.2293423520445055,0.356791867756259,0,No,0
185.67,0,185.67,5.2293423520445055,0.356791867756259,0,No,0
185.75,0,185.75,5.229770824012927,0.35756672614851437,0,No,0
185.83,0,185.83,5.230199112471746,0.3583415845407698,0,No,0
185.83,0,185.83,5.230199112471746,0.3583415845407698,0,No,0
186.0,0,186.0,5.231108616854587,0.35998815862431227,0,No,0
186.17,0,186.17,5.232017294790805,0.3616347327078547,0,No,0
186.17,0,186.17,5.232017294790805,0.3616347327078547,0,No,0
186.17,0,186.17,5.232017294790805,0.3616347327078547,0,No,0
186.17,0,186.17,5.232017294790805,0.3616347327078547,0,Yes,1
186.17,0,186.17,5.232017294790805,0.3616347327078547,0,No,0
186.33,0,186.33,5.232871767472967,0.36318444949236556,0,No,0
186.5,0,186.5,5.233778845410465,0.36483102357590796,0,No,0
186.5,0,186.5,5.233778845410465,0.36483102357590796,0,No,0
186.5,0,186.5,5.233778845410465,0.36483102357590796,0,No,0
186.5,0,186.5,5.233778845410465,0.36483102357590796,0,No,0
186.67,0,186.67,5.234685101303181,0.36647759765945037,0,No,0
186.67,0,186.67,5.234685101303181,0.36647759765945037,0,No,0
186.83,0,186.83,5.235537298425329,0.36802731444396125,0,No,0
187.0,0,187.0,5.236441962829949,0.36967388852750366,0,No,0
187.0,0,187.0,5.236441962829949,0.36967388852750366,0,No,0
187.0,0,187.0,5.236441962829949,0.36967388852750366,0,No,0
187.17,0,187.17,5.237345809556553,0.3713204626110461,0,No,0
187.17,0,187.17,5.237345809556553,0.3713204626110461,0,No,0
187.17,0,187.17,5.237345809556553,0.3713204626110461,0,No,0
187.17,0,187.17,5.237345809556553,0.3713204626110461,0,No,0
187.33,0,187.33,5.2381957432066555,0.372870179395557,0,No,0
187.33,0,187.33,5.2381957432066555,0.372870179395557,0,No,0
187.33,0,187.33,5.2381957432066555,0.372870179395557,0,No,0
187.5,0,187.5,5.2390980068880655,0.3745167534790994,0,No,0
187.5,0,187.5,5.2390980068880655,0.3745167534790994,0,No,0
187.5,0,187.5,5.2390980068880655,0.3745167534790994,0,No,0
187.5,0,187.5,5.2390980068880655,0.3745167534790994,0,No,0
187.5,0,187.5,5.2390980068880655,0.3745167534790994,0,Yes,1
187.67,0,187.67,5.239999457223521,0.3761633275626418,0,No,0
187.67,0,187.67,5.239999457223521,0.3761633275626418,0,Yes,1
187.67,0,187.67,5.239999457223521,0.3761633275626418,0,Yes,1
187.67,0,187.67,5.239999457223521,0.3761633275626418,0,No,0
187.83,0,187.83,5.240847139393487,0.3777130443471527,0,No,0
187.83,0,187.83,5.240847139393487,0.3777130443471527,0,No,0
188.0,0,188.0,5.241747015059643,0.3793596184306951,0,No,0
188.17,0,188.17,5.242646081677572,0.38100619251423756,0,No,0
188.17,0,188.17,5.242646081677572,0.38100619251423756,0,No,0
188.33,0,188.33,5.243491524264258,0.3825559092987484,0,No,0
188.33,0,188.33,5.243491524264258,0.3825559092987484,0,No,0
188.5,0,188.5,5.244389024522481,0.38420248338229085,0,No,0
188.67,0,188.67,5.245285719996231,0.38584905746583326,0,No,0
188.83,0,188.83,5.24612893480245,0.38739877425034414,0,No,0
188.83,0,188.83,5.24612893480245,0.38739877425034414,0,No,0
189.0,0,189.0,5.247024072160486,0.38904534833388654,0,No,0
189.17,0,189.17,5.247918408964185,0.39069192241742895,0,No,0
189.33,0,189.33,5.248759407699692,0.39224163920193983,0,No,0
189.33,0,189.33,5.248759407699692,0.39224163920193983,0,Yes,1
189.5,0,189.5,5.249652194566756,0.3938882132854823,0,No,0
189.5,0,189.5,5.249652194566756,0.3938882132854823,0,No,0
189.67,0,189.67,5.250544185076353,0.3955347873690247,0,No,0
189.67,0,189.67,5.250544185076353,0.3955347873690247,0,No,0
189.67,0,189.67,5.250544185076353,0.3955347873690247,0,No,0
189.67,0,189.67,5.250544185076353,0.3955347873690247,0,No,0
189.67,0,189.67,5.250544185076353,0.3955347873690247,0,No,0
189.83,0,189.83,5.251382979358823,0.3970845041535356,0,No,0
189.83,0,189.83,5.251382979358823,0.3970845041535356,0,Yes,1
190.0,0,190.0,5.25227342804663,0.398731078237078,0,No,0
190.0,0,190.0,5.25227342804663,0.398731078237078,0,No,0
190.0,0,190.0,5.25227342804663,0.398731078237078,0,Yes,1
190.0,0,190.0,5.25227342804663,0.398731078237078,0,No,0
190.17,0,190.17,5.253163084540927,0.4003776523206204,0,No,0
190.17,0,190.17,5.253163084540927,0.4003776523206204,0,No,0
190.17,0,190.17,5.253163084540927,0.4003776523206204,0,No,0
190.17,0,190.17,5.253163084540927,0.4003776523206204,0,No,0
190.17,0,190.17,5.253163084540927,0.4003776523206204,0,No,0
190.17,0,190.17,5.253163084540927,0.4003776523206204,0,No,0
190.17,0,190.17,5.253163084540927,0.4003776523206204,0,No,0
190.33,0,190.33,5.253999685896911,0.40192736910513127,0,No,0
190.5,0,190.5,5.2548878086207,0.4035739431886737,0,Yes,1
190.5,0,190.5,5.2548878086207,0.4035739431886737,0,No,0
190.5,0,190.5,5.2548878086207,0.4035739431886737,0,No,0
190.67,0,190.67,5.255775143282362,0.40522051727221614,0,No,0
190.67,0,190.67,5.255775143282362,0.40522051727221614,0,No,0
190.67,0,190.67,5.255775143282362,0.40522051727221614,0,No,0
190.83,0,190.83,5.256609563148246,0.40677023405672696,0,No,0
190.83,0,190.83,5.256609563148246,0.40677023405672696,0,No,0
191.0,0,191.0,5.2574953720277815,0.4084168081402694,0,Yes,1
191.0,0,191.0,5.2574953720277815,0.4084168081402694,0,No,0
191.0,0,191.0,5.2574953720277815,0.4084168081402694,0,No,0
191.17,0,191.17,5.258380396944336,0.41006338222381183,0,No,0
191.17,0,191.17,5.258380396944336,0.41006338222381183,0,No,0
191.33,0,191.33,5.259212646667276,0.4116130990083227,0,No,0
191.33,0,191.33,5.259212646667276,0.4116130990083227,0,No,0
191.33,0,191.33,5.259212646667276,0.4116130990083227,0,No,0
191.5,0,191.5,5.260096153727839,0.4132596730918651,0,No,0
191.5,0,191.5,5.260096153727839,0.4132596730918651,0,No,0
191.67,0,191.67,5.260978880892669,0.4149062471754075,0,No,0
191.67,0,191.67,5.260978880892669,0.4149062471754075,0,No,0
191.75,0,191.75,5.261394012443439,0.41568110556766297,0,No,0
191.83,0,191.83,5.261808971731513,0.4164559639599184,0,No,0
192.0,0,192.0,5.262690188904886,0.41810253804346087,0,No,0
192.17,0,192.17,5.263570630218202,0.4197491121270033,0,No,0
192.33,0,192.33,5.264398573344411,0.42129882891151416,0,No,0
192.33,0,192.33,5.264398573344411,0.42129882891151416,0,No,0
192.33,0,192.33,5.264398573344411,0.42129882891151416,0,No,0
192.33,0,192.33,5.264398573344411,0.42129882891151416,0,No,0
192.33,0,192.33,5.264398573344411,0.42129882891151416,0,Yes,1
192.5,0,192.5,5.2652775124698366,0.42294540299505656,0,No,0
192.67,0,192.67,5.26615567973964,0.42459197707859897,0,No,0
192.67,0,192.67,5.26615567973964,0.42459197707859897,0,No,0
192.67,0,192.67,5.26615567973964,0.42459197707859897,0,No,0
193.0,0,193.0,5.267858159063328,0.42778826794665226,0,Yes,1
193.0,0,193.0,5.267858159063328,0.42778826794665226,0,Yes,1
193.17,0,193.17,5.268734064006362,0.4294348420301947,0,No,0
193.17,0,193.17,5.268734064006362,0.4294348420301947,0,No,0
193.5,0,193.5,5.270432163058501,0.432631132898248,0,No,0
193.67,0,193.67,5.271305817301187,0.4342777069817904,0,No,0
194.0,0,194.0,5.272999558563747,0.4374739978498437,0,No,0
194.0,0,194.0,5.272999558563747,0.4374739978498437,0,No,0
194.17,0,194.17,5.273870973643111,0.43912057193338616,0,No,0
194.33,0,194.33,5.27469043591688,0.440670288717897,0,No,0
194.33,0,194.33,5.27469043591688,0.440670288717897,0,No,0
194.33,0,194.33,5.27469043591688,0.440670288717897,0,No,0
194.4,0,194.4,5.275048739608683,0.44134828981112034,0,No,0
194.5,0,194.5,5.27556037942542,0.44231686280143945,0,No,0
194.5,0,194.5,5.27556037942542,0.44231686280143945,0,No,0
194.5,0,194.5,5.27556037942542,0.44231686280143945,0,No,0
194.5,0,194.5,5.27556037942542,0.44231686280143945,0,Yes,1
194.5,0,194.5,5.27556037942542,0.44231686280143945,0,No,0
194.67,0,194.67,5.276429566790007,0.44396343688498185,0,No,0
194.67,0,194.67,5.276429566790007,0.44396343688498185,0,No,0
194.67,0,194.67,5.276429566790007,0.44396343688498185,0,No,0
194.83,0,194.83,5.277246935928745,0.44551315366949273,0,No,0
194.83,0,194.83,5.277246935928745,0.44551315366949273,0,No,0
195.17,0,195.17,5.278981630241295,0.44880630183657755,0,No,0
195.33,0,195.33,5.279796916910658,0.4503560186210884,0,No,0
195.33,0,195.33,5.279796916910658,0.4503560186210884,0,No,0
195.33,0,195.33,5.279796916910658,0.4503560186210884,0,No,0
195.33,0,195.33,5.279796916910658,0.4503560186210884,0,No,0
195.5,0,195.5,5.280662431309316,0.45200259270463083,0,No,0
195.5,0,195.5,5.280662431309316,0.45200259270463083,0,No,0
195.5,0,195.5,5.280662431309316,0.45200259270463083,0,No,0
195.67,0,195.67,5.281527197240562,0.4536491667881733,0,No,0
196.0,0,196.0,5.2832037287379885,0.4568454576562266,0,No,0
196.0,0,196.0,5.2832037287379885,0.4568454576562266,0,No,0
196.0,0,196.0,5.2832037287379885,0.4568454576562266,0,No,0
196.33,0,196.33,5.284877454181334,0.46004174852427987,0,No,0
196.5,0,196.5,5.285738584341177,0.4616883226078223,0,No,0
196.83,0,196.83,5.287408076040001,0.46488461347587556,0,No,0
196.83,0,196.83,5.287408076040001,0.46488461347587556,0,No,0
197.0,0,197.0,5.288267030694535,0.466531187559418,0,No,0
197.17,0,197.17,5.289125248179121,0.46817776164296043,0,No,0
197.33,0,197.33,5.289932310013596,0.4697274784274713,0,No,0
197.33,0,197.33,5.289932310013596,0.4697274784274713,0,No,0
197.33,0,197.33,5.289932310013596,0.4697274784274713,0,No,0
197.5,0,197.5,5.290789100127245,0.4713740525110137,0,No,0
197.5,0,197.5,5.290789100127245,0.4713740525110137,0,No,0
197.5,0,197.5,5.290789100127245,0.4713740525110137,0,No,0
197.67,0,197.67,5.291645156779972,0.4730206265945561,0,No,0
197.83,0,197.83,5.2924501882699895,0.474570343379067,0,Yes,1
197.83,0,197.83,5.2924501882699895,0.474570343379067,0,No,0
197.83,0,197.83,5.2924501882699895,0.474570343379067,0,No,0
198.33,0,198.33,5.2949617427346745,0.47941320833066275,0,No,0
198.33,0,198.33,5.2949617427346745,0.47941320833066275,0,No,0
198.33,0,198.33,5.2949617427346745,0.47941320833066275,0,No,0
198.5,0,198.5,5.295814236329918,0.48105978241420516,0,No,0
198.5,0,198.5,5.295814236329918,0.48105978241420516,0,No,0
198.67,0,198.67,5.296666003798806,0.48270635649774757,0,No,0
199.0,0,199.0,5.298317366548036,0.48590264736580085,0,No,0
199.0,0,199.0,5.298317366548036,0.48590264736580085,0,No,0
199.17,0,199.17,5.299167005502614,0.4875492214493433,0,No,0
199.17,0,199.17,5.299167005502614,0.4875492214493433,0,No,0
199.5,0,199.5,5.300814246746624,0.4907455123173966,0,No,0
199.67,0,199.67,5.301661767798426,0.492392086400939,0,No,0
199.83,0,199.83,5.302458779048587,0.4939418031854499,0,No,0
200.0,0,200.0,5.303304908059076,0.4955883772689923,0,No,0
200.17,0,200.17,5.30415032174048,0.4972349513525347,0,No,0
200.17,0,200.17,5.30415032174048,0.4972349513525347,0,No,0
200.17,0,200.17,5.30415032174048,0.4972349513525347,0,No,0
200.17,0,200.17,5.30415032174048,0.4972349513525347,0,No,0
200.17,0,200.17,5.30415032174048,0.4972349513525347,0,No,0
200.17,0,200.17,5.30415032174048,0.4972349513525347,0,No,0
200.17,0,200.17,5.30415032174048,0.4972349513525347,0,No,0
200.33,0,200.33,5.304945352838257,0.4987846681370456,0,No,0
200.5,0,200.5,5.305789381386738,0.500431242220588,0,No,0
200.83,0,200.83,5.307425758912028,0.5036275330886413,0,No,0
201.0,0,201.0,5.308267697401205,0.5052741071721838,0,No,0
201.17,0,201.17,5.3091089276262355,0.5069206812557262,0,No,0
201.33,0,201.33,5.3099000277911035,0.5084703980402371,0,No,0
201.5,0,201.5,5.310739886546594,0.5101169721237795,0,No,0
201.5,0,201.5,5.310739886546594,0.5101169721237795,0,No,0
201.67,0,201.67,5.311579040531222,0.5117635462073219,0,No,0
201.83,0,201.83,5.312368189770696,0.5133132629918328,0,No,0
201.83,0,201.83,5.312368189770696,0.5133132629918328,0,No,0
201.83,0,201.83,5.312368189770696,0.5133132629918328,0,No,0
201.83,0,201.83,5.312368189770696,0.5133132629918328,0,No,0
202.0,0,202.0,5.313205979041787,0.5149598370753752,0,No,0
202.17,0,202.17,5.314043067009519,0.5166064111589176,0,No,0
202.33,0,202.33,5.31483027492225,0.5181561279434285,0,No,0
202.33,0,202.33,5.31483027492225,0.5181561279434285,0,No,0
202.5,0,202.5,5.31566600488265,0.5198027020269709,0,No,0
202.67,0,202.67,5.316501036981665,0.5214492761105133,0,No,0
202.67,0,202.67,5.316501036981665,0.5214492761105133,0,No,0
202.83,0,202.83,5.317286313095639,0.5229989928950242,0,Yes,1
202.83,0,202.83,5.317286313095639,0.5229989928950242,0,No,0
202.83,0,202.83,5.317286313095639,0.5229989928950242,0,Yes,1
203.0,0,203.0,5.318119993844216,0.5246455669785666,0,Yes,1
203.17,0,203.17,5.318952980148108,0.526292141062109,0,No,0
203.33,0,203.33,5.319736333921337,0.5278418578466199,0,No,0
203.33,0,203.33,5.319736333921337,0.5278418578466199,0,No,0
203.33,0,203.33,5.319736333921337,0.5278418578466199,0,No,0
203.33,0,203.33,5.319736333921337,0.5278418578466199,0,No,0
203.33,0,203.33,5.319736333921337,0.5278418578466199,0,Yes,1
203.33,0,203.33,5.319736333921337,0.5278418578466199,0,No,0
203.67,0,203.67,5.321398925991358,0.5311350060137048,0,No,0
203.67,0,203.67,5.321398925991358,0.5311350060137048,0,No,0
203.67,0,203.67,5.321398925991358,0.5311350060137048,0,Yes,1
203.83,0,203.83,5.322180366812565,0.5326847227982157,0,No,0
203.83,0,203.83,5.322180366812565,0.5326847227982157,0,No,0
204.0,0,204.0,5.3230099791384085,0.5343312968817581,0,No,0
204.0,0,204.0,5.3230099791384085,0.5343312968817581,0,No,0
204.0,0,204.0,5.3230099791384085,0.5343312968817581,0,No,0
204.17,0,204.17,5.323838903778114,0.5359778709653005,0,No,0
204.17,0,204.17,5.323838903778114,0.5359778709653005,0,No,0
204.33,0,204.33,5.3246184409674076,0.5375275877498114,0,No,0
204.33,0,204.33,5.3246184409674076,0.5375275877498114,0,No,0
204.33,0,204.33,5.3246184409674076,0.5375275877498114,0,No,0
204.33,0,204.33,5.3246184409674076,0.5375275877498114,0,No,0
204.5,0,204.5,5.32544603393629,0.5391741618333538,0,No,0
204.5,0,204.5,5.32544603393629,0.5391741618333538,0,No,0
204.67,0,204.67,5.326272942561368,0.5408207359168962,0,No,0
204.67,0,204.67,5.326272942561368,0.5408207359168962,0,No,0
205.0,0,205.0,5.327876168789581,0.5440170267849495,0,No,0
205.0,0,205.0,5.327876168789581,0.5440170267849495,0,No,0
205.17,0,205.17,5.3287010711824765,0.5456636008684919,0,No,0
205.17,0,205.17,5.3287010711824765,0.5456636008684919,0,No,0
205.33,0,205.33,5.329476828797139,0.5472133176530027,0,No,0
205.5,0,205.5,5.330300412401088,0.5488598917365451,0,No,0
205.5,0,205.5,5.330300412401088,0.5488598917365451,0,No,0
205.67,0,205.67,5.331123318273214,0.5505064658200876,0,No,0
205.67,0,205.67,5.331123318273214,0.5505064658200876,0,No,0
206.0,0,206.0,5.332718793265369,0.553702756688141,0,No,0
206.33,0,206.33,5.334311726771412,0.5568990475561942,0,Yes,1
206.33,0,206.33,5.334311726771412,0.5568990475561942,0,No,0
206.33,0,206.33,5.334311726771412,0.5568990475561942,0,No,0
206.4,0,206.4,5.334649295795427,0.5575770486494175,0,No,0
206.5,0,206.5,5.335131339670753,0.5585456216397366,0,No,0
206.5,0,206.5,5.335131339670753,0.5585456216397366,0,No,0
206.83,0,206.83,5.336720437830982,0.5617419125077899,0,No,0
206.83,0,206.83,5.336720437830982,0.5617419125077899,0,No,0
207.0,0,207.0,5.337538079701318,0.5633884865913323,0,No,0
207.0,0,207.0,5.337538079701318,0.5633884865913323,0,No,0
207.0,0,207.0,5.337538079701318,0.5633884865913323,0,No,0
207.0,0,207.0,5.337538079701318,0.5633884865913323,0,No,0
207.0,0,207.0,5.337538079701318,0.5633884865913323,0,No,0
207.17,0,207.17,5.338355053579567,0.5650350606748747,0,No,0
207.17,0,207.17,5.338355053579567,0.5650350606748747,0,No,0
207.33,0,207.33,5.339123360940291,0.5665847774593856,0,No,0
207.33,0,207.33,5.339123360940291,0.5665847774593856,0,No,0
207.33,0,207.33,5.339123360940291,0.5665847774593856,0,No,0
207.5,0,207.5,5.339939041238856,0.568231351542928,0,No,0
207.5,0,207.5,5.339939041238856,0.568231351542928,0,No,0
207.67,0,207.67,5.340754056745293,0.5698779256264704,0,No,0
207.67,0,207.67,5.340754056745293,0.5698779256264704,0,No,0
207.83,0,207.83,5.3415205238486845,0.5714276424109813,0,No,0
207.83,0,207.83,5.3415205238486845,0.5714276424109813,0,No,0
207.83,0,207.83,5.3415205238486845,0.5714276424109813,0,No,0
208.17,0,208.17,5.343147318465829,0.5747207905780662,0,No,0
208.17,0,208.17,5.343147318465829,0.5747207905780662,0,Yes,1
208.17,0,208.17,5.343147318465829,0.5747207905780662,0,No,0
208.17,0,208.17,5.343147318465829,0.5747207905780662,0,No,0
208.33,0,208.33,5.343911954106429,0.576270507362577,0,Yes,1
208.33,0,208.33,5.343911954106429,0.576270507362577,0,No,0
208.33,0,208.33,5.343911954106429,0.576270507362577,0,No,0
208.33,0,208.33,5.343911954106429,0.576270507362577,0,Yes,1
208.67,0,208.67,5.345534866157148,0.5795636555296619,0,No,0
208.67,0,208.67,5.345534866157148,0.5795636555296619,0,No,0
208.75,0,208.75,5.345916345347316,0.5803385139219174,0,No,0
208.83,0,208.83,5.346297679066604,0.5811133723141728,0,No,0
208.84,0,208.84,5.346345335558619,0.5812102296132046,0,No,0
209.0,0,209.0,5.3471075307174685,0.5827599463977152,0,No,0
209.17,0,209.17,5.347916727039321,0.5844065204812576,0,No,0
209.33,0,209.33,5.348677725886986,0.5859562372657685,0,No,0
209.5,0,209.5,5.349485653122436,0.5876028113493109,0,No,0
209.5,0,209.5,5.349485653122436,0.5876028113493109,0,No,0
209.83,0,209.83,5.351052121531902,0.5907991022173642,0,No,0
209.83,0,209.83,5.351052121531902,0.5907991022173642,0,No,0
210.0,0,210.0,5.351858133476067,0.5924456763009066,0,Yes,1
210.17,0,210.17,5.35266349628815,0.594092250384449,0,No,0
210.17,0,210.17,5.35266349628815,0.594092250384449,0,No,0
210.33,0,210.33,5.353420892774061,0.5956419671689599,0,No,0
210.33,0,210.33,5.353420892774061,0.5956419671689599,0,No,0
210.33,0,210.33,5.353420892774061,0.5956419671689599,0,No,0
210.5,0,210.5,5.354224998486333,0.5972885412525023,0,No,0
210.67,0,210.67,5.355028458132079,0.5989351153360448,0,No,0
210.67,0,210.67,5.355028458132079,0.5989351153360448,0,No,0
210.67,0,210.67,5.355028458132079,0.5989351153360448,0,No,0
210.83,0,210.83,5.355784066196366,0.6004848321205556,0,No,0
211.0,0,211.0,5.356586274672012,0.6021314062040981,0,No,0
211.0,0,211.0,5.356586274672012,0.6021314062040981,0,No,0
211.17,0,211.17,5.357387840125025,0.6037779802876405,0,No,0
211.2,0,211.2,5.357529226179882,0.6040685521847362,0,No,0
211.33,0,211.33,5.358141668193703,0.6053276970721514,0,No,0
211.33,0,211.33,5.358141668193703,0.6053276970721514,0,No,0
211.33,0,211.33,5.358141668193703,0.6053276970721514,0,No,0
211.5,0,211.5,5.358941988364472,0.6069742711556938,0,No,0
211.5,0,211.5,5.358941988364472,0.6069742711556938,0,No,0
211.83,0,211.83,5.360493724974712,0.6101705620237471,0,No,0
211.83,0,211.83,5.360493724974712,0.6101705620237471,0,No,0
212.0,0,212.0,5.3612921657094255,0.6118171361072895,0,No,0
212.0,0,212.0,5.3612921657094255,0.6118171361072895,0,No,0
212.0,0,212.0,5.3612921657094255,0.6118171361072895,0,No,0
212.17,0,212.17,5.362089969445103,0.6134637101908319,0,No,0
212.33,0,212.33,5.3628402625635365,0.6150134269753428,0,No,0
212.5,0,212.5,5.363636832668679,0.6166600010588852,0,No,0
212.67,0,212.67,5.364432768754897,0.6183065751424276,0,No,0
212.83,0,212.83,5.365181306801544,0.6198562919269385,0,No,0
212.83,0,212.83,5.365181306801544,0.6198562919269385,0,No,0
212.83,0,212.83,5.365181306801544,0.6198562919269385,0,No,0
212.83,0,212.83,5.365181306801544,0.6198562919269385,0,No,0
212.83,0,212.83,5.365181306801544,0.6198562919269385,0,No,0
213.0,0,213.0,5.365976015021851,0.6215028660104809,0,No,0
213.17,0,213.17,5.366770092182479,0.6231494400940234,0,No,0
213.17,0,213.17,5.366770092182479,0.6231494400940234,0,No,0
213.67,0,213.67,5.3691019652659975,0.6279923050456191,0,Yes,1
213.83,0,213.83,5.369847017686959,0.62954202183013,0,No,0
214.0,0,214.0,5.3706380281276624,0.6311885959136724,0,No,0
214.0,0,214.0,5.3706380281276624,0.6311885959136724,0,No,0
214.0,0,214.0,5.3706380281276624,0.6311885959136724,0,No,0
214.17,0,214.17,5.37142841336536,0.6328351699972148,0,Yes,1
214.17,0,214.17,5.37142841336536,0.6328351699972148,0,No,0
214.33,0,214.33,5.372171735118517,0.6343848867817257,0,No,0
214.33,0,214.33,5.372171735118517,0.6343848867817257,0,No,0
214.33,0,214.33,5.372171735118517,0.6343848867817257,0,No,0
214.5,0,214.5,5.372960909543803,0.6360314608652681,0,No,0
214.5,0,214.5,5.372960909543803,0.6360314608652681,0,No,0
214.83,0,214.83,5.374491060770879,0.6392277517333214,0,No,0
214.83,0,214.83,5.374491060770879,0.6392277517333214,0,No,0
214.83,0,214.83,5.374491060770879,0.6392277517333214,0,No,0
214.83,0,214.83,5.374491060770879,0.6392277517333214,0,No,0
215.0,0,215.0,5.375278407684165,0.6408743258168638,0,No,0
215.17,0,215.17,5.376065135169961,0.6425208999004062,0,No,0
215.17,0,215.17,5.376065135169961,0.6425208999004062,0,No,0
215.17,0,215.17,5.376065135169961,0.6425208999004062,0,Yes,1
215.17,0,215.17,5.376065135169961,0.6425208999004062,0,No,0
215.33,0,215.33,5.376805019596778,0.644070616684917,0,No,0
215.33,0,215.33,5.376805019596778,0.644070616684917,0,No,0
215.5,0,215.5,5.377590547442544,0.6457171907684595,0,No,0
215.5,0,215.5,5.377590547442544,0.6457171907684595,0,No,0
215.5,0,215.5,5.377590547442544,0.6457171907684595,0,Yes,1
215.67,0,215.67,5.378375458718616,0.647363764852002,0,No,0
215.83,0,215.83,5.379113636376126,0.6489134816365129,0,No,0
216.0,0,216.0,5.37989735354046,0.6505600557200553,0,No,0
216.0,0,216.0,5.37989735354046,0.6505600557200553,0,No,0
216.0,0,216.0,5.37989735354046,0.6505600557200553,0,No,0
216.17,0,216.17,5.38068045697316,0.6522066298035977,0,No,0
216.33,0,216.33,5.381416935717611,0.6537563465881086,0,No,0
216.5,0,216.5,5.382198850528739,0.655402920671651,0,No,0
217.0,0,217.0,5.384495062789089,0.6602457856232467,0,No,0
217.17,0,217.17,5.385274575403933,0.6618923597067891,0,No,0
217.17,0,217.17,5.385274575403933,0.6618923597067891,0,No,0
217.33,0,217.33,5.386007679675025,0.6634420764912999,0,No,0
217.33,0,217.33,5.386007679675025,0.6634420764912999,0,No,0
217.5,0,217.5,5.3867860145356445,0.6650886505748423,0,No,0
217.5,0,217.5,5.3867860145356445,0.6650886505748423,0,No,0
217.5,0,217.5,5.3867860145356445,0.6650886505748423,0,No,0
217.67,0,217.67,5.3875637440622315,0.6667352246583848,0,Yes,1
217.67,0,217.67,5.3875637440622315,0.6667352246583848,0,No,0
217.67,0,217.67,5.3875637440622315,0.6667352246583848,0,No,0
217.83,0,217.83,5.388295172666269,0.6682849414428956,0,No,0
218.0,0,218.0,5.389071729816501,0.6699315155264381,0,No,0
218.0,0,218.0,5.389071729816501,0.6699315155264381,0,No,0
218.33,0,218.33,5.390577444973334,0.6731278063944914,0,No,0
218.33,0,218.33,5.390577444973334,0.6731278063944914,0,No,0
218.5,0,218.5,5.391352232515226,0.6747743804780338,0,No,0
218.83,0,218.83,5.392854520372025,0.6779706713460871,0,No,0
219.0,0,219.0,5.393627546352362,0.6796172454296295,0,No,0
219.17,0,219.17,5.394399975225081,0.6812638195131719,0,No,0
219.33,0,219.33,5.395126422476097,0.6828135362976828,0,No,0
219.33,0,219.33,5.395126422476097,0.6828135362976828,0,No,0
219.33,0,219.33,5.395126422476097,0.6828135362976828,0,No,0
219.5,0,219.5,5.395897694886901,0.6844601103812252,0,No,0
219.67,0,219.67,5.39666837289499,0.6861066844647676,0,No,0
219.67,0,219.67,5.39666837289499,0.6861066844647676,0,No,0
219.67,0,219.67,5.39666837289499,0.6861066844647676,0,No,0
219.83,0,219.83,5.397393174738724,0.6876564012492785,0,No,0
220.0,0,220.0,5.3981627015177525,0.6893029753328209,0,No,0
220.0,0,220.0,5.3981627015177525,0.6893029753328209,0,No,0
220.17,0,220.17,5.39893163658063,0.6909495494163633,0,No,0
220.33,0,220.33,5.399654800453954,0.6924992662008742,0,No,0
220.33,0,220.33,5.399654800453954,0.6924992662008742,0,No,0
220.5,0,220.5,5.40042258948519,0.6941458402844167,0,No,0
220.5,0,220.5,5.40042258948519,0.6941458402844167,0,No,0
220.5,0,220.5,5.40042258948519,0.6941458402844167,0,No,0
220.5,0,220.5,5.40042258948519,0.6941458402844167,0,No,0
220.5,0,220.5,5.40042258948519,0.6941458402844167,0,No,0
220.5,0,220.5,5.40042258948519,0.6941458402844167,0,No,0
220.67,0,220.67,5.401189789468666,0.6957924143679591,0,No,0
220.67,0,220.67,5.401189789468666,0.6957924143679591,0,No,0
220.83,0,220.83,5.401911322758143,0.69734213115247,0,No,0
221.0,0,221.0,5.402677381872279,0.6989887052360124,0,No,0
221.17,0,221.17,5.403442854589036,0.7006352793195548,0,No,0
221.17,0,221.17,5.403442854589036,0.7006352793195548,0,Yes,1
221.17,0,221.17,5.403442854589036,0.7006352793195548,0,No,0
221.17,0,221.17,5.403442854589036,0.7006352793195548,0,No,0
221.33,0,221.33,5.404162764631377,0.7021849961040657,0,No,0
221.33,0,221.33,5.404162764631377,0.7021849961040657,0,No,0
221.33,0,221.33,5.404162764631377,0.7021849961040657,0,No,0
221.33,0,221.33,5.404162764631377,0.7021849961040657,0,No,0
221.33,0,221.33,5.404162764631377,0.7021849961040657,0,No,0
221.33,0,221.33,5.404162764631377,0.7021849961040657,0,No,0
221.5,0,221.5,5.404927101606295,0.7038315701876081,0,Yes,1
221.5,0,221.5,5.404927101606295,0.7038315701876081,0,No,0
221.67,0,221.67,5.405690854816366,0.7054781442711505,0,No,0
221.67,0,221.67,5.405690854816366,0.7054781442711505,0,No,0
221.67,0,221.67,5.405690854816366,0.7054781442711505,0,No,0
221.67,0,221.67,5.405690854816366,0.7054781442711505,0,No,0
221.67,0,221.67,5.405690854816366,0.7054781442711505,0,No,0
222.0,0,222.0,5.407171771460119,0.7086744351392038,0,No,0
222.0,0,222.0,5.407171771460119,0.7086744351392038,0,No,0
222.0,0,222.0,5.407171771460119,0.7086744351392038,0,Yes,1
222.17,0,222.17,5.407933812871359,0.7103210092227462,0,No,0
222.17,0,222.17,5.407933812871359,0.7103210092227462,0,No,0
222.17,0,222.17,5.407933812871359,0.7103210092227462,0,No,0
222.33,0,222.33,5.408650498232383,0.7118707260072571,0,No,0
222.33,0,222.33,5.408650498232383,0.7118707260072571,0,No,0
222.33,0,222.33,5.408650498232383,0.7118707260072571,0,No,0
222.33,0,222.33,5.408650498232383,0.7118707260072571,0,No,0
222.33,0,222.33,5.408650498232383,0.7118707260072571,0,No,0
222.33,0,222.33,5.408650498232383,0.7118707260072571,0,No,0
222.33,0,222.33,5.408650498232383,0.7118707260072571,0,Yes,1
222.5,0,222.5,5.409411414053624,0.7135173000907995,0,No,0
222.5,0,222.5,5.409411414053624,0.7135173000907995,0,No,0
222.5,0,222.5,5.409411414053624,0.7135173000907995,0,No,0
222.5,0,222.5,5.409411414053624,0.7135173000907995,0,No,0
222.5,0,222.5,5.409411414053624,0.7135173000907995,0,No,0
222.67,0,222.67,5.410171751322179,0.7151638741743419,0,No,0
223.0,0,223.0,5.4116460518550396,0.7183601650423953,0,Yes,1
223.0,0,223.0,5.4116460518550396,0.7183601650423953,0,No,0
223.0,0,223.0,5.4116460518550396,0.7183601650423953,0,No,0
223.17,0,223.17,5.412404692585804,0.7200067391259377,0,No,0
223.33,0,223.33,5.413118182025214,0.7215564559104486,0,No,0
223.33,0,223.33,5.413118182025214,0.7215564559104486,0,No,0
223.5,0,223.5,5.413875707182309,0.723203029993991,0,No,0
223.5,0,223.5,5.413875707182309,0.723203029993991,0,No,0
223.67,0,223.67,5.414632658929385,0.7248496040775334,0,No,0
223.83,0,223.83,5.415344561072911,0.7263993208620443,0,No,0
224.0,0,224.0,5.41610040220442,0.7280458949455867,0,No,0
224.0,0,224.0,5.41610040220442,0.7280458949455867,0,No,0
224.17,0,224.17,5.416855672471569,0.7296924690291291,0,No,0
224.17,0,224.17,5.416855672471569,0.7296924690291291,0,No,0
224.17,0,224.17,5.416855672471569,0.7296924690291291,0,No,0
224.33,0,224.33,5.41756599436603,0.73124218581364,0,No,0
224.33,0,224.33,5.41756599436603,0.73124218581364,0,No,0
224.5,0,224.5,5.418320158942733,0.7328887598971824,0,No,0
224.5,0,224.5,5.418320158942733,0.7328887598971824,0,No,0
224.67,0,224.67,5.419073755183819,0.7345353339807248,0,No,0
224.83,0,224.83,5.419782503829213,0.7360850507652357,0,No,0
224.83,0,224.83,5.419782503829213,0.7360850507652357,0,No,0
225.0,0,225.0,5.420534999272286,0.7377316248487781,0,No,0
225.0,0,225.0,5.420534999272286,0.7377316248487781,0,No,0
225.17,0,225.17,5.42128692889172,0.7393781989323206,0,Yes,1
225.17,0,225.17,5.42128692889172,0.7393781989323206,0,No,0
225.17,0,225.17,5.42128692889172,0.7393781989323206,0,No,0
225.33,0,225.33,5.421994111241634,0.7409279157168314,0,No,0
225.5,0,225.5,5.422744944923089,0.7425744898003739,0,No,0
225.67,0,225.67,5.423495215276265,0.7442210638839163,0,Yes,1
225.67,0,225.67,5.423495215276265,0.7442210638839163,0,No,0
225.67,0,225.67,5.423495215276265,0.7442210638839163,0,No,0
225.67,0,225.67,5.423495215276265,0.7442210638839163,0,No,0
225.83,0,225.83,5.4242008382382885,0.7457707806684272,0,No,0
226.0,0,226.0,5.424950017481403,0.7474173547519696,0,No,0
226.0,0,226.0,5.424950017481403,0.7474173547519696,0,No,0
226.0,0,226.0,5.424950017481403,0.7474173547519696,0,No,0
226.33,0,226.33,5.426402706311255,0.7506136456200229,0,No,0
226.33,0,226.33,5.426402706311255,0.7506136456200229,0,No,0
226.33,0,226.33,5.426402706311255,0.7506136456200229,0,No,0
226.33,0,226.33,5.426402706311255,0.7506136456200229,0,No,0
226.33,0,226.33,5.426402706311255,0.7506136456200229,0,No,0
226.33,0,226.33,5.426402706311255,0.7506136456200229,0,No,0
226.5,0,226.5,5.427150238391005,0.7522602197035653,0,No,0
226.67,0,226.67,5.4278972120839315,0.7539067937871077,0,No,0
226.83,0,226.83,5.428599736810959,0.7554565105716186,0,No,0
226.83,0,226.83,5.428599736810959,0.7554565105716186,0,No,0
226.83,0,226.83,5.428599736810959,0.7554565105716186,0,No,0
226.84,0,226.84,5.428643628223611,0.7555533678706504,0,No,0
227.0,0,227.0,5.429345628954441,0.757103084655161,0,No,0
227.0,0,227.0,5.429345628954441,0.757103084655161,0,No,0
227.0,0,227.0,5.429345628954441,0.757103084655161,0,No,0
227.17,0,227.17,5.430090965157479,0.7587496587387034,0,No,0
227.17,0,227.17,5.430090965157479,0.7587496587387034,0,No,0
227.33,0,227.33,5.43079195094741,0.7602993755232142,0,No,0
227.33,0,227.33,5.43079195094741,0.7602993755232142,0,No,0
227.33,0,227.33,5.43079195094741,0.7602993755232142,0,No,0
227.5,0,227.5,5.43153621033426,0.7619459496067567,0,No,0
227.5,0,227.5,5.43153621033426,0.7619459496067567,0,Yes,1
227.67,0,227.67,5.432279916211003,0.7635925236902992,0,No,0
227.83,0,227.83,5.432979369791433,0.7651422404748099,0,No,0
228.0,0,228.0,5.43372200355424,0.7667888145583525,0,No,0
228.17,0,228.17,5.434464086221378,0.7684353886418949,0,No,0
228.17,0,228.17,5.434464086221378,0.7684353886418949,0,No,0
228.17,0,228.17,5.434464086221378,0.7684353886418949,0,No,0
228.67,0,228.67,5.436643496028323,0.7732782535934906,0,Yes,1
228.83,0,228.83,5.437339905196839,0.7748279703780014,0,No,0
228.83,0,228.83,5.437339905196839,0.7748279703780014,0,No,0
228.83,0,228.83,5.437339905196839,0.7748279703780014,0,No,0
229.0,0,229.0,5.438079308923196,0.7764745444615438,0,No,0
229.0,0,229.0,5.438079308923196,0.7764745444615438,0,No,0
229.17,0,229.17,5.4388181663356026,0.7781211185450863,0,No,0
229.33,0,229.33,5.4395130632148145,0.7796708353295971,0,No,0
229.33,0,229.33,5.4395130632148145,0.7796708353295971,0,No,0
229.33,0,229.33,5.4395130632148145,0.7796708353295971,0,No,0
229.5,0,229.5,5.440250862436703,0.7813174094131395,0,No,0
229.5,0,229.5,5.440250862436703,0.7813174094131395,0,No,0
229.5,0,229.5,5.440250862436703,0.7813174094131395,0,No,0
229.5,0,229.5,5.440250862436703,0.7813174094131395,0,No,0
229.83,0,229.83,5.441681508855907,0.7845137002811928,0,Yes,1
230.17,0,230.17,5.443153370593485,0.7878068484482778,0,No,0
230.17,0,230.17,5.443153370593485,0.7878068484482778,0,No,0
230.2,0,230.2,5.443283136798223,0.7880974203453734,0,No,0
230.33,0,230.33,5.443845262512979,0.7893565652327886,0,No,0
230.5,0,230.5,5.444579873526289,0.791003139316331,0,No,0
230.5,0,230.5,5.444579873526289,0.791003139316331,0,No,0
230.67,0,230.67,5.445313945282377,0.7926497133998734,0,No,0
230.67,0,230.67,5.445313945282377,0.7926497133998734,0,No,0
230.67,0,230.67,5.445313945282377,0.7926497133998734,0,No,0
230.67,0,230.67,5.445313945282377,0.7926497133998734,0,No,0
230.83,0,230.83,5.446004344446802,0.7941994301843843,0,No,0
231.0,0,231.0,5.44673737166631,0.7958460042679267,0,Yes,1
231.0,0,231.0,5.44673737166631,0.7958460042679267,0,No,0
231.0,0,231.0,5.44673737166631,0.7958460042679267,0,Yes,1
231.0,0,231.0,5.44673737166631,0.7958460042679267,0,Yes,1
231.0,0,231.0,5.44673737166631,0.7958460042679267,0,No,0
231.17,0,231.17,5.447469861950477,0.7974925783514691,0,No,0
231.17,0,231.17,5.447469861950477,0.7974925783514691,0,No,0
231.33,0,231.33,5.4481587747871965,0.79904229513598,0,No,0
231.5,0,231.5,5.448890225027411,0.8006888692195224,0,No,0
231.5,0,231.5,5.448890225027411,0.8006888692195224,0,No,0
231.67,0,231.67,5.449621140639202,0.8023354433030648,0,No,0
231.83,0,231.83,5.450308573534157,0.8038851600875757,0,No,0
232.0,0,232.0,5.4510384535657,0.8055317341711181,0,No,0
232.17,0,232.17,5.451767801260901,0.8071783082546605,0,No,0
232.17,0,232.17,5.451767801260901,0.8071783082546605,0,No,0
232.33,0,232.33,5.452453760558967,0.8087280250391714,0,No,0
232.33,0,232.33,5.452453760558967,0.8087280250391714,0,No,0
232.33,0,232.33,5.452453760558967,0.8087280250391714,0,No,0
232.5,0,232.5,5.453182077108952,0.8103745991227138,0,No,0
232.5,0,232.5,5.453182077108952,0.8103745991227138,0,No,0
232.5,0,232.5,5.453182077108952,0.8103745991227138,0,No,0
232.67,0,232.67,5.453909863599967,0.8120211732062563,0,No,0
232.67,0,232.67,5.453909863599967,0.8120211732062563,0,Yes,1
232.67,0,232.67,5.453909863599967,0.8120211732062563,0,No,0
232.67,0,232.67,5.453909863599967,0.8120211732062563,0,No,0
232.83,0,232.83,5.454594355605302,0.8135708899907672,0,No,0
233.17,0,233.17,5.456047347313921,0.816864038157852,0,No,0
233.33,0,233.33,5.456730378290316,0.8184137549423629,0,No,0
233.5,0,233.5,5.457455587886334,0.8200603290259053,0,No,0
233.67,0,233.67,5.458180271934504,0.8217069031094477,0,No,0
233.67,0,233.67,5.458180271934504,0.8217069031094477,0,No,0
233.75,0,233.75,5.458521118088372,0.8224817615017032,0,Yes,1
233.83,0,233.83,5.458861848105724,0.8232566198939586,0,No,0
234.0,0,234.0,5.459585514144159,0.824903193977501,0,No,0
234.0,0,234.0,5.459585514144159,0.824903193977501,0,No,0
234.17,0,234.17,5.46030865686874,0.8265497680610434,0,No,0
234.33,0,234.33,5.460988784418869,0.8280994848455543,0,No,0
234.67,0,234.67,5.462432521400004,0.8313926330126391,0,No,0
234.67,0,234.67,5.462432521400004,0.8313926330126391,0,No,0
234.83,0,234.83,5.463111206473775,0.83294234979715,0,No,0
234.83,0,234.83,5.463111206473775,0.83294234979715,0,No,0
234.83,0,234.83,5.463111206473775,0.83294234979715,0,No,0
235.0,0,235.0,5.4638318050256105,0.8345889238806925,0,No,0
235.17,0,235.17,5.46455188468906,0.8362354979642349,0,No,0
235.17,0,235.17,5.46455188468906,0.8362354979642349,0,No,0
235.17,0,235.17,5.46455188468906,0.8362354979642349,0,No,0
235.33,0,235.33,5.465229133392195,0.8377852147487458,0,No,0
235.33,0,235.33,5.465229133392195,0.8377852147487458,0,No,0
235.33,0,235.33,5.465229133392195,0.8377852147487458,0,No,0
235.33,0,235.33,5.465229133392195,0.8377852147487458,0,No,0
235.33,0,235.33,5.465229133392195,0.8377852147487458,0,No,0
235.5,0,235.5,5.465948207931988,0.8394317888322882,0,No,0
235.5,0,235.5,5.465948207931988,0.8394317888322882,0,No,0
236.17,0,236.17,5.468777183576803,0.8459212278674263,0,No,0
236.33,0,236.33,5.469451577701415,0.8474709446519372,0,No,0
236.33,0,236.33,5.469451577701415,0.8474709446519372,0,No,0
236.67,0,236.67,5.470883156893275,0.850764092819022,0,No,0
236.67,0,236.67,5.470883156893275,0.850764092819022,0,No,0
236.67,0,236.67,5.470883156893275,0.850764092819022,0,No,0
236.67,0,236.67,5.470883156893275,0.850764092819022,0,No,0
236.83,0,236.83,5.471556132733606,0.8523138096035329,0,No,0
236.83,0,236.83,5.471556132733606,0.8523138096035329,0,Yes,1
237.0,0,237.0,5.472270673671475,0.8539603836870753,0,No,0
237.17,0,237.17,5.472984704405132,0.8556069577706177,0,No,0
237.17,0,237.17,5.472984704405132,0.8556069577706177,0,No,0
237.33,0,237.33,5.473656267914107,0.8571566745551286,0,No,0
237.5,0,237.5,5.474369310328396,0.8588032486386711,0,No,0
237.67,0,237.67,5.475081844675453,0.8604498227222135,0,No,0
237.83,0,237.83,5.475752001768597,0.8619995395067244,0,No,0
238.0,0,238.0,5.476463551931511,0.8636461135902668,0,No,0
238.0,0,238.0,5.476463551931511,0.8636461135902668,0,No,0
238.0,0,238.0,5.476463551931511,0.8636461135902668,0,No,0
238.0,0,238.0,5.476463551931511,0.8636461135902668,0,No,0
238.17,0,238.17,5.477174596150773,0.8652926876738092,0,No,0
238.17,0,238.17,5.477174596150773,0.8652926876738092,0,No,0
238.17,0,238.17,5.477174596150773,0.8652926876738092,0,No,0
238.17,0,238.17,5.477174596150773,0.8652926876738092,0,No,0
238.5,0,238.5,5.4785534168509695,0.8684889785418625,0,No,0
238.67,0,238.67,5.47926297716206,0.8701355526254049,0,No,0
238.67,0,238.67,5.47926297716206,0.8701355526254049,0,Yes,1
238.83,0,238.83,5.479930339022074,0.8716852694099158,0,Yes,1
238.83,0,238.83,5.479930339022074,0.8716852694099158,0,No,0
239.0,0,239.0,5.480638923341991,0.8733318434934582,0,No,0
239.33,0,239.33,5.482012978895135,0.8765281343615114,0,No,0
239.5,0,239.5,5.482720089545816,0.8781747084450539,0,No,0
239.5,0,239.5,5.482720089545816,0.8781747084450539,0,No,0
239.67,0,239.67,5.483426700544313,0.8798212825285963,0,No,0
239.67,0,239.67,5.483426700544313,0.8798212825285963,0,Yes,1
239.83,0,239.83,5.484091290392243,0.8813709993131071,0,No,0
239.83,0,239.83,5.484091290392243,0.8813709993131071,0,No,0
240.17,0,240.17,5.485502079007979,0.8846641474801921,0,No,0
240.17,0,240.17,5.485502079007979,0.8846641474801921,0,No,0
240.17,0,240.17,5.485502079007979,0.8846641474801921,0,No,0
240.17,0,240.17,5.485502079007979,0.8846641474801921,0,No,0
240.33,0,240.33,5.486165291467522,0.8862138642647029,0,No,0
240.33,0,240.33,5.486165291467522,0.8862138642647029,0,No,0
240.5,0,240.5,5.486869473092628,0.8878604383482454,0,No,0
240.67,0,240.67,5.4875731591948895,0.8895070124317878,0,No,0
240.67,0,240.67,5.4875731591948895,0.8895070124317878,0,No,0
240.67,0,240.67,5.4875731591948895,0.8895070124317878,0,No,0
240.83,0,240.83,5.488234999963619,0.8910567292162986,0,No,0
240.83,0,240.83,5.488234999963619,0.8910567292162986,0,No,0
240.83,0,240.83,5.488234999963619,0.8910567292162986,0,No,0
241.17,0,241.17,5.48963995887241,0.8943498773833835,0,No,0
241.17,0,241.17,5.48963995887241,0.8943498773833835,0,No,0
241.33,0,241.33,5.490300433612623,0.8958995941678943,0,No,0
241.33,0,241.33,5.490300433612623,0.8958995941678943,0,No,0
241.67,0,241.67,5.491702495697971,0.8991927423349791,0,No,0
241.83,0,241.83,5.492361610036972,0.90074245911949,0,No,0
242.0,0,242.0,5.493061443340548,0.9023890332030324,0,No,0
242.0,0,242.0,5.493061443340548,0.9023890332030324,0,No,0
242.17,0,242.17,5.493760787219967,0.904035607286575,0,No,0
242.17,0,242.17,5.493760787219967,0.904035607286575,0,No,0
242.17,0,242.17,5.493760787219967,0.904035607286575,0,No,0
242.33,0,242.33,5.494418546750363,0.9055853240710857,0,No,0
242.83,0,242.83,5.49647126115864,0.9104281890226815,0,No,0
243.17,0,243.17,5.49786470400706,0.9137213371897663,0,No,0
243.17,0,243.17,5.49786470400706,0.9137213371897663,0,No,0
243.4,0,243.4,5.4988062272974405,0.9159490550675006,0,No,0
243.5,0,243.5,5.499215308914927,0.9169176280578196,0,No,0
243.5,0,243.5,5.499215308914927,0.9169176280578196,0,Yes,1
243.83,0,243.83,5.500564092149261,0.9201139189258729,0,No,0
244.0,0,244.0,5.501258210544727,0.9217604930094153,0,No,0
244.17,0,244.17,5.501951847474021,0.9234070670929577,0,Yes,1
244.17,0,244.17,5.501951847474021,0.9234070670929577,0,No,0
244.17,0,244.17,5.501951847474021,0.9234070670929577,0,No,0
244.17,0,244.17,5.501951847474021,0.9234070670929577,0,No,0
244.17,0,244.17,5.501951847474021,0.9234070670929577,0,Yes,1
244.33,0,244.33,5.502604243011941,0.9249567838774686,0,No,0
244.33,0,244.33,5.502604243011941,0.9249567838774686,0,No,0
244.33,0,244.33,5.502604243011941,0.9249567838774686,0,No,0
244.33,0,244.33,5.502604243011941,0.9249567838774686,0,No,0
244.33,0,244.33,5.502604243011941,0.9249567838774686,0,No,0
244.33,0,244.33,5.502604243011941,0.9249567838774686,0,Yes,1
244.33,0,244.33,5.502604243011941,0.9249567838774686,0,No,0
244.67,0,244.67,5.503989171950207,0.9282499320445535,0,No,0
245.0,0,245.0,5.5053315359323625,0.9314462229126068,0,No,0
245.5,0,245.5,5.5073619934827445,0.9362890878642025,0,Yes,1
245.5,0,245.5,5.5073619934827445,0.9362890878642025,0,No,0
245.5,0,245.5,5.5073619934827445,0.9362890878642025,0,Yes,1
245.83,0,245.83,5.508699840559633,0.9394853787322558,0,No,0
245.83,0,245.83,5.508699840559633,0.9394853787322558,0,Yes,1
245.83,0,245.83,5.508699840559633,0.9394853787322558,0,No,0
246.0,0,246.0,5.5093883366279774,0.9411319528157982,0,No,0
246.33,0,246.33,5.510723477319505,0.9443282436838515,0,No,0
246.33,0,246.33,5.510723477319505,0.9443282436838515,0,No,0
246.5,0,246.5,5.511410582008745,0.9459748177673939,0,No,0
246.66,0,246.66,5.512056837786952,0.9475245345519046,0,No,0
246.67,0,246.67,5.51209721490928,0.9476213918509363,0,No,0
247.0,0,247.0,5.5134287461649825,0.9508176827189896,0,No,0
247.0,0,247.0,5.5134287461649825,0.9508176827189896,0,No,0
247.17,0,247.17,5.514113995199193,0.9524642568025321,0,No,0
247.17,0,247.17,5.514113995199193,0.9524642568025321,0,No,0
247.17,0,247.17,5.514113995199193,0.9524642568025321,0,No,0
247.33,0,247.33,5.514758506802571,0.954013973587043,0,No,0
247.5,0,247.5,5.5154428455366835,0.9556605476705854,0,No,0
247.83,0,247.83,5.516769932374123,0.9588568385386387,0,No,0
248.0,0,248.0,5.517452896464707,0.9605034126221811,0,No,0
248.0,0,248.0,5.517452896464707,0.9605034126221811,0,Yes,1
248.0,0,248.0,5.517452896464707,0.9605034126221811,0,No,0
248.0,0,248.0,5.517452896464707,0.9605034126221811,0,No,0
248.17,0,248.17,5.51813539443367,0.9621499867057235,0,No,0
248.5,0,248.5,5.519458915191573,0.9653462775737768,0,No,0
248.5,0,248.5,5.519458915191573,0.9653462775737768,0,Yes,1
248.5,0,248.5,5.519458915191573,0.9653462775737768,0,Yes,1
248.5,0,248.5,5.519458915191573,0.9653462775737768,0,No,0
248.5,0,248.5,5.519458915191573,0.9653462775737768,0,No,0
248.5,0,248.5,5.519458915191573,0.9653462775737768,0,No,0
248.67,0,248.67,5.520140045894831,0.9669928516573192,0,No,0
248.67,0,248.67,5.520140045894831,0.9669928516573192,0,No,0
249.0,0,249.0,5.521460917862246,0.9701891425253725,0,No,0
249.0,0,249.0,5.521460917862246,0.9701891425253725,0,No,0
249.17,0,249.17,5.5221406867670035,0.9718357166089149,0,No,0
249.17,0,249.17,5.5221406867670035,0.9718357166089149,0,No,0
249.33,0,249.33,5.522780047428144,0.9733854333934258,0,No,0
249.33,0,249.33,5.522780047428144,0.9733854333934258,0,No,0
249.5,0,249.5,5.523458920524919,0.9750320074769682,0,No,0
249.67,0,249.67,5.524137333065655,0.9766785815605107,0,No,0
250.0,0,250.0,5.5254529391317835,0.979874872428564,0,No,0
250.0,0,250.0,5.5254529391317835,0.979874872428564,0,No,0
250.0,0,250.0,5.5254529391317835,0.979874872428564,0,No,0
250.33,0,250.33,5.526766816652428,0.9830711632966173,0,No,0
250.33,0,250.33,5.526766816652428,0.9830711632966173,0,No,0
250.5,0,250.5,5.527442989539794,0.9847177373801597,0,No,0
250.6,0,250.6,5.527840524826286,0.9856863103704787,0,No,0
250.83,0,250.83,5.528754256689711,0.987914028248213,0,No,0
251.17,0,251.17,5.530103463243588,0.9912071764152978,0,No,0
251.17,0,251.17,5.530103463243588,0.9912071764152978,0,Yes,1
251.33,0,251.33,5.530737754642455,0.9927568931998086,0,No,0
251.5,0,251.5,5.531411248715415,0.994403467283351,0,No,0
251.67,0,251.67,5.532084289499378,0.9960500413668935,0,No,0
251.67,0,251.67,5.532084289499378,0.9960500413668935,0,No,0
251.83,0,251.83,5.532717326117946,0.9975997581514043,0,No,0
252.0,0,252.0,5.53338948872752,0.9992463322349469,0,No,0
252.0,0,252.0,5.53338948872752,0.9992463322349469,0,No,0
252.0,0,252.0,5.53338948872752,0.9992463322349469,0,No,0
252.0,0,252.0,5.53338948872752,0.9992463322349469,0,No,0
252.0,0,252.0,5.53338948872752,0.9992463322349469,0,No,0
252.17,0,252.17,5.534061199837985,1.0008929063184893,0,Yes,1
252.33,0,252.33,5.534692986630964,1.0024426231030001,0,No,0
252.33,0,252.33,5.534692986630964,1.0024426231030001,0,No,0
252.33,0,252.33,5.534692986630964,1.0024426231030001,0,No,0
252.5,0,252.5,5.535363823031238,1.0040891971865424,0,No,0
252.5,0,252.5,5.535363823031238,1.0040891971865424,0,Yes,1
252.67,0,252.67,5.536034209711707,1.005735771270085,0,No,0
252.67,0,252.67,5.536034209711707,1.005735771270085,0,No,0
252.83,0,252.83,5.536664751604519,1.0072854880545958,0,No,0
252.83,0,252.83,5.536664751604519,1.0072854880545958,0,No,0
252.83,0,252.83,5.536664751604519,1.0072854880545958,0,No,0
252.83,0,252.83,5.536664751604519,1.0072854880545958,0,No,0
253.0,0,253.0,5.537334267018537,1.0089320621381381,0,No,0
253.0,0,253.0,5.537334267018537,1.0089320621381381,0,No,0
253.33,0,253.33,5.538632636370566,1.0121283530061915,0,No,0
253.5,0,253.5,5.539300835990577,1.013774927089734,0,No,0
253.5,0,253.5,5.539300835990577,1.013774927089734,0,No,0
253.5,0,253.5,5.539300835990577,1.013774927089734,0,No,0
253.67,0,253.67,5.539968589417986,1.0154215011732763,0,No,0
253.83,0,253.83,5.540596656170722,1.0169712179577872,0,No,0
253.83,0,253.83,5.540596656170722,1.0169712179577872,0,No,0
254.0,0,254.0,5.541263545158426,1.0186177920413297,0,No,0
254.33,0,254.33,5.5425568261569795,1.021814082909383,0,No,0
254.33,0,254.33,5.5425568261569795,1.021814082909383,0,No,0
254.33,0,254.33,5.5425568261569795,1.021814082909383,0,No,0
254.33,0,254.33,5.5425568261569795,1.021814082909383,0,No,0
254.5,0,254.5,5.543222409643759,1.0234606569929254,0,No,0
254.5,0,254.5,5.543222409643759,1.0234606569929254,0,No,0
254.83,0,254.83,5.544513161392399,1.0266569478609786,0,No,0
255.17,0,255.17,5.545841286587624,1.0299500960280634,0,Yes,1
255.17,0,255.17,5.545841286587624,1.0299500960280634,0,No,0
255.17,0,255.17,5.545841286587624,1.0299500960280634,0,No,0
255.83,0,255.83,5.548414387422504,1.0363426777641702,0,No,0
256.17,0,256.17,5.549737344813903,1.0396358259312553,0,No,0
256.66,0,256.66,5.551640886363379,1.044381833583819,0,No,0
256.67,0,256.67,5.551679696446243,1.044478690882851,0,No,0
256.67,0,256.67,5.551679696446243,1.044478690882851,0,No,0
256.67,0,256.67,5.551679696446243,1.044478690882851,0,No,0
256.83,0,256.83,5.552300453013218,1.0460284076673612,0,No,0
257.0,0,257.0,5.552959584921617,1.047674981750904,0,No,0
257.17,0,257.17,5.5536182826613025,1.0493215558344466,0,No,0
257.67,0,257.67,5.555553118030016,1.0541644207860423,0,No,0
257.67,0,257.67,5.555553118030016,1.0541644207860423,0,No,0
257.83,0,257.83,5.556171475537641,1.0557141375705528,0,No,0
257.83,0,257.83,5.556171475537641,1.0557141375705528,0,No,0
258.33,0,258.33,5.558101381957238,1.0605570025221485,0,Yes,1
258.5,0,258.5,5.558756702605943,1.0622035766056912,0,No,0
258.67,0,258.67,5.5594115940907205,1.0638501506892337,0,No,0
258.67,0,258.67,5.5594115940907205,1.0638501506892337,0,No,0
258.67,0,258.67,5.5594115940907205,1.0638501506892337,0,No,0
258.83,0,258.83,5.560027571011063,1.0653998674737442,0,No,0
259.0,0,259.0,5.560681631015528,1.067046441557287,0,No,0
259.0,0,259.0,5.560681631015528,1.067046441557287,0,No,0
259.17,0,259.17,5.561335263505108,1.0686930156408296,0,No,0
259.33,0,259.33,5.561950056992292,1.0702427324253398,0,No,0
260.0,0,260.0,5.564520407322694,1.0767321714604783,0,No,0
260.17,0,260.17,5.56517153628838,1.078378745544021,0,No,0
260.33,0,260.33,5.56578397649891,1.0799284623285312,0,No,0
260.33,0,260.33,5.56578397649891,1.0799284623285312,0,Yes,1
260.83,0,260.83,5.567695438201781,1.084771327280127,0,No,0
260.83,0,260.83,5.567695438201781,1.084771327280127,0,No,0
261.0,0,261.0,5.568344503761097,1.0864179013636697,0,No,0
261.0,0,261.0,5.568344503761097,1.0864179013636697,0,No,0
261.17,0,261.17,5.5689931483075625,1.0880644754472124,0,No,0
261.17,0,261.17,5.5689931483075625,1.0880644754472124,0,No,0
261.17,0,261.17,5.5689931483075625,1.0880644754472124,0,No,0
261.5,0,261.5,5.570251082031678,1.0912607663152654,0,No,0
261.67,0,261.67,5.570898491464577,1.092907340398808,0,No,0
261.67,0,261.67,5.570898491464577,1.092907340398808,0,No,0
262.0,0,262.0,5.572154032177765,1.096103631266861,0,No,0
262.17,0,262.17,5.572800211191829,1.0977502053504038,0,No,0
262.33,0,262.33,5.573407998484993,1.0992999221349142,0,Yes,1
262.33,0,262.33,5.573407998484993,1.0992999221349142,0,No,0
262.5,0,262.5,5.574053367981417,1.1009464962184567,0,No,0
263.0,0,263.0,5.575949103146316,1.1057893611700527,0,No,0
263.0,0,263.0,5.575949103146316,1.1057893611700527,0,No,0
263.17,0,263.17,5.576592835300246,1.1074359352535952,0,No,0
263.67,0,263.67,5.578483766958155,1.1122788002051909,0,No,0
264.0,0,264.0,5.579729825986222,1.115475091073244,0,No,0
264.0,0,264.0,5.579729825986222,1.115475091073244,0,No,0
264.17,0,264.17,5.580371129740966,1.1171216651567868,0,No,0
264.5,0,264.5,5.581614840681993,1.1203179560248397,0,No,0
264.67,0,264.67,5.5822549370948344,1.1219645301083825,0,No,0
264.67,0,264.67,5.5822549370948344,1.1219645301083825,0,No,0
264.67,0,264.67,5.5822549370948344,1.1219645301083825,0,No,0
264.67,0,264.67,5.5822549370948344,1.1219645301083825,0,Yes,1
265.0,0,265.0,5.583496308781699,1.1251608209764354,0,No,0
265.0,0,265.0,5.583496308781699,1.1251608209764354,0,No,0
265.17,0,265.17,5.584135202390067,1.1268073950599782,0,No,0
265.33,0,265.33,5.584736141375288,1.1283571118444884,0,No,0
265.5,0,265.5,5.585374243605899,1.1300036859280311,0,No,0
265.67,0,265.67,5.586011938921693,1.1316502600115739,0,No,0
265.67,0,265.67,5.586011938921693,1.1316502600115739,0,Yes,1
265.67,0,265.67,5.586011938921693,1.1316502600115739,0,No,0
265.67,0,265.67,5.586011938921693,1.1316502600115739,0,No,0
265.83,0,265.83,5.586611751498252,1.133199976796084,0,No,0
266.0,0,266.0,5.58724865840025,1.1348465508796268,0,Yes,1
266.33,0,266.33,5.5884838502927385,1.1380428417476798,0,No,0
266.67,0,266.67,5.5897548785012345,1.1413359899147653,0,No,0
267.0,0,267.0,5.5909869805108565,1.1445322807828182,0,No,0
267.0,0,267.0,5.5909869805108565,1.1445322807828182,0,No,0
267.17,0,267.17,5.591621107767871,1.146178854866361,0,No,0
267.17,0,267.17,5.591621107767871,1.146178854866361,0,No,0
267.33,0,267.33,5.592217566313047,1.1477285716508714,0,No,0
267.33,0,267.33,5.592217566313047,1.1477285716508714,0,No,0
267.5,0,267.5,5.5928509139489195,1.149375145734414,0,No,0
267.5,0,267.5,5.5928509139489195,1.149375145734414,0,No,0
267.5,0,267.5,5.5928509139489195,1.149375145734414,0,No,0
267.67,0,267.67,5.593483860709444,1.1510217198179566,0,No,0
267.83,0,267.83,5.594079209564238,1.152571436602467,0,Yes,1
267.83,0,267.83,5.594079209564238,1.152571436602467,0,No,0
268.0,0,268.0,5.594711379601839,1.1542180106860098,0,No,0
268.17,0,268.17,5.595343150252951,1.1558645847695523,0,No,0
268.17,0,268.17,5.595343150252951,1.1558645847695523,0,No,0
268.17,0,268.17,5.595343150252951,1.1558645847695523,0,No,0
268.5,0,268.5,5.596568390349052,1.1590608756376055,0,No,0
268.5,0,268.5,5.596568390349052,1.1590608756376055,0,No,0
268.83,0,268.83,5.597792131068768,1.1622571665056585,0,No,0
268.83,0,268.83,5.597792131068768,1.1622571665056585,0,No,0
269.0,0,269.0,5.598421958998375,1.1639037405892012,0,No,0
269.0,0,269.0,5.598421958998375,1.1639037405892012,0,Yes,1
269.33,0,269.33,5.5996434349150555,1.1671000314572542,0,No,0
269.4,0,269.4,5.599902344168809,1.1677780325504774,0,No,0
269.67,0,269.67,5.600900366688672,1.1703931796243396,0,No,0
270.0,0,270.0,5.602118820879701,1.1735894704923926,0,No,0
270.0,0,270.0,5.602118820879701,1.1735894704923926,0,No,0
270.0,0,270.0,5.602118820879701,1.1735894704923926,0,No,0
270.33,0,270.33,5.603335792246684,1.1767857613604455,0,No,0
270.5,0,270.5,5.60396213937399,1.1784323354439883,0,No,0
270.67,0,270.67,5.604588094436128,1.180078909527531,0,Yes,1
271.5,0,271.5,5.607638614103299,1.1881180653471797,0,No,0
271.67,0,271.67,5.608262272798789,1.1897646394307224,0,No,0
272.0,0,272.0,5.60947179518496,1.1929609302987754,0,No,0
272.17,0,272.17,5.610094312003862,1.194607504382318,0,No,0
272.33,0,272.33,5.610679856393877,1.1961572211668285,0,No,0
272.5,0,272.5,5.611301621862036,1.197803795250371,0,No,0
272.67,0,272.67,5.611923000978106,1.1994503693339138,0,No,0
273.0,0,273.0,5.6131281063880705,1.202646660201967,0,No,0
273.17,0,273.17,5.61374835195222,1.2042932342855095,0,No,0
273.33,0,273.33,5.614331761266853,1.20584295107002,0,No,0
273.5,0,273.5,5.614951260949585,1.2074895251535627,0,No,0
273.83,0,273.83,5.616152724695227,1.2106858160216156,0,No,0
273.83,0,273.83,5.616152724695227,1.2106858160216156,0,No,0
273.83,0,273.83,5.616152724695227,1.2106858160216156,0,No,0
274.0,0,274.0,5.616771097666572,1.2123323901051584,0,No,0
274.0,0,274.0,5.616771097666572,1.2123323901051584,0,No,0
274.0,0,274.0,5.616771097666572,1.2123323901051584,0,No,0
274.17,0,274.17,5.617389088489082,1.213978964188701,0,No,0
274.5,0,274.5,5.6185876285929695,1.217175255056754,0,No,0
274.67,0,274.67,5.6192044981809035,1.2188218291402968,0,No,0
274.67,0,274.67,5.6192044981809035,1.2188218291402968,0,No,0
274.83,0,274.83,5.619784733917944,1.220371545924807,0,No,0
275.0,0,275.0,5.62040086571715,1.2220181200083498,0,No,0
275.33,0,275.33,5.621595803668254,1.2252144108764027,0,No,0
275.33,0,275.33,5.621595803668254,1.2252144108764027,0,Yes,1
275.5,0,275.5,5.6222108209623896,1.2268609849599454,0,No,0
275.5,0,275.5,5.6222108209623896,1.2268609849599454,0,No,0
275.67,0,275.67,5.622825460242726,1.2285075590434882,0,No,0
275.67,0,275.67,5.622825460242726,1.2285075590434882,0,No,0
275.67,0,275.67,5.622825460242726,1.2285075590434882,0,No,0
275.83,0,275.83,5.623403599373554,1.2300572758279984,0,No,0
276.0,0,276.0,5.6240175061873385,1.2317038499115411,0,No,0
276.5,0,276.5,5.625820933186489,1.2365467148631368,0,Yes,1
276.67,0,276.67,5.626433358228597,1.2381932889466796,0,No,0
276.67,0,276.67,5.626433358228597,1.2381932889466796,0,Yes,1
276.83,0,276.83,5.627009415850288,1.23974300573119,0,No,0
276.83,0,276.83,5.627009415850288,1.23974300573119,0,No,0
277.0,0,277.0,5.627621113690637,1.2413895798147325,0,No,0
277.0,0,277.0,5.627621113690637,1.2413895798147325,0,No,0
277.17,0,277.17,5.628232437585469,1.2430361538982753,0,No,0
277.17,0,277.17,5.628232437585469,1.2430361538982753,0,No,0
277.17,0,277.17,5.628232437585469,1.2430361538982753,0,No,0
277.5,0,277.5,5.629418059367339,1.2462324447663284,0,No,0
277.83,0,277.83,5.630602277114688,1.2494287356343814,0,No,0
277.83,0,277.83,5.630602277114688,1.2494287356343814,0,No,0
278.33,0,278.33,5.632393878568548,1.254271600585977,0,No,0
278.5,0,278.5,5.633002292595154,1.2559181746695198,0,No,0
278.67,0,278.67,5.633610336679198,1.2575647487530626,0,No,0
278.67,0,278.67,5.633610336679198,1.2575647487530626,0,Yes,1
278.67,0,278.67,5.633610336679198,1.2575647487530626,0,No,0
279.0,0,279.0,5.634789603169249,1.2607610396211155,0,No,0
279.17,0,279.17,5.635396561789737,1.2624076137046583,0,No,0
279.5,0,279.5,5.636573724962751,1.2656039045727112,0,No,0
279.5,0,279.5,5.636573724962751,1.2656039045727112,0,No,0
279.67,0,279.67,5.637179601988253,1.267250478656254,0,No,0
279.67,0,279.67,5.637179601988253,1.267250478656254,0,No,0
280.0,0,280.0,5.638354669333745,1.270446769524307,0,No,0
280.0,0,280.0,5.638354669333745,1.270446769524307,0,No,0
280.17,0,280.17,5.6389594686121916,1.2720933436078496,0,No,0
280.33,0,280.33,5.639528357516423,1.2736430603923599,0,No,0
280.33,0,280.33,5.639528357516423,1.2736430603923599,0,Yes,1
280.5,0,280.5,5.640132447579745,1.2752896344759026,0,No,0
280.5,0,280.5,5.640132447579745,1.2752896344759026,0,No,0
280.67,0,280.67,5.640736172938566,1.2769362085594453,0,Yes,1
280.83,0,280.83,5.64130405227947,1.2784859253439556,0,No,0
281.0,0,281.0,5.641907070938114,1.2801324994274983,0,No,0
281.0,0,281.0,5.641907070938114,1.2801324994274983,0,No,0
281.17,0,281.17,5.642509726184388,1.281779073511041,0,No,0
281.17,0,281.17,5.642509726184388,1.281779073511041,0,No,0
281.17,0,281.17,5.642509726184388,1.281779073511041,0,No,0
281.33,0,281.33,5.643076599538806,1.2833287902955515,0,No,0
281.5,0,281.5,5.643678550586496,1.284975364379094,0,No,0
281.5,0,281.5,5.643678550586496,1.284975364379094,0,Yes,1
281.67,0,281.67,5.644280139507093,1.2866219384626367,0,Yes,1
281.83,0,281.83,5.644846010432891,1.2881716552471472,0,No,0
281.83,0,281.83,5.644846010432891,1.2881716552471472,0,No,0
282.0,0,282.0,5.645446897643238,1.2898182293306897,0,No,0
282.17,0,282.17,5.646047424004963,1.2914648034142324,0,Yes,1
282.17,0,282.17,5.646047424004963,1.2914648034142324,0,No,0
282.17,0,282.17,5.646047424004963,1.2914648034142324,0,Yes,1
282.33,0,282.33,5.646612296041165,1.2930145201987429,0,No,0
282.33,0,282.33,5.646612296041165,1.2930145201987429,0,No,0
282.5,0,282.5,5.647212123167807,1.2946610942822856,0,No,0
282.67,0,282.67,5.64781159071754,1.2963076683658281,0,Yes,1
283.17,0,283.17,5.649572650626043,1.3011505333174238,0,No,0
283.17,0,283.17,5.649572650626043,1.3011505333174238,0,Yes,1
283.5,0,283.5,5.6507332535663855,1.304346824185477,0,No,0
283.67,0,283.67,5.6513306146537765,1.3059933982690197,0,No,0
283.83,0,283.83,5.651892511068912,1.30754311505353,0,No,0
284.17,0,284.17,5.6530854936665405,1.3108362632206154,0,No,0
284.33,0,284.33,5.653646405162403,1.3123859800051256,0,Yes,1
284.4,0,284.4,5.653891705042736,1.313063981098349,0,No,0
284.5,0,284.5,5.654242029096065,1.3140325540886684,0,No,0
284.67,0,284.67,5.654837298473027,1.315679128172211,0,No,0
285.0,0,285.0,5.655991810819852,1.318875419040264,0,No,0
285.0,0,285.0,5.655991810819852,1.318875419040264,0,No,0
285.0,0,285.0,5.655991810819852,1.318875419040264,0,No,0
285.17,0,285.17,5.656586039825227,1.3205219931238068,0,No,0
285.17,0,285.17,5.656586039825227,1.3205219931238068,0,Yes,1
285.17,0,285.17,5.656586039825227,1.3205219931238068,0,No,0
285.17,0,285.17,5.656586039825227,1.3205219931238068,0,No,0
285.33,0,285.33,5.657144991804844,1.322071709908317,0,No,0
285.5,0,285.5,5.6577385361547945,1.3237182839918598,0,No,0
285.67,0,285.67,5.658331728418817,1.3253648580754025,0,No,0
286.0,0,286.0,5.659482215759621,1.3285611489434554,0,No,0
286.17,0,286.17,5.660074374893562,1.3302077230269982,0,No,0
286.33,0,286.33,5.660631381000218,1.3317574398115086,0,No,0
286.5,0,286.5,5.661222860237405,1.3334040138950511,0,Yes,1
286.5,0,286.5,5.661222860237405,1.3334040138950511,0,Yes,1
286.67,0,286.67,5.6618139898337,1.3350505879785939,0,No,0
287.17,0,287.17,5.663550583768322,1.3398934529301896,0,No,0
287.17,0,287.17,5.663550583768322,1.3398934529301896,0,No,0
287.17,0,287.17,5.663550583768322,1.3398934529301896,0,No,0
287.5,0,287.5,5.664695085948154,1.3430897437982428,0,No,0
287.67,0,287.67,5.665284167171766,1.3447363178817853,0,No,0
287.67,0,287.67,5.665284167171766,1.3447363178817853,0,No,0
287.8,0,287.8,5.665734407018671,1.3459954627692001,0,No,0
287.83,0,287.83,5.665838279740057,1.3462860346662957,0,No,0
287.83,0,287.83,5.665838279740057,1.3462860346662957,0,No,0
288.0,0,288.0,5.666426688112432,1.3479326087498384,0,No,0
288.17,0,288.17,5.667014750463987,1.349579182833381,0,No,0
288.33,0,288.33,5.667567905188549,1.3511288996178914,0,No,0
288.33,0,288.33,5.667567905188549,1.3511288996178914,0,No,0
288.5,0,288.5,5.66815529701305,1.3527754737014341,0,No,0
288.5,0,288.5,5.66815529701305,1.3527754737014341,0,No,0
288.67,0,288.67,5.6687423440109335,1.3544220477849769,0,No,0
288.67,0,288.67,5.6687423440109335,1.3544220477849769,0,No,0
289.0,0,289.0,5.66988092298052,1.3576183386530298,0,No,0
289.33,0,289.33,5.671018207062228,1.3608146295210828,0,No,0
289.33,0,289.33,5.671018207062228,1.3608146295210828,0,No,0
289.5,0,289.5,5.671603576291966,1.3624612036046255,0,No,0
289.67,0,289.67,5.672188603065022,1.3641077776881683,0,No,0
289.83,0,289.83,5.672738904024739,1.3656574944726785,0,No,0
290.17,0,290.17,5.6739072890373805,1.368950642639764,0,Yes,1
290.33,0,290.33,5.674456645274372,1.3705003594242742,0,No,0
290.5,0,290.5,5.675040005790547,1.372146933507817,0,No,0
290.67,0,290.67,5.675623026195628,1.3737935075913597,0,No,0
291.0,0,291.0,5.676753802268282,1.3769897984594126,0,No,0
291.33,0,291.33,5.677883301130512,1.3801860893274658,0,No,0
291.34,0,291.34,5.677917508461147,1.3802829466264974,0,No,0
291.5,0,291.5,5.678464666671911,1.3818326634110083,0,No,0
291.5,0,291.5,5.678464666671911,1.3818326634110083,0,No,0
291.67,0,291.67,5.679045694423787,1.383479237494551,0,No,0
291.83,0,291.83,5.679592235854983,1.3850289542790615,0,No,0
292.17,0,292.17,5.68075264554151,1.3883221024461467,0,No,0
292.17,0,292.17,5.68075264554151,1.3883221024461467,0,No,0
292.17,0,292.17,5.68075264554151,1.3883221024461467,0,Yes,1
292.5,0,292.5,5.681877639268151,1.3915183933142,0,No,0
292.5,0,292.5,5.681877639268151,1.3915183933142,0,No,0
292.5,0,292.5,5.681877639268151,1.3915183933142,0,No,0
292.83,0,292.83,5.683001368805979,1.3947146841822529,0,No,0
292.83,0,292.83,5.683001368805979,1.3947146841822529,0,No,0
293.0,0,293.0,5.683579767338681,1.3963612582657956,0,No,0
293.0,0,293.0,5.683579767338681,1.3963612582657956,0,No,0
293.0,0,293.0,5.683579767338681,1.3963612582657956,0,No,0
293.17,0,293.17,5.684157831519901,1.3980078323493383,0,No,0
293.17,0,293.17,5.684157831519901,1.3980078323493383,0,No,0
293.17,0,293.17,5.684157831519901,1.3980078323493383,0,No,0
293.5,0,293.5,5.685279003091641,1.4012041232173913,0,No,0
293.5,0,293.5,5.685279003091641,1.4012041232173913,0,No,0
293.67,0,293.67,5.685856086122746,1.402850697300934,0,No,0
293.83,0,293.83,5.68639891904532,1.4044004140854442,0,No,0
294.0,0,294.0,5.68697535633982,1.406046988168987,0,No,0
294.0,0,294.0,5.68697535633982,1.406046988168987,0,No,0
294.17,0,294.17,5.687551461545784,1.4076935622525297,0,No,0
294.67,0,294.67,5.689243967535078,1.4125364272041254,0,No,0
294.67,0,294.67,5.689243967535078,1.4125364272041254,0,No,0
295.0,0,295.0,5.69035945432406,1.4157327180721784,0,No,0
295.0,0,295.0,5.69035945432406,1.4157327180721784,0,No,0
295.17,0,295.17,5.69093361378729,1.4173792921557211,0,Yes,1
295.17,0,295.17,5.69093361378729,1.4173792921557211,0,No,0
295.17,0,295.17,5.69093361378729,1.4173792921557211,0,Yes,1
295.33,0,295.33,5.691473698188603,1.4189290089402313,0,No,0
295.33,0,295.33,5.691473698188603,1.4189290089402313,0,No,0
295.33,0,295.33,5.691473698188603,1.4189290089402313,0,No,0
295.5,0,295.5,5.69204721843778,1.420575583023774,0,No,0
295.67,0,295.67,5.692620409950009,1.4222221571073168,0,No,0
295.67,0,295.67,5.692620409950009,1.4222221571073168,0,No,0
295.67,0,295.67,5.692620409950009,1.4222221571073168,0,No,0
295.83,0,295.83,5.693159584352287,1.4237718738918272,0,No,0
296.5,0,296.5,5.695414224985685,1.4302613129269655,0,No,0
296.6,0,296.6,5.6957503029589365,1.431229885917285,0,No,0
296.67,0,296.67,5.695985490353976,1.4319078870105082,0,No,0
296.83,0,296.83,5.696522853926941,1.4334576037950186,0,Yes,1
296.83,0,296.83,5.696522853926941,1.4334576037950186,0,No,0
296.83,0,296.83,5.696522853926941,1.4334576037950186,0,No,0
297.33,0,297.33,5.698200256359968,1.4383004687466143,0,No,0
297.33,0,297.33,5.698200256359968,1.4383004687466143,0,Yes,1
298.0,0,298.0,5.700443573390687,1.4447899077817528,0,No,0
298.0,0,298.0,5.700443573390687,1.4447899077817528,0,No,0
298.0,0,298.0,5.700443573390687,1.4447899077817528,0,No,0
298.0,0,298.0,5.700443573390687,1.4447899077817528,0,No,0
298.17,0,298.17,5.701011973693533,1.4464364818652955,0,No,0
298.17,0,298.17,5.701011973693533,1.4464364818652955,0,No,0
298.17,0,298.17,5.701011973693533,1.4464364818652955,0,No,0
298.17,0,298.17,5.701011973693533,1.4464364818652955,0,No,0
298.17,0,298.17,5.701011973693533,1.4464364818652955,0,No,0
298.5,0,298.5,5.702114417555504,1.4496327727333485,0,No,0
298.5,0,298.5,5.702114417555504,1.4496327727333485,0,No,0
298.67,0,298.67,5.702681869212168,1.4512793468168912,0,No,0
299.17,0,299.17,5.704348980827941,1.4561222117684869,0,No,0
299.17,0,299.17,5.704348980827941,1.4561222117684869,0,No,0
299.33,0,299.33,5.704881870099502,1.457671928552997,0,No,0
299.33,0,299.33,5.704881870099502,1.457671928552997,0,No,0
299.33,0,299.33,5.704881870099502,1.457671928552997,0,No,0
299.67,0,299.67,5.70601331780756,1.4609650767200826,0,No,0
299.67,0,299.67,5.70601331780756,1.4609650767200826,0,No,0
299.83,0,299.83,5.706545321145129,1.4625147935045928,0,No,0
300.0,0,300.0,5.707110264748875,1.4641613675881355,0,Yes,1
300.17,0,300.17,5.707674889371545,1.4658079416716783,0,No,0
300.33,0,300.33,5.708206009715981,1.4673576584561885,0,No,0
300.67,0,300.67,5.709333704694526,1.470650806623274,0,No,0
300.83,0,300.83,5.709863944972069,1.4722005234077844,0,No,0
301.0,0,301.0,5.71042701737487,1.473847097491327,0,No,0
301.33,0,301.33,5.711519136027923,1.47704338835938,0,No,0
302.5,0,302.5,5.715381610499553,1.4883756923461142,0,No,0
302.5,0,302.5,5.715381610499553,1.4883756923461142,0,No,0
302.67,0,302.67,5.715941585480011,1.4900222664296567,0,Yes,1
302.83,0,302.83,5.716468334463384,1.4915719832141672,0,Yes,1
303.0,0,303.0,5.717027701406222,1.49321855729771,0,No,0
303.17,0,303.17,5.717586755632598,1.4948651313812527,0,No,0
303.33,0,303.33,5.718112638964356,1.4964148481657629,0,No,0
303.5,0,303.5,5.718671087149952,1.4980614222493056,0,No,0
303.5,0,303.5,5.718671087149952,1.4980614222493056,0,No,0
303.67,0,303.67,5.719229223645226,1.4997079963328483,0,No,0
303.67,0,303.67,5.719229223645226,1.4997079963328483,0,No,0
304.0,0,304.0,5.720311776607412,1.5029042872009013,0,No,0
304.17,0,304.17,5.7208689983797,1.504550861284444,0,Yes,1
304.17,0,304.17,5.7208689983797,1.504550861284444,0,No,0
304.67,0,304.67,5.7225060886543035,1.5093937262360397,0,No,0
305.0,0,305.0,5.723585101952381,1.5125900171040927,0,No,0
305.17,0,305.17,5.72414050324408,1.5142365911876354,0,No,0
305.67,0,305.67,5.72577225088112,1.5190794561392311,0,No,0
305.67,0,305.67,5.72577225088112,1.5190794561392311,0,No,0
305.67,0,305.67,5.72577225088112,1.5190794561392311,0,No,0
305.83,0,305.83,5.726293848284959,1.5206291729237416,0,No,0
305.83,0,305.83,5.726293848284959,1.5206291729237416,0,No,0
306.0,0,306.0,5.726847747587197,1.522275747007284,0,Yes,1
306.0,0,306.0,5.726847747587197,1.522275747007284,0,No,0
306.0,0,306.0,5.726847747587197,1.522275747007284,0,No,0
306.33,0,306.33,5.727922088842681,1.5254720378753373,0,No,0
306.5,0,306.5,5.728475087246572,1.5271186119588798,0,No,0
306.83,0,306.83,5.729547682542227,1.530314902826933,0,No,0
307.17,0,307.17,5.730651578758223,1.5336080509940182,0,No,0
307.17,0,307.17,5.730651578758223,1.5336080509940182,0,No,0
307.17,0,307.17,5.730651578758223,1.5336080509940182,0,No,0
307.33,0,307.33,5.731170637975067,1.5351577677785286,0,No,0
307.33,0,307.33,5.731170637975067,1.5351577677785286,0,No,0
307.5,0,307.5,5.731721843345443,1.5368043418620714,0,No,0
307.83,0,307.83,5.732790963690908,1.5400006327301243,0,No,0
308.0,0,308.0,5.733341276897746,1.541647206813667,0,No,0
308.0,0,308.0,5.733341276897746,1.541647206813667,0,No,0
308.17,0,308.17,5.733891287426518,1.5432937808972098,0,No,0
308.33,0,308.33,5.734408668197962,1.54484349768172,0,No,0
308.33,0,308.33,5.734408668197962,1.54484349768172,0,No,0
308.5,0,308.5,5.734958092124651,1.5464900717652628,0,No,0
308.5,0,308.5,5.734958092124651,1.5464900717652628,0,No,0
308.67,0,308.67,5.735507214350442,1.5481366458488055,0,Yes,1
308.67,0,308.67,5.735507214350442,1.5481366458488055,0,No,0
309.0,0,309.0,5.736572297479192,1.5513329367168585,0,No,0
309.0,0,309.0,5.736572297479192,1.5513329367168585,0,No,0
309.17,0,309.17,5.737120534266712,1.5529795108004012,0,No,0
309.17,0,309.17,5.737120534266712,1.5529795108004012,0,No,0
309.33,0,309.33,5.73763624741271,1.5545292275849114,0,No,0
309.67,0,309.67,5.738731255573653,1.557822375751997,0,No,0
309.83,0,309.83,5.73924613893177,1.559372092536507,0,No,0
310.17,0,310.17,5.740339386629081,1.5626652407035926,0,No,0
310.17,0,310.17,5.740339386629081,1.5626652407035926,0,No,0
310.33,0,310.33,5.7408534428653,1.5642149574881028,0,No,0
310.33,0,310.33,5.7408534428653,1.5642149574881028,0,Yes,1
310.6,0,310.6,5.741720313996593,1.566830104561965,0,No,0
310.83,0,310.83,5.742458167518031,1.5690578224396987,0,Yes,1
310.83,0,310.83,5.742458167518031,1.5690578224396987,0,No,0
311.0,0,311.0,5.7430031878094825,1.5707043965232412,0,No,0
311.0,0,311.0,5.7430031878094825,1.5707043965232412,0,No,0
311.17,0,311.17,5.743547911215617,1.572350970606784,0,No,0
311.17,0,311.17,5.743547911215617,1.572350970606784,0,No,0
311.33,0,311.33,5.744060321154771,1.5739006873912944,0,Yes,1
311.67,0,311.67,5.745148321262097,1.5771938355583797,0,No,0
312.0,0,312.0,5.746203190540153,1.5803901264264328,0,No,0
312.17,0,312.17,5.746746174088317,1.5820367005099754,0,No,0
312.17,0,312.17,5.746746174088317,1.5820367005099754,0,No,0
312.33,0,312.33,5.74725694824148,1.5835864172944858,0,No,0
312.5,0,312.5,5.7477993600729755,1.5852329913780285,0,No,0
312.5,0,312.5,5.7477993600729755,1.5852329913780285,0,No,0
312.67,0,312.67,5.748341477853365,1.5868795654615713,0,No,0
312.67,0,312.67,5.748341477853365,1.5868795654615713,0,No,0
313.0,0,313.0,5.749392985908253,1.5900758563296242,0,No,0
313.0,0,313.0,5.749392985908253,1.5900758563296242,0,No,0
313.17,0,313.17,5.749934240677345,1.591722430413167,0,No,0
313.17,0,313.17,5.749934240677345,1.591722430413167,0,No,0
313.83,0,313.83,5.752032810604912,1.5981150121492729,0,No,0
313.83,0,313.83,5.752032810604912,1.5981150121492729,0,Yes,1
313.83,0,313.83,5.752032810604912,1.5981150121492729,0,No,0
314.0,0,314.0,5.752572638825633,1.5997615862328156,0,No,0
314.0,0,314.0,5.752572638825633,1.5997615862328156,0,No,0
314.17,0,314.17,5.753112175789068,1.6014081603163584,0,No,0
314.17,0,314.17,5.753112175789068,1.6014081603163584,0,No,0
314.17,0,314.17,5.753112175789068,1.6014081603163584,0,Yes,1
314.5,0,314.5,5.754158681981268,1.6046044511844113,0,Yes,1
314.83,0,314.83,5.7552040941430676,1.6078007420524643,0,No,0
314.83,0,314.83,5.7552040941430676,1.6078007420524643,0,Yes,1
315.17,0,315.17,5.756280043613955,1.6110938902195497,0,No,0
315.17,0,315.17,5.756280043613955,1.6110938902195497,0,No,0
315.5,0,315.5,5.757323241584231,1.6142901810876027,0,No,0
316.0,0,316.0,5.75890177387728,1.6191330460391984,0,No,0
316.17,0,316.17,5.75943790773436,1.6207796201227411,0,No,0
316.25,0,316.25,5.759690106594497,1.6215544785149962,0,No,0
316.33,0,316.33,5.759942241866406,1.6223293369072516,0,Yes,1
316.67,0,316.67,5.761013108110473,1.6256224850743368,0,No,0
316.83,0,316.83,5.761516648640389,1.6271722018588473,0,No,0
316.83,0,316.83,5.761516648640389,1.6271722018588473,0,Yes,1
317.33,0,317.33,5.7630885805536085,1.632015066810443,0,No,0
317.33,0,317.33,5.7630885805536085,1.632015066810443,0,No,0
317.5,0,317.5,5.763622475012218,1.6336616408939857,0,Yes,1
317.5,0,317.5,5.763622475012218,1.6336616408939857,0,No,0
317.5,0,317.5,5.763622475012218,1.6336616408939857,0,No,0
317.67,0,317.67,5.764156084579629,1.6353082149775284,0,No,0
317.83,0,317.83,5.764658045374483,1.6368579317620386,0,No,0
318.0,0,318.0,5.765191102784844,1.6385045058455814,0,No,0
318.0,0,318.0,5.765191102784844,1.6385045058455814,0,No,0
318.33,0,318.33,5.766225050834909,1.6417007967136343,0,No,0
318.33,0,318.33,5.766225050834909,1.6417007967136343,0,No,0
318.5,0,318.5,5.766757273817589,1.643347370797177,0,No,0
318.5,0,318.5,5.766757273817589,1.643347370797177,0,No,0
318.5,0,318.5,5.766757273817589,1.643347370797177,0,No,0
318.67,0,318.67,5.767289213689638,1.6449939448807198,0,No,0
318.67,0,318.67,5.767289213689638,1.6449939448807198,0,No,0
318.67,0,318.67,5.767289213689638,1.6449939448807198,0,No,0
319.0,0,319.0,5.768320995793772,1.6481902357487728,0,No,0
319.67,0,319.67,5.770412556953964,1.6546796747839112,0,No,0
319.67,0,319.67,5.770412556953964,1.6546796747839112,0,No,0
319.83,0,319.83,5.770911387829468,1.6562293915684214,0,Yes,1
320.0,0,320.0,5.771441123130016,1.6578759656519642,0,No,0
320.17,0,320.17,5.771970577959644,1.659522539735507,0,No,0
321.0,0,321.0,5.7745515455444085,1.6675616955551555,0,No,0
322.5,0,322.5,5.7791991139409555,1.6820902904099428,0,No,0
322.67,0,322.67,5.779724478231358,1.6837368644934856,0,No,0
323.0,0,323.0,5.780743515792329,1.6869331553615385,0,No,0
323.17,0,323.17,5.781268069547974,1.6885797294450813,0,No,0
323.17,0,323.17,5.781268069547974,1.6885797294450813,0,No,0
323.2,0,323.2,5.781360609301576,1.6888703013421766,0,No,0
323.33,0,323.33,5.781761515972789,1.6901294462295915,0,No,0
323.5,0,323.5,5.782285536144145,1.6917760203131342,0,No,0
323.5,0,323.5,5.782285536144145,1.6917760203131342,0,No,0
323.67,0,323.67,5.782809281862172,1.693422594396677,0,Yes,1
324.0,0,324.0,5.783825182329737,1.69661888526473,0,No,0
324.0,0,324.0,5.783825182329737,1.69661888526473,0,No,0
324.17,0,324.17,5.784348122495769,1.6982654593482727,0,No,0
324.17,0,324.17,5.784348122495769,1.6982654593482727,0,No,0
324.33,0,324.33,5.784840051790853,1.6998151761327829,0,No,0
324.67,0,324.67,5.785884598736826,1.7031083242998684,0,No,0
325.17,0,325.17,5.787418717839867,1.707951189251464,0,No,0
325.33,0,325.33,5.787909139305635,1.7095009060359745,0,No,0
326.0,0,326.0,5.7899601708972535,1.7159903450711127,0,No,0
326.17,0,326.17,5.790479913483513,1.7176369191546554,0,No,0
326.17,0,326.17,5.790479913483513,1.7176369191546554,0,No,0
326.5,0,326.5,5.791488055075306,1.7208332100227086,0,No,0
326.5,0,326.5,5.791488055075306,1.7208332100227086,0,No,0
327.33,0,327.33,5.79401920016818,1.7288723658423573,0,No,0
328.33,0,328.33,5.797060287571046,1.7385580957455486,0,No,0
328.5,0,328.5,5.797576353942562,1.7402046698290914,0,No,0
328.83,0,328.83,5.7985773702092445,1.7434009606971443,0,No,0
329.17,0,329.17,5.799607673330689,1.7466941088642298,0,No,0
329.5,0,329.5,5.800606659291741,1.7498903997322828,0,No,0
330.17,0,330.17,5.80263183869837,1.7563798387674212,0,No,0
331.0,0,331.0,5.805134968916488,1.76441899458707,0,No,0
331.0,0,331.0,5.805134968916488,1.76441899458707,0,No,0
331.33,0,331.33,5.806128451153156,1.767615285455123,0,No,0
331.5,0,331.5,5.806639860095909,1.7692618595386658,0,No,0
331.67,0,331.67,5.807151007633235,1.7709084336222083,0,Yes,1
332.0,0,332.0,5.808142489980444,1.7741047244902615,0,No,0
332.33,0,332.33,5.809132990264027,1.7773010153583144,0,Yes,1
332.5,0,332.5,5.809642865355678,1.7789475894418572,0,No,0
332.83,0,332.83,5.810631881365446,1.7821438803099101,0,No,0
332.83,0,332.83,5.810631881365446,1.7821438803099101,0,No,0
333.0,0,333.0,5.811140992976701,1.7837904543934529,0,No,0
333.17,0,333.17,5.811649845525208,1.7854370284769956,0,No,0
333.5,0,333.5,5.8126368795682835,1.7886333193450485,0,No,0
333.5,0,333.5,5.8126368795682835,1.7886333193450485,0,No,0
333.67,0,333.67,5.813144971693325,1.7902798934285913,0,No,0
334.0,0,334.0,5.814130531825066,1.7934761842966442,0,No,0
334.5,0,334.5,5.815621956411737,1.79831904924824,0,No,0
334.67,0,334.67,5.816128534487739,1.7999656233317827,0,No,0
334.67,0,334.67,5.816128534487739,1.7999656233317827,0,Yes,1
334.67,0,334.67,5.816128534487739,1.7999656233317827,0,No,0
334.67,0,334.67,5.816128534487739,1.7999656233317827,0,No,0
335.0,0,335.0,5.817111159963204,1.8031619141998356,0,No,0
335.0,0,335.0,5.817111159963204,1.8031619141998356,0,No,0
335.17,0,335.17,5.817616984393407,1.8048084882833784,0,Yes,1
335.33,0,335.33,5.818092820833612,1.8063582050678888,0,No,0
336.0,0,336.0,5.820082930352362,1.8128476441030272,0,No,0
336.0,0,336.0,5.820082930352362,1.8128476441030272,0,No,0
336.17,0,336.17,5.820587254198285,1.8144942181865698,0,No,0
336.17,0,336.17,5.820587254198285,1.8144942181865698,0,No,0
336.33,0,336.33,5.8210616797075545,1.8160439349710802,0,No,0
336.5,0,336.5,5.821565510312585,1.817690509054623,0,No,0
336.67,0,336.67,5.822069087200161,1.8193370831381654,0,No,0
337.0,0,337.0,5.823045895483019,1.8225333740062186,0,No,0
337.5,0,337.5,5.82452409235233,1.8273762389578143,0,No,0
338.17,0,338.17,5.826501456610174,1.8338656779929527,0,No,0
338.33,0,338.33,5.8269730852113995,1.835415394777463,0,No,0
338.67,0,338.67,5.827974558049152,1.8387085429445484,0,No,0
339.17,0,339.17,5.829445492651858,1.8435514078961441,0,No,0
339.17,0,339.17,5.829445492651858,1.8435514078961441,0,No,0
339.17,0,339.17,5.829445492651858,1.8435514078961441,0,No,0
339.5,0,339.5,5.830415125589567,1.846747698764197,0,No,0
339.83,0,339.83,5.831383819249923,1.8499439896322503,0,No,0
340.0,0,340.0,5.831882477283517,1.8515905637157928,0,No,0
340.33,0,340.33,5.832849751258659,1.854786854583846,0,No,0
340.33,0,340.33,5.832849751258659,1.854786854583846,0,No,0
340.5,0,340.5,5.833347679010845,1.8564334286673885,0,No,0
340.67,0,340.67,5.8338453589543695,1.8580800027509312,0,No,0
341.0,0,341.0,5.834810737062605,1.8612762936189844,0,No,0
342.0,0,342.0,5.8377304471659395,1.8709620235221758,0,No,0
342.0,0,342.0,5.8377304471659395,1.8709620235221758,0,No,0
342.33,0,342.33,5.838692083770577,1.8741583143902287,0,No,0
342.33,0,342.33,5.838692083770577,1.8741583143902287,0,No,0
342.5,0,342.5,5.839187111662404,1.8758048884737715,0,No,0
342.5,0,342.5,5.839187111662404,1.8758048884737715,0,No,0
342.67,0,342.67,5.83968189462286,1.8774514625573142,0,No,0
342.83,0,342.83,5.840147349176718,1.8790011793418244,0,No,0
343.67,0,343.67,5.842587437533383,1.8871371924605056,0,No,0
343.83,0,343.83,5.843051541965209,1.8886869092450158,0,No,0
344.33,0,344.33,5.84450048159508,1.8935297741966115,0,No,0
344.5,0,344.5,5.844992643207725,1.8951763482801542,0,No,0
344.83,0,344.83,5.845947324836075,1.8983726391482074,0,No,0
345.0,0,345.0,5.846438775057725,1.90001921323175,0,No,0
345.17,0,345.17,5.846929983874686,1.9016657873152927,0,Yes,1
345.33,0,345.33,5.847392077745725,1.9032155040998031,0,No,0
345.33,0,345.33,5.847392077745725,1.9032155040998031,0,No,0
346.33,0,346.33,5.850275336670169,1.9129012340029945,0,No,0
346.33,0,346.33,5.850275336670169,1.9129012340029945,0,No,0
346.33,0,346.33,5.850275336670169,1.9129012340029945,0,No,0
346.5,0,346.5,5.850764665004847,1.9145478080865372,0,Yes,1
346.67,0,346.67,5.851253754014409,1.91619438217008,0,Yes,1
346.83,0,346.83,5.851713854669542,1.9177440989545902,0,No,0
347.0,0,347.0,5.8522024797744745,1.919390673038133,0,No,0
347.0,0,347.0,5.8522024797744745,1.919390673038133,0,No,0
347.17,0,347.17,5.852690866241513,1.9210372471216757,0,No,0
347.33,0,347.33,5.8531503063070245,1.9225869639061859,0,No,0
347.5,0,347.5,5.853638230200579,1.9242335379897286,0,No,0
347.5,0,347.5,5.853638230200579,1.9242335379897286,0,No,0
347.67,0,347.67,5.8541259161405055,1.9258801120732714,0,No,0
348.17,0,348.17,5.855558909621995,1.930722977024867,0,No,0
348.33,0,348.33,5.85601703418262,1.9322726938093773,0,No,0
349.0,0,349.0,5.857933154483459,1.9387621328445157,0,No,0
349.4,0,349.4,5.859075359062237,1.9426364248057921,0,No,0
349.5,0,349.5,5.859360706474645,1.9436049977961114,0,No,0
350.17,0,350.17,5.861270436700044,1.9500944368312498,0,No,0
350.67,0,350.67,5.862693235870121,1.9549373017828455,0,No,0
351.17,0,351.17,5.864114013558541,1.9597801667344412,0,No,0
351.83,0,351.83,5.865986354531055,1.9661727484705473,0,No,0
352.0,0,352.0,5.8664680569332965,1.96781932255409,0,No,0
352.17,0,352.17,5.866949527410049,1.9694658966376328,0,No,0
352.83,0,352.83,5.868816571799645,1.9758584783737387,0,No,0
353.0,0,353.0,5.869296913133774,1.9775050524572815,0,No,0
353.17,0,353.17,5.869777023850878,1.9791516265408242,0,No,0
353.5,0,353.5,5.870708345972182,1.9823479174088772,0,No,0
353.67,0,353.67,5.871187779685555,1.98399449149242,0,No,0
354.17,0,354.17,5.872596548091654,1.9888373564440156,0,No,0
354.5,0,354.5,5.873525249243295,1.9920336473120686,0,No,0
354.5,0,354.5,5.873525249243295,1.9920336473120686,0,No,0
354.67,0,354.67,5.874003334660954,1.9936802213956113,0,No,0
354.67,0,354.67,5.874003334660954,1.9936802213956113,0,No,0
354.67,0,354.67,5.874003334660954,1.9936802213956113,0,No,0
355.17,0,355.17,5.875408144961664,1.998523086347207,0,No,0
355.33,0,355.33,5.875857267776231,2.0000728031317174,0,No,0
355.67,0,355.67,5.876810984538563,2.003365951298803,0,No,0
355.83,0,355.83,5.8772594778887575,2.004915668083313,0,No,0
356.5,0,356.5,5.879135362134062,2.0114051071184513,0,No,0
356.5,0,356.5,5.879135362134062,2.0114051071184513,0,No,0
356.83,0,356.83,5.88005801328363,2.0146013979865045,0,No,0
357.5,0,357.5,5.881928660039675,2.0210908370216427,0,No,0
357.83,0,357.83,5.882848738729483,2.024287127889696,0,No,0
358.33,0,358.33,5.884241186319959,2.0291299928412916,0,No,0
358.5,0,358.5,5.884714177161102,2.0307765669248345,0,No,0
358.5,0,358.5,5.884714177161102,2.0307765669248345,0,No,0
358.83,0,358.83,5.885631697695906,2.0339728577928873,0,No,0
359.17,0,359.17,5.8865761422105525,2.0372660059599728,0,No,0
359.67,0,359.67,5.887963412839786,2.0421088709115685,0,No,0
360.17,0,360.17,5.889348761615045,2.046951735863164,0,No,0
360.83,0,360.83,5.891174488263261,2.05334431759927,0,No,0
360.83,0,360.83,5.891174488263261,2.05334431759927,0,Yes,1
361.0,0,361.0,5.8916442118257715,2.054990891682813,0,Yes,1
361.0,0,361.0,5.8916442118257715,2.054990891682813,0,No,0
361.17,0,361.17,5.892113714851643,2.0566374657663555,0,Yes,1
361.83,0,361.83,5.893934405009768,2.063030047502462,0,No,0
362.33,0,362.33,5.895311512201069,2.0678729124540576,0,No,0
362.5,0,362.5,5.895779296973574,2.0695194865376,0,No,0
362.67,0,362.67,5.896246863025796,2.0711660606211426,0,No,0
362.83,0,362.83,5.896686725575843,2.0727157774056533,0,No,0
363.5,0,363.5,5.898526551448713,2.0792052164407915,0,No,0
363.5,0,363.5,5.898526551448713,2.0792052164407915,0,No,0
363.83,0,363.83,5.8994314916610175,2.0824015073088447,0,Yes,1
363.83,0,363.83,5.8994314916610175,2.0824015073088447,0,No,0
364.17,0,364.17,5.900362998577689,2.08569465547593,0,No,0
364.33,0,364.33,5.9008010547106355,2.0872443722604404,0,No,0
364.5,0,364.5,5.901266279189834,2.088890946343983,0,No,0
364.83,0,364.83,5.902168744622394,2.092087237212036,0,No,0
365.33,0,365.33,5.9035345665130405,2.0969301021636317,0,No,0
365.5,0,365.5,5.903998521326706,2.0985766762471743,0,Yes,1
366.0,0,366.0,5.905361848054571,2.10341954119877,0,No,0
366.17,0,366.17,5.905824956062357,2.105066115282313,0,No,0
366.33,0,366.33,5.906260626593414,2.106615832066823,0,No,0
366.33,0,366.33,5.906260626593414,2.106615832066823,0,No,0
366.67,0,366.67,5.907185796727432,2.1099089802339086,0,No,0
366.83,0,366.83,5.907620874912405,2.111458697018419,0,No,0
366.83,0,366.83,5.907620874912405,2.111458697018419,0,No,0
367.33,0,367.33,5.908979275469038,2.1163015619700145,0,No,0
368.0,0,368.0,5.910796644040527,2.122791001005153,0,Yes,1
368.33,0,368.33,5.911690553327634,2.125987291873206,0,No,0
368.5,0,368.5,5.912150740388256,2.127633865956749,0,No,0
368.83,0,368.83,5.913043440594971,2.1308301568248016,0,Yes,1
369.0,0,369.0,5.91350300563827,2.1324767309083446,0,No,0
369.33,0,369.33,5.914394500030922,2.1356730217763973,0,No,0
369.5,0,369.5,5.914853444736141,2.1373195958599402,0,No,0
369.83,0,369.83,5.915743736567841,2.140515886727993,0,No,0
370.67,0,370.67,5.918006363795757,2.148651899846674,0,No,0
370.83,0,370.83,5.9184367605744255,2.1502016166311844,0,Yes,1
370.83,0,370.83,5.9184367605744255,2.1502016166311844,0,No,0
371.0,0,371.0,5.918893854273146,2.1518481907147273,0,No,0
371.33,0,371.33,5.919780557809539,2.1550444815827805,0,No,0
371.5,0,371.5,5.920237037819614,2.156691055666323,0,No,0
371.67,0,371.67,5.920693309550761,2.1583376297498655,0,No,0
372.0,0,372.0,5.921578419643816,2.1615339206179187,0,No,0
372.17,0,372.17,5.922034079889983,2.1631804947014612,0,No,0
372.33,0,372.33,5.922462747009742,2.164730211485972,0,No,0
372.33,0,372.33,5.922462747009742,2.164730211485972,0,No,0
372.67,0,372.67,5.923373054970863,2.168023359653057,0,No,0
372.83,0,372.83,5.923801148622886,2.1695730764375676,0,No,0
373.0,0,373.0,5.924255797414532,2.17121965052111,0,No,0
373.33,0,373.33,5.925137761311185,2.1744159413891633,1,No,0
373.33,0,373.33,5.925137761311185,2.1744159413891633,1,No,0
373.5,0,373.5,5.925591802957274,2.176062515472706,1,No,0
373.67,0,373.67,5.926045638543103,2.1777090895562488,1,No,0
373.83,0,373.83,5.926472589850456,2.179258806340759,1,No,0
374.0,0,374.0,5.926926025970411,2.1809053804243015,1,No,0
374.5,0,374.5,5.928258471204189,2.185748245375897,1,No,0
374.5,0,374.5,5.928258471204189,2.185748245375897,1,No,0
375.0,0,375.0,5.929589143389895,2.190591110327493,1,No,0
375.67,0,375.67,5.931369472556642,2.1970805493626315,1,No,0
375.83,0,375.83,5.931794157367271,2.1986302661471417,1,No,0
376.33,0,376.33,5.933120136133738,2.2034731310987374,1,Yes,1
376.5,0,376.5,5.933570568689079,2.20511970518228,1,No,0
376.67,0,376.67,5.934020798446277,2.206766279265823,1,No,0
376.67,0,376.67,5.934020798446277,2.206766279265823,1,No,0
377.33,0,377.33,5.935766830635893,2.213158861001929,1,No,0
377.5,0,377.5,5.936216072877503,2.214805435085472,1,No,0
377.67,0,377.67,5.936665113391144,2.2164520091690143,1,No,0
377.67,0,377.67,5.936665113391144,2.2164520091690143,1,No,0
377.83,0,377.83,5.937087555641651,2.2180017259535245,1,No,0
378.0,0,378.0,5.937536205082426,2.2196483000370675,1,No,0
378.0,0,378.0,5.937536205082426,2.2196483000370675,1,No,0
379.0,0,379.0,5.940171252720432,2.229334029940259,1,No,0
379.0,0,379.0,5.940171252720432,2.229334029940259,1,No,0
379.33,0,379.33,5.941039296913667,2.2325303208083116,1,No,0
379.5,0,379.5,5.941486177301741,2.2341768948918546,1,No,0
379.83,0,379.83,5.942353081326715,2.2373731857599073,1,No,0
379.83,0,379.83,5.942353081326715,2.2373731857599073,1,No,0
380.33,0,380.33,5.943665141974687,2.242216050711503,1,No,0
380.33,0,380.33,5.943665141974687,2.242216050711503,1,No,0
380.33,0,380.33,5.943665141974687,2.242216050711503,1,No,0
381.0,0,381.0,5.945420608606575,2.2487054897466416,1,Yes,1
381.0,0,381.0,5.945420608606575,2.2487054897466416,1,No,0
381.17,0,381.17,5.945865535789805,2.250352063830184,1,No,0
381.17,0,381.17,5.945865535789805,2.250352063830184,1,No,0
381.33,0,381.33,5.94628411002744,2.251901780614695,1,No,0
381.33,0,381.33,5.94628411002744,2.251901780614695,1,No,0
382.0,0,382.0,5.948034989180646,2.258391219649833,1,No,0
382.4,0,382.4,5.949078830611544,2.2622655116111092,1,No,0
382.5,0,382.5,5.949339620807311,2.2632340846014287,1,No,0
382.67,0,382.67,5.949782808113339,2.2648806586849712,1,No,0
383.0,0,383.0,5.950642552587727,2.2680769495530244,1,No,0
383.0,0,383.0,5.950642552587727,2.2680769495530244,1,No,0
383.67,0,383.67,5.952385823873655,2.274566388588163,1,No,0
383.83,0,383.83,5.95280167833059,2.2761161053726733,1,No,0
384.17,0,384.17,5.953684795271102,2.2794092535397588,1,No,0
384.67,0,384.67,5.9549820815305665,2.2842521184913545,1,No,0
384.83,0,384.83,5.955396857946105,2.2858018352758647,1,No,0
384.83,0,384.83,5.955396857946105,2.2858018352758647,1,No,0
385.33,0,385.33,5.956691926506723,2.2906447002274604,1,No,0
385.5,0,385.5,5.957131868027477,2.292291274311003,1,No,0
385.67,0,385.67,5.957571616084798,2.293937848394546,1,No,0
385.83,0,385.83,5.957985320033814,2.295487565179056,1,No,0
386.17,0,386.17,5.9588638730619,2.2987807133461415,1,No,0
386.67,0,386.67,5.960154462265867,2.3036235782977372,1,No,0
387.0,0,387.0,5.961005339623274,2.3068198691657904,1,No,0
387.0,0,387.0,5.961005339623274,2.3068198691657904,1,No,0
387.5,0,387.5,5.962293169807702,2.311662734117386,1,No,0
387.5,0,387.5,5.962293169807702,2.311662734117386,1,No,0
388.67,0,388.67,5.965300227087302,2.32299503810412,1,No,0
388.83,0,388.83,5.965710746656891,2.32454475488863,1,No,0
389.17,0,389.17,5.966582541583901,2.3278379030557157,1,No,0
389.17,0,389.17,5.966582541583901,2.3278379030557157,1,No,0
389.5,0,389.5,5.967427969279741,2.331034193923769,1,No,0
389.67,0,389.67,5.967863213855655,2.3326807680073114,1,No,0
389.83,0,389.83,5.968272682831306,2.3342304847918216,1,No,0
390.17,0,390.17,5.96914224810349,2.337523632958907,1,No,0
390.5,0,390.5,5.969985515430857,2.3407199238269603,1,No,0
390.67,0,390.67,5.970419648512232,2.3423664979105028,1,No,0
391.17,0,391.17,5.97169541925069,2.3472093628620985,1,No,0
391.17,0,391.17,5.97169541925069,2.3472093628620985,1,No,0
391.17,0,391.17,5.97169541925069,2.3472093628620985,1,No,0
391.33,0,391.33,5.972103322379354,2.348759079646609,1,No,0
392.0,0,392.0,5.973809611869261,2.3552485186817473,1,No,0
392.17,0,392.17,5.974242088312396,2.35689509276529,1,No,0
392.17,0,392.17,5.974242088312396,2.35689509276529,1,No,0
392.83,0,392.83,5.975919344105853,2.363287674501396,1,No,0
392.83,0,392.83,5.975919344105853,2.363287674501396,1,No,0
393.0,0,393.0,5.976350909297934,2.3649342485849387,1,No,0
393.33,0,393.33,5.977188122189173,2.368130539452992,1,No,0
394.33,0,394.33,5.9797208591508095,2.3778162693561833,1,No,0
394.5,0,394.5,5.980150787207709,2.379462843439726,1,No,0
395.17,0,395.17,5.9818434120639274,2.3859522824748645,1,No,0
395.33,0,395.33,5.982247197558372,2.3875019992593747,1,No,0
395.67,0,395.67,5.983104700763502,2.39079514742646,1,No,0
395.83,0,395.83,5.983507977391525,2.3923448642109704,1,No,0
396.0,0,396.0,5.983936280687191,2.393991438294513,1,No,0
396.17,0,396.17,5.984364400617675,2.395638012378056,1,No,0
397.0,0,397.0,5.986452005284438,2.4036771681977047,1,Yes,1
397.5,0,397.5,5.98770749823027,2.4085200331493004,1,No,0
397.67,0,397.67,5.988134007011526,2.410166607232843,1,No,0
397.67,0,397.67,5.988134007011526,2.410166607232843,1,No,0
397.83,0,397.83,5.988535260935405,2.411716324017353,1,No,0
398.0,0,398.0,5.988961416889864,2.413362898100896,1,Yes,1
398.67,0,398.67,5.990639206608194,2.4198523371360343,1,No,0
399.0,0,399.0,5.991464547107982,2.4230486280040875,1,No,0
400.0,0,400.0,5.993961427306569,2.432734357907279,1,No,0
400.33,0,400.33,5.994784031518324,2.435930648775332,1,No,0
400.67,0,400.67,5.995630855977398,2.439223796942417,1,No,0
400.83,0,400.83,5.9960291136055615,2.4407735137269277,1,No,0
401.17,0,401.17,5.996874884800257,2.444066661894013,1,No,0
401.33,0,401.33,5.997272647390958,2.4456163786785234,1,No,0
401.5,0,401.5,5.997695096858618,2.447262952762066,1,No,0
401.5,0,401.5,5.997695096858618,2.447262952762066,1,No,0
402.33,0,402.33,5.999755085425717,2.455302108581715,1,No,0
402.5,0,402.5,6.000176487710004,2.4569486826652573,1,No,0
402.67,0,402.67,6.000597712489204,2.4585952567488003,1,No,0
402.67,0,402.67,6.000597712489204,2.4585952567488003,1,No,0
402.83,0,402.83,6.0009939973241115,2.4601449735333105,1,No,0
403.33,0,403.33,6.002231376218875,2.464987838484906,1,Yes,1
403.83,0,403.83,6.003467225899132,2.469830703436502,1,No,0
404.0,0,404.0,6.003887067106539,2.4714772775200444,1,No,0
404.0,0,404.0,6.003887067106539,2.4714772775200444,1,Yes,1
404.33,0,404.33,6.004701550139977,2.4746735683880976,1,No,0
404.83,0,404.83,6.005934352702543,2.4795164333396933,1,No,0
405.67,0,405.67,6.008002045746911,2.4876524464583745,1,No,0
405.83,0,405.83,6.0083954077679635,2.489202163242885,1,Yes,1
406.33,0,406.33,6.009623667723892,2.494045028194481,1,No,0
407.33,0,407.33,6.0120756710120915,2.503730758097672,1,No,0
407.67,0,407.67,6.012907984401633,2.5070239062647577,1,No,0
408.0,0,408.0,6.013715156042802,2.51022019713281,1,Yes,1
408.67,0,408.67,6.0153519575613235,2.516709636167949,1,No,0
409.17,0,409.17,6.016571707907711,2.5215525011195448,1,No,0
409.5,0,409.5,6.017375928892483,2.524748791987597,1,No,0
410.0,0,410.0,6.018593214496234,2.5295916569391927,1,No,0
410.83,0,410.83,6.020610642838686,2.537630812758842,1,No,0
411.17,0,411.17,6.0214358856039665,2.5409239609259275,1,No,0
411.17,0,411.17,6.0214358856039665,2.5409239609259275,1,No,0
411.17,0,411.17,6.0214358856039665,2.5409239609259275,1,Yes,1
412.17,0,412.17,6.023859130543853,2.550609690829119,1,No,0
412.83,0,412.83,6.025455261475219,2.557002272565225,1,No,0
413.0,0,413.0,6.025865973825314,2.5586488466487673,1,No,0
413.75,0,413.75,6.027675929070554,2.565913144076161,1,No,0
414.33,0,414.33,6.029073384964899,2.5715308674200124,1,No,0
414.33,0,414.33,6.029073384964899,2.5715308674200124,1,No,0
414.5,0,414.5,6.029482614295503,2.5731774415035544,1,No,0
414.83,0,414.83,6.030276522893371,2.576373732371608,1,No,0
415.33,0,415.33,6.031478215020292,2.5812165973232037,1,No,0
415.5,0,415.5,6.031886461606898,2.582863171406746,1,No,0
415.5,0,415.5,6.031886461606898,2.582863171406746,1,No,0
415.83,0,415.83,6.03267846481631,2.5860594622747994,1,Yes,1
417.17,0,417.17,6.0358880484099044,2.5990383403450763,1,No,0
417.67,0,417.67,6.037083020111779,2.603881205296672,1,No,0
417.83,0,417.83,6.037465109668666,2.605430922081182,1,No,0
418.17,0,418.17,6.038276565560448,2.6087240702482677,1,No,0
418.5,0,418.5,6.0390635259072605,2.61192036111632,1,No,0
419.33,0,419.33,6.041040117051249,2.6199595169359693,1,No,0
420.33,0,420.33,6.043416374614993,2.6296452468391607,1,No,0
420.5,0,420.5,6.04381977744191,2.6312918209227028,1,No,0
421.0,0,421.0,6.045005314036012,2.6361346858742984,1,No,0
423.0,0,423.0,6.049733455231958,2.6555061456806817,1,No,0
423.17,0,423.17,6.0501343182718585,2.6571527197642246,1,No,0
423.33,0,423.33,6.050511454398898,2.6587024365487353,1,No,0
424.0,0,424.0,6.052089168924417,2.665191875583873,1,No,0
424.5,0,424.5,6.053264948013429,2.6700347405354687,1,No,0
425.0,0,425.0,6.054439346269371,2.6748776054870644,1,No,0
425.0,0,425.0,6.054439346269371,2.6748776054870644,1,No,0
425.0,0,425.0,6.054439346269371,2.6748776054870644,1,No,0
426.5,0,426.5,6.0579542883768145,2.6894062003418515,1,No,0
426.83,0,426.83,6.058725920416785,2.692602491209905,1,No,0
427.33,0,427.33,6.059893926529762,2.697445356161501,1,No,0
427.83,0,427.83,6.061060569995885,2.7022882211130965,1,No,0
430.0,0,430.0,6.066108090103747,2.7233062550030214,1,No,0
430.33,0,430.33,6.0668734583876045,2.726502545871075,1,Yes,1
431.33,0,431.33,6.06918918551838,2.7361882757742664,1,No,0
432.0,0,432.0,6.07073772800249,2.7426777148094046,1,No,0
432.67,0,432.67,6.072283876209936,2.7491671538445432,1,No,0
432.8,0,432.8,6.072583598392774,2.7504262987319583,1,No,0
433.17,0,433.17,6.073436162473127,2.754010018796139,1,No,0
433.17,0,433.17,6.073436162473127,2.754010018796139,1,No,0
433.33,0,433.33,6.073804613830202,2.7555597355806496,1,No,0
433.5,0,433.5,6.074195944705447,2.7572063096641917,1,No,0
434.5,0,434.5,6.0764947962925575,2.766892039567383,1,No,0
435.0,0,435.0,6.077642243349034,2.7717349045189787,1,No,0
436.83,0,436.83,6.081830707181454,2.7894597902418194,1,No,0
436.83,0,436.83,6.081830707181454,2.7894597902418194,1,No,0
437.0,0,437.0,6.082218910376446,2.7911063643253615,1,No,0
437.17,0,437.17,6.082606962928196,2.792752938408905,1,No,0
438.17,0,438.17,6.08488658185143,2.8024386683120963,1,No,0
438.17,0,438.17,6.08488658185143,2.8024386683120963,1,No,0
438.67,0,438.67,6.086024445521603,2.807281533263692,1,No,0
438.83,0,438.83,6.0863882886182825,2.808831250048202,1,No,0
439.17,0,439.17,6.0871610159294605,2.8121243982152877,1,No,0
440.33,0,440.33,6.0897928949302305,2.8233598449029893,1,No,0
441.17,0,441.17,6.091694423516777,2.8314958580216705,1,No,0
441.17,0,441.17,6.091694423516777,2.8314958580216705,1,No,0
441.75,0,441.75,6.093005276662943,2.837113581365521,1,No,0
441.83,0,441.83,6.093185949217015,2.8378884397577764,1,No,0
442.17,0,442.17,6.0939534436113485,2.841181587924862,1,No,0
442.34,0,442.34,6.094336970028611,2.842828162008404,1,No,0
443.33,0,443.33,6.0965675296069906,2.852417034612564,1,No,0
444.0,0,444.0,6.09807428216624,2.8589064736477017,1,No,0
444.5,0,444.5,6.099197246910864,2.8637493385992974,1,Yes,1
444.67,0,444.67,6.099578767837426,2.8653959126828403,1,No,0
444.83,0,444.83,6.099937713438588,2.866945629467351,1,No,0
445.17,0,445.17,6.100700045314072,2.8702387776344365,1,No,0
445.33,0,445.33,6.10105858873528,2.8717884944189467,1,No,0
445.83,0,445.83,6.102178209077058,2.8766313593705424,1,No,0
446.0,0,446.0,6.102558594613569,2.8782779334540844,1,No,0
448.17,0,448.17,6.107401435237784,2.8992959673440106,1,No,0
448.83,0,448.83,6.108869733610586,2.9056885490801165,1,No,0
449.17,0,449.17,6.109625289202085,2.908981697247202,1,No,0
449.67,0,449.67,6.110735364357151,2.9138245621987977,1,No,0
450.5,0,450.5,6.11257537285704,2.9218637180184457,1,No,0
450.5,0,450.5,6.11257537285704,2.9218637180184457,1,No,0
451.0,0,451.0,6.113682179832232,2.9267065829700414,1,No,0
452.0,0,452.0,6.115892125483034,2.936392312873233,1,Yes,1
453.17,0,453.17,6.118471577291897,2.9477246168599676,1,No,0
453.83,0,453.83,6.1199237227616,2.954117198596074,1,Yes,1
455.33,0,455.33,6.123216231991761,2.968645793450861,1,No,0
456.17,0,456.17,6.125055312969879,2.976781806569542,1,No,0
457.17,0,457.17,6.127240294283588,2.9864675364727336,1,No,0
457.5,0,457.5,6.127960291696519,2.989663827340786,1,No,0
457.83,0,457.83,6.128679771086129,2.9928601182088395,1,No,0
457.83,0,457.83,6.128679771086129,2.9928601182088395,1,No,0
458.83,0,458.83,6.130856855959695,3.002545848112031,1,No,0
459.83,0,459.83,6.133029211429164,3.0122315780152222,1,No,0
460.17,0,460.17,6.133766738577562,3.0155247261823077,1,No,0
460.17,0,460.17,6.133766738577562,3.0155247261823077,1,No,0
460.33,0,460.33,6.134113622049876,3.017074442966818,1,No,0
460.5,0,460.5,6.134482053942907,3.01872101705036,1,No,0
460.67,0,460.67,6.1348503501438705,3.0203675911339034,1,No,0
461.17,0,461.17,6.135932788767051,3.025210456085499,1,Yes,1
462.17,0,462.17,6.138094157321945,3.0348961859886905,1,No,0
462.66,0,462.66,6.139151525006747,3.0396421936412543,1,No,0
462.83,0,462.83,6.139518105782613,3.041288767724797,1,No,0
463.17,0,463.17,6.14025086443609,3.044581915891882,1,No,0
463.5,0,463.5,6.140961558253893,3.0477782067599346,1,No,0
463.67,0,463.67,6.141327476227777,3.0494247808434776,1,No,0
464.0,0,464.0,6.142037405587356,3.0526210717115303,1,No,0
464.17,0,464.17,6.142402930172954,3.0542676457950733,1,No,0
464.17,0,464.17,6.142402930172954,3.0542676457950733,1,No,0
465.0,0,465.0,6.144185634125646,3.0623068016147217,1,No,0
465.33,0,465.33,6.144893538008994,3.0655030924827753,1,Yes,1
466.33,0,466.33,6.147035646233371,3.0751888223859667,1,No,0
466.5,0,466.5,6.147399348728742,3.0768353964695088,1,No,0
466.83,0,466.83,6.148104982063913,3.0800316873375624,1,Yes,1
468.17,0,468.17,6.150965176116234,3.0930105654078393,1,No,0
468.67,0,468.67,6.152030320437465,3.097853430359435,1,No,0
470.0,0,470.0,6.154858094016418,3.1107354511306786,1,No,0
471.33,0,471.33,6.157677893834649,3.1236174719019236,1,No,0
471.83,0,471.83,6.1587359158555595,3.1284603368535193,1,No,0
473.83,0,473.83,6.162956845238193,3.1478317966599025,1,No,0
475.33,0,475.33,6.1661108913366425,3.1623603915146896,1,No,0
475.67,0,475.67,6.166824427568385,3.165653539681775,1,No,0
476.0,0,476.0,6.1675164908883415,3.1688498305498274,1,No,0
477.83,0,477.83,6.171345628362577,3.186574716272668,1,No,0
478.5,0,478.5,6.172743894323493,3.193064155307806,1,No,0
478.83,0,478.83,6.173431874503444,3.1962604461758595,1,No,0
480.0,0,480.0,6.175867270105761,3.207592750162593,1,No,0
480.17,0,480.17,6.176220638017396,3.2092393242461363,1,No,0
480.5,0,480.5,6.17690623123818,3.212435615114189,1,No,0
481.33,0,481.33,6.17862852708946,3.220474770933838,1,No,0
482.0,0,482.0,6.180016653652572,3.226964209968976,1,No,0
482.33,0,482.33,6.180699650171005,3.2301605008370298,1,No,0
482.5,0,482.5,6.181051314893349,3.231807074920572,1,No,0
484.17,0,484.17,6.184499344985206,3.2479822438589023,1,No,0
485.33,0,485.33,6.186887405821592,3.259217690546604,1,No,0
486.17,0,486.17,6.188613138145106,3.267353703665285,1,No,0
486.33,0,486.33,6.188941511672941,3.2689034204497953,1,No,0
487.83,0,487.83,6.192014780769447,3.2834320153045824,1,Yes,1
488.17,0,488.17,6.192710077320975,3.286725163471668,1,No,0
488.17,0,488.17,6.192710077320975,3.286725163471668,1,No,0
488.33,0,488.33,6.193037108494049,3.288274880256178,1,No,0
488.67,0,488.67,6.193731694834538,3.2915680284232636,1,No,0
488.67,0,488.67,6.193731694834538,3.2915680284232636,1,Yes,1
490.17,0,490.17,6.1967903000492175,3.3060966232780507,1,No,0
491.67,0,491.67,6.199839578717014,3.3206252181328377,1,No,0
492.17,0,492.17,6.200853942189529,3.3254680830844334,1,No,0
493.5,0,493.5,6.203547151062767,3.3383501038556775,1,No,0
493.67,0,493.67,6.203890873580987,3.339996677939221,1,No,0
493.83,0,493.83,6.204214269238176,3.341546394723731,1,No,0
494.67,0,494.67,6.205910382718996,3.3496824078424123,1,No,0
496.33,0,496.33,6.209253789660266,3.3657607194817096,1,No,0
496.33,0,496.33,6.209253789660266,3.3657607194817096,1,No,0
497.0,0,497.0,6.210600077024653,3.3722501585168474,1,No,0
497.17,0,497.17,6.210941384234568,3.373896732600391,1,No,0
60.33,0,60.33,4.116269119637892,-0.8572175183097551,0,No,0
61.17,0,61.17,4.129872568281246,-0.8490815051910743,0,No,0
61.33,0,61.33,4.132442850820759,-0.8475317884065636,0,No,0
61.5,0,61.5,4.135166556742356,-0.8458852143230211,0,No,0
61.83,0,61.83,4.140432666414855,-0.8426889234549679,0,No,0
62.33,0,62.33,4.148359150528339,-0.8378460585033722,0,No,0
62.5,0,62.5,4.151039905898646,-0.8361994844198297,0,No,0
62.83,0,62.83,4.156223299267966,-0.8330031935517765,0,No,0
62.83,0,62.83,4.156223299267966,-0.8330031935517765,0,No,0
63.5,0,63.5,4.1666652238017265,-0.8265137545166382,0,Yes,1
63.67,0,63.67,4.169297415458502,-0.8248671804330957,0,No,0
63.67,0,63.67,4.169297415458502,-0.8248671804330957,0,No,0
64.17,0,64.17,4.176999240344289,-0.8200243154815,0,No,0
64.17,0,64.17,4.176999240344289,-0.8200243154815,0,No,0
65.17,0,65.17,4.192227188023968,-0.8103385855783085,0,No,0
65.83,0,65.83,4.2021520815229785,-0.8039460038422022,0,No,0
65.83,0,65.83,4.2021520815229785,-0.8039460038422022,0,No,0
66.67,0,66.67,4.2146429502441345,-0.7958099907235214,0,No,0
66.83,0,66.83,4.217004574957988,-0.7942602739390108,0,Yes,1
66.83,0,66.83,4.217004574957988,-0.7942602739390108,0,No,0
67.17,0,67.17,4.222004585374694,-0.7909671257719256,0,No,0
67.33,0,67.33,4.224348908792687,-0.7894174089874151,0,No,0
67.33,0,67.33,4.224348908792687,-0.7894174089874151,0,No,0
67.5,0,67.5,4.22683374526818,-0.7877708349038725,0,No,0
67.83,0,67.83,4.231639696410273,-0.7845745440358194,0,No,0
68.0,0,68.0,4.23410650459726,-0.7829279699522768,0,No,0
68.17,0,68.17,4.236567242612494,-0.7812813958687342,0,No,0
68.67,0,68.67,4.2437698090420275,-0.7764385309171385,0,No,0
69.33,0,69.33,4.2531984503199265,-0.7700459491810322,0,No,0
69.5,0,69.5,4.255612709818223,-0.7683993750974897,0,No,0
69.83,0,69.83,4.260282639765531,-0.7652030842294365,0,No,0
70.0,0,70.0,4.2626798770413155,-0.7635565101458939,0,No,0
70.17,0,70.17,4.26507138131118,-0.7619099360623514,0,No,0
70.33,0,70.33,4.267316996289947,-0.7603602192778408,0,No,0
70.83,0,70.83,4.27430221608671,-0.755517354326245,0,No,0
71.17,0,71.17,4.279024447084182,-0.75222420615916,0,No,0
71.5,0,71.5,4.283586561860629,-0.7490279152911068,0,No,0
72.0,0,72.0,4.290459441148391,-0.7441850503395111,0,No,0
72.0,0,72.0,4.290459441148391,-0.7441850503395111,0,No,0
72.17,0,72.17,4.292785500895938,-0.7425384762559685,0,No,0
72.5,0,72.5,4.297285406218791,-0.7393421853879153,0,No,0
72.83,0,72.83,4.3017651530710745,-0.7361458945198622,0,No,0
73.0,0,73.0,4.30406509320417,-0.7344993204363196,0,No,0
73.17,0,73.17,4.306359755748467,-0.7328527463527771,0,No,0
73.67,0,73.67,4.3130784050476105,-0.7280098814011814,0,No,0
74.5,0,74.5,4.324132656254979,-0.7199707255815325,0,No,0
75.33,0,75.33,4.335066045810379,-0.7119315697618837,0,No,0
75.5,0,75.5,4.33729074083249,-0.710284995678341,0,No,0
75.67,0,75.67,4.339510497570803,-0.7086384215947985,0,No,0
76.83,0,76.83,4.354526960971297,-0.6974029749070965,0,No,0
77.17,0,77.17,4.358885942232239,-0.6941098267400113,0,No,0
78.0,0,78.0,4.3694478524670215,-0.6860706709203624,0,No,0
78.0,0,78.0,4.3694478524670215,-0.6860706709203624,0,No,0
79.0,0,79.0,4.382026634673881,-0.6763849410171711,0,No,0
79.0,0,79.0,4.382026634673881,-0.6763849410171711,0,No,0
79.0,0,79.0,4.382026634673881,-0.6763849410171711,0,No,0
79.17,0,79.17,4.38414938005486,-0.6747383669336284,0,No,0
79.5,0,79.5,4.388257184424518,-0.6715420760655754,0,No,0
79.67,0,79.67,4.390366758948883,-0.6698955019820327,0,Yes,1
79.83,0,79.83,4.392348183745753,-0.6683457851975222,0,No,0
80.83,0,80.83,4.4046439245392905,-0.6586600552943307,0,Yes,1
81.5,0,81.5,4.412798293340635,-0.6521706162591925,0,No,0
81.83,0,81.83,4.416790314610172,-0.6489743253911393,0,No,0
82.83,0,82.83,4.428790938649766,-0.6392885954879478,0,No,0
83.0,0,83.0,4.430816798843313,-0.6376420214044053,0,No,0
83.33,0,83.33,4.43473767358655,-0.6344457305363521,0,No,0
84.0,0,84.0,4.442651256490317,-0.6279562915012139,0,No,0
84.33,0,84.33,4.446526092548494,-0.6247600006331607,0,No,0
84.83,0,84.83,4.452368595730128,-0.619917135681565,0,No,0
84.83,0,84.83,4.452368595730128,-0.619917135681565,0,No,0
85.0,0,85.0,4.454347296253507,-0.6182705615980224,0,No,0
85.0,0,85.0,4.454347296253507,-0.6182705615980224,0,No,0
85.5,0,85.5,4.460144413937834,-0.6134276966464267,0,No,0
85.83,0,85.83,4.463952184072554,-0.6102314057783735,0,No,0
86.0,0,86.0,4.465908118654584,-0.608584831694831,0,No,0
86.0,0,86.0,4.465908118654584,-0.608584831694831,0,No,0
86.33,0,86.33,4.469694046425642,-0.6053885408267778,0,No,0
86.33,0,86.33,4.469694046425642,-0.6053885408267778,0,No,0
87.5,0,87.5,4.483002552013883,-0.5940562368400438,0,No,0
87.83,0,87.83,4.486724430781609,-0.5908599459719907,0,No,0
87.83,0,87.83,4.486724430781609,-0.5908599459719907,0,No,0
88.17,0,88.17,4.490544660146788,-0.5875667978049056,0,No,0
88.67,0,88.67,4.4961362649639565,-0.5827239328533098,0,No,0
89.0,0,89.0,4.499809670330265,-0.5795276419852567,0,No,0
89.0,0,89.0,4.499809670330265,-0.5795276419852567,0,No,0
89.17,0,89.17,4.501696777511816,-0.5778810679017141,0,No,0
89.17,0,89.17,4.501696777511816,-0.5778810679017141,0,No,0
89.5,0,89.5,4.505349850705881,-0.5746847770336609,0,No,0
89.67,0,89.67,4.507226541657965,-0.5730382029501184,0,No,0
89.83,0,89.83,4.508989627514122,-0.5714884861656079,0,No,0
89.83,0,89.83,4.508989627514122,-0.5714884861656079,0,Yes,1
90.33,0,90.33,4.514479320703588,-0.5666456212140121,0,No,0
92.17,0,92.17,4.534425781462334,-0.5488238781921398,0,Yes,1
92.83,0,92.83,4.541484634301958,-0.5424312964560335,0,No,0
93.5,0,93.5,4.548599834499697,-0.5359418574208953,0,No,0
93.83,0,93.83,4.552085814895636,-0.5327455665528421,0,No,0
95.33,0,95.33,4.567779796769532,-0.5182169716980549,0,Yes,1
97.0,0,97.0,4.584967478670572,-0.5020418027597252,0,No,0
97.17,0,97.17,4.58670066970443,-0.5003952286761827,0,No,0
99.0,0,99.0,4.605170185988092,-0.4826703429533424,0,No,0
99.0,0,99.0,4.605170185988092,-0.4826703429533424,0,No,0
100.0,0,100.0,4.61512051684126,-0.47298461305015094,0,No,0
100.33,0,100.33,4.618382517460226,-0.4697883221820978,0,No,0
101.33,0,101.33,4.628202885098664,-0.4601025922789064,0,No,0
102.17,0,102.17,4.6363781131122845,-0.45196657916022553,0,No,0
103.33,0,103.33,4.647558952479878,-0.4407311324725235,0,No,0
103.5,0,103.5,4.6491870714048655,-0.4390845583889809,0,No,0
103.5,0,103.5,4.6491870714048655,-0.4390845583889809,0,No,0
103.83,0,103.83,4.6523399904644815,-0.4358882675209278,0,No,0
104.33,0,104.33,4.6570982788484505,-0.43104540256933205,0,No,0
104.5,0,104.5,4.658710952916121,-0.4293988284857895,0,No,0
105.0,0,105.0,4.663439094112067,-0.4245559635341938,0,No,0
106.33,0,106.33,4.675908200493433,-0.4116739427629492,0,No,0
106.33,0,106.33,4.675908200493433,-0.4116739427629492,0,No,0
107.5,0,107.5,4.686750172980514,-0.4003416387762152,0,No,0
108.17,0,108.17,4.6929063002921785,-0.39385219974107694,0,No,0
109.0,0,109.0,4.700480365792417,-0.38581304392142807,0,No,0
109.33,0,109.33,4.703475874772215,-0.3826167530533749,0,No,0
110.0,0,110.0,4.709530201312334,-0.3761273140182366,0,No,0
110.67,0,110.67,4.7155480934577,-0.36963787498309836,0,No,0
111.67,0,111.67,4.724463192176074,-0.3599521450799069,0,No,0
112.67,0,112.67,4.733299513698619,-0.3502664151767155,0,No,0
113.33,0,113.33,4.739089003553879,-0.3438738334406092,0,No,0
113.67,0,113.67,4.742058438050213,-0.34058068527352403,0,No,0
114.33,0,114.33,4.747797584237848,-0.33418810353741774,0,No,0
115.33,0,115.33,4.756430979828675,-0.3245023736342263,0,No,0
115.83,0,115.83,4.760719886729057,-0.3196595086826306,0,No,0
117.33,0,117.33,4.773477331396467,-0.30513091382784346,0,No,0
118.67,0,118.67,4.784737954585425,-0.2921520357575669,0,No,0
119.17,0,119.17,4.788907406923208,-0.2873091708059712,0,No,0
120.5,0,120.5,4.799914262780603,-0.27442715003472656,0,No,0
120.5,0,120.5,4.799914262780603,-0.27442715003472656,0,No,0
120.67,0,120.67,4.801312461799358,-0.27278057595118405,0,No,0
122.17,0,122.17,4.813565514953393,-0.25825198109639685,0,No,0
122.17,0,122.17,4.813565514953393,-0.25825198109639685,0,No,0
124.33,0,124.33,4.830950258623431,-0.23733080450550342,0,No,0
125.33,0,125.33,4.838897530841946,-0.22764507460231198,0,No,0
125.83,0,125.83,4.842847607079338,-0.22280220965071626,0,No,0
126.5,0,126.5,4.848116364598481,-0.216312770615578,0,No,0
126.5,0,126.5,4.848116364598481,-0.216312770615578,0,No,0
126.67,0,126.67,4.84944880983226,-0.21466619653203542,0,No,0
128.5,0,128.5,4.863680881139593,-0.1969413108091951,0,No,0
130.33,0,130.33,4.877713239597068,-0.17921642508635469,0,No,0
131.33,0,131.33,4.885298802784958,-0.16953069518316324,0,No,0
132.83,0,132.83,4.896570337808283,-0.1550021003283761,0,Yes,1
140.33,0,140.33,4.9510975813800595,-0.08235912605444035,0,No,0
144.0,0,144.0,4.976733742420574,-0.04681249730972792,0,No,0
144.17,0,144.17,4.9779054694733365,-0.04516592322618549,0,No,0
144.17,0,144.17,4.9779054694733365,-0.04516592322618549,0,No,0
145.0,0,145.0,4.983606621708336,-0.03712676740653648,0,No,0
145.5,0,145.5,4.987025428457122,-0.03228390245494077,0,No,0
146.67,0,146.67,4.994980054485683,-0.020951598468206913,0,No,0
147.83,0,147.83,5.0028047149810675,-0.009716151780504608,0,No,0
148.83,0,148.83,5.009501318055053,-3.042187731317557e-05,0,No,0
149.0,0,149.0,5.0106352940962555,0.0016161522062292468,0,No,0
150.0,0,150.0,5.017279836814924,0.01130188210942068,0,No,0
150.83,0,150.83,5.022761473894096,0.01934103792906969,0,No,0
151.17,0,151.17,5.024998316932023,0.022634186096154533,0,No,0
152.33,0,152.33,5.0325924614482975,0.03386963278385684,0,No,0
153.67,0,153.67,5.041293815050048,0.046848510854133114,0,No,0
156.0,0,156.0,5.056245805348308,0.06941626152856928,0,No,0
156.17,0,156.17,5.057328022088238,0.0710628356121117,0,No,0
157.0,0,157.0,5.062595033026967,0.07910199143176071,0,Yes,1
157.17,0,157.17,5.063670403975397,0.08074856551530313,0,No,0
159.5,0,159.5,5.07829394257007,0.10331631618973929,0,No,0
161.33,0,161.33,5.089631300322754,0.12104120191257974,0,No,0
165.17,0,165.17,5.113011360713122,0.15823440474083458,0,No,0
167.83,0,167.83,5.128892291489103,0.18399844628332404,0,No,0
168.67,0,168.67,5.133855374054848,0.1921344594020046,0,No,0
172.17,0,172.17,5.15427377096406,0.22603451406317462,0,No,0
175.67,0,175.67,5.174283585624589,0.2599345687243446,0,No,0
179.5,0,179.5,5.195730777772936,0.2970309142535679,0,No,0
184.0,0,184.0,5.220355825078324,0.3406166988179294,0,No,0
184.67,0,184.67,5.22397090441938,0.34710613785306754,0,No,0
188.67,0,188.67,5.245285719996231,0.38584905746583326,0,Yes,1
188.83,0,188.83,5.24612893480245,0.38739877425034414,0,No,0
192.17,0,192.17,5.263570630218202,0.4197491121270033,0,No,0
193.33,0,193.33,5.269557744876612,0.4309845588147056,0,No,0
193.83,0,193.83,5.2721273834577955,0.4358274237663013,0,No,0
195.33,0,195.33,5.279796916910658,0.4503560186210884,0,Yes,1
196.83,0,196.83,5.287408076040001,0.46488461347587556,0,No,0
206.0,0,206.0,5.332718793265369,0.553702756688141,0,No,0
207.5,0,207.5,5.339939041238856,0.568231351542928,0,Yes,1
208.5,0,208.5,5.344723739362192,0.5779170814461195,0,No,0
209.67,0,209.67,5.350292928138379,0.5892493854328533,0,No,0
211.6,0,211.6,5.359412465907847,0.6079428441460129,0,No,0
211.67,0,211.67,5.359741668535036,0.6086208452392362,0,No,0
215.17,0,215.17,5.376065135169961,0.6425208999004062,0,No,0
218.67,0,218.67,5.392126420226094,0.6764209545615762,0,No,0
219.67,0,219.67,5.39666837289499,0.6861066844647676,0,No,0
220.33,0,220.33,5.399654800453954,0.6924992662008742,0,No,0
226.33,0,226.33,5.426402706311255,0.7506136456200229,0,No,0
228.17,0,228.17,5.434464086221378,0.7684353886418949,0,No,0
229.33,0,229.33,5.4395130632148145,0.7796708353295971,0,No,0
231.33,0,231.33,5.4481587747871965,0.79904229513598,0,No,0
239.33,0,239.33,5.482012978895135,0.8765281343615114,0,No,0
240.5,0,240.5,5.486869473092628,0.8878604383482454,0,No,0
246.33,0,246.33,5.510723477319505,0.9443282436838515,0,No,0
253.5,0,253.5,5.539300835990577,1.013774927089734,0,No,0
271.83,0,271.83,5.6088488905974625,1.1913143562152329,0,No,0
286.33,0,286.33,5.660631381000218,1.3317574398115086,0,No,0
289.0,0,289.0,5.66988092298052,1.3576183386530298,0,No,0
329.33,0,329.33,5.800092154793609,1.74824382564874,0,No,0
389.83,0,389.83,5.968272682831306,2.3342304847918216,1,No,0
398.83,0,398.83,5.991039456769885,2.4214020539205445,1,No,0
63.83,0,63.83,4.171768459186905,-0.823317463648585,0,No,0
63.83,0,63.83,4.171768459186905,-0.823317463648585,0,No,0
64.0,0,64.0,4.174387269895637,-0.8216708895650425,0,No,0
64.0,0,64.0,4.174387269895637,-0.8216708895650425,0,No,0
64.0,0,64.0,4.174387269895637,-0.8216708895650425,0,No,0
64.0,0,64.0,4.174387269895637,-0.8216708895650425,0,No,0
64.17,0,64.17,4.176999240344289,-0.8200243154815,0,No,0
64.17,0,64.17,4.176999240344289,-0.8200243154815,0,No,0
64.17,0,64.17,4.176999240344289,-0.8200243154815,0,Yes,1
64.17,0,64.17,4.176999240344289,-0.8200243154815,0,No,0
64.17,0,64.17,4.176999240344289,-0.8200243154815,0,No,0
64.17,0,64.17,4.176999240344289,-0.8200243154815,0,No,0
64.17,0,64.17,4.176999240344289,-0.8200243154815,0,No,0
64.17,0,64.17,4.176999240344289,-0.8200243154815,0,No,0
64.33,0,64.33,4.179451348852659,-0.8184745986969894,0,No,0
64.33,0,64.33,4.179451348852659,-0.8184745986969894,0,No,0
64.33,0,64.33,4.179451348852659,-0.8184745986969894,0,No,0
64.5,0,64.5,4.182050142641207,-0.8168280246134468,0,No,0
64.67,0,64.67,4.184642200202881,-0.8151814505299042,0,No,0
64.67,0,64.67,4.184642200202881,-0.8151814505299042,0,No,0
64.67,0,64.67,4.184642200202881,-0.8151814505299042,0,No,0
64.67,0,64.67,4.184642200202881,-0.8151814505299042,0,No,0
64.83,0,64.83,4.187075661479786,-0.8136317337453937,0,No,0
64.83,0,64.83,4.187075661479786,-0.8136317337453937,0,No,0
64.83,0,64.83,4.187075661479786,-0.8136317337453937,0,No,0
64.83,0,64.83,4.187075661479786,-0.8136317337453937,0,No,0
64.83,0,64.83,4.187075661479786,-0.8136317337453937,0,No,0
65.0,0,65.0,4.189654742026425,-0.8119851596618511,0,No,0
65.0,0,65.0,4.189654742026425,-0.8119851596618511,0,No,0
65.0,0,65.0,4.189654742026425,-0.8119851596618511,0,No,0
65.0,0,65.0,4.189654742026425,-0.8119851596618511,0,No,0
65.0,0,65.0,4.189654742026425,-0.8119851596618511,0,No,0
65.17,0,65.17,4.192227188023968,-0.8103385855783085,0,No,0
65.17,0,65.17,4.192227188023968,-0.8103385855783085,0,No,0
65.17,0,65.17,4.192227188023968,-0.8103385855783085,0,No,0
65.17,0,65.17,4.192227188023968,-0.8103385855783085,0,No,0
65.17,0,65.17,4.192227188023968,-0.8103385855783085,0,No,0
65.33,0,65.33,4.194642283537465,-0.808788868793798,0,No,0
65.33,0,65.33,4.194642283537465,-0.808788868793798,0,No,0
65.33,0,65.33,4.194642283537465,-0.808788868793798,0,No,0
65.33,0,65.33,4.194642283537465,-0.808788868793798,0,No,0
65.33,0,65.33,4.194642283537465,-0.808788868793798,0,No,0
65.5,0,65.5,4.197201947661808,-0.8071422947102553,0,No,0
65.5,0,65.5,4.197201947661808,-0.8071422947102553,0,No,0
65.5,0,65.5,4.197201947661808,-0.8071422947102553,0,No,0
65.5,0,65.5,4.197201947661808,-0.8071422947102553,0,No,0
65.5,0,65.5,4.197201947661808,-0.8071422947102553,0,No,0
65.5,0,65.5,4.197201947661808,-0.8071422947102553,0,No,0
65.67,0,65.67,4.199755076629969,-0.8054957206267128,0,No,0
65.67,0,65.67,4.199755076629969,-0.8054957206267128,0,No,0
65.67,0,65.67,4.199755076629969,-0.8054957206267128,0,No,0
65.67,0,65.67,4.199755076629969,-0.8054957206267128,0,No,0
65.67,0,65.67,4.199755076629969,-0.8054957206267128,0,No,0
65.83,0,65.83,4.2021520815229785,-0.8039460038422022,0,No,0
65.83,0,65.83,4.2021520815229785,-0.8039460038422022,0,No,0
65.83,0,65.83,4.2021520815229785,-0.8039460038422022,0,No,0
65.83,0,65.83,4.2021520815229785,-0.8039460038422022,0,No,0
65.83,0,65.83,4.2021520815229785,-0.8039460038422022,0,No,0
65.83,0,65.83,4.2021520815229785,-0.8039460038422022,0,No,0
66.0,0,66.0,4.204692619390966,-0.8022994297586596,0,No,0
66.0,0,66.0,4.204692619390966,-0.8022994297586596,0,No,0
66.0,0,66.0,4.204692619390966,-0.8022994297586596,0,No,0
66.0,0,66.0,4.204692619390966,-0.8022994297586596,0,No,0
66.0,0,66.0,4.204692619390966,-0.8022994297586596,0,Yes,1
66.17,0,66.17,4.207226719278773,-0.8006528556751171,0,No,0
66.33,0,66.33,4.20960590255719,-0.7991031388906065,0,No,0
66.33,0,66.33,4.20960590255719,-0.7991031388906065,0,No,0
66.33,0,66.33,4.20960590255719,-0.7991031388906065,0,No,0
66.5,0,66.5,4.212127597878484,-0.797456564807064,0,No,0
66.5,0,66.5,4.212127597878484,-0.797456564807064,0,No,0
66.5,0,66.5,4.212127597878484,-0.797456564807064,0,No,0
66.5,0,66.5,4.212127597878484,-0.797456564807064,0,No,0
66.5,0,66.5,4.212127597878484,-0.797456564807064,0,No,0
66.67,0,66.67,4.2146429502441345,-0.7958099907235214,0,No,0
66.67,0,66.67,4.2146429502441345,-0.7958099907235214,0,No,0
66.67,0,66.67,4.2146429502441345,-0.7958099907235214,0,No,0
66.67,0,66.67,4.2146429502441345,-0.7958099907235214,0,No,0
66.83,0,66.83,4.217004574957988,-0.7942602739390108,0,No,0
67.0,0,67.0,4.219507705176107,-0.7926136998554683,0,No,0
67.0,0,67.0,4.219507705176107,-0.7926136998554683,0,No,0
67.0,0,67.0,4.219507705176107,-0.7926136998554683,0,No,0
67.17,0,67.17,4.222004585374694,-0.7909671257719256,0,No,0
67.17,0,67.17,4.222004585374694,-0.7909671257719256,0,No,0
67.17,0,67.17,4.222004585374694,-0.7909671257719256,0,No,0
67.17,0,67.17,4.222004585374694,-0.7909671257719256,0,No,0
67.17,0,67.17,4.222004585374694,-0.7909671257719256,0,No,0
67.17,0,67.17,4.222004585374694,-0.7909671257719256,0,No,0
67.17,0,67.17,4.222004585374694,-0.7909671257719256,0,No,0
67.17,0,67.17,4.222004585374694,-0.7909671257719256,0,No,0
67.17,0,67.17,4.222004585374694,-0.7909671257719256,0,No,0
67.17,0,67.17,4.222004585374694,-0.7909671257719256,0,No,0
67.33,0,67.33,4.224348908792687,-0.7894174089874151,0,No,0
67.33,0,67.33,4.224348908792687,-0.7894174089874151,0,No,0
67.33,0,67.33,4.224348908792687,-0.7894174089874151,0,No,0
67.33,0,67.33,4.224348908792687,-0.7894174089874151,0,No,0
67.5,0,67.5,4.22683374526818,-0.7877708349038725,0,No,0
67.5,0,67.5,4.22683374526818,-0.7877708349038725,0,No,0
67.5,0,67.5,4.22683374526818,-0.7877708349038725,0,No,0
67.5,0,67.5,4.22683374526818,-0.7877708349038725,0,No,0
67.5,0,67.5,4.22683374526818,-0.7877708349038725,0,No,0
67.5,0,67.5,4.22683374526818,-0.7877708349038725,0,No,0
67.5,0,67.5,4.22683374526818,-0.7877708349038725,0,No,0
67.5,0,67.5,4.22683374526818,-0.7877708349038725,0,No,0
67.67,0,67.67,4.229312422632585,-0.7861242608203299,0,No,0
67.83,0,67.83,4.231639696410273,-0.7845745440358194,0,No,0
67.83,0,67.83,4.231639696410273,-0.7845745440358194,0,No,0
67.83,0,67.83,4.231639696410273,-0.7845745440358194,0,No,0
67.83,0,67.83,4.231639696410273,-0.7845745440358194,0,No,0
67.83,0,67.83,4.231639696410273,-0.7845745440358194,0,No,0
67.83,0,67.83,4.231639696410273,-0.7845745440358194,0,No,0
68.0,0,68.0,4.23410650459726,-0.7829279699522768,0,No,0
68.17,0,68.17,4.236567242612494,-0.7812813958687342,0,No,0
68.17,0,68.17,4.236567242612494,-0.7812813958687342,0,No,0
68.17,0,68.17,4.236567242612494,-0.7812813958687342,0,No,0
68.17,0,68.17,4.236567242612494,-0.7812813958687342,0,No,0
68.17,0,68.17,4.236567242612494,-0.7812813958687342,0,No,0
68.17,0,68.17,4.236567242612494,-0.7812813958687342,0,No,0
68.33,0,68.33,4.238877712954399,-0.7797316790842236,0,No,0
68.5,0,68.5,4.241326752570746,-0.7780851050006811,0,No,0
68.5,0,68.5,4.241326752570746,-0.7780851050006811,0,No,0
68.5,0,68.5,4.241326752570746,-0.7780851050006811,0,No,0
68.67,0,68.67,4.2437698090420275,-0.7764385309171385,0,No,0
68.67,0,68.67,4.2437698090420275,-0.7764385309171385,0,No,0
68.83,0,68.83,4.246063716857944,-0.7748888141326279,0,No,0
68.83,0,68.83,4.246063716857944,-0.7748888141326279,0,No,0
68.83,0,68.83,4.246063716857944,-0.7748888141326279,0,No,0
68.83,0,68.83,4.246063716857944,-0.7748888141326279,0,No,0
68.83,0,68.83,4.246063716857944,-0.7748888141326279,0,No,0
68.83,0,68.83,4.246063716857944,-0.7748888141326279,0,No,0
68.83,0,68.83,4.246063716857944,-0.7748888141326279,0,No,0
69.0,0,69.0,4.248495242049359,-0.7732422400490854,0,No,0
69.0,0,69.0,4.248495242049359,-0.7732422400490854,0,No,0
69.0,0,69.0,4.248495242049359,-0.7732422400490854,0,No,0
69.0,0,69.0,4.248495242049359,-0.7732422400490854,0,No,0
69.0,0,69.0,4.248495242049359,-0.7732422400490854,0,No,0
69.0,0,69.0,4.248495242049359,-0.7732422400490854,0,No,0
69.0,0,69.0,4.248495242049359,-0.7732422400490854,0,No,0
69.0,0,69.0,4.248495242049359,-0.7732422400490854,0,No,0
69.0,0,69.0,4.248495242049359,-0.7732422400490854,0,No,0
69.0,0,69.0,4.248495242049359,-0.7732422400490854,0,No,0
69.17,0,69.17,4.250920869264197,-0.7715956659655427,0,No,0
69.17,0,69.17,4.250920869264197,-0.7715956659655427,0,Yes,1
69.17,0,69.17,4.250920869264197,-0.7715956659655427,0,No,0
69.33,0,69.33,4.2531984503199265,-0.7700459491810322,0,No,0
69.33,0,69.33,4.2531984503199265,-0.7700459491810322,0,No,0
69.33,0,69.33,4.2531984503199265,-0.7700459491810322,0,No,0
69.5,0,69.5,4.255612709818223,-0.7683993750974897,0,No,0
69.5,0,69.5,4.255612709818223,-0.7683993750974897,0,No,0
69.5,0,69.5,4.255612709818223,-0.7683993750974897,0,No,0
69.5,0,69.5,4.255612709818223,-0.7683993750974897,0,No,0
69.5,0,69.5,4.255612709818223,-0.7683993750974897,0,No,0
69.5,0,69.5,4.255612709818223,-0.7683993750974897,0,No,0
69.5,0,69.5,4.255612709818223,-0.7683993750974897,0,No,0
69.5,0,69.5,4.255612709818223,-0.7683993750974897,0,No,0
69.67,0,69.67,4.258021154702763,-0.766752801013947,0,No,0
69.67,0,69.67,4.258021154702763,-0.766752801013947,0,No,0
69.67,0,69.67,4.258021154702763,-0.766752801013947,0,No,0
69.67,0,69.67,4.258021154702763,-0.766752801013947,0,Yes,1
69.83,0,69.83,4.260282639765531,-0.7652030842294365,0,No,0
69.83,0,69.83,4.260282639765531,-0.7652030842294365,0,No,0
69.83,0,69.83,4.260282639765531,-0.7652030842294365,0,No,0
70.0,0,70.0,4.2626798770413155,-0.7635565101458939,0,No,0
70.0,0,70.0,4.2626798770413155,-0.7635565101458939,0,No,0
70.0,0,70.0,4.2626798770413155,-0.7635565101458939,0,No,0
70.0,0,70.0,4.2626798770413155,-0.7635565101458939,0,No,0
70.0,0,70.0,4.2626798770413155,-0.7635565101458939,0,No,0
70.17,0,70.17,4.26507138131118,-0.7619099360623514,0,No,0
70.17,0,70.17,4.26507138131118,-0.7619099360623514,0,No,0
70.17,0,70.17,4.26507138131118,-0.7619099360623514,0,No,0
70.17,0,70.17,4.26507138131118,-0.7619099360623514,0,No,0
70.17,0,70.17,4.26507138131118,-0.7619099360623514,0,No,0
70.33,0,70.33,4.267316996289947,-0.7603602192778408,0,No,0
70.33,0,70.33,4.267316996289947,-0.7603602192778408,0,No,0
70.33,0,70.33,4.267316996289947,-0.7603602192778408,0,No,0
70.5,0,70.5,4.269697449699962,-0.7587136451942982,0,No,0
70.5,0,70.5,4.269697449699962,-0.7587136451942982,0,No,0
70.5,0,70.5,4.269697449699962,-0.7587136451942982,0,No,0
70.67,0,70.67,4.272072250005828,-0.7570670711107557,0,No,0
70.67,0,70.67,4.272072250005828,-0.7570670711107557,0,No,0
70.83,0,70.83,4.27430221608671,-0.755517354326245,0,No,0
70.83,0,70.83,4.27430221608671,-0.755517354326245,0,No,0
70.83,0,70.83,4.27430221608671,-0.755517354326245,0,No,0
70.83,0,70.83,4.27430221608671,-0.755517354326245,0,No,0
70.83,0,70.83,4.27430221608671,-0.755517354326245,0,No,0
70.83,0,70.83,4.27430221608671,-0.755517354326245,0,Yes,1
71.0,0,71.0,4.276666119016055,-0.7538707802427025,0,No,0
71.0,0,71.0,4.276666119016055,-0.7538707802427025,0,No,0
71.0,0,71.0,4.276666119016055,-0.7538707802427025,0,No,0
71.0,0,71.0,4.276666119016055,-0.7538707802427025,0,No,0
71.0,0,71.0,4.276666119016055,-0.7538707802427025,0,No,0
71.0,0,71.0,4.276666119016055,-0.7538707802427025,0,No,0
71.0,0,71.0,4.276666119016055,-0.7538707802427025,0,No,0
71.17,0,71.17,4.279024447084182,-0.75222420615916,0,No,0
71.17,0,71.17,4.279024447084182,-0.75222420615916,0,No,0
71.17,0,71.17,4.279024447084182,-0.75222420615916,0,No,0
71.17,0,71.17,4.279024447084182,-0.75222420615916,0,No,0
71.17,0,71.17,4.279024447084182,-0.75222420615916,0,No,0
71.17,0,71.17,4.279024447084182,-0.75222420615916,0,No,0
71.17,0,71.17,4.279024447084182,-0.75222420615916,0,No,0
71.17,0,71.17,4.279024447084182,-0.75222420615916,0,No,0
71.33,0,71.33,4.28123898086119,-0.7506744893746493,0,No,0
71.33,0,71.33,4.28123898086119,-0.7506744893746493,0,Yes,1
71.5,0,71.5,4.283586561860629,-0.7490279152911068,0,Yes,1
71.5,0,71.5,4.283586561860629,-0.7490279152911068,0,No,0
71.5,0,71.5,4.283586561860629,-0.7490279152911068,0,No,0
71.5,0,71.5,4.283586561860629,-0.7490279152911068,0,No,0
71.5,0,71.5,4.283586561860629,-0.7490279152911068,0,No,0
71.67,0,71.67,4.2859286446285445,-0.7473813412075642,0,No,0
71.67,0,71.67,4.2859286446285445,-0.7473813412075642,0,No,0
71.67,0,71.67,4.2859286446285445,-0.7473813412075642,0,No,0
71.67,0,71.67,4.2859286446285445,-0.7473813412075642,0,No,0
71.83,0,71.83,4.288127958229824,-0.7458316244230536,0,No,0
71.83,0,71.83,4.288127958229824,-0.7458316244230536,0,No,0
71.83,0,71.83,4.288127958229824,-0.7458316244230536,0,No,0
71.83,0,71.83,4.288127958229824,-0.7458316244230536,0,No,0
71.83,0,71.83,4.288127958229824,-0.7458316244230536,0,No,0
72.0,0,72.0,4.290459441148391,-0.7441850503395111,0,No,0
72.0,0,72.0,4.290459441148391,-0.7441850503395111,0,No,0
72.17,0,72.17,4.292785500895938,-0.7425384762559685,0,No,0
72.17,0,72.17,4.292785500895938,-0.7425384762559685,0,No,0
72.17,0,72.17,4.292785500895938,-0.7425384762559685,0,No,0
72.17,0,72.17,4.292785500895938,-0.7425384762559685,0,No,0
72.17,0,72.17,4.292785500895938,-0.7425384762559685,0,No,0
72.17,0,72.17,4.292785500895938,-0.7425384762559685,0,No,0
72.17,0,72.17,4.292785500895938,-0.7425384762559685,0,No,0
72.33,0,72.33,4.294969802105708,-0.7409887594714579,0,Yes,1
72.33,0,72.33,4.294969802105708,-0.7409887594714579,0,No,0
72.5,0,72.5,4.297285406218791,-0.7393421853879153,0,No,0
72.5,0,72.5,4.297285406218791,-0.7393421853879153,0,No,0
72.5,0,72.5,4.297285406218791,-0.7393421853879153,0,No,0
72.5,0,72.5,4.297285406218791,-0.7393421853879153,0,No,0
72.5,0,72.5,4.297285406218791,-0.7393421853879153,0,No,0
72.5,0,72.5,4.297285406218791,-0.7393421853879153,0,No,0
72.67,0,72.67,4.299595660694722,-0.7376956113043728,0,No,0
72.67,0,72.67,4.299595660694722,-0.7376956113043728,0,No,0
72.83,0,72.83,4.3017651530710745,-0.7361458945198622,0,No,0
72.83,0,72.83,4.3017651530710745,-0.7361458945198622,0,No,0
72.83,0,72.83,4.3017651530710745,-0.7361458945198622,0,No,0
72.83,0,72.83,4.3017651530710745,-0.7361458945198622,0,No,0
72.83,0,72.83,4.3017651530710745,-0.7361458945198622,0,No,0
72.83,0,72.83,4.3017651530710745,-0.7361458945198622,0,No,0
73.0,0,73.0,4.30406509320417,-0.7344993204363196,0,No,0
73.0,0,73.0,4.30406509320417,-0.7344993204363196,0,No,0
73.0,0,73.0,4.30406509320417,-0.7344993204363196,0,No,0
73.17,0,73.17,4.306359755748467,-0.7328527463527771,0,No,0
73.17,0,73.17,4.306359755748467,-0.7328527463527771,0,No,0
73.17,0,73.17,4.306359755748467,-0.7328527463527771,0,No,0
73.17,0,73.17,4.306359755748467,-0.7328527463527771,0,No,0
73.17,0,73.17,4.306359755748467,-0.7328527463527771,0,No,0
73.17,0,73.17,4.306359755748467,-0.7328527463527771,0,No,0
73.17,0,73.17,4.306359755748467,-0.7328527463527771,0,No,0
73.33,0,73.33,4.308514638737202,-0.7313030295682664,0,No,0
73.33,0,73.33,4.308514638737202,-0.7313030295682664,0,Yes,1
73.33,0,73.33,4.308514638737202,-0.7313030295682664,0,No,0
73.33,0,73.33,4.308514638737202,-0.7313030295682664,0,No,0
73.33,0,73.33,4.308514638737202,-0.7313030295682664,0,No,0
73.33,0,73.33,4.308514638737202,-0.7313030295682664,0,No,0
73.5,0,73.5,4.310799125385514,-0.7296564554847239,0,No,0
73.5,0,73.5,4.310799125385514,-0.7296564554847239,0,No,0
73.5,0,73.5,4.310799125385514,-0.7296564554847239,0,No,0
73.5,0,73.5,4.310799125385514,-0.7296564554847239,0,No,0
73.67,0,73.67,4.3130784050476105,-0.7280098814011814,0,No,0
73.67,0,73.67,4.3130784050476105,-0.7280098814011814,0,No,0
73.83,0,73.83,4.315218874092267,-0.7264601646166707,0,No,0
73.83,0,73.83,4.315218874092267,-0.7264601646166707,0,No,0
73.83,0,73.83,4.315218874092267,-0.7264601646166707,0,No,0
74.0,0,74.0,4.31748811353631,-0.7248135905331282,0,Yes,1
74.0,0,74.0,4.31748811353631,-0.7248135905331282,0,No,0
74.0,0,74.0,4.31748811353631,-0.7248135905331282,0,No,0
74.17,0,74.17,4.319752215189378,-0.7231670164495856,0,No,0
74.17,0,74.17,4.319752215189378,-0.7231670164495856,0,No,0
74.17,0,74.17,4.319752215189378,-0.7231670164495856,0,No,0
74.17,0,74.17,4.319752215189378,-0.7231670164495856,0,No,0
74.17,0,74.17,4.319752215189378,-0.7231670164495856,0,Yes,1
74.33,0,74.33,4.321878461837604,-0.721617299665075,0,No,0
74.33,0,74.33,4.321878461837604,-0.721617299665075,0,No,0
74.33,0,74.33,4.321878461837604,-0.721617299665075,0,No,0
74.5,0,74.5,4.324132656254979,-0.7199707255815325,0,No,0
74.5,0,74.5,4.324132656254979,-0.7199707255815325,0,Yes,1
74.67,0,74.67,4.326381780706431,-0.7183241514979899,0,No,0
74.67,0,74.67,4.326381780706431,-0.7183241514979899,0,No,0
74.67,0,74.67,4.326381780706431,-0.7183241514979899,0,Yes,1
74.67,0,74.67,4.326381780706431,-0.7183241514979899,0,No,0
74.67,0,74.67,4.326381780706431,-0.7183241514979899,0,No,0
74.83,0,74.83,4.328493992712844,-0.7167744347134793,0,No,0
75.0,0,75.0,4.330733340286331,-0.7151278606299367,0,No,0
75.0,0,75.0,4.330733340286331,-0.7151278606299367,0,No,0
75.0,0,75.0,4.330733340286331,-0.7151278606299367,0,No,0
75.17,0,75.17,4.3329676843846965,-0.7134812865463942,0,No,0
75.17,0,75.17,4.3329676843846965,-0.7134812865463942,0,No,0
75.17,0,75.17,4.3329676843846965,-0.7134812865463942,0,No,0
75.17,0,75.17,4.3329676843846965,-0.7134812865463942,0,No,0
75.33,0,75.33,4.335066045810379,-0.7119315697618837,0,No,0
75.33,0,75.33,4.335066045810379,-0.7119315697618837,0,Yes,1
75.33,0,75.33,4.335066045810379,-0.7119315697618837,0,No,0
75.33,0,75.33,4.335066045810379,-0.7119315697618837,0,No,0
75.5,0,75.5,4.33729074083249,-0.710284995678341,0,No,0
75.5,0,75.5,4.33729074083249,-0.710284995678341,0,No,0
75.5,0,75.5,4.33729074083249,-0.710284995678341,0,Yes,1
75.5,0,75.5,4.33729074083249,-0.710284995678341,0,No,0
75.67,0,75.67,4.339510497570803,-0.7086384215947985,0,No,0
75.67,0,75.67,4.339510497570803,-0.7086384215947985,0,No,0
75.67,0,75.67,4.339510497570803,-0.7086384215947985,0,No,0
75.67,0,75.67,4.339510497570803,-0.7086384215947985,0,No,0
75.83,0,75.83,4.341595188879544,-0.7070887048102878,0,No,0
76.0,0,76.0,4.343805421853684,-0.7054421307267453,0,No,0
76.0,0,76.0,4.343805421853684,-0.7054421307267453,0,No,0
76.0,0,76.0,4.343805421853684,-0.7054421307267453,0,No,0
76.0,0,76.0,4.343805421853684,-0.7054421307267453,0,No,0
76.0,0,76.0,4.343805421853684,-0.7054421307267453,0,No,0
76.0,0,76.0,4.343805421853684,-0.7054421307267453,0,No,0
76.0,0,76.0,4.343805421853684,-0.7054421307267453,0,No,0
76.17,0,76.17,4.346010780469512,-0.7037955566432028,0,No,0
76.17,0,76.17,4.346010780469512,-0.7037955566432028,0,No,0
76.17,0,76.17,4.346010780469512,-0.7037955566432028,0,No,0
76.33,0,76.33,4.348081978620944,-0.7022458398586922,0,No,0
76.33,0,76.33,4.348081978620944,-0.7022458398586922,0,No,0
76.33,0,76.33,4.348081978620944,-0.7022458398586922,0,No,0
76.33,0,76.33,4.348081978620944,-0.7022458398586922,0,No,0
76.33,0,76.33,4.348081978620944,-0.7022458398586922,0,No,0
76.5,0,76.5,4.350277936359301,-0.7005992657751496,0,No,0
76.5,0,76.5,4.350277936359301,-0.7005992657751496,0,No,0
76.5,0,76.5,4.350277936359301,-0.7005992657751496,0,No,0
76.5,0,76.5,4.350277936359301,-0.7005992657751496,0,No,0
76.5,0,76.5,4.350277936359301,-0.7005992657751496,0,No,0
76.5,0,76.5,4.350277936359301,-0.7005992657751496,0,No,0
76.67,0,76.67,4.352469082431556,-0.698952691691607,0,No,0
76.67,0,76.67,4.352469082431556,-0.698952691691607,0,No,0
76.83,0,76.83,4.354526960971297,-0.6974029749070965,0,No,0
76.83,0,76.83,4.354526960971297,-0.6974029749070965,0,No,0
76.83,0,76.83,4.354526960971297,-0.6974029749070965,0,No,0
76.83,0,76.83,4.354526960971297,-0.6974029749070965,0,No,0
77.0,0,77.0,4.356708826689592,-0.6957564008235539,0,No,0
77.0,0,77.0,4.356708826689592,-0.6957564008235539,0,No,0
77.0,0,77.0,4.356708826689592,-0.6957564008235539,0,No,0
77.0,0,77.0,4.356708826689592,-0.6957564008235539,0,No,0
77.0,0,77.0,4.356708826689592,-0.6957564008235539,0,No,0
77.0,0,77.0,4.356708826689592,-0.6957564008235539,0,No,0
77.17,0,77.17,4.358885942232239,-0.6941098267400113,0,No,0
77.17,0,77.17,4.358885942232239,-0.6941098267400113,0,No,0
77.17,0,77.17,4.358885942232239,-0.6941098267400113,0,No,0
77.17,0,77.17,4.358885942232239,-0.6941098267400113,0,No,0
77.33,0,77.33,4.360930671379148,-0.6925601099555008,0,No,0
77.33,0,77.33,4.360930671379148,-0.6925601099555008,0,No,0
77.33,0,77.33,4.360930671379148,-0.6925601099555008,0,No,0
77.33,0,77.33,4.360930671379148,-0.6925601099555008,0,No,0
77.33,0,77.33,4.360930671379148,-0.6925601099555008,0,No,0
77.5,0,77.5,4.363098624788363,-0.6909135358719581,0,No,0
77.5,0,77.5,4.363098624788363,-0.6909135358719581,0,No,0
77.67,0,77.67,4.365261888341151,-0.6892669617884156,0,No,0
77.67,0,77.67,4.365261888341151,-0.6892669617884156,0,No,0
77.67,0,77.67,4.365261888341151,-0.6892669617884156,0,No,0
77.67,0,77.67,4.365261888341151,-0.6892669617884156,0,No,0
77.67,0,77.67,4.365261888341151,-0.6892669617884156,0,No,0
77.67,0,77.67,4.365261888341151,-0.6892669617884156,0,No,0
77.83,0,77.83,4.367293635071817,-0.6877172450039051,0,No,0
77.83,0,77.83,4.367293635071817,-0.6877172450039051,0,No,0
78.17,0,78.17,4.3715974391833425,-0.6844240968368199,0,No,0
78.17,0,78.17,4.3715974391833425,-0.6844240968368199,0,No,0
78.17,0,78.17,4.3715974391833425,-0.6844240968368199,0,No,0
78.17,0,78.17,4.3715974391833425,-0.6844240968368199,0,No,0
78.33,0,78.33,4.373616367313912,-0.6828743800523093,0,No,0
78.33,0,78.33,4.373616367313912,-0.6828743800523093,0,No,0
78.33,0,78.33,4.373616367313912,-0.6828743800523093,0,No,0
78.33,0,78.33,4.373616367313912,-0.6828743800523093,0,No,0
78.33,0,78.33,4.373616367313912,-0.6828743800523093,0,No,0
78.5,0,78.5,4.375757021660286,-0.6812278059687668,0,No,0
78.5,0,78.5,4.375757021660286,-0.6812278059687668,0,No,0
78.5,0,78.5,4.375757021660286,-0.6812278059687668,0,No,0
78.5,0,78.5,4.375757021660286,-0.6812278059687668,0,No,0
78.67,0,78.67,4.3778931033922746,-0.6795812318852242,0,No,0
78.67,0,78.67,4.3778931033922746,-0.6795812318852242,0,No,0
78.67,0,78.67,4.3778931033922746,-0.6795812318852242,0,No,0
78.67,0,78.67,4.3778931033922746,-0.6795812318852242,0,No,0
78.83,0,78.83,4.379899373657707,-0.6780315151007136,0,No,0
79.0,0,79.0,4.382026634673881,-0.6763849410171711,0,No,0
79.0,0,79.0,4.382026634673881,-0.6763849410171711,0,No,0
79.17,0,79.17,4.38414938005486,-0.6747383669336284,0,No,0
79.17,0,79.17,4.38414938005486,-0.6747383669336284,0,No,0
79.17,0,79.17,4.38414938005486,-0.6747383669336284,0,No,0
79.17,0,79.17,4.38414938005486,-0.6747383669336284,0,No,0
79.17,0,79.17,4.38414938005486,-0.6747383669336284,0,No,0
79.17,0,79.17,4.38414938005486,-0.6747383669336284,0,Yes,1
79.17,0,79.17,4.38414938005486,-0.6747383669336284,0,No,0
79.33,0,79.33,4.386143150185721,-0.6731886501491179,0,No,0
79.33,0,79.33,4.386143150185721,-0.6731886501491179,0,No,0
79.33,0,79.33,4.386143150185721,-0.6731886501491179,0,No,0
79.33,0,79.33,4.386143150185721,-0.6731886501491179,0,No,0
79.33,0,79.33,4.386143150185721,-0.6731886501491179,0,No,0
79.33,0,79.33,4.386143150185721,-0.6731886501491179,0,No,0
79.33,0,79.33,4.386143150185721,-0.6731886501491179,0,No,0
79.33,0,79.33,4.386143150185721,-0.6731886501491179,0,No,0
79.5,0,79.5,4.388257184424518,-0.6715420760655754,0,No,0
79.5,0,79.5,4.388257184424518,-0.6715420760655754,0,No,0
79.5,0,79.5,4.388257184424518,-0.6715420760655754,0,No,0
79.5,0,79.5,4.388257184424518,-0.6715420760655754,0,No,0
79.5,0,79.5,4.388257184424518,-0.6715420760655754,0,No,0
79.5,0,79.5,4.388257184424518,-0.6715420760655754,0,No,0
79.5,0,79.5,4.388257184424518,-0.6715420760655754,0,No,0
79.67,0,79.67,4.390366758948883,-0.6698955019820327,0,No,0
79.67,0,79.67,4.390366758948883,-0.6698955019820327,0,No,0
79.67,0,79.67,4.390366758948883,-0.6698955019820327,0,No,0
79.67,0,79.67,4.390366758948883,-0.6698955019820327,0,No,0
79.83,0,79.83,4.392348183745753,-0.6683457851975222,0,No,0
79.83,0,79.83,4.392348183745753,-0.6683457851975222,0,No,0
79.83,0,79.83,4.392348183745753,-0.6683457851975222,0,No,0
80.0,0,80.0,4.394449154672439,-0.6666992111139796,0,No,0
80.0,0,80.0,4.394449154672439,-0.6666992111139796,0,No,0
80.17,0,80.17,4.3965457207730845,-0.665052637030437,0,No,0
80.33,0,80.33,4.398514952178684,-0.6635029202459265,0,No,0
80.33,0,80.33,4.398514952178684,-0.6635029202459265,0,No,0
80.33,0,80.33,4.398514952178684,-0.6635029202459265,0,No,0
80.33,0,80.33,4.398514952178684,-0.6635029202459265,0,No,0
80.33,0,80.33,4.398514952178684,-0.6635029202459265,0,No,0
80.5,0,80.5,4.400603020246817,-0.6618563461623839,0,No,0
80.5,0,80.5,4.400603020246817,-0.6618563461623839,0,No,0
80.5,0,80.5,4.400603020246817,-0.6618563461623839,0,No,0
80.5,0,80.5,4.400603020246817,-0.6618563461623839,0,No,0
80.5,0,80.5,4.400603020246817,-0.6618563461623839,0,No,0
80.67,0,80.67,4.402686737370185,-0.6602097720788414,0,No,0
81.0,0,81.0,4.406719247264253,-0.6570134812107882,0,No,0
81.0,0,81.0,4.406719247264253,-0.6570134812107882,0,No,0
81.0,0,81.0,4.406719247264253,-0.6570134812107882,0,No,0
81.17,0,81.17,4.408790271943096,-0.6553669071272457,0,No,0
81.17,0,81.17,4.408790271943096,-0.6553669071272457,0,No,0
81.17,0,81.17,4.408790271943096,-0.6553669071272457,0,No,0
81.33,0,81.33,4.410735561310335,-0.653817190342735,0,No,0
81.33,0,81.33,4.410735561310335,-0.653817190342735,0,No,0
81.33,0,81.33,4.410735561310335,-0.653817190342735,0,No,0
81.5,0,81.5,4.412798293340635,-0.6521706162591925,0,No,0
81.5,0,81.5,4.412798293340635,-0.6521706162591925,0,No,0
81.5,0,81.5,4.412798293340635,-0.6521706162591925,0,No,0
81.5,0,81.5,4.412798293340635,-0.6521706162591925,0,No,0
81.67,0,81.67,4.414856779264584,-0.6505240421756499,0,No,0
81.67,0,81.67,4.414856779264584,-0.6505240421756499,0,No,0
81.67,0,81.67,4.414856779264584,-0.6505240421756499,0,No,0
81.83,0,81.83,4.416790314610172,-0.6489743253911393,0,No,0
81.83,0,81.83,4.416790314610172,-0.6489743253911393,0,No,0
82.0,0,82.0,4.418840607796598,-0.6473277513075968,0,No,0
82.0,0,82.0,4.418840607796598,-0.6473277513075968,0,No,0
82.0,0,82.0,4.418840607796598,-0.6473277513075968,0,No,0
82.0,0,82.0,4.418840607796598,-0.6473277513075968,0,No,0
82.0,0,82.0,4.418840607796598,-0.6473277513075968,0,No,0
82.0,0,82.0,4.418840607796598,-0.6473277513075968,0,No,0
82.17,0,82.17,4.420886705880596,-0.6456811772240542,0,No,0
82.17,0,82.17,4.420886705880596,-0.6456811772240542,0,No,0
82.17,0,82.17,4.420886705880596,-0.6456811772240542,0,No,0
82.17,0,82.17,4.420886705880596,-0.6456811772240542,0,No,0
82.33,0,82.33,4.422808628394115,-0.6441314604395436,0,Yes,1
82.33,0,82.33,4.422808628394115,-0.6441314604395436,0,No,0
82.33,0,82.33,4.422808628394115,-0.6441314604395436,0,No,0
82.5,0,82.5,4.42484663185681,-0.642484886356001,0,No,0
82.5,0,82.5,4.42484663185681,-0.642484886356001,0,No,0
82.5,0,82.5,4.42484663185681,-0.642484886356001,0,No,0
82.5,0,82.5,4.42484663185681,-0.642484886356001,0,No,0
82.5,0,82.5,4.42484663185681,-0.642484886356001,0,No,0
82.67,0,82.67,4.426880490307507,-0.6408383122724585,0,No,0
82.67,0,82.67,4.426880490307507,-0.6408383122724585,0,No,0
82.67,0,82.67,4.426880490307507,-0.6408383122724585,0,No,0
82.67,0,82.67,4.426880490307507,-0.6408383122724585,0,No,0
82.67,0,82.67,4.426880490307507,-0.6408383122724585,0,Yes,1
82.83,0,82.83,4.428790938649766,-0.6392885954879478,0,No,0
82.83,0,82.83,4.428790938649766,-0.6392885954879478,0,No,0
82.83,0,82.83,4.428790938649766,-0.6392885954879478,0,No,0
82.83,0,82.83,4.428790938649766,-0.6392885954879478,0,Yes,1
83.0,0,83.0,4.430816798843313,-0.6376420214044053,0,No,0
83.0,0,83.0,4.430816798843313,-0.6376420214044053,0,No,0
83.17,0,83.17,4.432838563223485,-0.6359954473208628,0,Yes,1
83.17,0,83.17,4.432838563223485,-0.6359954473208628,0,No,0
83.17,0,83.17,4.432838563223485,-0.6359954473208628,0,No,0
83.33,0,83.33,4.43473767358655,-0.6344457305363521,0,No,0
83.33,0,83.33,4.43473767358655,-0.6344457305363521,0,No,0
83.33,0,83.33,4.43473767358655,-0.6344457305363521,0,Yes,1
83.33,0,83.33,4.43473767358655,-0.6344457305363521,0,Yes,1
83.33,0,83.33,4.43473767358655,-0.6344457305363521,0,No,0
83.5,0,83.5,4.436751534363128,-0.6327991564528096,0,No,0
83.5,0,83.5,4.436751534363128,-0.6327991564528096,0,No,0
83.5,0,83.5,4.436751534363128,-0.6327991564528096,0,No,0
83.5,0,83.5,4.436751534363128,-0.6327991564528096,0,No,0
83.5,0,83.5,4.436751534363128,-0.6327991564528096,0,No,0
83.5,0,83.5,4.436751534363128,-0.6327991564528096,0,No,0
83.67,0,83.67,4.438761347654186,-0.6311525823692671,0,No,0
83.67,0,83.67,4.438761347654186,-0.6311525823692671,0,No,0
83.67,0,83.67,4.438761347654186,-0.6311525823692671,0,No,0
83.67,0,83.67,4.438761347654186,-0.6311525823692671,0,No,0
83.67,0,83.67,4.438761347654186,-0.6311525823692671,0,No,0
83.67,0,83.67,4.438761347654186,-0.6311525823692671,0,No,0
83.83,0,83.83,4.440649253819643,-0.6296028655847564,0,No,0
83.83,0,83.83,4.440649253819643,-0.6296028655847564,0,No,0
84.0,0,84.0,4.442651256490317,-0.6279562915012139,0,No,0
84.0,0,84.0,4.442651256490317,-0.6279562915012139,0,No,0
84.0,0,84.0,4.442651256490317,-0.6279562915012139,0,No,0
84.17,0,84.17,4.44464925915299,-0.6263097174176713,0,No,0
84.17,0,84.17,4.44464925915299,-0.6263097174176713,0,No,0
84.17,0,84.17,4.44464925915299,-0.6263097174176713,0,No,0
84.17,0,84.17,4.44464925915299,-0.6263097174176713,0,No,0
84.33,0,84.33,4.446526092548494,-0.6247600006331607,0,No,0
84.33,0,84.33,4.446526092548494,-0.6247600006331607,0,No,0
84.33,0,84.33,4.446526092548494,-0.6247600006331607,0,No,0
84.33,0,84.33,4.446526092548494,-0.6247600006331607,0,No,0
84.5,0,84.5,4.448516375942715,-0.6231134265496181,0,No,0
84.5,0,84.5,4.448516375942715,-0.6231134265496181,0,No,0
84.5,0,84.5,4.448516375942715,-0.6231134265496181,0,No,0
84.67,0,84.67,4.4505027059759525,-0.6214668524660756,0,Yes,1
84.67,0,84.67,4.4505027059759525,-0.6214668524660756,0,No,0
84.67,0,84.67,4.4505027059759525,-0.6214668524660756,0,No,0
84.67,0,84.67,4.4505027059759525,-0.6214668524660756,0,No,0
84.67,0,84.67,4.4505027059759525,-0.6214668524660756,0,No,0
84.67,0,84.67,4.4505027059759525,-0.6214668524660756,0,No,0
84.8,0,84.8,4.4520190064939165,-0.6202077075786607,0,Yes,1
84.83,0,84.83,4.452368595730128,-0.619917135681565,0,No,0
84.83,0,84.83,4.452368595730128,-0.619917135681565,0,No,0
84.83,0,84.83,4.452368595730128,-0.619917135681565,0,No,0
85.0,0,85.0,4.454347296253507,-0.6182705615980224,0,No,0
85.17,0,85.17,4.4563220892516755,-0.6166239875144799,0,No,0
85.2,0,85.2,4.456670177669648,-0.6163334156173841,0,No,0
85.33,0,85.33,4.4581771622474315,-0.6150742707299692,0,No,0
85.33,0,85.33,4.4581771622474315,-0.6150742707299692,0,No,0
85.33,0,85.33,4.4581771622474315,-0.6150742707299692,0,Yes,1
85.5,0,85.5,4.460144413937834,-0.6134276966464267,0,No,0
85.5,0,85.5,4.460144413937834,-0.6134276966464267,0,No,0
85.67,0,85.67,4.462107803146254,-0.6117811225628842,0,Yes,1
85.83,0,85.83,4.463952184072554,-0.6102314057783735,0,No,0
85.83,0,85.83,4.463952184072554,-0.6102314057783735,0,No,0
85.83,0,85.83,4.463952184072554,-0.6102314057783735,0,No,0
85.83,0,85.83,4.463952184072554,-0.6102314057783735,0,No,0
85.83,0,85.83,4.463952184072554,-0.6102314057783735,0,No,0
85.83,0,85.83,4.463952184072554,-0.6102314057783735,0,No,0
86.0,0,86.0,4.465908118654584,-0.608584831694831,0,No,0
86.0,0,86.0,4.465908118654584,-0.608584831694831,0,No,0
86.0,0,86.0,4.465908118654584,-0.608584831694831,0,No,0
86.33,0,86.33,4.469694046425642,-0.6053885408267778,0,No,0
86.33,0,86.33,4.469694046425642,-0.6053885408267778,0,No,0
86.5,0,86.5,4.471638793363569,-0.6037419667432353,0,No,0
86.67,0,86.67,4.473579765600494,-0.6020953926596927,0,No,0
86.67,0,86.67,4.473579765600494,-0.6020953926596927,0,No,0
86.67,0,86.67,4.473579765600494,-0.6020953926596927,0,No,0
86.83,0,86.83,4.475403127929026,-0.6005456758751821,0,No,0
86.83,0,86.83,4.475403127929026,-0.6005456758751821,0,No,0
86.83,0,86.83,4.475403127929026,-0.6005456758751821,0,No,0
86.83,0,86.83,4.475403127929026,-0.6005456758751821,0,No,0
86.83,0,86.83,4.475403127929026,-0.6005456758751821,0,No,0
86.83,0,86.83,4.475403127929026,-0.6005456758751821,0,No,0
87.0,0,87.0,4.477336814478207,-0.5988991017916395,0,No,0
87.17,0,87.17,4.479266769098936,-0.597252527708097,0,No,0
87.17,0,87.17,4.479266769098936,-0.597252527708097,0,No,0
87.17,0,87.17,4.479266769098936,-0.597252527708097,0,Yes,1
87.33,0,87.33,4.4810798007570405,-0.5957028109235865,0,No,0
87.33,0,87.33,4.4810798007570405,-0.5957028109235865,0,No,0
87.5,0,87.5,4.483002552013883,-0.5940562368400438,0,No,0
87.67,0,87.67,4.484921613391916,-0.5924096627565013,0,No,0
87.67,0,87.67,4.484921613391916,-0.5924096627565013,0,No,0
87.67,0,87.67,4.484921613391916,-0.5924096627565013,0,No,0
87.67,0,87.67,4.484921613391916,-0.5924096627565013,0,No,0
87.67,0,87.67,4.484921613391916,-0.5924096627565013,0,No,0
87.83,0,87.83,4.486724430781609,-0.5908599459719907,0,No,0
87.83,0,87.83,4.486724430781609,-0.5908599459719907,0,No,0
87.83,0,87.83,4.486724430781609,-0.5908599459719907,0,No,0
87.83,0,87.83,4.486724430781609,-0.5908599459719907,0,No,0
88.0,0,88.0,4.48863636973214,-0.5892133718884481,0,No,0
88.0,0,88.0,4.48863636973214,-0.5892133718884481,0,Yes,1
88.0,0,88.0,4.48863636973214,-0.5892133718884481,0,Yes,1
88.0,0,88.0,4.48863636973214,-0.5892133718884481,0,No,0
88.0,0,88.0,4.48863636973214,-0.5892133718884481,0,No,0
88.0,0,88.0,4.48863636973214,-0.5892133718884481,0,No,0
88.0,0,88.0,4.48863636973214,-0.5892133718884481,0,No,0
88.17,0,88.17,4.490544660146788,-0.5875667978049056,0,No,0
88.17,0,88.17,4.490544660146788,-0.5875667978049056,0,No,0
88.33,0,88.33,4.492337377713747,-0.586017081020395,0,No,0
88.33,0,88.33,4.492337377713747,-0.586017081020395,0,No,0
88.33,0,88.33,4.492337377713747,-0.586017081020395,0,No,0
88.5,0,88.5,4.4942386252808095,-0.5843705069368524,0,No,0
88.5,0,88.5,4.4942386252808095,-0.5843705069368524,0,No,0
88.5,0,88.5,4.4942386252808095,-0.5843705069368524,0,No,0
88.67,0,88.67,4.4961362649639565,-0.5827239328533098,0,Yes,1
88.67,0,88.67,4.4961362649639565,-0.5827239328533098,0,No,0
88.67,0,88.67,4.4961362649639565,-0.5827239328533098,0,No,0
88.67,0,88.67,4.4961362649639565,-0.5827239328533098,0,No,0
88.67,0,88.67,4.4961362649639565,-0.5827239328533098,0,No,0
88.67,0,88.67,4.4961362649639565,-0.5827239328533098,0,No,0
88.83,0,88.83,4.497918995241116,-0.5811742160687993,0,Yes,1
88.83,0,88.83,4.497918995241116,-0.5811742160687993,0,No,0
88.83,0,88.83,4.497918995241116,-0.5811742160687993,0,Yes,1
88.83,0,88.83,4.497918995241116,-0.5811742160687993,0,No,0
89.0,0,89.0,4.499809670330265,-0.5795276419852567,0,No,0
89.17,0,89.17,4.501696777511816,-0.5778810679017141,0,No,0
89.17,0,89.17,4.501696777511816,-0.5778810679017141,0,No,0
89.17,0,89.17,4.501696777511816,-0.5778810679017141,0,No,0
89.17,0,89.17,4.501696777511816,-0.5778810679017141,0,No,0
89.17,0,89.17,4.501696777511816,-0.5778810679017141,0,No,0
89.33,0,89.33,4.503469631161752,-0.5763313511172036,0,No,0
89.33,0,89.33,4.503469631161752,-0.5763313511172036,0,No,0
89.33,0,89.33,4.503469631161752,-0.5763313511172036,0,No,0
89.33,0,89.33,4.503469631161752,-0.5763313511172036,0,No,0
89.5,0,89.5,4.505349850705881,-0.5746847770336609,0,No,0
89.5,0,89.5,4.505349850705881,-0.5746847770336609,0,No,0
89.5,0,89.5,4.505349850705881,-0.5746847770336609,0,No,0
89.5,0,89.5,4.505349850705881,-0.5746847770336609,0,No,0
89.67,0,89.67,4.507226541657965,-0.5730382029501184,0,No,0
89.67,0,89.67,4.507226541657965,-0.5730382029501184,0,No,0
89.83,0,89.83,4.508989627514122,-0.5714884861656079,0,No,0
89.83,0,89.83,4.508989627514122,-0.5714884861656079,0,No,0
90.0,0,90.0,4.51085950651685,-0.5698419120820652,0,No,0
90.0,0,90.0,4.51085950651685,-0.5698419120820652,0,No,0
90.0,0,90.0,4.51085950651685,-0.5698419120820652,0,No,0
90.0,0,90.0,4.51085950651685,-0.5698419120820652,0,No,0
90.0,0,90.0,4.51085950651685,-0.5698419120820652,0,No,0
90.0,0,90.0,4.51085950651685,-0.5698419120820652,0,No,0
90.17,0,90.17,4.5127258955968115,-0.5681953379985227,0,No,0
90.33,0,90.33,4.514479320703588,-0.5666456212140121,0,No,0
90.33,0,90.33,4.514479320703588,-0.5666456212140121,0,No,0
90.33,0,90.33,4.514479320703588,-0.5666456212140121,0,No,0
90.5,0,90.5,4.516338972281476,-0.5649990471304696,0,No,0
90.5,0,90.5,4.516338972281476,-0.5649990471304696,0,No,0
90.67,0,90.67,4.518195171973685,-0.563352473046927,0,No,0
90.67,0,90.67,4.518195171973685,-0.563352473046927,0,No,0
90.83,0,90.83,4.519939041625431,-0.5618027562624164,0,No,0
90.83,0,90.83,4.519939041625431,-0.5618027562624164,0,No,0
91.0,0,91.0,4.5217885770490405,-0.5601561821788739,0,No,0
91.0,0,91.0,4.5217885770490405,-0.5601561821788739,0,No,0
91.17,0,91.17,4.523634698005573,-0.5585096080953312,0,No,0
91.17,0,91.17,4.523634698005573,-0.5585096080953312,0,No,0
91.33,0,91.33,4.525369115784536,-0.5569598913108207,0,No,0
91.33,0,91.33,4.525369115784536,-0.5569598913108207,0,No,0
91.33,0,91.33,4.525369115784536,-0.5569598913108207,0,No,0
91.5,0,91.5,4.52720864451838,-0.5553133172272782,0,No,0
91.5,0,91.5,4.52720864451838,-0.5553133172272782,0,No,0
91.67,0,91.67,4.5290447955986,-0.5536667431437355,0,No,0
91.67,0,91.67,4.5290447955986,-0.5536667431437355,0,No,0
91.67,0,91.67,4.5290447955986,-0.5536667431437355,0,No,0
91.67,0,91.67,4.5290447955986,-0.5536667431437355,0,No,0
91.83,0,91.83,4.530769863411841,-0.552117026359225,0,No,0
91.83,0,91.83,4.530769863411841,-0.552117026359225,0,Yes,1
91.83,0,91.83,4.530769863411841,-0.552117026359225,0,No,0
92.0,0,92.0,4.532599493153256,-0.5504704522756824,0,No,0
92.0,0,92.0,4.532599493153256,-0.5504704522756824,0,No,0
92.0,0,92.0,4.532599493153256,-0.5504704522756824,0,No,0
92.0,0,92.0,4.532599493153256,-0.5504704522756824,0,No,0
92.17,0,92.17,4.534425781462334,-0.5488238781921398,0,No,0
92.17,0,92.17,4.534425781462334,-0.5488238781921398,0,No,0
92.17,0,92.17,4.534425781462334,-0.5488238781921398,0,No,0
92.33,0,92.33,4.536141599577656,-0.5472741614076293,0,No,0
92.5,0,92.5,4.537961436294641,-0.5456275873240867,0,No,0
92.5,0,92.5,4.537961436294641,-0.5456275873240867,0,No,0
92.5,0,92.5,4.537961436294641,-0.5456275873240867,0,No,0
92.5,0,92.5,4.537961436294641,-0.5456275873240867,0,No,0
92.67,0,92.67,4.539777967221039,-0.5439810132405442,0,No,0
92.67,0,92.67,4.539777967221039,-0.5439810132405442,0,No,0
92.67,0,92.67,4.539777967221039,-0.5439810132405442,0,No,0
92.83,0,92.83,4.541484634301958,-0.5424312964560335,0,No,0
93.0,0,93.0,4.543294782270004,-0.540784722372491,0,No,0
93.0,0,93.0,4.543294782270004,-0.540784722372491,0,No,0
93.17,0,93.17,4.545101659521972,-0.5391381482889485,0,No,0
93.17,0,93.17,4.545101659521972,-0.5391381482889485,0,No,0
93.17,0,93.17,4.545101659521972,-0.5391381482889485,0,No,0
93.17,0,93.17,4.545101659521972,-0.5391381482889485,0,No,0
93.33,0,93.33,4.546799272661762,-0.5375884315044378,0,No,0
93.33,0,93.33,4.546799272661762,-0.5375884315044378,0,No,0
93.33,0,93.33,4.546799272661762,-0.5375884315044378,0,Yes,1
93.33,0,93.33,4.546799272661762,-0.5375884315044378,0,No,0
93.33,0,93.33,4.546799272661762,-0.5375884315044378,0,No,0
93.5,0,93.5,4.548599834499697,-0.5359418574208953,0,No,0
93.5,0,93.5,4.548599834499697,-0.5359418574208953,0,No,0
93.5,0,93.5,4.548599834499697,-0.5359418574208953,0,No,0
93.5,0,93.5,4.548599834499697,-0.5359418574208953,0,No,0
93.83,0,93.83,4.552085814895636,-0.5327455665528421,0,No,0
94.17,0,94.17,4.555664766084252,-0.529452418385757,0,No,0
94.33,0,94.33,4.557344556505487,-0.5279027016012464,0,No,0
94.33,0,94.33,4.557344556505487,-0.5279027016012464,0,No,0
94.33,0,94.33,4.557344556505487,-0.5279027016012464,0,No,0
94.5,0,94.5,4.5591262474866845,-0.5262561275177038,0,No,0
94.5,0,94.5,4.5591262474866845,-0.5262561275177038,0,No,0
94.67,0,94.67,4.560904769690076,-0.5246095534341613,0,No,0
94.67,0,94.67,4.560904769690076,-0.5246095534341613,0,No,0
94.67,0,94.67,4.560904769690076,-0.5246095534341613,0,No,0
94.67,0,94.67,4.560904769690076,-0.5246095534341613,0,No,0
94.67,0,94.67,4.560904769690076,-0.5246095534341613,0,No,0
94.67,0,94.67,4.560904769690076,-0.5246095534341613,0,No,0
94.67,0,94.67,4.560904769690076,-0.5246095534341613,0,No,0
94.67,0,94.67,4.560904769690076,-0.5246095534341613,0,No,0
94.67,0,94.67,4.560904769690076,-0.5246095534341613,0,No,0
94.83,0,94.83,4.562575788355671,-0.5230598366496507,0,No,0
94.83,0,94.83,4.562575788355671,-0.5230598366496507,0,No,0
94.83,0,94.83,4.562575788355671,-0.5230598366496507,0,No,0
94.83,0,94.83,4.562575788355671,-0.5230598366496507,0,No,0
94.83,0,94.83,4.562575788355671,-0.5230598366496507,0,No,0
95.0,0,95.0,4.564348191467836,-0.5214132625661081,0,No,0
95.17,0,95.17,4.56611745872439,-0.5197666884825656,0,No,0
95.17,0,95.17,4.56611745872439,-0.5197666884825656,0,No,0
95.17,0,95.17,4.56611745872439,-0.5197666884825656,0,No,0
95.17,0,95.17,4.56611745872439,-0.5197666884825656,0,No,0
95.17,0,95.17,4.56611745872439,-0.5197666884825656,0,No,0
95.17,0,95.17,4.56611745872439,-0.5197666884825656,0,Yes,1
95.17,0,95.17,4.56611745872439,-0.5197666884825656,0,No,0
95.17,0,95.17,4.56611745872439,-0.5197666884825656,0,No,0
95.33,0,95.33,4.567779796769532,-0.5182169716980549,0,No,0
95.33,0,95.33,4.567779796769532,-0.5182169716980549,0,No,0
95.5,0,95.5,4.56954300834494,-0.5165703976145124,0,No,0
95.5,0,95.5,4.56954300834494,-0.5165703976145124,0,No,0
95.5,0,95.5,4.56954300834494,-0.5165703976145124,0,Yes,1
95.5,0,95.5,4.56954300834494,-0.5165703976145124,0,No,0
95.67,0,95.67,4.571303116476514,-0.5149238235309699,0,No,0
95.67,0,95.67,4.571303116476514,-0.5149238235309699,0,No,0
95.67,0,95.67,4.571303116476514,-0.5149238235309699,0,No,0
95.83,0,95.83,4.57295686362344,-0.5133741067464592,0,No,0
95.83,0,95.83,4.57295686362344,-0.5133741067464592,0,No,0
95.83,0,95.83,4.57295686362344,-0.5133741067464592,0,No,0
96.0,0,96.0,4.574710978503383,-0.5117275326629167,0,No,0
96.0,0,96.0,4.574710978503383,-0.5117275326629167,0,No,0
96.17,0,96.17,4.576462021851348,-0.5100809585793741,0,No,0
96.17,0,96.17,4.576462021851348,-0.5100809585793741,0,No,0
96.17,0,96.17,4.576462021851348,-0.5100809585793741,0,No,0
96.33,0,96.33,4.578107266438402,-0.5085312417948635,0,No,0
96.33,0,96.33,4.578107266438402,-0.5085312417948635,0,No,0
96.33,0,96.33,4.578107266438402,-0.5085312417948635,0,No,0
96.33,0,96.33,4.578107266438402,-0.5085312417948635,0,No,0
96.33,0,96.33,4.578107266438402,-0.5085312417948635,0,No,0
96.33,0,96.33,4.578107266438402,-0.5085312417948635,0,No,0
96.5,0,96.5,4.579852378003801,-0.506884667711321,0,No,0
96.67,0,96.67,4.581594449459386,-0.5052380936277784,0,No,0
96.67,0,96.67,4.581594449459386,-0.5052380936277784,0,No,0
96.67,0,96.67,4.581594449459386,-0.5052380936277784,0,No,0
96.67,0,96.67,4.581594449459386,-0.5052380936277784,0,No,0
96.83,0,96.83,4.583231278469338,-0.5036883768432678,0,No,0
96.83,0,96.83,4.583231278469338,-0.5036883768432678,0,No,0
97.0,0,97.0,4.584967478670572,-0.5020418027597252,0,No,0
97.0,0,97.0,4.584967478670572,-0.5020418027597252,0,No,0
97.0,0,97.0,4.584967478670572,-0.5020418027597252,0,No,0
97.0,0,97.0,4.584967478670572,-0.5020418027597252,0,Yes,1
97.17,0,97.17,4.58670066970443,-0.5003952286761827,0,No,0
97.17,0,97.17,4.58670066970443,-0.5003952286761827,0,No,0
97.17,0,97.17,4.58670066970443,-0.5003952286761827,0,No,0
97.33,0,97.33,4.588329168792065,-0.4988455118916721,0,No,0
97.33,0,97.33,4.588329168792065,-0.4988455118916721,0,No,0
97.5,0,97.5,4.590056548178043,-0.4971989378081295,0,No,0
97.5,0,97.5,4.590056548178043,-0.4971989378081295,0,No,0
97.5,0,97.5,4.590056548178043,-0.4971989378081295,0,No,0
97.5,0,97.5,4.590056548178043,-0.4971989378081295,0,No,0
97.67,0,97.67,4.591780948869076,-0.495552363724587,0,No,0
97.67,0,97.67,4.591780948869076,-0.495552363724587,0,No,0
97.67,0,97.67,4.591780948869076,-0.495552363724587,0,No,0
97.67,0,97.67,4.591780948869076,-0.495552363724587,0,No,0
97.67,0,97.67,4.591780948869076,-0.495552363724587,0,No,0
97.83,0,97.83,4.593401202388092,-0.4940026469400764,0,No,0
97.83,0,97.83,4.593401202388092,-0.4940026469400764,0,No,0
97.83,0,97.83,4.593401202388092,-0.4940026469400764,0,No,0
98.0,0,98.0,4.59511985013459,-0.4923560728565338,0,No,0
98.0,0,98.0,4.59511985013459,-0.4923560728565338,0,Yes,1
98.0,0,98.0,4.59511985013459,-0.4923560728565338,0,No,0
98.0,0,98.0,4.59511985013459,-0.4923560728565338,0,No,0
98.33,0,98.33,4.598447640227264,-0.48915978198848065,0,Yes,1
98.33,0,98.33,4.598447640227264,-0.48915978198848065,0,No,0
98.33,0,98.33,4.598447640227264,-0.48915978198848065,0,No,0
98.33,0,98.33,4.598447640227264,-0.48915978198848065,0,No,0
98.5,0,98.5,4.600157644164547,-0.4875132079049381,0,No,0
98.5,0,98.5,4.600157644164547,-0.4875132079049381,0,No,0
98.67,0,98.67,4.601864728979365,-0.48586663382139555,0,No,0
98.67,0,98.67,4.601864728979365,-0.48586663382139555,0,No,0
98.67,0,98.67,4.601864728979365,-0.48586663382139555,0,No,0
98.67,0,98.67,4.601864728979365,-0.48586663382139555,0,No,0
98.67,0,98.67,4.601864728979365,-0.48586663382139555,0,No,0
98.83,0,98.83,4.603468739348334,-0.48431691703688495,0,No,0
99.0,0,99.0,4.605170185988092,-0.4826703429533424,0,No,0
99.0,0,99.0,4.605170185988092,-0.4826703429533424,0,No,0
99.0,0,99.0,4.605170185988092,-0.4826703429533424,0,No,0
99.0,0,99.0,4.605170185988092,-0.4826703429533424,0,No,0
99.0,0,99.0,4.605170185988092,-0.4826703429533424,0,No,0
99.17,0,99.17,4.606868742623673,-0.4810237688697998,0,No,0
99.17,0,99.17,4.606868742623673,-0.4810237688697998,0,No,0
99.17,0,99.17,4.606868742623673,-0.4810237688697998,0,No,0
99.17,0,99.17,4.606868742623673,-0.4810237688697998,0,No,0
99.5,0,99.5,4.61015772749913,-0.4778274780017467,0,No,0
99.67,0,99.67,4.611847840741332,-0.4761809039182041,0,No,0
99.67,0,99.67,4.611847840741332,-0.4761809039182041,0,No,0
99.83,0,99.83,4.613435930405124,-0.4746311871336935,0,No,0
99.83,0,99.83,4.613435930405124,-0.4746311871336935,0,No,0
100.0,0,100.0,4.61512051684126,-0.47298461305015094,0,Yes,1
100.17,0,100.17,4.616802270217799,-0.47133803896660836,0,No,0
100.17,0,100.17,4.616802270217799,-0.47133803896660836,0,No,0
100.17,0,100.17,4.616802270217799,-0.47133803896660836,0,No,0
100.5,0,100.5,4.620058798481842,-0.46814174809855524,0,No,0
100.5,0,100.5,4.620058798481842,-0.46814174809855524,0,No,0
100.5,0,100.5,4.620058798481842,-0.46814174809855524,0,No,0
100.67,0,100.67,4.62173227428707,-0.46649517401501267,0,No,0
100.67,0,100.67,4.62173227428707,-0.46649517401501267,0,No,0
100.67,0,100.67,4.62173227428707,-0.46649517401501267,0,Yes,1
100.67,0,100.67,4.62173227428707,-0.46649517401501267,0,No,0
100.83,0,100.83,4.623304756183574,-0.46494545723050207,0,No,0
101.0,0,101.0,4.624972813284271,-0.4632988831469595,0,No,0
101.0,0,101.0,4.624972813284271,-0.4632988831469595,0,No,0
101.0,0,101.0,4.624972813284271,-0.4632988831469595,0,No,0
101.0,0,101.0,4.624972813284271,-0.4632988831469595,0,No,0
101.0,0,101.0,4.624972813284271,-0.4632988831469595,0,No,0
101.17,0,101.17,4.626638092603332,-0.461652309063417,0,Yes,1
101.17,0,101.17,4.626638092603332,-0.461652309063417,0,No,0
101.33,0,101.33,4.628202885098664,-0.4601025922789064,0,Yes,1
101.33,0,101.33,4.628202885098664,-0.4601025922789064,0,No,0
101.33,0,101.33,4.628202885098664,-0.4601025922789064,0,No,0
101.5,0,101.5,4.629862798578463,-0.4584560181953638,0,No,0
101.5,0,101.5,4.629862798578463,-0.4584560181953638,0,No,0
101.67,0,101.67,4.6315199613108735,-0.45680944411182123,0,No,0
101.67,0,101.67,4.6315199613108735,-0.45680944411182123,0,No,0
101.67,0,101.67,4.6315199613108735,-0.45680944411182123,0,No,0
101.83,0,101.83,4.6330771392411,-0.4552597273273106,0,No,0
101.83,0,101.83,4.6330771392411,-0.4552597273273106,0,No,0
102.0,0,102.0,4.634728988229636,-0.4536131532437681,0,No,0
102.0,0,102.0,4.634728988229636,-0.4536131532437681,0,Yes,1
102.0,0,102.0,4.634728988229636,-0.4536131532437681,0,No,0
102.17,0,102.17,4.6363781131122845,-0.45196657916022553,0,No,0
102.17,0,102.17,4.6363781131122845,-0.45196657916022553,0,No,0
102.17,0,102.17,4.6363781131122845,-0.45196657916022553,0,No,0
102.33,0,102.33,4.637927750226264,-0.45041686237571493,0,No,0
102.33,0,102.33,4.637927750226264,-0.45041686237571493,0,Yes,1
102.5,0,102.5,4.639571612705423,-0.44877028829217236,0,No,0
102.5,0,102.5,4.639571612705423,-0.44877028829217236,0,No,0
102.67,0,102.67,4.641212777335021,-0.4471237142086298,0,No,0
102.67,0,102.67,4.641212777335021,-0.4471237142086298,0,No,0
102.83,0,102.83,4.642754946315362,-0.4455739974241192,0,No,0
102.83,0,102.83,4.642754946315362,-0.4455739974241192,0,Yes,1
102.83,0,102.83,4.642754946315362,-0.4455739974241192,0,No,0
102.83,0,102.83,4.642754946315362,-0.4455739974241192,0,No,0
103.17,0,103.17,4.646024179996357,-0.4422808492570341,0,No,0
103.17,0,103.17,4.646024179996357,-0.4422808492570341,0,No,0
103.17,0,103.17,4.646024179996357,-0.4422808492570341,0,No,0
103.17,0,103.17,4.646024179996357,-0.4422808492570341,0,No,0
103.33,0,103.33,4.647558952479878,-0.4407311324725235,0,No,0
103.33,0,103.33,4.647558952479878,-0.4407311324725235,0,Yes,1
103.33,0,103.33,4.647558952479878,-0.4407311324725235,0,No,0
103.5,0,103.5,4.6491870714048655,-0.4390845583889809,0,No,0
103.67,0,103.67,4.650812543866793,-0.4374379843054384,0,No,0
103.67,0,103.67,4.650812543866793,-0.4374379843054384,0,No,0
103.67,0,103.67,4.650812543866793,-0.4374379843054384,0,No,0
103.67,0,103.67,4.650812543866793,-0.4374379843054384,0,No,0
104.0,0,104.0,4.653960350157523,-0.4342416934373852,0,No,0
104.0,0,104.0,4.653960350157523,-0.4342416934373852,0,No,0
104.17,0,104.17,4.655578088531937,-0.43259511935384265,0,No,0
104.17,0,104.17,4.655578088531937,-0.43259511935384265,0,No,0
104.17,0,104.17,4.655578088531937,-0.43259511935384265,0,No,0
104.17,0,104.17,4.655578088531937,-0.43259511935384265,0,No,0
104.33,0,104.33,4.6570982788484505,-0.43104540256933205,0,No,0
104.67,0,104.67,4.660321030452939,-0.42775225440224696,0,No,0
104.67,0,104.67,4.660321030452939,-0.42775225440224696,0,No,0
104.83,0,104.83,4.661834033105633,-0.42620253761773635,0,Yes,1
105.0,0,105.0,4.663439094112067,-0.4245559635341938,0,No,0
105.0,0,105.0,4.663439094112067,-0.4245559635341938,0,No,0
105.17,0,105.17,4.665041583025482,-0.4229093894506512,0,No,0
105.17,0,105.17,4.665041583025482,-0.4229093894506512,0,No,0
105.17,0,105.17,4.665041583025482,-0.4229093894506512,0,Yes,1
105.33,0,105.33,4.666547465662995,-0.4213596726661406,0,No,0
105.33,0,105.33,4.666547465662995,-0.4213596726661406,0,No,0
105.33,0,105.33,4.666547465662995,-0.4213596726661406,0,No,0
105.5,0,105.5,4.66814498514948,-0.4197130985825981,0,No,0
105.5,0,105.5,4.66814498514948,-0.4197130985825981,0,No,0
105.5,0,105.5,4.66814498514948,-0.4197130985825981,0,No,0
105.67,0,105.67,4.669739956637391,-0.4180665244990555,0,No,0
105.67,0,105.67,4.669739956637391,-0.4180665244990555,0,No,0
105.67,0,105.67,4.669739956637391,-0.4180665244990555,0,No,0
105.83,0,105.83,4.671238785957796,-0.4165168077145449,0,No,0
105.83,0,105.83,4.671238785957796,-0.4165168077145449,0,No,0
106.0,0,106.0,4.672828834461906,-0.41487023363100234,0,No,0
106.0,0,106.0,4.672828834461906,-0.41487023363100234,0,Yes,1
106.0,0,106.0,4.672828834461906,-0.41487023363100234,0,No,0
106.17,0,106.17,4.674416358724906,-0.4132236595474598,0,No,0
106.17,0,106.17,4.674416358724906,-0.4132236595474598,0,No,0
106.17,0,106.17,4.674416358724906,-0.4132236595474598,0,No,0
106.33,0,106.33,4.675908200493433,-0.4116739427629492,0,No,0
106.33,0,106.33,4.675908200493433,-0.4116739427629492,0,No,0
106.33,0,106.33,4.675908200493433,-0.4116739427629492,0,No,0
106.33,0,106.33,4.675908200493433,-0.4116739427629492,0,No,0
106.5,0,106.5,4.677490847567717,-0.41002736867940665,0,No,0
106.5,0,106.5,4.677490847567717,-0.41002736867940665,0,No,0
106.67,0,106.67,4.679070993827626,-0.40838079459586407,0,No,0
106.67,0,106.67,4.679070993827626,-0.40838079459586407,0,Yes,1
106.67,0,106.67,4.679070993827626,-0.40838079459586407,0,No,0
106.83,0,106.83,4.680555912893981,-0.40683107781135347,0,No,0
106.83,0,106.83,4.680555912893981,-0.40683107781135347,0,No,0
106.83,0,106.83,4.680555912893981,-0.40683107781135347,0,No,0
106.83,0,106.83,4.680555912893981,-0.40683107781135347,0,No,0
106.83,0,106.83,4.680555912893981,-0.40683107781135347,0,No,0
107.0,0,107.0,4.68213122712422,-0.4051845037278109,0,No,0
107.0,0,107.0,4.68213122712422,-0.4051845037278109,0,No,0
107.17,0,107.17,4.683704063642198,-0.4035379296442684,0,No,0
107.17,0,107.17,4.683704063642198,-0.4035379296442684,0,No,0
107.33,0,107.33,4.6851821239574765,-0.4019882128597578,0,No,0
107.5,0,107.5,4.686750172980514,-0.4003416387762152,0,No,0
107.5,0,107.5,4.686750172980514,-0.4003416387762152,0,No,0
107.67,0,107.67,4.68831576707476,-0.39869506469267263,0,No,0
107.67,0,107.67,4.68831576707476,-0.39869506469267263,0,No,0
107.83,0,107.83,4.68978703170797,-0.397145347908162,0,No,0
108.0,0,108.0,4.6913478822291435,-0.3954987738246195,0,No,0
108.0,0,108.0,4.6913478822291435,-0.3954987738246195,0,No,0
108.0,0,108.0,4.6913478822291435,-0.3954987738246195,0,No,0
108.17,0,108.17,4.6929063002921785,-0.39385219974107694,0,No,0
108.33,0,108.33,4.694370831446394,-0.39230248295656633,0,No,0
108.33,0,108.33,4.694370831446394,-0.39230248295656633,0,No,0
108.33,0,108.33,4.694370831446394,-0.39230248295656633,0,No,0
108.5,0,108.5,4.695924549256556,-0.39065590887302376,0,No,0
108.67,0,108.67,4.697475856772117,-0.3890093347894812,0,No,0
108.83,0,108.83,4.698933715800255,-0.38745961800497064,0,No,0
108.83,0,108.83,4.698933715800255,-0.38745961800497064,0,No,0
108.83,0,108.83,4.698933715800255,-0.38745961800497064,0,No,0
108.83,0,108.83,4.698933715800255,-0.38745961800497064,0,No,0
109.0,0,109.0,4.700480365792417,-0.38581304392142807,0,No,0
109.33,0,109.33,4.703475874772215,-0.3826167530533749,0,No,0
109.33,0,109.33,4.703475874772215,-0.3826167530533749,0,No,0
109.33,0,109.33,4.703475874772215,-0.3826167530533749,0,No,0
109.33,0,109.33,4.703475874772215,-0.3826167530533749,0,No,0
109.33,0,109.33,4.703475874772215,-0.3826167530533749,0,No,0
109.33,0,109.33,4.703475874772215,-0.3826167530533749,0,No,0
109.83,0,109.83,4.707997495787562,-0.3777738881017792,0,No,0
109.83,0,109.83,4.707997495787562,-0.3777738881017792,0,No,0
110.0,0,110.0,4.709530201312334,-0.3761273140182366,0,No,0
110.0,0,110.0,4.709530201312334,-0.3761273140182366,0,No,0
110.0,0,110.0,4.709530201312334,-0.3761273140182366,0,No,0
110.17,0,110.17,4.711060561245524,-0.37448073993469405,0,No,0
110.17,0,110.17,4.711060561245524,-0.37448073993469405,0,No,0
110.5,0,110.5,4.7140245909001735,-0.37128444906664093,0,No,0
110.5,0,110.5,4.7140245909001735,-0.37128444906664093,0,No,0
110.67,0,110.67,4.7155480934577,-0.36963787498309836,0,No,0
110.83,0,110.83,4.716979861040097,-0.36808815819858776,0,No,0
110.83,0,110.83,4.716979861040097,-0.36808815819858776,0,No,0
111.0,0,111.0,4.718498871295094,-0.3664415841150452,0,No,0
111.0,0,111.0,4.718498871295094,-0.3664415841150452,0,No,0
111.0,0,111.0,4.718498871295094,-0.3664415841150452,0,No,0
111.17,0,111.17,4.720015577657132,-0.3647950100315026,0,No,0
111.17,0,111.17,4.720015577657132,-0.3647950100315026,0,No,0
111.17,0,111.17,4.720015577657132,-0.3647950100315026,0,No,0
111.33,0,111.33,4.721440967653478,-0.363245293246992,0,No,0
111.33,0,111.33,4.721440967653478,-0.363245293246992,0,No,0
111.5,0,111.5,4.722953221644475,-0.3615987191634495,0,No,0
111.5,0,111.5,4.722953221644475,-0.3615987191634495,0,No,0
111.67,0,111.67,4.724463192176074,-0.3599521450799069,0,No,0
111.67,0,111.67,4.724463192176074,-0.3599521450799069,0,No,0
111.67,0,111.67,4.724463192176074,-0.3599521450799069,0,No,0
111.83,0,111.83,4.725882261150355,-0.3584024282953963,0,Yes,1
112.0,0,112.0,4.727387818712341,-0.35675585421185374,0,No,0
112.17,0,112.17,4.72889111297785,-0.3551092801283112,0,No,0
112.17,0,112.17,4.72889111297785,-0.3551092801283112,0,No,0
112.17,0,112.17,4.72889111297785,-0.3551092801283112,0,No,0
112.17,0,112.17,4.72889111297785,-0.3551092801283112,0,No,0
112.17,0,112.17,4.72889111297785,-0.3551092801283112,0,No,0
112.33,0,112.33,4.730303916744857,-0.3535595633438006,0,No,0
112.33,0,112.33,4.730303916744857,-0.3535595633438006,0,No,0
112.67,0,112.67,4.733299513698619,-0.3502664151767155,0,No,0
112.67,0,112.67,4.733299513698619,-0.3502664151767155,0,No,0
112.67,0,112.67,4.733299513698619,-0.3502664151767155,0,No,0
113.0,0,113.0,4.736198448394496,-0.3470701243086623,0,No,0
113.0,0,113.0,4.736198448394496,-0.3470701243086623,0,No,0
113.17,0,113.17,4.737688565688236,-0.3454235502251198,0,No,0
113.17,0,113.17,4.737688565688236,-0.3454235502251198,0,No,0
113.17,0,113.17,4.737688565688236,-0.3454235502251198,0,No,0
113.17,0,113.17,4.737688565688236,-0.3454235502251198,0,No,0
113.17,0,113.17,4.737688565688236,-0.3454235502251198,0,No,0
113.33,0,113.33,4.739089003553879,-0.3438738334406092,0,No,0
113.33,0,113.33,4.739089003553879,-0.3438738334406092,0,Yes,1
113.5,0,113.5,4.740574822994295,-0.3422272593570666,0,No,0
113.67,0,113.67,4.742058438050213,-0.34058068527352403,0,No,0
113.67,0,113.67,4.742058438050213,-0.34058068527352403,0,No,0
113.83,0,113.83,4.743452773788098,-0.33903096848901343,0,No,0
114.0,0,114.0,4.74493212836325,-0.3373843944054709,0,No,0
114.0,0,114.0,4.74493212836325,-0.3373843944054709,0,No,0
114.17,0,114.17,4.746409297680816,-0.33573782032192834,0,No,0
114.33,0,114.33,4.747797584237848,-0.33418810353741774,0,No,0
114.5,0,114.5,4.749270529961848,-0.33254152945387516,0,No,0
114.5,0,114.5,4.749270529961848,-0.33254152945387516,0,No,0
114.5,0,114.5,4.749270529961848,-0.33254152945387516,0,No,0
114.5,0,114.5,4.749270529961848,-0.33254152945387516,0,No,0
114.67,0,114.67,4.75074130930731,-0.3308949553703326,0,No,0
114.67,0,114.67,4.75074130930731,-0.3308949553703326,0,No,0
114.67,0,114.67,4.75074130930731,-0.3308949553703326,0,No,0
114.83,0,114.83,4.752123598944254,-0.32934523858582204,0,No,0
115.0,0,115.0,4.7535901911063645,-0.32769866450227947,0,No,0
115.0,0,115.0,4.7535901911063645,-0.32769866450227947,0,No,0
115.0,0,115.0,4.7535901911063645,-0.32769866450227947,0,Yes,1
115.17,0,115.17,4.755054635525384,-0.3260520904187369,0,No,0
115.17,0,115.17,4.755054635525384,-0.3260520904187369,0,No,0
115.33,0,115.33,4.756430979828675,-0.3245023736342263,0,No,0
115.67,0,115.67,4.759349436835766,-0.3212092254671412,0,No,0
115.83,0,115.83,4.760719886729057,-0.3196595086826306,0,No,0
116.0,0,116.0,4.762173934797756,-0.318012934599088,0,Yes,1
116.0,0,116.0,4.762173934797756,-0.318012934599088,0,No,0
116.0,0,116.0,4.762173934797756,-0.318012934599088,0,No,0
116.17,0,116.17,4.763625871680064,-0.31636636051554545,0,No,0
116.17,0,116.17,4.763625871680064,-0.31636636051554545,0,No,0
116.17,0,116.17,4.763625871680064,-0.31636636051554545,0,Yes,1
116.33,0,116.33,4.764990477435532,-0.31481664373103485,0,No,0
116.33,0,116.33,4.764990477435532,-0.31481664373103485,0,No,0
116.33,0,116.33,4.764990477435532,-0.31481664373103485,0,No,0
116.5,0,116.5,4.7664383335842135,-0.31317006964749233,0,No,0
116.83,0,116.83,4.769242907725249,-0.30997377877943916,0,No,0
116.83,0,116.83,4.769242907725249,-0.30997377877943916,0,No,0
116.83,0,116.83,4.769242907725249,-0.30997377877943916,0,No,0
116.83,0,116.83,4.769242907725249,-0.30997377877943916,0,Yes,1
116.83,0,116.83,4.769242907725249,-0.30997377877943916,0,No,0
117.0,0,117.0,4.770684624465665,-0.3083272046958966,0,No,0
117.17,0,117.17,4.772124265650924,-0.306680630612354,0,No,0
117.17,0,117.17,4.772124265650924,-0.306680630612354,0,No,0
117.33,0,117.33,4.773477331396467,-0.30513091382784346,0,No,0
117.33,0,117.33,4.773477331396467,-0.30513091382784346,0,No,0
117.33,0,117.33,4.773477331396467,-0.30513091382784346,0,No,0
117.5,0,117.5,4.774912960575186,-0.3034843397443009,0,No,0
117.67,0,117.67,4.7763465316770475,-0.3018377656607583,0,No,0
117.67,0,117.67,4.7763465316770475,-0.3018377656607583,0,No,0
117.67,0,117.67,4.7763465316770475,-0.3018377656607583,0,No,0
117.83,0,117.83,4.7776939003019345,-0.3002880488762477,0,No,0
117.83,0,117.83,4.7776939003019345,-0.3002880488762477,0,No,0
117.83,0,117.83,4.7776939003019345,-0.3002880488762477,0,No,0
118.0,0,118.0,4.77912349311153,-0.29864147479270514,0,No,0
118.16,0,118.16,4.780467127845082,-0.29709175800819454,0,No,0
118.17,0,118.17,4.7805510451027144,-0.2969949007091626,0,No,0
118.17,0,118.17,4.7805510451027144,-0.2969949007091626,0,No,0
118.33,0,118.33,4.781892764381564,-0.295445183924652,0,No,0
118.5,0,118.5,4.783316371371566,-0.29379860984110945,0,No,0
118.5,0,118.5,4.783316371371566,-0.29379860984110945,0,No,0
118.67,0,118.67,4.784737954585425,-0.2921520357575669,0,No,0
118.83,0,118.83,4.786074071694426,-0.2906023189730563,0,Yes,1
119.0,0,119.0,4.787491742782046,-0.28895574488951375,0,No,0
119.33,0,119.33,4.7902379684500715,-0.2857594540214606,0,No,0
119.33,0,119.33,4.7902379684500715,-0.2857594540214606,0,No,0
119.33,0,119.33,4.7902379684500715,-0.2857594540214606,0,No,0
119.33,0,119.33,4.7902379684500715,-0.2857594540214606,0,No,0
119.5,0,119.5,4.791649752930709,-0.284112879937918,0,No,0
119.67,0,119.67,4.79305954708551,-0.28246630585437543,0,No,0
119.83,0,119.83,4.794384599039216,-0.28091658906986483,0,No,0
120.0,0,120.0,4.795790545596741,-0.2792700149863223,0,No,0
120.0,0,120.0,4.795790545596741,-0.2792700149863223,0,No,0
120.17,0,120.17,4.7971945182434315,-0.27762344090277974,0,No,0
120.17,0,120.17,4.7971945182434315,-0.27762344090277974,0,No,0
120.17,0,120.17,4.7971945182434315,-0.27762344090277974,0,No,0
120.33,0,120.33,4.798514106063782,-0.27607372411826914,0,No,0
120.33,0,120.33,4.798514106063782,-0.27607372411826914,0,No,0
120.33,0,120.33,4.798514106063782,-0.27607372411826914,0,No,0
120.83,0,120.83,4.8026266303663165,-0.27123085916667344,0,No,0
121.0,0,121.0,4.804021044733257,-0.26958428508313087,0,No,0
121.0,0,121.0,4.804021044733257,-0.26958428508313087,0,No,0
121.0,0,121.0,4.804021044733257,-0.26958428508313087,0,Yes,1
121.0,0,121.0,4.804021044733257,-0.26958428508313087,0,No,0
121.33,0,121.33,4.806722311058825,-0.2663879942150777,0,No,0
121.33,0,121.33,4.806722311058825,-0.2663879942150777,0,No,0
121.5,0,121.5,4.808111029984782,-0.2647414201315351,0,No,0
121.5,0,121.5,4.808111029984782,-0.2647414201315351,0,No,0
121.67,0,121.67,4.80949782304466,-0.2630948460479926,0,No,0
121.67,0,121.67,4.80949782304466,-0.2630948460479926,0,No,0
121.67,0,121.67,4.80949782304466,-0.2630948460479926,0,No,0
121.83,0,121.83,4.810801285551003,-0.261545129263482,0,No,0
122.0,0,122.0,4.812184355372417,-0.25989855517993943,0,No,0
122.33,0,122.33,4.814863689577897,-0.25670226431188625,0,No,0
122.33,0,122.33,4.814863689577897,-0.25670226431188625,0,No,0
122.33,0,122.33,4.814863689577897,-0.25670226431188625,0,Yes,1
122.5,0,122.5,4.816241156068032,-0.25505569022834373,0,No,0
122.5,0,122.5,4.816241156068032,-0.25505569022834373,0,No,0
122.67,0,122.67,4.817616727753966,-0.25340911614480116,0,No,0
122.67,0,122.67,4.817616727753966,-0.25340911614480116,0,No,0
122.67,0,122.67,4.817616727753966,-0.25340911614480116,0,Yes,1
122.83,0,122.83,4.818909657227008,-0.25185939936029056,0,No,0
123.0,0,123.0,4.820281565605037,-0.250212825276748,0,No,0
123.0,0,123.0,4.820281565605037,-0.250212825276748,0,No,0
123.0,0,123.0,4.820281565605037,-0.250212825276748,0,No,0
123.0,0,123.0,4.820281565605037,-0.250212825276748,0,No,0
123.33,0,123.33,4.822939320964847,-0.24701653440869484,0,No,0
123.5,0,123.5,4.824305715904762,-0.2453699603251523,0,No,0
123.67,0,123.67,4.825670246356884,-0.24372338624160972,0,No,0
123.67,0,123.67,4.825670246356884,-0.24372338624160972,0,No,0
123.67,0,123.67,4.825670246356884,-0.24372338624160972,0,No,0
123.83,0,123.83,4.826952811662959,-0.24217366945709912,0,Yes,1
124.0,0,124.0,4.8283137373023015,-0.24052709537355657,0,No,0
124.0,0,124.0,4.8283137373023015,-0.24052709537355657,0,No,0
124.0,0,124.0,4.8283137373023015,-0.24052709537355657,0,No,0
124.17,0,124.17,4.829672813339932,-0.238880521290014,0,No,0
124.17,0,124.17,4.829672813339932,-0.238880521290014,0,Yes,1
124.5,0,124.5,4.832305758571839,-0.23568423042196085,0,No,0
124.5,0,124.5,4.832305758571839,-0.23568423042196085,0,No,0
124.67,0,124.67,4.833659423627053,-0.2340376563384183,0,No,0
124.83,0,124.83,4.834931789603877,-0.2324879395539077,0,Yes,1
124.83,0,124.83,4.834931789603877,-0.2324879395539077,0,No,0
125.0,0,125.0,4.836281906951478,-0.23084136547036513,0,No,0
125.0,0,125.0,4.836281906951478,-0.23084136547036513,0,No,0
125.17,0,125.17,4.83763020393965,-0.22919479138682258,0,No,0
125.17,0,125.17,4.83763020393965,-0.22919479138682258,0,No,0
125.17,0,125.17,4.83763020393965,-0.22919479138682258,0,No,0
125.17,0,125.17,4.83763020393965,-0.22919479138682258,0,No,0
125.33,0,125.33,4.838897530841946,-0.22764507460231198,0,Yes,1
125.5,0,125.5,4.840242308167575,-0.2259985005187694,0,No,0
125.83,0,125.83,4.842847607079338,-0.22280220965071626,0,No,0
125.83,0,125.83,4.842847607079338,-0.22280220965071626,0,Yes,1
126.0,0,126.0,4.844187086458591,-0.22115563556717371,0,No,0
126.17,0,126.17,4.845524774032655,-0.21950906148363114,0,No,0
126.17,0,126.17,4.845524774032655,-0.21950906148363114,0,No,0
126.17,0,126.17,4.845524774032655,-0.21950906148363114,0,No,0
126.33,0,126.33,4.8467821415853445,-0.21795934469912054,0,No,0
126.5,0,126.5,4.848116364598481,-0.216312770615578,0,Yes,1
126.5,0,126.5,4.848116364598481,-0.216312770615578,0,No,0
126.83,0,126.83,4.8507012561799305,-0.21311647974752482,0,No,0
126.83,0,126.83,4.8507012561799305,-0.21311647974752482,0,No,0
126.83,0,126.83,4.8507012561799305,-0.21311647974752482,0,No,0
127.33,0,127.33,4.854605071256369,-0.20827361479592912,0,No,0
127.33,0,127.33,4.854605071256369,-0.20827361479592912,0,No,0
127.5,0,127.5,4.855928904335275,-0.20662704071238655,0,No,0
127.67,0,127.67,4.857250987196899,-0.204980466628844,0,No,0
127.67,0,127.67,4.857250987196899,-0.204980466628844,0,No,0
128.0,0,128.0,4.859812404361672,-0.20178417576079083,0,No,0
128.0,0,128.0,4.859812404361672,-0.20178417576079083,0,No,0
128.0,0,128.0,4.859812404361672,-0.20178417576079083,0,No,0
128.17,0,128.17,4.861129366243924,-0.20013760167724842,0,No,0
128.17,0,128.17,4.861129366243924,-0.20013760167724842,0,No,0
128.17,0,128.17,4.861129366243924,-0.20013760167724842,0,No,0
128.17,0,128.17,4.861129366243924,-0.20013760167724842,0,No,0
128.5,0,128.5,4.863680881139593,-0.1969413108091951,0,Yes,1
128.5,0,128.5,4.863680881139593,-0.1969413108091951,0,No,0
128.5,0,128.5,4.863680881139593,-0.1969413108091951,0,No,0
128.67,0,128.67,4.864992761560793,-0.1952947367256527,0,No,0
129.0,0,129.0,4.867534450455582,-0.19209844585759941,0,No,0
129.0,0,129.0,4.867534450455582,-0.19209844585759941,0,No,0
129.5,0,129.5,4.871373226762748,-0.1872555809060037,0,No,0
129.83,0,129.83,4.873898770522785,-0.1840592900379504,0,No,0
129.83,0,129.83,4.873898770522785,-0.1840592900379504,0,No,0
129.83,0,129.83,4.873898770522785,-0.1840592900379504,0,No,0
130.0,0,130.0,4.875197323201151,-0.18241271595440797,0,No,0
130.0,0,130.0,4.875197323201151,-0.18241271595440797,0,No,0
130.0,0,130.0,4.875197323201151,-0.18241271595440797,0,No,0
130.17,0,130.17,4.876494191827054,-0.18076614187086554,0,No,0
130.33,0,130.33,4.877713239597068,-0.17921642508635469,0,No,0
130.33,0,130.33,4.877713239597068,-0.17921642508635469,0,No,0
130.5,0,130.5,4.879006851617819,-0.17756985100281225,0,No,0
130.67,0,130.67,4.880298792368253,-0.17592327691926984,0,No,0
130.67,0,130.67,4.880298792368253,-0.17592327691926984,0,No,0
130.67,0,130.67,4.880298792368253,-0.17592327691926984,0,No,0
130.83,0,130.83,4.881513213769878,-0.17437356013475896,0,No,0
130.83,0,130.83,4.881513213769878,-0.17437356013475896,0,No,0
131.0,0,131.0,4.882801922586371,-0.17272698605121653,0,No,0
131.0,0,131.0,4.882801922586371,-0.17272698605121653,0,No,0
131.0,0,131.0,4.882801922586371,-0.17272698605121653,0,No,0
131.17,0,131.17,4.884088972769716,-0.17108041196767412,0,No,0
131.17,0,131.17,4.884088972769716,-0.17108041196767412,0,No,0
131.33,0,131.33,4.885298802784958,-0.16953069518316324,0,No,0
131.33,0,131.33,4.885298802784958,-0.16953069518316324,0,No,0
131.67,0,131.67,4.887864841928826,-0.1662375470160784,0,No,0
131.67,0,131.67,4.887864841928826,-0.1662375470160784,0,No,0
131.83,0,131.83,4.8890701151444125,-0.16468783023156752,0,No,0
132.17,0,132.17,4.8916265075140535,-0.16139468206448268,0,No,0
132.33,0,132.33,4.892827258127367,-0.1598449652799718,0,No,0
132.5,0,132.5,4.894101477840304,-0.1581983911964294,0,No,0
132.5,0,132.5,4.894101477840304,-0.1581983911964294,0,No,0
132.5,0,132.5,4.894101477840304,-0.1581983911964294,0,No,0
132.5,0,132.5,4.894101477840304,-0.1581983911964294,0,No,0
132.67,0,132.67,4.895374075983382,-0.15655181711288696,0,No,0
132.67,0,132.67,4.895374075983382,-0.15655181711288696,0,No,0
132.83,0,132.83,4.896570337808283,-0.1550021003283761,0,No,0
133.17,0,133.17,4.89910765260238,-0.15170895216129124,0,No,0
133.33,0,133.33,4.900299459074922,-0.1501592353767804,0,Yes,1
133.5,0,133.5,4.901564199041894,-0.14851266129323795,0,No,0
133.5,0,133.5,4.901564199041894,-0.14851266129323795,0,No,0
133.67,0,133.67,4.9028273414619505,-0.14686608720969554,0,No,0
133.83,0,133.83,4.904014725645983,-0.14531637042518467,0,No,0
134.0,0,134.0,4.90527477843843,-0.14366979634164223,0,No,0
134.0,0,134.0,4.90527477843843,-0.14366979634164223,0,No,0
134.0,0,134.0,4.90527477843843,-0.14366979634164223,0,No,0
134.0,0,134.0,4.90527477843843,-0.14366979634164223,0,No,0
134.5,0,134.5,4.908971640319756,-0.13882693139004654,0,No,0
134.5,0,134.5,4.908971640319756,-0.13882693139004654,0,No,0
134.83,0,134.83,4.9114041038344,-0.13563064052199322,0,No,0
134.83,0,134.83,4.9114041038344,-0.13563064052199322,0,No,0
134.83,0,134.83,4.9114041038344,-0.13563064052199322,0,No,0
135.0,0,135.0,4.912654885736052,-0.13398406643845082,0,No,0
135.17,0,135.17,4.913904105136484,-0.13233749235490838,0,No,0
135.17,0,135.17,4.913904105136484,-0.13233749235490838,0,No,0
135.33,0,135.33,4.915078417198038,-0.1307877755703975,0,No,0
135.67,0,135.67,4.917569260976709,-0.12749462740331266,0,No,0
135.67,0,135.67,4.917569260976709,-0.12749462740331266,0,No,0
135.83,0,135.83,4.918739279391719,-0.1259449106188018,0,No,0
135.83,0,135.83,4.918739279391719,-0.1259449106188018,0,Yes,1
135.83,0,135.83,4.918739279391719,-0.1259449106188018,0,No,0
135.83,0,135.83,4.918739279391719,-0.1259449106188018,0,No,0
136.0,0,136.0,4.919980925828125,-0.12429833653525937,0,No,0
136.0,0,136.0,4.919980925828125,-0.12429833653525937,0,No,0
136.0,0,136.0,4.919980925828125,-0.12429833653525937,0,No,0
136.17,0,136.17,4.921221032490315,-0.12265176245171695,0,Yes,1
136.33,0,136.33,4.922386788542191,-0.12110204566720609,0,No,0
136.33,0,136.33,4.922386788542191,-0.12110204566720609,0,No,0
136.5,0,136.5,4.923623917106626,-0.11945547158366367,0,No,0
136.5,0,136.5,4.923623917106626,-0.11945547158366367,0,No,0
136.67,0,136.67,4.924859517074852,-0.11780889750012123,0,No,0
136.67,0,136.67,4.924859517074852,-0.11780889750012123,0,No,0
137.0,0,137.0,4.927253685157205,-0.11461260663206795,0,No,0
137.17,0,137.17,4.928484811068578,-0.11296603254852552,0,No,0
137.17,0,137.17,4.928484811068578,-0.11296603254852552,0,Yes,1
137.17,0,137.17,4.928484811068578,-0.11296603254852552,0,No,0
137.33,0,137.33,4.929642134886724,-0.11141631576401465,0,No,0
137.33,0,137.33,4.929642134886724,-0.11141631576401465,0,No,0
137.33,0,137.33,4.929642134886724,-0.11141631576401465,0,No,0
137.5,0,137.5,4.930870325627393,-0.10976974168047222,0,No,0
137.5,0,137.5,4.930870325627393,-0.10976974168047222,0,No,0
137.5,0,137.5,4.930870325627393,-0.10976974168047222,0,No,0
137.67,0,137.67,4.932097009765773,-0.1081231675969298,0,No,0
137.83,0,137.83,4.933250163046711,-0.10657345081241894,0,No,0
137.83,0,137.83,4.933250163046711,-0.10657345081241894,0,No,0
137.83,0,137.83,4.933250163046711,-0.10657345081241894,0,No,0
138.0,0,138.0,4.9344739331306915,-0.10492687672887652,0,No,0
138.0,0,138.0,4.9344739331306915,-0.10492687672887652,0,No,0
138.0,0,138.0,4.9344739331306915,-0.10492687672887652,0,No,0
138.17,0,138.17,4.935696207431762,-0.10328030264533408,0,No,0
138.17,0,138.17,4.935696207431762,-0.10328030264533408,0,No,0
138.33,0,138.33,4.936845220125501,-0.10173058586082322,0,No,0
138.5,0,138.5,4.93806460126142,-0.1000840117772808,0,No,0
138.67,0,138.67,4.93928249731768,-0.09843743769373837,0,No,0
138.67,0,138.67,4.93928249731768,-0.09843743769373837,0,No,0
139.17,0,139.17,4.942855971674966,-0.09359457274214265,0,No,0
139.17,0,139.17,4.942855971674966,-0.09359457274214265,0,No,0
139.17,0,139.17,4.942855971674966,-0.09359457274214265,0,No,0
139.33,0,139.33,4.943996791763045,-0.09204485595763179,0,No,0
139.33,0,139.33,4.943996791763045,-0.09204485595763179,0,No,0
139.5,0,139.5,4.945207488773801,-0.09039828187408937,0,No,0
139.67,0,139.67,4.946416721769604,-0.08875170779054695,0,Yes,1
139.67,0,139.67,4.946416721769604,-0.08875170779054695,0,No,0
139.83,0,139.83,4.947553489209959,-0.08720199100603607,0,No,0
140.5,0,140.5,4.952299717083292,-0.08071255197089792,0,No,0
140.83,0,140.83,4.954629157306516,-0.07751626110284464,0,No,0
140.83,0,140.83,4.954629157306516,-0.07751626110284464,0,No,0
140.83,0,140.83,4.954629157306516,-0.07751626110284464,0,No,0
141.0,0,141.0,4.955827057601261,-0.07586968701930222,0,No,0
141.0,0,141.0,4.955827057601261,-0.07586968701930222,0,No,0
141.0,0,141.0,4.955827057601261,-0.07586968701930222,0,No,0
141.17,0,141.17,4.957023524647607,-0.0742231129357598,0,No,0
141.17,0,141.17,4.957023524647607,-0.0742231129357598,0,No,0
141.33,0,141.33,4.958148305082534,-0.07267339615124892,0,Yes,1
141.33,0,141.33,4.958148305082534,-0.07267339615124892,0,No,0
141.5,0,141.5,4.959341999708705,-0.0710268220677065,0,No,0
141.5,0,141.5,4.959341999708705,-0.0710268220677065,0,Yes,1
141.5,0,141.5,4.959341999708705,-0.0710268220677065,0,No,0
141.5,0,141.5,4.959341999708705,-0.0710268220677065,0,No,0
141.67,0,141.67,4.960534271126723,-0.06938024798416408,0,No,0
141.67,0,141.67,4.960534271126723,-0.06938024798416408,0,No,0
141.67,0,141.67,4.960534271126723,-0.06938024798416408,0,No,0
141.83,0,141.83,4.961655111874538,-0.06783053119965321,0,No,0
141.83,0,141.83,4.961655111874538,-0.06783053119965321,0,No,0
142.17,0,142.17,4.964032735372236,-0.06453738303256835,0,No,0
142.17,0,142.17,4.964032735372236,-0.06453738303256835,0,No,0
142.33,0,142.33,4.965149663935124,-0.06298766624805749,0,No,0
142.5,0,142.5,4.966335035199676,-0.06134109216451507,0,No,0
142.67,0,142.67,4.967519003022628,-0.05969451808097264,0,No,0
143.17,0,143.17,4.970993158823812,-0.054851653129376926,0,No,0
143.17,0,143.17,4.970993158823812,-0.054851653129376926,0,No,0
143.33,0,143.33,4.972102344379472,-0.053301936344866054,0,No,0
143.33,0,143.33,4.972102344379472,-0.053301936344866054,0,No,0
143.5,0,143.5,4.973279507552487,-0.05165536226132363,0,No,0
143.67,0,143.67,4.974455286641499,-0.05000878817778121,0,Yes,1
143.83,0,143.83,4.975560640812765,-0.04845907139327034,0,No,0
143.83,0,143.83,4.975560640812765,-0.04845907139327034,0,No,0
144.0,0,144.0,4.976733742420574,-0.04681249730972792,0,No,0
144.0,0,144.0,4.976733742420574,-0.04681249730972792,0,No,0
144.17,0,144.17,4.9779054694733365,-0.04516592322618549,0,No,0
144.5,0,144.5,4.980176086611547,-0.0419696323581322,0,No,0
144.67,0,144.67,4.9813437894608565,-0.040323058274589776,0,No,0
144.83,0,144.83,4.982441559725474,-0.038773341490078904,0,No,0
144.83,0,144.83,4.982441559725474,-0.038773341490078904,0,No,0
145.0,0,145.0,4.983606621708336,-0.03712676740653648,0,No,0
145.33,0,145.33,4.985864345104336,-0.03393047653848319,0,No,0
146.17,0,146.17,4.9915883811760215,-0.025794463419802627,0,No,0
146.17,0,146.17,4.9915883811760215,-0.025794463419802627,0,No,0
146.33,0,146.33,4.992674968719263,-0.024244746635291758,0,No,0
146.5,0,146.5,4.993828175779875,-0.022598172551749333,0,No,0
146.5,0,146.5,4.993828175779875,-0.022598172551749333,0,No,0
146.5,0,146.5,4.993828175779875,-0.022598172551749333,0,No,0
146.83,0,146.83,4.996062964912999,-0.01940188168369604,0,No,0
146.83,0,146.83,4.996062964912999,-0.01940188168369604,0,No,0
147.17,0,147.17,4.998360263220643,-0.016108733516611195,0,Yes,1
147.33,0,147.33,4.999439521335521,-0.014559016732100324,0,No,0
147.67,0,147.67,5.00172908462526,-0.011265868565015479,0,No,0
147.83,0,147.83,5.0028047149810675,-0.009716151780504608,0,No,0
148.0,0,148.0,5.003946305945459,-0.008069577696962186,0,No,0
148.0,0,148.0,5.003946305945459,-0.008069577696962186,0,No,0
148.0,0,148.0,5.003946305945459,-0.008069577696962186,0,No,0
148.17,0,148.17,5.005086595165839,-0.006423003613419763,0,No,0
148.33,0,148.33,5.006158622069178,-0.004873286828908892,0,No,0
148.33,0,148.33,5.006158622069178,-0.004873286828908892,0,No,0
148.33,0,148.33,5.006158622069178,-0.004873286828908892,0,No,0
148.83,0,148.83,5.009501318055053,-3.042187731317557e-05,0,No,0
149.5,0,149.5,5.01396308418893,0.006459017157824963,0,No,0
149.67,0,149.67,5.015092014813197,0.008105591241367385,0,No,0
149.67,0,149.67,5.015092014813197,0.008105591241367385,0,No,0
149.67,0,149.67,5.015092014813197,0.008105591241367385,0,No,0
149.67,0,149.67,5.015092014813197,0.008105591241367385,0,No,0
149.83,0,149.83,5.016153374780161,0.009655308025878257,0,No,0
150.0,0,150.0,5.017279836814924,0.01130188210942068,0,No,0
150.17,0,150.17,5.018405031360617,0.012948456192963103,0,No,0
150.5,0,150.5,5.020585624949423,0.016144747061016394,0,No,0
150.83,0,150.83,5.022761473894096,0.01934103792906969,0,No,0
150.83,0,150.83,5.022761473894096,0.01934103792906969,0,No,0
151.0,0,151.0,5.0238805208462765,0.020987612012612112,0,No,0
151.17,0,151.17,5.024998316932023,0.022634186096154533,0,No,0
151.17,0,151.17,5.024998316932023,0.022634186096154533,0,No,0
151.67,0,151.67,5.028278729268851,0.02747705104775025,0,No,0
151.67,0,151.67,5.028278729268851,0.02747705104775025,0,No,0
151.67,0,151.67,5.028278729268851,0.02747705104775025,0,No,0
152.0,0,152.0,5.030437921392435,0.030673341915803544,0,No,0
152.0,0,152.0,5.030437921392435,0.030673341915803544,0,No,0
152.33,0,152.33,5.0325924614482975,0.03386963278385684,0,Yes,1
152.5,0,152.5,5.033700567027251,0.03551620686739926,0,No,0
152.5,0,152.5,5.033700567027251,0.03551620686739926,0,No,0
152.5,0,152.5,5.033700567027251,0.03551620686739926,0,No,0
152.67,0,152.67,5.034807446067241,0.037162780950941686,0,Yes,1
153.17,0,153.17,5.038055889672248,0.0420056459025374,0,No,0
153.33,0,153.33,5.03909316691274,0.04355536268704827,0,No,0
153.5,0,153.5,5.0401940963378005,0.045201936770590694,0,No,0
153.5,0,153.5,5.0401940963378005,0.045201936770590694,0,No,0
153.5,0,153.5,5.0401940963378005,0.045201936770590694,0,Yes,1
153.67,0,153.67,5.041293815050048,0.046848510854133114,0,No,0
153.67,0,153.67,5.041293815050048,0.046848510854133114,0,No,0
154.0,0,154.0,5.043425116919247,0.05004480172218641,0,No,0
154.17,0,154.17,5.044521290095393,0.05169137580572883,0,No,0
154.33,0,154.33,5.045551885999816,0.0532410925902397,0,No,0
154.33,0,154.33,5.045551885999816,0.0532410925902397,0,No,0
154.5,0,154.5,5.0466457316192885,0.05488766667378213,0,No,0
154.5,0,154.5,5.0466457316192885,0.05488766667378213,0,No,0
154.5,0,154.5,5.0466457316192885,0.05488766667378213,0,No,0
154.67,0,154.67,5.047738382047758,0.05653424075732455,0,No,0
154.83,0,154.83,5.048765669457524,0.05808395754183542,0,No,0
154.83,0,154.83,5.048765669457524,0.05808395754183542,0,No,0
154.83,0,154.83,5.048765669457524,0.05808395754183542,0,No,0
154.83,0,154.83,5.048765669457524,0.05808395754183542,0,No,0
154.83,0,154.83,5.048765669457524,0.05808395754183542,0,No,0
155.0,0,155.0,5.049856007249537,0.05973053162537784,0,No,0
155.67,0,155.67,5.054141682405396,0.06621997066051598,0,No,0
156.0,0,156.0,5.056245805348308,0.06941626152856928,0,No,0
156.5,0,156.5,5.059425458265688,0.07425912648016499,0,No,0
156.83,0,156.83,5.0615185044108255,0.07745541734821829,0,No,0
156.83,0,156.83,5.0615185044108255,0.07745541734821829,0,No,0
157.0,0,157.0,5.062595033026967,0.07910199143176071,0,No,0
157.17,0,157.17,5.063670403975397,0.08074856551530313,0,No,0
157.33,0,157.33,5.0646814625133425,0.08229828229981401,0,No,0
157.5,0,157.5,5.065754593317335,0.08394485638335643,0,No,0
157.5,0,157.5,5.065754593317335,0.08394485638335643,0,No,0
157.5,0,157.5,5.065754593317335,0.08394485638335643,0,No,0
157.67,0,157.67,5.066826573745998,0.08559143046689885,0,No,0
158.33,0,158.33,5.0709775231024175,0.09198401220300544,0,No,0
158.33,0,158.33,5.0709775231024175,0.09198401220300544,0,No,0
158.5,0,158.5,5.072043922224899,0.09363058628654786,0,No,0
158.67,0,158.67,5.07310918535161,0.09527716037009028,0,Yes,1
158.67,0,158.67,5.07310918535161,0.09527716037009028,0,No,0
159.0,0,159.0,5.075173815233827,0.09847345123814358,0,No,0
159.17,0,159.17,5.076235751180205,0.100120025321686,0,No,0
159.17,0,159.17,5.076235751180205,0.100120025321686,0,No,0
159.5,0,159.5,5.07829394257007,0.10331631618973929,0,No,0
159.83,0,159.83,5.080347906507556,0.10651260705779259,0,No,0
159.83,0,159.83,5.080347906507556,0.10651260705779259,0,No,0
159.83,0,159.83,5.080347906507556,0.10651260705779259,0,No,0
160.17,0,160.17,5.082459708534627,0.10980575522487743,0,No,0
160.17,0,160.17,5.082459708534627,0.10980575522487743,0,No,0
160.33,0,160.33,5.0834519566780525,0.11135547200938829,0,Yes,1
160.5,0,160.5,5.084505142662711,0.11300204609293073,0,No,0
160.67,0,160.67,5.085557220613515,0.11464862017647315,0,No,0
160.83,0,160.83,5.0865464015287944,0.11619833696098401,0,No,0
161.0,0,161.0,5.087596335232384,0.11784491104452643,0,No,0
161.17,0,161.17,5.088645167731283,0.11949148512806886,0,No,0
161.33,0,161.33,5.089631300322754,0.12104120191257974,0,No,0
161.33,0,161.33,5.089631300322754,0.12104120191257974,0,No,0
161.67,0,161.67,5.091723608778362,0.12433435007966458,0,No,0
161.83,0,161.83,5.092706711776129,0.12588406686417544,0,No,0
162.17,0,162.17,5.094792602102979,0.12917721503126028,0,No,0
162.33,0,162.33,5.095772694065048,0.13072693181577116,0,No,0
162.5,0,162.5,5.096812990337308,0.1323735058993136,0,No,0
162.5,0,162.5,5.096812990337308,0.1323735058993136,0,No,0
162.67,0,162.67,5.097852205517793,0.134020079982856,0,No,0
162.83,0,162.83,5.098829304832172,0.13556979676736688,0,No,0
163.33,0,163.33,5.101876601193199,0.1404126617189626,0,No,0
163.33,0,163.33,5.101876601193199,0.1404126617189626,0,No,0
164.0,0,164.0,5.10594547390058,0.14690210075410073,0,No,0
164.17,0,164.17,5.106975246532999,0.14854867483764317,0,No,0
164.17,0,164.17,5.106975246532999,0.14854867483764317,0,No,0
164.33,0,164.33,5.107943476563253,0.15009839162215402,0,No,0
164.5,0,164.5,5.1089711948171175,0.15174496570569646,0,No,0
164.5,0,164.5,5.1089711948171175,0.15174496570569646,0,No,0
164.5,0,164.5,5.1089711948171175,0.15174496570569646,0,No,0
164.5,0,164.5,5.1089711948171175,0.15174496570569646,0,No,0
164.5,0,164.5,5.1089711948171175,0.15174496570569646,0,No,0
164.67,0,164.67,5.109997857950446,0.15339153978923886,0,No,0
164.67,0,164.67,5.109997857950446,0.15339153978923886,0,No,0
164.83,0,164.83,5.110963167226007,0.15494125657374974,0,No,0
164.83,0,164.83,5.110963167226007,0.15494125657374974,0,No,0
165.17,0,165.17,5.113011360713122,0.15823440474083458,0,No,0
165.17,0,165.17,5.113011360713122,0.15823440474083458,0,No,0
165.17,0,165.17,5.113011360713122,0.15823440474083458,0,No,0
165.17,0,165.17,5.113011360713122,0.15823440474083458,0,No,0
165.17,0,165.17,5.113011360713122,0.15823440474083458,0,No,0
165.67,0,165.67,5.116015809554085,0.1630772696924303,0,No,0
165.83,0,165.83,5.116975329867582,0.16462698647694118,0,No,0
166.0,0,166.0,5.117993812416755,0.1662735605604836,0,No,0
166.33,0,166.33,5.119967910506483,0.1694698514285369,0,No,0
166.5,0,166.5,5.120983351265121,0.1711164255120793,0,No,0
167.0,0,167.0,5.123963979403259,0.17595929046367503,0,No,0
167.33,0,167.33,5.1259263384309905,0.17915558133172832,0,No,0
167.67,0,167.67,5.127944143269923,0.18244872949881316,0,No,0
167.83,0,167.83,5.128892291489103,0.18399844628332404,0,No,0
168.17,0,168.17,5.1309041264872,0.18729159445040888,0,No,0
168.5,0,168.5,5.1328529268205045,0.19048788531846217,0,No,0
168.67,0,168.67,5.133855374054848,0.1921344594020046,0,No,0
168.67,0,168.67,5.133855374054848,0.1921344594020046,0,No,0
168.67,0,168.67,5.133855374054848,0.1921344594020046,0,No,0
169.0,0,169.0,5.135798437050262,0.1953307502700579,0,No,0
169.33,0,169.33,5.137737731872486,0.1985270411381112,0,No,0
170.17,0,170.17,5.142657214707572,0.20666305425679174,0,No,0
170.33,0,170.33,5.143591521344882,0.20821277104130262,0,No,0
171.0,0,171.0,5.147494476813453,0.21470221007644077,0,No,0
171.0,0,171.0,5.147494476813453,0.21470221007644077,0,No,0
171.0,0,171.0,5.147494476813453,0.21470221007644077,0,No,0
171.17,0,171.17,5.148482360788381,0.21634878415998318,0,Yes,1
171.67,0,171.67,5.151382258424339,0.2211916491115789,0,No,0
171.67,0,171.67,5.151382258424339,0.2211916491115789,0,No,0
172.0,0,172.0,5.153291594497779,0.2243879399796322,0,No,0
172.0,0,172.0,5.153291594497779,0.2243879399796322,0,No,0
172.33,0,172.33,5.155197291953219,0.22758423084768548,0,No,0
172.5,0,172.5,5.156177599386914,0.2292308049312279,0,No,0
172.83,0,172.83,5.158077810133449,0.2324270957992812,0,No,0
173.0,0,173.0,5.159055299214529,0.23407366988282363,0,No,0
173.17,0,173.17,5.160031833743694,0.23572024396636604,0,No,0
173.33,0,173.33,5.160950054755124,0.23726996075087692,0,No,0
173.67,0,173.67,5.162898479440301,0.24056310891796176,0,No,0
174.33,0,174.33,5.166669912482037,0.24695569065406836,0,No,0
174.5,0,174.5,5.167639042905921,0.24860226473761077,0,No,0
174.5,0,174.5,5.167639042905921,0.24860226473761077,0,No,0
175.0,0,175.0,5.170483995038151,0.2534451296892065,0,Yes,1
176.33,0,176.33,5.178012403504388,0.26632715046045125,0,No,0
176.33,0,176.33,5.178012403504388,0.26632715046045125,0,No,0
176.5,0,176.5,5.178970608915471,0.26797372454399365,0,No,0
176.67,0,176.67,5.179927897047815,0.26962029862753606,0,No,0
176.83,0,176.83,5.180828037755569,0.27117001541204694,0,No,0
177.5,0,177.5,5.184588601219693,0.2776594544471851,0,Yes,1
177.83,0,177.83,5.186435633899945,0.2808557453152384,0,No,0
178.0,0,178.0,5.187385805840755,0.2825023193987808,0,No,0
178.0,0,178.0,5.187385805840755,0.2825023193987808,0,No,0
178.17,0,178.17,5.188335075811806,0.2841488934823232,0,No,0
178.33,0,178.33,5.189227683960333,0.2856986102668341,0,Yes,1
178.5,0,178.5,5.190175207928333,0.2873451843503765,0,No,0
178.5,0,178.5,5.190175207928333,0.2873451843503765,0,Yes,1
178.5,0,178.5,5.190175207928333,0.2873451843503765,0,No,0
178.67,0,178.67,5.1911218349444805,0.28899175843391894,0,No,0
178.83,0,178.83,5.192011960177106,0.2905414752184298,0,No,0
178.83,0,178.83,5.192011960177106,0.2905414752184298,0,No,0
179.0,0,179.0,5.19295685089021,0.29218804930197223,0,No,0
179.0,0,179.0,5.19295685089021,0.29218804930197223,0,No,0
179.17,0,179.17,5.1939008496276085,0.29383462338551464,0,No,0
179.17,0,179.17,5.1939008496276085,0.29383462338551464,0,No,0
180.17,0,180.17,5.199435816987919,0.3035203532887061,0,No,0
180.33,0,180.33,5.200318575665935,0.30507007007321696,0,No,0
180.33,0,180.33,5.200318575665935,0.30507007007321696,0,No,0
180.67,0,180.67,5.202191854450653,0.3083632182403018,0,No,0
181.17,0,181.17,5.2049403170427375,0.3132060831918975,0,No,0
181.33,0,181.33,5.205818232051113,0.3147557999764084,0,No,0
181.33,0,181.33,5.205818232051113,0.3147557999764084,0,No,0
181.33,0,181.33,5.205818232051113,0.3147557999764084,0,No,0
181.5,0,181.5,5.206750173022546,0.3164023740599508,0,No,0
181.83,0,181.83,5.208556759340413,0.3195986649280041,0,Yes,1
182.33,0,182.33,5.211287807574934,0.3244415298795998,0,No,0
182.5,0,182.5,5.212214667494625,0.32608810396314225,0,No,0
182.83,0,182.83,5.21401141749478,0.32928439483119554,0,No,0
183.33,0,183.33,5.216727629508083,0.33412725978279123,0,No,0
183.83,0,183.83,5.219436483694589,0.338970124734387,0,No,0
183.83,0,183.83,5.219436483694589,0.338970124734387,0,No,0
184.0,0,184.0,5.220355825078324,0.3406166988179294,0,No,0
184.17,0,184.17,5.221274322049725,0.3422632729014718,0,No,0
184.17,0,184.17,5.221274322049725,0.3422632729014718,0,No,0
184.33,0,184.33,5.222138019809219,0.3438129896859827,0,No,0
184.67,0,184.67,5.22397090441938,0.34710613785306754,0,No,0
184.83,0,184.83,5.224832277285559,0.3486558546375784,0,No,0
185.0,0,185.0,5.225746673713202,0.35030242872112083,0,No,0
185.5,0,185.5,5.2284312390838705,0.3551452936727165,0,No,0
185.5,0,185.5,5.2284312390838705,0.3551452936727165,0,No,0
185.67,0,185.67,5.2293423520445055,0.356791867756259,0,No,0
186.0,0,186.0,5.231108616854587,0.35998815862431227,0,No,0
186.83,0,186.83,5.235537298425329,0.36802731444396125,0,No,0
187.17,0,187.17,5.237345809556553,0.3713204626110461,0,Yes,1
187.17,0,187.17,5.237345809556553,0.3713204626110461,0,No,0
188.17,0,188.17,5.242646081677572,0.38100619251423756,0,No,0
188.83,0,188.83,5.24612893480245,0.38739877425034414,0,No,0
188.83,0,188.83,5.24612893480245,0.38739877425034414,0,No,0
189.0,0,189.0,5.247024072160486,0.38904534833388654,0,No,0
189.0,0,189.0,5.247024072160486,0.38904534833388654,0,No,0
189.17,0,189.17,5.247918408964185,0.39069192241742895,0,Yes,1
189.33,0,189.33,5.248759407699692,0.39224163920193983,0,No,0
190.17,0,190.17,5.253163084540927,0.4003776523206204,0,No,0
190.17,0,190.17,5.253163084540927,0.4003776523206204,0,No,0
190.67,0,190.67,5.255775143282362,0.40522051727221614,0,No,0
190.83,0,190.83,5.256609563148246,0.40677023405672696,0,No,0
191.0,0,191.0,5.2574953720277815,0.4084168081402694,0,No,0
191.17,0,191.17,5.258380396944336,0.41006338222381183,0,No,0
191.5,0,191.5,5.260096153727839,0.4132596730918651,0,No,0
191.5,0,191.5,5.260096153727839,0.4132596730918651,0,No,0
192.67,0,192.67,5.26615567973964,0.42459197707859897,0,No,0
193.5,0,193.5,5.270432163058501,0.432631132898248,0,No,0
194.0,0,194.0,5.272999558563747,0.4374739978498437,0,No,0
194.33,0,194.33,5.27469043591688,0.440670288717897,0,No,0
194.67,0,194.67,5.276429566790007,0.44396343688498185,0,No,0
195.0,0,195.0,5.278114659230517,0.44715972775303514,0,No,0
195.17,0,195.17,5.278981630241295,0.44880630183657755,0,No,0
195.17,0,195.17,5.278981630241295,0.44880630183657755,0,No,0
195.83,0,195.83,5.282340412024896,0.4551988835726842,0,No,0
195.83,0,195.83,5.282340412024896,0.4551988835726842,0,No,0
196.17,0,196.17,5.284066300778177,0.458492031739769,0,No,0
197.0,0,197.0,5.288267030694535,0.466531187559418,0,No,0
197.67,0,197.67,5.291645156779972,0.4730206265945561,0,No,0
198.0,0,198.0,5.293304824724492,0.47621691746260947,0,No,0
198.5,0,198.5,5.295814236329918,0.48105978241420516,0,No,0
198.67,0,198.67,5.296666003798806,0.48270635649774757,0,No,0
198.83,0,198.83,5.297467005093198,0.48425607328225845,0,Yes,1
199.5,0,199.5,5.300814246746624,0.4907455123173966,0,No,0
199.6,0,199.6,5.301312875527835,0.49171408530771565,0,No,0
201.17,0,201.17,5.3091089276262355,0.5069206812557262,0,No,0
201.67,0,201.67,5.311579040531222,0.5117635462073219,0,No,0
202.17,0,202.17,5.314043067009519,0.5166064111589176,0,No,0
202.83,0,202.83,5.317286313095639,0.5229989928950242,0,No,0
202.83,0,202.83,5.317286313095639,0.5229989928950242,0,No,0
202.83,0,202.83,5.317286313095639,0.5229989928950242,0,No,0
203.17,0,203.17,5.318952980148108,0.526292141062109,0,No,0
203.5,0,203.5,5.320567975482857,0.5294884319301624,0,No,0
204.67,0,204.67,5.326272942561368,0.5408207359168962,0,No,0
204.67,0,204.67,5.326272942561368,0.5408207359168962,0,No,0
205.0,0,205.0,5.327876168789581,0.5440170267849495,0,No,0
207.33,0,207.33,5.339123360940291,0.5665847774593856,0,No,0
207.83,0,207.83,5.3415205238486845,0.5714276424109813,0,No,0
208.17,0,208.17,5.343147318465829,0.5747207905780662,0,No,0
209.17,0,209.17,5.347916727039321,0.5844065204812576,0,Yes,1
209.67,0,209.67,5.350292928138379,0.5892493854328533,0,No,0
209.83,0,209.83,5.351052121531902,0.5907991022173642,0,No,0
211.0,0,211.0,5.356586274672012,0.6021314062040981,0,Yes,1
212.0,0,212.0,5.3612921657094255,0.6118171361072895,0,Yes,1
212.33,0,212.33,5.3628402625635365,0.6150134269753428,0,No,0
212.67,0,212.67,5.364432768754897,0.6183065751424276,0,No,0
213.0,0,213.0,5.365976015021851,0.6215028660104809,0,No,0
213.0,0,213.0,5.365976015021851,0.6215028660104809,0,No,0
214.67,0,214.67,5.3737494616638894,0.6376780349488105,0,No,0
215.33,0,215.33,5.376805019596778,0.644070616684917,0,No,0
215.67,0,215.67,5.378375458718616,0.647363764852002,0,Yes,1
215.67,0,215.67,5.378375458718616,0.647363764852002,0,No,0
215.83,0,215.83,5.379113636376126,0.6489134816365129,0,No,0
216.33,0,216.33,5.381416935717611,0.6537563465881086,0,No,0
217.83,0,217.83,5.388295172666269,0.6682849414428956,0,No,0
218.83,0,218.83,5.392854520372025,0.6779706713460871,0,No,0
219.17,0,219.17,5.394399975225081,0.6812638195131719,0,No,0
219.5,0,219.5,5.395897694886901,0.6844601103812252,0,No,0
220.17,0,220.17,5.39893163658063,0.6909495494163633,0,No,0
222.33,0,222.33,5.408650498232383,0.7118707260072571,0,No,0
224.83,0,224.83,5.419782503829213,0.7360850507652357,0,Yes,1
224.83,0,224.83,5.419782503829213,0.7360850507652357,0,No,0
224.83,0,224.83,5.419782503829213,0.7360850507652357,0,No,0
225.17,0,225.17,5.42128692889172,0.7393781989323206,0,No,0
225.5,0,225.5,5.422744944923089,0.7425744898003739,0,No,0
227.0,0,227.0,5.429345628954441,0.757103084655161,0,No,0
227.0,0,227.0,5.429345628954441,0.757103084655161,0,No,0
229.5,0,229.5,5.440250862436703,0.7813174094131395,0,No,0
232.17,0,232.17,5.451767801260901,0.8071783082546605,0,No,0
234.0,0,234.0,5.459585514144159,0.824903193977501,0,No,0
234.67,0,234.67,5.462432521400004,0.8313926330126391,0,No,0
235.17,0,235.17,5.46455188468906,0.8362354979642349,0,No,0
235.5,0,235.5,5.465948207931988,0.8394317888322882,0,No,0
235.5,0,235.5,5.465948207931988,0.8394317888322882,0,No,0
235.5,0,235.5,5.465948207931988,0.8394317888322882,0,No,0
239.5,0,239.5,5.482720089545816,0.8781747084450539,0,No,0
239.83,0,239.83,5.484091290392243,0.8813709993131071,0,No,0
240.83,0,240.83,5.488234999963619,0.8910567292162986,0,No,0
241.67,0,241.67,5.491702495697971,0.8991927423349791,0,No,0
242.0,0,242.0,5.493061443340548,0.9023890332030324,0,No,0
242.17,0,242.17,5.493760787219967,0.904035607286575,0,No,0
243.83,0,243.83,5.500564092149261,0.9201139189258729,0,No,0
244.5,0,244.5,5.503296947234575,0.926603357961011,0,No,0
245.17,0,245.17,5.506022354173055,0.9330927969961492,0,No,0
245.67,0,245.67,5.508051410952312,0.9379356619477449,0,No,0
247.0,0,247.0,5.5134287461649825,0.9508176827189896,0,No,0
247.0,0,247.0,5.5134287461649825,0.9508176827189896,0,No,0
247.5,0,247.5,5.5154428455366835,0.9556605476705854,0,No,0
250.5,0,250.5,5.527442989539794,0.9847177373801597,0,No,0
250.83,0,250.83,5.528754256689711,0.987914028248213,0,No,0
251.33,0,251.33,5.530737754642455,0.9927568931998086,0,No,0
251.67,0,251.67,5.532084289499378,0.9960500413668935,0,No,0
252.17,0,252.17,5.534061199837985,1.0008929063184893,0,No,0
252.67,0,252.67,5.536034209711707,1.005735771270085,0,No,0
256.5,0,256.5,5.551019720103791,1.0428321167993082,0,No,0
257.17,0,257.17,5.5536182826613025,1.0493215558344466,0,No,0
257.33,0,257.33,5.554237837376183,1.050871272618957,0,No,0
257.83,0,257.83,5.556171475537641,1.0557141375705528,0,No,0
258.33,0,258.33,5.558101381957238,1.0605570025221485,0,No,0
259.0,0,259.0,5.560681631015528,1.067046441557287,0,No,0
260.0,0,260.0,5.564520407322694,1.0767321714604783,0,No,0
262.17,0,262.17,5.572800211191829,1.0977502053504038,0,No,0
262.33,0,262.33,5.573407998484993,1.0992999221349142,0,No,0
268.33,0,268.33,5.595937393538776,1.1574143015540628,0,No,0
269.67,0,269.67,5.600900366688672,1.1703931796243396,0,No,0
270.0,0,270.0,5.602118820879701,1.1735894704923926,0,No,0
272.5,0,272.5,5.611301621862036,1.197803795250371,0,No,0
272.5,0,272.5,5.611301621862036,1.197803795250371,0,No,0
276.83,0,276.83,5.627009415850288,1.23974300573119,0,No,0
279.83,0,279.83,5.637749504051763,1.2688001954407642,0,No,0
280.0,0,280.0,5.638354669333745,1.270446769524307,0,No,0
286.83,0,286.83,5.662370028075654,1.3366003047631043,0,No,0
288.83,0,288.83,5.669294544197528,1.355971764569487,0,No,0
292.67,0,292.67,5.682456687941449,1.3931649673977424,0,No,0
293.83,0,293.83,5.68639891904532,1.4044004140854442,0,No,0
296.67,0,296.67,5.695985490353976,1.4319078870105082,0,No,0
297.17,0,297.17,5.697663793648024,1.436750751962104,0,No,0
304.33,0,304.33,5.721393158915862,1.5061005780689543,0,Yes,1
307.83,0,307.83,5.732790963690908,1.5400006327301243,0,Yes,1
308.0,0,308.0,5.733341276897746,1.541647206813667,0,No,0
308.67,0,308.67,5.735507214350442,1.5481366458488055,0,No,0
311.67,0,311.67,5.745148321262097,1.5771938355583797,0,No,0
314.83,0,314.83,5.7552040941430676,1.6078007420524643,0,No,0
316.5,0,316.5,5.760477818332746,1.6239759109907943,0,No,0
324.17,0,324.17,5.784348122495769,1.6982654593482727,0,No,0
333.0,0,333.0,5.811140992976701,1.7837904543934529,0,No,0
338.0,0,338.0,5.82600010738045,1.83221910390941,0,No,0
339.33,0,339.33,5.829915735129297,1.8451011246806543,0,No,0
339.67,0,339.67,5.830914266783482,1.8483942728477398,0,No,0
339.83,0,339.83,5.831383819249923,1.8499439896322503,0,No,0
347.0,0,347.0,5.8522024797744745,1.919390673038133,0,No,0
356.2,0,356.2,5.878295849002344,2.008499388147494,0,No,0
356.83,0,356.83,5.88005801328363,2.0146013979865045,0,No,0
372.33,0,372.33,5.922462747009742,2.164730211485972,0,No,0
377.17,0,377.17,5.935343829968647,2.2116091442174186,1,No,0
391.0,0,391.0,5.971261839790462,2.345562788778556,1,No,0
391.83,0,391.83,5.973376948309326,2.353601944598205,1,No,0
396.17,0,396.17,5.984364400617675,2.395638012378056,1,No,0
419.83,0,419.83,6.042228951657957,2.624802381887565,1,No,0
423.5,0,423.5,6.050912005751402,2.6603490106322774,1,No,0
426.0,0,426.0,6.056784013228625,2.684563335390256,1,No,0
426.0,0,426.0,6.056784013228625,2.684563335390256,1,No,0
453.5,0,453.5,6.119197913617533,2.9509209077280203,1,No,0
56.5,0,56.5,4.051784947803305,-0.8943138638389783,0,No,0
56.67,0,56.67,4.0547371076273215,-0.8926672897554357,0,No,0
56.67,0,56.67,4.0547371076273215,-0.8926672897554357,0,No,0
56.67,0,56.67,4.0547371076273215,-0.8926672897554357,0,No,0
56.67,0,56.67,4.0547371076273215,-0.8926672897554357,0,No,0
56.83,0,56.83,4.057507672170127,-0.8911175729709251,0,No,0
56.83,0,56.83,4.057507672170127,-0.8911175729709251,0,No,0
56.83,0,56.83,4.057507672170127,-0.8911175729709251,0,No,0
56.83,0,56.83,4.057507672170127,-0.8911175729709251,0,No,0
57.0,0,57.0,4.060443010546419,-0.8894709988873826,0,No,0
57.0,0,57.0,4.060443010546419,-0.8894709988873826,0,No,0
57.0,0,57.0,4.060443010546419,-0.8894709988873826,0,No,0
57.0,0,57.0,4.060443010546419,-0.8894709988873826,0,No,0
57.0,0,57.0,4.060443010546419,-0.8894709988873826,0,No,0
57.0,0,57.0,4.060443010546419,-0.8894709988873826,0,No,0
57.0,0,57.0,4.060443010546419,-0.8894709988873826,0,No,0
57.17,0,57.17,4.06336975792267,-0.8878244248038399,0,No,0
57.17,0,57.17,4.06336975792267,-0.8878244248038399,0,No,0
57.17,0,57.17,4.06336975792267,-0.8878244248038399,0,No,0
57.17,0,57.17,4.06336975792267,-0.8878244248038399,0,No,0
57.17,0,57.17,4.06336975792267,-0.8878244248038399,0,No,0
57.17,0,57.17,4.06336975792267,-0.8878244248038399,0,No,0
57.17,0,57.17,4.06336975792267,-0.8878244248038399,0,No,0
57.17,0,57.17,4.06336975792267,-0.8878244248038399,0,No,0
57.17,0,57.17,4.06336975792267,-0.8878244248038399,0,No,0
57.33,0,57.33,4.066116540765546,-0.8862747080193294,0,No,0
57.33,0,57.33,4.066116540765546,-0.8862747080193294,0,No,0
57.33,0,57.33,4.066116540765546,-0.8862747080193294,0,No,0
57.33,0,57.33,4.066116540765546,-0.8862747080193294,0,No,0
57.33,0,57.33,4.066116540765546,-0.8862747080193294,0,No,0
57.4,0,57.4,4.067315889834181,-0.8855967069261059,0,No,0
57.5,0,57.5,4.069026754237811,-0.8846281339357869,0,No,0
57.5,0,57.5,4.069026754237811,-0.8846281339357869,0,No,0
57.5,0,57.5,4.069026754237811,-0.8846281339357869,0,No,0
57.67,0,57.67,4.071928522937768,-0.8829815598522442,0,No,0
57.67,0,57.67,4.071928522937768,-0.8829815598522442,0,No,0
57.67,0,57.67,4.071928522937768,-0.8829815598522442,0,Yes,1
57.83,0,57.83,4.0746519288763645,-0.8814318430677337,0,No,0
57.83,0,57.83,4.0746519288763645,-0.8814318430677337,0,No,0
57.83,0,57.83,4.0746519288763645,-0.8814318430677337,0,No,0
58.0,0,58.0,4.07753744390572,-0.8797852689841911,0,No,0
58.0,0,58.0,4.07753744390572,-0.8797852689841911,0,No,0
58.0,0,58.0,4.07753744390572,-0.8797852689841911,0,No,0
58.0,0,58.0,4.07753744390572,-0.8797852689841911,0,No,0
58.17,0,58.17,4.080414656688602,-0.8781386949006486,0,No,0
58.17,0,58.17,4.080414656688602,-0.8781386949006486,0,No,0
58.17,0,58.17,4.080414656688602,-0.8781386949006486,0,No,0
58.33,0,58.33,4.083115080270552,-0.876588978116138,0,No,0
58.33,0,58.33,4.083115080270552,-0.876588978116138,0,No,0
58.33,0,58.33,4.083115080270552,-0.876588978116138,0,No,0
58.33,0,58.33,4.083115080270552,-0.876588978116138,0,No,0
58.5,0,58.5,4.085976312551584,-0.8749424040325954,0,No,0
58.5,0,58.5,4.085976312551584,-0.8749424040325954,0,No,0
58.5,0,58.5,4.085976312551584,-0.8749424040325954,0,Yes,1
58.67,0,58.67,4.088829381533991,-0.8732958299490529,0,No,0
58.67,0,58.67,4.088829381533991,-0.8732958299490529,0,No,0
58.67,0,58.67,4.088829381533991,-0.8732958299490529,0,No,0
58.67,0,58.67,4.088829381533991,-0.8732958299490529,0,No,0
58.67,0,58.67,4.088829381533991,-0.8732958299490529,0,No,0
58.83,0,58.83,4.09150720740194,-0.8717461131645422,0,No,0
58.83,0,58.83,4.09150720740194,-0.8717461131645422,0,No,0
58.83,0,58.83,4.09150720740194,-0.8717461131645422,0,No,0
58.83,0,58.83,4.09150720740194,-0.8717461131645422,0,No,0
58.83,0,58.83,4.09150720740194,-0.8717461131645422,0,No,0
58.83,0,58.83,4.09150720740194,-0.8717461131645422,0,No,0
59.0,0,59.0,4.0943445622221,-0.8700995390809997,0,No,0
59.0,0,59.0,4.0943445622221,-0.8700995390809997,0,No,0
59.0,0,59.0,4.0943445622221,-0.8700995390809997,0,No,0
59.0,0,59.0,4.0943445622221,-0.8700995390809997,0,No,0
59.0,0,59.0,4.0943445622221,-0.8700995390809997,0,No,0
59.0,0,59.0,4.0943445622221,-0.8700995390809997,0,No,0
59.17,0,59.17,4.09717388923226,-0.8684529649974572,0,No,0
59.33,0,59.33,4.09982949245267,-0.8669032482129465,0,No,0
59.33,0,59.33,4.09982949245267,-0.8669032482129465,0,No,0
59.33,0,59.33,4.09982949245267,-0.8669032482129465,0,Yes,1
59.33,0,59.33,4.09982949245267,-0.8669032482129465,0,No,0
59.33,0,59.33,4.09982949245267,-0.8669032482129465,0,No,0
59.33,0,59.33,4.09982949245267,-0.8669032482129465,0,No,0
59.33,0,59.33,4.09982949245267,-0.8669032482129465,0,No,0
59.33,0,59.33,4.09982949245267,-0.8669032482129465,0,No,0
59.5,0,59.5,4.102643365036796,-0.865256674129404,0,No,0
59.5,0,59.5,4.102643365036796,-0.865256674129404,0,No,0
59.5,0,59.5,4.102643365036796,-0.865256674129404,0,No,0
59.5,0,59.5,4.102643365036796,-0.865256674129404,0,No,0
59.5,0,59.5,4.102643365036796,-0.865256674129404,0,No,0
59.67,0,59.67,4.105449341954206,-0.8636101000458614,0,No,0
59.67,0,59.67,4.105449341954206,-0.8636101000458614,0,No,0
59.67,0,59.67,4.105449341954206,-0.8636101000458614,0,No,0
59.83,0,59.83,4.108083088332614,-0.8620603832613508,0,No,0
59.83,0,59.83,4.108083088332614,-0.8620603832613508,0,No,0
59.83,0,59.83,4.108083088332614,-0.8620603832613508,0,No,0
59.83,0,59.83,4.108083088332614,-0.8620603832613508,0,No,0
59.83,0,59.83,4.108083088332614,-0.8620603832613508,0,No,0
59.83,0,59.83,4.108083088332614,-0.8620603832613508,0,No,0
60.0,0,60.0,4.110873864173311,-0.8604138091778083,0,No,0
60.0,0,60.0,4.110873864173311,-0.8604138091778083,0,No,0
60.0,0,60.0,4.110873864173311,-0.8604138091778083,0,Yes,1
60.0,0,60.0,4.110873864173311,-0.8604138091778083,0,No,0
60.17,0,60.17,4.113656873254474,-0.8587672350942657,0,No,0
60.17,0,60.17,4.113656873254474,-0.8587672350942657,0,No,0
60.17,0,60.17,4.113656873254474,-0.8587672350942657,0,No,0
60.17,0,60.17,4.113656873254474,-0.8587672350942657,0,No,0
60.33,0,60.33,4.116269119637892,-0.8572175183097551,0,No,0
60.33,0,60.33,4.116269119637892,-0.8572175183097551,0,No,0
60.67,0,60.67,4.1217975890034015,-0.85392437014267,0,No,0
60.67,0,60.67,4.1217975890034015,-0.85392437014267,0,No,0
60.67,0,60.67,4.1217975890034015,-0.85392437014267,0,No,0
60.83,0,60.83,4.124388683570477,-0.8523746533581594,0,No,0
60.83,0,60.83,4.124388683570477,-0.8523746533581594,0,No,0
60.83,0,60.83,4.124388683570477,-0.8523746533581594,0,No,0
60.83,0,60.83,4.124388683570477,-0.8523746533581594,0,No,0
60.83,0,60.83,4.124388683570477,-0.8523746533581594,0,No,0
60.83,0,60.83,4.124388683570477,-0.8523746533581594,0,No,0
60.83,0,60.83,4.124388683570477,-0.8523746533581594,0,No,0
61.0,0,61.0,4.127134385045092,-0.8507280792746168,0,No,0
61.0,0,61.0,4.127134385045092,-0.8507280792746168,0,No,0
61.0,0,61.0,4.127134385045092,-0.8507280792746168,0,No,0
61.0,0,61.0,4.127134385045092,-0.8507280792746168,0,No,0
61.0,0,61.0,4.127134385045092,-0.8507280792746168,0,No,0
61.0,0,61.0,4.127134385045092,-0.8507280792746168,0,No,0
61.17,0,61.17,4.129872568281246,-0.8490815051910743,0,No,0
61.17,0,61.17,4.129872568281246,-0.8490815051910743,0,No,0
61.33,0,61.33,4.132442850820759,-0.8475317884065636,0,No,0
61.33,0,61.33,4.132442850820759,-0.8475317884065636,0,No,0
61.33,0,61.33,4.132442850820759,-0.8475317884065636,0,No,0
61.33,0,61.33,4.132442850820759,-0.8475317884065636,0,No,0
61.33,0,61.33,4.132442850820759,-0.8475317884065636,0,No,0
61.5,0,61.5,4.135166556742356,-0.8458852143230211,0,No,0
61.5,0,61.5,4.135166556742356,-0.8458852143230211,0,No,0
61.5,0,61.5,4.135166556742356,-0.8458852143230211,0,No,0
61.5,0,61.5,4.135166556742356,-0.8458852143230211,0,No,0
61.67,0,61.67,4.137882864236584,-0.8442386402394786,0,No,0
61.67,0,61.67,4.137882864236584,-0.8442386402394786,0,No,0
61.67,0,61.67,4.137882864236584,-0.8442386402394786,0,No,0
61.67,0,61.67,4.137882864236584,-0.8442386402394786,0,No,0
61.83,0,61.83,4.140432666414855,-0.8426889234549679,0,No,0
61.83,0,61.83,4.140432666414855,-0.8426889234549679,0,No,0
61.83,0,61.83,4.140432666414855,-0.8426889234549679,0,No,0
61.83,0,61.83,4.140432666414855,-0.8426889234549679,0,No,0
62.0,0,62.0,4.143134726391533,-0.8410423493714254,0,No,0
62.0,0,62.0,4.143134726391533,-0.8410423493714254,0,No,0
62.0,0,62.0,4.143134726391533,-0.8410423493714254,0,No,0
62.0,0,62.0,4.143134726391533,-0.8410423493714254,0,No,0
62.17,0,62.17,4.145829504910609,-0.8393957752878828,0,No,0
62.17,0,62.17,4.145829504910609,-0.8393957752878828,0,No,0
62.17,0,62.17,4.145829504910609,-0.8393957752878828,0,No,0
62.17,0,62.17,4.145829504910609,-0.8393957752878828,0,No,0
62.33,0,62.33,4.148359150528339,-0.8378460585033722,0,No,0
62.33,0,62.33,4.148359150528339,-0.8378460585033722,0,No,0
62.33,0,62.33,4.148359150528339,-0.8378460585033722,0,No,0
62.33,0,62.33,4.148359150528339,-0.8378460585033722,0,No,0
62.5,0,62.5,4.151039905898646,-0.8361994844198297,0,No,0
62.5,0,62.5,4.151039905898646,-0.8361994844198297,0,No,0
62.5,0,62.5,4.151039905898646,-0.8361994844198297,0,No,0
62.5,0,62.5,4.151039905898646,-0.8361994844198297,0,No,0
62.5,0,62.5,4.151039905898646,-0.8361994844198297,0,No,0
62.5,0,62.5,4.151039905898646,-0.8361994844198297,0,No,0
62.5,0,62.5,4.151039905898646,-0.8361994844198297,0,No,0
62.67,0,62.67,4.153713494028934,-0.8345529103362871,0,No,0
62.67,0,62.67,4.153713494028934,-0.8345529103362871,0,No,0
62.67,0,62.67,4.153713494028934,-0.8345529103362871,0,No,0
62.67,0,62.67,4.153713494028934,-0.8345529103362871,0,No,0
62.67,0,62.67,4.153713494028934,-0.8345529103362871,0,No,0
62.67,0,62.67,4.153713494028934,-0.8345529103362871,0,No,0
62.83,0,62.83,4.156223299267966,-0.8330031935517765,0,No,0
62.83,0,62.83,4.156223299267966,-0.8330031935517765,0,No,0
62.83,0,62.83,4.156223299267966,-0.8330031935517765,0,No,0
62.83,0,62.83,4.156223299267966,-0.8330031935517765,0,No,0
62.83,0,62.83,4.156223299267966,-0.8330031935517765,0,No,0
62.83,0,62.83,4.156223299267966,-0.8330031935517765,0,No,0
62.83,0,62.83,4.156223299267966,-0.8330031935517765,0,Yes,1
62.83,0,62.83,4.156223299267966,-0.8330031935517765,0,No,0
63.0,0,63.0,4.1588830833596715,-0.8313566194682339,0,No,0
63.0,0,63.0,4.1588830833596715,-0.8313566194682339,0,No,0
63.0,0,63.0,4.1588830833596715,-0.8313566194682339,0,No,0
63.0,0,63.0,4.1588830833596715,-0.8313566194682339,0,No,0
63.0,0,63.0,4.1588830833596715,-0.8313566194682339,0,No,0
63.0,0,63.0,4.1588830833596715,-0.8313566194682339,0,No,0
63.0,0,63.0,4.1588830833596715,-0.8313566194682339,0,No,0
63.17,0,63.17,4.161535811762424,-0.8297100453846914,0,No,0
63.17,0,63.17,4.161535811762424,-0.8297100453846914,0,No,0
63.17,0,63.17,4.161535811762424,-0.8297100453846914,0,Yes,1
63.17,0,63.17,4.161535811762424,-0.8297100453846914,0,Yes,1
63.17,0,63.17,4.161535811762424,-0.8297100453846914,0,No,0
63.5,0,63.5,4.1666652238017265,-0.8265137545166382,0,No,0
63.5,0,63.5,4.1666652238017265,-0.8265137545166382,0,No,0
63.5,0,63.5,4.1666652238017265,-0.8265137545166382,0,No,0
63.5,0,63.5,4.1666652238017265,-0.8265137545166382,0,Yes,1
63.5,0,63.5,4.1666652238017265,-0.8265137545166382,0,No,0
63.67,0,63.67,4.169297415458502,-0.8248671804330957,0,No,0
63.67,0,63.67,4.169297415458502,-0.8248671804330957,0,No,0
63.83,0,63.83,4.171768459186905,-0.823317463648585,0,No,0
63.83,0,63.83,4.171768459186905,-0.823317463648585,0,No,0
63.83,0,63.83,4.171768459186905,-0.823317463648585,0,No,0
85.0,0,85.0,4.454347296253507,-0.6182705615980224,0,No,0
92.17,0,92.17,4.534425781462334,-0.5488238781921398,0,No,0
387.17,0,387.17,5.961443387995971,2.308466443249333,1,No,0
476.0,0,476.0,6.1675164908883415,3.1688498305498274,1,No,0
358.33,0,358.33,5.884241186319959,2.0291299928412916,0,No,0
449.0,0,449.0,6.1092475827643655,2.9073351231636586,1,No,0
412.33,0,412.33,6.024246305382325,2.552159407613629,1,Yes,1
432.17,0,432.17,6.071130260651238,2.7443242888929475,1,No,0
378.0,0,378.0,5.937536205082426,2.2196483000370675,1,No,0
456.67,0,456.67,6.126148400394532,2.981624671521138,1,No,0
378.83,0,378.83,5.939723784200272,2.227687455856716,1,No,0
91.83,0,91.83,4.530769863411841,-0.552117026359225,0,No,0
358.17,0,358.17,5.883795814009186,2.0275802760567814,0,No,0
162.33,0,162.33,5.095772694065048,0.13072693181577116,0,No,0
475.5,0,475.5,6.166467723094256,3.1640069655982317,1,No,0
274.0,0,274.0,5.616771097666572,1.2123323901051584,0,No,0
321.17,0,321.17,5.775079356538235,1.6692082696386983,0,No,0
498.0,0,498.0,6.212606095751519,3.381935888420039,1,No,0
122.0,0,122.0,4.812184355372417,-0.25989855517993943,0,No,0
50.33,0,50.33,3.9382753765722116,-0.9540748173416694,0,No,0
40.5,0,40.5,3.7256934272366524,-1.0492855422900411,0,No,0
267.0,0,267.0,5.5909869805108565,1.1445322807828182,0,No,0
230.0,0,230.0,5.442417710521793,0.7861602743647352,0,No,0
405.83,0,405.83,6.0083954077679635,2.489202163242885,1,No,0
353.5,0,353.5,5.870708345972182,1.9823479174088772,0,No,0
345.0,0,345.0,5.846438775057725,1.90001921323175,0,No,0
498.83,0,498.83,6.214268040609087,3.389975044239688,1,No,0
379.0,0,379.0,5.940171252720432,2.229334029940259,1,No,0
413.0,0,413.0,6.025865973825314,2.5586488466487673,1,No,0
473.5,0,473.5,6.162261618049983,3.144635505791849,1,No,0
229.17,0,229.17,5.4388181663356026,0.7781211185450863,0,No,0
147.83,0,147.83,5.0028047149810675,-0.009716151780504608,0,No,0
310.17,0,310.17,5.740339386629081,1.5626652407035926,0,No,0
449.0,0,449.0,6.1092475827643655,2.9073351231636586,1,No,0
87.5,0,87.5,4.483002552013883,-0.5940562368400438,0,No,0
333.33,0,333.33,5.812128529154394,1.7869867452615058,0,No,0
256.67,0,256.67,5.551679696446243,1.044478690882851,0,No,0
77.0,0,77.0,4.356708826689592,-0.6957564008235539,0,No,0
243.33,0,243.33,5.498519770560679,0.9152710539742772,0,No,0
251.17,0,251.17,5.530103463243588,0.9912071764152978,0,No,0
113.83,0,113.83,4.743452773788098,-0.33903096848901343,0,No,0
226.67,0,226.67,5.4278972120839315,0.7539067937871077,0,No,0
328.0,0,328.0,5.796057750765372,1.7353618048774957,0,No,0
254.67,0,254.67,5.543887550423803,1.0251072310764677,0,No,0
460.0,0,460.0,6.133398042996649,3.0138781520987643,1,No,0
47.67,0,47.67,3.885062823845363,-0.9798388588841586,0,No,0
329.17,0,329.17,5.799607673330689,1.7466941088642298,0,No,0
274.33,0,274.33,5.617970378242053,1.2155286809732113,0,No,0
302.83,0,302.83,5.716468334463384,1.4915719832141672,0,No,0
394.5,0,394.5,5.980150787207709,2.379462843439726,1,Yes,1
44.83,0,44.83,3.8249388985210326,-1.0073463318092224,0,No,0
210.5,0,210.5,5.354224998486333,0.5972885412525023,0,No,0
442.17,0,442.17,6.0939534436113485,2.841181587924862,1,No,0
368.67,0,368.67,5.912610715774155,2.1292804400402914,0,No,0
430.33,0,430.33,6.0668734583876045,2.726502545871075,1,No,0
60.67,0,60.67,4.1217975890034015,-0.85392437014267,0,No,0
243.5,0,243.5,5.499215308914927,0.9169176280578196,0,No,0
182.17,0,182.17,5.210414683372125,0.32289181309508896,0,No,0
382.83,0,382.83,5.950199746230127,2.266430375469482,1,No,0
222.0,0,222.0,5.407171771460119,0.7086744351392038,0,No,0
149.0,0,149.0,5.0106352940962555,0.0016161522062292468,0,No,0
362.67,0,362.67,5.896246863025796,2.0711660606211426,0,No,0
254.0,0,254.0,5.541263545158426,1.0186177920413297,0,No,0
378.67,0,378.67,5.939302454371787,2.2261377390722057,1,No,0
291.67,0,291.67,5.679045694423787,1.383479237494551,0,Yes,1
287.0,0,287.0,5.662960480135946,1.3382468788466468,0,No,0
142.34,0,142.34,4.9652194305657735,-0.06289080894902566,0,No,0
174.5,0,174.5,5.167639042905921,0.24860226473761077,0,No,0
182.17,0,182.17,5.210414683372125,0.32289181309508896,0,No,0
249.67,0,249.67,5.524137333065655,0.9766785815605107,0,No,0
302.17,0,302.17,5.7142937042818485,1.485179401478061,0,No,0
349.67,0,349.67,5.859845610287788,1.9452515718796541,0,No,0
40.17,0,40.17,3.7177098357818132,-1.0524818331580943,0,No,0
324.33,0,324.33,5.784840051790853,1.6998151761327829,0,No,0
491.67,0,491.67,6.199839578717014,3.3206252181328377,1,No,0
169.33,0,169.33,5.137737731872486,0.1985270411381112,0,No,0
90.67,0,90.67,4.518195171973685,-0.563352473046927,0,No,0
290.5,0,290.5,5.675040005790547,1.372146933507817,0,No,0
450.0,0,450.0,6.111467339502679,2.91702085306685,1,No,0
463.67,0,463.67,6.141327476227777,3.0494247808434776,1,No,0
289.33,0,289.33,5.671018207062228,1.3608146295210828,0,No,0
321.33,0,321.33,5.7755758654700795,1.6707579864232087,0,Yes,1
494.33,0,494.33,6.205224207111851,3.346389259675327,1,No,0
285.0,0,285.0,5.655991810819852,1.318875419040264,0,No,0
394.67,0,394.67,5.980580530505903,2.3811094175232688,1,No,0
219.33,0,219.33,5.395126422476097,0.6828135362976828,0,No,0
310.17,0,310.17,5.740339386629081,1.5626652407035926,0,No,0
138.83,0,138.83,4.940427399052759,-0.0968877209092275,0,No,0
449.0,0,449.0,6.1092475827643655,2.9073351231636586,1,No,0
466.33,0,466.33,6.147035646233371,3.0751888223859667,1,Yes,1
61.0,0,61.0,4.127134385045092,-0.8507280792746168,0,No,0
371.5,0,371.5,5.920237037819614,2.156691055666323,0,No,0
490.83,0,490.83,6.198133128328313,3.3124892050141566,1,Yes,1
436.0,0,436.0,6.07993319509559,2.78142063442217,1,No,0
363.0,0,363.0,5.8971538676367405,2.074362351489196,0,No,0
390.17,0,390.17,5.96914224810349,2.337523632958907,1,No,0
295.83,0,295.83,5.693159584352287,1.4237718738918272,0,No,0
349.5,0,349.5,5.859360706474645,1.9436049977961114,0,Yes,1
178.0,0,178.0,5.187385805840755,0.2825023193987808,0,No,0
307.67,0,307.67,5.732272745055829,1.538450915945614,0,No,0
299.0,0,299.0,5.703782474656201,1.4544756376849441,0,No,0
183.5,0,183.5,5.217649463480582,0.3357738338663337,0,Yes,1
84.16,0,84.16,4.444531840025279,-0.6264065747167032,0,No,0
113.83,0,113.83,4.743452773788098,-0.33903096848901343,0,No,0
248.0,0,248.0,5.517452896464707,0.9605034126221811,0,No,0
79.66,0,79.66,4.390242789445222,-0.6699923592810647,0,No,0
395.83,0,395.83,5.983507977391525,2.3923448642109704,1,No,0
396.17,0,396.17,5.984364400617675,2.395638012378056,1,No,0
78.0,0,78.0,4.3694478524670215,-0.6860706709203624,0,No,0
75.67,0,75.67,4.339510497570803,-0.7086384215947985,0,No,0
234.67,0,234.67,5.462432521400004,0.8313926330126391,0,No,0
232.83,0,232.83,5.454594355605302,0.8135708899907672,0,No,0
280.33,0,280.33,5.639528357516423,1.2736430603923599,0,No,0
269.67,0,269.67,5.600900366688672,1.1703931796243396,0,No,0
455.67,0,455.67,6.123961029397495,2.9719389416179465,1,No,0
392.67,0,392.67,5.975512994893912,2.3617379577168855,1,No,0
350.0,0,350.0,5.860786223465865,1.948447862747707,0,No,0
250.5,0,250.5,5.527442989539794,0.9847177373801597,0,No,0
326.0,0,326.0,5.7899601708972535,1.7159903450711127,0,Yes,1
244.17,0,244.17,5.501951847474021,0.9234070670929577,0,No,0
468.0,0,468.0,6.150602768446279,3.091363991324296,1,No,0
455.83,0,455.83,6.124311330441032,2.9734886584024567,1,No,0
428.17,0,428.17,6.06185311082991,2.705581369280182,1,No,0
73.0,0,73.0,4.30406509320417,-0.7344993204363196,0,No,0
487.33,0,487.33,6.190991406821195,3.2785891503529867,1,No,0
170.0,0,170.0,5.14166355650266,0.20501648017324933,0,No,0
266.0,0,266.0,5.58724865840025,1.1348465508796268,0,No,0
427.67,0,427.67,6.0606873921489886,2.7007385043285863,1,No,0
320.83,0,320.83,5.774023455819012,1.665915121471613,0,No,0
298.67,0,298.67,5.702681869212168,1.4512793468168912,0,No,0
268.83,0,268.83,5.597792131068768,1.1622571665056585,0,No,0
242.5,0,242.5,5.495116942522644,0.9072318981546282,0,No,0
64.17,0,64.17,4.176999240344289,-0.8200243154815,0,No,0
397.0,0,397.0,5.986452005284438,2.4036771681977047,1,No,0
382.83,0,382.83,5.950199746230127,2.266430375469482,1,No,0
63.67,0,63.67,4.169297415458502,-0.8248671804330957,0,No,0
308.83,0,308.83,5.736023759963219,1.5496863626333157,0,No,0
250.5,0,250.5,5.527442989539794,0.9847177373801597,0,No,0
469.17,0,469.17,6.153094331433318,3.1026962953110306,1,No,0
499.17,0,499.17,6.2149480406352895,3.3932681924067736,1,No,0
303.83,0,303.83,5.7197542441659,1.5012577131173586,0,No,0
189.33,0,189.33,5.248759407699692,0.39224163920193983,0,Yes,1
422.17,0,422.17,6.047773989562574,2.6474669898610332,1,No,0
301.83,0,301.83,5.713171591952887,1.4818862533109758,0,No,0
367.67,0,367.67,5.909901934964616,2.1195947101371,0,No,0
375.33,0,375.33,5.930466418046399,2.193787401195546,1,No,0
497.33,0,497.33,6.211262508171095,3.375446449384901,1,No,0
166.33,0,166.33,5.119967910506483,0.1694698514285369,0,No,0
309.17,0,309.17,5.737120534266712,1.5529795108004012,0,No,0
470.67,0,470.67,6.156279588522065,3.1172248901658177,1,No,0
396.67,0,396.67,5.985622515624349,2.4004808773296515,1,No,0
445.67,0,445.67,6.101820066935569,2.875081642586032,1,No,0
422.0,0,422.0,6.0473721790462776,2.6458204157774903,1,No,0
42.33,0,42.33,3.768845235751818,-1.0315606565672009,0,No,0
498.67,0,498.67,6.213947880526312,3.388425327455178,1,No,0
420.0,0,420.0,6.042632833682381,2.626448955971107,1,No,0
396.5,0,396.5,5.985194934094387,2.398834303246109,1,No,0
302.5,0,302.5,5.715381610499553,1.4883756923461142,0,No,0
345.67,0,345.67,5.848373318805697,1.9065086522668884,0,No,0
453.83,0,453.83,6.1199237227616,2.954117198596074,1,No,0
344.83,0,344.83,5.845947324836075,1.8983726391482074,0,No,0
427.33,0,427.33,6.059893926529762,2.697445356161501,1,No,0
255.5,0,255.5,5.547128664610824,1.0331463868961168,0,No,0
158.67,0,158.67,5.07310918535161,0.09527716037009028,0,Yes,1
318.83,0,318.83,5.767789604630494,1.64654366166523,0,No,0
241.5,0,241.5,5.491001710377538,0.8975461682514367,0,No,0
94.83,0,94.83,4.562575788355671,-0.5230598366496507,0,No,0
68.34,0,68.34,4.239021940256878,-0.7796348217851917,0,No,0
343.67,0,343.67,5.842587437533383,1.8871371924605056,0,No,0
465.34,0,465.34,6.144914981820847,3.065599949781807,1,No,0
78.0,0,78.0,4.3694478524670215,-0.6860706709203624,0,No,0
222.0,0,222.0,5.407171771460119,0.7086744351392038,0,No,0
215.83,0,215.83,5.379113636376126,0.6489134816365129,0,No,0
70.17,0,70.17,4.26507138131118,-0.7619099360623514,0,No,0
199.5,0,199.5,5.300814246746624,0.4907455123173966,0,No,0
91.17,0,91.17,4.523634698005573,-0.5585096080953312,0,No,0
255.83,0,255.83,5.548414387422504,1.0363426777641702,0,No,0
41.17,0,41.17,3.7417090677584683,-1.042796103254903,0,No,0
76.67,0,76.67,4.352469082431556,-0.698952691691607,0,No,0
49.0,0,49.0,3.912023005428146,-0.966956838112914,0,No,0
50.0,0,50.0,3.9318256327243257,-0.9572711082097226,0,No,0
43.83,0,43.83,3.802877558167348,-1.0170320617124138,0,No,0
81.5,0,81.5,4.412798293340635,-0.6521706162591925,0,No,0
59.0,0,59.0,4.0943445622221,-0.8700995390809997,0,No,0
42.0,0,42.0,3.7612001156935624,-1.034756947435254,0,No,0
381.84,0,381.84,5.947617147327706,2.2568415028653224,1,No,0
307.83,0,307.83,5.732790963690908,1.5400006327301243,0,No,0
47.83,0,47.83,3.888344878073569,-0.978289142099648,0,No,0
43.0,0,43.0,3.784189633918261,-1.0250712175320627,0,No,0
51.83,0,51.83,3.9670792111762245,-0.9395462224868822,0,Yes,1
124.33,0,124.33,4.830950258623431,-0.23733080450550342,0,No,0
49.0,0,49.0,3.912023005428146,-0.966956838112914,0,No,0
63.17,0,63.17,4.161535811762424,-0.8297100453846914,0,No,0
480.5,0,480.5,6.17690623123818,3.212435615114189,1,No,0
459.33,0,459.33,6.131943623585349,3.0073887130636265,1,No,0
210.67,0,210.67,5.355028458132079,0.5989351153360448,0,No,0
56.5,0,56.5,4.051784947803305,-0.8943138638389783,0,No,0
399.83,0,399.83,5.993537397268912,2.431087783823736,1,No,0
153.33,0,153.33,5.03909316691274,0.04355536268704827,0,No,0
361.83,0,361.83,5.893934405009768,2.063030047502462,0,No,0
92.16,0,92.16,4.53431844501614,-0.5489207354911718,0,No,0
338.83,0,338.83,5.828445492568525,1.8402582597290587,0,No,0
331.0,0,331.0,5.805134968916488,1.76441899458707,0,No,0
424.33,0,424.33,6.05286533821532,2.6683881664519267,1,No,0
490.0,0,490.0,6.19644412779452,3.3044500491945077,1,No,0
379.0,0,379.0,5.940171252720432,2.229334029940259,1,No,0
162.17,0,162.17,5.094792602102979,0.12917721503126028,0,No,0
488.17,0,488.17,6.192710077320975,3.286725163471668,1,Yes,1
482.67,0,482.67,6.181402855991089,3.233453649004115,1,Yes,1
269.0,0,269.0,5.598421958998375,1.1639037405892012,0,No,0
488.33,0,488.33,6.193037108494049,3.288274880256178,1,No,0
444.17,0,444.17,6.098456231686145,2.8605530477312446,1,No,0
190.0,0,190.0,5.25227342804663,0.398731078237078,0,No,0
254.5,0,254.5,5.543222409643759,1.0234606569929254,0,No,0
485.33,0,485.33,6.186887405821592,3.259217690546604,1,No,0
321.5,0,321.5,5.776103136235827,1.6724045605067515,0,No,0
197.5,0,197.5,5.290789100127245,0.4713740525110137,0,No,0
325.83,0,325.83,5.7894401580381585,1.7143437709875702,0,No,0
377.0,0,377.0,5.934894195619588,2.2099625701338756,1,No,0
477.83,0,477.83,6.171345628362577,3.186574716272668,1,No,0
421.17,0,421.17,6.045408076518209,2.637781259957842,1,Yes,1
421.67,0,421.67,6.046591732733295,2.6426241249094375,1,No,0
162.33,0,162.33,5.095772694065048,0.13072693181577116,0,No,0
403.5,0,403.5,6.002651736498547,2.4666344125684487,1,No,0
256.67,0,256.67,5.551679696446243,1.044478690882851,0,No,0
359.67,0,359.67,5.887963412839786,2.0421088709115685,0,No,0
277.33,0,277.33,5.628807460063128,1.2445858706827857,0,No,0
230.83,0,230.83,5.446004344446802,0.7941994301843843,0,No,0
470.17,0,470.17,6.155218963077935,3.112382025214222,1,Yes,1
217.33,0,217.33,5.386007679675025,0.6634420764912999,0,No,0
348.33,0,348.33,5.85601703418262,1.9322726938093773,0,No,0
221.83,0,221.83,5.406409148898877,0.7070278610556614,0,No,0
4.67,0,4.67,1.7351891177396608,-1.3963252447213903,0,No,0
104.0,0,104.0,4.653960350157523,-0.4342416934373852,0,No,0
259.33,0,259.33,5.561950056992292,1.0702427324253398,0,No,0
124.33,0,124.33,4.830950258623431,-0.23733080450550342,0,No,0
478.17,0,478.17,6.172055440500938,3.1898678644397536,1,No,0
413.5,0,413.5,6.02707297457535,2.563491711600363,1,Yes,1
285.67,0,285.67,5.658331728418817,1.3253648580754025,0,No,0
142.5,0,142.5,4.966335035199676,-0.06134109216451507,0,No,0
274.67,0,274.67,5.6192044981809035,1.2188218291402968,0,No,0
116.5,0,116.5,4.7664383335842135,-0.31317006964749233,0,No,0
202.0,0,202.0,5.313205979041787,0.5149598370753752,0,No,0
279.33,0,279.33,5.635967480627723,1.2639573304891685,0,No,0
65.2,0,65.2,4.192680462942962,-0.8100480136812128,0,No,0
198.67,0,198.67,5.296666003798806,0.48270635649774757,0,No,0
321.0,0,321.0,5.7745515455444085,1.6675616955551555,0,No,0
194.67,0,194.67,5.276429566790007,0.44396343688498185,0,No,0
42.33,0,42.33,3.768845235751818,-1.0315606565672009,0,No,0
232.33,0,232.33,5.452453760558967,0.8087280250391714,0,No,0
419.67,0,419.67,6.041848678331924,2.6232526651030548,1,No,0
424.67,0,424.67,6.0536643981873315,2.6716813146190117,1,No,0
466.83,0,466.83,6.148104982063913,3.0800316873375624,1,No,0
48.83,0,48.83,3.908617212293313,-0.9686034121964565,0,No,0
94.5,0,94.5,4.5591262474866845,-0.5262561275177038,0,No,0
312.17,0,312.17,5.746746174088317,1.5820367005099754,0,No,0
412.33,0,412.33,6.024246305382325,2.552159407613629,1,No,0
408.33,0,408.33,6.014521676683345,2.5134164880008636,1,No,0
285.33,0,285.33,5.657144991804844,1.322071709908317,0,No,0
48.0,0,48.0,3.8918202981106265,-0.9766425680161055,0,No,0
353.17,0,353.17,5.869777023850878,1.9791516265408242,0,No,0
85.0,0,85.0,4.454347296253507,-0.6182705615980224,0,No,0
345.0,0,345.0,5.846438775057725,1.90001921323175,0,No,0
136.67,0,136.67,4.924859517074852,-0.11780889750012123,0,No,0
51.67,0,51.67,3.964046033495298,-0.9410959392713929,0,No,0
71.83,0,71.83,4.288127958229824,-0.7458316244230536,0,No,0
43.83,0,43.83,3.802877558167348,-1.0170320617124138,0,No,0
70.67,0,70.67,4.272072250005828,-0.7570670711107557,0,No,0
446.0,0,446.0,6.102558594613569,2.8782779334540844,1,No,0
366.33,0,366.33,5.906260626593414,2.106615832066823,0,No,0
264.0,0,264.0,5.579729825986222,1.115475091073244,0,Yes,1
54.0,0,54.0,4.007333185232471,-0.9185281885969568,0,No,0
59.0,0,59.0,4.0943445622221,-0.8700995390809997,0,No,0
70.0,0,70.0,4.2626798770413155,-0.7635565101458939,0,No,0
305.67,0,305.67,5.72577225088112,1.5190794561392311,0,No,0
352.17,0,352.17,5.866949527410049,1.9694658966376328,0,No,0
186.17,0,186.17,5.232017294790805,0.3616347327078547,0,No,0
158.67,0,158.67,5.07310918535161,0.09527716037009028,0,No,0
207.0,0,207.0,5.337538079701318,0.5633884865913323,0,No,0
360.83,0,360.83,5.891174488263261,2.05334431759927,0,No,0
181.67,0,181.67,5.207681246288592,0.3180489481434932,0,No,0
441.83,0,441.83,6.093185949217015,2.8378884397577764,1,Yes,1
130.67,0,130.67,4.880298792368253,-0.17592327691926984,0,No,0
123.17,0,123.17,4.821651594428751,-0.24856625119320544,0,No,0
56.0,0,56.0,4.04305126783455,-0.899156728790574,0,No,0
95.0,0,95.0,4.564348191467836,-0.5214132625661081,0,No,0
94.0,0,94.0,4.553876891600541,-0.5310989924692996,0,No,0
70.0,0,70.0,4.2626798770413155,-0.7635565101458939,0,No,0
144.5,0,144.5,4.980176086611547,-0.0419696323581322,0,No,0
248.83,0,248.83,5.520780686557383,0.9685425684418301,0,No,0
96.0,0,96.0,4.574710978503383,-0.5117275326629167,0,No,0
494.17,0,494.17,6.204901137952049,3.3448395428908166,1,No,0
383.67,0,383.67,5.952385823873655,2.274566388588163,1,Yes,1
70.0,0,70.0,4.2626798770413155,-0.7635565101458939,0,No,0
77.0,0,77.0,4.356708826689592,-0.6957564008235539,0,No,0
348.17,0,348.17,5.855558909621995,1.930722977024867,0,No,0
444.5,0,444.5,6.099197246910864,2.8637493385992974,1,No,0
144.83,0,144.83,4.982441559725474,-0.038773341490078904,0,No,0
417.83,0,417.83,6.037465109668666,2.605430922081182,1,No,0
261.0,0,261.0,5.568344503761097,1.0864179013636697,0,No,0
74.0,0,74.0,4.31748811353631,-0.7248135905331282,0,No,0
225.5,0,225.5,5.422744944923089,0.7425744898003739,0,No,0
64.17,0,64.17,4.176999240344289,-0.8200243154815,0,No,0
416.33,0,416.33,6.033877275739589,2.590902327226395,1,No,0
85.0,0,85.0,4.454347296253507,-0.6182705615980224,0,No,0
108.33,0,108.33,4.694370831446394,-0.39230248295656633,0,No,0
464.5,0,464.5,6.143112096717122,3.057463936663126,1,No,0
50.5,0,50.5,3.9415818076696905,-0.9524282432581268,0,No,0
383.67,0,383.67,5.952385823873655,2.274566388588163,1,No,0
109.67,0,109.67,4.706552800276694,-0.3793236048862898,0,No,0
372.5,0,372.5,5.922918004572872,2.1663767855695144,0,No,0
53.67,0,53.67,4.001315112906908,-0.92172447946501,0,No,0
157.33,0,157.33,5.0646814625133425,0.08229828229981401,0,No,0
69.83,0,69.83,4.260282639765531,-0.7652030842294365,0,No,0
219.67,0,219.67,5.39666837289499,0.6861066844647676,0,No,0
295.33,0,295.33,5.691473698188603,1.4189290089402313,0,No,0
380.17,0,380.17,5.94324546983738,2.2406663339269928,1,No,0
120.33,0,120.33,4.798514106063782,-0.27607372411826914,0,No,0
56.5,0,56.5,4.051784947803305,-0.8943138638389783,0,No,0
196.0,0,196.0,5.2832037287379885,0.4568454576562266,0,No,0
366.33,0,366.33,5.906260626593414,2.106615832066823,0,No,0
462.17,0,462.17,6.138094157321945,3.0348961859886905,1,No,0
176.33,0,176.33,5.178012403504388,0.26632715046045125,0,Yes,1
493.0,0,493.0,6.202535517187923,3.333507238904082,1,No,0
440.0,0,440.0,6.089044875446846,2.8201635540349357,1,No,0
414.0,0,414.0,6.028278520230698,2.5683345765519587,1,No,0
290.0,0,290.0,5.673323267171493,1.3673040685562212,0,No,0
41.5,0,41.5,3.7495040759303713,-1.0395998123868497,0,No,0
449.83,0,449.83,6.111090328309851,2.915374278983308,1,No,0
324.0,0,324.0,5.783825182329737,1.69661888526473,0,No,0
411.5,0,411.5,6.022236205774735,2.54412025179398,1,No,0
496.5,0,496.5,6.209595556598647,3.3674072935652517,1,Yes,1
188.17,0,188.17,5.242646081677572,0.38100619251423756,0,No,0
439.83,0,439.83,6.088659313599084,2.8185169799513936,1,No,0
173.33,0,173.33,5.160950054755124,0.23726996075087692,0,No,0
163.5,0,163.5,5.1029105702054265,0.142059235802505,0,No,0
314.0,0,314.0,5.752572638825633,1.5997615862328156,0,No,0
40.0,0,40.0,3.713572066704308,-1.0541284072416368,0,No,0
257.83,0,257.83,5.556171475537641,1.0557141375705528,0,No,0
456.33,0,456.33,6.125405230961421,2.9783315233540524,1,No,0
72.0,0,72.0,4.290459441148391,-0.7441850503395111,0,No,0
465.5,0,465.5,6.1452580202873985,3.0671496665663174,1,No,0
165.0,0,165.0,5.111987788356544,0.15658783065729218,0,No,0
380.5,0,380.5,5.9441108507245115,2.243862624795046,1,No,0
203.17,0,203.17,5.318952980148108,0.526292141062109,0,Yes,1
376.67,0,376.67,5.934020798446277,2.206766279265823,1,Yes,1
281.5,0,281.5,5.643678550586496,1.284975364379094,0,No,0
91.0,0,91.0,4.5217885770490405,-0.5601561821788739,0,No,0
312.0,0,312.0,5.746203190540153,1.5803901264264328,0,No,0
304.67,0,304.67,5.7225060886543035,1.5093937262360397,0,No,0
194.17,0,194.17,5.273870973643111,0.43912057193338616,0,No,0
402.67,0,402.67,6.000597712489204,2.4585952567488003,1,No,0
327.83,0,327.83,5.795540899895742,1.733715230793953,0,No,0
71.67,0,71.67,4.2859286446285445,-0.7473813412075642,0,No,0
435.84,0,435.84,6.079566995329528,2.77987091763766,1,No,0
406.33,0,406.33,6.009623667723892,2.494045028194481,1,No,0
486.5,0,486.5,6.189290290437902,3.2705499945333374,1,Yes,1
372.83,0,372.83,5.923801148622886,2.1695730764375676,0,No,0
312.0,0,312.0,5.746203190540153,1.5803901264264328,0,No,0
490.17,0,490.17,6.1967903000492175,3.3060966232780507,1,No,0
499.83,0,499.83,6.216266722145061,3.3996607741428795,1,No,0
478.0,0,478.0,6.171700597410915,3.18822129035621,1,No,0
356.67,0,356.67,5.879610773583653,2.0130516812019943,0,No,0
406.67,0,406.67,6.010458023600516,2.4973381763615663,1,No,0
395.67,0,395.67,5.983104700763502,2.39079514742646,1,Yes,1
272.5,0,272.5,5.611301621862036,1.197803795250371,0,No,0
96.83,0,96.83,4.583231278469338,-0.5036883768432678,0,No,0
92.6,0,92.6,4.539030383483547,-0.5446590143337676,0,No,0
120.83,0,120.83,4.8026266303663165,-0.27123085916667344,0,No,0
330.67,0,330.67,5.804140498691236,1.761222703719017,0,No,0
414.33,0,414.33,6.029073384964899,2.5715308674200124,1,No,0
390.83,0,390.83,5.9708280722575395,2.3439162146950134,1,No,0
347.33,0,347.33,5.8531503063070245,1.9225869639061859,0,No,0
130.67,0,130.67,4.880298792368253,-0.17592327691926984,0,No,0
405.67,0,405.67,6.008002045746911,2.4876524464583745,1,Yes,1
128.66,0,128.66,4.864915639746849,-0.19539159402468453,0,No,0
106.5,0,106.5,4.677490847567717,-0.41002736867940665,0,No,0
62.0,0,62.0,4.143134726391533,-0.8410423493714254,0,No,0
183.0,0,183.0,5.214935757608986,0.33093096891473794,0,No,0
144.0,0,144.0,4.976733742420574,-0.04681249730972792,0,No,0
342.17,0,342.17,5.8382259512056915,1.8726085976057185,0,No,0
231.33,0,231.33,5.4481587747871965,0.79904229513598,0,No,0
273.67,0,273.67,5.6155703770900525,1.2091360992371052,0,No,0
334.5,0,334.5,5.815621956411737,1.79831904924824,0,No,0
320.17,0,320.17,5.771970577959644,1.659522539735507,0,No,0
54.33,0,54.33,4.013315256910018,-0.9153318977289037,0,No,0
196.5,0,196.5,5.285738584341177,0.4616883226078223,0,No,0
214.83,0,214.83,5.374491060770879,0.6392277517333214,0,No,0
410.67,0,410.67,6.020222057527178,2.536081095974332,1,No,0
188.0,0,188.0,5.241747015059643,0.3793596184306951,0,Yes,1
59.17,0,59.17,4.09717388923226,-0.8684529649974572,0,No,0
492.17,0,492.17,6.200853942189529,3.3254680830844334,1,No,0
380.5,0,380.5,5.9441108507245115,2.243862624795046,1,No,0
311.5,0,311.5,5.744604469176457,1.5755472614748371,0,No,0
268.8,0,268.8,5.597680943773655,1.1619665946085629,0,Yes,1
61.83,0,61.83,4.140432666414855,-0.8426889234549679,0,No,0
435.83,0,435.83,6.079544103390923,2.779774060338628,1,No,0
176.5,0,176.5,5.178970608915471,0.26797372454399365,0,No,0
340.67,0,340.67,5.8338453589543695,1.8580800027509312,0,No,0
374.5,0,374.5,5.928258471204189,2.185748245375897,1,No,0
298.33,0,298.33,5.701546643714624,1.4479861986498057,0,No,0
400.67,0,400.67,5.995630855977398,2.439223796942417,1,No,0
235.34,0,235.34,5.46527144621087,0.8378820720477775,0,No,0
441.83,0,441.83,6.093185949217015,2.8378884397577764,1,No,0
448.33,0,448.33,6.107757584379,2.900845684128521,1,No,0
159.0,0,159.0,5.075173815233827,0.09847345123814358,0,No,0
380.83,0,380.83,5.944975483375027,2.247058915663099,1,No,0
43.5,0,43.5,3.7954891891721947,-1.020228352580467,0,No,0
339.33,0,339.33,5.829915735129297,1.8451011246806543,0,No,0
449.33,0,449.33,6.109980647340194,2.9105314140317122,1,No,0
498.83,0,498.83,6.214268040609087,3.389975044239688,1,No,0
309.67,0,309.67,5.738731255573653,1.557822375751997,0,No,0
129.33,0,129.33,4.870069695542629,-0.1889021549895461,0,No,0
315.83,0,315.83,5.758365352426493,1.6174864719556559,0,No,0
478.67,0,478.67,6.173098367465439,3.1947107293913493,1,No,0
384.67,0,384.67,5.9549820815305665,2.2842521184913545,1,No,0
178.17,0,178.17,5.188335075811806,0.2841488934823232,0,No,0
113.33,0,113.33,4.739089003553879,-0.3438738334406092,0,No,0
409.67,0,409.67,6.017789972275531,2.5263953660711405,1,No,0
368.33,0,368.33,5.911690553327634,2.125987291873206,0,No,0
94.6,0,94.6,4.560172820057356,-0.5252875545273847,0,No,0
248.33,0,248.33,5.518777320233045,0.9636997034902344,0,No,0
453.17,0,453.17,6.118471577291897,2.9477246168599676,1,No,0
227.8,0,227.8,5.432848259505643,0.7648516685777142,0,No,0
283.33,0,283.33,5.6501355354254255,1.3027002501019342,0,No,0
399.5,0,399.5,5.992713766508414,2.427891492955683,1,No,0
368.5,0,368.5,5.912150740388256,2.127633865956749,0,No,0
47.33,0,47.33,3.8780524858569927,-0.9831320070512437,0,No,0
418.17,0,418.17,6.038276565560448,2.6087240702482677,1,No,0
481.5,0,481.5,6.178980920779041,3.2221213450173805,1,No,0
364.33,0,364.33,5.9008010547106355,2.0872443722604404,0,Yes,1
40.5,0,40.5,3.7256934272366524,-1.0492855422900411,0,No,0
438.83,0,438.83,6.0863882886182825,2.808831250048202,1,No,0
257.67,0,257.67,5.555553118030016,1.0541644207860423,0,No,0
328.67,0,328.67,5.798092154126943,1.7418512439126341,0,No,0
264.67,0,264.67,5.5822549370948344,1.1219645301083825,0,No,0
166.17,0,166.17,5.119011258714539,0.16792013464402603,0,No,0
265.33,0,265.33,5.584736141375288,1.1283571118444884,0,No,0
78.83,0,78.83,4.379899373657707,-0.6780315151007136,0,No,0
389.83,0,389.83,5.968272682831306,2.3342304847918216,1,No,0
307.0,0,307.0,5.730099782973574,1.5319614769104757,0,Yes,1
130.67,0,130.67,4.880298792368253,-0.17592327691926984,0,No,0
461.5,0,461.5,6.1366465569524795,3.028406746953552,1,No,0
398.0,0,398.0,5.988961416889864,2.413362898100896,1,No,0
114.0,0,114.0,4.74493212836325,-0.3373843944054709,0,No,0
472.83,0,472.83,6.160848607575829,3.138146066756711,1,No,0
375.33,0,375.33,5.930466418046399,2.193787401195546,1,Yes,1
98.83,0,98.83,4.603468739348334,-0.48431691703688495,0,No,0
92.33,0,92.33,4.536141599577656,-0.5472741614076293,0,No,0
365.17,0,365.17,5.903097706437833,2.0953803853791215,0,No,0
472.0,0,472.0,6.159095388491933,3.130106910937062,1,No,0
319.33,0,319.33,5.769351714420779,1.6513865266168257,0,No,0
403.67,0,403.67,6.003071920149698,2.4682809866519917,1,No,0
451.83,0,451.83,6.115516779111207,2.9347457387896907,1,No,0
444.0,0,444.0,6.09807428216624,2.8589064736477017,1,No,0
104.83,0,104.83,4.661834033105633,-0.42620253761773635,0,No,0
289.17,0,289.17,5.670466958124927,1.3592649127365726,0,Yes,1
410.17,0,410.17,6.019006754281006,2.531238231022736,1,No,0
180.0,0,180.0,5.198497031265826,0.3018737792051637,0,No,0
81.33,0,81.33,4.410735561310335,-0.653817190342735,0,No,0
54.17,0,54.17,4.01041932728434,-0.9168816145134143,0,No,0
366.17,0,366.17,5.905824956062357,2.105066115282313,0,No,0
468.83,0,468.83,6.152370927146452,3.099403147143945,1,No,0
195.5,0,195.5,5.280662431309316,0.45200259270463083,0,No,0
172.33,0,172.33,5.155197291953219,0.22758423084768548,0,No,0
50.5,0,50.5,3.9415818076696905,-0.9524282432581268,0,No,0
87.0,0,87.0,4.477336814478207,-0.5988991017916395,0,No,0
443.5,0,443.5,6.096950054953959,2.854063608696106,1,No,0
41.83,0,41.83,3.7572387916272794,-1.0364035215187966,0,No,0
47.83,0,47.83,3.888344878073569,-0.978289142099648,0,No,0
69.17,0,69.17,4.250920869264197,-0.7715956659655427,0,No,0
49.0,0,49.0,3.912023005428146,-0.966956838112914,0,No,0
383.17,0,383.17,5.951085162954639,2.2697235236365674,1,No,0
208.17,0,208.17,5.343147318465829,0.5747207905780662,0,No,0
99.0,0,99.0,4.605170185988092,-0.4826703429533424,0,No,0
51.5,0,51.5,3.960813169597578,-0.9427425133549354,0,No,0
87.83,0,87.83,4.486724430781609,-0.5908599459719907,0,No,0
193.0,0,193.0,5.267858159063328,0.42778826794665226,0,No,0
101.5,0,101.5,4.629862798578463,-0.4584560181953638,0,No,0
140.67,0,140.67,4.95350040939126,-0.0790659778873555,0,No,0
102.83,0,102.83,4.642754946315362,-0.4455739974241192,0,No,0
250.83,0,250.83,5.528754256689711,0.987914028248213,0,No,0
41.83,0,41.83,3.7572387916272794,-1.0364035215187966,0,No,0
45.0,0,45.0,3.828641396489095,-1.0056997577256797,0,No,0
51.33,0,51.33,3.9575698203841165,-0.9443890874384779,0,No,0
154.0,0,154.0,5.043425116919247,0.05004480172218641,0,No,0
49.83,0,49.83,3.928486731458811,-0.9589176822932651,0,No,0
463.0,0,463.0,6.139884552226255,3.042935341808339,1,Yes,1
413.5,0,413.5,6.02707297457535,2.563491711600363,1,Yes,1
91.0,0,91.0,4.5217885770490405,-0.5601561821788739,0,No,0
439.0,0,439.0,6.0867747269123065,2.8104778241317443,1,Yes,1
419.83,0,419.83,6.042228951657957,2.624802381887565,1,Yes,1
463.83,0,463.83,6.141671747344679,3.0509744976279882,1,Yes,1
443.33,0,443.33,6.0965675296069906,2.852417034612564,1,No,0
427.17,0,427.17,6.059520312981926,2.6958956393769906,1,No,0
454.83,0,454.83,6.1221199329870295,2.9638029284992653,1,No,0
317.33,0,317.33,5.7630885805536085,1.632015066810443,0,No,0
372.33,0,372.33,5.922462747009742,2.164730211485972,0,No,0
404.0,0,404.0,6.003887067106539,2.4714772775200444,1,No,0
369.33,0,369.33,5.914394500030922,2.1356730217763973,0,No,0
321.0,0,321.0,5.7745515455444085,1.6675616955551555,0,No,0
385.33,0,385.33,5.956691926506723,2.2906447002274604,1,No,0
370.0,0,370.0,5.916202062607435,2.142162460811536,0,No,0
343.33,0,343.33,5.841600499862562,1.8838440442934201,0,No,0
443.17,0,443.17,6.096207372034161,2.8508673178280532,1,No,0
294.5,0,294.5,5.688668836846153,1.4108898531205827,0,No,0
458.33,0,458.33,6.129768905985113,2.997702983160435,1,No,0
483.0,0,483.0,6.182084906716632,3.2366499398721675,1,No,0
144.17,0,144.17,4.9779054694733365,-0.04516592322618549,0,No,0
235.0,0,235.0,5.4638318050256105,0.8345889238806925,0,No,0
212.83,0,212.83,5.365181306801544,0.6198562919269385,0,Yes,1
262.83,0,262.83,5.5753049563343575,1.10414278708651,0,No,0
58.17,0,58.17,4.080414656688602,-0.8781386949006486,0,No,0
462.83,0,462.83,6.139518105782613,3.041288767724797,1,No,0
240.5,0,240.5,5.486869473092628,0.8878604383482454,0,No,0
241.5,0,241.5,5.491001710377538,0.8975461682514367,0,No,0
287.8,0,287.8,5.665734407018671,1.3459954627692001,0,No,0
164.5,0,164.5,5.1089711948171175,0.15174496570569646,0,No,0
229.5,0,229.5,5.440250862436703,0.7813174094131395,0,Yes,1
409.67,0,409.67,6.017789972275531,2.5263953660711405,1,No,0
469.67,0,469.67,6.154157211512974,3.1075391602626263,1,No,0
347.17,0,347.17,5.852690866241513,1.9210372471216757,0,No,0
249.0,0,249.0,5.521460917862246,0.9701891425253725,0,No,0
271.0,0,271.0,5.605802066295998,1.183275200395584,0,No,0
324.83,0,324.83,5.786375772960055,1.7046580410843786,0,No,0
255.5,0,255.5,5.547128664610824,1.0331463868961168,0,Yes,1
356.83,0,356.83,5.88005801328363,2.0146013979865045,0,No,0
96.4,0,96.4,4.578826210648489,-0.5078532407016401,0,No,0
200.33,0,200.33,5.304945352838257,0.4987846681370456,0,No,0
173.67,0,173.67,5.162898479440301,0.24056310891796176,0,Yes,1
239.0,0,239.0,5.480638923341991,0.8733318434934582,0,No,0
198.5,0,198.5,5.295814236329918,0.48105978241420516,0,No,0
389.83,0,389.83,5.968272682831306,2.3342304847918216,1,No,0
361.25,0,361.25,5.8923345812007915,2.057412324158611,0,No,0
51.0,0,51.0,3.9512437185814275,-0.9475853783065311,0,No,0
414.17,0,414.17,6.028688074905949,2.5699811506355017,1,No,0
269.17,0,269.17,5.599051390494432,1.165550314672744,0,No,0
298.0,0,298.0,5.700443573390687,1.4447899077817528,0,No,0
201.0,0,201.0,5.308267697401205,0.5052741071721838,0,No,0
190.5,0,190.5,5.2548878086207,0.4035739431886737,0,No,0
321.0,0,321.0,5.7745515455444085,1.6675616955551555,0,No,0
122.67,0,122.67,4.817616727753966,-0.25340911614480116,0,No,0
266.33,0,266.33,5.5884838502927385,1.1380428417476798,0,No,0
238.0,0,238.0,5.476463551931511,0.8636461135902668,0,No,0
364.83,0,364.83,5.902168744622394,2.092087237212036,0,No,0
197.17,0,197.17,5.289125248179121,0.46817776164296043,0,No,0
405.33,0,405.33,6.007165637334066,2.4843592982912894,1,No,0
110.5,0,110.5,4.7140245909001735,-0.37128444906664093,0,No,0
208.5,0,208.5,5.344723739362192,0.5779170814461195,0,No,0
58.0,0,58.0,4.07753744390572,-0.8797852689841911,0,No,0
90.5,0,90.5,4.516338972281476,-0.5649990471304696,0,No,0
101.5,0,101.5,4.629862798578463,-0.4584560181953638,0,No,0
406.5,0,406.5,6.010040932680917,2.495691602278023,1,No,0
108.33,0,108.33,4.694370831446394,-0.39230248295656633,0,No,0
269.83,0,269.83,5.601491317767735,1.1719428964088499,0,No,0
300.67,0,300.67,5.709333704694526,1.470650806623274,0,No,0
210.83,0,210.83,5.355784066196366,0.6004848321205556,0,No,0
440.17,0,440.17,6.089430288693962,2.821810128118479,1,No,0
463.33,0,463.33,6.140595506335031,3.0461316326763925,1,No,0
122.5,0,122.5,4.816241156068032,-0.25505569022834373,0,No,0
384.6,0,384.6,5.9548005627363905,2.283574117398131,1,Yes,1
274.0,0,274.0,5.616771097666572,1.2123323901051584,0,No,0
186.0,0,186.0,5.231108616854587,0.35998815862431227,0,No,0
186.83,0,186.83,5.235537298425329,0.36802731444396125,0,No,0
241.0,0,241.0,5.488937726156687,0.892703303299841,0,No,0
217.5,0,217.5,5.3867860145356445,0.6650886505748423,0,No,0
172.5,0,172.5,5.156177599386914,0.2292308049312279,0,No,0
182.67,0,182.67,5.213140669140444,0.32773467804668466,0,No,0
376.33,0,376.33,5.933120136133738,2.2034731310987374,1,No,0
365.33,0,365.33,5.9035345665130405,2.0969301021636317,0,No,0
398.5,0,398.5,5.990213765206329,2.418205763052492,1,No,0
80.83,0,80.83,4.4046439245392905,-0.6586600552943307,0,No,0
42.0,0,42.0,3.7612001156935624,-1.034756947435254,0,No,0
140.5,0,140.5,4.952299717083292,-0.08071255197089792,0,No,0
191.34,0,191.34,5.259264639284336,0.4117099563073545,0,No,0
48.66,0,48.66,3.9051997800800207,-0.9702499862799991,0,Yes,1
448.4,0,448.4,6.107913359751229,2.901523685221744,1,No,0
46.0,0,46.0,3.8501476017100584,-0.9960140278224883,0,No,0
228.17,0,228.17,5.434464086221378,0.7684353886418949,0,No,0
375.67,0,375.67,5.931369472556642,2.1970805493626315,1,No,0
216.83,0,216.83,5.383714942060265,0.6585992115397042,0,No,0
209.0,0,209.0,5.3471075307174685,0.5827599463977152,0,No,0
437.4,0,437.4,6.083131735633806,2.7949806562866377,1,No,0
40.0,0,40.0,3.713572066704308,-1.0541284072416368,0,No,0
40.0,0,40.0,3.713572066704308,-1.0541284072416368,0,No,0
40.0,0,40.0,3.713572066704308,-1.0541284072416368,0,No,0
40.0,0,40.0,3.713572066704308,-1.0541284072416368,0,No,0
40.0,0,40.0,3.713572066704308,-1.0541284072416368,0,No,0
40.0,0,40.0,3.713572066704308,-1.0541284072416368,0,No,0
40.0,0,40.0,3.713572066704308,-1.0541284072416368,0,No,0
40.0,0,40.0,3.713572066704308,-1.0541284072416368,0,No,0
40.0,0,40.0,3.713572066704308,-1.0541284072416368,0,No,0
40.0,0,40.0,3.713572066704308,-1.0541284072416368,0,No,0
40.0,0,40.0,3.713572066704308,-1.0541284072416368,0,No,0
40.0,0,40.0,3.713572066704308,-1.0541284072416368,0,No,0
40.0,0,40.0,3.713572066704308,-1.0541284072416368,0,No,0
40.0,0,40.0,3.713572066704308,-1.0541284072416368,0,No,0
40.17,0,40.17,3.7177098357818132,-1.0524818331580943,0,Yes,1
40.17,0,40.17,3.7177098357818132,-1.0524818331580943,0,No,0
40.17,0,40.17,3.7177098357818132,-1.0524818331580943,0,No,0
40.17,0,40.17,3.7177098357818132,-1.0524818331580943,0,No,0
40.17,0,40.17,3.7177098357818132,-1.0524818331580943,0,No,0
40.17,0,40.17,3.7177098357818132,-1.0524818331580943,0,No,0
40.17,0,40.17,3.7177098357818132,-1.0524818331580943,0,No,0
40.17,0,40.17,3.7177098357818132,-1.0524818331580943,0,No,0
40.17,0,40.17,3.7177098357818132,-1.0524818331580943,0,No,0
40.17,0,40.17,3.7177098357818132,-1.0524818331580943,0,No,0
40.2,0,40.2,3.7184382563554808,-1.0521912612609985,0,No,0
40.33,0,40.33,3.721588628523641,-1.0509321163735836,0,No,0
40.33,0,40.33,3.721588628523641,-1.0509321163735836,0,No,0
40.33,0,40.33,3.721588628523641,-1.0509321163735836,0,No,0
40.33,0,40.33,3.721588628523641,-1.0509321163735836,0,No,0
40.33,0,40.33,3.721588628523641,-1.0509321163735836,0,No,0
40.33,0,40.33,3.721588628523641,-1.0509321163735836,0,No,0
40.33,0,40.33,3.721588628523641,-1.0509321163735836,0,No,0
40.33,0,40.33,3.721588628523641,-1.0509321163735836,0,No,0
40.33,0,40.33,3.721588628523641,-1.0509321163735836,0,No,0
40.5,0,40.5,3.7256934272366524,-1.0492855422900411,0,No,0
40.5,0,40.5,3.7256934272366524,-1.0492855422900411,0,Yes,1
40.67,0,40.67,3.7297814454343623,-1.0476389682064986,0,No,0
40.67,0,40.67,3.7297814454343623,-1.0476389682064986,0,No,0
40.67,0,40.67,3.7297814454343623,-1.0476389682064986,0,No,0
40.67,0,40.67,3.7297814454343623,-1.0476389682064986,0,No,0
40.67,0,40.67,3.7297814454343623,-1.0476389682064986,0,No,0
40.67,0,40.67,3.7297814454343623,-1.0476389682064986,0,No,0
40.67,0,40.67,3.7297814454343623,-1.0476389682064986,0,No,0
40.67,0,40.67,3.7297814454343623,-1.0476389682064986,0,No,0
40.67,0,40.67,3.7297814454343623,-1.0476389682064986,0,No,0
40.67,0,40.67,3.7297814454343623,-1.0476389682064986,0,No,0
40.67,0,40.67,3.7297814454343623,-1.0476389682064986,0,No,0
40.67,0,40.67,3.7297814454343623,-1.0476389682064986,0,No,0
40.67,0,40.67,3.7297814454343623,-1.0476389682064986,0,No,0
40.67,0,40.67,3.7297814454343623,-1.0476389682064986,0,No,0
40.67,0,40.67,3.7297814454343623,-1.0476389682064986,0,No,0
40.75,0,40.75,3.7316994512968646,-1.0468641098142433,0,No,0
40.83,0,40.83,3.733613785454107,-1.046089251421988,0,No,0
40.83,0,40.83,3.733613785454107,-1.046089251421988,0,No,0
40.83,0,40.83,3.733613785454107,-1.046089251421988,0,No,0
40.83,0,40.83,3.733613785454107,-1.046089251421988,0,No,0
40.83,0,40.83,3.733613785454107,-1.046089251421988,0,Yes,1
40.83,0,40.83,3.733613785454107,-1.046089251421988,0,No,0
40.83,0,40.83,3.733613785454107,-1.046089251421988,0,No,0
40.83,0,40.83,3.733613785454107,-1.046089251421988,0,No,0
40.83,0,40.83,3.733613785454107,-1.046089251421988,0,No,0
40.83,0,40.83,3.733613785454107,-1.046089251421988,0,No,0
40.83,0,40.83,3.733613785454107,-1.046089251421988,0,No,0
41.0,0,41.0,3.7376696182833684,-1.0444426773384454,0,No,0
41.0,0,41.0,3.7376696182833684,-1.0444426773384454,0,No,0
41.0,0,41.0,3.7376696182833684,-1.0444426773384454,0,No,0
41.0,0,41.0,3.7376696182833684,-1.0444426773384454,0,No,0
41.0,0,41.0,3.7376696182833684,-1.0444426773384454,0,No,0
41.0,0,41.0,3.7376696182833684,-1.0444426773384454,0,No,0
41.0,0,41.0,3.7376696182833684,-1.0444426773384454,0,Yes,1
41.0,0,41.0,3.7376696182833684,-1.0444426773384454,0,No,0
41.0,0,41.0,3.7376696182833684,-1.0444426773384454,0,No,0
41.0,0,41.0,3.7376696182833684,-1.0444426773384454,0,Yes,1
41.17,0,41.17,3.7417090677584683,-1.042796103254903,0,No,0
41.17,0,41.17,3.7417090677584683,-1.042796103254903,0,No,0
41.17,0,41.17,3.7417090677584683,-1.042796103254903,0,No,0
41.17,0,41.17,3.7417090677584683,-1.042796103254903,0,No,0
41.17,0,41.17,3.7417090677584683,-1.042796103254903,0,No,0
41.17,0,41.17,3.7417090677584683,-1.042796103254903,0,No,0
41.17,0,41.17,3.7417090677584683,-1.042796103254903,0,No,0
41.17,0,41.17,3.7417090677584683,-1.042796103254903,0,No,0
41.33,0,41.33,3.745496054532832,-1.0412463864703922,0,No,0
41.33,0,41.33,3.745496054532832,-1.0412463864703922,0,No,0
41.33,0,41.33,3.745496054532832,-1.0412463864703922,0,No,0
41.33,0,41.33,3.745496054532832,-1.0412463864703922,0,No,0
41.33,0,41.33,3.745496054532832,-1.0412463864703922,0,No,0
41.33,0,41.33,3.745496054532832,-1.0412463864703922,0,No,0
41.33,0,41.33,3.745496054532832,-1.0412463864703922,0,No,0
41.5,0,41.5,3.7495040759303713,-1.0395998123868497,0,No,0
41.5,0,41.5,3.7495040759303713,-1.0395998123868497,0,No,0
41.5,0,41.5,3.7495040759303713,-1.0395998123868497,0,No,0
41.5,0,41.5,3.7495040759303713,-1.0395998123868497,0,No,0
41.5,0,41.5,3.7495040759303713,-1.0395998123868497,0,No,0
41.5,0,41.5,3.7495040759303713,-1.0395998123868497,0,No,0
41.5,0,41.5,3.7495040759303713,-1.0395998123868497,0,No,0
41.5,0,41.5,3.7495040759303713,-1.0395998123868497,0,No,0
41.5,0,41.5,3.7495040759303713,-1.0395998123868497,0,No,0
41.5,0,41.5,3.7495040759303713,-1.0395998123868497,0,No,0
41.67,0,41.67,3.7534960971999087,-1.0379532383033072,0,No,0
41.67,0,41.67,3.7534960971999087,-1.0379532383033072,0,No,0
41.83,0,41.83,3.7572387916272794,-1.0364035215187966,0,No,0
41.83,0,41.83,3.7572387916272794,-1.0364035215187966,0,No,0
41.83,0,41.83,3.7572387916272794,-1.0364035215187966,0,No,0
41.83,0,41.83,3.7572387916272794,-1.0364035215187966,0,No,0
41.83,0,41.83,3.7572387916272794,-1.0364035215187966,0,No,0
41.83,0,41.83,3.7572387916272794,-1.0364035215187966,0,No,0
41.83,0,41.83,3.7572387916272794,-1.0364035215187966,0,No,0
41.83,0,41.83,3.7572387916272794,-1.0364035215187966,0,No,0
42.0,0,42.0,3.7612001156935624,-1.034756947435254,0,No,0
42.0,0,42.0,3.7612001156935624,-1.034756947435254,0,No,0
42.0,0,42.0,3.7612001156935624,-1.034756947435254,0,No,0
42.0,0,42.0,3.7612001156935624,-1.034756947435254,0,No,0
42.0,0,42.0,3.7612001156935624,-1.034756947435254,0,No,0
42.17,0,42.17,3.765145809567386,-1.0331103733517115,0,No,0
42.17,0,42.17,3.765145809567386,-1.0331103733517115,0,No,0
42.17,0,42.17,3.765145809567386,-1.0331103733517115,0,No,0
42.17,0,42.17,3.765145809567386,-1.0331103733517115,0,No,0
42.17,0,42.17,3.765145809567386,-1.0331103733517115,0,No,0
42.17,0,42.17,3.765145809567386,-1.0331103733517115,0,Yes,1
42.33,0,42.33,3.768845235751818,-1.0315606565672009,0,No,0
42.33,0,42.33,3.768845235751818,-1.0315606565672009,0,No,0
42.33,0,42.33,3.768845235751818,-1.0315606565672009,0,No,0
42.33,0,42.33,3.768845235751818,-1.0315606565672009,0,No,0
42.33,0,42.33,3.768845235751818,-1.0315606565672009,0,No,0
42.33,0,42.33,3.768845235751818,-1.0315606565672009,0,No,0
42.33,0,42.33,3.768845235751818,-1.0315606565672009,0,No,0
42.5,0,42.5,3.7727609380946383,-1.0299140824836583,0,No,0
42.5,0,42.5,3.7727609380946383,-1.0299140824836583,0,No,0
42.5,0,42.5,3.7727609380946383,-1.0299140824836583,0,No,0
42.5,0,42.5,3.7727609380946383,-1.0299140824836583,0,No,0
42.5,0,42.5,3.7727609380946383,-1.0299140824836583,0,No,0
42.5,0,42.5,3.7727609380946383,-1.0299140824836583,0,No,0
42.5,0,42.5,3.7727609380946383,-1.0299140824836583,0,No,0
42.67,0,42.67,3.7766613674974696,-1.0282675084001158,0,No,0
42.67,0,42.67,3.7766613674974696,-1.0282675084001158,0,No,0
42.67,0,42.67,3.7766613674974696,-1.0282675084001158,0,No,0
42.67,0,42.67,3.7766613674974696,-1.0282675084001158,0,No,0
42.67,0,42.67,3.7766613674974696,-1.0282675084001158,0,No,0
42.67,0,42.67,3.7766613674974696,-1.0282675084001158,0,No,0
42.67,0,42.67,3.7766613674974696,-1.0282675084001158,0,Yes,1
42.67,0,42.67,3.7766613674974696,-1.0282675084001158,0,No,0
42.83,0,42.83,3.780318514430718,-1.0267177916156052,0,No,0
42.83,0,42.83,3.780318514430718,-1.0267177916156052,0,No,0
42.83,0,42.83,3.780318514430718,-1.0267177916156052,0,No,0
43.0,0,43.0,3.784189633918261,-1.0250712175320627,0,No,0
43.0,0,43.0,3.784189633918261,-1.0250712175320627,0,No,0
43.0,0,43.0,3.784189633918261,-1.0250712175320627,0,No,0
43.0,0,43.0,3.784189633918261,-1.0250712175320627,0,No,0
43.0,0,43.0,3.784189633918261,-1.0250712175320627,0,No,0
43.0,0,43.0,3.784189633918261,-1.0250712175320627,0,No,0
43.17,0,43.17,3.7880458256084353,-1.0234246434485201,0,No,0
43.17,0,43.17,3.7880458256084353,-1.0234246434485201,0,No,0
43.17,0,43.17,3.7880458256084353,-1.0234246434485201,0,No,0
43.17,0,43.17,3.7880458256084353,-1.0234246434485201,0,No,0
43.17,0,43.17,3.7880458256084353,-1.0234246434485201,0,No,0
43.17,0,43.17,3.7880458256084353,-1.0234246434485201,0,No,0
43.17,0,43.17,3.7880458256084353,-1.0234246434485201,0,No,0
43.33,0,43.33,3.7916616487569623,-1.0218749266640095,0,No,0
43.33,0,43.33,3.7916616487569623,-1.0218749266640095,0,No,0
43.33,0,43.33,3.7916616487569623,-1.0218749266640095,0,No,0
43.33,0,43.33,3.7916616487569623,-1.0218749266640095,0,No,0
43.33,0,43.33,3.7916616487569623,-1.0218749266640095,0,No,0
43.33,0,43.33,3.7916616487569623,-1.0218749266640095,0,No,0
43.33,0,43.33,3.7916616487569623,-1.0218749266640095,0,No,0
43.33,0,43.33,3.7916616487569623,-1.0218749266640095,0,No,0
43.33,0,43.33,3.7916616487569623,-1.0218749266640095,0,No,0
43.33,0,43.33,3.7916616487569623,-1.0218749266640095,0,No,0
43.33,0,43.33,3.7916616487569623,-1.0218749266640095,0,No,0
43.5,0,43.5,3.7954891891721947,-1.020228352580467,0,No,0
43.5,0,43.5,3.7954891891721947,-1.020228352580467,0,No,0
43.5,0,43.5,3.7954891891721947,-1.020228352580467,0,No,0
43.5,0,43.5,3.7954891891721947,-1.020228352580467,0,No,0
43.5,0,43.5,3.7954891891721947,-1.020228352580467,0,No,0
43.5,0,43.5,3.7954891891721947,-1.020228352580467,0,No,0
43.5,0,43.5,3.7954891891721947,-1.020228352580467,0,No,0
43.5,0,43.5,3.7954891891721947,-1.020228352580467,0,No,0
43.5,0,43.5,3.7954891891721947,-1.020228352580467,0,No,0
43.5,0,43.5,3.7954891891721947,-1.020228352580467,0,No,0
43.5,0,43.5,3.7954891891721947,-1.020228352580467,0,No,0
43.67,0,43.67,3.7993021353640275,-1.0185817784969242,0,No,0
43.67,0,43.67,3.7993021353640275,-1.0185817784969242,0,No,0
43.67,0,43.67,3.7993021353640275,-1.0185817784969242,0,No,0
43.67,0,43.67,3.7993021353640275,-1.0185817784969242,0,No,0
43.67,0,43.67,3.7993021353640275,-1.0185817784969242,0,No,0
43.67,0,43.67,3.7993021353640275,-1.0185817784969242,0,No,0
43.83,0,43.83,3.802877558167348,-1.0170320617124138,0,No,0
43.83,0,43.83,3.802877558167348,-1.0170320617124138,0,No,0
43.83,0,43.83,3.802877558167348,-1.0170320617124138,0,No,0
43.83,0,43.83,3.802877558167348,-1.0170320617124138,0,No,0
43.83,0,43.83,3.802877558167348,-1.0170320617124138,0,No,0
44.0,0,44.0,3.8066624897703196,-1.0153854876288713,0,No,0
44.0,0,44.0,3.8066624897703196,-1.0153854876288713,0,No,0
44.0,0,44.0,3.8066624897703196,-1.0153854876288713,0,No,0
44.0,0,44.0,3.8066624897703196,-1.0153854876288713,0,No,0
44.0,0,44.0,3.8066624897703196,-1.0153854876288713,0,No,0
44.0,0,44.0,3.8066624897703196,-1.0153854876288713,0,No,0
44.0,0,44.0,3.8066624897703196,-1.0153854876288713,0,No,0
44.0,0,44.0,3.8066624897703196,-1.0153854876288713,0,No,0
44.0,0,44.0,3.8066624897703196,-1.0153854876288713,0,No,0
44.0,0,44.0,3.8066624897703196,-1.0153854876288713,0,No,0
44.17,0,44.17,3.8104331496665127,-1.0137389135453285,0,No,0
44.17,0,44.17,3.8104331496665127,-1.0137389135453285,0,No,0
44.17,0,44.17,3.8104331496665127,-1.0137389135453285,0,No,0
44.17,0,44.17,3.8104331496665127,-1.0137389135453285,0,No,0
44.17,0,44.17,3.8104331496665127,-1.0137389135453285,0,No,0
44.17,0,44.17,3.8104331496665127,-1.0137389135453285,0,Yes,1
44.17,0,44.17,3.8104331496665127,-1.0137389135453285,0,No,0
44.33,0,44.33,3.813969064952758,-1.012189196760818,0,No,0
44.33,0,44.33,3.813969064952758,-1.012189196760818,0,No,0
44.33,0,44.33,3.813969064952758,-1.012189196760818,0,No,0
44.33,0,44.33,3.813969064952758,-1.012189196760818,0,No,0
44.33,0,44.33,3.813969064952758,-1.012189196760818,0,No,0
44.33,0,44.33,3.813969064952758,-1.012189196760818,0,No,0
44.5,0,44.5,3.817712325956905,-1.0105426226772753,0,No,0
44.5,0,44.5,3.817712325956905,-1.0105426226772753,0,No,0
44.5,0,44.5,3.817712325956905,-1.0105426226772753,0,No,0
44.5,0,44.5,3.817712325956905,-1.0105426226772753,0,No,0
44.5,0,44.5,3.817712325956905,-1.0105426226772753,0,No,0
44.67,0,44.67,3.821441627196908,-1.0088960485937328,0,No,0
44.67,0,44.67,3.821441627196908,-1.0088960485937328,0,No,0
44.67,0,44.67,3.821441627196908,-1.0088960485937328,0,No,0
44.67,0,44.67,3.821441627196908,-1.0088960485937328,0,Yes,1
44.67,0,44.67,3.821441627196908,-1.0088960485937328,0,No,0
44.67,0,44.67,3.821441627196908,-1.0088960485937328,0,No,0
44.67,0,44.67,3.821441627196908,-1.0088960485937328,0,No,0
44.83,0,44.83,3.8249388985210326,-1.0073463318092224,0,No,0
44.83,0,44.83,3.8249388985210326,-1.0073463318092224,0,No,0
44.83,0,44.83,3.8249388985210326,-1.0073463318092224,0,No,0
44.83,0,44.83,3.8249388985210326,-1.0073463318092224,0,No,0
44.83,0,44.83,3.8249388985210326,-1.0073463318092224,0,No,0
44.83,0,44.83,3.8249388985210326,-1.0073463318092224,0,No,0
45.0,0,45.0,3.828641396489095,-1.0056997577256797,0,No,0
45.0,0,45.0,3.828641396489095,-1.0056997577256797,0,No,0
45.0,0,45.0,3.828641396489095,-1.0056997577256797,0,No,0
45.0,0,45.0,3.828641396489095,-1.0056997577256797,0,No,0
45.0,0,45.0,3.828641396489095,-1.0056997577256797,0,No,0
45.17,0,45.17,3.8323302365188976,-1.0040531836421371,0,No,0
45.17,0,45.17,3.8323302365188976,-1.0040531836421371,0,No,0
45.17,0,45.17,3.8323302365188976,-1.0040531836421371,0,No,0
45.17,0,45.17,3.8323302365188976,-1.0040531836421371,0,No,0
45.17,0,45.17,3.8323302365188976,-1.0040531836421371,0,No,0
45.17,0,45.17,3.8323302365188976,-1.0040531836421371,0,No,0
45.17,0,45.17,3.8323302365188976,-1.0040531836421371,0,No,0
45.33,0,45.33,3.835789699428557,-1.0025034668576265,0,No,0
45.33,0,45.33,3.835789699428557,-1.0025034668576265,0,No,0
45.33,0,45.33,3.835789699428557,-1.0025034668576265,0,No,0
45.33,0,45.33,3.835789699428557,-1.0025034668576265,0,No,0
45.33,0,45.33,3.835789699428557,-1.0025034668576265,0,No,0
45.5,0,45.5,3.8394523125933104,-1.000856892774084,0,No,0
45.5,0,45.5,3.8394523125933104,-1.000856892774084,0,No,0
45.5,0,45.5,3.8394523125933104,-1.000856892774084,0,No,0
45.5,0,45.5,3.8394523125933104,-1.000856892774084,0,No,0
45.67,0,45.67,3.8431015599617244,-0.9992103186905414,0,No,0
45.67,0,45.67,3.8431015599617244,-0.9992103186905414,0,No,0
45.67,0,45.67,3.8431015599617244,-0.9992103186905414,0,No,0
45.67,0,45.67,3.8431015599617244,-0.9992103186905414,0,No,0
45.67,0,45.67,3.8431015599617244,-0.9992103186905414,0,No,0
45.67,0,45.67,3.8431015599617244,-0.9992103186905414,0,No,0
45.67,0,45.67,3.8431015599617244,-0.9992103186905414,0,No,0
45.83,0,45.83,3.8465240231954505,-0.9976606019060309,0,No,0
45.83,0,45.83,3.8465240231954505,-0.9976606019060309,0,No,0
45.83,0,45.83,3.8465240231954505,-0.9976606019060309,0,No,0
45.83,0,45.83,3.8465240231954505,-0.9976606019060309,0,No,0
45.83,0,45.83,3.8465240231954505,-0.9976606019060309,0,No,0
45.83,0,45.83,3.8465240231954505,-0.9976606019060309,0,No,0
45.83,0,45.83,3.8465240231954505,-0.9976606019060309,0,No,0
45.83,0,45.83,3.8465240231954505,-0.9976606019060309,0,No,0
45.83,0,45.83,3.8465240231954505,-0.9976606019060309,0,No,0
45.83,0,45.83,3.8465240231954505,-0.9976606019060309,0,No,0
45.83,0,45.83,3.8465240231954505,-0.9976606019060309,0,No,0
46.0,0,46.0,3.8501476017100584,-0.9960140278224883,0,No,0
46.0,0,46.0,3.8501476017100584,-0.9960140278224883,0,No,0
46.0,0,46.0,3.8501476017100584,-0.9960140278224883,0,Yes,1
46.0,0,46.0,3.8501476017100584,-0.9960140278224883,0,No,0
46.0,0,46.0,3.8501476017100584,-0.9960140278224883,0,No,0
46.0,0,46.0,3.8501476017100584,-0.9960140278224883,0,No,0
46.17,0,46.17,3.8537580972961702,-0.9943674537389458,0,Yes,1
46.17,0,46.17,3.8537580972961702,-0.9943674537389458,0,No,0
46.17,0,46.17,3.8537580972961702,-0.9943674537389458,0,No,0
46.17,0,46.17,3.8537580972961702,-0.9943674537389458,0,No,0
46.17,0,46.17,3.8537580972961702,-0.9943674537389458,0,No,0
46.17,0,46.17,3.8537580972961702,-0.9943674537389458,0,No,0
46.33,0,46.33,3.8571443439181565,-0.9928177369544352,0,No,0
46.33,0,46.33,3.8571443439181565,-0.9928177369544352,0,No,0
46.33,0,46.33,3.8571443439181565,-0.9928177369544352,0,No,0
46.33,0,46.33,3.8571443439181565,-0.9928177369544352,0,No,0
46.33,0,46.33,3.8571443439181565,-0.9928177369544352,0,No,0
46.33,0,46.33,3.8571443439181565,-0.9928177369544352,0,No,0
46.33,0,46.33,3.8571443439181565,-0.9928177369544352,0,No,0
46.33,0,46.33,3.8571443439181565,-0.9928177369544352,0,No,0
46.5,0,46.5,3.8607297110405954,-0.9911711628708926,0,No,0
46.5,0,46.5,3.8607297110405954,-0.9911711628708926,0,No,0
46.5,0,46.5,3.8607297110405954,-0.9911711628708926,0,No,0
46.5,0,46.5,3.8607297110405954,-0.9911711628708926,0,No,0
46.5,0,46.5,3.8607297110405954,-0.9911711628708926,0,No,0
46.5,0,46.5,3.8607297110405954,-0.9911711628708926,0,No,0
46.5,0,46.5,3.8607297110405954,-0.9911711628708926,0,No,0
46.5,0,46.5,3.8607297110405954,-0.9911711628708926,0,No,0
46.67,0,46.67,3.864302269216734,-0.9895245887873501,0,No,0
46.67,0,46.67,3.864302269216734,-0.9895245887873501,0,No,0
46.67,0,46.67,3.864302269216734,-0.9895245887873501,0,No,0
46.67,0,46.67,3.864302269216734,-0.9895245887873501,0,No,0
46.67,0,46.67,3.864302269216734,-0.9895245887873501,0,No,0
46.83,0,46.83,3.8676530576922055,-0.9879748720028394,0,No,0
46.83,0,46.83,3.8676530576922055,-0.9879748720028394,0,No,0
46.83,0,46.83,3.8676530576922055,-0.9879748720028394,0,No,0
46.83,0,46.83,3.8676530576922055,-0.9879748720028394,0,Yes,1
46.83,0,46.83,3.8676530576922055,-0.9879748720028394,0,Yes,1
46.83,0,46.83,3.8676530576922055,-0.9879748720028394,0,No,0
47.0,0,47.0,3.871201010907891,-0.9863282979192969,0,No,0
47.0,0,47.0,3.871201010907891,-0.9863282979192969,0,No,0
47.0,0,47.0,3.871201010907891,-0.9863282979192969,0,No,0
47.0,0,47.0,3.871201010907891,-0.9863282979192969,0,No,0
47.17,0,47.17,3.8747364206421295,-0.9846817238357544,0,No,0
47.17,0,47.17,3.8747364206421295,-0.9846817238357544,0,No,0
47.17,0,47.17,3.8747364206421295,-0.9846817238357544,0,Yes,1
47.17,0,47.17,3.8747364206421295,-0.9846817238357544,0,No,0
47.17,0,47.17,3.8747364206421295,-0.9846817238357544,0,No,0
47.17,0,47.17,3.8747364206421295,-0.9846817238357544,0,No,0
47.17,0,47.17,3.8747364206421295,-0.9846817238357544,0,No,0
47.17,0,47.17,3.8747364206421295,-0.9846817238357544,0,No,0
47.17,0,47.17,3.8747364206421295,-0.9846817238357544,0,No,0
47.17,0,47.17,3.8747364206421295,-0.9846817238357544,0,No,0
47.33,0,47.33,3.8780524858569927,-0.9831320070512437,0,Yes,1
47.33,0,47.33,3.8780524858569927,-0.9831320070512437,0,No,0
47.33,0,47.33,3.8780524858569927,-0.9831320070512437,0,No,0
47.33,0,47.33,3.8780524858569927,-0.9831320070512437,0,No,0
47.33,0,47.33,3.8780524858569927,-0.9831320070512437,0,No,0
47.33,0,47.33,3.8780524858569927,-0.9831320070512437,0,No,0
47.33,0,47.33,3.8780524858569927,-0.9831320070512437,0,Yes,1
47.33,0,47.33,3.8780524858569927,-0.9831320070512437,0,No,0
47.5,0,47.5,3.8815637979434374,-0.9814854329677012,0,No,0
47.67,0,47.67,3.885062823845363,-0.9798388588841586,0,No,0
47.67,0,47.67,3.885062823845363,-0.9798388588841586,0,No,0
47.67,0,47.67,3.885062823845363,-0.9798388588841586,0,No,0
47.67,0,47.67,3.885062823845363,-0.9798388588841586,0,Yes,1
47.67,0,47.67,3.885062823845363,-0.9798388588841586,0,No,0
47.67,0,47.67,3.885062823845363,-0.9798388588841586,0,No,0
47.67,0,47.67,3.885062823845363,-0.9798388588841586,0,No,0
47.83,0,47.83,3.888344878073569,-0.978289142099648,0,No,0
47.83,0,47.83,3.888344878073569,-0.978289142099648,0,No,0
47.83,0,47.83,3.888344878073569,-0.978289142099648,0,No,0
47.83,0,47.83,3.888344878073569,-0.978289142099648,0,No,0
47.83,0,47.83,3.888344878073569,-0.978289142099648,0,No,0
47.83,0,47.83,3.888344878073569,-0.978289142099648,0,No,0
48.0,0,48.0,3.8918202981106265,-0.9766425680161055,0,No,0
48.0,0,48.0,3.8918202981106265,-0.9766425680161055,0,No,0
48.17,0,48.17,3.895283681423848,-0.9749959939325629,0,No,0
48.17,0,48.17,3.895283681423848,-0.9749959939325629,0,No,0
48.17,0,48.17,3.895283681423848,-0.9749959939325629,0,No,0
48.17,0,48.17,3.895283681423848,-0.9749959939325629,0,No,0
48.17,0,48.17,3.895283681423848,-0.9749959939325629,0,No,0
48.33,0,48.33,3.8985324152456466,-0.9734462771480523,0,No,0
48.33,0,48.33,3.8985324152456466,-0.9734462771480523,0,No,0
48.33,0,48.33,3.8985324152456466,-0.9734462771480523,0,No,0
48.33,0,48.33,3.8985324152456466,-0.9734462771480523,0,No,0
48.33,0,48.33,3.8985324152456466,-0.9734462771480523,0,No,0
48.33,0,48.33,3.8985324152456466,-0.9734462771480523,0,No,0
48.33,0,48.33,3.8985324152456466,-0.9734462771480523,0,No,0
48.33,0,48.33,3.8985324152456466,-0.9734462771480523,0,No,0
48.5,0,48.5,3.901972669574645,-0.9717997030645097,0,No,0
48.5,0,48.5,3.901972669574645,-0.9717997030645097,0,No,0
48.5,0,48.5,3.901972669574645,-0.9717997030645097,0,No,0
48.5,0,48.5,3.901972669574645,-0.9717997030645097,0,No,0
48.5,0,48.5,3.901972669574645,-0.9717997030645097,0,No,0
48.5,0,48.5,3.901972669574645,-0.9717997030645097,0,No,0
48.5,0,48.5,3.901972669574645,-0.9717997030645097,0,No,0
48.67,0,48.67,3.905401129119259,-0.9701531289809672,0,No,0
48.67,0,48.67,3.905401129119259,-0.9701531289809672,0,No,0
48.67,0,48.67,3.905401129119259,-0.9701531289809672,0,No,0
48.67,0,48.67,3.905401129119259,-0.9701531289809672,0,No,0
48.67,0,48.67,3.905401129119259,-0.9701531289809672,0,No,0
48.67,0,48.67,3.905401129119259,-0.9701531289809672,0,No,0
48.67,0,48.67,3.905401129119259,-0.9701531289809672,0,No,0
48.83,0,48.83,3.908617212293313,-0.9686034121964565,0,No,0
48.83,0,48.83,3.908617212293313,-0.9686034121964565,0,No,0
48.83,0,48.83,3.908617212293313,-0.9686034121964565,0,No,0
48.83,0,48.83,3.908617212293313,-0.9686034121964565,0,No,0
48.83,0,48.83,3.908617212293313,-0.9686034121964565,0,No,0
48.83,0,48.83,3.908617212293313,-0.9686034121964565,0,No,0
48.83,0,48.83,3.908617212293313,-0.9686034121964565,0,No,0
48.83,0,48.83,3.908617212293313,-0.9686034121964565,0,No,0
49.0,0,49.0,3.912023005428146,-0.966956838112914,0,No,0
49.0,0,49.0,3.912023005428146,-0.966956838112914,0,No,0
49.0,0,49.0,3.912023005428146,-0.966956838112914,0,No,0
49.0,0,49.0,3.912023005428146,-0.966956838112914,0,No,0
49.0,0,49.0,3.912023005428146,-0.966956838112914,0,No,0
49.0,0,49.0,3.912023005428146,-0.966956838112914,0,No,0
49.0,0,49.0,3.912023005428146,-0.966956838112914,0,No,0
49.0,0,49.0,3.912023005428146,-0.966956838112914,0,No,0
49.17,0,49.17,3.9154172384961616,-0.9653102640293715,0,No,0
49.17,0,49.17,3.9154172384961616,-0.9653102640293715,0,Yes,1
49.17,0,49.17,3.9154172384961616,-0.9653102640293715,0,No,0
49.17,0,49.17,3.9154172384961616,-0.9653102640293715,0,No,0
49.17,0,49.17,3.9154172384961616,-0.9653102640293715,0,No,0
49.17,0,49.17,3.9154172384961616,-0.9653102640293715,0,No,0
49.33,0,49.33,3.9186013207882686,-0.9637605472448608,0,Yes,1
49.33,0,49.33,3.9186013207882686,-0.9637605472448608,0,No,0
49.33,0,49.33,3.9186013207882686,-0.9637605472448608,0,No,0
49.33,0,49.33,3.9186013207882686,-0.9637605472448608,0,No,0
49.33,0,49.33,3.9186013207882686,-0.9637605472448608,0,No,0
49.33,0,49.33,3.9186013207882686,-0.9637605472448608,0,No,0
49.33,0,49.33,3.9186013207882686,-0.9637605472448608,0,No,0
49.33,0,49.33,3.9186013207882686,-0.9637605472448608,0,No,0
49.33,0,49.33,3.9186013207882686,-0.9637605472448608,0,No,0
49.33,0,49.33,3.9186013207882686,-0.9637605472448608,0,No,0
49.33,0,49.33,3.9186013207882686,-0.9637605472448608,0,No,0
49.33,0,49.33,3.9186013207882686,-0.9637605472448608,0,No,0
49.33,0,49.33,3.9186013207882686,-0.9637605472448608,0,No,0
49.5,0,49.5,3.9219733362813143,-0.9621139731613183,0,No,0
49.5,0,49.5,3.9219733362813143,-0.9621139731613183,0,No,0
49.5,0,49.5,3.9219733362813143,-0.9621139731613183,0,No,0
49.66,0,49.66,3.925136644573529,-0.9605642563768076,0,No,0
49.67,0,49.67,3.9253340194878183,-0.9604673990777758,0,No,0
49.67,0,49.67,3.9253340194878183,-0.9604673990777758,0,No,0
49.67,0,49.67,3.9253340194878183,-0.9604673990777758,0,No,0
49.83,0,49.83,3.928486731458811,-0.9589176822932651,0,No,0
49.83,0,49.83,3.928486731458811,-0.9589176822932651,0,No,0
49.83,0,49.83,3.928486731458811,-0.9589176822932651,0,No,0
49.83,0,49.83,3.928486731458811,-0.9589176822932651,0,No,0
49.83,0,49.83,3.928486731458811,-0.9589176822932651,0,No,0
49.83,0,49.83,3.928486731458811,-0.9589176822932651,0,No,0
50.0,0,50.0,3.9318256327243257,-0.9572711082097226,0,No,0
50.0,0,50.0,3.9318256327243257,-0.9572711082097226,0,No,0
50.0,0,50.0,3.9318256327243257,-0.9572711082097226,0,No,0
50.0,0,50.0,3.9318256327243257,-0.9572711082097226,0,No,0
50.0,0,50.0,3.9318256327243257,-0.9572711082097226,0,No,0
50.17,0,50.17,3.9351534228170006,-0.95562453412618,0,No,0
50.17,0,50.17,3.9351534228170006,-0.95562453412618,0,No,0
50.17,0,50.17,3.9351534228170006,-0.95562453412618,0,No,0
50.33,0,50.33,3.9382753765722116,-0.9540748173416694,0,No,0
50.33,0,50.33,3.9382753765722116,-0.9540748173416694,0,No,0
50.33,0,50.33,3.9382753765722116,-0.9540748173416694,0,No,0
50.33,0,50.33,3.9382753765722116,-0.9540748173416694,0,No,0
50.33,0,50.33,3.9382753765722116,-0.9540748173416694,0,No,0
50.33,0,50.33,3.9382753765722116,-0.9540748173416694,0,No,0
50.33,0,50.33,3.9382753765722116,-0.9540748173416694,0,No,0
50.5,0,50.5,3.9415818076696905,-0.9524282432581268,0,No,0
50.5,0,50.5,3.9415818076696905,-0.9524282432581268,0,No,0
50.5,0,50.5,3.9415818076696905,-0.9524282432581268,0,No,0
50.5,0,50.5,3.9415818076696905,-0.9524282432581268,0,No,0
50.67,0,50.67,3.9448773422990935,-0.9507816691745843,0,No,0
50.67,0,50.67,3.9448773422990935,-0.9507816691745843,0,No,0
50.67,0,50.67,3.9448773422990935,-0.9507816691745843,0,No,0
50.67,0,50.67,3.9448773422990935,-0.9507816691745843,0,No,0
50.67,0,50.67,3.9448773422990935,-0.9507816691745843,0,No,0
50.67,0,50.67,3.9448773422990935,-0.9507816691745843,0,No,0
50.67,0,50.67,3.9448773422990935,-0.9507816691745843,0,Yes,1
50.83,0,50.83,3.947969132201615,-0.9492319523900737,0,Yes,1
50.83,0,50.83,3.947969132201615,-0.9492319523900737,0,No,0
50.83,0,50.83,3.947969132201615,-0.9492319523900737,0,Yes,1
50.83,0,50.83,3.947969132201615,-0.9492319523900737,0,No,0
50.83,0,50.83,3.947969132201615,-0.9492319523900737,0,No,0
51.0,0,51.0,3.9512437185814275,-0.9475853783065311,0,No,0
51.0,0,51.0,3.9512437185814275,-0.9475853783065311,0,No,0
51.0,0,51.0,3.9512437185814275,-0.9475853783065311,0,No,0
51.0,0,51.0,3.9512437185814275,-0.9475853783065311,0,No,0
51.0,0,51.0,3.9512437185814275,-0.9475853783065311,0,Yes,1
51.0,0,51.0,3.9512437185814275,-0.9475853783065311,0,No,0
51.0,0,51.0,3.9512437185814275,-0.9475853783065311,0,No,0
51.0,0,51.0,3.9512437185814275,-0.9475853783065311,0,No,0
51.0,0,51.0,3.9512437185814275,-0.9475853783065311,0,No,0
51.0,0,51.0,3.9512437185814275,-0.9475853783065311,0,No,0
51.0,0,51.0,3.9512437185814275,-0.9475853783065311,0,No,0
51.17,0,51.17,3.9545076170343014,-0.9459388042229886,0,No,0
51.17,0,51.17,3.9545076170343014,-0.9459388042229886,0,No,0
51.17,0,51.17,3.9545076170343014,-0.9459388042229886,0,No,0
51.17,0,51.17,3.9545076170343014,-0.9459388042229886,0,Yes,1
51.17,0,51.17,3.9545076170343014,-0.9459388042229886,0,No,0
51.17,0,51.17,3.9545076170343014,-0.9459388042229886,0,No,0
51.17,0,51.17,3.9545076170343014,-0.9459388042229886,0,No,0
51.17,0,51.17,3.9545076170343014,-0.9459388042229886,0,No,0
51.17,0,51.17,3.9545076170343014,-0.9459388042229886,0,No,0
51.33,0,51.33,3.9575698203841165,-0.9443890874384779,0,No,0
51.33,0,51.33,3.9575698203841165,-0.9443890874384779,0,No,0
51.33,0,51.33,3.9575698203841165,-0.9443890874384779,0,Yes,1
51.33,0,51.33,3.9575698203841165,-0.9443890874384779,0,No,0
51.33,0,51.33,3.9575698203841165,-0.9443890874384779,0,No,0
51.33,0,51.33,3.9575698203841165,-0.9443890874384779,0,No,0
51.33,0,51.33,3.9575698203841165,-0.9443890874384779,0,No,0
51.33,0,51.33,3.9575698203841165,-0.9443890874384779,0,No,0
51.33,0,51.33,3.9575698203841165,-0.9443890874384779,0,No,0
51.33,0,51.33,3.9575698203841165,-0.9443890874384779,0,No,0
51.33,0,51.33,3.9575698203841165,-0.9443890874384779,0,Yes,1
51.5,0,51.5,3.960813169597578,-0.9427425133549354,0,No,0
51.5,0,51.5,3.960813169597578,-0.9427425133549354,0,No,0
51.5,0,51.5,3.960813169597578,-0.9427425133549354,0,No,0
51.5,0,51.5,3.960813169597578,-0.9427425133549354,0,No,0
51.5,0,51.5,3.960813169597578,-0.9427425133549354,0,No,0
51.5,0,51.5,3.960813169597578,-0.9427425133549354,0,No,0
51.67,0,51.67,3.964046033495298,-0.9410959392713929,0,No,0
51.67,0,51.67,3.964046033495298,-0.9410959392713929,0,No,0
51.67,0,51.67,3.964046033495298,-0.9410959392713929,0,No,0
51.67,0,51.67,3.964046033495298,-0.9410959392713929,0,No,0
51.67,0,51.67,3.964046033495298,-0.9410959392713929,0,No,0
51.83,0,51.83,3.9670792111762245,-0.9395462224868822,0,No,0
51.83,0,51.83,3.9670792111762245,-0.9395462224868822,0,No,0
51.83,0,51.83,3.9670792111762245,-0.9395462224868822,0,Yes,1
51.83,0,51.83,3.9670792111762245,-0.9395462224868822,0,No,0
51.83,0,51.83,3.9670792111762245,-0.9395462224868822,0,No,0
52.0,0,52.0,3.970291913552122,-0.9378996484033397,0,No,0
52.0,0,52.0,3.970291913552122,-0.9378996484033397,0,No,0
52.0,0,52.0,3.970291913552122,-0.9378996484033397,0,No,0
52.0,0,52.0,3.970291913552122,-0.9378996484033397,0,No,0
52.0,0,52.0,3.970291913552122,-0.9378996484033397,0,No,0
52.0,0,52.0,3.970291913552122,-0.9378996484033397,0,No,0
52.0,0,52.0,3.970291913552122,-0.9378996484033397,0,No,0
52.17,0,52.17,3.973494327516247,-0.9362530743197971,0,No,0
52.17,0,52.17,3.973494327516247,-0.9362530743197971,0,Yes,1
52.17,0,52.17,3.973494327516247,-0.9362530743197971,0,No,0
52.17,0,52.17,3.973494327516247,-0.9362530743197971,0,No,0
52.33,0,52.33,3.9764990246125107,-0.9347033575352865,0,No,0
52.33,0,52.33,3.9764990246125107,-0.9347033575352865,0,No,0
52.33,0,52.33,3.9764990246125107,-0.9347033575352865,0,No,0
52.33,0,52.33,3.9764990246125107,-0.9347033575352865,0,No,0
52.33,0,52.33,3.9764990246125107,-0.9347033575352865,0,No,0
52.33,0,52.33,3.9764990246125107,-0.9347033575352865,0,No,0
52.33,0,52.33,3.9764990246125107,-0.9347033575352865,0,No,0
52.33,0,52.33,3.9764990246125107,-0.9347033575352865,0,No,0
52.33,0,52.33,3.9764990246125107,-0.9347033575352865,0,No,0
52.33,0,52.33,3.9764990246125107,-0.9347033575352865,0,No,0
52.33,0,52.33,3.9764990246125107,-0.9347033575352865,0,No,0
52.33,0,52.33,3.9764990246125107,-0.9347033575352865,0,No,0
52.33,0,52.33,3.9764990246125107,-0.9347033575352865,0,No,0
52.5,0,52.5,3.979681653901961,-0.933056783451744,0,No,0
52.67,0,52.67,3.9828541861887374,-0.9314102093682014,0,No,0
52.67,0,52.67,3.9828541861887374,-0.9314102093682014,0,No,0
52.67,0,52.67,3.9828541861887374,-0.9314102093682014,0,No,0
52.67,0,52.67,3.9828541861887374,-0.9314102093682014,0,No,0
52.67,0,52.67,3.9828541861887374,-0.9314102093682014,0,No,0
52.67,0,52.67,3.9828541861887374,-0.9314102093682014,0,No,0
52.67,0,52.67,3.9828541861887374,-0.9314102093682014,0,No,0
52.67,0,52.67,3.9828541861887374,-0.9314102093682014,0,No,0
52.83,0,52.83,3.985830932572866,-0.9298604925836909,0,No,0
52.83,0,52.83,3.985830932572866,-0.9298604925836909,0,No,0
52.83,0,52.83,3.985830932572866,-0.9298604925836909,0,No,0
52.83,0,52.83,3.985830932572866,-0.9298604925836909,0,No,0
53.0,0,53.0,3.9889840465642745,-0.9282139185001482,0,No,0
53.0,0,53.0,3.9889840465642745,-0.9282139185001482,0,No,0
53.0,0,53.0,3.9889840465642745,-0.9282139185001482,0,No,0
53.0,0,53.0,3.9889840465642745,-0.9282139185001482,0,No,0
53.0,0,53.0,3.9889840465642745,-0.9282139185001482,0,No,0
53.0,0,53.0,3.9889840465642745,-0.9282139185001482,0,No,0
53.0,0,53.0,3.9889840465642745,-0.9282139185001482,0,No,0
53.0,0,53.0,3.9889840465642745,-0.9282139185001482,0,No,0
53.17,0,53.17,3.9921272496698075,-0.9265673444166057,0,No,0
53.17,0,53.17,3.9921272496698075,-0.9265673444166057,0,No,0
53.17,0,53.17,3.9921272496698075,-0.9265673444166057,0,No,0
53.17,0,53.17,3.9921272496698075,-0.9265673444166057,0,No,0
53.17,0,53.17,3.9921272496698075,-0.9265673444166057,0,No,0
53.17,0,53.17,3.9921272496698075,-0.9265673444166057,0,No,0
53.33,0,53.33,3.9950765605634317,-0.9250176276320952,0,No,0
53.33,0,53.33,3.9950765605634317,-0.9250176276320952,0,No,0
53.33,0,53.33,3.9950765605634317,-0.9250176276320952,0,No,0
53.33,0,53.33,3.9950765605634317,-0.9250176276320952,0,No,0
53.33,0,53.33,3.9950765605634317,-0.9250176276320952,0,No,0
53.33,0,53.33,3.9950765605634317,-0.9250176276320952,0,No,0
53.33,0,53.33,3.9950765605634317,-0.9250176276320952,0,No,0
53.33,0,53.33,3.9950765605634317,-0.9250176276320952,0,No,0
53.33,0,53.33,3.9950765605634317,-0.9250176276320952,0,No,0
53.5,0,53.5,3.9982007016691985,-0.9233710535485525,0,No,0
53.5,0,53.5,3.9982007016691985,-0.9233710535485525,0,No,0
53.5,0,53.5,3.9982007016691985,-0.9233710535485525,0,No,0
53.5,0,53.5,3.9982007016691985,-0.9233710535485525,0,No,0
53.5,0,53.5,3.9982007016691985,-0.9233710535485525,0,No,0
53.5,0,53.5,3.9982007016691985,-0.9233710535485525,0,No,0
53.5,0,53.5,3.9982007016691985,-0.9233710535485525,0,No,0
53.5,0,53.5,3.9982007016691985,-0.9233710535485525,0,No,0
53.5,0,53.5,3.9982007016691985,-0.9233710535485525,0,No,0
53.5,0,53.5,3.9982007016691985,-0.9233710535485525,0,No,0
53.67,0,53.67,4.001315112906908,-0.92172447946501,0,No,0
53.83,0,53.83,4.004237489415957,-0.9201747626804994,0,No,0
53.83,0,53.83,4.004237489415957,-0.9201747626804994,0,No,0
53.83,0,53.83,4.004237489415957,-0.9201747626804994,0,No,0
53.83,0,53.83,4.004237489415957,-0.9201747626804994,0,No,0
53.83,0,53.83,4.004237489415957,-0.9201747626804994,0,No,0
54.0,0,54.0,4.007333185232471,-0.9185281885969568,0,No,0
54.0,0,54.0,4.007333185232471,-0.9185281885969568,0,No,0
54.0,0,54.0,4.007333185232471,-0.9185281885969568,0,No,0
54.0,0,54.0,4.007333185232471,-0.9185281885969568,0,No,0
54.0,0,54.0,4.007333185232471,-0.9185281885969568,0,No,0
54.0,0,54.0,4.007333185232471,-0.9185281885969568,0,No,0
54.0,0,54.0,4.007333185232471,-0.9185281885969568,0,No,0
54.0,0,54.0,4.007333185232471,-0.9185281885969568,0,No,0
54.0,0,54.0,4.007333185232471,-0.9185281885969568,0,No,0
54.17,0,54.17,4.01041932728434,-0.9168816145134143,0,No,0
54.17,0,54.17,4.01041932728434,-0.9168816145134143,0,No,0
54.17,0,54.17,4.01041932728434,-0.9168816145134143,0,No,0
54.17,0,54.17,4.01041932728434,-0.9168816145134143,0,No,0
54.17,0,54.17,4.01041932728434,-0.9168816145134143,0,No,0
54.17,0,54.17,4.01041932728434,-0.9168816145134143,0,No,0
54.17,0,54.17,4.01041932728434,-0.9168816145134143,0,No,0
54.17,0,54.17,4.01041932728434,-0.9168816145134143,0,No,0
54.33,0,54.33,4.013315256910018,-0.9153318977289037,0,No,0
54.33,0,54.33,4.013315256910018,-0.9153318977289037,0,No,0
54.33,0,54.33,4.013315256910018,-0.9153318977289037,0,No,0
54.33,0,54.33,4.013315256910018,-0.9153318977289037,0,No,0
54.5,0,54.5,4.0163830207523885,-0.9136853236453611,0,No,0
54.5,0,54.5,4.0163830207523885,-0.9136853236453611,0,No,0
54.5,0,54.5,4.0163830207523885,-0.9136853236453611,0,No,0
54.5,0,54.5,4.0163830207523885,-0.9136853236453611,0,No,0
54.5,0,54.5,4.0163830207523885,-0.9136853236453611,0,No,0
54.5,0,54.5,4.0163830207523885,-0.9136853236453611,0,No,0
54.5,0,54.5,4.0163830207523885,-0.9136853236453611,0,No,0
54.5,0,54.5,4.0163830207523885,-0.9136853236453611,0,No,0
54.67,0,54.67,4.019441402195416,-0.9120387495618185,0,No,0
54.67,0,54.67,4.019441402195416,-0.9120387495618185,0,No,0
54.67,0,54.67,4.019441402195416,-0.9120387495618185,0,No,0
54.67,0,54.67,4.019441402195416,-0.9120387495618185,0,No,0
54.67,0,54.67,4.019441402195416,-0.9120387495618185,0,Yes,1
54.67,0,54.67,4.019441402195416,-0.9120387495618185,0,No,0
54.67,0,54.67,4.019441402195416,-0.9120387495618185,0,No,0
54.67,0,54.67,4.019441402195416,-0.9120387495618185,0,No,0
54.83,0,54.83,4.022311359322269,-0.910489032777308,0,No,0
54.83,0,54.83,4.022311359322269,-0.910489032777308,0,No,0
55.0,0,55.0,4.02535169073515,-0.9088424586937655,0,No,0
55.0,0,55.0,4.02535169073515,-0.9088424586937655,0,No,0
55.0,0,55.0,4.02535169073515,-0.9088424586937655,0,No,0
55.0,0,55.0,4.02535169073515,-0.9088424586937655,0,No,0
55.0,0,55.0,4.02535169073515,-0.9088424586937655,0,No,0
55.0,0,55.0,4.02535169073515,-0.9088424586937655,0,No,0
55.17,0,55.17,4.028382806544341,-0.9071958846102228,0,No,0
55.17,0,55.17,4.028382806544341,-0.9071958846102228,0,No,0
55.17,0,55.17,4.028382806544341,-0.9071958846102228,0,No,0
55.17,0,55.17,4.028382806544341,-0.9071958846102228,0,No,0
55.17,0,55.17,4.028382806544341,-0.9071958846102228,0,No,0
55.17,0,55.17,4.028382806544341,-0.9071958846102228,0,No,0
55.33,0,55.33,4.031227252906622,-0.9056461678257123,0,No,0
55.33,0,55.33,4.031227252906622,-0.9056461678257123,0,No,0
55.33,0,55.33,4.031227252906622,-0.9056461678257123,0,No,0
55.33,0,55.33,4.031227252906622,-0.9056461678257123,0,No,0
55.33,0,55.33,4.031227252906622,-0.9056461678257123,0,No,0
55.33,0,55.33,4.031227252906622,-0.9056461678257123,0,Yes,1
55.5,0,55.5,4.034240638152395,-0.9039995937421696,0,No,0
55.5,0,55.5,4.034240638152395,-0.9039995937421696,0,No,0
55.5,0,55.5,4.034240638152395,-0.9039995937421696,0,No,0
55.5,0,55.5,4.034240638152395,-0.9039995937421696,0,No,0
55.67,0,55.67,4.037244970181528,-0.9023530196586271,0,No,0
55.67,0,55.67,4.037244970181528,-0.9023530196586271,0,No,0
55.67,0,55.67,4.037244970181528,-0.9023530196586271,0,No,0
55.67,0,55.67,4.037244970181528,-0.9023530196586271,0,No,0
55.67,0,55.67,4.037244970181528,-0.9023530196586271,0,No,0
55.67,0,55.67,4.037244970181528,-0.9023530196586271,0,No,0
55.67,0,55.67,4.037244970181528,-0.9023530196586271,0,No,0
55.67,0,55.67,4.037244970181528,-0.9023530196586271,0,No,0
55.67,0,55.67,4.037244970181528,-0.9023530196586271,0,No,0
55.67,0,55.67,4.037244970181528,-0.9023530196586271,0,No,0
55.83,0,55.83,4.04006435530903,-0.9008033028741166,0,No,0
55.83,0,55.83,4.04006435530903,-0.9008033028741166,0,No,0
55.83,0,55.83,4.04006435530903,-0.9008033028741166,0,Yes,1
55.83,0,55.83,4.04006435530903,-0.9008033028741166,0,No,0
55.83,0,55.83,4.04006435530903,-0.9008033028741166,0,No,0
55.83,0,55.83,4.04006435530903,-0.9008033028741166,0,Yes,1
55.83,0,55.83,4.04006435530903,-0.9008033028741166,0,Yes,1
55.83,0,55.83,4.04006435530903,-0.9008033028741166,0,No,0
56.0,0,56.0,4.04305126783455,-0.899156728790574,0,No,0
56.0,0,56.0,4.04305126783455,-0.899156728790574,0,No,0
56.0,0,56.0,4.04305126783455,-0.899156728790574,0,No,0
56.0,0,56.0,4.04305126783455,-0.899156728790574,0,No,0
56.0,0,56.0,4.04305126783455,-0.899156728790574,0,No,0
56.0,0,56.0,4.04305126783455,-0.899156728790574,0,No,0
56.0,0,56.0,4.04305126783455,-0.899156728790574,0,No,0
56.0,0,56.0,4.04305126783455,-0.899156728790574,0,No,0
56.0,0,56.0,4.04305126783455,-0.899156728790574,0,No,0
56.0,0,56.0,4.04305126783455,-0.899156728790574,0,No,0
56.0,0,56.0,4.04305126783455,-0.899156728790574,0,No,0
56.0,0,56.0,4.04305126783455,-0.899156728790574,0,No,0
56.17,0,56.17,4.04602928527588,-0.8975101547070314,0,No,0
56.17,0,56.17,4.04602928527588,-0.8975101547070314,0,No,0
56.17,0,56.17,4.04602928527588,-0.8975101547070314,0,No,0
56.17,0,56.17,4.04602928527588,-0.8975101547070314,0,No,0
56.33,0,56.33,4.048824046920291,-0.8959604379225208,0,No,0
56.33,0,56.33,4.048824046920291,-0.8959604379225208,0,No,0
56.33,0,56.33,4.048824046920291,-0.8959604379225208,0,No,0
56.33,0,56.33,4.048824046920291,-0.8959604379225208,0,No,0
56.33,0,56.33,4.048824046920291,-0.8959604379225208,0,No,0
56.33,0,56.33,4.048824046920291,-0.8959604379225208,0,No,0
56.5,0,56.5,4.051784947803305,-0.8943138638389783,0,No,0
56.5,0,56.5,4.051784947803305,-0.8943138638389783,0,No,0
56.5,0,56.5,4.051784947803305,-0.8943138638389783,0,No,0
56.5,0,56.5,4.051784947803305,-0.8943138638389783,0,Yes,1
56.5,0,56.5,4.051784947803305,-0.8943138638389783,0,No,0
