variant,model,train_kind,group_level,billing_zip_group,rows,positives,churn_rate,predicted_positives,predicted_positive_rate,tp,fp,fn,tn,f1,recall,precision,pr_auc,avg_score,overall_test_f1,overall_test_recall,f1_delta_vs_model_overall,recall_delta_vs_model_overall,support_flag
with_billing_zip,BalancedBagging_original,original,zip_value,4000,363,28,0.07713498622589532,155,0.42699724517906334,17,138,11,197,0.18579234972677597,0.6071428571428571,0.10967741935483871,0.15004453858853514,0.45707115315567626,0.15256257449344457,0.5871559633027523,0.0332297752333314,0.01998689384010477,stable
with_billing_zip,BalancedBagging_original,original,zip_value,6000,217,7,0.03225806451612903,86,0.39631336405529954,2,84,5,126,0.043010752688172046,0.2857142857142857,0.023255813953488372,0.03778162487585296,0.459399374161202,0.15256257449344457,0.5871559633027523,-0.10955182180527252,-0.3014416775884666,stable
with_billing_zip,BalancedBagging_original,original,zip_value,4400,83,7,0.08433734939759036,41,0.4939759036144578,4,37,3,39,0.16666666666666666,0.5714285714285714,0.0975609756097561,0.1296521499317991,0.46905713029464996,0.15256257449344457,0.5871559633027523,0.014104092173222088,-0.01572739187418093,stable
with_billing_zip,BalancedBagging_original,original,zip_value,4003,79,4,0.05063291139240506,35,0.4430379746835443,3,32,1,43,0.15384615384615385,0.75,0.08571428571428572,0.06810294682389084,0.4747764120061626,0.15256257449344457,0.5871559633027523,0.0012835793527092854,0.16284403669724767,stable
with_billing_zip,BalancedBagging_original,original,zip_value,6300,71,5,0.07042253521126761,27,0.38028169014084506,3,24,2,42,0.1875,0.6,0.1111111111111111,0.18145912910618794,0.4759230311902636,0.15256257449344457,0.5871559633027523,0.03493742550655543,0.012844036697247652,stable
with_billing_zip,BalancedBagging_original,original,zip_value,4004,62,6,0.0967741935483871,23,0.3709677419354839,4,19,2,37,0.27586206896551724,0.6666666666666666,0.17391304347826086,0.3273955415499533,0.44916317092307784,0.15256257449344457,0.5871559633027523,0.12329949447207267,0.0795107033639143,stable
with_billing_zip,BalancedBagging_original,original,zip_value,4002,61,5,0.08196721311475409,27,0.4426229508196721,2,25,3,31,0.125,0.4,0.07407407407407407,0.2887463837994214,0.4754554213923959,0.15256257449344457,0.5871559633027523,-0.02756257449344457,-0.1871559633027523,stable
with_billing_zip,BalancedBagging_original,original,zip_value,6400,54,2,0.037037037037037035,24,0.4444444444444444,1,23,1,29,0.07692307692307693,0.5,0.041666666666666664,0.05163398692810457,0.4760071943782998,0.15256257449344457,0.5871559633027523,-0.07563949757036764,-0.08715596330275233,stable
with_billing_zip,BalancedBagging_original,original,zip_value,6100,50,1,0.02,14,0.28,0,14,1,35,0.0,0.0,0.0,0.037037037037037035,0.4460599085886955,0.15256257449344457,0.5871559633027523,-0.15256257449344457,-0.5871559633027523,small_support
with_billing_zip,BalancedBagging_original,original,zip_value,4230,49,1,0.02040816326530612,22,0.4489795918367347,0,22,1,26,0.0,0.0,0.0,0.025,0.4804792595414465,0.15256257449344457,0.5871559633027523,-0.15256257449344457,-0.5871559633027523,small_support
with_billing_zip,BalancedBagging_original,original,zip_value,4023,48,3,0.0625,22,0.4583333333333333,2,20,1,25,0.16,0.6666666666666666,0.09090909090909091,0.4068825910931174,0.4745349553367575,0.15256257449344457,0.5871559633027523,0.007437425506555434,0.0795107033639143,stable
with_billing_zip,BalancedBagging_original,original,zip_value,6600,46,3,0.06521739130434782,23,0.5,2,21,1,22,0.15384615384615385,0.6666666666666666,0.08695652173913043,0.10356310356310357,0.47321045835670317,0.15256257449344457,0.5871559633027523,0.0012835793527092854,0.0795107033639143,stable
with_billing_zip,BalancedBagging_original,original,zip_value,4700,30,2,0.06666666666666667,13,0.43333333333333335,2,11,0,17,0.26666666666666666,1.0,0.15384615384615385,0.1388888888888889,0.47001809780001025,0.15256257449344457,0.5871559633027523,0.1141040921732221,0.4128440366972477,stable
with_billing_zip,BalancedBagging_original,original,zip_value,6500,25,0,0.0,9,0.36,0,9,0,16,0.0,,0.0,,0.46748257491372947,0.15256257449344457,0.5871559633027523,-0.15256257449344457,,no_positive
with_billing_zip,BalancedBagging_original,original,zip_value,4500,23,1,0.043478260869565216,12,0.5217391304347826,0,12,1,10,0.0,0.0,0.0,0.045454545454545456,0.4853231315475671,0.15256257449344457,0.5871559633027523,-0.15256257449344457,-0.5871559633027523,small_support
with_billing_zip,BalancedBagging_original,original,zip_value,4300,22,0,0.0,4,0.18181818181818182,0,4,0,18,0.0,,0.0,,0.4302345544754011,0.15256257449344457,0.5871559633027523,-0.15256257449344457,,no_positive
with_billing_zip,BalancedBagging_original,original,zip_value,4600,21,2,0.09523809523809523,8,0.38095238095238093,1,7,1,12,0.2,0.5,0.125,0.19166666666666665,0.46151401008804543,0.15256257449344457,0.5871559633027523,0.04743742550655544,-0.08715596330275233,stable
with_billing_zip,BalancedBagging_original,original,zip_value,6450,19,2,0.10526315789473684,9,0.47368421052631576,2,7,0,10,0.36363636363636365,1.0,0.2222222222222222,0.41666666666666663,0.4610830624614112,0.15256257449344457,0.5871559633027523,0.21107378914291908,0.4128440366972477,small_support
with_billing_zip,BalancedBagging_original,original,zip_value,4006,13,3,0.23076923076923078,4,0.3076923076923077,2,2,1,8,0.5714285714285714,0.6666666666666666,0.5,0.37777777777777777,0.4580013775303303,0.15256257449344457,0.5871559633027523,0.4188659969351268,0.0795107033639143,small_support
with_billing_zip,BalancedBagging_original,original,zip_value,4270,12,1,0.08333333333333333,6,0.5,0,6,1,5,0.0,0.0,0.0,0.1111111111111111,0.5000082139084151,0.15256257449344457,0.5871559633027523,-0.15256257449344457,-0.5871559633027523,small_support
with_billing_zip,BalancedBagging_original,original,zip_value,4210,11,0,0.0,4,0.36363636363636365,0,4,0,7,0.0,,0.0,,0.4569417996011754,0.15256257449344457,0.5871559633027523,-0.15256257449344457,,no_positive
with_billing_zip,BalancedBagging_original,original,zip_value,4150,10,1,0.1,5,0.5,0,5,1,4,0.0,0.0,0.0,0.1,0.46879410460019083,0.15256257449344457,0.5871559633027523,-0.15256257449344457,-0.5871559633027523,small_support
with_billing_zip,BalancedBagging_original,original,zip_value,4550,9,0,0.0,2,0.2222222222222222,0,2,0,7,0.0,,0.0,,0.4115156694837163,0.15256257449344457,0.5871559633027523,-0.15256257449344457,,no_positive
with_billing_zip,BalancedBagging_original,original,zip_value,4190,7,0,0.0,3,0.42857142857142855,0,3,0,4,0.0,,0.0,,0.47570071911712963,0.15256257449344457,0.5871559633027523,-0.15256257449344457,,no_positive
with_billing_zip,BalancedBagging_original,original,zip_value,4001,6,1,0.16666666666666666,2,0.3333333333333333,1,1,0,4,0.6666666666666666,1.0,0.5,1.0,0.470545061691964,0.15256257449344457,0.5871559633027523,0.5141040921732221,0.4128440366972477,small_support
with_billing_zip,BalancedBagging_original,original,zip_value,4020,6,0,0.0,3,0.5,0,3,0,3,0.0,,0.0,,0.535822154216776,0.15256257449344457,0.5871559633027523,-0.15256257449344457,,no_positive
with_billing_zip,BalancedBagging_original,original,zip_value,4180,6,0,0.0,3,0.5,0,3,0,3,0.0,,0.0,,0.5186341841935378,0.15256257449344457,0.5871559633027523,-0.15256257449344457,,no_positive
with_billing_zip,BalancedBagging_original,original,zip_value,4220,6,0,0.0,3,0.5,0,3,0,3,0.0,,0.0,,0.48963931444844816,0.15256257449344457,0.5871559633027523,-0.15256257449344457,,no_positive
with_billing_zip,BalancedBagging_original,original,zip_value,4640,6,0,0.0,3,0.5,0,3,0,3,0.0,,0.0,,0.49718387950353216,0.15256257449344457,0.5871559633027523,-0.15256257449344457,,no_positive
with_billing_zip,BalancedBagging_original,original,zip_value,6550,6,0,0.0,5,0.8333333333333334,0,5,0,1,0.0,,0.0,,0.5075851715552078,0.15256257449344457,0.5871559633027523,-0.15256257449344457,,no_positive
with_billing_zip,BalancedBagging_original,original,zip_value,6800,6,0,0.0,4,0.6666666666666666,0,4,0,2,0.0,,0.0,,0.541287789301725,0.15256257449344457,0.5871559633027523,-0.15256257449344457,,no_positive
with_billing_zip,BalancedBagging_original,original,zip_value,4199,5,1,0.2,5,1.0,1,4,0,0,0.3333333333333333,1.0,0.2,0.2,0.5754395309016962,0.15256257449344457,0.5871559633027523,0.18077075883988875,0.4128440366972477,small_support
with_billing_zip,BalancedBagging_original,original,zip_value,4850,5,1,0.2,3,0.6,1,2,0,2,0.5,1.0,0.3333333333333333,0.3333333333333333,0.48924395366956414,0.15256257449344457,0.5871559633027523,0.34743742550655543,0.4128440366972477,small_support
with_billing_zip,BalancedBagging_original,original,zip_value,4101,5,0,0.0,3,0.6,0,3,0,2,0.0,,0.0,,0.49298759182665924,0.15256257449344457,0.5871559633027523,-0.15256257449344457,,no_positive
with_billing_zip,BalancedBagging_original,original,zip_value,4225,5,0,0.0,3,0.6,0,3,0,2,0.0,,0.0,,0.5378426870117023,0.15256257449344457,0.5871559633027523,-0.15256257449344457,,no_positive
with_billing_zip,BalancedBagging_original,original,zip_value,4330,4,1,0.25,0,0.0,0,0,1,3,0.0,0.0,,0.5,0.3525953629089103,0.15256257449344457,0.5871559633027523,-0.15256257449344457,-0.5871559633027523,small_support
with_billing_zip,BalancedBagging_original,original,zip_value,6570,4,1,0.25,2,0.5,0,2,1,1,0.0,0.0,0.0,0.25,0.5067108927636259,0.15256257449344457,0.5871559633027523,-0.15256257449344457,-0.5871559633027523,small_support
with_billing_zip,BalancedBagging_original,original,zip_value,4017,4,0,0.0,2,0.5,0,2,0,2,0.0,,0.0,,0.4619330542074482,0.15256257449344457,0.5871559633027523,-0.15256257449344457,,no_positive
with_billing_zip,BalancedBagging_original,original,zip_value,4137,4,0,0.0,4,1.0,0,4,0,0,0.0,,0.0,,0.5673638875374096,0.15256257449344457,0.5871559633027523,-0.15256257449344457,,no_positive
with_billing_zip,BalancedBagging_original,original,zip_value,4147,4,0,0.0,2,0.5,0,2,0,2,0.0,,0.0,,0.44358608004172423,0.15256257449344457,0.5871559633027523,-0.15256257449344457,,no_positive
with_billing_zip,BalancedBagging_original,original,zip_value,4490,4,0,0.0,2,0.5,0,2,0,2,0.0,,0.0,,0.48696993321313375,0.15256257449344457,0.5871559633027523,-0.15256257449344457,,no_positive
with_billing_zip,BalancedBagging_original,original,zip_value,6200,4,0,0.0,2,0.5,0,2,0,2,0.0,,0.0,,0.489655925298423,0.15256257449344457,0.5871559633027523,-0.15256257449344457,,no_positive
with_billing_zip,BalancedBagging_original,original,zip_value,6280,4,0,0.0,1,0.25,0,1,0,3,0.0,,0.0,,0.4254687848960449,0.15256257449344457,0.5871559633027523,-0.15256257449344457,,no_positive
with_billing_zip,BalancedBagging_original,original,zip_value,4107,3,1,0.3333333333333333,2,0.6666666666666666,1,1,0,1,0.6666666666666666,1.0,0.5,0.5,0.532198561543928,0.15256257449344457,0.5871559633027523,0.5141040921732221,0.4128440366972477,small_support
with_billing_zip,BalancedBagging_original,original,zip_value,4109,3,1,0.3333333333333333,0,0.0,0,0,1,2,0.0,0.0,,0.3333333333333333,0.4560528823118834,0.15256257449344457,0.5871559633027523,-0.15256257449344457,-0.5871559633027523,small_support
with_billing_zip,BalancedBagging_original,original,zip_value,4581,3,1,0.3333333333333333,2,0.6666666666666666,1,1,0,1,0.6666666666666666,1.0,0.5,0.5,0.5035946836236557,0.15256257449344457,0.5871559633027523,0.5141040921732221,0.4128440366972477,small_support
with_billing_zip,BalancedBagging_original,original,zip_value,6260,3,1,0.3333333333333333,1,0.3333333333333333,0,1,1,1,0.0,0.0,0.0,0.3333333333333333,0.4812432378881866,0.15256257449344457,0.5871559633027523,-0.15256257449344457,-0.5871559633027523,small_support
with_billing_zip,BalancedBagging_original,original,zip_value,6900,3,1,0.3333333333333333,2,0.6666666666666666,1,1,0,1,0.6666666666666666,1.0,0.5,1.0,0.5475363264334766,0.15256257449344457,0.5871559633027523,0.5141040921732221,0.4128440366972477,small_support
with_billing_zip,BalancedBagging_original,original,zip_value,4016,3,0,0.0,3,1.0,0,3,0,0,0.0,,0.0,,0.6471050244254539,0.15256257449344457,0.5871559633027523,-0.15256257449344457,,no_positive
with_billing_zip,BalancedBagging_original,original,zip_value,4108,3,0,0.0,1,0.3333333333333333,0,1,0,2,0.0,,0.0,,0.46096502862534533,0.15256257449344457,0.5871559633027523,-0.15256257449344457,,no_positive
with_billing_zip,BalancedBagging_original,original,zip_value,4130,3,0,0.0,1,0.3333333333333333,0,1,0,2,0.0,,0.0,,0.4311643124357471,0.15256257449344457,0.5871559633027523,-0.15256257449344457,,no_positive
with_billing_zip,BalancedBagging_original,original,zip_value,4197,3,0,0.0,0,0.0,0,0,0,3,,,,,0.38362108901499553,0.15256257449344457,0.5871559633027523,,,no_positive
with_billing_zip,BalancedBagging_original,original,zip_value,4224,3,0,0.0,0,0.0,0,0,0,3,,,,,0.417980480547423,0.15256257449344457,0.5871559633027523,,,no_positive
with_billing_zip,BalancedBagging_original,original,zip_value,4409,3,0,0.0,1,0.3333333333333333,0,1,0,2,0.0,,0.0,,0.41094199995283304,0.15256257449344457,0.5871559633027523,-0.15256257449344457,,no_positive
with_billing_zip,BalancedBagging_original,original,zip_value,4579,3,0,0.0,0,0.0,0,0,0,3,,,,,0.42615023202347685,0.15256257449344457,0.5871559633027523,,,no_positive
with_billing_zip,BalancedBagging_original,original,zip_value,4800,3,0,0.0,0,0.0,0,0,0,3,,,,,0.40557301784913774,0.15256257449344457,0.5871559633027523,,,no_positive
with_billing_zip,BalancedBagging_original,original,zip_value,6750,3,0,0.0,1,0.3333333333333333,0,1,0,2,0.0,,0.0,,0.47580941153196304,0.15256257449344457,0.5871559633027523,-0.15256257449344457,,no_positive
with_billing_zip,BalancedBagging_original,original,zip_value,4241,2,1,0.5,2,1.0,1,1,0,0,0.6666666666666666,1.0,0.5,0.5,0.5989256494124021,0.15256257449344457,0.5871559633027523,0.5141040921732221,0.4128440366972477,small_support
with_billing_zip,BalancedBagging_original,original,zip_value,4770,2,1,0.5,2,1.0,1,1,0,0,0.6666666666666666,1.0,0.5,0.5,0.5978581518814434,0.15256257449344457,0.5871559633027523,0.5141040921732221,0.4128440366972477,small_support
with_billing_zip,BalancedBagging_original,original,zip_value,4830,2,1,0.5,1,0.5,1,0,0,1,1.0,1.0,1.0,1.0,0.4869230427353184,0.15256257449344457,0.5871559633027523,0.8474374255065554,0.4128440366972477,small_support
with_billing_zip,BalancedBagging_original,original,zip_value,6884,2,1,0.5,2,1.0,1,1,0,0,0.6666666666666666,1.0,0.5,1.0,0.5589879552425714,0.15256257449344457,0.5871559633027523,0.5141040921732221,0.4128440366972477,small_support
with_billing_zip,BalancedBagging_original,original,zip_value,1000,2,0,0.0,2,1.0,0,2,0,0,0.0,,0.0,,0.5167576268268084,0.15256257449344457,0.5871559633027523,-0.15256257449344457,,no_positive
with_billing_zip,BalancedBagging_original,original,zip_value,1505,2,0,0.0,1,0.5,0,1,0,1,0.0,,0.0,,0.46992880325959113,0.15256257449344457,0.5871559633027523,-0.15256257449344457,,no_positive
with_billing_zip,BalancedBagging_original,original,zip_value,4015,2,0,0.0,1,0.5,0,1,0,1,0.0,,0.0,,0.5221962996456762,0.15256257449344457,0.5871559633027523,-0.15256257449344457,,no_positive
with_billing_zip,BalancedBagging_original,original,zip_value,4027,2,0,0.0,0,0.0,0,0,0,2,,,,,0.45909839346241377,0.15256257449344457,0.5871559633027523,,,no_positive
with_billing_zip,BalancedBagging_original,original,zip_value,4110,2,0,0.0,1,0.5,0,1,0,1,0.0,,0.0,,0.45472244822528807,0.15256257449344457,0.5871559633027523,-0.15256257449344457,,no_positive
with_billing_zip,BalancedBagging_original,original,zip_value,4113,2,0,0.0,0,0.0,0,0,0,2,,,,,0.4481847015980025,0.15256257449344457,0.5871559633027523,,,no_positive
with_billing_zip,BalancedBagging_original,original,zip_value,4120,2,0,0.0,1,0.5,0,1,0,1,0.0,,0.0,,0.509360074101332,0.15256257449344457,0.5871559633027523,-0.15256257449344457,,no_positive
with_billing_zip,BalancedBagging_original,original,zip_value,4121,2,0,0.0,1,0.5,0,1,0,1,0.0,,0.0,,0.44243615675412507,0.15256257449344457,0.5871559633027523,-0.15256257449344457,,no_positive
with_billing_zip,BalancedBagging_original,original,zip_value,4142,2,0,0.0,0,0.0,0,0,0,2,,,,,0.4612764415044601,0.15256257449344457,0.5871559633027523,,,no_positive
with_billing_zip,BalancedBagging_original,original,zip_value,4173,2,0,0.0,1,0.5,0,1,0,1,0.0,,0.0,,0.48988316721811265,0.15256257449344457,0.5871559633027523,-0.15256257449344457,,no_positive
with_billing_zip,BalancedBagging_original,original,zip_value,4218,2,0,0.0,2,1.0,0,2,0,0,0.0,,0.0,,0.541656292760903,0.15256257449344457,0.5871559633027523,-0.15256257449344457,,no_positive
with_billing_zip,BalancedBagging_original,original,zip_value,4288,2,0,0.0,1,0.5,0,1,0,1,0.0,,0.0,,0.5460709964287257,0.15256257449344457,0.5871559633027523,-0.15256257449344457,,no_positive
with_billing_zip,BalancedBagging_original,original,zip_value,4407,2,0,0.0,1,0.5,0,1,0,1,0.0,,0.0,,0.4292996523198625,0.15256257449344457,0.5871559633027523,-0.15256257449344457,,no_positive
with_billing_zip,BalancedBagging_original,original,zip_value,4492,2,0,0.0,1,0.5,0,1,0,1,0.0,,0.0,,0.5421829337253369,0.15256257449344457,0.5871559633027523,-0.15256257449344457,,no_positive
with_billing_zip,BalancedBagging_original,original,zip_value,4580,2,0,0.0,2,1.0,0,2,0,0,0.0,,0.0,,0.5808135760079336,0.15256257449344457,0.5871559633027523,-0.15256257449344457,,no_positive
with_billing_zip,BalancedBagging_original,original,zip_value,4601,2,0,0.0,1,0.5,0,1,0,1,0.0,,0.0,,0.5306457797668901,0.15256257449344457,0.5871559633027523,-0.15256257449344457,,no_positive
with_billing_zip,BalancedBagging_original,original,zip_value,4641,2,0,0.0,1,0.5,0,1,0,1,0.0,,0.0,,0.500802166581892,0.15256257449344457,0.5871559633027523,-0.15256257449344457,,no_positive
with_billing_zip,BalancedBagging_original,original,zip_value,4900,2,0,0.0,0,0.0,0,0,0,2,,,,,0.4059942272523066,0.15256257449344457,0.5871559633027523,,,no_positive
with_billing_zip,BalancedBagging_original,original,zip_value,4980,2,0,0.0,0,0.0,0,0,0,2,,,,,0.3408391347388271,0.15256257449344457,0.5871559633027523,,,no_positive
with_billing_zip,BalancedBagging_original,original,zip_value,6001,2,0,0.0,1,0.5,0,1,0,1,0.0,,0.0,,0.4997265626066474,0.15256257449344457,0.5871559633027523,-0.15256257449344457,,no_positive
with_billing_zip,BalancedBagging_original,original,zip_value,6058,2,0,0.0,2,1.0,0,2,0,0,0.0,,0.0,,0.6344045621189696,0.15256257449344457,0.5871559633027523,-0.15256257449344457,,no_positive
with_billing_zip,BalancedBagging_original,original,zip_value,6420,2,0,0.0,2,1.0,0,2,0,0,0.0,,0.0,,0.5310509205897925,0.15256257449344457,0.5871559633027523,-0.15256257449344457,,no_positive
with_billing_zip,BalancedBagging_original,original,zip_value,6558,2,0,0.0,2,1.0,0,2,0,0,0.0,,0.0,,0.5899844741284739,0.15256257449344457,0.5871559633027523,-0.15256257449344457,,no_positive
with_billing_zip,BalancedBagging_original,original,zip_value,1784,1,1,1.0,1,1.0,1,0,0,0,1.0,1.0,1.0,1.0,0.6254854567900594,0.15256257449344457,0.5871559633027523,0.8474374255065554,0.4128440366972477,small_support
with_billing_zip,BalancedBagging_original,original,zip_value,4160,1,1,1.0,1,1.0,1,0,0,0,1.0,1.0,1.0,1.0,0.5876763729521929,0.15256257449344457,0.5871559633027523,0.8474374255065554,0.4128440366972477,small_support
with_billing_zip,BalancedBagging_original,original,zip_value,4250,1,1,1.0,1,1.0,1,0,0,0,1.0,1.0,1.0,1.0,0.5708261377440302,0.15256257449344457,0.5871559633027523,0.8474374255065554,0.4128440366972477,small_support
with_billing_zip,BalancedBagging_original,original,zip_value,4632,1,1,1.0,0,0.0,0,0,1,0,0.0,0.0,,1.0,0.36871568425710066,0.15256257449344457,0.5871559633027523,-0.15256257449344457,-0.5871559633027523,small_support
with_billing_zip,BalancedBagging_original,original,zip_value,4638,1,1,1.0,0,0.0,0,0,1,0,0.0,0.0,,1.0,0.35154848755103885,0.15256257449344457,0.5871559633027523,-0.15256257449344457,-0.5871559633027523,small_support
with_billing_zip,BalancedBagging_original,original,zip_value,4750,1,1,1.0,0,0.0,0,0,1,0,0.0,0.0,,1.0,0.4439566859749157,0.15256257449344457,0.5871559633027523,-0.15256257449344457,-0.5871559633027523,small_support
with_billing_zip,BalancedBagging_original,original,zip_value,6097,1,1,1.0,0,0.0,0,0,1,0,0.0,0.0,,1.0,0.47411357481300903,0.15256257449344457,0.5871559633027523,-0.15256257449344457,-0.5871559633027523,small_support
with_billing_zip,BalancedBagging_original,original,zip_value,6160,1,1,1.0,1,1.0,1,0,0,0,1.0,1.0,1.0,1.0,0.5163171682143255,0.15256257449344457,0.5871559633027523,0.8474374255065554,0.4128440366972477,small_support
with_billing_zip,BalancedBagging_original,original,zip_value,6670,1,1,1.0,1,1.0,1,0,0,0,1.0,1.0,1.0,1.0,0.6218749448472456,0.15256257449344457,0.5871559633027523,0.8474374255065554,0.4128440366972477,small_support
with_billing_zip,BalancedBagging_original,original,zip_value,7800,1,1,1.0,1,1.0,1,0,0,0,1.0,1.0,1.0,1.0,0.6398996297833073,0.15256257449344457,0.5871559633027523,0.8474374255065554,0.4128440366972477,small_support
with_billing_zip,BalancedBagging_original,original,zip_value,8000,1,1,1.0,1,1.0,1,0,0,0,1.0,1.0,1.0,1.0,0.628851074855006,0.15256257449344457,0.5871559633027523,0.8474374255065554,0.4128440366972477,small_support
with_billing_zip,BalancedBagging_original,original,zip_value,1303,1,0,0.0,0,0.0,0,0,0,1,,,,,0.46968370349255517,0.15256257449344457,0.5871559633027523,,,no_positive
with_billing_zip,BalancedBagging_original,original,zip_value,1618,1,0,0.0,1,1.0,0,1,0,0,0.0,,0.0,,0.5883165770717729,0.15256257449344457,0.5871559633027523,-0.15256257449344457,,no_positive
with_billing_zip,BalancedBagging_original,original,zip_value,2240,1,0,0.0,1,1.0,0,1,0,0,0.0,,0.0,,0.7024774621055245,0.15256257449344457,0.5871559633027523,-0.15256257449344457,,no_positive
with_billing_zip,BalancedBagging_original,original,zip_value,3500,1,0,0.0,1,1.0,0,1,0,0,0.0,,0.0,,0.6015873009165503,0.15256257449344457,0.5871559633027523,-0.15256257449344457,,no_positive
with_billing_zip,BalancedBagging_original,original,zip_value,4009,1,0,0.0,1,1.0,0,1,0,0,0.0,,0.0,,0.5969359628583152,0.15256257449344457,0.5871559633027523,-0.15256257449344457,,no_positive
with_billing_zip,BalancedBagging_original,original,zip_value,4013,1,0,0.0,0,0.0,0,0,0,1,,,,,0.4053644404150376,0.15256257449344457,0.5871559633027523,,,no_positive
with_billing_zip,BalancedBagging_original,original,zip_value,4019,1,0,0.0,1,1.0,0,1,0,0,0.0,,0.0,,0.6226947647975226,0.15256257449344457,0.5871559633027523,-0.15256257449344457,,no_positive
with_billing_zip,BalancedBagging_original,original,zip_value,4024,1,0,0.0,1,1.0,0,1,0,0,0.0,,0.0,,0.6056795880872974,0.15256257449344457,0.5871559633027523,-0.15256257449344457,,no_positive
with_billing_zip,BalancedBagging_original,original,zip_value,4111,1,0,0.0,1,1.0,0,1,0,0,0.0,,0.0,,0.5382090077039543,0.15256257449344457,0.5871559633027523,-0.15256257449344457,,no_positive
with_billing_zip,BalancedBagging_original,original,zip_value,4112,1,0,0.0,0,0.0,0,0,0,1,,,,,0.3962398075791464,0.15256257449344457,0.5871559633027523,,,no_positive
with_billing_zip,BalancedBagging_original,original,zip_value,4124,1,0,0.0,1,1.0,0,1,0,0,0.0,,0.0,,0.5658837981543435,0.15256257449344457,0.5871559633027523,-0.15256257449344457,,no_positive
with_billing_zip,BalancedBagging_original,original,zip_value,4127,1,0,0.0,1,1.0,0,1,0,0,0.0,,0.0,,0.6504710895022832,0.15256257449344457,0.5871559633027523,-0.15256257449344457,,no_positive
with_billing_zip,BalancedBagging_original,original,zip_value,4131,1,0,0.0,0,0.0,0,0,0,1,,,,,0.3584171813447554,0.15256257449344457,0.5871559633027523,,,no_positive
with_billing_zip,BalancedBagging_original,original,zip_value,4135,1,0,0.0,0,0.0,0,0,0,1,,,,,0.4060487168621058,0.15256257449344457,0.5871559633027523,,,no_positive
with_billing_zip,BalancedBagging_original,original,zip_value,4144,1,0,0.0,0,0.0,0,0,0,1,,,,,0.40951472574310566,0.15256257449344457,0.5871559633027523,,,no_positive
with_billing_zip,BalancedBagging_original,original,zip_value,4151,1,0,0.0,0,0.0,0,0,0,1,,,,,0.44756177521420865,0.15256257449344457,0.5871559633027523,,,no_positive
with_billing_zip,BalancedBagging_original,original,zip_value,4161,1,0,0.0,1,1.0,0,1,0,0,0.0,,0.0,,0.6407714086711672,0.15256257449344457,0.5871559633027523,-0.15256257449344457,,no_positive
with_billing_zip,BalancedBagging_original,original,zip_value,4172,1,0,0.0,0,0.0,0,0,0,1,,,,,0.412545950541099,0.15256257449344457,0.5871559633027523,,,no_positive
with_billing_zip,BalancedBagging_original,original,zip_value,4175,1,0,0.0,1,1.0,0,1,0,0,0.0,,0.0,,0.6951890177013822,0.15256257449344457,0.5871559633027523,-0.15256257449344457,,no_positive
with_billing_zip,BalancedBagging_original,original,zip_value,4179,1,0,0.0,1,1.0,0,1,0,0,0.0,,0.0,,0.6103222280739766,0.15256257449344457,0.5871559633027523,-0.15256257449344457,,no_positive
with_billing_zip,BalancedBagging_original,original,zip_value,4191,1,0,0.0,0,0.0,0,0,0,1,,,,,0.3848069149382525,0.15256257449344457,0.5871559633027523,,,no_positive
with_billing_zip,BalancedBagging_original,original,zip_value,4198,1,0,0.0,0,0.0,0,0,0,1,,,,,0.40137226314236096,0.15256257449344457,0.5871559633027523,,,no_positive
with_billing_zip,BalancedBagging_original,original,zip_value,4203,1,0,0.0,1,1.0,0,1,0,0,0.0,,0.0,,0.5678535171141497,0.15256257449344457,0.5871559633027523,-0.15256257449344457,,no_positive
with_billing_zip,BalancedBagging_original,original,zip_value,4207,1,0,0.0,1,1.0,0,1,0,0,0.0,,0.0,,0.54644078570257,0.15256257449344457,0.5871559633027523,-0.15256257449344457,,no_positive
with_billing_zip,BalancedBagging_original,original,zip_value,4212,1,0,0.0,1,1.0,0,1,0,0,0.0,,0.0,,0.6047382576803167,0.15256257449344457,0.5871559633027523,-0.15256257449344457,,no_positive
with_billing_zip,BalancedBagging_original,original,zip_value,4219,1,0,0.0,1,1.0,0,1,0,0,0.0,,0.0,,0.5974243564340289,0.15256257449344457,0.5871559633027523,-0.15256257449344457,,no_positive
with_billing_zip,BalancedBagging_original,original,zip_value,4231,1,0,0.0,0,0.0,0,0,0,1,,,,,0.35251302140080926,0.15256257449344457,0.5871559633027523,,,no_positive
with_billing_zip,BalancedBagging_original,original,zip_value,4271,1,0,0.0,0,0.0,0,0,0,1,,,,,0.42405666425277067,0.15256257449344457,0.5871559633027523,,,no_positive
with_billing_zip,BalancedBagging_original,original,zip_value,4290,1,0,0.0,0,0.0,0,0,0,1,,,,,0.43027784887754783,0.15256257449344457,0.5871559633027523,,,no_positive
with_billing_zip,BalancedBagging_original,original,zip_value,4295,1,0,0.0,0,0.0,0,0,0,1,,,,,0.31387597321845395,0.15256257449344457,0.5871559633027523,,,no_positive
with_billing_zip,BalancedBagging_original,original,zip_value,4337,1,0,0.0,0,0.0,0,0,0,1,,,,,0.45206520347353674,0.15256257449344457,0.5871559633027523,,,no_positive
with_billing_zip,BalancedBagging_original,original,zip_value,4340,1,0,0.0,1,1.0,0,1,0,0,0.0,,0.0,,0.6342082156935137,0.15256257449344457,0.5871559633027523,-0.15256257449344457,,no_positive
with_billing_zip,BalancedBagging_original,original,zip_value,4349,1,0,0.0,0,0.0,0,0,0,1,,,,,0.36791997706793295,0.15256257449344457,0.5871559633027523,,,no_positive
with_billing_zip,BalancedBagging_original,original,zip_value,4350,1,0,0.0,0,0.0,0,0,0,1,,,,,0.4253175848259821,0.15256257449344457,0.5871559633027523,,,no_positive
with_billing_zip,BalancedBagging_original,original,zip_value,4357,1,0,0.0,0,0.0,0,0,0,1,,,,,0.35961322404017193,0.15256257449344457,0.5871559633027523,,,no_positive
with_billing_zip,BalancedBagging_original,original,zip_value,4368,1,0,0.0,0,0.0,0,0,0,1,,,,,0.43574561990212607,0.15256257449344457,0.5871559633027523,,,no_positive
with_billing_zip,BalancedBagging_original,original,zip_value,4405,1,0,0.0,0,0.0,0,0,0,1,,,,,0.4312949695564772,0.15256257449344457,0.5871559633027523,,,no_positive
with_billing_zip,BalancedBagging_original,original,zip_value,4406,1,0,0.0,1,1.0,0,1,0,0,0.0,,0.0,,0.5753420681630691,0.15256257449344457,0.5871559633027523,-0.15256257449344457,,no_positive
with_billing_zip,BalancedBagging_original,original,zip_value,4408,1,0,0.0,0,0.0,0,0,0,1,,,,,0.3785007218819375,0.15256257449344457,0.5871559633027523,,,no_positive
with_billing_zip,BalancedBagging_original,original,zip_value,4410,1,0,0.0,1,1.0,0,1,0,0,0.0,,0.0,,0.5786099371814948,0.15256257449344457,0.5871559633027523,-0.15256257449344457,,no_positive
with_billing_zip,BalancedBagging_original,original,zip_value,4441,1,0,0.0,0,0.0,0,0,0,1,,,,,0.4019562624194811,0.15256257449344457,0.5871559633027523,,,no_positive
with_billing_zip,BalancedBagging_original,original,zip_value,4469,1,0,0.0,0,0.0,0,0,0,1,,,,,0.4447753443316747,0.15256257449344457,0.5871559633027523,,,no_positive
with_billing_zip,BalancedBagging_original,original,zip_value,4474,1,0,0.0,0,0.0,0,0,0,1,,,,,0.42595545569506255,0.15256257449344457,0.5871559633027523,,,no_positive
with_billing_zip,BalancedBagging_original,original,zip_value,4477,1,0,0.0,1,1.0,0,1,0,0,0.0,,0.0,,0.6305618422109389,0.15256257449344457,0.5871559633027523,-0.15256257449344457,,no_positive
with_billing_zip,BalancedBagging_original,original,zip_value,4480,1,0,0.0,1,1.0,0,1,0,0,0.0,,0.0,,0.6461646202183665,0.15256257449344457,0.5871559633027523,-0.15256257449344457,,no_positive
with_billing_zip,BalancedBagging_original,original,zip_value,4491,1,0,0.0,1,1.0,0,1,0,0,0.0,,0.0,,0.6201600210891866,0.15256257449344457,0.5871559633027523,-0.15256257449344457,,no_positive
with_billing_zip,BalancedBagging_original,original,zip_value,4522,1,0,0.0,0,0.0,0,0,0,1,,,,,0.4760974667926225,0.15256257449344457,0.5871559633027523,,,no_positive
with_billing_zip,BalancedBagging_original,original,zip_value,4530,1,0,0.0,0,0.0,0,0,0,1,,,,,0.3576347774766949,0.15256257449344457,0.5871559633027523,,,no_positive
with_billing_zip,BalancedBagging_original,original,zip_value,4535,1,0,0.0,1,1.0,0,1,0,0,0.0,,0.0,,0.5645304254150213,0.15256257449344457,0.5871559633027523,-0.15256257449344457,,no_positive
with_billing_zip,BalancedBagging_original,original,zip_value,4587,1,0,0.0,1,1.0,0,1,0,0,0.0,,0.0,,0.6048087090221188,0.15256257449344457,0.5871559633027523,-0.15256257449344457,,no_positive
with_billing_zip,BalancedBagging_original,original,zip_value,4701,1,0,0.0,1,1.0,0,1,0,0,0.0,,0.0,,0.5439205315942847,0.15256257449344457,0.5871559633027523,-0.15256257449344457,,no_positive
with_billing_zip,BalancedBagging_original,original,zip_value,4710,1,0,0.0,0,0.0,0,0,0,1,,,,,0.3644838905170751,0.15256257449344457,0.5871559633027523,,,no_positive
with_billing_zip,BalancedBagging_original,original,zip_value,4801,1,0,0.0,0,0.0,0,0,0,1,,,,,0.4353387026413668,0.15256257449344457,0.5871559633027523,,,no_positive
with_billing_zip,BalancedBagging_original,original,zip_value,4820,1,0,0.0,0,0.0,0,0,0,1,,,,,0.4792778083255357,0.15256257449344457,0.5871559633027523,,,no_positive
with_billing_zip,BalancedBagging_original,original,zip_value,4942,1,0,0.0,0,0.0,0,0,0,1,,,,,0.3908810251255014,0.15256257449344457,0.5871559633027523,,,no_positive
with_billing_zip,BalancedBagging_original,original,zip_value,4948,1,0,0.0,1,1.0,0,1,0,0,0.0,,0.0,,0.5708970399585048,0.15256257449344457,0.5871559633027523,-0.15256257449344457,,no_positive
with_billing_zip,BalancedBagging_original,original,zip_value,4970,1,0,0.0,1,1.0,0,1,0,0,0.0,,0.0,,0.6234888522672626,0.15256257449344457,0.5871559633027523,-0.15256257449344457,,no_positive
with_billing_zip,BalancedBagging_original,original,zip_value,4987,1,0,0.0,0,0.0,0,0,0,1,,,,,0.3762785439585597,0.15256257449344457,0.5871559633027523,,,no_positive
with_billing_zip,BalancedBagging_original,original,zip_value,4990,1,0,0.0,0,0.0,0,0,0,1,,,,,0.4074894688066192,0.15256257449344457,0.5871559633027523,,,no_positive
with_billing_zip,BalancedBagging_original,original,zip_value,5780,1,0,0.0,1,1.0,0,1,0,0,0.0,,0.0,,0.5727954720835071,0.15256257449344457,0.5871559633027523,-0.15256257449344457,,no_positive
with_billing_zip,BalancedBagging_original,original,zip_value,6060,1,0,0.0,0,0.0,0,0,0,1,,,,,0.3679936373515972,0.15256257449344457,0.5871559633027523,,,no_positive
with_billing_zip,BalancedBagging_original,original,zip_value,6064,1,0,0.0,1,1.0,0,1,0,0,0.0,,0.0,,0.7120261238505228,0.15256257449344457,0.5871559633027523,-0.15256257449344457,,no_positive
with_billing_zip,BalancedBagging_original,original,zip_value,6065,1,0,0.0,0,0.0,0,0,0,1,,,,,0.31259856067496405,0.15256257449344457,0.5871559633027523,,,no_positive
with_billing_zip,BalancedBagging_original,original,zip_value,6091,1,0,0.0,0,0.0,0,0,0,1,,,,,0.44892458134997953,0.15256257449344457,0.5871559633027523,,,no_positive
with_billing_zip,BalancedBagging_original,original,zip_value,6102,1,0,0.0,1,1.0,0,1,0,0,0.0,,0.0,,0.6057170738512303,0.15256257449344457,0.5871559633027523,-0.15256257449344457,,no_positive
with_billing_zip,BalancedBagging_original,original,zip_value,6138,1,0,0.0,0,0.0,0,0,0,1,,,,,0.3898638555321377,0.15256257449344457,0.5871559633027523,,,no_positive
with_billing_zip,BalancedBagging_original,original,zip_value,6140,1,0,0.0,0,0.0,0,0,0,1,,,,,0.4959799457624589,0.15256257449344457,0.5871559633027523,,,no_positive
with_billing_zip,BalancedBagging_original,original,zip_value,6145,1,0,0.0,1,1.0,0,1,0,0,0.0,,0.0,,0.5821494151027279,0.15256257449344457,0.5871559633027523,-0.15256257449344457,,no_positive
with_billing_zip,BalancedBagging_original,original,zip_value,6148,1,0,0.0,1,1.0,0,1,0,0,0.0,,0.0,,0.6409526791330807,0.15256257449344457,0.5871559633027523,-0.15256257449344457,,no_positive
with_billing_zip,BalancedBagging_original,original,zip_value,6150,1,0,0.0,1,1.0,0,1,0,0,0.0,,0.0,,0.6421922276122888,0.15256257449344457,0.5871559633027523,-0.15256257449344457,,no_positive
with_billing_zip,BalancedBagging_original,original,zip_value,6155,1,0,0.0,0,0.0,0,0,0,1,,,,,0.4043880900383671,0.15256257449344457,0.5871559633027523,,,no_positive
with_billing_zip,BalancedBagging_original,original,zip_value,6158,1,0,0.0,1,1.0,0,1,0,0,0.0,,0.0,,0.5430198980106948,0.15256257449344457,0.5871559633027523,-0.15256257449344457,,no_positive
with_billing_zip,BalancedBagging_original,original,zip_value,6159,1,0,0.0,1,1.0,0,1,0,0,0.0,,0.0,,0.6266358952182005,0.15256257449344457,0.5871559633027523,-0.15256257449344457,,no_positive
with_billing_zip,BalancedBagging_original,original,zip_value,6163,1,0,0.0,1,1.0,0,1,0,0,0.0,,0.0,,0.5919795849044859,0.15256257449344457,0.5871559633027523,-0.15256257449344457,,no_positive
with_billing_zip,BalancedBagging_original,original,zip_value,6167,1,0,0.0,0,0.0,0,0,0,1,,,,,0.3826092083669401,0.15256257449344457,0.5871559633027523,,,no_positive
with_billing_zip,BalancedBagging_original,original,zip_value,6175,1,0,0.0,1,1.0,0,1,0,0,0.0,,0.0,,0.5859598086948384,0.15256257449344457,0.5871559633027523,-0.15256257449344457,,no_positive
with_billing_zip,BalancedBagging_original,original,zip_value,6180,1,0,0.0,0,0.0,0,0,0,1,,,,,0.43347063411724746,0.15256257449344457,0.5871559633027523,,,no_positive
with_billing_zip,BalancedBagging_original,original,zip_value,6190,1,0,0.0,0,0.0,0,0,0,1,,,,,0.378559930337619,0.15256257449344457,0.5871559633027523,,,no_positive
with_billing_zip,BalancedBagging_original,original,zip_value,6199,1,0,0.0,0,0.0,0,0,0,1,,,,,0.49670897108458745,0.15256257449344457,0.5871559633027523,,,no_positive
with_billing_zip,BalancedBagging_original,original,zip_value,6215,1,0,0.0,1,1.0,0,1,0,0,0.0,,0.0,,0.6505653863576951,0.15256257449344457,0.5871559633027523,-0.15256257449344457,,no_positive
with_billing_zip,BalancedBagging_original,original,zip_value,6250,1,0,0.0,1,1.0,0,1,0,0,0.0,,0.0,,0.5586540230102522,0.15256257449344457,0.5871559633027523,-0.15256257449344457,,no_positive
with_billing_zip,BalancedBagging_original,original,zip_value,6269,1,0,0.0,1,1.0,0,1,0,0,0.0,,0.0,,0.6560270135966637,0.15256257449344457,0.5871559633027523,-0.15256257449344457,,no_positive
with_billing_zip,BalancedBagging_original,original,zip_value,6270,1,0,0.0,0,0.0,0,0,0,1,,,,,0.38390233516033545,0.15256257449344457,0.5871559633027523,,,no_positive
with_billing_zip,BalancedBagging_original,original,zip_value,6272,1,0,0.0,1,1.0,0,1,0,0,0.0,,0.0,,0.5324187122201122,0.15256257449344457,0.5871559633027523,-0.15256257449344457,,no_positive
with_billing_zip,BalancedBagging_original,original,zip_value,6285,1,0,0.0,1,1.0,0,1,0,0,0.0,,0.0,,0.5343612937381055,0.15256257449344457,0.5871559633027523,-0.15256257449344457,,no_positive
with_billing_zip,BalancedBagging_original,original,zip_value,6292,1,0,0.0,0,0.0,0,0,0,1,,,,,0.3507906681136164,0.15256257449344457,0.5871559633027523,,,no_positive
with_billing_zip,BalancedBagging_original,original,zip_value,6304,1,0,0.0,1,1.0,0,1,0,0,0.0,,0.0,,0.5514754131870316,0.15256257449344457,0.5871559633027523,-0.15256257449344457,,no_positive
with_billing_zip,BalancedBagging_original,original,zip_value,6343,1,0,0.0,1,1.0,0,1,0,0,0.0,,0.0,,0.5854795058522192,0.15256257449344457,0.5871559633027523,-0.15256257449344457,,no_positive
with_billing_zip,BalancedBagging_original,original,zip_value,6437,1,0,0.0,0,0.0,0,0,0,1,,,,,0.4705224409617939,0.15256257449344457,0.5871559633027523,,,no_positive
with_billing_zip,BalancedBagging_original,original,zip_value,6465,1,0,0.0,0,0.0,0,0,0,1,,,,,0.44738197676616415,0.15256257449344457,0.5871559633027523,,,no_positive
with_billing_zip,BalancedBagging_original,original,zip_value,6649,1,0,0.0,0,0.0,0,0,0,1,,,,,0.4114524310682112,0.15256257449344457,0.5871559633027523,,,no_positive
with_billing_zip,BalancedBagging_original,original,zip_value,6701,1,0,0.0,1,1.0,0,1,0,0,0.0,,0.0,,0.5861425570188065,0.15256257449344457,0.5871559633027523,-0.15256257449344457,,no_positive
with_billing_zip,BalancedBagging_original,original,zip_value,6770,1,0,0.0,0,0.0,0,0,0,1,,,,,0.3510810671389889,0.15256257449344457,0.5871559633027523,,,no_positive
with_billing_zip,BalancedBagging_original,original,zip_value,6826,1,0,0.0,0,0.0,0,0,0,1,,,,,0.4256510047881251,0.15256257449344457,0.5871559633027523,,,no_positive
with_billing_zip,BalancedBagging_original,original,zip_value,6860,1,0,0.0,0,0.0,0,0,0,1,,,,,0.35813022750873036,0.15256257449344457,0.5871559633027523,,,no_positive
with_billing_zip,BalancedBagging_original,original,zip_value,7007,1,0,0.0,0,0.0,0,0,0,1,,,,,0.4099008222932528,0.15256257449344457,0.5871559633027523,,,no_positive
with_billing_zip,BalancedBagging_original,original,zip_value,8241,1,0,0.0,0,0.0,0,0,0,1,,,,,0.45253340977338463,0.15256257449344457,0.5871559633027523,,,no_positive
with_billing_zip,BalancedBagging_original,original,zip_value,8260,1,0,0.0,0,0.0,0,0,0,1,,,,,0.41830312960475374,0.15256257449344457,0.5871559633027523,,,no_positive
with_billing_zip,BalancedBagging_original,original,zip_value,8444,1,0,0.0,1,1.0,0,1,0,0,0.0,,0.0,,0.6897414347841074,0.15256257449344457,0.5871559633027523,-0.15256257449344457,,no_positive
with_billing_zip,BalancedBagging_original,original,zip_value,8470,1,0,0.0,0,0.0,0,0,0,1,,,,,0.40321877327887184,0.15256257449344457,0.5871559633027523,,,no_positive
with_billing_zip,BalancedBagging_original,original,zip_value,8939,1,0,0.0,1,1.0,0,1,0,0,0.0,,0.0,,0.666408495639099,0.15256257449344457,0.5871559633027523,-0.15256257449344457,,no_positive
with_billing_zip,BalancedBagging_original,original,zip_value,8948,1,0,0.0,1,1.0,0,1,0,0,0.0,,0.0,,0.6458477933752995,0.15256257449344457,0.5871559633027523,-0.15256257449344457,,no_positive
without_billing_zip,BalancedBagging_original,original,zip_value,4000,363,28,0.07713498622589532,149,0.41046831955922863,17,132,11,203,0.192090395480226,0.6071428571428571,0.11409395973154363,0.13906978624421254,0.4624465583145841,0.13969732246798602,0.5504587155963303,0.05239307301223997,0.05668414154652679,stable
without_billing_zip,BalancedBagging_original,original,zip_value,6000,217,7,0.03225806451612903,104,0.4792626728110599,3,101,4,109,0.05405405405405406,0.42857142857142855,0.028846153846153848,0.0376066097387184,0.4810613345589203,0.13969732246798602,0.5504587155963303,-0.08564326841393197,-0.12188728702490176,stable
without_billing_zip,BalancedBagging_original,original,zip_value,4400,83,7,0.08433734939759036,45,0.5421686746987951,4,41,3,35,0.15384615384615385,0.5714285714285714,0.08888888888888889,0.22305182106488353,0.4791907369635168,0.13969732246798602,0.5504587155963303,0.014148831378167831,0.02096985583224109,stable
without_billing_zip,BalancedBagging_original,original,zip_value,4003,79,4,0.05063291139240506,34,0.43037974683544306,3,31,1,44,0.15789473684210525,0.75,0.08823529411764706,0.07088472485768502,0.4797534452405956,0.13969732246798602,0.5504587155963303,0.01819741437411923,0.1995412844036697,stable
without_billing_zip,BalancedBagging_original,original,zip_value,6300,71,5,0.07042253521126761,43,0.6056338028169014,2,41,3,25,0.08333333333333333,0.4,0.046511627906976744,0.07141735174395403,0.4994176429858175,0.13969732246798602,0.5504587155963303,-0.056363989134652695,-0.15045871559633028,stable
without_billing_zip,BalancedBagging_original,original,zip_value,4004,62,6,0.0967741935483871,22,0.3548387096774194,4,18,2,38,0.2857142857142857,0.6666666666666666,0.18181818181818182,0.24538343600843598,0.44720690331777235,0.13969732246798602,0.5504587155963303,0.14601696324629967,0.11620795107033632,stable
without_billing_zip,BalancedBagging_original,original,zip_value,4002,61,5,0.08196721311475409,29,0.47540983606557374,2,27,3,29,0.11764705882352941,0.4,0.06896551724137931,0.27308812049409925,0.47835260583574796,0.13969732246798602,0.5504587155963303,-0.022050263644456614,-0.15045871559633028,stable
without_billing_zip,BalancedBagging_original,original,zip_value,6400,54,2,0.037037037037037035,27,0.5,1,26,1,26,0.06896551724137931,0.5,0.037037037037037035,0.04583333333333334,0.49766949294913587,0.13969732246798602,0.5504587155963303,-0.07073180522660671,-0.050458715596330306,stable
without_billing_zip,BalancedBagging_original,original,zip_value,6100,50,1,0.02,18,0.36,0,18,1,31,0.0,0.0,0.0,0.037037037037037035,0.4713137973768462,0.13969732246798602,0.5504587155963303,-0.13969732246798602,-0.5504587155963303,small_support
without_billing_zip,BalancedBagging_original,original,zip_value,4230,49,1,0.02040816326530612,21,0.42857142857142855,0,21,1,27,0.0,0.0,0.0,0.02702702702702703,0.463260002130972,0.13969732246798602,0.5504587155963303,-0.13969732246798602,-0.5504587155963303,small_support
without_billing_zip,BalancedBagging_original,original,zip_value,4023,48,3,0.0625,23,0.4791666666666667,2,21,1,24,0.15384615384615385,0.6666666666666666,0.08695652173913043,0.4074074074074074,0.4740734704323752,0.13969732246798602,0.5504587155963303,0.014148831378167831,0.11620795107033632,stable
without_billing_zip,BalancedBagging_original,original,zip_value,6600,46,3,0.06521739130434782,20,0.43478260869565216,2,18,1,25,0.17391304347826086,0.6666666666666666,0.1,0.14661246612466122,0.47374057084754606,0.13969732246798602,0.5504587155963303,0.03421572101027484,0.11620795107033632,stable
without_billing_zip,BalancedBagging_original,original,zip_value,4700,30,2,0.06666666666666667,13,0.43333333333333335,2,11,0,17,0.26666666666666666,1.0,0.15384615384615385,0.1388888888888889,0.4503062528094523,0.13969732246798602,0.5504587155963303,0.12696934419868064,0.4495412844036697,stable
without_billing_zip,BalancedBagging_original,original,zip_value,6500,25,0,0.0,12,0.48,0,12,0,13,0.0,,0.0,,0.4815131450669981,0.13969732246798602,0.5504587155963303,-0.13969732246798602,,no_positive
without_billing_zip,BalancedBagging_original,original,zip_value,4500,23,1,0.043478260869565216,11,0.4782608695652174,0,11,1,11,0.0,0.0,0.0,0.045454545454545456,0.4817771509074584,0.13969732246798602,0.5504587155963303,-0.13969732246798602,-0.5504587155963303,small_support
without_billing_zip,BalancedBagging_original,original,zip_value,4300,22,0,0.0,5,0.22727272727272727,0,5,0,17,0.0,,0.0,,0.424003510565915,0.13969732246798602,0.5504587155963303,-0.13969732246798602,,no_positive
without_billing_zip,BalancedBagging_original,original,zip_value,4600,21,2,0.09523809523809523,6,0.2857142857142857,0,6,2,13,0.0,0.0,0.0,0.15476190476190477,0.43435055762073055,0.13969732246798602,0.5504587155963303,-0.13969732246798602,-0.5504587155963303,stable
without_billing_zip,BalancedBagging_original,original,zip_value,6450,19,2,0.10526315789473684,11,0.5789473684210527,2,9,0,8,0.3076923076923077,1.0,0.18181818181818182,0.5833333333333333,0.4792054479063026,0.13969732246798602,0.5504587155963303,0.16799498522432169,0.4495412844036697,small_support
without_billing_zip,BalancedBagging_original,original,zip_value,4006,13,3,0.23076923076923078,3,0.23076923076923078,1,2,2,8,0.3333333333333333,0.3333333333333333,0.3333333333333333,0.35555555555555557,0.43524498662720723,0.13969732246798602,0.5504587155963303,0.1936360108653473,-0.217125382262997,small_support
without_billing_zip,BalancedBagging_original,original,zip_value,4270,12,1,0.08333333333333333,4,0.3333333333333333,0,4,1,7,0.0,0.0,0.0,0.1111111111111111,0.48344979765769036,0.13969732246798602,0.5504587155963303,-0.13969732246798602,-0.5504587155963303,small_support
without_billing_zip,BalancedBagging_original,original,zip_value,4210,11,0,0.0,2,0.18181818181818182,0,2,0,9,0.0,,0.0,,0.43981070470582684,0.13969732246798602,0.5504587155963303,-0.13969732246798602,,no_positive
without_billing_zip,BalancedBagging_original,original,zip_value,4150,10,1,0.1,5,0.5,0,5,1,4,0.0,0.0,0.0,0.1,0.46049437884593997,0.13969732246798602,0.5504587155963303,-0.13969732246798602,-0.5504587155963303,small_support
without_billing_zip,BalancedBagging_original,original,zip_value,4550,9,0,0.0,2,0.2222222222222222,0,2,0,7,0.0,,0.0,,0.4045966007493372,0.13969732246798602,0.5504587155963303,-0.13969732246798602,,no_positive
without_billing_zip,BalancedBagging_original,original,zip_value,4190,7,0,0.0,3,0.42857142857142855,0,3,0,4,0.0,,0.0,,0.4652985430018016,0.13969732246798602,0.5504587155963303,-0.13969732246798602,,no_positive
without_billing_zip,BalancedBagging_original,original,zip_value,4001,6,1,0.16666666666666666,2,0.3333333333333333,1,1,0,4,0.6666666666666666,1.0,0.5,0.5,0.4608101901226129,0.13969732246798602,0.5504587155963303,0.5269693441986806,0.4495412844036697,small_support
without_billing_zip,BalancedBagging_original,original,zip_value,4020,6,0,0.0,3,0.5,0,3,0,3,0.0,,0.0,,0.5236795542157664,0.13969732246798602,0.5504587155963303,-0.13969732246798602,,no_positive
without_billing_zip,BalancedBagging_original,original,zip_value,4180,6,0,0.0,3,0.5,0,3,0,3,0.0,,0.0,,0.48232022390207346,0.13969732246798602,0.5504587155963303,-0.13969732246798602,,no_positive
without_billing_zip,BalancedBagging_original,original,zip_value,4220,6,0,0.0,3,0.5,0,3,0,3,0.0,,0.0,,0.46875130351607835,0.13969732246798602,0.5504587155963303,-0.13969732246798602,,no_positive
without_billing_zip,BalancedBagging_original,original,zip_value,4640,6,0,0.0,3,0.5,0,3,0,3,0.0,,0.0,,0.45873490052185767,0.13969732246798602,0.5504587155963303,-0.13969732246798602,,no_positive
without_billing_zip,BalancedBagging_original,original,zip_value,6550,6,0,0.0,5,0.8333333333333334,0,5,0,1,0.0,,0.0,,0.5173523249516632,0.13969732246798602,0.5504587155963303,-0.13969732246798602,,no_positive
without_billing_zip,BalancedBagging_original,original,zip_value,6800,6,0,0.0,3,0.5,0,3,0,3,0.0,,0.0,,0.5171584994817304,0.13969732246798602,0.5504587155963303,-0.13969732246798602,,no_positive
without_billing_zip,BalancedBagging_original,original,zip_value,4199,5,1,0.2,4,0.8,0,4,1,0,0.0,0.0,0.0,0.2,0.5307298378589431,0.13969732246798602,0.5504587155963303,-0.13969732246798602,-0.5504587155963303,small_support
without_billing_zip,BalancedBagging_original,original,zip_value,4850,5,1,0.2,3,0.6,1,2,0,2,0.5,1.0,0.3333333333333333,0.5,0.4616674628027869,0.13969732246798602,0.5504587155963303,0.36030267753201395,0.4495412844036697,small_support
without_billing_zip,BalancedBagging_original,original,zip_value,4101,5,0,0.0,3,0.6,0,3,0,2,0.0,,0.0,,0.4794703910019663,0.13969732246798602,0.5504587155963303,-0.13969732246798602,,no_positive
without_billing_zip,BalancedBagging_original,original,zip_value,4225,5,0,0.0,2,0.4,0,2,0,3,0.0,,0.0,,0.5137867300381599,0.13969732246798602,0.5504587155963303,-0.13969732246798602,,no_positive
without_billing_zip,BalancedBagging_original,original,zip_value,4330,4,1,0.25,0,0.0,0,0,1,3,0.0,0.0,,0.25,0.31899579952548596,0.13969732246798602,0.5504587155963303,-0.13969732246798602,-0.5504587155963303,small_support
without_billing_zip,BalancedBagging_original,original,zip_value,6570,4,1,0.25,2,0.5,0,2,1,1,0.0,0.0,0.0,0.25,0.5000130581284112,0.13969732246798602,0.5504587155963303,-0.13969732246798602,-0.5504587155963303,small_support
without_billing_zip,BalancedBagging_original,original,zip_value,4017,4,0,0.0,2,0.5,0,2,0,2,0.0,,0.0,,0.4462283349394203,0.13969732246798602,0.5504587155963303,-0.13969732246798602,,no_positive
without_billing_zip,BalancedBagging_original,original,zip_value,4137,4,0,0.0,4,1.0,0,4,0,0,0.0,,0.0,,0.5566385080934055,0.13969732246798602,0.5504587155963303,-0.13969732246798602,,no_positive
without_billing_zip,BalancedBagging_original,original,zip_value,4147,4,0,0.0,1,0.25,0,1,0,3,0.0,,0.0,,0.4338853141868742,0.13969732246798602,0.5504587155963303,-0.13969732246798602,,no_positive
without_billing_zip,BalancedBagging_original,original,zip_value,4490,4,0,0.0,1,0.25,0,1,0,3,0.0,,0.0,,0.463641779189331,0.13969732246798602,0.5504587155963303,-0.13969732246798602,,no_positive
without_billing_zip,BalancedBagging_original,original,zip_value,6200,4,0,0.0,3,0.75,0,3,0,1,0.0,,0.0,,0.5194651686947587,0.13969732246798602,0.5504587155963303,-0.13969732246798602,,no_positive
without_billing_zip,BalancedBagging_original,original,zip_value,6280,4,0,0.0,2,0.5,0,2,0,2,0.0,,0.0,,0.4366390116049833,0.13969732246798602,0.5504587155963303,-0.13969732246798602,,no_positive
without_billing_zip,BalancedBagging_original,original,zip_value,4107,3,1,0.3333333333333333,2,0.6666666666666666,1,1,0,1,0.6666666666666666,1.0,0.5,0.5,0.5561253289456416,0.13969732246798602,0.5504587155963303,0.5269693441986806,0.4495412844036697,small_support
without_billing_zip,BalancedBagging_original,original,zip_value,4109,3,1,0.3333333333333333,0,0.0,0,0,1,2,0.0,0.0,,0.5,0.44209370959939615,0.13969732246798602,0.5504587155963303,-0.13969732246798602,-0.5504587155963303,small_support
without_billing_zip,BalancedBagging_original,original,zip_value,4581,3,1,0.3333333333333333,1,0.3333333333333333,0,1,1,1,0.0,0.0,0.0,0.5,0.48039690718076944,0.13969732246798602,0.5504587155963303,-0.13969732246798602,-0.5504587155963303,small_support
without_billing_zip,BalancedBagging_original,original,zip_value,6260,3,1,0.3333333333333333,1,0.3333333333333333,0,1,1,1,0.0,0.0,0.0,0.3333333333333333,0.47584231959329076,0.13969732246798602,0.5504587155963303,-0.13969732246798602,-0.5504587155963303,small_support
without_billing_zip,BalancedBagging_original,original,zip_value,6900,3,1,0.3333333333333333,2,0.6666666666666666,1,1,0,1,0.6666666666666666,1.0,0.5,1.0,0.5372208007094027,0.13969732246798602,0.5504587155963303,0.5269693441986806,0.4495412844036697,small_support
without_billing_zip,BalancedBagging_original,original,zip_value,4016,3,0,0.0,3,1.0,0,3,0,0,0.0,,0.0,,0.6345895581882166,0.13969732246798602,0.5504587155963303,-0.13969732246798602,,no_positive
without_billing_zip,BalancedBagging_original,original,zip_value,4108,3,0,0.0,1,0.3333333333333333,0,1,0,2,0.0,,0.0,,0.4448366423905356,0.13969732246798602,0.5504587155963303,-0.13969732246798602,,no_positive
without_billing_zip,BalancedBagging_original,original,zip_value,4130,3,0,0.0,1,0.3333333333333333,0,1,0,2,0.0,,0.0,,0.4155728689283045,0.13969732246798602,0.5504587155963303,-0.13969732246798602,,no_positive
without_billing_zip,BalancedBagging_original,original,zip_value,4197,3,0,0.0,0,0.0,0,0,0,3,,,,,0.37371290705061133,0.13969732246798602,0.5504587155963303,,,no_positive
without_billing_zip,BalancedBagging_original,original,zip_value,4224,3,0,0.0,0,0.0,0,0,0,3,,,,,0.40778951342418096,0.13969732246798602,0.5504587155963303,,,no_positive
without_billing_zip,BalancedBagging_original,original,zip_value,4409,3,0,0.0,1,0.3333333333333333,0,1,0,2,0.0,,0.0,,0.432620920857323,0.13969732246798602,0.5504587155963303,-0.13969732246798602,,no_positive
without_billing_zip,BalancedBagging_original,original,zip_value,4579,3,0,0.0,1,0.3333333333333333,0,1,0,2,0.0,,0.0,,0.4003376398967395,0.13969732246798602,0.5504587155963303,-0.13969732246798602,,no_positive
without_billing_zip,BalancedBagging_original,original,zip_value,4800,3,0,0.0,0,0.0,0,0,0,3,,,,,0.39651066132087043,0.13969732246798602,0.5504587155963303,,,no_positive
without_billing_zip,BalancedBagging_original,original,zip_value,6750,3,0,0.0,1,0.3333333333333333,0,1,0,2,0.0,,0.0,,0.4512335995359629,0.13969732246798602,0.5504587155963303,-0.13969732246798602,,no_positive
without_billing_zip,BalancedBagging_original,original,zip_value,4241,2,1,0.5,2,1.0,1,1,0,0,0.6666666666666666,1.0,0.5,0.5,0.5643954691385362,0.13969732246798602,0.5504587155963303,0.5269693441986806,0.4495412844036697,small_support
without_billing_zip,BalancedBagging_original,original,zip_value,4770,2,1,0.5,2,1.0,1,1,0,0,0.6666666666666666,1.0,0.5,0.5,0.5909692447174459,0.13969732246798602,0.5504587155963303,0.5269693441986806,0.4495412844036697,small_support
without_billing_zip,BalancedBagging_original,original,zip_value,4830,2,1,0.5,1,0.5,1,0,0,1,1.0,1.0,1.0,1.0,0.4557503219686221,0.13969732246798602,0.5504587155963303,0.860302677532014,0.4495412844036697,small_support
without_billing_zip,BalancedBagging_original,original,zip_value,6884,2,1,0.5,1,0.5,1,0,0,1,1.0,1.0,1.0,1.0,0.4840144056502499,0.13969732246798602,0.5504587155963303,0.860302677532014,0.4495412844036697,small_support
without_billing_zip,BalancedBagging_original,original,zip_value,1000,2,0,0.0,2,1.0,0,2,0,0,0.0,,0.0,,0.5085316796842663,0.13969732246798602,0.5504587155963303,-0.13969732246798602,,no_positive
without_billing_zip,BalancedBagging_original,original,zip_value,1505,2,0,0.0,1,0.5,0,1,0,1,0.0,,0.0,,0.47016807493066864,0.13969732246798602,0.5504587155963303,-0.13969732246798602,,no_positive
without_billing_zip,BalancedBagging_original,original,zip_value,4015,2,0,0.0,1,0.5,0,1,0,1,0.0,,0.0,,0.5163008203535605,0.13969732246798602,0.5504587155963303,-0.13969732246798602,,no_positive
without_billing_zip,BalancedBagging_original,original,zip_value,4027,2,0,0.0,0,0.0,0,0,0,2,,,,,0.396309978388827,0.13969732246798602,0.5504587155963303,,,no_positive
without_billing_zip,BalancedBagging_original,original,zip_value,4110,2,0,0.0,0,0.0,0,0,0,2,,,,,0.42447522505387014,0.13969732246798602,0.5504587155963303,,,no_positive
without_billing_zip,BalancedBagging_original,original,zip_value,4113,2,0,0.0,0,0.0,0,0,0,2,,,,,0.439695289992444,0.13969732246798602,0.5504587155963303,,,no_positive
without_billing_zip,BalancedBagging_original,original,zip_value,4120,2,0,0.0,0,0.0,0,0,0,2,,,,,0.44997363492270803,0.13969732246798602,0.5504587155963303,,,no_positive
without_billing_zip,BalancedBagging_original,original,zip_value,4121,2,0,0.0,0,0.0,0,0,0,2,,,,,0.4203625671212434,0.13969732246798602,0.5504587155963303,,,no_positive
without_billing_zip,BalancedBagging_original,original,zip_value,4142,2,0,0.0,0,0.0,0,0,0,2,,,,,0.44427167478101226,0.13969732246798602,0.5504587155963303,,,no_positive
without_billing_zip,BalancedBagging_original,original,zip_value,4173,2,0,0.0,1,0.5,0,1,0,1,0.0,,0.0,,0.5002330802567649,0.13969732246798602,0.5504587155963303,-0.13969732246798602,,no_positive
without_billing_zip,BalancedBagging_original,original,zip_value,4218,2,0,0.0,1,0.5,0,1,0,1,0.0,,0.0,,0.5034855005331589,0.13969732246798602,0.5504587155963303,-0.13969732246798602,,no_positive
without_billing_zip,BalancedBagging_original,original,zip_value,4288,2,0,0.0,1,0.5,0,1,0,1,0.0,,0.0,,0.5402310112053146,0.13969732246798602,0.5504587155963303,-0.13969732246798602,,no_positive
without_billing_zip,BalancedBagging_original,original,zip_value,4407,2,0,0.0,1,0.5,0,1,0,1,0.0,,0.0,,0.4503800140013414,0.13969732246798602,0.5504587155963303,-0.13969732246798602,,no_positive
without_billing_zip,BalancedBagging_original,original,zip_value,4492,2,0,0.0,2,1.0,0,2,0,0,0.0,,0.0,,0.5472145677313636,0.13969732246798602,0.5504587155963303,-0.13969732246798602,,no_positive
without_billing_zip,BalancedBagging_original,original,zip_value,4580,2,0,0.0,1,0.5,0,1,0,1,0.0,,0.0,,0.5576091383501085,0.13969732246798602,0.5504587155963303,-0.13969732246798602,,no_positive
without_billing_zip,BalancedBagging_original,original,zip_value,4601,2,0,0.0,1,0.5,0,1,0,1,0.0,,0.0,,0.4884763478469906,0.13969732246798602,0.5504587155963303,-0.13969732246798602,,no_positive
without_billing_zip,BalancedBagging_original,original,zip_value,4641,2,0,0.0,1,0.5,0,1,0,1,0.0,,0.0,,0.4784241602400702,0.13969732246798602,0.5504587155963303,-0.13969732246798602,,no_positive
without_billing_zip,BalancedBagging_original,original,zip_value,4900,2,0,0.0,0,0.0,0,0,0,2,,,,,0.36845400588637045,0.13969732246798602,0.5504587155963303,,,no_positive
without_billing_zip,BalancedBagging_original,original,zip_value,4980,2,0,0.0,0,0.0,0,0,0,2,,,,,0.331880187896862,0.13969732246798602,0.5504587155963303,,,no_positive
without_billing_zip,BalancedBagging_original,original,zip_value,6001,2,0,0.0,0,0.0,0,0,0,2,,,,,0.48205620025090884,0.13969732246798602,0.5504587155963303,,,no_positive
without_billing_zip,BalancedBagging_original,original,zip_value,6058,2,0,0.0,2,1.0,0,2,0,0,0.0,,0.0,,0.5555313657975902,0.13969732246798602,0.5504587155963303,-0.13969732246798602,,no_positive
without_billing_zip,BalancedBagging_original,original,zip_value,6420,2,0,0.0,1,0.5,0,1,0,1,0.0,,0.0,,0.48699842375555025,0.13969732246798602,0.5504587155963303,-0.13969732246798602,,no_positive
without_billing_zip,BalancedBagging_original,original,zip_value,6558,2,0,0.0,2,1.0,0,2,0,0,0.0,,0.0,,0.5527748754432957,0.13969732246798602,0.5504587155963303,-0.13969732246798602,,no_positive
without_billing_zip,BalancedBagging_original,original,zip_value,1784,1,1,1.0,1,1.0,1,0,0,0,1.0,1.0,1.0,1.0,0.5235857033726191,0.13969732246798602,0.5504587155963303,0.860302677532014,0.4495412844036697,small_support
without_billing_zip,BalancedBagging_original,original,zip_value,4160,1,1,1.0,1,1.0,1,0,0,0,1.0,1.0,1.0,1.0,0.549531314107734,0.13969732246798602,0.5504587155963303,0.860302677532014,0.4495412844036697,small_support
without_billing_zip,BalancedBagging_original,original,zip_value,4250,1,1,1.0,1,1.0,1,0,0,0,1.0,1.0,1.0,1.0,0.5527198390720525,0.13969732246798602,0.5504587155963303,0.860302677532014,0.4495412844036697,small_support
without_billing_zip,BalancedBagging_original,original,zip_value,4632,1,1,1.0,0,0.0,0,0,1,0,0.0,0.0,,1.0,0.3733466727917973,0.13969732246798602,0.5504587155963303,-0.13969732246798602,-0.5504587155963303,small_support
without_billing_zip,BalancedBagging_original,original,zip_value,4638,1,1,1.0,0,0.0,0,0,1,0,0.0,0.0,,1.0,0.26697179153764333,0.13969732246798602,0.5504587155963303,-0.13969732246798602,-0.5504587155963303,small_support
without_billing_zip,BalancedBagging_original,original,zip_value,4750,1,1,1.0,0,0.0,0,0,1,0,0.0,0.0,,1.0,0.41868269381336487,0.13969732246798602,0.5504587155963303,-0.13969732246798602,-0.5504587155963303,small_support
without_billing_zip,BalancedBagging_original,original,zip_value,6097,1,1,1.0,0,0.0,0,0,1,0,0.0,0.0,,1.0,0.47241932547635507,0.13969732246798602,0.5504587155963303,-0.13969732246798602,-0.5504587155963303,small_support
without_billing_zip,BalancedBagging_original,original,zip_value,6160,1,1,1.0,1,1.0,1,0,0,0,1.0,1.0,1.0,1.0,0.5445883839626604,0.13969732246798602,0.5504587155963303,0.860302677532014,0.4495412844036697,small_support
without_billing_zip,BalancedBagging_original,original,zip_value,6670,1,1,1.0,1,1.0,1,0,0,0,1.0,1.0,1.0,1.0,0.5449726009933482,0.13969732246798602,0.5504587155963303,0.860302677532014,0.4495412844036697,small_support
without_billing_zip,BalancedBagging_original,original,zip_value,7800,1,1,1.0,1,1.0,1,0,0,0,1.0,1.0,1.0,1.0,0.6169931110563361,0.13969732246798602,0.5504587155963303,0.860302677532014,0.4495412844036697,small_support
without_billing_zip,BalancedBagging_original,original,zip_value,8000,1,1,1.0,1,1.0,1,0,0,0,1.0,1.0,1.0,1.0,0.5421039126078465,0.13969732246798602,0.5504587155963303,0.860302677532014,0.4495412844036697,small_support
without_billing_zip,BalancedBagging_original,original,zip_value,1303,1,0,0.0,0,0.0,0,0,0,1,,,,,0.42287379359770133,0.13969732246798602,0.5504587155963303,,,no_positive
without_billing_zip,BalancedBagging_original,original,zip_value,1618,1,0,0.0,1,1.0,0,1,0,0,0.0,,0.0,,0.5744078313386531,0.13969732246798602,0.5504587155963303,-0.13969732246798602,,no_positive
without_billing_zip,BalancedBagging_original,original,zip_value,2240,1,0,0.0,1,1.0,0,1,0,0,0.0,,0.0,,0.7007494028027685,0.13969732246798602,0.5504587155963303,-0.13969732246798602,,no_positive
without_billing_zip,BalancedBagging_original,original,zip_value,3500,1,0,0.0,1,1.0,0,1,0,0,0.0,,0.0,,0.5190445123046278,0.13969732246798602,0.5504587155963303,-0.13969732246798602,,no_positive
without_billing_zip,BalancedBagging_original,original,zip_value,4009,1,0,0.0,1,1.0,0,1,0,0,0.0,,0.0,,0.5826626292427729,0.13969732246798602,0.5504587155963303,-0.13969732246798602,,no_positive
without_billing_zip,BalancedBagging_original,original,zip_value,4013,1,0,0.0,0,0.0,0,0,0,1,,,,,0.4078471199984537,0.13969732246798602,0.5504587155963303,,,no_positive
without_billing_zip,BalancedBagging_original,original,zip_value,4019,1,0,0.0,1,1.0,0,1,0,0,0.0,,0.0,,0.6002661868986722,0.13969732246798602,0.5504587155963303,-0.13969732246798602,,no_positive
without_billing_zip,BalancedBagging_original,original,zip_value,4024,1,0,0.0,1,1.0,0,1,0,0,0.0,,0.0,,0.5486942178663864,0.13969732246798602,0.5504587155963303,-0.13969732246798602,,no_positive
without_billing_zip,BalancedBagging_original,original,zip_value,4111,1,0,0.0,1,1.0,0,1,0,0,0.0,,0.0,,0.5533943694150366,0.13969732246798602,0.5504587155963303,-0.13969732246798602,,no_positive
without_billing_zip,BalancedBagging_original,original,zip_value,4112,1,0,0.0,0,0.0,0,0,0,1,,,,,0.37778478746843647,0.13969732246798602,0.5504587155963303,,,no_positive
without_billing_zip,BalancedBagging_original,original,zip_value,4124,1,0,0.0,1,1.0,0,1,0,0,0.0,,0.0,,0.5480497325227309,0.13969732246798602,0.5504587155963303,-0.13969732246798602,,no_positive
without_billing_zip,BalancedBagging_original,original,zip_value,4127,1,0,0.0,1,1.0,0,1,0,0,0.0,,0.0,,0.645207157962125,0.13969732246798602,0.5504587155963303,-0.13969732246798602,,no_positive
without_billing_zip,BalancedBagging_original,original,zip_value,4131,1,0,0.0,0,0.0,0,0,0,1,,,,,0.3290528157133343,0.13969732246798602,0.5504587155963303,,,no_positive
without_billing_zip,BalancedBagging_original,original,zip_value,4135,1,0,0.0,0,0.0,0,0,0,1,,,,,0.44056543304795986,0.13969732246798602,0.5504587155963303,,,no_positive
without_billing_zip,BalancedBagging_original,original,zip_value,4144,1,0,0.0,0,0.0,0,0,0,1,,,,,0.3999181983900003,0.13969732246798602,0.5504587155963303,,,no_positive
without_billing_zip,BalancedBagging_original,original,zip_value,4151,1,0,0.0,0,0.0,0,0,0,1,,,,,0.4121759719164041,0.13969732246798602,0.5504587155963303,,,no_positive
without_billing_zip,BalancedBagging_original,original,zip_value,4161,1,0,0.0,1,1.0,0,1,0,0,0.0,,0.0,,0.5819144842088592,0.13969732246798602,0.5504587155963303,-0.13969732246798602,,no_positive
without_billing_zip,BalancedBagging_original,original,zip_value,4172,1,0,0.0,0,0.0,0,0,0,1,,,,,0.36962185945927795,0.13969732246798602,0.5504587155963303,,,no_positive
without_billing_zip,BalancedBagging_original,original,zip_value,4175,1,0,0.0,1,1.0,0,1,0,0,0.0,,0.0,,0.6558782928018099,0.13969732246798602,0.5504587155963303,-0.13969732246798602,,no_positive
without_billing_zip,BalancedBagging_original,original,zip_value,4179,1,0,0.0,1,1.0,0,1,0,0,0.0,,0.0,,0.5522852399133364,0.13969732246798602,0.5504587155963303,-0.13969732246798602,,no_positive
without_billing_zip,BalancedBagging_original,original,zip_value,4191,1,0,0.0,0,0.0,0,0,0,1,,,,,0.3320528157133342,0.13969732246798602,0.5504587155963303,,,no_positive
without_billing_zip,BalancedBagging_original,original,zip_value,4198,1,0,0.0,0,0.0,0,0,0,1,,,,,0.3787854669999055,0.13969732246798602,0.5504587155963303,,,no_positive
without_billing_zip,BalancedBagging_original,original,zip_value,4203,1,0,0.0,1,1.0,0,1,0,0,0.0,,0.0,,0.5673904720251265,0.13969732246798602,0.5504587155963303,-0.13969732246798602,,no_positive
without_billing_zip,BalancedBagging_original,original,zip_value,4207,1,0,0.0,0,0.0,0,0,0,1,,,,,0.4939689921830761,0.13969732246798602,0.5504587155963303,,,no_positive
without_billing_zip,BalancedBagging_original,original,zip_value,4212,1,0,0.0,1,1.0,0,1,0,0,0.0,,0.0,,0.5486590305584659,0.13969732246798602,0.5504587155963303,-0.13969732246798602,,no_positive
without_billing_zip,BalancedBagging_original,original,zip_value,4219,1,0,0.0,1,1.0,0,1,0,0,0.0,,0.0,,0.5273905220151817,0.13969732246798602,0.5504587155963303,-0.13969732246798602,,no_positive
without_billing_zip,BalancedBagging_original,original,zip_value,4231,1,0,0.0,0,0.0,0,0,0,1,,,,,0.35287955479237004,0.13969732246798602,0.5504587155963303,,,no_positive
without_billing_zip,BalancedBagging_original,original,zip_value,4271,1,0,0.0,0,0.0,0,0,0,1,,,,,0.400901793492993,0.13969732246798602,0.5504587155963303,,,no_positive
without_billing_zip,BalancedBagging_original,original,zip_value,4290,1,0,0.0,0,0.0,0,0,0,1,,,,,0.41378962156595445,0.13969732246798602,0.5504587155963303,,,no_positive
without_billing_zip,BalancedBagging_original,original,zip_value,4295,1,0,0.0,0,0.0,0,0,0,1,,,,,0.2525945589398756,0.13969732246798602,0.5504587155963303,,,no_positive
without_billing_zip,BalancedBagging_original,original,zip_value,4337,1,0,0.0,0,0.0,0,0,0,1,,,,,0.4405336779941526,0.13969732246798602,0.5504587155963303,,,no_positive
without_billing_zip,BalancedBagging_original,original,zip_value,4340,1,0,0.0,1,1.0,0,1,0,0,0.0,,0.0,,0.6730915694033959,0.13969732246798602,0.5504587155963303,-0.13969732246798602,,no_positive
without_billing_zip,BalancedBagging_original,original,zip_value,4349,1,0,0.0,0,0.0,0,0,0,1,,,,,0.3639965777175221,0.13969732246798602,0.5504587155963303,,,no_positive
without_billing_zip,BalancedBagging_original,original,zip_value,4350,1,0,0.0,0,0.0,0,0,0,1,,,,,0.39939020647107226,0.13969732246798602,0.5504587155963303,,,no_positive
without_billing_zip,BalancedBagging_original,original,zip_value,4357,1,0,0.0,0,0.0,0,0,0,1,,,,,0.2738947423587301,0.13969732246798602,0.5504587155963303,,,no_positive
without_billing_zip,BalancedBagging_original,original,zip_value,4368,1,0,0.0,0,0.0,0,0,0,1,,,,,0.36606375361359483,0.13969732246798602,0.5504587155963303,,,no_positive
without_billing_zip,BalancedBagging_original,original,zip_value,4405,1,0,0.0,0,0.0,0,0,0,1,,,,,0.38140058148253414,0.13969732246798602,0.5504587155963303,,,no_positive
without_billing_zip,BalancedBagging_original,original,zip_value,4406,1,0,0.0,1,1.0,0,1,0,0,0.0,,0.0,,0.5654771161286959,0.13969732246798602,0.5504587155963303,-0.13969732246798602,,no_positive
without_billing_zip,BalancedBagging_original,original,zip_value,4408,1,0,0.0,0,0.0,0,0,0,1,,,,,0.355098055790118,0.13969732246798602,0.5504587155963303,,,no_positive
without_billing_zip,BalancedBagging_original,original,zip_value,4410,1,0,0.0,0,0.0,0,0,0,1,,,,,0.4900794328926674,0.13969732246798602,0.5504587155963303,,,no_positive
without_billing_zip,BalancedBagging_original,original,zip_value,4441,1,0,0.0,0,0.0,0,0,0,1,,,,,0.3011409757185122,0.13969732246798602,0.5504587155963303,,,no_positive
without_billing_zip,BalancedBagging_original,original,zip_value,4469,1,0,0.0,0,0.0,0,0,0,1,,,,,0.4130787857024284,0.13969732246798602,0.5504587155963303,,,no_positive
without_billing_zip,BalancedBagging_original,original,zip_value,4474,1,0,0.0,0,0.0,0,0,0,1,,,,,0.37234766081828696,0.13969732246798602,0.5504587155963303,,,no_positive
without_billing_zip,BalancedBagging_original,original,zip_value,4477,1,0,0.0,1,1.0,0,1,0,0,0.0,,0.0,,0.5352505543785311,0.13969732246798602,0.5504587155963303,-0.13969732246798602,,no_positive
without_billing_zip,BalancedBagging_original,original,zip_value,4480,1,0,0.0,1,1.0,0,1,0,0,0.0,,0.0,,0.6160433859795754,0.13969732246798602,0.5504587155963303,-0.13969732246798602,,no_positive
without_billing_zip,BalancedBagging_original,original,zip_value,4491,1,0,0.0,1,1.0,0,1,0,0,0.0,,0.0,,0.6011434676034019,0.13969732246798602,0.5504587155963303,-0.13969732246798602,,no_positive
without_billing_zip,BalancedBagging_original,original,zip_value,4522,1,0,0.0,0,0.0,0,0,0,1,,,,,0.48896145864182516,0.13969732246798602,0.5504587155963303,,,no_positive
without_billing_zip,BalancedBagging_original,original,zip_value,4530,1,0,0.0,0,0.0,0,0,0,1,,,,,0.3486654359463741,0.13969732246798602,0.5504587155963303,,,no_positive
without_billing_zip,BalancedBagging_original,original,zip_value,4535,1,0,0.0,1,1.0,0,1,0,0,0.0,,0.0,,0.5680034413679632,0.13969732246798602,0.5504587155963303,-0.13969732246798602,,no_positive
without_billing_zip,BalancedBagging_original,original,zip_value,4587,1,0,0.0,1,1.0,0,1,0,0,0.0,,0.0,,0.5376914037847979,0.13969732246798602,0.5504587155963303,-0.13969732246798602,,no_positive
without_billing_zip,BalancedBagging_original,original,zip_value,4701,1,0,0.0,1,1.0,0,1,0,0,0.0,,0.0,,0.5285914694295681,0.13969732246798602,0.5504587155963303,-0.13969732246798602,,no_positive
without_billing_zip,BalancedBagging_original,original,zip_value,4710,1,0,0.0,0,0.0,0,0,0,1,,,,,0.3186710856009388,0.13969732246798602,0.5504587155963303,,,no_positive
without_billing_zip,BalancedBagging_original,original,zip_value,4801,1,0,0.0,0,0.0,0,0,0,1,,,,,0.390221426169169,0.13969732246798602,0.5504587155963303,,,no_positive
without_billing_zip,BalancedBagging_original,original,zip_value,4820,1,0,0.0,0,0.0,0,0,0,1,,,,,0.4889377144827926,0.13969732246798602,0.5504587155963303,,,no_positive
without_billing_zip,BalancedBagging_original,original,zip_value,4942,1,0,0.0,0,0.0,0,0,0,1,,,,,0.3154769022025188,0.13969732246798602,0.5504587155963303,,,no_positive
without_billing_zip,BalancedBagging_original,original,zip_value,4948,1,0,0.0,0,0.0,0,0,0,1,,,,,0.49336850937848736,0.13969732246798602,0.5504587155963303,,,no_positive
without_billing_zip,BalancedBagging_original,original,zip_value,4970,1,0,0.0,1,1.0,0,1,0,0,0.0,,0.0,,0.6127533205180558,0.13969732246798602,0.5504587155963303,-0.13969732246798602,,no_positive
without_billing_zip,BalancedBagging_original,original,zip_value,4987,1,0,0.0,0,0.0,0,0,0,1,,,,,0.3641499560593678,0.13969732246798602,0.5504587155963303,,,no_positive
without_billing_zip,BalancedBagging_original,original,zip_value,4990,1,0,0.0,0,0.0,0,0,0,1,,,,,0.3963482067861371,0.13969732246798602,0.5504587155963303,,,no_positive
without_billing_zip,BalancedBagging_original,original,zip_value,5780,1,0,0.0,0,0.0,0,0,0,1,,,,,0.47102855619209316,0.13969732246798602,0.5504587155963303,,,no_positive
without_billing_zip,BalancedBagging_original,original,zip_value,6060,1,0,0.0,0,0.0,0,0,0,1,,,,,0.3663170154223368,0.13969732246798602,0.5504587155963303,,,no_positive
without_billing_zip,BalancedBagging_original,original,zip_value,6064,1,0,0.0,1,1.0,0,1,0,0,0.0,,0.0,,0.7191678890562132,0.13969732246798602,0.5504587155963303,-0.13969732246798602,,no_positive
without_billing_zip,BalancedBagging_original,original,zip_value,6065,1,0,0.0,0,0.0,0,0,0,1,,,,,0.3154423671319437,0.13969732246798602,0.5504587155963303,,,no_positive
without_billing_zip,BalancedBagging_original,original,zip_value,6091,1,0,0.0,0,0.0,0,0,0,1,,,,,0.3354437773172077,0.13969732246798602,0.5504587155963303,,,no_positive
without_billing_zip,BalancedBagging_original,original,zip_value,6102,1,0,0.0,1,1.0,0,1,0,0,0.0,,0.0,,0.5672154342579767,0.13969732246798602,0.5504587155963303,-0.13969732246798602,,no_positive
without_billing_zip,BalancedBagging_original,original,zip_value,6138,1,0,0.0,0,0.0,0,0,0,1,,,,,0.37536329656989653,0.13969732246798602,0.5504587155963303,,,no_positive
without_billing_zip,BalancedBagging_original,original,zip_value,6140,1,0,0.0,1,1.0,0,1,0,0,0.0,,0.0,,0.5380702959067623,0.13969732246798602,0.5504587155963303,-0.13969732246798602,,no_positive
without_billing_zip,BalancedBagging_original,original,zip_value,6145,1,0,0.0,1,1.0,0,1,0,0,0.0,,0.0,,0.5454370149607097,0.13969732246798602,0.5504587155963303,-0.13969732246798602,,no_positive
without_billing_zip,BalancedBagging_original,original,zip_value,6148,1,0,0.0,1,1.0,0,1,0,0,0.0,,0.0,,0.5421039126078465,0.13969732246798602,0.5504587155963303,-0.13969732246798602,,no_positive
without_billing_zip,BalancedBagging_original,original,zip_value,6150,1,0,0.0,1,1.0,0,1,0,0,0.0,,0.0,,0.5318217491864,0.13969732246798602,0.5504587155963303,-0.13969732246798602,,no_positive
without_billing_zip,BalancedBagging_original,original,zip_value,6155,1,0,0.0,0,0.0,0,0,0,1,,,,,0.36809187806196414,0.13969732246798602,0.5504587155963303,,,no_positive
without_billing_zip,BalancedBagging_original,original,zip_value,6158,1,0,0.0,1,1.0,0,1,0,0,0.0,,0.0,,0.5772606392063125,0.13969732246798602,0.5504587155963303,-0.13969732246798602,,no_positive
without_billing_zip,BalancedBagging_original,original,zip_value,6159,1,0,0.0,1,1.0,0,1,0,0,0.0,,0.0,,0.7056268592210146,0.13969732246798602,0.5504587155963303,-0.13969732246798602,,no_positive
without_billing_zip,BalancedBagging_original,original,zip_value,6163,1,0,0.0,1,1.0,0,1,0,0,0.0,,0.0,,0.5884638530247046,0.13969732246798602,0.5504587155963303,-0.13969732246798602,,no_positive
without_billing_zip,BalancedBagging_original,original,zip_value,6167,1,0,0.0,0,0.0,0,0,0,1,,,,,0.3434521469214329,0.13969732246798602,0.5504587155963303,,,no_positive
without_billing_zip,BalancedBagging_original,original,zip_value,6175,1,0,0.0,1,1.0,0,1,0,0,0.0,,0.0,,0.6024097978659655,0.13969732246798602,0.5504587155963303,-0.13969732246798602,,no_positive
without_billing_zip,BalancedBagging_original,original,zip_value,6180,1,0,0.0,0,0.0,0,0,0,1,,,,,0.4368689263551502,0.13969732246798602,0.5504587155963303,,,no_positive
without_billing_zip,BalancedBagging_original,original,zip_value,6190,1,0,0.0,0,0.0,0,0,0,1,,,,,0.38408065525426854,0.13969732246798602,0.5504587155963303,,,no_positive
without_billing_zip,BalancedBagging_original,original,zip_value,6199,1,0,0.0,1,1.0,0,1,0,0,0.0,,0.0,,0.5047148741295859,0.13969732246798602,0.5504587155963303,-0.13969732246798602,,no_positive
without_billing_zip,BalancedBagging_original,original,zip_value,6215,1,0,0.0,1,1.0,0,1,0,0,0.0,,0.0,,0.5881414896560654,0.13969732246798602,0.5504587155963303,-0.13969732246798602,,no_positive
without_billing_zip,BalancedBagging_original,original,zip_value,6250,1,0,0.0,1,1.0,0,1,0,0,0.0,,0.0,,0.5796656493039678,0.13969732246798602,0.5504587155963303,-0.13969732246798602,,no_positive
without_billing_zip,BalancedBagging_original,original,zip_value,6269,1,0,0.0,1,1.0,0,1,0,0,0.0,,0.0,,0.6246228445429778,0.13969732246798602,0.5504587155963303,-0.13969732246798602,,no_positive
without_billing_zip,BalancedBagging_original,original,zip_value,6270,1,0,0.0,0,0.0,0,0,0,1,,,,,0.3498407696000277,0.13969732246798602,0.5504587155963303,,,no_positive
without_billing_zip,BalancedBagging_original,original,zip_value,6272,1,0,0.0,0,0.0,0,0,0,1,,,,,0.44172940276180234,0.13969732246798602,0.5504587155963303,,,no_positive
without_billing_zip,BalancedBagging_original,original,zip_value,6285,1,0,0.0,0,0.0,0,0,0,1,,,,,0.48909195709431086,0.13969732246798602,0.5504587155963303,,,no_positive
without_billing_zip,BalancedBagging_original,original,zip_value,6292,1,0,0.0,0,0.0,0,0,0,1,,,,,0.3044162425296621,0.13969732246798602,0.5504587155963303,,,no_positive
without_billing_zip,BalancedBagging_original,original,zip_value,6304,1,0,0.0,1,1.0,0,1,0,0,0.0,,0.0,,0.5591166611413025,0.13969732246798602,0.5504587155963303,-0.13969732246798602,,no_positive
without_billing_zip,BalancedBagging_original,original,zip_value,6343,1,0,0.0,1,1.0,0,1,0,0,0.0,,0.0,,0.5905603561652802,0.13969732246798602,0.5504587155963303,-0.13969732246798602,,no_positive
without_billing_zip,BalancedBagging_original,original,zip_value,6437,1,0,0.0,0,0.0,0,0,0,1,,,,,0.48306802411956,0.13969732246798602,0.5504587155963303,,,no_positive
without_billing_zip,BalancedBagging_original,original,zip_value,6465,1,0,0.0,0,0.0,0,0,0,1,,,,,0.40591360204970917,0.13969732246798602,0.5504587155963303,,,no_positive
without_billing_zip,BalancedBagging_original,original,zip_value,6649,1,0,0.0,0,0.0,0,0,0,1,,,,,0.34126222183913396,0.13969732246798602,0.5504587155963303,,,no_positive
without_billing_zip,BalancedBagging_original,original,zip_value,6701,1,0,0.0,1,1.0,0,1,0,0,0.0,,0.0,,0.5976398675544243,0.13969732246798602,0.5504587155963303,-0.13969732246798602,,no_positive
without_billing_zip,BalancedBagging_original,original,zip_value,6770,1,0,0.0,0,0.0,0,0,0,1,,,,,0.32468839996494653,0.13969732246798602,0.5504587155963303,,,no_positive
without_billing_zip,BalancedBagging_original,original,zip_value,6826,1,0,0.0,0,0.0,0,0,0,1,,,,,0.3636531205373029,0.13969732246798602,0.5504587155963303,,,no_positive
without_billing_zip,BalancedBagging_original,original,zip_value,6860,1,0,0.0,0,0.0,0,0,0,1,,,,,0.2697355948936408,0.13969732246798602,0.5504587155963303,,,no_positive
without_billing_zip,BalancedBagging_original,original,zip_value,7007,1,0,0.0,0,0.0,0,0,0,1,,,,,0.40166766828384654,0.13969732246798602,0.5504587155963303,,,no_positive
without_billing_zip,BalancedBagging_original,original,zip_value,8241,1,0,0.0,0,0.0,0,0,0,1,,,,,0.39856315588405017,0.13969732246798602,0.5504587155963303,,,no_positive
without_billing_zip,BalancedBagging_original,original,zip_value,8260,1,0,0.0,0,0.0,0,0,0,1,,,,,0.38060642682689844,0.13969732246798602,0.5504587155963303,,,no_positive
without_billing_zip,BalancedBagging_original,original,zip_value,8444,1,0,0.0,1,1.0,0,1,0,0,0.0,,0.0,,0.6839677492095391,0.13969732246798602,0.5504587155963303,-0.13969732246798602,,no_positive
without_billing_zip,BalancedBagging_original,original,zip_value,8470,1,0,0.0,0,0.0,0,0,0,1,,,,,0.3587550886164594,0.13969732246798602,0.5504587155963303,,,no_positive
without_billing_zip,BalancedBagging_original,original,zip_value,8939,1,0,0.0,1,1.0,0,1,0,0,0.0,,0.0,,0.6313369672865451,0.13969732246798602,0.5504587155963303,-0.13969732246798602,,no_positive
without_billing_zip,BalancedBagging_original,original,zip_value,8948,1,0,0.0,1,1.0,0,1,0,0,0.0,,0.0,,0.6236749882368879,0.13969732246798602,0.5504587155963303,-0.13969732246798602,,no_positive
with_billing_zip,LogisticRegression_SMOTE,resampled,zip_value,4000,363,28,0.07713498622589532,31,0.08539944903581267,7,24,21,311,0.23728813559322035,0.25,0.22580645161290322,0.1452719566277439,0.3001394207126978,0.1286549707602339,0.2018348623853211,0.10863316483298643,0.04816513761467889,stable
with_billing_zip,LogisticRegression_SMOTE,resampled,zip_value,6000,217,7,0.03225806451612903,14,0.06451612903225806,0,14,7,196,0.0,0.0,0.0,0.03982925432006425,0.3138886378579745,0.1286549707602339,0.2018348623853211,-0.1286549707602339,-0.2018348623853211,stable
with_billing_zip,LogisticRegression_SMOTE,resampled,zip_value,4400,83,7,0.08433734939759036,14,0.1686746987951807,2,12,5,64,0.19047619047619047,0.2857142857142857,0.14285714285714285,0.10268555499122727,0.3434755113927717,0.1286549707602339,0.2018348623853211,0.061821219715956555,0.08387942332896459,stable
with_billing_zip,LogisticRegression_SMOTE,resampled,zip_value,4003,79,4,0.05063291139240506,15,0.189873417721519,0,15,4,60,0.0,0.0,0.0,0.052663437598530066,0.35912347158854147,0.1286549707602339,0.2018348623853211,-0.1286549707602339,-0.2018348623853211,stable
with_billing_zip,LogisticRegression_SMOTE,resampled,zip_value,6300,71,5,0.07042253521126761,9,0.1267605633802817,2,7,3,59,0.2857142857142857,0.4,0.2222222222222222,0.1383348895113601,0.3552331080174757,0.1286549707602339,0.2018348623853211,0.1570593149540518,0.1981651376146789,stable
with_billing_zip,LogisticRegression_SMOTE,resampled,zip_value,4004,62,6,0.0967741935483871,7,0.11290322580645161,1,6,5,50,0.15384615384615385,0.16666666666666666,0.14285714285714285,0.3307005745864442,0.3359303134687918,0.1286549707602339,0.2018348623853211,0.025191183085919944,-0.035168195718654455,stable
with_billing_zip,LogisticRegression_SMOTE,resampled,zip_value,4002,61,5,0.08196721311475409,14,0.22950819672131148,1,13,4,43,0.10526315789473684,0.2,0.07142857142857142,0.10028248587570622,0.383570598418769,0.1286549707602339,0.2018348623853211,-0.023391812865497075,-0.001834862385321101,stable
with_billing_zip,LogisticRegression_SMOTE,resampled,zip_value,6400,54,2,0.037037037037037035,17,0.3148148148148148,1,16,1,36,0.10526315789473684,0.5,0.058823529411764705,0.06984478935698449,0.40099306395034673,0.1286549707602339,0.2018348623853211,-0.023391812865497075,0.2981651376146789,stable
with_billing_zip,LogisticRegression_SMOTE,resampled,zip_value,6100,50,1,0.02,11,0.22,0,11,1,38,0.0,0.0,0.0,0.047619047619047616,0.3456418874129556,0.1286549707602339,0.2018348623853211,-0.1286549707602339,-0.2018348623853211,small_support
with_billing_zip,LogisticRegression_SMOTE,resampled,zip_value,4230,49,1,0.02040816326530612,8,0.16326530612244897,0,8,1,40,0.0,0.0,0.0,0.029411764705882353,0.35948087956301394,0.1286549707602339,0.2018348623853211,-0.1286549707602339,-0.2018348623853211,small_support
with_billing_zip,LogisticRegression_SMOTE,resampled,zip_value,4023,48,3,0.0625,6,0.125,1,5,2,40,0.2222222222222222,0.3333333333333333,0.16666666666666666,0.19206349206349205,0.3633168738087828,0.1286549707602339,0.2018348623853211,0.0935672514619883,0.1314984709480122,stable
with_billing_zip,LogisticRegression_SMOTE,resampled,zip_value,6600,46,3,0.06521739130434782,3,0.06521739130434782,1,2,2,41,0.3333333333333333,0.3333333333333333,0.3333333333333333,0.28888888888888886,0.3493888007960775,0.1286549707602339,0.2018348623853211,0.2046783625730994,0.1314984709480122,stable
with_billing_zip,LogisticRegression_SMOTE,resampled,zip_value,4700,30,2,0.06666666666666667,4,0.13333333333333333,0,4,2,24,0.0,0.0,0.0,0.18253968253968253,0.3153042183871747,0.1286549707602339,0.2018348623853211,-0.1286549707602339,-0.2018348623853211,stable
with_billing_zip,LogisticRegression_SMOTE,resampled,zip_value,6500,25,0,0.0,2,0.08,0,2,0,23,0.0,,0.0,,0.35143255221012615,0.1286549707602339,0.2018348623853211,-0.1286549707602339,,no_positive
with_billing_zip,LogisticRegression_SMOTE,resampled,zip_value,4500,23,1,0.043478260869565216,4,0.17391304347826086,0,4,1,18,0.0,0.0,0.0,0.05263157894736842,0.3726631399441326,0.1286549707602339,0.2018348623853211,-0.1286549707602339,-0.2018348623853211,small_support
with_billing_zip,LogisticRegression_SMOTE,resampled,zip_value,4300,22,0,0.0,2,0.09090909090909091,0,2,0,20,0.0,,0.0,,0.3029049964286892,0.1286549707602339,0.2018348623853211,-0.1286549707602339,,no_positive
with_billing_zip,LogisticRegression_SMOTE,resampled,zip_value,4600,21,2,0.09523809523809523,2,0.09523809523809523,1,1,1,18,0.5,0.5,0.5,0.5714285714285714,0.3272649774624272,0.1286549707602339,0.2018348623853211,0.3713450292397661,0.2981651376146789,stable
with_billing_zip,LogisticRegression_SMOTE,resampled,zip_value,6450,19,2,0.10526315789473684,3,0.15789473684210525,1,2,1,15,0.4,0.5,0.3333333333333333,0.41666666666666663,0.361840455607971,0.1286549707602339,0.2018348623853211,0.2713450292397661,0.2981651376146789,small_support
with_billing_zip,LogisticRegression_SMOTE,resampled,zip_value,4006,13,3,0.23076923076923078,1,0.07692307692307693,0,1,3,9,0.0,0.0,0.0,0.33882783882783885,0.315886435269089,0.1286549707602339,0.2018348623853211,-0.1286549707602339,-0.2018348623853211,small_support
with_billing_zip,LogisticRegression_SMOTE,resampled,zip_value,4270,12,1,0.08333333333333333,3,0.25,0,3,1,8,0.0,0.0,0.0,0.1111111111111111,0.3901249230246692,0.1286549707602339,0.2018348623853211,-0.1286549707602339,-0.2018348623853211,small_support
with_billing_zip,LogisticRegression_SMOTE,resampled,zip_value,4210,11,0,0.0,1,0.09090909090909091,0,1,0,10,0.0,,0.0,,0.3461612116029167,0.1286549707602339,0.2018348623853211,-0.1286549707602339,,no_positive
with_billing_zip,LogisticRegression_SMOTE,resampled,zip_value,4150,10,1,0.1,3,0.3,0,3,1,6,0.0,0.0,0.0,0.125,0.3382685541934671,0.1286549707602339,0.2018348623853211,-0.1286549707602339,-0.2018348623853211,small_support
with_billing_zip,LogisticRegression_SMOTE,resampled,zip_value,4550,9,0,0.0,0,0.0,0,0,0,9,,,,,0.3077164891168344,0.1286549707602339,0.2018348623853211,,,no_positive
with_billing_zip,LogisticRegression_SMOTE,resampled,zip_value,4190,7,0,0.0,2,0.2857142857142857,0,2,0,5,0.0,,0.0,,0.38866369687598207,0.1286549707602339,0.2018348623853211,-0.1286549707602339,,no_positive
with_billing_zip,LogisticRegression_SMOTE,resampled,zip_value,4001,6,1,0.16666666666666666,0,0.0,0,0,1,5,0.0,0.0,,0.5,0.364770339076552,0.1286549707602339,0.2018348623853211,-0.1286549707602339,-0.2018348623853211,small_support
with_billing_zip,LogisticRegression_SMOTE,resampled,zip_value,4020,6,0,0.0,0,0.0,0,0,0,6,,,,,0.3285012990727504,0.1286549707602339,0.2018348623853211,,,no_positive
with_billing_zip,LogisticRegression_SMOTE,resampled,zip_value,4180,6,0,0.0,2,0.3333333333333333,0,2,0,4,0.0,,0.0,,0.447883698652868,0.1286549707602339,0.2018348623853211,-0.1286549707602339,,no_positive
with_billing_zip,LogisticRegression_SMOTE,resampled,zip_value,4220,6,0,0.0,1,0.16666666666666666,0,1,0,5,0.0,,0.0,,0.3122722151646086,0.1286549707602339,0.2018348623853211,-0.1286549707602339,,no_positive
with_billing_zip,LogisticRegression_SMOTE,resampled,zip_value,4640,6,0,0.0,1,0.16666666666666666,0,1,0,5,0.0,,0.0,,0.40505196954307493,0.1286549707602339,0.2018348623853211,-0.1286549707602339,,no_positive
with_billing_zip,LogisticRegression_SMOTE,resampled,zip_value,6550,6,0,0.0,1,0.16666666666666666,0,1,0,5,0.0,,0.0,,0.41322032257206226,0.1286549707602339,0.2018348623853211,-0.1286549707602339,,no_positive
with_billing_zip,LogisticRegression_SMOTE,resampled,zip_value,6800,6,0,0.0,0,0.0,0,0,0,6,,,,,0.39018526007001375,0.1286549707602339,0.2018348623853211,,,no_positive
with_billing_zip,LogisticRegression_SMOTE,resampled,zip_value,4199,5,1,0.2,1,0.2,0,1,1,3,0.0,0.0,0.0,0.2,0.44287833173891145,0.1286549707602339,0.2018348623853211,-0.1286549707602339,-0.2018348623853211,small_support
with_billing_zip,LogisticRegression_SMOTE,resampled,zip_value,4850,5,1,0.2,0,0.0,0,0,1,4,0.0,0.0,,0.3333333333333333,0.29616218325464605,0.1286549707602339,0.2018348623853211,-0.1286549707602339,-0.2018348623853211,small_support
with_billing_zip,LogisticRegression_SMOTE,resampled,zip_value,4101,5,0,0.0,1,0.2,0,1,0,4,0.0,,0.0,,0.3401679181122045,0.1286549707602339,0.2018348623853211,-0.1286549707602339,,no_positive
with_billing_zip,LogisticRegression_SMOTE,resampled,zip_value,4225,5,0,0.0,0,0.0,0,0,0,5,,,,,0.3726242710935025,0.1286549707602339,0.2018348623853211,,,no_positive
with_billing_zip,LogisticRegression_SMOTE,resampled,zip_value,4330,4,1,0.25,0,0.0,0,0,1,3,0.0,0.0,,0.5,0.13121549648730246,0.1286549707602339,0.2018348623853211,-0.1286549707602339,-0.2018348623853211,small_support
with_billing_zip,LogisticRegression_SMOTE,resampled,zip_value,6570,4,1,0.25,0,0.0,0,0,1,3,0.0,0.0,,0.25,0.38519733358009145,0.1286549707602339,0.2018348623853211,-0.1286549707602339,-0.2018348623853211,small_support
with_billing_zip,LogisticRegression_SMOTE,resampled,zip_value,4017,4,0,0.0,0,0.0,0,0,0,4,,,,,0.3284635242658599,0.1286549707602339,0.2018348623853211,,,no_positive
with_billing_zip,LogisticRegression_SMOTE,resampled,zip_value,4137,4,0,0.0,2,0.5,0,2,0,2,0.0,,0.0,,0.47489132371583254,0.1286549707602339,0.2018348623853211,-0.1286549707602339,,no_positive
with_billing_zip,LogisticRegression_SMOTE,resampled,zip_value,4147,4,0,0.0,1,0.25,0,1,0,3,0.0,,0.0,,0.36272749193302073,0.1286549707602339,0.2018348623853211,-0.1286549707602339,,no_positive
with_billing_zip,LogisticRegression_SMOTE,resampled,zip_value,4490,4,0,0.0,1,0.25,0,1,0,3,0.0,,0.0,,0.3855655300868383,0.1286549707602339,0.2018348623853211,-0.1286549707602339,,no_positive
with_billing_zip,LogisticRegression_SMOTE,resampled,zip_value,6200,4,0,0.0,2,0.5,0,2,0,2,0.0,,0.0,,0.4287727400681754,0.1286549707602339,0.2018348623853211,-0.1286549707602339,,no_positive
with_billing_zip,LogisticRegression_SMOTE,resampled,zip_value,6280,4,0,0.0,1,0.25,0,1,0,3,0.0,,0.0,,0.3140096008524461,0.1286549707602339,0.2018348623853211,-0.1286549707602339,,no_positive
with_billing_zip,LogisticRegression_SMOTE,resampled,zip_value,4107,3,1,0.3333333333333333,0,0.0,0,0,1,2,0.0,0.0,,0.5,0.3788843302362712,0.1286549707602339,0.2018348623853211,-0.1286549707602339,-0.2018348623853211,small_support
with_billing_zip,LogisticRegression_SMOTE,resampled,zip_value,4109,3,1,0.3333333333333333,0,0.0,0,0,1,2,0.0,0.0,,0.5,0.2850668136998596,0.1286549707602339,0.2018348623853211,-0.1286549707602339,-0.2018348623853211,small_support
with_billing_zip,LogisticRegression_SMOTE,resampled,zip_value,4581,3,1,0.3333333333333333,2,0.6666666666666666,1,1,0,1,0.6666666666666666,1.0,0.5,0.5,0.5060749144807265,0.1286549707602339,0.2018348623853211,0.5380116959064327,0.7981651376146789,small_support
with_billing_zip,LogisticRegression_SMOTE,resampled,zip_value,6260,3,1,0.3333333333333333,1,0.3333333333333333,0,1,1,1,0.0,0.0,0.0,0.3333333333333333,0.3670432323461761,0.1286549707602339,0.2018348623853211,-0.1286549707602339,-0.2018348623853211,small_support
with_billing_zip,LogisticRegression_SMOTE,resampled,zip_value,6900,3,1,0.3333333333333333,1,0.3333333333333333,1,0,0,2,1.0,1.0,1.0,1.0,0.4026564681942792,0.1286549707602339,0.2018348623853211,0.8713450292397661,0.7981651376146789,small_support
with_billing_zip,LogisticRegression_SMOTE,resampled,zip_value,4016,3,0,0.0,2,0.6666666666666666,0,2,0,1,0.0,,0.0,,0.5490258694207334,0.1286549707602339,0.2018348623853211,-0.1286549707602339,,no_positive
with_billing_zip,LogisticRegression_SMOTE,resampled,zip_value,4108,3,0,0.0,0,0.0,0,0,0,3,,,,,0.26038171340661903,0.1286549707602339,0.2018348623853211,,,no_positive
with_billing_zip,LogisticRegression_SMOTE,resampled,zip_value,4130,3,0,0.0,0,0.0,0,0,0,3,,,,,0.3428869678687168,0.1286549707602339,0.2018348623853211,,,no_positive
with_billing_zip,LogisticRegression_SMOTE,resampled,zip_value,4197,3,0,0.0,0,0.0,0,0,0,3,,,,,0.3123172806042502,0.1286549707602339,0.2018348623853211,,,no_positive
with_billing_zip,LogisticRegression_SMOTE,resampled,zip_value,4224,3,0,0.0,0,0.0,0,0,0,3,,,,,0.1395274804136082,0.1286549707602339,0.2018348623853211,,,no_positive
with_billing_zip,LogisticRegression_SMOTE,resampled,zip_value,4409,3,0,0.0,0,0.0,0,0,0,3,,,,,0.2635190299971058,0.1286549707602339,0.2018348623853211,,,no_positive
with_billing_zip,LogisticRegression_SMOTE,resampled,zip_value,4579,3,0,0.0,0,0.0,0,0,0,3,,,,,0.26081446248568985,0.1286549707602339,0.2018348623853211,,,no_positive
with_billing_zip,LogisticRegression_SMOTE,resampled,zip_value,4800,3,0,0.0,0,0.0,0,0,0,3,,,,,0.19399546906960227,0.1286549707602339,0.2018348623853211,,,no_positive
with_billing_zip,LogisticRegression_SMOTE,resampled,zip_value,6750,3,0,0.0,1,0.3333333333333333,0,1,0,2,0.0,,0.0,,0.4252771496593457,0.1286549707602339,0.2018348623853211,-0.1286549707602339,,no_positive
with_billing_zip,LogisticRegression_SMOTE,resampled,zip_value,4241,2,1,0.5,1,0.5,0,1,1,0,0.0,0.0,0.0,0.5,0.5951506836918956,0.1286549707602339,0.2018348623853211,-0.1286549707602339,-0.2018348623853211,small_support
with_billing_zip,LogisticRegression_SMOTE,resampled,zip_value,4770,2,1,0.5,1,0.5,1,0,0,1,1.0,1.0,1.0,1.0,0.4656554141253946,0.1286549707602339,0.2018348623853211,0.8713450292397661,0.7981651376146789,small_support
with_billing_zip,LogisticRegression_SMOTE,resampled,zip_value,4830,2,1,0.5,0,0.0,0,0,1,1,0.0,0.0,,1.0,0.4150945597161304,0.1286549707602339,0.2018348623853211,-0.1286549707602339,-0.2018348623853211,small_support
with_billing_zip,LogisticRegression_SMOTE,resampled,zip_value,6884,2,1,0.5,1,0.5,1,0,0,1,1.0,1.0,1.0,1.0,0.5009300466957466,0.1286549707602339,0.2018348623853211,0.8713450292397661,0.7981651376146789,small_support
with_billing_zip,LogisticRegression_SMOTE,resampled,zip_value,1000,2,0,0.0,1,0.5,0,1,0,1,0.0,,0.0,,0.5063831150888322,0.1286549707602339,0.2018348623853211,-0.1286549707602339,,no_positive
with_billing_zip,LogisticRegression_SMOTE,resampled,zip_value,1505,2,0,0.0,0,0.0,0,0,0,2,,,,,0.2511743420142519,0.1286549707602339,0.2018348623853211,,,no_positive
with_billing_zip,LogisticRegression_SMOTE,resampled,zip_value,4015,2,0,0.0,0,0.0,0,0,0,2,,,,,0.41651159115501746,0.1286549707602339,0.2018348623853211,,,no_positive
with_billing_zip,LogisticRegression_SMOTE,resampled,zip_value,4027,2,0,0.0,0,0.0,0,0,0,2,,,,,0.28542510722722775,0.1286549707602339,0.2018348623853211,,,no_positive
with_billing_zip,LogisticRegression_SMOTE,resampled,zip_value,4110,2,0,0.0,0,0.0,0,0,0,2,,,,,0.22474599746231805,0.1286549707602339,0.2018348623853211,,,no_positive
with_billing_zip,LogisticRegression_SMOTE,resampled,zip_value,4113,2,0,0.0,0,0.0,0,0,0,2,,,,,0.2998221868671903,0.1286549707602339,0.2018348623853211,,,no_positive
with_billing_zip,LogisticRegression_SMOTE,resampled,zip_value,4120,2,0,0.0,1,0.5,0,1,0,1,0.0,,0.0,,0.42521339167598055,0.1286549707602339,0.2018348623853211,-0.1286549707602339,,no_positive
with_billing_zip,LogisticRegression_SMOTE,resampled,zip_value,4121,2,0,0.0,0,0.0,0,0,0,2,,,,,0.3631727947355667,0.1286549707602339,0.2018348623853211,,,no_positive
with_billing_zip,LogisticRegression_SMOTE,resampled,zip_value,4142,2,0,0.0,0,0.0,0,0,0,2,,,,,0.1517392627980879,0.1286549707602339,0.2018348623853211,,,no_positive
with_billing_zip,LogisticRegression_SMOTE,resampled,zip_value,4173,2,0,0.0,0,0.0,0,0,0,2,,,,,0.26078385199424614,0.1286549707602339,0.2018348623853211,,,no_positive
with_billing_zip,LogisticRegression_SMOTE,resampled,zip_value,4218,2,0,0.0,0,0.0,0,0,0,2,,,,,0.3887201749326714,0.1286549707602339,0.2018348623853211,,,no_positive
with_billing_zip,LogisticRegression_SMOTE,resampled,zip_value,4288,2,0,0.0,1,0.5,0,1,0,1,0.0,,0.0,,0.4526471859982835,0.1286549707602339,0.2018348623853211,-0.1286549707602339,,no_positive
with_billing_zip,LogisticRegression_SMOTE,resampled,zip_value,4407,2,0,0.0,0,0.0,0,0,0,2,,,,,0.3562879980590029,0.1286549707602339,0.2018348623853211,,,no_positive
with_billing_zip,LogisticRegression_SMOTE,resampled,zip_value,4492,2,0,0.0,1,0.5,0,1,0,1,0.0,,0.0,,0.4839151965593075,0.1286549707602339,0.2018348623853211,-0.1286549707602339,,no_positive
with_billing_zip,LogisticRegression_SMOTE,resampled,zip_value,4580,2,0,0.0,1,0.5,0,1,0,1,0.0,,0.0,,0.5621629157742888,0.1286549707602339,0.2018348623853211,-0.1286549707602339,,no_positive
with_billing_zip,LogisticRegression_SMOTE,resampled,zip_value,4601,2,0,0.0,1,0.5,0,1,0,1,0.0,,0.0,,0.4694955495656543,0.1286549707602339,0.2018348623853211,-0.1286549707602339,,no_positive
with_billing_zip,LogisticRegression_SMOTE,resampled,zip_value,4641,2,0,0.0,1,0.5,0,1,0,1,0.0,,0.0,,0.46706519017780596,0.1286549707602339,0.2018348623853211,-0.1286549707602339,,no_positive
with_billing_zip,LogisticRegression_SMOTE,resampled,zip_value,4900,2,0,0.0,0,0.0,0,0,0,2,,,,,0.2131031347053906,0.1286549707602339,0.2018348623853211,,,no_positive
with_billing_zip,LogisticRegression_SMOTE,resampled,zip_value,4980,2,0,0.0,0,0.0,0,0,0,2,,,,,0.23848043614298403,0.1286549707602339,0.2018348623853211,,,no_positive
with_billing_zip,LogisticRegression_SMOTE,resampled,zip_value,6001,2,0,0.0,0,0.0,0,0,0,2,,,,,0.44736613013010795,0.1286549707602339,0.2018348623853211,,,no_positive
with_billing_zip,LogisticRegression_SMOTE,resampled,zip_value,6058,2,0,0.0,1,0.5,0,1,0,1,0.0,,0.0,,0.5374213979844772,0.1286549707602339,0.2018348623853211,-0.1286549707602339,,no_positive
with_billing_zip,LogisticRegression_SMOTE,resampled,zip_value,6420,2,0,0.0,0,0.0,0,0,0,2,,,,,0.15628645087611934,0.1286549707602339,0.2018348623853211,,,no_positive
with_billing_zip,LogisticRegression_SMOTE,resampled,zip_value,6558,2,0,0.0,0,0.0,0,0,0,2,,,,,0.41713412627768515,0.1286549707602339,0.2018348623853211,,,no_positive
with_billing_zip,LogisticRegression_SMOTE,resampled,zip_value,1784,1,1,1.0,0,0.0,0,0,1,0,0.0,0.0,,1.0,0.493936419148667,0.1286549707602339,0.2018348623853211,-0.1286549707602339,-0.2018348623853211,small_support
with_billing_zip,LogisticRegression_SMOTE,resampled,zip_value,4160,1,1,1.0,0,0.0,0,0,1,0,0.0,0.0,,1.0,0.40026113885243836,0.1286549707602339,0.2018348623853211,-0.1286549707602339,-0.2018348623853211,small_support
with_billing_zip,LogisticRegression_SMOTE,resampled,zip_value,4250,1,1,1.0,0,0.0,0,0,1,0,0.0,0.0,,1.0,0.4632545623365486,0.1286549707602339,0.2018348623853211,-0.1286549707602339,-0.2018348623853211,small_support
with_billing_zip,LogisticRegression_SMOTE,resampled,zip_value,4632,1,1,1.0,0,0.0,0,0,1,0,0.0,0.0,,1.0,0.295692223295678,0.1286549707602339,0.2018348623853211,-0.1286549707602339,-0.2018348623853211,small_support
with_billing_zip,LogisticRegression_SMOTE,resampled,zip_value,4638,1,1,1.0,0,0.0,0,0,1,0,0.0,0.0,,1.0,0.06609162541586182,0.1286549707602339,0.2018348623853211,-0.1286549707602339,-0.2018348623853211,small_support
with_billing_zip,LogisticRegression_SMOTE,resampled,zip_value,4750,1,1,1.0,0,0.0,0,0,1,0,0.0,0.0,,1.0,0.3834895262395064,0.1286549707602339,0.2018348623853211,-0.1286549707602339,-0.2018348623853211,small_support
with_billing_zip,LogisticRegression_SMOTE,resampled,zip_value,6097,1,1,1.0,0,0.0,0,0,1,0,0.0,0.0,,1.0,0.3593560551586645,0.1286549707602339,0.2018348623853211,-0.1286549707602339,-0.2018348623853211,small_support
with_billing_zip,LogisticRegression_SMOTE,resampled,zip_value,6160,1,1,1.0,0,0.0,0,0,1,0,0.0,0.0,,1.0,0.4827561685032603,0.1286549707602339,0.2018348623853211,-0.1286549707602339,-0.2018348623853211,small_support
with_billing_zip,LogisticRegression_SMOTE,resampled,zip_value,6670,1,1,1.0,0,0.0,0,0,1,0,0.0,0.0,,1.0,0.4558818500652452,0.1286549707602339,0.2018348623853211,-0.1286549707602339,-0.2018348623853211,small_support
with_billing_zip,LogisticRegression_SMOTE,resampled,zip_value,7800,1,1,1.0,0,0.0,0,0,1,0,0.0,0.0,,1.0,0.3868063448253192,0.1286549707602339,0.2018348623853211,-0.1286549707602339,-0.2018348623853211,small_support
with_billing_zip,LogisticRegression_SMOTE,resampled,zip_value,8000,1,1,1.0,0,0.0,0,0,1,0,0.0,0.0,,1.0,0.36513779944798797,0.1286549707602339,0.2018348623853211,-0.1286549707602339,-0.2018348623853211,small_support
with_billing_zip,LogisticRegression_SMOTE,resampled,zip_value,1303,1,0,0.0,0,0.0,0,0,0,1,,,,,0.24252337016596603,0.1286549707602339,0.2018348623853211,,,no_positive
with_billing_zip,LogisticRegression_SMOTE,resampled,zip_value,1618,1,0,0.0,1,1.0,0,1,0,0,0.0,,0.0,,0.5579937266769205,0.1286549707602339,0.2018348623853211,-0.1286549707602339,,no_positive
with_billing_zip,LogisticRegression_SMOTE,resampled,zip_value,2240,1,0,0.0,0,0.0,0,0,0,1,,,,,0.49050640514608257,0.1286549707602339,0.2018348623853211,,,no_positive
with_billing_zip,LogisticRegression_SMOTE,resampled,zip_value,3500,1,0,0.0,1,1.0,0,1,0,0,0.0,,0.0,,0.5191020088137767,0.1286549707602339,0.2018348623853211,-0.1286549707602339,,no_positive
with_billing_zip,LogisticRegression_SMOTE,resampled,zip_value,4009,1,0,0.0,1,1.0,0,1,0,0,0.0,,0.0,,0.6213615595404389,0.1286549707602339,0.2018348623853211,-0.1286549707602339,,no_positive
with_billing_zip,LogisticRegression_SMOTE,resampled,zip_value,4013,1,0,0.0,0,0.0,0,0,0,1,,,,,0.3605294499544944,0.1286549707602339,0.2018348623853211,,,no_positive
with_billing_zip,LogisticRegression_SMOTE,resampled,zip_value,4019,1,0,0.0,1,1.0,0,1,0,0,0.0,,0.0,,0.500862191789864,0.1286549707602339,0.2018348623853211,-0.1286549707602339,,no_positive
with_billing_zip,LogisticRegression_SMOTE,resampled,zip_value,4024,1,0,0.0,0,0.0,0,0,0,1,,,,,0.46488604379920206,0.1286549707602339,0.2018348623853211,,,no_positive
with_billing_zip,LogisticRegression_SMOTE,resampled,zip_value,4111,1,0,0.0,1,1.0,0,1,0,0,0.0,,0.0,,0.5087065400759574,0.1286549707602339,0.2018348623853211,-0.1286549707602339,,no_positive
with_billing_zip,LogisticRegression_SMOTE,resampled,zip_value,4112,1,0,0.0,0,0.0,0,0,0,1,,,,,0.32723002729701445,0.1286549707602339,0.2018348623853211,,,no_positive
with_billing_zip,LogisticRegression_SMOTE,resampled,zip_value,4124,1,0,0.0,0,0.0,0,0,0,1,,,,,0.3520121930378299,0.1286549707602339,0.2018348623853211,,,no_positive
with_billing_zip,LogisticRegression_SMOTE,resampled,zip_value,4127,1,0,0.0,1,1.0,0,1,0,0,0.0,,0.0,,0.5458350216786891,0.1286549707602339,0.2018348623853211,-0.1286549707602339,,no_positive
with_billing_zip,LogisticRegression_SMOTE,resampled,zip_value,4131,1,0,0.0,0,0.0,0,0,0,1,,,,,0.052329874695094175,0.1286549707602339,0.2018348623853211,,,no_positive
with_billing_zip,LogisticRegression_SMOTE,resampled,zip_value,4135,1,0,0.0,0,0.0,0,0,0,1,,,,,0.348944772273288,0.1286549707602339,0.2018348623853211,,,no_positive
with_billing_zip,LogisticRegression_SMOTE,resampled,zip_value,4144,1,0,0.0,0,0.0,0,0,0,1,,,,,0.1997247597340617,0.1286549707602339,0.2018348623853211,,,no_positive
with_billing_zip,LogisticRegression_SMOTE,resampled,zip_value,4151,1,0,0.0,0,0.0,0,0,0,1,,,,,0.20452294290420284,0.1286549707602339,0.2018348623853211,,,no_positive
with_billing_zip,LogisticRegression_SMOTE,resampled,zip_value,4161,1,0,0.0,1,1.0,0,1,0,0,0.0,,0.0,,0.5662695965802337,0.1286549707602339,0.2018348623853211,-0.1286549707602339,,no_positive
with_billing_zip,LogisticRegression_SMOTE,resampled,zip_value,4172,1,0,0.0,0,0.0,0,0,0,1,,,,,0.34283088262893935,0.1286549707602339,0.2018348623853211,,,no_positive
with_billing_zip,LogisticRegression_SMOTE,resampled,zip_value,4175,1,0,0.0,1,1.0,0,1,0,0,0.0,,0.0,,0.5105392021853262,0.1286549707602339,0.2018348623853211,-0.1286549707602339,,no_positive
with_billing_zip,LogisticRegression_SMOTE,resampled,zip_value,4179,1,0,0.0,0,0.0,0,0,0,1,,,,,0.3808031969630848,0.1286549707602339,0.2018348623853211,,,no_positive
with_billing_zip,LogisticRegression_SMOTE,resampled,zip_value,4191,1,0,0.0,0,0.0,0,0,0,1,,,,,0.04490799826959826,0.1286549707602339,0.2018348623853211,,,no_positive
with_billing_zip,LogisticRegression_SMOTE,resampled,zip_value,4198,1,0,0.0,0,0.0,0,0,0,1,,,,,0.2153609319131,0.1286549707602339,0.2018348623853211,,,no_positive
with_billing_zip,LogisticRegression_SMOTE,resampled,zip_value,4203,1,0,0.0,1,1.0,0,1,0,0,0.0,,0.0,,0.5927319577536448,0.1286549707602339,0.2018348623853211,-0.1286549707602339,,no_positive
with_billing_zip,LogisticRegression_SMOTE,resampled,zip_value,4207,1,0,0.0,0,0.0,0,0,0,1,,,,,0.43851336120019124,0.1286549707602339,0.2018348623853211,,,no_positive
with_billing_zip,LogisticRegression_SMOTE,resampled,zip_value,4212,1,0,0.0,1,1.0,0,1,0,0,0.0,,0.0,,0.560194179467006,0.1286549707602339,0.2018348623853211,-0.1286549707602339,,no_positive
with_billing_zip,LogisticRegression_SMOTE,resampled,zip_value,4219,1,0,0.0,0,0.0,0,0,0,1,,,,,0.49522009371036785,0.1286549707602339,0.2018348623853211,,,no_positive
with_billing_zip,LogisticRegression_SMOTE,resampled,zip_value,4231,1,0,0.0,0,0.0,0,0,0,1,,,,,0.23422648488615308,0.1286549707602339,0.2018348623853211,,,no_positive
with_billing_zip,LogisticRegression_SMOTE,resampled,zip_value,4271,1,0,0.0,0,0.0,0,0,0,1,,,,,0.3599308608052479,0.1286549707602339,0.2018348623853211,,,no_positive
with_billing_zip,LogisticRegression_SMOTE,resampled,zip_value,4290,1,0,0.0,0,0.0,0,0,0,1,,,,,0.22373340649606974,0.1286549707602339,0.2018348623853211,,,no_positive
with_billing_zip,LogisticRegression_SMOTE,resampled,zip_value,4295,1,0,0.0,0,0.0,0,0,0,1,,,,,0.2366676073715765,0.1286549707602339,0.2018348623853211,,,no_positive
with_billing_zip,LogisticRegression_SMOTE,resampled,zip_value,4337,1,0,0.0,0,0.0,0,0,0,1,,,,,0.3365797455244768,0.1286549707602339,0.2018348623853211,,,no_positive
with_billing_zip,LogisticRegression_SMOTE,resampled,zip_value,4340,1,0,0.0,0,0.0,0,0,0,1,,,,,0.47965054430976894,0.1286549707602339,0.2018348623853211,,,no_positive
with_billing_zip,LogisticRegression_SMOTE,resampled,zip_value,4349,1,0,0.0,0,0.0,0,0,0,1,,,,,0.24387007668890637,0.1286549707602339,0.2018348623853211,,,no_positive
with_billing_zip,LogisticRegression_SMOTE,resampled,zip_value,4350,1,0,0.0,0,0.0,0,0,0,1,,,,,0.18181765684541587,0.1286549707602339,0.2018348623853211,,,no_positive
with_billing_zip,LogisticRegression_SMOTE,resampled,zip_value,4357,1,0,0.0,0,0.0,0,0,0,1,,,,,0.21279787517327192,0.1286549707602339,0.2018348623853211,,,no_positive
with_billing_zip,LogisticRegression_SMOTE,resampled,zip_value,4368,1,0,0.0,0,0.0,0,0,0,1,,,,,0.27474539754243915,0.1286549707602339,0.2018348623853211,,,no_positive
with_billing_zip,LogisticRegression_SMOTE,resampled,zip_value,4405,1,0,0.0,0,0.0,0,0,0,1,,,,,0.3116308026203592,0.1286549707602339,0.2018348623853211,,,no_positive
with_billing_zip,LogisticRegression_SMOTE,resampled,zip_value,4406,1,0,0.0,1,1.0,0,1,0,0,0.0,,0.0,,0.5835525277320887,0.1286549707602339,0.2018348623853211,-0.1286549707602339,,no_positive
with_billing_zip,LogisticRegression_SMOTE,resampled,zip_value,4408,1,0,0.0,0,0.0,0,0,0,1,,,,,0.09990495809565714,0.1286549707602339,0.2018348623853211,,,no_positive
with_billing_zip,LogisticRegression_SMOTE,resampled,zip_value,4410,1,0,0.0,0,0.0,0,0,0,1,,,,,0.45241069767682063,0.1286549707602339,0.2018348623853211,,,no_positive
with_billing_zip,LogisticRegression_SMOTE,resampled,zip_value,4441,1,0,0.0,0,0.0,0,0,0,1,,,,,0.1808777628105816,0.1286549707602339,0.2018348623853211,,,no_positive
with_billing_zip,LogisticRegression_SMOTE,resampled,zip_value,4469,1,0,0.0,0,0.0,0,0,0,1,,,,,0.19735043751446613,0.1286549707602339,0.2018348623853211,,,no_positive
with_billing_zip,LogisticRegression_SMOTE,resampled,zip_value,4474,1,0,0.0,0,0.0,0,0,0,1,,,,,0.2750860815116205,0.1286549707602339,0.2018348623853211,,,no_positive
with_billing_zip,LogisticRegression_SMOTE,resampled,zip_value,4477,1,0,0.0,1,1.0,0,1,0,0,0.0,,0.0,,0.5402070043187528,0.1286549707602339,0.2018348623853211,-0.1286549707602339,,no_positive
with_billing_zip,LogisticRegression_SMOTE,resampled,zip_value,4480,1,0,0.0,1,1.0,0,1,0,0,0.0,,0.0,,0.5522832938631096,0.1286549707602339,0.2018348623853211,-0.1286549707602339,,no_positive
with_billing_zip,LogisticRegression_SMOTE,resampled,zip_value,4491,1,0,0.0,1,1.0,0,1,0,0,0.0,,0.0,,0.5415623389465836,0.1286549707602339,0.2018348623853211,-0.1286549707602339,,no_positive
with_billing_zip,LogisticRegression_SMOTE,resampled,zip_value,4522,1,0,0.0,0,0.0,0,0,0,1,,,,,0.3557993738669918,0.1286549707602339,0.2018348623853211,,,no_positive
with_billing_zip,LogisticRegression_SMOTE,resampled,zip_value,4530,1,0,0.0,0,0.0,0,0,0,1,,,,,0.34217219305830165,0.1286549707602339,0.2018348623853211,,,no_positive
with_billing_zip,LogisticRegression_SMOTE,resampled,zip_value,4535,1,0,0.0,0,0.0,0,0,0,1,,,,,0.3673749377072485,0.1286549707602339,0.2018348623853211,,,no_positive
with_billing_zip,LogisticRegression_SMOTE,resampled,zip_value,4587,1,0,0.0,0,0.0,0,0,0,1,,,,,0.38033985160676836,0.1286549707602339,0.2018348623853211,,,no_positive
with_billing_zip,LogisticRegression_SMOTE,resampled,zip_value,4701,1,0,0.0,0,0.0,0,0,0,1,,,,,0.45890057860039185,0.1286549707602339,0.2018348623853211,,,no_positive
with_billing_zip,LogisticRegression_SMOTE,resampled,zip_value,4710,1,0,0.0,0,0.0,0,0,0,1,,,,,0.2222585780153129,0.1286549707602339,0.2018348623853211,,,no_positive
with_billing_zip,LogisticRegression_SMOTE,resampled,zip_value,4801,1,0,0.0,0,0.0,0,0,0,1,,,,,0.09717597329186613,0.1286549707602339,0.2018348623853211,,,no_positive
with_billing_zip,LogisticRegression_SMOTE,resampled,zip_value,4820,1,0,0.0,0,0.0,0,0,0,1,,,,,0.3570295472207156,0.1286549707602339,0.2018348623853211,,,no_positive
with_billing_zip,LogisticRegression_SMOTE,resampled,zip_value,4942,1,0,0.0,0,0.0,0,0,0,1,,,,,0.1999074797331175,0.1286549707602339,0.2018348623853211,,,no_positive
with_billing_zip,LogisticRegression_SMOTE,resampled,zip_value,4948,1,0,0.0,0,0.0,0,0,0,1,,,,,0.330755416858038,0.1286549707602339,0.2018348623853211,,,no_positive
with_billing_zip,LogisticRegression_SMOTE,resampled,zip_value,4970,1,0,0.0,0,0.0,0,0,0,1,,,,,0.2822040162972722,0.1286549707602339,0.2018348623853211,,,no_positive
with_billing_zip,LogisticRegression_SMOTE,resampled,zip_value,4987,1,0,0.0,0,0.0,0,0,0,1,,,,,0.096909234726592,0.1286549707602339,0.2018348623853211,,,no_positive
with_billing_zip,LogisticRegression_SMOTE,resampled,zip_value,4990,1,0,0.0,0,0.0,0,0,0,1,,,,,0.3744437411032374,0.1286549707602339,0.2018348623853211,,,no_positive
with_billing_zip,LogisticRegression_SMOTE,resampled,zip_value,5780,1,0,0.0,0,0.0,0,0,0,1,,,,,0.00039125912908784846,0.1286549707602339,0.2018348623853211,,,no_positive
with_billing_zip,LogisticRegression_SMOTE,resampled,zip_value,6060,1,0,0.0,0,0.0,0,0,0,1,,,,,0.2684321903896395,0.1286549707602339,0.2018348623853211,,,no_positive
with_billing_zip,LogisticRegression_SMOTE,resampled,zip_value,6064,1,0,0.0,1,1.0,0,1,0,0,0.0,,0.0,,0.5127086712430559,0.1286549707602339,0.2018348623853211,-0.1286549707602339,,no_positive
with_billing_zip,LogisticRegression_SMOTE,resampled,zip_value,6065,1,0,0.0,0,0.0,0,0,0,1,,,,,0.3070599533324451,0.1286549707602339,0.2018348623853211,,,no_positive
with_billing_zip,LogisticRegression_SMOTE,resampled,zip_value,6091,1,0,0.0,0,0.0,0,0,0,1,,,,,0.15569364300623476,0.1286549707602339,0.2018348623853211,,,no_positive
with_billing_zip,LogisticRegression_SMOTE,resampled,zip_value,6102,1,0,0.0,0,0.0,0,0,0,1,,,,,0.3207715501198854,0.1286549707602339,0.2018348623853211,,,no_positive
with_billing_zip,LogisticRegression_SMOTE,resampled,zip_value,6138,1,0,0.0,0,0.0,0,0,0,1,,,,,0.20450399103857936,0.1286549707602339,0.2018348623853211,,,no_positive
with_billing_zip,LogisticRegression_SMOTE,resampled,zip_value,6140,1,0,0.0,0,0.0,0,0,0,1,,,,,0.40620452188555095,0.1286549707602339,0.2018348623853211,,,no_positive
with_billing_zip,LogisticRegression_SMOTE,resampled,zip_value,6145,1,0,0.0,1,1.0,0,1,0,0,0.0,,0.0,,0.5916610866322869,0.1286549707602339,0.2018348623853211,-0.1286549707602339,,no_positive
with_billing_zip,LogisticRegression_SMOTE,resampled,zip_value,6148,1,0,0.0,0,0.0,0,0,0,1,,,,,0.3614427578717926,0.1286549707602339,0.2018348623853211,,,no_positive
with_billing_zip,LogisticRegression_SMOTE,resampled,zip_value,6150,1,0,0.0,0,0.0,0,0,0,1,,,,,0.3509406359414535,0.1286549707602339,0.2018348623853211,,,no_positive
with_billing_zip,LogisticRegression_SMOTE,resampled,zip_value,6155,1,0,0.0,0,0.0,0,0,0,1,,,,,0.17919960264578655,0.1286549707602339,0.2018348623853211,,,no_positive
with_billing_zip,LogisticRegression_SMOTE,resampled,zip_value,6158,1,0,0.0,0,0.0,0,0,0,1,,,,,0.33459486796340543,0.1286549707602339,0.2018348623853211,,,no_positive
with_billing_zip,LogisticRegression_SMOTE,resampled,zip_value,6159,1,0,0.0,1,1.0,0,1,0,0,0.0,,0.0,,0.6128558516936531,0.1286549707602339,0.2018348623853211,-0.1286549707602339,,no_positive
with_billing_zip,LogisticRegression_SMOTE,resampled,zip_value,6163,1,0,0.0,1,1.0,0,1,0,0,0.0,,0.0,,0.6464126603550819,0.1286549707602339,0.2018348623853211,-0.1286549707602339,,no_positive
with_billing_zip,LogisticRegression_SMOTE,resampled,zip_value,6167,1,0,0.0,0,0.0,0,0,0,1,,,,,0.26510033822918605,0.1286549707602339,0.2018348623853211,,,no_positive
with_billing_zip,LogisticRegression_SMOTE,resampled,zip_value,6175,1,0,0.0,0,0.0,0,0,0,1,,,,,0.002251371841961907,0.1286549707602339,0.2018348623853211,,,no_positive
with_billing_zip,LogisticRegression_SMOTE,resampled,zip_value,6180,1,0,0.0,0,0.0,0,0,0,1,,,,,0.3288263093514145,0.1286549707602339,0.2018348623853211,,,no_positive
with_billing_zip,LogisticRegression_SMOTE,resampled,zip_value,6190,1,0,0.0,0,0.0,0,0,0,1,,,,,0.3072265905193169,0.1286549707602339,0.2018348623853211,,,no_positive
with_billing_zip,LogisticRegression_SMOTE,resampled,zip_value,6199,1,0,0.0,0,0.0,0,0,0,1,,,,,0.409495054181195,0.1286549707602339,0.2018348623853211,,,no_positive
with_billing_zip,LogisticRegression_SMOTE,resampled,zip_value,6215,1,0,0.0,1,1.0,0,1,0,0,0.0,,0.0,,0.5511373734219015,0.1286549707602339,0.2018348623853211,-0.1286549707602339,,no_positive
with_billing_zip,LogisticRegression_SMOTE,resampled,zip_value,6250,1,0,0.0,0,0.0,0,0,0,1,,,,,0.41625947218902704,0.1286549707602339,0.2018348623853211,,,no_positive
with_billing_zip,LogisticRegression_SMOTE,resampled,zip_value,6269,1,0,0.0,1,1.0,0,1,0,0,0.0,,0.0,,0.6297900051366696,0.1286549707602339,0.2018348623853211,-0.1286549707602339,,no_positive
with_billing_zip,LogisticRegression_SMOTE,resampled,zip_value,6270,1,0,0.0,0,0.0,0,0,0,1,,,,,0.2558409387234186,0.1286549707602339,0.2018348623853211,,,no_positive
with_billing_zip,LogisticRegression_SMOTE,resampled,zip_value,6272,1,0,0.0,0,0.0,0,0,0,1,,,,,0.3298714126725946,0.1286549707602339,0.2018348623853211,,,no_positive
with_billing_zip,LogisticRegression_SMOTE,resampled,zip_value,6285,1,0,0.0,0,0.0,0,0,0,1,,,,,0.30821245860535207,0.1286549707602339,0.2018348623853211,,,no_positive
with_billing_zip,LogisticRegression_SMOTE,resampled,zip_value,6292,1,0,0.0,0,0.0,0,0,0,1,,,,,0.24916489573195336,0.1286549707602339,0.2018348623853211,,,no_positive
with_billing_zip,LogisticRegression_SMOTE,resampled,zip_value,6304,1,0,0.0,1,1.0,0,1,0,0,0.0,,0.0,,0.5197357387750042,0.1286549707602339,0.2018348623853211,-0.1286549707602339,,no_positive
with_billing_zip,LogisticRegression_SMOTE,resampled,zip_value,6343,1,0,0.0,1,1.0,0,1,0,0,0.0,,0.0,,0.6222882707743448,0.1286549707602339,0.2018348623853211,-0.1286549707602339,,no_positive
with_billing_zip,LogisticRegression_SMOTE,resampled,zip_value,6437,1,0,0.0,0,0.0,0,0,0,1,,,,,0.2749088802321073,0.1286549707602339,0.2018348623853211,,,no_positive
with_billing_zip,LogisticRegression_SMOTE,resampled,zip_value,6465,1,0,0.0,0,0.0,0,0,0,1,,,,,0.2539382744375051,0.1286549707602339,0.2018348623853211,,,no_positive
with_billing_zip,LogisticRegression_SMOTE,resampled,zip_value,6649,1,0,0.0,0,0.0,0,0,0,1,,,,,0.24636147659318372,0.1286549707602339,0.2018348623853211,,,no_positive
with_billing_zip,LogisticRegression_SMOTE,resampled,zip_value,6701,1,0,0.0,0,0.0,0,0,0,1,,,,,0.35941887980079845,0.1286549707602339,0.2018348623853211,,,no_positive
with_billing_zip,LogisticRegression_SMOTE,resampled,zip_value,6770,1,0,0.0,0,0.0,0,0,0,1,,,,,0.24900963974269383,0.1286549707602339,0.2018348623853211,,,no_positive
with_billing_zip,LogisticRegression_SMOTE,resampled,zip_value,6826,1,0,0.0,0,0.0,0,0,0,1,,,,,0.2608435269127279,0.1286549707602339,0.2018348623853211,,,no_positive
with_billing_zip,LogisticRegression_SMOTE,resampled,zip_value,6860,1,0,0.0,0,0.0,0,0,0,1,,,,,0.15523044062329,0.1286549707602339,0.2018348623853211,,,no_positive
with_billing_zip,LogisticRegression_SMOTE,resampled,zip_value,7007,1,0,0.0,0,0.0,0,0,0,1,,,,,1.1222141419731383e-08,0.1286549707602339,0.2018348623853211,,,no_positive
with_billing_zip,LogisticRegression_SMOTE,resampled,zip_value,8241,1,0,0.0,0,0.0,0,0,0,1,,,,,0.25599761555461686,0.1286549707602339,0.2018348623853211,,,no_positive
with_billing_zip,LogisticRegression_SMOTE,resampled,zip_value,8260,1,0,0.0,0,0.0,0,0,0,1,,,,,0.19824250813013586,0.1286549707602339,0.2018348623853211,,,no_positive
with_billing_zip,LogisticRegression_SMOTE,resampled,zip_value,8444,1,0,0.0,1,1.0,0,1,0,0,0.0,,0.0,,0.6089657910398231,0.1286549707602339,0.2018348623853211,-0.1286549707602339,,no_positive
with_billing_zip,LogisticRegression_SMOTE,resampled,zip_value,8470,1,0,0.0,0,0.0,0,0,0,1,,,,,0.20636540469177403,0.1286549707602339,0.2018348623853211,,,no_positive
with_billing_zip,LogisticRegression_SMOTE,resampled,zip_value,8939,1,0,0.0,1,1.0,0,1,0,0,0.0,,0.0,,0.5062892885215485,0.1286549707602339,0.2018348623853211,-0.1286549707602339,,no_positive
with_billing_zip,LogisticRegression_SMOTE,resampled,zip_value,8948,1,0,0.0,1,1.0,0,1,0,0,0.0,,0.0,,0.5494623888713351,0.1286549707602339,0.2018348623853211,-0.1286549707602339,,no_positive
without_billing_zip,LogisticRegression_SMOTE,resampled,zip_value,4000,363,28,0.07713498622589532,50,0.13774104683195593,8,42,20,293,0.20512820512820512,0.2857142857142857,0.16,0.1430842939692075,0.33318355463406124,0.1676300578034682,0.26605504587155965,0.037498147324736913,0.01965923984272605,stable
without_billing_zip,LogisticRegression_SMOTE,resampled,zip_value,6000,217,7,0.03225806451612903,25,0.1152073732718894,1,24,6,186,0.0625,0.14285714285714285,0.04,0.040803726691163694,0.3496319935777333,0.1676300578034682,0.26605504587155965,-0.10513005780346821,-0.1231979030144168,stable
without_billing_zip,LogisticRegression_SMOTE,resampled,zip_value,4400,83,7,0.08433734939759036,14,0.1686746987951807,2,12,5,64,0.19047619047619047,0.2857142857142857,0.14285714285714285,0.11142234489167775,0.3439030007093123,0.1676300578034682,0.26605504587155965,0.022846132672722258,0.01965923984272605,stable
without_billing_zip,LogisticRegression_SMOTE,resampled,zip_value,4003,79,4,0.05063291139240506,9,0.11392405063291139,0,9,4,66,0.0,0.0,0.0,0.05678053830227743,0.34491985919213336,0.1676300578034682,0.26605504587155965,-0.1676300578034682,-0.26605504587155965,stable
without_billing_zip,LogisticRegression_SMOTE,resampled,zip_value,6300,71,5,0.07042253521126761,10,0.14084507042253522,2,8,3,58,0.26666666666666666,0.4,0.2,0.19096487119437938,0.3546416313541503,0.1676300578034682,0.26605504587155965,0.09903660886319846,0.13394495412844037,stable
without_billing_zip,LogisticRegression_SMOTE,resampled,zip_value,4004,62,6,0.0967741935483871,6,0.0967741935483871,1,5,5,51,0.16666666666666666,0.16666666666666666,0.16666666666666666,0.3410054765244106,0.3148399392233486,0.1676300578034682,0.26605504587155965,-0.0009633911368015502,-0.09938837920489299,stable
without_billing_zip,LogisticRegression_SMOTE,resampled,zip_value,4002,61,5,0.08196721311475409,10,0.16393442622950818,1,9,4,47,0.13333333333333333,0.2,0.1,0.09938375350140057,0.35939261485495966,0.1676300578034682,0.26605504587155965,-0.034296724470134876,-0.06605504587155964,stable
without_billing_zip,LogisticRegression_SMOTE,resampled,zip_value,6400,54,2,0.037037037037037035,15,0.2777777777777778,1,14,1,38,0.11764705882352941,0.5,0.06666666666666667,0.07248157248157248,0.3925788693519919,0.1676300578034682,0.26605504587155965,-0.0499829989799388,0.23394495412844035,stable
without_billing_zip,LogisticRegression_SMOTE,resampled,zip_value,6100,50,1,0.02,8,0.16,0,8,1,41,0.0,0.0,0.0,0.045454545454545456,0.3428580664362746,0.1676300578034682,0.26605504587155965,-0.1676300578034682,-0.26605504587155965,small_support
without_billing_zip,LogisticRegression_SMOTE,resampled,zip_value,4230,49,1,0.02040816326530612,4,0.08163265306122448,0,4,1,44,0.0,0.0,0.0,0.030303030303030304,0.34301930368541067,0.1676300578034682,0.26605504587155965,-0.1676300578034682,-0.26605504587155965,small_support
without_billing_zip,LogisticRegression_SMOTE,resampled,zip_value,4023,48,3,0.0625,6,0.125,1,5,2,40,0.2222222222222222,0.3333333333333333,0.16666666666666666,0.1936026936026936,0.34149137432626003,0.1676300578034682,0.26605504587155965,0.054592164418754,0.06727828746177367,stable
without_billing_zip,LogisticRegression_SMOTE,resampled,zip_value,6600,46,3,0.06521739130434782,5,0.10869565217391304,2,3,1,40,0.5,0.6666666666666666,0.4,0.34444444444444444,0.3577317854326096,0.1676300578034682,0.26605504587155965,0.3323699421965318,0.400611620795107,stable
without_billing_zip,LogisticRegression_SMOTE,resampled,zip_value,4700,30,2,0.06666666666666667,5,0.16666666666666666,1,4,1,24,0.2857142857142857,0.5,0.2,0.2111111111111111,0.30718852648836387,0.1676300578034682,0.26605504587155965,0.11808422791081749,0.23394495412844035,stable
without_billing_zip,LogisticRegression_SMOTE,resampled,zip_value,6500,25,0,0.0,4,0.16,0,4,0,21,0.0,,0.0,,0.3562465905142597,0.1676300578034682,0.26605504587155965,-0.1676300578034682,,no_positive
without_billing_zip,LogisticRegression_SMOTE,resampled,zip_value,4500,23,1,0.043478260869565216,2,0.08695652173913043,0,2,1,20,0.0,0.0,0.0,0.05555555555555555,0.3533096670397558,0.1676300578034682,0.26605504587155965,-0.1676300578034682,-0.26605504587155965,small_support
without_billing_zip,LogisticRegression_SMOTE,resampled,zip_value,4300,22,0,0.0,2,0.09090909090909091,0,2,0,20,0.0,,0.0,,0.2848571036553586,0.1676300578034682,0.26605504587155965,-0.1676300578034682,,no_positive
without_billing_zip,LogisticRegression_SMOTE,resampled,zip_value,4600,21,2,0.09523809523809523,4,0.19047619047619047,1,3,1,16,0.3333333333333333,0.5,0.25,0.5625,0.3269596323796848,0.1676300578034682,0.26605504587155965,0.1657032755298651,0.23394495412844035,stable
without_billing_zip,LogisticRegression_SMOTE,resampled,zip_value,6450,19,2,0.10526315789473684,5,0.2631578947368421,2,3,0,14,0.5714285714285714,1.0,0.4,0.41666666666666663,0.3566739045051153,0.1676300578034682,0.26605504587155965,0.4037985136251032,0.7339449541284404,small_support
without_billing_zip,LogisticRegression_SMOTE,resampled,zip_value,4006,13,3,0.23076923076923078,0,0.0,0,0,3,10,0.0,0.0,,0.2554945054945055,0.2886071510159392,0.1676300578034682,0.26605504587155965,-0.1676300578034682,-0.26605504587155965,small_support
without_billing_zip,LogisticRegression_SMOTE,resampled,zip_value,4270,12,1,0.08333333333333333,1,0.08333333333333333,0,1,1,10,0.0,0.0,0.0,0.14285714285714285,0.3477727551135073,0.1676300578034682,0.26605504587155965,-0.1676300578034682,-0.26605504587155965,small_support
without_billing_zip,LogisticRegression_SMOTE,resampled,zip_value,4210,11,0,0.0,1,0.09090909090909091,0,1,0,10,0.0,,0.0,,0.3355916057836894,0.1676300578034682,0.26605504587155965,-0.1676300578034682,,no_positive
without_billing_zip,LogisticRegression_SMOTE,resampled,zip_value,4150,10,1,0.1,1,0.1,0,1,1,8,0.0,0.0,0.0,0.125,0.29837917684947246,0.1676300578034682,0.26605504587155965,-0.1676300578034682,-0.26605504587155965,small_support
without_billing_zip,LogisticRegression_SMOTE,resampled,zip_value,4550,9,0,0.0,1,0.1111111111111111,0,1,0,8,0.0,,0.0,,0.290500861664999,0.1676300578034682,0.26605504587155965,-0.1676300578034682,,no_positive
without_billing_zip,LogisticRegression_SMOTE,resampled,zip_value,4190,7,0,0.0,2,0.2857142857142857,0,2,0,5,0.0,,0.0,,0.369883569002873,0.1676300578034682,0.26605504587155965,-0.1676300578034682,,no_positive
without_billing_zip,LogisticRegression_SMOTE,resampled,zip_value,4001,6,1,0.16666666666666666,0,0.0,0,0,1,5,0.0,0.0,,0.3333333333333333,0.3666746304492268,0.1676300578034682,0.26605504587155965,-0.1676300578034682,-0.26605504587155965,small_support
without_billing_zip,LogisticRegression_SMOTE,resampled,zip_value,4020,6,0,0.0,0,0.0,0,0,0,6,,,,,0.29869258015955485,0.1676300578034682,0.26605504587155965,,,no_positive
without_billing_zip,LogisticRegression_SMOTE,resampled,zip_value,4180,6,0,0.0,1,0.16666666666666666,0,1,0,5,0.0,,0.0,,0.3845694909152973,0.1676300578034682,0.26605504587155965,-0.1676300578034682,,no_positive
without_billing_zip,LogisticRegression_SMOTE,resampled,zip_value,4220,6,0,0.0,1,0.16666666666666666,0,1,0,5,0.0,,0.0,,0.2771557550274982,0.1676300578034682,0.26605504587155965,-0.1676300578034682,,no_positive
without_billing_zip,LogisticRegression_SMOTE,resampled,zip_value,4640,6,0,0.0,1,0.16666666666666666,0,1,0,5,0.0,,0.0,,0.3930589739670614,0.1676300578034682,0.26605504587155965,-0.1676300578034682,,no_positive
without_billing_zip,LogisticRegression_SMOTE,resampled,zip_value,6550,6,0,0.0,1,0.16666666666666666,0,1,0,5,0.0,,0.0,,0.39962806457344785,0.1676300578034682,0.26605504587155965,-0.1676300578034682,,no_positive
without_billing_zip,LogisticRegression_SMOTE,resampled,zip_value,6800,6,0,0.0,1,0.16666666666666666,0,1,0,5,0.0,,0.0,,0.3848716962374992,0.1676300578034682,0.26605504587155965,-0.1676300578034682,,no_positive
without_billing_zip,LogisticRegression_SMOTE,resampled,zip_value,4199,5,1,0.2,0,0.0,0,0,1,4,0.0,0.0,,0.2,0.40009988554616027,0.1676300578034682,0.26605504587155965,-0.1676300578034682,-0.26605504587155965,small_support
without_billing_zip,LogisticRegression_SMOTE,resampled,zip_value,4850,5,1,0.2,0,0.0,0,0,1,4,0.0,0.0,,0.3333333333333333,0.28925445356333934,0.1676300578034682,0.26605504587155965,-0.1676300578034682,-0.26605504587155965,small_support
without_billing_zip,LogisticRegression_SMOTE,resampled,zip_value,4101,5,0,0.0,1,0.2,0,1,0,4,0.0,,0.0,,0.3607074030770277,0.1676300578034682,0.26605504587155965,-0.1676300578034682,,no_positive
without_billing_zip,LogisticRegression_SMOTE,resampled,zip_value,4225,5,0,0.0,0,0.0,0,0,0,5,,,,,0.35655191859399793,0.1676300578034682,0.26605504587155965,,,no_positive
without_billing_zip,LogisticRegression_SMOTE,resampled,zip_value,4330,4,1,0.25,0,0.0,0,0,1,3,0.0,0.0,,0.5,0.1346694383329597,0.1676300578034682,0.26605504587155965,-0.1676300578034682,-0.26605504587155965,small_support
without_billing_zip,LogisticRegression_SMOTE,resampled,zip_value,6570,4,1,0.25,0,0.0,0,0,1,3,0.0,0.0,,0.25,0.3649445759896462,0.1676300578034682,0.26605504587155965,-0.1676300578034682,-0.26605504587155965,small_support
without_billing_zip,LogisticRegression_SMOTE,resampled,zip_value,4017,4,0,0.0,0,0.0,0,0,0,4,,,,,0.32826325534141215,0.1676300578034682,0.26605504587155965,,,no_positive
without_billing_zip,LogisticRegression_SMOTE,resampled,zip_value,4137,4,0,0.0,1,0.25,0,1,0,3,0.0,,0.0,,0.4480452228419012,0.1676300578034682,0.26605504587155965,-0.1676300578034682,,no_positive
without_billing_zip,LogisticRegression_SMOTE,resampled,zip_value,4147,4,0,0.0,1,0.25,0,1,0,3,0.0,,0.0,,0.35599971813736087,0.1676300578034682,0.26605504587155965,-0.1676300578034682,,no_positive
without_billing_zip,LogisticRegression_SMOTE,resampled,zip_value,4490,4,0,0.0,1,0.25,0,1,0,3,0.0,,0.0,,0.3574947185175112,0.1676300578034682,0.26605504587155965,-0.1676300578034682,,no_positive
without_billing_zip,LogisticRegression_SMOTE,resampled,zip_value,6200,4,0,0.0,0,0.0,0,0,0,4,,,,,0.3956528160323053,0.1676300578034682,0.26605504587155965,,,no_positive
without_billing_zip,LogisticRegression_SMOTE,resampled,zip_value,6280,4,0,0.0,1,0.25,0,1,0,3,0.0,,0.0,,0.30938444273466914,0.1676300578034682,0.26605504587155965,-0.1676300578034682,,no_positive
without_billing_zip,LogisticRegression_SMOTE,resampled,zip_value,4107,3,1,0.3333333333333333,0,0.0,0,0,1,2,0.0,0.0,,0.5,0.36690688601589244,0.1676300578034682,0.26605504587155965,-0.1676300578034682,-0.26605504587155965,small_support
without_billing_zip,LogisticRegression_SMOTE,resampled,zip_value,4109,3,1,0.3333333333333333,1,0.3333333333333333,0,1,1,1,0.0,0.0,0.0,0.5,0.28474717023867313,0.1676300578034682,0.26605504587155965,-0.1676300578034682,-0.26605504587155965,small_support
without_billing_zip,LogisticRegression_SMOTE,resampled,zip_value,4581,3,1,0.3333333333333333,2,0.6666666666666666,1,1,0,1,0.6666666666666666,1.0,0.5,0.5,0.5242576236617144,0.1676300578034682,0.26605504587155965,0.49903660886319845,0.7339449541284404,small_support
without_billing_zip,LogisticRegression_SMOTE,resampled,zip_value,6260,3,1,0.3333333333333333,0,0.0,0,0,1,2,0.0,0.0,,0.3333333333333333,0.33939504346586996,0.1676300578034682,0.26605504587155965,-0.1676300578034682,-0.26605504587155965,small_support
without_billing_zip,LogisticRegression_SMOTE,resampled,zip_value,6900,3,1,0.3333333333333333,1,0.3333333333333333,1,0,0,2,1.0,1.0,1.0,1.0,0.410878176173806,0.1676300578034682,0.26605504587155965,0.8323699421965318,0.7339449541284404,small_support
without_billing_zip,LogisticRegression_SMOTE,resampled,zip_value,4016,3,0,0.0,1,0.3333333333333333,0,1,0,2,0.0,,0.0,,0.48066384270297186,0.1676300578034682,0.26605504587155965,-0.1676300578034682,,no_positive
without_billing_zip,LogisticRegression_SMOTE,resampled,zip_value,4108,3,0,0.0,0,0.0,0,0,0,3,,,,,0.2261406111254399,0.1676300578034682,0.26605504587155965,,,no_positive
without_billing_zip,LogisticRegression_SMOTE,resampled,zip_value,4130,3,0,0.0,0,0.0,0,0,0,3,,,,,0.2910923658577083,0.1676300578034682,0.26605504587155965,,,no_positive
without_billing_zip,LogisticRegression_SMOTE,resampled,zip_value,4197,3,0,0.0,0,0.0,0,0,0,3,,,,,0.28936336189433787,0.1676300578034682,0.26605504587155965,,,no_positive
without_billing_zip,LogisticRegression_SMOTE,resampled,zip_value,4224,3,0,0.0,0,0.0,0,0,0,3,,,,,0.1677090619409348,0.1676300578034682,0.26605504587155965,,,no_positive
without_billing_zip,LogisticRegression_SMOTE,resampled,zip_value,4409,3,0,0.0,0,0.0,0,0,0,3,,,,,0.24014336678761525,0.1676300578034682,0.26605504587155965,,,no_positive
without_billing_zip,LogisticRegression_SMOTE,resampled,zip_value,4579,3,0,0.0,0,0.0,0,0,0,3,,,,,0.23517716109289274,0.1676300578034682,0.26605504587155965,,,no_positive
without_billing_zip,LogisticRegression_SMOTE,resampled,zip_value,4800,3,0,0.0,0,0.0,0,0,0,3,,,,,0.1609445489733826,0.1676300578034682,0.26605504587155965,,,no_positive
without_billing_zip,LogisticRegression_SMOTE,resampled,zip_value,6750,3,0,0.0,0,0.0,0,0,0,3,,,,,0.4285679171199745,0.1676300578034682,0.26605504587155965,,,no_positive
without_billing_zip,LogisticRegression_SMOTE,resampled,zip_value,4241,2,1,0.5,1,0.5,0,1,1,0,0.0,0.0,0.0,0.5,0.5440432938582414,0.1676300578034682,0.26605504587155965,-0.1676300578034682,-0.26605504587155965,small_support
without_billing_zip,LogisticRegression_SMOTE,resampled,zip_value,4770,2,1,0.5,1,0.5,1,0,0,1,1.0,1.0,1.0,1.0,0.4681450463352521,0.1676300578034682,0.26605504587155965,0.8323699421965318,0.7339449541284404,small_support
without_billing_zip,LogisticRegression_SMOTE,resampled,zip_value,4830,2,1,0.5,0,0.0,0,0,1,1,0.0,0.0,,0.5,0.3856349710739348,0.1676300578034682,0.26605504587155965,-0.1676300578034682,-0.26605504587155965,small_support
without_billing_zip,LogisticRegression_SMOTE,resampled,zip_value,6884,2,1,0.5,1,0.5,1,0,0,1,1.0,1.0,1.0,1.0,0.524478448005137,0.1676300578034682,0.26605504587155965,0.8323699421965318,0.7339449541284404,small_support
without_billing_zip,LogisticRegression_SMOTE,resampled,zip_value,1000,2,0,0.0,0,0.0,0,0,0,2,,,,,0.4769403426159863,0.1676300578034682,0.26605504587155965,,,no_positive
without_billing_zip,LogisticRegression_SMOTE,resampled,zip_value,1505,2,0,0.0,0,0.0,0,0,0,2,,,,,0.21792754965306557,0.1676300578034682,0.26605504587155965,,,no_positive
without_billing_zip,LogisticRegression_SMOTE,resampled,zip_value,4015,2,0,0.0,0,0.0,0,0,0,2,,,,,0.421059118911192,0.1676300578034682,0.26605504587155965,,,no_positive
without_billing_zip,LogisticRegression_SMOTE,resampled,zip_value,4027,2,0,0.0,0,0.0,0,0,0,2,,,,,0.2664323552577121,0.1676300578034682,0.26605504587155965,,,no_positive
without_billing_zip,LogisticRegression_SMOTE,resampled,zip_value,4110,2,0,0.0,0,0.0,0,0,0,2,,,,,0.21773215340797009,0.1676300578034682,0.26605504587155965,,,no_positive
without_billing_zip,LogisticRegression_SMOTE,resampled,zip_value,4113,2,0,0.0,0,0.0,0,0,0,2,,,,,0.28072627083723367,0.1676300578034682,0.26605504587155965,,,no_positive
without_billing_zip,LogisticRegression_SMOTE,resampled,zip_value,4120,2,0,0.0,0,0.0,0,0,0,2,,,,,0.39945432473109654,0.1676300578034682,0.26605504587155965,,,no_positive
without_billing_zip,LogisticRegression_SMOTE,resampled,zip_value,4121,2,0,0.0,0,0.0,0,0,0,2,,,,,0.3357995811801847,0.1676300578034682,0.26605504587155965,,,no_positive
without_billing_zip,LogisticRegression_SMOTE,resampled,zip_value,4142,2,0,0.0,0,0.0,0,0,0,2,,,,,0.13195541872969735,0.1676300578034682,0.26605504587155965,,,no_positive
without_billing_zip,LogisticRegression_SMOTE,resampled,zip_value,4173,2,0,0.0,0,0.0,0,0,0,2,,,,,0.22733294303515156,0.1676300578034682,0.26605504587155965,,,no_positive
without_billing_zip,LogisticRegression_SMOTE,resampled,zip_value,4218,2,0,0.0,0,0.0,0,0,0,2,,,,,0.35595351191903424,0.1676300578034682,0.26605504587155965,,,no_positive
without_billing_zip,LogisticRegression_SMOTE,resampled,zip_value,4288,2,0,0.0,1,0.5,0,1,0,1,0.0,,0.0,,0.4335837168878088,0.1676300578034682,0.26605504587155965,-0.1676300578034682,,no_positive
without_billing_zip,LogisticRegression_SMOTE,resampled,zip_value,4407,2,0,0.0,0,0.0,0,0,0,2,,,,,0.31896734375435065,0.1676300578034682,0.26605504587155965,,,no_positive
without_billing_zip,LogisticRegression_SMOTE,resampled,zip_value,4492,2,0,0.0,1,0.5,0,1,0,1,0.0,,0.0,,0.47138181588783107,0.1676300578034682,0.26605504587155965,-0.1676300578034682,,no_positive
without_billing_zip,LogisticRegression_SMOTE,resampled,zip_value,4580,2,0,0.0,2,1.0,0,2,0,0,0.0,,0.0,,0.522866954422367,0.1676300578034682,0.26605504587155965,-0.1676300578034682,,no_positive
without_billing_zip,LogisticRegression_SMOTE,resampled,zip_value,4601,2,0,0.0,1,0.5,0,1,0,1,0.0,,0.0,,0.514128470466852,0.1676300578034682,0.26605504587155965,-0.1676300578034682,,no_positive
without_billing_zip,LogisticRegression_SMOTE,resampled,zip_value,4641,2,0,0.0,1,0.5,0,1,0,1,0.0,,0.0,,0.444884081111691,0.1676300578034682,0.26605504587155965,-0.1676300578034682,,no_positive
without_billing_zip,LogisticRegression_SMOTE,resampled,zip_value,4900,2,0,0.0,0,0.0,0,0,0,2,,,,,0.24586655611799957,0.1676300578034682,0.26605504587155965,,,no_positive
without_billing_zip,LogisticRegression_SMOTE,resampled,zip_value,4980,2,0,0.0,0,0.0,0,0,0,2,,,,,0.21880254160483587,0.1676300578034682,0.26605504587155965,,,no_positive
without_billing_zip,LogisticRegression_SMOTE,resampled,zip_value,6001,2,0,0.0,1,0.5,0,1,0,1,0.0,,0.0,,0.4945935158377699,0.1676300578034682,0.26605504587155965,-0.1676300578034682,,no_positive
without_billing_zip,LogisticRegression_SMOTE,resampled,zip_value,6058,2,0,0.0,1,0.5,0,1,0,1,0.0,,0.0,,0.4945603888179707,0.1676300578034682,0.26605504587155965,-0.1676300578034682,,no_positive
without_billing_zip,LogisticRegression_SMOTE,resampled,zip_value,6420,2,0,0.0,0,0.0,0,0,0,2,,,,,0.16082101813606942,0.1676300578034682,0.26605504587155965,,,no_positive
without_billing_zip,LogisticRegression_SMOTE,resampled,zip_value,6558,2,0,0.0,0,0.0,0,0,0,2,,,,,0.45138591462595,0.1676300578034682,0.26605504587155965,,,no_positive
without_billing_zip,LogisticRegression_SMOTE,resampled,zip_value,1784,1,1,1.0,1,1.0,1,0,0,0,1.0,1.0,1.0,1.0,0.5962966677766756,0.1676300578034682,0.26605504587155965,0.8323699421965318,0.7339449541284404,small_support
without_billing_zip,LogisticRegression_SMOTE,resampled,zip_value,4160,1,1,1.0,0,0.0,0,0,1,0,0.0,0.0,,1.0,0.2911826039394457,0.1676300578034682,0.26605504587155965,-0.1676300578034682,-0.26605504587155965,small_support
without_billing_zip,LogisticRegression_SMOTE,resampled,zip_value,4250,1,1,1.0,0,0.0,0,0,1,0,0.0,0.0,,1.0,0.3755838162844418,0.1676300578034682,0.26605504587155965,-0.1676300578034682,-0.26605504587155965,small_support
without_billing_zip,LogisticRegression_SMOTE,resampled,zip_value,4632,1,1,1.0,0,0.0,0,0,1,0,0.0,0.0,,1.0,0.28183347936393605,0.1676300578034682,0.26605504587155965,-0.1676300578034682,-0.26605504587155965,small_support
without_billing_zip,LogisticRegression_SMOTE,resampled,zip_value,4638,1,1,1.0,0,0.0,0,0,1,0,0.0,0.0,,1.0,0.037175159281789334,0.1676300578034682,0.26605504587155965,-0.1676300578034682,-0.26605504587155965,small_support
without_billing_zip,LogisticRegression_SMOTE,resampled,zip_value,4750,1,1,1.0,0,0.0,0,0,1,0,0.0,0.0,,1.0,0.3966802551501308,0.1676300578034682,0.26605504587155965,-0.1676300578034682,-0.26605504587155965,small_support
without_billing_zip,LogisticRegression_SMOTE,resampled,zip_value,6097,1,1,1.0,0,0.0,0,0,1,0,0.0,0.0,,1.0,0.40642784471895127,0.1676300578034682,0.26605504587155965,-0.1676300578034682,-0.26605504587155965,small_support
without_billing_zip,LogisticRegression_SMOTE,resampled,zip_value,6160,1,1,1.0,1,1.0,1,0,0,0,1.0,1.0,1.0,1.0,0.5798376247017357,0.1676300578034682,0.26605504587155965,0.8323699421965318,0.7339449541284404,small_support
without_billing_zip,LogisticRegression_SMOTE,resampled,zip_value,6670,1,1,1.0,0,0.0,0,0,1,0,0.0,0.0,,1.0,0.44501168640174443,0.1676300578034682,0.26605504587155965,-0.1676300578034682,-0.26605504587155965,small_support
without_billing_zip,LogisticRegression_SMOTE,resampled,zip_value,7800,1,1,1.0,0,0.0,0,0,1,0,0.0,0.0,,1.0,0.3328632127747273,0.1676300578034682,0.26605504587155965,-0.1676300578034682,-0.26605504587155965,small_support
without_billing_zip,LogisticRegression_SMOTE,resampled,zip_value,8000,1,1,1.0,0,0.0,0,0,1,0,0.0,0.0,,1.0,0.3862947227987934,0.1676300578034682,0.26605504587155965,-0.1676300578034682,-0.26605504587155965,small_support
without_billing_zip,LogisticRegression_SMOTE,resampled,zip_value,1303,1,0,0.0,0,0.0,0,0,0,1,,,,,0.22905399455298478,0.1676300578034682,0.26605504587155965,,,no_positive
without_billing_zip,LogisticRegression_SMOTE,resampled,zip_value,1618,1,0,0.0,0,0.0,0,0,0,1,,,,,0.44277113418428093,0.1676300578034682,0.26605504587155965,,,no_positive
without_billing_zip,LogisticRegression_SMOTE,resampled,zip_value,2240,1,0,0.0,0,0.0,0,0,0,1,,,,,0.4685195946465961,0.1676300578034682,0.26605504587155965,,,no_positive
without_billing_zip,LogisticRegression_SMOTE,resampled,zip_value,3500,1,0,0.0,0,0.0,0,0,0,1,,,,,0.47137637405197685,0.1676300578034682,0.26605504587155965,,,no_positive
without_billing_zip,LogisticRegression_SMOTE,resampled,zip_value,4009,1,0,0.0,1,1.0,0,1,0,0,0.0,,0.0,,0.5611582816946842,0.1676300578034682,0.26605504587155965,-0.1676300578034682,,no_positive
without_billing_zip,LogisticRegression_SMOTE,resampled,zip_value,4013,1,0,0.0,0,0.0,0,0,0,1,,,,,0.33976481324312025,0.1676300578034682,0.26605504587155965,,,no_positive
without_billing_zip,LogisticRegression_SMOTE,resampled,zip_value,4019,1,0,0.0,0,0.0,0,0,0,1,,,,,0.4062823212618642,0.1676300578034682,0.26605504587155965,,,no_positive
without_billing_zip,LogisticRegression_SMOTE,resampled,zip_value,4024,1,0,0.0,0,0.0,0,0,0,1,,,,,0.3969000274437841,0.1676300578034682,0.26605504587155965,,,no_positive
without_billing_zip,LogisticRegression_SMOTE,resampled,zip_value,4111,1,0,0.0,0,0.0,0,0,0,1,,,,,0.4271256458001647,0.1676300578034682,0.26605504587155965,,,no_positive
without_billing_zip,LogisticRegression_SMOTE,resampled,zip_value,4112,1,0,0.0,0,0.0,0,0,0,1,,,,,0.2848762310146413,0.1676300578034682,0.26605504587155965,,,no_positive
without_billing_zip,LogisticRegression_SMOTE,resampled,zip_value,4124,1,0,0.0,0,0.0,0,0,0,1,,,,,0.31899641316606014,0.1676300578034682,0.26605504587155965,,,no_positive
without_billing_zip,LogisticRegression_SMOTE,resampled,zip_value,4127,1,0,0.0,1,1.0,0,1,0,0,0.0,,0.0,,0.5069402844702027,0.1676300578034682,0.26605504587155965,-0.1676300578034682,,no_positive
without_billing_zip,LogisticRegression_SMOTE,resampled,zip_value,4131,1,0,0.0,0,0.0,0,0,0,1,,,,,0.14090847845748236,0.1676300578034682,0.26605504587155965,,,no_positive
without_billing_zip,LogisticRegression_SMOTE,resampled,zip_value,4135,1,0,0.0,0,0.0,0,0,0,1,,,,,0.32607219961016104,0.1676300578034682,0.26605504587155965,,,no_positive
without_billing_zip,LogisticRegression_SMOTE,resampled,zip_value,4144,1,0,0.0,0,0.0,0,0,0,1,,,,,0.1672541648373926,0.1676300578034682,0.26605504587155965,,,no_positive
without_billing_zip,LogisticRegression_SMOTE,resampled,zip_value,4151,1,0,0.0,0,0.0,0,0,0,1,,,,,0.16969959083566746,0.1676300578034682,0.26605504587155965,,,no_positive
without_billing_zip,LogisticRegression_SMOTE,resampled,zip_value,4161,1,0,0.0,1,1.0,0,1,0,0,0.0,,0.0,,0.5508640470357891,0.1676300578034682,0.26605504587155965,-0.1676300578034682,,no_positive
without_billing_zip,LogisticRegression_SMOTE,resampled,zip_value,4172,1,0,0.0,0,0.0,0,0,0,1,,,,,0.3041647608626132,0.1676300578034682,0.26605504587155965,,,no_positive
without_billing_zip,LogisticRegression_SMOTE,resampled,zip_value,4175,1,0,0.0,1,1.0,0,1,0,0,0.0,,0.0,,0.5589072424794435,0.1676300578034682,0.26605504587155965,-0.1676300578034682,,no_positive
without_billing_zip,LogisticRegression_SMOTE,resampled,zip_value,4179,1,0,0.0,0,0.0,0,0,0,1,,,,,0.4044475658419507,0.1676300578034682,0.26605504587155965,,,no_positive
without_billing_zip,LogisticRegression_SMOTE,resampled,zip_value,4191,1,0,0.0,0,0.0,0,0,0,1,,,,,0.1411732537962588,0.1676300578034682,0.26605504587155965,,,no_positive
without_billing_zip,LogisticRegression_SMOTE,resampled,zip_value,4198,1,0,0.0,0,0.0,0,0,0,1,,,,,0.1824642964519355,0.1676300578034682,0.26605504587155965,,,no_positive
without_billing_zip,LogisticRegression_SMOTE,resampled,zip_value,4203,1,0,0.0,1,1.0,0,1,0,0,0.0,,0.0,,0.5197342934823568,0.1676300578034682,0.26605504587155965,-0.1676300578034682,,no_positive
without_billing_zip,LogisticRegression_SMOTE,resampled,zip_value,4207,1,0,0.0,0,0.0,0,0,0,1,,,,,0.4706350456584514,0.1676300578034682,0.26605504587155965,,,no_positive
without_billing_zip,LogisticRegression_SMOTE,resampled,zip_value,4212,1,0,0.0,1,1.0,0,1,0,0,0.0,,0.0,,0.5238210059734466,0.1676300578034682,0.26605504587155965,-0.1676300578034682,,no_positive
without_billing_zip,LogisticRegression_SMOTE,resampled,zip_value,4219,1,0,0.0,0,0.0,0,0,0,1,,,,,0.47907546999587747,0.1676300578034682,0.26605504587155965,,,no_positive
without_billing_zip,LogisticRegression_SMOTE,resampled,zip_value,4231,1,0,0.0,0,0.0,0,0,0,1,,,,,0.2115649654269196,0.1676300578034682,0.26605504587155965,,,no_positive
without_billing_zip,LogisticRegression_SMOTE,resampled,zip_value,4271,1,0,0.0,0,0.0,0,0,0,1,,,,,0.3699678861517147,0.1676300578034682,0.26605504587155965,,,no_positive
without_billing_zip,LogisticRegression_SMOTE,resampled,zip_value,4290,1,0,0.0,0,0.0,0,0,0,1,,,,,0.19472252120924285,0.1676300578034682,0.26605504587155965,,,no_positive
without_billing_zip,LogisticRegression_SMOTE,resampled,zip_value,4295,1,0,0.0,0,0.0,0,0,0,1,,,,,0.1684138160816982,0.1676300578034682,0.26605504587155965,,,no_positive
without_billing_zip,LogisticRegression_SMOTE,resampled,zip_value,4337,1,0,0.0,0,0.0,0,0,0,1,,,,,0.3605501532421216,0.1676300578034682,0.26605504587155965,,,no_positive
without_billing_zip,LogisticRegression_SMOTE,resampled,zip_value,4340,1,0,0.0,0,0.0,0,0,0,1,,,,,0.4715358639399731,0.1676300578034682,0.26605504587155965,,,no_positive
without_billing_zip,LogisticRegression_SMOTE,resampled,zip_value,4349,1,0,0.0,0,0.0,0,0,0,1,,,,,0.2172239972991254,0.1676300578034682,0.26605504587155965,,,no_positive
without_billing_zip,LogisticRegression_SMOTE,resampled,zip_value,4350,1,0,0.0,0,0.0,0,0,0,1,,,,,0.20502180014927912,0.1676300578034682,0.26605504587155965,,,no_positive
without_billing_zip,LogisticRegression_SMOTE,resampled,zip_value,4357,1,0,0.0,0,0.0,0,0,0,1,,,,,0.20105974793036344,0.1676300578034682,0.26605504587155965,,,no_positive
without_billing_zip,LogisticRegression_SMOTE,resampled,zip_value,4368,1,0,0.0,0,0.0,0,0,0,1,,,,,0.30017406574710714,0.1676300578034682,0.26605504587155965,,,no_positive
without_billing_zip,LogisticRegression_SMOTE,resampled,zip_value,4405,1,0,0.0,0,0.0,0,0,0,1,,,,,0.3541705532780639,0.1676300578034682,0.26605504587155965,,,no_positive
without_billing_zip,LogisticRegression_SMOTE,resampled,zip_value,4406,1,0,0.0,1,1.0,0,1,0,0,0.0,,0.0,,0.6457131908361805,0.1676300578034682,0.26605504587155965,-0.1676300578034682,,no_positive
without_billing_zip,LogisticRegression_SMOTE,resampled,zip_value,4408,1,0,0.0,0,0.0,0,0,0,1,,,,,0.05867223327100713,0.1676300578034682,0.26605504587155965,,,no_positive
without_billing_zip,LogisticRegression_SMOTE,resampled,zip_value,4410,1,0,0.0,0,0.0,0,0,0,1,,,,,0.38310984756295313,0.1676300578034682,0.26605504587155965,,,no_positive
without_billing_zip,LogisticRegression_SMOTE,resampled,zip_value,4441,1,0,0.0,0,0.0,0,0,0,1,,,,,0.17646393776672595,0.1676300578034682,0.26605504587155965,,,no_positive
without_billing_zip,LogisticRegression_SMOTE,resampled,zip_value,4469,1,0,0.0,0,0.0,0,0,0,1,,,,,0.21272155482880054,0.1676300578034682,0.26605504587155965,,,no_positive
without_billing_zip,LogisticRegression_SMOTE,resampled,zip_value,4474,1,0,0.0,0,0.0,0,0,0,1,,,,,0.27529345747498335,0.1676300578034682,0.26605504587155965,,,no_positive
without_billing_zip,LogisticRegression_SMOTE,resampled,zip_value,4477,1,0,0.0,1,1.0,0,1,0,0,0.0,,0.0,,0.5085656175573192,0.1676300578034682,0.26605504587155965,-0.1676300578034682,,no_positive
without_billing_zip,LogisticRegression_SMOTE,resampled,zip_value,4480,1,0,0.0,0,0.0,0,0,0,1,,,,,0.4755116714836579,0.1676300578034682,0.26605504587155965,,,no_positive
without_billing_zip,LogisticRegression_SMOTE,resampled,zip_value,4491,1,0,0.0,1,1.0,0,1,0,0,0.0,,0.0,,0.6171748466612629,0.1676300578034682,0.26605504587155965,-0.1676300578034682,,no_positive
without_billing_zip,LogisticRegression_SMOTE,resampled,zip_value,4522,1,0,0.0,0,0.0,0,0,0,1,,,,,0.354616649194128,0.1676300578034682,0.26605504587155965,,,no_positive
without_billing_zip,LogisticRegression_SMOTE,resampled,zip_value,4530,1,0,0.0,0,0.0,0,0,0,1,,,,,0.34121766897876227,0.1676300578034682,0.26605504587155965,,,no_positive
without_billing_zip,LogisticRegression_SMOTE,resampled,zip_value,4535,1,0,0.0,0,0.0,0,0,0,1,,,,,0.41883218246523374,0.1676300578034682,0.26605504587155965,,,no_positive
without_billing_zip,LogisticRegression_SMOTE,resampled,zip_value,4587,1,0,0.0,0,0.0,0,0,0,1,,,,,0.31180456096279335,0.1676300578034682,0.26605504587155965,,,no_positive
without_billing_zip,LogisticRegression_SMOTE,resampled,zip_value,4701,1,0,0.0,0,0.0,0,0,0,1,,,,,0.48552627625775463,0.1676300578034682,0.26605504587155965,,,no_positive
without_billing_zip,LogisticRegression_SMOTE,resampled,zip_value,4710,1,0,0.0,0,0.0,0,0,0,1,,,,,0.2075925069148591,0.1676300578034682,0.26605504587155965,,,no_positive
without_billing_zip,LogisticRegression_SMOTE,resampled,zip_value,4801,1,0,0.0,0,0.0,0,0,0,1,,,,,0.07615666778870148,0.1676300578034682,0.26605504587155965,,,no_positive
without_billing_zip,LogisticRegression_SMOTE,resampled,zip_value,4820,1,0,0.0,0,0.0,0,0,0,1,,,,,0.41477099440471515,0.1676300578034682,0.26605504587155965,,,no_positive
without_billing_zip,LogisticRegression_SMOTE,resampled,zip_value,4942,1,0,0.0,0,0.0,0,0,0,1,,,,,0.19879963219784264,0.1676300578034682,0.26605504587155965,,,no_positive
without_billing_zip,LogisticRegression_SMOTE,resampled,zip_value,4948,1,0,0.0,0,0.0,0,0,0,1,,,,,0.33172971428827563,0.1676300578034682,0.26605504587155965,,,no_positive
without_billing_zip,LogisticRegression_SMOTE,resampled,zip_value,4970,1,0,0.0,0,0.0,0,0,0,1,,,,,0.28663874217229574,0.1676300578034682,0.26605504587155965,,,no_positive
without_billing_zip,LogisticRegression_SMOTE,resampled,zip_value,4987,1,0,0.0,0,0.0,0,0,0,1,,,,,0.06063646504742169,0.1676300578034682,0.26605504587155965,,,no_positive
without_billing_zip,LogisticRegression_SMOTE,resampled,zip_value,4990,1,0,0.0,0,0.0,0,0,0,1,,,,,0.36048215670124234,0.1676300578034682,0.26605504587155965,,,no_positive
without_billing_zip,LogisticRegression_SMOTE,resampled,zip_value,5780,1,0,0.0,0,0.0,0,0,0,1,,,,,0.00047036309772850477,0.1676300578034682,0.26605504587155965,,,no_positive
without_billing_zip,LogisticRegression_SMOTE,resampled,zip_value,6060,1,0,0.0,0,0.0,0,0,0,1,,,,,0.2514193469452664,0.1676300578034682,0.26605504587155965,,,no_positive
without_billing_zip,LogisticRegression_SMOTE,resampled,zip_value,6064,1,0,0.0,1,1.0,0,1,0,0,0.0,,0.0,,0.5000467251726028,0.1676300578034682,0.26605504587155965,-0.1676300578034682,,no_positive
without_billing_zip,LogisticRegression_SMOTE,resampled,zip_value,6065,1,0,0.0,0,0.0,0,0,0,1,,,,,0.30169230737752645,0.1676300578034682,0.26605504587155965,,,no_positive
without_billing_zip,LogisticRegression_SMOTE,resampled,zip_value,6091,1,0,0.0,0,0.0,0,0,0,1,,,,,0.14358389866916949,0.1676300578034682,0.26605504587155965,,,no_positive
without_billing_zip,LogisticRegression_SMOTE,resampled,zip_value,6102,1,0,0.0,0,0.0,0,0,0,1,,,,,0.29339250944892203,0.1676300578034682,0.26605504587155965,,,no_positive
without_billing_zip,LogisticRegression_SMOTE,resampled,zip_value,6138,1,0,0.0,0,0.0,0,0,0,1,,,,,0.18930941072611912,0.1676300578034682,0.26605504587155965,,,no_positive
without_billing_zip,LogisticRegression_SMOTE,resampled,zip_value,6140,1,0,0.0,0,0.0,0,0,0,1,,,,,0.327567583411695,0.1676300578034682,0.26605504587155965,,,no_positive
without_billing_zip,LogisticRegression_SMOTE,resampled,zip_value,6145,1,0,0.0,1,1.0,0,1,0,0,0.0,,0.0,,0.519820843217923,0.1676300578034682,0.26605504587155965,-0.1676300578034682,,no_positive
without_billing_zip,LogisticRegression_SMOTE,resampled,zip_value,6148,1,0,0.0,0,0.0,0,0,0,1,,,,,0.3839605204944284,0.1676300578034682,0.26605504587155965,,,no_positive
without_billing_zip,LogisticRegression_SMOTE,resampled,zip_value,6150,1,0,0.0,0,0.0,0,0,0,1,,,,,0.37080559923731776,0.1676300578034682,0.26605504587155965,,,no_positive
without_billing_zip,LogisticRegression_SMOTE,resampled,zip_value,6155,1,0,0.0,0,0.0,0,0,0,1,,,,,0.16307509994433364,0.1676300578034682,0.26605504587155965,,,no_positive
without_billing_zip,LogisticRegression_SMOTE,resampled,zip_value,6158,1,0,0.0,0,0.0,0,0,0,1,,,,,0.32848025412726306,0.1676300578034682,0.26605504587155965,,,no_positive
without_billing_zip,LogisticRegression_SMOTE,resampled,zip_value,6159,1,0,0.0,1,1.0,0,1,0,0,0.0,,0.0,,0.5710858546575606,0.1676300578034682,0.26605504587155965,-0.1676300578034682,,no_positive
without_billing_zip,LogisticRegression_SMOTE,resampled,zip_value,6163,1,0,0.0,1,1.0,0,1,0,0,0.0,,0.0,,0.6712575586382785,0.1676300578034682,0.26605504587155965,-0.1676300578034682,,no_positive
without_billing_zip,LogisticRegression_SMOTE,resampled,zip_value,6167,1,0,0.0,0,0.0,0,0,0,1,,,,,0.22415328721982813,0.1676300578034682,0.26605504587155965,,,no_positive
without_billing_zip,LogisticRegression_SMOTE,resampled,zip_value,6175,1,0,0.0,0,0.0,0,0,0,1,,,,,0.0013113420911340106,0.1676300578034682,0.26605504587155965,,,no_positive
without_billing_zip,LogisticRegression_SMOTE,resampled,zip_value,6180,1,0,0.0,0,0.0,0,0,0,1,,,,,0.29232826514454535,0.1676300578034682,0.26605504587155965,,,no_positive
without_billing_zip,LogisticRegression_SMOTE,resampled,zip_value,6190,1,0,0.0,0,0.0,0,0,0,1,,,,,0.30485099365948776,0.1676300578034682,0.26605504587155965,,,no_positive
without_billing_zip,LogisticRegression_SMOTE,resampled,zip_value,6199,1,0,0.0,0,0.0,0,0,0,1,,,,,0.33998275232500735,0.1676300578034682,0.26605504587155965,,,no_positive
without_billing_zip,LogisticRegression_SMOTE,resampled,zip_value,6215,1,0,0.0,1,1.0,0,1,0,0,0.0,,0.0,,0.5150767845569828,0.1676300578034682,0.26605504587155965,-0.1676300578034682,,no_positive
without_billing_zip,LogisticRegression_SMOTE,resampled,zip_value,6250,1,0,0.0,0,0.0,0,0,0,1,,,,,0.4446411065465787,0.1676300578034682,0.26605504587155965,,,no_positive
without_billing_zip,LogisticRegression_SMOTE,resampled,zip_value,6269,1,0,0.0,1,1.0,0,1,0,0,0.0,,0.0,,0.5856692756674123,0.1676300578034682,0.26605504587155965,-0.1676300578034682,,no_positive
without_billing_zip,LogisticRegression_SMOTE,resampled,zip_value,6270,1,0,0.0,0,0.0,0,0,0,1,,,,,0.2558229249676097,0.1676300578034682,0.26605504587155965,,,no_positive
without_billing_zip,LogisticRegression_SMOTE,resampled,zip_value,6272,1,0,0.0,0,0.0,0,0,0,1,,,,,0.32559344044863153,0.1676300578034682,0.26605504587155965,,,no_positive
without_billing_zip,LogisticRegression_SMOTE,resampled,zip_value,6285,1,0,0.0,0,0.0,0,0,0,1,,,,,0.28401996430191734,0.1676300578034682,0.26605504587155965,,,no_positive
without_billing_zip,LogisticRegression_SMOTE,resampled,zip_value,6292,1,0,0.0,0,0.0,0,0,0,1,,,,,0.2523590814191583,0.1676300578034682,0.26605504587155965,,,no_positive
without_billing_zip,LogisticRegression_SMOTE,resampled,zip_value,6304,1,0,0.0,1,1.0,0,1,0,0,0.0,,0.0,,0.5193159332972344,0.1676300578034682,0.26605504587155965,-0.1676300578034682,,no_positive
without_billing_zip,LogisticRegression_SMOTE,resampled,zip_value,6343,1,0,0.0,1,1.0,0,1,0,0,0.0,,0.0,,0.5735676017405651,0.1676300578034682,0.26605504587155965,-0.1676300578034682,,no_positive
without_billing_zip,LogisticRegression_SMOTE,resampled,zip_value,6437,1,0,0.0,0,0.0,0,0,0,1,,,,,0.25664940958987964,0.1676300578034682,0.26605504587155965,,,no_positive
without_billing_zip,LogisticRegression_SMOTE,resampled,zip_value,6465,1,0,0.0,0,0.0,0,0,0,1,,,,,0.24548405021507863,0.1676300578034682,0.26605504587155965,,,no_positive
without_billing_zip,LogisticRegression_SMOTE,resampled,zip_value,6649,1,0,0.0,0,0.0,0,0,0,1,,,,,0.19206033187872285,0.1676300578034682,0.26605504587155965,,,no_positive
without_billing_zip,LogisticRegression_SMOTE,resampled,zip_value,6701,1,0,0.0,0,0.0,0,0,0,1,,,,,0.27993916821084014,0.1676300578034682,0.26605504587155965,,,no_positive
without_billing_zip,LogisticRegression_SMOTE,resampled,zip_value,6770,1,0,0.0,0,0.0,0,0,0,1,,,,,0.24222960271547334,0.1676300578034682,0.26605504587155965,,,no_positive
without_billing_zip,LogisticRegression_SMOTE,resampled,zip_value,6826,1,0,0.0,0,0.0,0,0,0,1,,,,,0.2566410453933288,0.1676300578034682,0.26605504587155965,,,no_positive
without_billing_zip,LogisticRegression_SMOTE,resampled,zip_value,6860,1,0,0.0,0,0.0,0,0,0,1,,,,,0.11256843067502532,0.1676300578034682,0.26605504587155965,,,no_positive
without_billing_zip,LogisticRegression_SMOTE,resampled,zip_value,7007,1,0,0.0,0,0.0,0,0,0,1,,,,,7.188649635601496e-09,0.1676300578034682,0.26605504587155965,,,no_positive
without_billing_zip,LogisticRegression_SMOTE,resampled,zip_value,8241,1,0,0.0,0,0.0,0,0,0,1,,,,,0.24785756873308395,0.1676300578034682,0.26605504587155965,,,no_positive
without_billing_zip,LogisticRegression_SMOTE,resampled,zip_value,8260,1,0,0.0,0,0.0,0,0,0,1,,,,,0.17779940694852558,0.1676300578034682,0.26605504587155965,,,no_positive
without_billing_zip,LogisticRegression_SMOTE,resampled,zip_value,8444,1,0,0.0,1,1.0,0,1,0,0,0.0,,0.0,,0.5898658547633625,0.1676300578034682,0.26605504587155965,-0.1676300578034682,,no_positive
without_billing_zip,LogisticRegression_SMOTE,resampled,zip_value,8470,1,0,0.0,0,0.0,0,0,0,1,,,,,0.19968024155714692,0.1676300578034682,0.26605504587155965,,,no_positive
without_billing_zip,LogisticRegression_SMOTE,resampled,zip_value,8939,1,0,0.0,0,0.0,0,0,0,1,,,,,0.47238028707399005,0.1676300578034682,0.26605504587155965,,,no_positive
without_billing_zip,LogisticRegression_SMOTE,resampled,zip_value,8948,1,0,0.0,1,1.0,0,1,0,0,0.0,,0.0,,0.5492625639605264,0.1676300578034682,0.26605504587155965,-0.1676300578034682,,no_positive
with_billing_zip,EasyEnsemble_original,original,zip_value,4000,363,28,0.07713498622589532,182,0.5013774104683195,17,165,11,170,0.1619047619047619,0.6071428571428571,0.09340659340659341,0.16287714022643196,0.49146919558630947,0.1283851554663992,0.5871559633027523,0.033519606438362715,0.01998689384010477,stable
with_billing_zip,EasyEnsemble_original,original,zip_value,6000,217,7,0.03225806451612903,95,0.4377880184331797,3,92,4,118,0.058823529411764705,0.42857142857142855,0.031578947368421054,0.05682235552779684,0.4784104270063134,0.1283851554663992,0.5871559633027523,-0.06956162605463449,-0.15858453473132378,stable
with_billing_zip,EasyEnsemble_original,original,zip_value,4400,83,7,0.08433734939759036,43,0.5180722891566265,3,40,4,36,0.12,0.42857142857142855,0.06976744186046512,0.23424948948758473,0.4954955337081346,0.1283851554663992,0.5871559633027523,-0.008385155466399202,-0.15858453473132378,stable
with_billing_zip,EasyEnsemble_original,original,zip_value,4003,79,4,0.05063291139240506,44,0.5569620253164557,2,42,2,33,0.08333333333333333,0.5,0.045454545454545456,0.06590752242926157,0.5035266199146737,0.1283851554663992,0.5871559633027523,-0.04505182213306587,-0.08715596330275233,stable
with_billing_zip,EasyEnsemble_original,original,zip_value,6300,71,5,0.07042253521126761,43,0.6056338028169014,3,40,2,26,0.125,0.6,0.06976744186046512,0.14084195997239476,0.49401385788797453,0.1283851554663992,0.5871559633027523,-0.003385155466399198,0.012844036697247652,stable
with_billing_zip,EasyEnsemble_original,original,zip_value,4004,62,6,0.0967741935483871,25,0.4032258064516129,4,21,2,35,0.25806451612903225,0.6666666666666666,0.16,0.22982202982202982,0.4810895576706425,0.1283851554663992,0.5871559633027523,0.12967936066263305,0.0795107033639143,stable
with_billing_zip,EasyEnsemble_original,original,zip_value,4002,61,5,0.08196721311475409,33,0.5409836065573771,2,31,3,25,0.10526315789473684,0.4,0.06060606060606061,0.17232874636801676,0.5004074351406487,0.1283851554663992,0.5871559633027523,-0.02312199757166236,-0.1871559633027523,stable
with_billing_zip,EasyEnsemble_original,original,zip_value,6400,54,2,0.037037037037037035,31,0.5740740740740741,1,30,1,22,0.06060606060606061,0.5,0.03225806451612903,0.046536796536796536,0.5084940605438063,0.1283851554663992,0.5871559633027523,-0.06777909486033859,-0.08715596330275233,stable
with_billing_zip,EasyEnsemble_original,original,zip_value,6100,50,1,0.02,17,0.34,0,17,1,32,0.0,0.0,0.0,0.03571428571428571,0.47352295834383784,0.1283851554663992,0.5871559633027523,-0.1283851554663992,-0.5871559633027523,small_support
with_billing_zip,EasyEnsemble_original,original,zip_value,4230,49,1,0.02040816326530612,27,0.5510204081632653,0,27,1,21,0.0,0.0,0.0,0.023255813953488372,0.5015187262428312,0.1283851554663992,0.5871559633027523,-0.1283851554663992,-0.5871559633027523,small_support
with_billing_zip,EasyEnsemble_original,original,zip_value,4023,48,3,0.0625,24,0.5,3,21,0,24,0.2222222222222222,1.0,0.125,0.24166666666666667,0.4966991898405165,0.1283851554663992,0.5871559633027523,0.09383706675582301,0.4128440366972477,stable
with_billing_zip,EasyEnsemble_original,original,zip_value,6600,46,3,0.06521739130434782,27,0.5869565217391305,3,24,0,19,0.2,1.0,0.1111111111111111,0.13703703703703704,0.5054286854981312,0.1283851554663992,0.5871559633027523,0.07161484453360081,0.4128440366972477,stable
with_billing_zip,EasyEnsemble_original,original,zip_value,4700,30,2,0.06666666666666667,16,0.5333333333333333,2,14,0,14,0.2222222222222222,1.0,0.125,0.125,0.4937429767432014,0.1283851554663992,0.5871559633027523,0.09383706675582301,0.4128440366972477,stable
with_billing_zip,EasyEnsemble_original,original,zip_value,6500,25,0,0.0,17,0.68,0,17,0,8,0.0,,0.0,,0.5108171652488896,0.1283851554663992,0.5871559633027523,-0.1283851554663992,,no_positive
with_billing_zip,EasyEnsemble_original,original,zip_value,4500,23,1,0.043478260869565216,14,0.6086956521739131,0,14,1,8,0.0,0.0,0.0,0.045454545454545456,0.5194786102326159,0.1283851554663992,0.5871559633027523,-0.1283851554663992,-0.5871559633027523,small_support
with_billing_zip,EasyEnsemble_original,original,zip_value,4300,22,0,0.0,8,0.36363636363636365,0,8,0,14,0.0,,0.0,,0.4772152373535924,0.1283851554663992,0.5871559633027523,-0.1283851554663992,,no_positive
with_billing_zip,EasyEnsemble_original,original,zip_value,4600,21,2,0.09523809523809523,10,0.47619047619047616,1,9,1,10,0.16666666666666666,0.5,0.1,0.5909090909090909,0.48851207884657055,0.1283851554663992,0.5871559633027523,0.03828151120026746,-0.08715596330275233,stable
with_billing_zip,EasyEnsemble_original,original,zip_value,6450,19,2,0.10526315789473684,13,0.6842105263157895,2,11,0,6,0.26666666666666666,1.0,0.15384615384615385,0.2111111111111111,0.5073933949312801,0.1283851554663992,0.5871559633027523,0.13828151120026747,0.4128440366972477,small_support
with_billing_zip,EasyEnsemble_original,original,zip_value,4006,13,3,0.23076923076923078,6,0.46153846153846156,1,5,2,5,0.2222222222222222,0.3333333333333333,0.16666666666666666,0.2435897435897436,0.4787934164276519,0.1283851554663992,0.5871559633027523,0.09383706675582301,-0.253822629969419,small_support
with_billing_zip,EasyEnsemble_original,original,zip_value,4270,12,1,0.08333333333333333,7,0.5833333333333334,0,7,1,4,0.0,0.0,0.0,0.1111111111111111,0.5134357051265684,0.1283851554663992,0.5871559633027523,-0.1283851554663992,-0.5871559633027523,small_support
with_billing_zip,EasyEnsemble_original,original,zip_value,4210,11,0,0.0,7,0.6363636363636364,0,7,0,4,0.0,,0.0,,0.5077878063480104,0.1283851554663992,0.5871559633027523,-0.1283851554663992,,no_positive
with_billing_zip,EasyEnsemble_original,original,zip_value,4150,10,1,0.1,5,0.5,0,5,1,4,0.0,0.0,0.0,0.1,0.5012560850994674,0.1283851554663992,0.5871559633027523,-0.1283851554663992,-0.5871559633027523,small_support
with_billing_zip,EasyEnsemble_original,original,zip_value,4550,9,0,0.0,3,0.3333333333333333,0,3,0,6,0.0,,0.0,,0.46538075009764807,0.1283851554663992,0.5871559633027523,-0.1283851554663992,,no_positive
with_billing_zip,EasyEnsemble_original,original,zip_value,4190,7,0,0.0,4,0.5714285714285714,0,4,0,3,0.0,,0.0,,0.5092654025452236,0.1283851554663992,0.5871559633027523,-0.1283851554663992,,no_positive
with_billing_zip,EasyEnsemble_original,original,zip_value,4001,6,1,0.16666666666666666,2,0.3333333333333333,1,1,0,4,0.6666666666666666,1.0,0.5,1.0,0.5018397618790665,0.1283851554663992,0.5871559633027523,0.5382815112002675,0.4128440366972477,small_support
with_billing_zip,EasyEnsemble_original,original,zip_value,4020,6,0,0.0,5,0.8333333333333334,0,5,0,1,0.0,,0.0,,0.530768434371986,0.1283851554663992,0.5871559633027523,-0.1283851554663992,,no_positive
with_billing_zip,EasyEnsemble_original,original,zip_value,4180,6,0,0.0,3,0.5,0,3,0,3,0.0,,0.0,,0.5291131621456578,0.1283851554663992,0.5871559633027523,-0.1283851554663992,,no_positive
with_billing_zip,EasyEnsemble_original,original,zip_value,4220,6,0,0.0,3,0.5,0,3,0,3,0.0,,0.0,,0.5098680659904685,0.1283851554663992,0.5871559633027523,-0.1283851554663992,,no_positive
with_billing_zip,EasyEnsemble_original,original,zip_value,4640,6,0,0.0,3,0.5,0,3,0,3,0.0,,0.0,,0.49685413448655574,0.1283851554663992,0.5871559633027523,-0.1283851554663992,,no_positive
with_billing_zip,EasyEnsemble_original,original,zip_value,6550,6,0,0.0,5,0.8333333333333334,0,5,0,1,0.0,,0.0,,0.5171343798626521,0.1283851554663992,0.5871559633027523,-0.1283851554663992,,no_positive
with_billing_zip,EasyEnsemble_original,original,zip_value,6800,6,0,0.0,5,0.8333333333333334,0,5,0,1,0.0,,0.0,,0.5757353243517883,0.1283851554663992,0.5871559633027523,-0.1283851554663992,,no_positive
with_billing_zip,EasyEnsemble_original,original,zip_value,4199,5,1,0.2,5,1.0,1,4,0,0,0.3333333333333333,1.0,0.2,0.25,0.5555153813721891,0.1283851554663992,0.5871559633027523,0.20494817786693412,0.4128440366972477,small_support
with_billing_zip,EasyEnsemble_original,original,zip_value,4850,5,1,0.2,3,0.6,1,2,0,2,0.5,1.0,0.3333333333333333,0.3333333333333333,0.49333837651270473,0.1283851554663992,0.5871559633027523,0.37161484453360083,0.4128440366972477,small_support
with_billing_zip,EasyEnsemble_original,original,zip_value,4101,5,0,0.0,3,0.6,0,3,0,2,0.0,,0.0,,0.5046656011921762,0.1283851554663992,0.5871559633027523,-0.1283851554663992,,no_positive
with_billing_zip,EasyEnsemble_original,original,zip_value,4225,5,0,0.0,3,0.6,0,3,0,2,0.0,,0.0,,0.5287024895578248,0.1283851554663992,0.5871559633027523,-0.1283851554663992,,no_positive
with_billing_zip,EasyEnsemble_original,original,zip_value,4330,4,1,0.25,0,0.0,0,0,1,3,0.0,0.0,,0.5,0.43269411763404847,0.1283851554663992,0.5871559633027523,-0.1283851554663992,-0.5871559633027523,small_support
with_billing_zip,EasyEnsemble_original,original,zip_value,6570,4,1,0.25,3,0.75,0,3,1,0,0.0,0.0,0.0,0.25,0.5244112466621865,0.1283851554663992,0.5871559633027523,-0.1283851554663992,-0.5871559633027523,small_support
with_billing_zip,EasyEnsemble_original,original,zip_value,4017,4,0,0.0,3,0.75,0,3,0,1,0.0,,0.0,,0.5236356772192935,0.1283851554663992,0.5871559633027523,-0.1283851554663992,,no_positive
with_billing_zip,EasyEnsemble_original,original,zip_value,4137,4,0,0.0,4,1.0,0,4,0,0,0.0,,0.0,,0.5917869667413913,0.1283851554663992,0.5871559633027523,-0.1283851554663992,,no_positive
with_billing_zip,EasyEnsemble_original,original,zip_value,4147,4,0,0.0,1,0.25,0,1,0,3,0.0,,0.0,,0.4703929780404781,0.1283851554663992,0.5871559633027523,-0.1283851554663992,,no_positive
with_billing_zip,EasyEnsemble_original,original,zip_value,4490,4,0,0.0,3,0.75,0,3,0,1,0.0,,0.0,,0.5317676237393899,0.1283851554663992,0.5871559633027523,-0.1283851554663992,,no_positive
with_billing_zip,EasyEnsemble_original,original,zip_value,6200,4,0,0.0,3,0.75,0,3,0,1,0.0,,0.0,,0.5413821722286618,0.1283851554663992,0.5871559633027523,-0.1283851554663992,,no_positive
with_billing_zip,EasyEnsemble_original,original,zip_value,6280,4,0,0.0,2,0.5,0,2,0,2,0.0,,0.0,,0.4795763687431339,0.1283851554663992,0.5871559633027523,-0.1283851554663992,,no_positive
with_billing_zip,EasyEnsemble_original,original,zip_value,4107,3,1,0.3333333333333333,3,1.0,1,2,0,0,0.5,1.0,0.3333333333333333,0.3333333333333333,0.5560787564751152,0.1283851554663992,0.5871559633027523,0.37161484453360083,0.4128440366972477,small_support
with_billing_zip,EasyEnsemble_original,original,zip_value,4109,3,1,0.3333333333333333,2,0.6666666666666666,0,2,1,0,0.0,0.0,0.0,0.3333333333333333,0.5039374824994179,0.1283851554663992,0.5871559633027523,-0.1283851554663992,-0.5871559633027523,small_support
with_billing_zip,EasyEnsemble_original,original,zip_value,4581,3,1,0.3333333333333333,3,1.0,1,2,0,0,0.5,1.0,0.3333333333333333,0.3333333333333333,0.5660349314347978,0.1283851554663992,0.5871559633027523,0.37161484453360083,0.4128440366972477,small_support
with_billing_zip,EasyEnsemble_original,original,zip_value,6260,3,1,0.3333333333333333,1,0.3333333333333333,0,1,1,1,0.0,0.0,0.0,0.3333333333333333,0.5032666625678025,0.1283851554663992,0.5871559633027523,-0.1283851554663992,-0.5871559633027523,small_support
with_billing_zip,EasyEnsemble_original,original,zip_value,6900,3,1,0.3333333333333333,2,0.6666666666666666,1,1,0,1,0.6666666666666666,1.0,0.5,1.0,0.5894288729329579,0.1283851554663992,0.5871559633027523,0.5382815112002675,0.4128440366972477,small_support
with_billing_zip,EasyEnsemble_original,original,zip_value,4016,3,0,0.0,3,1.0,0,3,0,0,0.0,,0.0,,0.5914941417562389,0.1283851554663992,0.5871559633027523,-0.1283851554663992,,no_positive
with_billing_zip,EasyEnsemble_original,original,zip_value,4108,3,0,0.0,2,0.6666666666666666,0,2,0,1,0.0,,0.0,,0.5073392691034394,0.1283851554663992,0.5871559633027523,-0.1283851554663992,,no_positive
with_billing_zip,EasyEnsemble_original,original,zip_value,4130,3,0,0.0,1,0.3333333333333333,0,1,0,2,0.0,,0.0,,0.48392084492313664,0.1283851554663992,0.5871559633027523,-0.1283851554663992,,no_positive
with_billing_zip,EasyEnsemble_original,original,zip_value,4197,3,0,0.0,0,0.0,0,0,0,3,,,,,0.4524309529014614,0.1283851554663992,0.5871559633027523,,,no_positive
with_billing_zip,EasyEnsemble_original,original,zip_value,4224,3,0,0.0,1,0.3333333333333333,0,1,0,2,0.0,,0.0,,0.48077294917836305,0.1283851554663992,0.5871559633027523,-0.1283851554663992,,no_positive
with_billing_zip,EasyEnsemble_original,original,zip_value,4409,3,0,0.0,1,0.3333333333333333,0,1,0,2,0.0,,0.0,,0.46817916823735617,0.1283851554663992,0.5871559633027523,-0.1283851554663992,,no_positive
with_billing_zip,EasyEnsemble_original,original,zip_value,4579,3,0,0.0,1,0.3333333333333333,0,1,0,2,0.0,,0.0,,0.46741593078615673,0.1283851554663992,0.5871559633027523,-0.1283851554663992,,no_positive
with_billing_zip,EasyEnsemble_original,original,zip_value,4800,3,0,0.0,0,0.0,0,0,0,3,,,,,0.4689480471689185,0.1283851554663992,0.5871559633027523,,,no_positive
with_billing_zip,EasyEnsemble_original,original,zip_value,6750,3,0,0.0,2,0.6666666666666666,0,2,0,1,0.0,,0.0,,0.5582863232874506,0.1283851554663992,0.5871559633027523,-0.1283851554663992,,no_positive
with_billing_zip,EasyEnsemble_original,original,zip_value,4241,2,1,0.5,2,1.0,1,1,0,0,0.6666666666666666,1.0,0.5,0.5,0.6067133457007626,0.1283851554663992,0.5871559633027523,0.5382815112002675,0.4128440366972477,small_support
with_billing_zip,EasyEnsemble_original,original,zip_value,4770,2,1,0.5,2,1.0,1,1,0,0,0.6666666666666666,1.0,0.5,0.5,0.5587849515784833,0.1283851554663992,0.5871559633027523,0.5382815112002675,0.4128440366972477,small_support
with_billing_zip,EasyEnsemble_original,original,zip_value,4830,2,1,0.5,2,1.0,1,1,0,0,0.6666666666666666,1.0,0.5,1.0,0.5338876116150604,0.1283851554663992,0.5871559633027523,0.5382815112002675,0.4128440366972477,small_support
with_billing_zip,EasyEnsemble_original,original,zip_value,6884,2,1,0.5,2,1.0,1,1,0,0,0.6666666666666666,1.0,0.5,1.0,0.5985501951813792,0.1283851554663992,0.5871559633027523,0.5382815112002675,0.4128440366972477,small_support
with_billing_zip,EasyEnsemble_original,original,zip_value,1000,2,0,0.0,2,1.0,0,2,0,0,0.0,,0.0,,0.5766227709966711,0.1283851554663992,0.5871559633027523,-0.1283851554663992,,no_positive
with_billing_zip,EasyEnsemble_original,original,zip_value,1505,2,0,0.0,1,0.5,0,1,0,1,0.0,,0.0,,0.5215841478806047,0.1283851554663992,0.5871559633027523,-0.1283851554663992,,no_positive
with_billing_zip,EasyEnsemble_original,original,zip_value,4015,2,0,0.0,1,0.5,0,1,0,1,0.0,,0.0,,0.5150267736595997,0.1283851554663992,0.5871559633027523,-0.1283851554663992,,no_positive
with_billing_zip,EasyEnsemble_original,original,zip_value,4027,2,0,0.0,1,0.5,0,1,0,1,0.0,,0.0,,0.49408075223398396,0.1283851554663992,0.5871559633027523,-0.1283851554663992,,no_positive
with_billing_zip,EasyEnsemble_original,original,zip_value,4110,2,0,0.0,1,0.5,0,1,0,1,0.0,,0.0,,0.49895406022370525,0.1283851554663992,0.5871559633027523,-0.1283851554663992,,no_positive
with_billing_zip,EasyEnsemble_original,original,zip_value,4113,2,0,0.0,1,0.5,0,1,0,1,0.0,,0.0,,0.4767763067374604,0.1283851554663992,0.5871559633027523,-0.1283851554663992,,no_positive
with_billing_zip,EasyEnsemble_original,original,zip_value,4120,2,0,0.0,2,1.0,0,2,0,0,0.0,,0.0,,0.5332683476585942,0.1283851554663992,0.5871559633027523,-0.1283851554663992,,no_positive
with_billing_zip,EasyEnsemble_original,original,zip_value,4121,2,0,0.0,1,0.5,0,1,0,1,0.0,,0.0,,0.4835514539933688,0.1283851554663992,0.5871559633027523,-0.1283851554663992,,no_positive
with_billing_zip,EasyEnsemble_original,original,zip_value,4142,2,0,0.0,1,0.5,0,1,0,1,0.0,,0.0,,0.5026411751492939,0.1283851554663992,0.5871559633027523,-0.1283851554663992,,no_positive
with_billing_zip,EasyEnsemble_original,original,zip_value,4173,2,0,0.0,1,0.5,0,1,0,1,0.0,,0.0,,0.49610390982675434,0.1283851554663992,0.5871559633027523,-0.1283851554663992,,no_positive
with_billing_zip,EasyEnsemble_original,original,zip_value,4218,2,0,0.0,2,1.0,0,2,0,0,0.0,,0.0,,0.5432027025130362,0.1283851554663992,0.5871559633027523,-0.1283851554663992,,no_positive
with_billing_zip,EasyEnsemble_original,original,zip_value,4288,2,0,0.0,1,0.5,0,1,0,1,0.0,,0.0,,0.54282530523318,0.1283851554663992,0.5871559633027523,-0.1283851554663992,,no_positive
with_billing_zip,EasyEnsemble_original,original,zip_value,4407,2,0,0.0,1,0.5,0,1,0,1,0.0,,0.0,,0.49675967493633016,0.1283851554663992,0.5871559633027523,-0.1283851554663992,,no_positive
with_billing_zip,EasyEnsemble_original,original,zip_value,4492,2,0,0.0,2,1.0,0,2,0,0,0.0,,0.0,,0.5780843662640276,0.1283851554663992,0.5871559633027523,-0.1283851554663992,,no_positive
with_billing_zip,EasyEnsemble_original,original,zip_value,4580,2,0,0.0,2,1.0,0,2,0,0,0.0,,0.0,,0.5907320904640525,0.1283851554663992,0.5871559633027523,-0.1283851554663992,,no_positive
with_billing_zip,EasyEnsemble_original,original,zip_value,4601,2,0,0.0,2,1.0,0,2,0,0,0.0,,0.0,,0.527809873082131,0.1283851554663992,0.5871559633027523,-0.1283851554663992,,no_positive
with_billing_zip,EasyEnsemble_original,original,zip_value,4641,2,0,0.0,1,0.5,0,1,0,1,0.0,,0.0,,0.5179018746724067,0.1283851554663992,0.5871559633027523,-0.1283851554663992,,no_positive
with_billing_zip,EasyEnsemble_original,original,zip_value,4900,2,0,0.0,1,0.5,0,1,0,1,0.0,,0.0,,0.42567739352212464,0.1283851554663992,0.5871559633027523,-0.1283851554663992,,no_positive
with_billing_zip,EasyEnsemble_original,original,zip_value,4980,2,0,0.0,0,0.0,0,0,0,2,,,,,0.4120123516658239,0.1283851554663992,0.5871559633027523,,,no_positive
with_billing_zip,EasyEnsemble_original,original,zip_value,6001,2,0,0.0,1,0.5,0,1,0,1,0.0,,0.0,,0.5095723987165246,0.1283851554663992,0.5871559633027523,-0.1283851554663992,,no_positive
with_billing_zip,EasyEnsemble_original,original,zip_value,6058,2,0,0.0,2,1.0,0,2,0,0,0.0,,0.0,,0.6328012192904493,0.1283851554663992,0.5871559633027523,-0.1283851554663992,,no_positive
with_billing_zip,EasyEnsemble_original,original,zip_value,6420,2,0,0.0,2,1.0,0,2,0,0,0.0,,0.0,,0.5723102605029283,0.1283851554663992,0.5871559633027523,-0.1283851554663992,,no_positive
with_billing_zip,EasyEnsemble_original,original,zip_value,6558,2,0,0.0,2,1.0,0,2,0,0,0.0,,0.0,,0.6183232097088314,0.1283851554663992,0.5871559633027523,-0.1283851554663992,,no_positive
with_billing_zip,EasyEnsemble_original,original,zip_value,1784,1,1,1.0,1,1.0,1,0,0,0,1.0,1.0,1.0,1.0,0.6189641176207731,0.1283851554663992,0.5871559633027523,0.8716148445336008,0.4128440366972477,small_support
with_billing_zip,EasyEnsemble_original,original,zip_value,4160,1,1,1.0,1,1.0,1,0,0,0,1.0,1.0,1.0,1.0,0.576349252463487,0.1283851554663992,0.5871559633027523,0.8716148445336008,0.4128440366972477,small_support
with_billing_zip,EasyEnsemble_original,original,zip_value,4250,1,1,1.0,1,1.0,1,0,0,0,1.0,1.0,1.0,1.0,0.5668988747191211,0.1283851554663992,0.5871559633027523,0.8716148445336008,0.4128440366972477,small_support
with_billing_zip,EasyEnsemble_original,original,zip_value,4632,1,1,1.0,0,0.0,0,0,1,0,0.0,0.0,,1.0,0.43797104131071274,0.1283851554663992,0.5871559633027523,-0.1283851554663992,-0.5871559633027523,small_support
with_billing_zip,EasyEnsemble_original,original,zip_value,4638,1,1,1.0,0,0.0,0,0,1,0,0.0,0.0,,1.0,0.4705230578762933,0.1283851554663992,0.5871559633027523,-0.1283851554663992,-0.5871559633027523,small_support
with_billing_zip,EasyEnsemble_original,original,zip_value,4750,1,1,1.0,0,0.0,0,0,1,0,0.0,0.0,,1.0,0.4719164653321372,0.1283851554663992,0.5871559633027523,-0.1283851554663992,-0.5871559633027523,small_support
with_billing_zip,EasyEnsemble_original,original,zip_value,6097,1,1,1.0,0,0.0,0,0,1,0,0.0,0.0,,1.0,0.4612907659139881,0.1283851554663992,0.5871559633027523,-0.1283851554663992,-0.5871559633027523,small_support
with_billing_zip,EasyEnsemble_original,original,zip_value,6160,1,1,1.0,1,1.0,1,0,0,0,1.0,1.0,1.0,1.0,0.5157191591157197,0.1283851554663992,0.5871559633027523,0.8716148445336008,0.4128440366972477,small_support
with_billing_zip,EasyEnsemble_original,original,zip_value,6670,1,1,1.0,1,1.0,1,0,0,0,1.0,1.0,1.0,1.0,0.6109805810979544,0.1283851554663992,0.5871559633027523,0.8716148445336008,0.4128440366972477,small_support
with_billing_zip,EasyEnsemble_original,original,zip_value,7800,1,1,1.0,1,1.0,1,0,0,0,1.0,1.0,1.0,1.0,0.6531923146582811,0.1283851554663992,0.5871559633027523,0.8716148445336008,0.4128440366972477,small_support
with_billing_zip,EasyEnsemble_original,original,zip_value,8000,1,1,1.0,1,1.0,1,0,0,0,1.0,1.0,1.0,1.0,0.5663078362308157,0.1283851554663992,0.5871559633027523,0.8716148445336008,0.4128440366972477,small_support
with_billing_zip,EasyEnsemble_original,original,zip_value,1303,1,0,0.0,1,1.0,0,1,0,0,0.0,,0.0,,0.5214259577199621,0.1283851554663992,0.5871559633027523,-0.1283851554663992,,no_positive
with_billing_zip,EasyEnsemble_original,original,zip_value,1618,1,0,0.0,1,1.0,0,1,0,0,0.0,,0.0,,0.6060373159838169,0.1283851554663992,0.5871559633027523,-0.1283851554663992,,no_positive
with_billing_zip,EasyEnsemble_original,original,zip_value,2240,1,0,0.0,1,1.0,0,1,0,0,0.0,,0.0,,0.6877178749518944,0.1283851554663992,0.5871559633027523,-0.1283851554663992,,no_positive
with_billing_zip,EasyEnsemble_original,original,zip_value,3500,1,0,0.0,1,1.0,0,1,0,0,0.0,,0.0,,0.5993225655524823,0.1283851554663992,0.5871559633027523,-0.1283851554663992,,no_positive
with_billing_zip,EasyEnsemble_original,original,zip_value,4009,1,0,0.0,1,1.0,0,1,0,0,0.0,,0.0,,0.613243938865089,0.1283851554663992,0.5871559633027523,-0.1283851554663992,,no_positive
with_billing_zip,EasyEnsemble_original,original,zip_value,4013,1,0,0.0,0,0.0,0,0,0,1,,,,,0.46481446578491364,0.1283851554663992,0.5871559633027523,,,no_positive
with_billing_zip,EasyEnsemble_original,original,zip_value,4019,1,0,0.0,1,1.0,0,1,0,0,0.0,,0.0,,0.6080197571370748,0.1283851554663992,0.5871559633027523,-0.1283851554663992,,no_positive
with_billing_zip,EasyEnsemble_original,original,zip_value,4024,1,0,0.0,1,1.0,0,1,0,0,0.0,,0.0,,0.6073573176080928,0.1283851554663992,0.5871559633027523,-0.1283851554663992,,no_positive
with_billing_zip,EasyEnsemble_original,original,zip_value,4111,1,0,0.0,1,1.0,0,1,0,0,0.0,,0.0,,0.5668988747191211,0.1283851554663992,0.5871559633027523,-0.1283851554663992,,no_positive
with_billing_zip,EasyEnsemble_original,original,zip_value,4112,1,0,0.0,0,0.0,0,0,0,1,,,,,0.4405882894960052,0.1283851554663992,0.5871559633027523,,,no_positive
with_billing_zip,EasyEnsemble_original,original,zip_value,4124,1,0,0.0,1,1.0,0,1,0,0,0.0,,0.0,,0.58727077592279,0.1283851554663992,0.5871559633027523,-0.1283851554663992,,no_positive
with_billing_zip,EasyEnsemble_original,original,zip_value,4127,1,0,0.0,1,1.0,0,1,0,0,0.0,,0.0,,0.6364728857842537,0.1283851554663992,0.5871559633027523,-0.1283851554663992,,no_positive
with_billing_zip,EasyEnsemble_original,original,zip_value,4131,1,0,0.0,0,0.0,0,0,0,1,,,,,0.41513654485321655,0.1283851554663992,0.5871559633027523,,,no_positive
with_billing_zip,EasyEnsemble_original,original,zip_value,4135,1,0,0.0,0,0.0,0,0,0,1,,,,,0.46288182491660124,0.1283851554663992,0.5871559633027523,,,no_positive
with_billing_zip,EasyEnsemble_original,original,zip_value,4144,1,0,0.0,0,0.0,0,0,0,1,,,,,0.44039283647227095,0.1283851554663992,0.5871559633027523,,,no_positive
with_billing_zip,EasyEnsemble_original,original,zip_value,4151,1,0,0.0,0,0.0,0,0,0,1,,,,,0.4302336124519008,0.1283851554663992,0.5871559633027523,,,no_positive
with_billing_zip,EasyEnsemble_original,original,zip_value,4161,1,0,0.0,1,1.0,0,1,0,0,0.0,,0.0,,0.6608506304312156,0.1283851554663992,0.5871559633027523,-0.1283851554663992,,no_positive
with_billing_zip,EasyEnsemble_original,original,zip_value,4172,1,0,0.0,1,1.0,0,1,0,0,0.0,,0.0,,0.5109210878847035,0.1283851554663992,0.5871559633027523,-0.1283851554663992,,no_positive
with_billing_zip,EasyEnsemble_original,original,zip_value,4175,1,0,0.0,1,1.0,0,1,0,0,0.0,,0.0,,0.6586486525296611,0.1283851554663992,0.5871559633027523,-0.1283851554663992,,no_positive
with_billing_zip,EasyEnsemble_original,original,zip_value,4179,1,0,0.0,1,1.0,0,1,0,0,0.0,,0.0,,0.5993225655524823,0.1283851554663992,0.5871559633027523,-0.1283851554663992,,no_positive
with_billing_zip,EasyEnsemble_original,original,zip_value,4191,1,0,0.0,0,0.0,0,0,0,1,,,,,0.46161375862647924,0.1283851554663992,0.5871559633027523,,,no_positive
with_billing_zip,EasyEnsemble_original,original,zip_value,4198,1,0,0.0,0,0.0,0,0,0,1,,,,,0.4302336124519008,0.1283851554663992,0.5871559633027523,,,no_positive
with_billing_zip,EasyEnsemble_original,original,zip_value,4203,1,0,0.0,1,1.0,0,1,0,0,0.0,,0.0,,0.5847879369625716,0.1283851554663992,0.5871559633027523,-0.1283851554663992,,no_positive
with_billing_zip,EasyEnsemble_original,original,zip_value,4207,1,0,0.0,1,1.0,0,1,0,0,0.0,,0.0,,0.6284350666556842,0.1283851554663992,0.5871559633027523,-0.1283851554663992,,no_positive
with_billing_zip,EasyEnsemble_original,original,zip_value,4212,1,0,0.0,1,1.0,0,1,0,0,0.0,,0.0,,0.5723505686025314,0.1283851554663992,0.5871559633027523,-0.1283851554663992,,no_positive
with_billing_zip,EasyEnsemble_original,original,zip_value,4219,1,0,0.0,1,1.0,0,1,0,0,0.0,,0.0,,0.5993225655524823,0.1283851554663992,0.5871559633027523,-0.1283851554663992,,no_positive
with_billing_zip,EasyEnsemble_original,original,zip_value,4231,1,0,0.0,0,0.0,0,0,0,1,,,,,0.4285413948911715,0.1283851554663992,0.5871559633027523,,,no_positive
with_billing_zip,EasyEnsemble_original,original,zip_value,4271,1,0,0.0,0,0.0,0,0,0,1,,,,,0.47896535117952094,0.1283851554663992,0.5871559633027523,,,no_positive
with_billing_zip,EasyEnsemble_original,original,zip_value,4290,1,0,0.0,0,0.0,0,0,0,1,,,,,0.43434567239684724,0.1283851554663992,0.5871559633027523,,,no_positive
with_billing_zip,EasyEnsemble_original,original,zip_value,4295,1,0,0.0,0,0.0,0,0,0,1,,,,,0.37726109266462327,0.1283851554663992,0.5871559633027523,,,no_positive
with_billing_zip,EasyEnsemble_original,original,zip_value,4337,1,0,0.0,0,0.0,0,0,0,1,,,,,0.4804098036469499,0.1283851554663992,0.5871559633027523,,,no_positive
with_billing_zip,EasyEnsemble_original,original,zip_value,4340,1,0,0.0,1,1.0,0,1,0,0,0.0,,0.0,,0.6248918935623908,0.1283851554663992,0.5871559633027523,-0.1283851554663992,,no_positive
with_billing_zip,EasyEnsemble_original,original,zip_value,4349,1,0,0.0,0,0.0,0,0,0,1,,,,,0.43434567239684724,0.1283851554663992,0.5871559633027523,,,no_positive
with_billing_zip,EasyEnsemble_original,original,zip_value,4350,1,0,0.0,1,1.0,0,1,0,0,0.0,,0.0,,0.5251737743806315,0.1283851554663992,0.5871559633027523,-0.1283851554663992,,no_positive
with_billing_zip,EasyEnsemble_original,original,zip_value,4357,1,0,0.0,1,1.0,0,1,0,0,0.0,,0.0,,0.528910210940734,0.1283851554663992,0.5871559633027523,-0.1283851554663992,,no_positive
with_billing_zip,EasyEnsemble_original,original,zip_value,4368,1,0,0.0,1,1.0,0,1,0,0,0.0,,0.0,,0.5005748948090281,0.1283851554663992,0.5871559633027523,-0.1283851554663992,,no_positive
with_billing_zip,EasyEnsemble_original,original,zip_value,4405,1,0,0.0,0,0.0,0,0,0,1,,,,,0.4758469687694773,0.1283851554663992,0.5871559633027523,,,no_positive
with_billing_zip,EasyEnsemble_original,original,zip_value,4406,1,0,0.0,1,1.0,0,1,0,0,0.0,,0.0,,0.62340491288547,0.1283851554663992,0.5871559633027523,-0.1283851554663992,,no_positive
with_billing_zip,EasyEnsemble_original,original,zip_value,4408,1,0,0.0,0,0.0,0,0,0,1,,,,,0.483226821619111,0.1283851554663992,0.5871559633027523,,,no_positive
with_billing_zip,EasyEnsemble_original,original,zip_value,4410,1,0,0.0,1,1.0,0,1,0,0,0.0,,0.0,,0.6257094782846009,0.1283851554663992,0.5871559633027523,-0.1283851554663992,,no_positive
with_billing_zip,EasyEnsemble_original,original,zip_value,4441,1,0,0.0,0,0.0,0,0,0,1,,,,,0.48135830466824225,0.1283851554663992,0.5871559633027523,,,no_positive
with_billing_zip,EasyEnsemble_original,original,zip_value,4469,1,0,0.0,0,0.0,0,0,0,1,,,,,0.47420131041286584,0.1283851554663992,0.5871559633027523,,,no_positive
with_billing_zip,EasyEnsemble_original,original,zip_value,4474,1,0,0.0,0,0.0,0,0,0,1,,,,,0.4456333077372309,0.1283851554663992,0.5871559633027523,,,no_positive
with_billing_zip,EasyEnsemble_original,original,zip_value,4477,1,0,0.0,1,1.0,0,1,0,0,0.0,,0.0,,0.6282318266673194,0.1283851554663992,0.5871559633027523,-0.1283851554663992,,no_positive
with_billing_zip,EasyEnsemble_original,original,zip_value,4480,1,0,0.0,1,1.0,0,1,0,0,0.0,,0.0,,0.594779643000693,0.1283851554663992,0.5871559633027523,-0.1283851554663992,,no_positive
with_billing_zip,EasyEnsemble_original,original,zip_value,4491,1,0,0.0,1,1.0,0,1,0,0,0.0,,0.0,,0.577965614643347,0.1283851554663992,0.5871559633027523,-0.1283851554663992,,no_positive
with_billing_zip,EasyEnsemble_original,original,zip_value,4522,1,0,0.0,1,1.0,0,1,0,0,0.0,,0.0,,0.5140984792512466,0.1283851554663992,0.5871559633027523,-0.1283851554663992,,no_positive
with_billing_zip,EasyEnsemble_original,original,zip_value,4530,1,0,0.0,0,0.0,0,0,0,1,,,,,0.4410676099090757,0.1283851554663992,0.5871559633027523,,,no_positive
with_billing_zip,EasyEnsemble_original,original,zip_value,4535,1,0,0.0,1,1.0,0,1,0,0,0.0,,0.0,,0.6235861515039026,0.1283851554663992,0.5871559633027523,-0.1283851554663992,,no_positive
with_billing_zip,EasyEnsemble_original,original,zip_value,4587,1,0,0.0,1,1.0,0,1,0,0,0.0,,0.0,,0.6073573176080928,0.1283851554663992,0.5871559633027523,-0.1283851554663992,,no_positive
with_billing_zip,EasyEnsemble_original,original,zip_value,4701,1,0,0.0,1,1.0,0,1,0,0,0.0,,0.0,,0.5568986898529105,0.1283851554663992,0.5871559633027523,-0.1283851554663992,,no_positive
with_billing_zip,EasyEnsemble_original,original,zip_value,4710,1,0,0.0,0,0.0,0,0,0,1,,,,,0.4285413948911715,0.1283851554663992,0.5871559633027523,,,no_positive
with_billing_zip,EasyEnsemble_original,original,zip_value,4801,1,0,0.0,1,1.0,0,1,0,0,0.0,,0.0,,0.5316806970430548,0.1283851554663992,0.5871559633027523,-0.1283851554663992,,no_positive
with_billing_zip,EasyEnsemble_original,original,zip_value,4820,1,0,0.0,0,0.0,0,0,0,1,,,,,0.49531543248976384,0.1283851554663992,0.5871559633027523,,,no_positive
with_billing_zip,EasyEnsemble_original,original,zip_value,4942,1,0,0.0,0,0.0,0,0,0,1,,,,,0.47269610065005185,0.1283851554663992,0.5871559633027523,,,no_positive
with_billing_zip,EasyEnsemble_original,original,zip_value,4948,1,0,0.0,1,1.0,0,1,0,0,0.0,,0.0,,0.6103212813053284,0.1283851554663992,0.5871559633027523,-0.1283851554663992,,no_positive
with_billing_zip,EasyEnsemble_original,original,zip_value,4970,1,0,0.0,1,1.0,0,1,0,0,0.0,,0.0,,0.604154468991923,0.1283851554663992,0.5871559633027523,-0.1283851554663992,,no_positive
with_billing_zip,EasyEnsemble_original,original,zip_value,4987,1,0,0.0,0,0.0,0,0,0,1,,,,,0.4518301509946213,0.1283851554663992,0.5871559633027523,,,no_positive
with_billing_zip,EasyEnsemble_original,original,zip_value,4990,1,0,0.0,0,0.0,0,0,0,1,,,,,0.4286946466246929,0.1283851554663992,0.5871559633027523,,,no_positive
with_billing_zip,EasyEnsemble_original,original,zip_value,5780,1,0,0.0,1,1.0,0,1,0,0,0.0,,0.0,,0.5976024117864683,0.1283851554663992,0.5871559633027523,-0.1283851554663992,,no_positive
with_billing_zip,EasyEnsemble_original,original,zip_value,6060,1,0,0.0,0,0.0,0,0,0,1,,,,,0.4548924356066834,0.1283851554663992,0.5871559633027523,,,no_positive
with_billing_zip,EasyEnsemble_original,original,zip_value,6064,1,0,0.0,1,1.0,0,1,0,0,0.0,,0.0,,0.6914523723107523,0.1283851554663992,0.5871559633027523,-0.1283851554663992,,no_positive
with_billing_zip,EasyEnsemble_original,original,zip_value,6065,1,0,0.0,0,0.0,0,0,0,1,,,,,0.4157849618234727,0.1283851554663992,0.5871559633027523,,,no_positive
with_billing_zip,EasyEnsemble_original,original,zip_value,6091,1,0,0.0,0,0.0,0,0,0,1,,,,,0.48239127708072155,0.1283851554663992,0.5871559633027523,,,no_positive
with_billing_zip,EasyEnsemble_original,original,zip_value,6102,1,0,0.0,1,1.0,0,1,0,0,0.0,,0.0,,0.6393183441115594,0.1283851554663992,0.5871559633027523,-0.1283851554663992,,no_positive
with_billing_zip,EasyEnsemble_original,original,zip_value,6138,1,0,0.0,0,0.0,0,0,0,1,,,,,0.4096733980217623,0.1283851554663992,0.5871559633027523,,,no_positive
with_billing_zip,EasyEnsemble_original,original,zip_value,6140,1,0,0.0,1,1.0,0,1,0,0,0.0,,0.0,,0.5377987860904339,0.1283851554663992,0.5871559633027523,-0.1283851554663992,,no_positive
with_billing_zip,EasyEnsemble_original,original,zip_value,6145,1,0,0.0,1,1.0,0,1,0,0,0.0,,0.0,,0.6100166515841182,0.1283851554663992,0.5871559633027523,-0.1283851554663992,,no_positive
with_billing_zip,EasyEnsemble_original,original,zip_value,6148,1,0,0.0,1,1.0,0,1,0,0,0.0,,0.0,,0.5663078362308157,0.1283851554663992,0.5871559633027523,-0.1283851554663992,,no_positive
with_billing_zip,EasyEnsemble_original,original,zip_value,6150,1,0,0.0,1,1.0,0,1,0,0,0.0,,0.0,,0.5663078362308157,0.1283851554663992,0.5871559633027523,-0.1283851554663992,,no_positive
with_billing_zip,EasyEnsemble_original,original,zip_value,6155,1,0,0.0,0,0.0,0,0,0,1,,,,,0.41835055496912066,0.1283851554663992,0.5871559633027523,,,no_positive
with_billing_zip,EasyEnsemble_original,original,zip_value,6158,1,0,0.0,1,1.0,0,1,0,0,0.0,,0.0,,0.5293546156882576,0.1283851554663992,0.5871559633027523,-0.1283851554663992,,no_positive
with_billing_zip,EasyEnsemble_original,original,zip_value,6159,1,0,0.0,1,1.0,0,1,0,0,0.0,,0.0,,0.6260105297345087,0.1283851554663992,0.5871559633027523,-0.1283851554663992,,no_positive
with_billing_zip,EasyEnsemble_original,original,zip_value,6163,1,0,0.0,1,1.0,0,1,0,0,0.0,,0.0,,0.6106222819773828,0.1283851554663992,0.5871559633027523,-0.1283851554663992,,no_positive
with_billing_zip,EasyEnsemble_original,original,zip_value,6167,1,0,0.0,0,0.0,0,0,0,1,,,,,0.49300590040962583,0.1283851554663992,0.5871559633027523,,,no_positive
with_billing_zip,EasyEnsemble_original,original,zip_value,6175,1,0,0.0,1,1.0,0,1,0,0,0.0,,0.0,,0.5713680155311295,0.1283851554663992,0.5871559633027523,-0.1283851554663992,,no_positive
with_billing_zip,EasyEnsemble_original,original,zip_value,6180,1,0,0.0,0,0.0,0,0,0,1,,,,,0.46570387123603235,0.1283851554663992,0.5871559633027523,,,no_positive
with_billing_zip,EasyEnsemble_original,original,zip_value,6190,1,0,0.0,0,0.0,0,0,0,1,,,,,0.4117286183316023,0.1283851554663992,0.5871559633027523,,,no_positive
with_billing_zip,EasyEnsemble_original,original,zip_value,6199,1,0,0.0,1,1.0,0,1,0,0,0.0,,0.0,,0.5293546156882576,0.1283851554663992,0.5871559633027523,-0.1283851554663992,,no_positive
with_billing_zip,EasyEnsemble_original,original,zip_value,6215,1,0,0.0,1,1.0,0,1,0,0,0.0,,0.0,,0.6322468906680709,0.1283851554663992,0.5871559633027523,-0.1283851554663992,,no_positive
with_billing_zip,EasyEnsemble_original,original,zip_value,6250,1,0,0.0,1,1.0,0,1,0,0,0.0,,0.0,,0.5347046194867324,0.1283851554663992,0.5871559633027523,-0.1283851554663992,,no_positive
with_billing_zip,EasyEnsemble_original,original,zip_value,6269,1,0,0.0,1,1.0,0,1,0,0,0.0,,0.0,,0.6643860549094054,0.1283851554663992,0.5871559633027523,-0.1283851554663992,,no_positive
with_billing_zip,EasyEnsemble_original,original,zip_value,6270,1,0,0.0,0,0.0,0,0,0,1,,,,,0.48728316511098163,0.1283851554663992,0.5871559633027523,,,no_positive
with_billing_zip,EasyEnsemble_original,original,zip_value,6272,1,0,0.0,1,1.0,0,1,0,0,0.0,,0.0,,0.5963617398398242,0.1283851554663992,0.5871559633027523,-0.1283851554663992,,no_positive
with_billing_zip,EasyEnsemble_original,original,zip_value,6285,1,0,0.0,1,1.0,0,1,0,0,0.0,,0.0,,0.5767083686031788,0.1283851554663992,0.5871559633027523,-0.1283851554663992,,no_positive
with_billing_zip,EasyEnsemble_original,original,zip_value,6292,1,0,0.0,0,0.0,0,0,0,1,,,,,0.476184977473479,0.1283851554663992,0.5871559633027523,,,no_positive
with_billing_zip,EasyEnsemble_original,original,zip_value,6304,1,0,0.0,1,1.0,0,1,0,0,0.0,,0.0,,0.5480438178288403,0.1283851554663992,0.5871559633027523,-0.1283851554663992,,no_positive
with_billing_zip,EasyEnsemble_original,original,zip_value,6343,1,0,0.0,1,1.0,0,1,0,0,0.0,,0.0,,0.5700072969734744,0.1283851554663992,0.5871559633027523,-0.1283851554663992,,no_positive
with_billing_zip,EasyEnsemble_original,original,zip_value,6437,1,0,0.0,0,0.0,0,0,0,1,,,,,0.4970845871160735,0.1283851554663992,0.5871559633027523,,,no_positive
with_billing_zip,EasyEnsemble_original,original,zip_value,6465,1,0,0.0,0,0.0,0,0,0,1,,,,,0.49019374997757603,0.1283851554663992,0.5871559633027523,,,no_positive
with_billing_zip,EasyEnsemble_original,original,zip_value,6649,1,0,0.0,1,1.0,0,1,0,0,0.0,,0.0,,0.5233178145900965,0.1283851554663992,0.5871559633027523,-0.1283851554663992,,no_positive
with_billing_zip,EasyEnsemble_original,original,zip_value,6701,1,0,0.0,1,1.0,0,1,0,0,0.0,,0.0,,0.6082813539659021,0.1283851554663992,0.5871559633027523,-0.1283851554663992,,no_positive
with_billing_zip,EasyEnsemble_original,original,zip_value,6770,1,0,0.0,0,0.0,0,0,0,1,,,,,0.44636733230466047,0.1283851554663992,0.5871559633027523,,,no_positive
with_billing_zip,EasyEnsemble_original,original,zip_value,6826,1,0,0.0,1,1.0,0,1,0,0,0.0,,0.0,,0.5340055430664604,0.1283851554663992,0.5871559633027523,-0.1283851554663992,,no_positive
with_billing_zip,EasyEnsemble_original,original,zip_value,6860,1,0,0.0,1,1.0,0,1,0,0,0.0,,0.0,,0.5187056725150937,0.1283851554663992,0.5871559633027523,-0.1283851554663992,,no_positive
with_billing_zip,EasyEnsemble_original,original,zip_value,7007,1,0,0.0,0,0.0,0,0,0,1,,,,,0.45292003274213544,0.1283851554663992,0.5871559633027523,,,no_positive
with_billing_zip,EasyEnsemble_original,original,zip_value,8241,1,0,0.0,0,0.0,0,0,0,1,,,,,0.49019374997757603,0.1283851554663992,0.5871559633027523,,,no_positive
with_billing_zip,EasyEnsemble_original,original,zip_value,8260,1,0,0.0,0,0.0,0,0,0,1,,,,,0.483226821619111,0.1283851554663992,0.5871559633027523,,,no_positive
with_billing_zip,EasyEnsemble_original,original,zip_value,8444,1,0,0.0,1,1.0,0,1,0,0,0.0,,0.0,,0.661720518748482,0.1283851554663992,0.5871559633027523,-0.1283851554663992,,no_positive
with_billing_zip,EasyEnsemble_original,original,zip_value,8470,1,0,0.0,0,0.0,0,0,0,1,,,,,0.48379428828755433,0.1283851554663992,0.5871559633027523,,,no_positive
with_billing_zip,EasyEnsemble_original,original,zip_value,8939,1,0,0.0,1,1.0,0,1,0,0,0.0,,0.0,,0.6537178169113377,0.1283851554663992,0.5871559633027523,-0.1283851554663992,,no_positive
with_billing_zip,EasyEnsemble_original,original,zip_value,8948,1,0,0.0,1,1.0,0,1,0,0,0.0,,0.0,,0.6549035754815202,0.1283851554663992,0.5871559633027523,-0.1283851554663992,,no_positive
without_billing_zip,EasyEnsemble_original,original,zip_value,4000,363,28,0.07713498622589532,171,0.47107438016528924,16,155,12,180,0.16080402010050251,0.5714285714285714,0.0935672514619883,0.16960444258173257,0.48670176660626163,0.12684989429175475,0.5504587155963303,0.033954125808747765,0.02096985583224109,stable
without_billing_zip,EasyEnsemble_original,original,zip_value,6000,217,7,0.03225806451612903,110,0.5069124423963134,6,104,1,106,0.10256410256410256,0.8571428571428571,0.05454545454545454,0.0541219893426424,0.4959908096839998,0.12684989429175475,0.5504587155963303,-0.02428579172765219,0.3066841415465268,stable
without_billing_zip,EasyEnsemble_original,original,zip_value,4400,83,7,0.08433734939759036,40,0.4819277108433735,3,37,4,39,0.1276595744680851,0.42857142857142855,0.075,0.23990117519691842,0.49104927233300827,0.12684989429175475,0.5504587155963303,0.0008096801763303463,-0.12188728702490176,stable
without_billing_zip,EasyEnsemble_original,original,zip_value,4003,79,4,0.05063291139240506,40,0.5063291139240507,2,38,2,37,0.09090909090909091,0.5,0.05,0.06904611592111592,0.4999009910520858,0.12684989429175475,0.5504587155963303,-0.03594080338266384,-0.050458715596330306,stable
without_billing_zip,EasyEnsemble_original,original,zip_value,6300,71,5,0.07042253521126761,48,0.676056338028169,4,44,1,22,0.1509433962264151,0.8,0.08333333333333333,0.20756464904802502,0.514889284013476,0.12684989429175475,0.5504587155963303,0.02409350193466034,0.24954128440366974,stable
without_billing_zip,EasyEnsemble_original,original,zip_value,4004,62,6,0.0967741935483871,22,0.3548387096774194,3,19,3,37,0.21428571428571427,0.5,0.13636363636363635,0.3206601827291482,0.47371246219599883,0.12684989429175475,0.5504587155963303,0.08743581999395952,-0.050458715596330306,stable
without_billing_zip,EasyEnsemble_original,original,zip_value,4002,61,5,0.08196721311475409,31,0.5081967213114754,2,29,3,27,0.1111111111111111,0.4,0.06451612903225806,0.16978975391399895,0.4959507772280001,0.12684989429175475,0.5504587155963303,-0.015738783180643645,-0.15045871559633028,stable
without_billing_zip,EasyEnsemble_original,original,zip_value,6400,54,2,0.037037037037037035,34,0.6296296296296297,1,33,1,19,0.05555555555555555,0.5,0.029411764705882353,0.046536796536796536,0.5179952168464689,0.12684989429175475,0.5504587155963303,-0.0712943387361992,-0.050458715596330306,stable
without_billing_zip,EasyEnsemble_original,original,zip_value,6100,50,1,0.02,20,0.4,0,20,1,29,0.0,0.0,0.0,0.03571428571428571,0.4844222766907167,0.12684989429175475,0.5504587155963303,-0.12684989429175475,-0.5504587155963303,small_support
without_billing_zip,EasyEnsemble_original,original,zip_value,4230,49,1,0.02040816326530612,23,0.46938775510204084,0,23,1,25,0.0,0.0,0.0,0.024390243902439025,0.4851712130243413,0.12684989429175475,0.5504587155963303,-0.12684989429175475,-0.5504587155963303,small_support
without_billing_zip,EasyEnsemble_original,original,zip_value,4023,48,3,0.0625,23,0.4791666666666667,2,21,1,24,0.15384615384615385,0.6666666666666666,0.08695652173913043,0.23687423687423687,0.49260669751159275,0.12684989429175475,0.5504587155963303,0.026996259554399105,0.11620795107033632,stable
without_billing_zip,EasyEnsemble_original,original,zip_value,6600,46,3,0.06521739130434782,26,0.5652173913043478,2,24,1,19,0.13793103448275862,0.6666666666666666,0.07692307692307693,0.1357142857142857,0.5025889617643776,0.12684989429175475,0.5504587155963303,0.011081140191003869,0.11620795107033632,stable
without_billing_zip,EasyEnsemble_original,original,zip_value,4700,30,2,0.06666666666666667,13,0.43333333333333335,1,12,1,16,0.13333333333333333,0.5,0.07692307692307693,0.125,0.4773717064313265,0.12684989429175475,0.5504587155963303,0.006483439041578581,-0.050458715596330306,stable
without_billing_zip,EasyEnsemble_original,original,zip_value,6500,25,0,0.0,18,0.72,0,18,0,7,0.0,,0.0,,0.5224920897035336,0.12684989429175475,0.5504587155963303,-0.12684989429175475,,no_positive
without_billing_zip,EasyEnsemble_original,original,zip_value,4500,23,1,0.043478260869565216,11,0.4782608695652174,0,11,1,11,0.0,0.0,0.0,0.043478260869565216,0.5070233496395657,0.12684989429175475,0.5504587155963303,-0.12684989429175475,-0.5504587155963303,small_support
without_billing_zip,EasyEnsemble_original,original,zip_value,4300,22,0,0.0,6,0.2727272727272727,0,6,0,16,0.0,,0.0,,0.457592663762552,0.12684989429175475,0.5504587155963303,-0.12684989429175475,,no_positive
without_billing_zip,EasyEnsemble_original,original,zip_value,4600,21,2,0.09523809523809523,8,0.38095238095238093,1,7,1,12,0.2,0.5,0.125,0.5833333333333334,0.4727810016649305,0.12684989429175475,0.5504587155963303,0.07315010570824526,-0.050458715596330306,stable
without_billing_zip,EasyEnsemble_original,original,zip_value,6450,19,2,0.10526315789473684,13,0.6842105263157895,2,11,0,6,0.26666666666666666,1.0,0.15384615384615385,0.2111111111111111,0.5154753207344771,0.12684989429175475,0.5504587155963303,0.1398167723749119,0.4495412844036697,small_support
without_billing_zip,EasyEnsemble_original,original,zip_value,4006,13,3,0.23076923076923078,4,0.3076923076923077,1,3,2,7,0.2857142857142857,0.3333333333333333,0.25,0.2435897435897436,0.4615210544929314,0.12684989429175475,0.5504587155963303,0.15886439142253095,-0.217125382262997,small_support
without_billing_zip,EasyEnsemble_original,original,zip_value,4270,12,1,0.08333333333333333,7,0.5833333333333334,0,7,1,4,0.0,0.0,0.0,0.1111111111111111,0.4978978292869501,0.12684989429175475,0.5504587155963303,-0.12684989429175475,-0.5504587155963303,small_support
without_billing_zip,EasyEnsemble_original,original,zip_value,4210,11,0,0.0,6,0.5454545454545454,0,6,0,5,0.0,,0.0,,0.48755296213109606,0.12684989429175475,0.5504587155963303,-0.12684989429175475,,no_positive
without_billing_zip,EasyEnsemble_original,original,zip_value,4150,10,1,0.1,5,0.5,0,5,1,4,0.0,0.0,0.0,0.1,0.48562962933930776,0.12684989429175475,0.5504587155963303,-0.12684989429175475,-0.5504587155963303,small_support
without_billing_zip,EasyEnsemble_original,original,zip_value,4550,9,0,0.0,2,0.2222222222222222,0,2,0,7,0.0,,0.0,,0.4459439188163316,0.12684989429175475,0.5504587155963303,-0.12684989429175475,,no_positive
without_billing_zip,EasyEnsemble_original,original,zip_value,4190,7,0,0.0,3,0.42857142857142855,0,3,0,4,0.0,,0.0,,0.4825927479822906,0.12684989429175475,0.5504587155963303,-0.12684989429175475,,no_positive
without_billing_zip,EasyEnsemble_original,original,zip_value,4001,6,1,0.16666666666666666,2,0.3333333333333333,1,1,0,4,0.6666666666666666,1.0,0.5,1.0,0.4760842043516747,0.12684989429175475,0.5504587155963303,0.5398167723749119,0.4495412844036697,small_support
without_billing_zip,EasyEnsemble_original,original,zip_value,4020,6,0,0.0,2,0.3333333333333333,0,2,0,4,0.0,,0.0,,0.5069958748687344,0.12684989429175475,0.5504587155963303,-0.12684989429175475,,no_positive
without_billing_zip,EasyEnsemble_original,original,zip_value,4180,6,0,0.0,3,0.5,0,3,0,3,0.0,,0.0,,0.5028198177638216,0.12684989429175475,0.5504587155963303,-0.12684989429175475,,no_positive
without_billing_zip,EasyEnsemble_original,original,zip_value,4220,6,0,0.0,2,0.3333333333333333,0,2,0,4,0.0,,0.0,,0.48455575664359135,0.12684989429175475,0.5504587155963303,-0.12684989429175475,,no_positive
without_billing_zip,EasyEnsemble_original,original,zip_value,4640,6,0,0.0,2,0.3333333333333333,0,2,0,4,0.0,,0.0,,0.47017358636366674,0.12684989429175475,0.5504587155963303,-0.12684989429175475,,no_positive
without_billing_zip,EasyEnsemble_original,original,zip_value,6550,6,0,0.0,5,0.8333333333333334,0,5,0,1,0.0,,0.0,,0.5181852791991037,0.12684989429175475,0.5504587155963303,-0.12684989429175475,,no_positive
without_billing_zip,EasyEnsemble_original,original,zip_value,6800,6,0,0.0,4,0.6666666666666666,0,4,0,2,0.0,,0.0,,0.5316129820623422,0.12684989429175475,0.5504587155963303,-0.12684989429175475,,no_positive
without_billing_zip,EasyEnsemble_original,original,zip_value,4199,5,1,0.2,4,0.8,1,3,0,1,0.4,1.0,0.25,0.25,0.5386372132611552,0.12684989429175475,0.5504587155963303,0.27315010570824527,0.4495412844036697,small_support
without_billing_zip,EasyEnsemble_original,original,zip_value,4850,5,1,0.2,2,0.4,0,2,1,2,0.0,0.0,0.0,0.3333333333333333,0.4807066723082536,0.12684989429175475,0.5504587155963303,-0.12684989429175475,-0.5504587155963303,small_support
without_billing_zip,EasyEnsemble_original,original,zip_value,4101,5,0,0.0,2,0.4,0,2,0,3,0.0,,0.0,,0.47829999506969373,0.12684989429175475,0.5504587155963303,-0.12684989429175475,,no_positive
without_billing_zip,EasyEnsemble_original,original,zip_value,4225,5,0,0.0,2,0.4,0,2,0,3,0.0,,0.0,,0.4994353677695219,0.12684989429175475,0.5504587155963303,-0.12684989429175475,,no_positive
without_billing_zip,EasyEnsemble_original,original,zip_value,4330,4,1,0.25,0,0.0,0,0,1,3,0.0,0.0,,0.5,0.4006183588489874,0.12684989429175475,0.5504587155963303,-0.12684989429175475,-0.5504587155963303,small_support
without_billing_zip,EasyEnsemble_original,original,zip_value,6570,4,1,0.25,2,0.5,0,2,1,1,0.0,0.0,0.0,0.25,0.5144783217608728,0.12684989429175475,0.5504587155963303,-0.12684989429175475,-0.5504587155963303,small_support
without_billing_zip,EasyEnsemble_original,original,zip_value,4017,4,0,0.0,2,0.5,0,2,0,2,0.0,,0.0,,0.5037753446537161,0.12684989429175475,0.5504587155963303,-0.12684989429175475,,no_positive
without_billing_zip,EasyEnsemble_original,original,zip_value,4137,4,0,0.0,4,1.0,0,4,0,0,0.0,,0.0,,0.5782372276228568,0.12684989429175475,0.5504587155963303,-0.12684989429175475,,no_positive
without_billing_zip,EasyEnsemble_original,original,zip_value,4147,4,0,0.0,1,0.25,0,1,0,3,0.0,,0.0,,0.4400854114699319,0.12684989429175475,0.5504587155963303,-0.12684989429175475,,no_positive
without_billing_zip,EasyEnsemble_original,original,zip_value,4490,4,0,0.0,3,0.75,0,3,0,1,0.0,,0.0,,0.5101018240249942,0.12684989429175475,0.5504587155963303,-0.12684989429175475,,no_positive
without_billing_zip,EasyEnsemble_original,original,zip_value,6200,4,0,0.0,3,0.75,0,3,0,1,0.0,,0.0,,0.5451277310979541,0.12684989429175475,0.5504587155963303,-0.12684989429175475,,no_positive
without_billing_zip,EasyEnsemble_original,original,zip_value,6280,4,0,0.0,2,0.5,0,2,0,2,0.0,,0.0,,0.475310341337838,0.12684989429175475,0.5504587155963303,-0.12684989429175475,,no_positive
without_billing_zip,EasyEnsemble_original,original,zip_value,4107,3,1,0.3333333333333333,3,1.0,1,2,0,0,0.5,1.0,0.3333333333333333,0.3333333333333333,0.5388602338634887,0.12684989429175475,0.5504587155963303,0.37315010570824525,0.4495412844036697,small_support
without_billing_zip,EasyEnsemble_original,original,zip_value,4109,3,1,0.3333333333333333,2,0.6666666666666666,0,2,1,0,0.0,0.0,0.0,0.3333333333333333,0.4787820742198356,0.12684989429175475,0.5504587155963303,-0.12684989429175475,-0.5504587155963303,small_support
without_billing_zip,EasyEnsemble_original,original,zip_value,4581,3,1,0.3333333333333333,3,1.0,1,2,0,0,0.5,1.0,0.3333333333333333,0.3333333333333333,0.5469957119750622,0.12684989429175475,0.5504587155963303,0.37315010570824525,0.4495412844036697,small_support
without_billing_zip,EasyEnsemble_original,original,zip_value,6260,3,1,0.3333333333333333,1,0.3333333333333333,0,1,1,1,0.0,0.0,0.0,0.3333333333333333,0.5091805334743273,0.12684989429175475,0.5504587155963303,-0.12684989429175475,-0.5504587155963303,small_support
without_billing_zip,EasyEnsemble_original,original,zip_value,6900,3,1,0.3333333333333333,2,0.6666666666666666,1,1,0,1,0.6666666666666666,1.0,0.5,1.0,0.5239156053959116,0.12684989429175475,0.5504587155963303,0.5398167723749119,0.4495412844036697,small_support
without_billing_zip,EasyEnsemble_original,original,zip_value,4016,3,0,0.0,3,1.0,0,3,0,0,0.0,,0.0,,0.5803001199938166,0.12684989429175475,0.5504587155963303,-0.12684989429175475,,no_positive
without_billing_zip,EasyEnsemble_original,original,zip_value,4108,3,0,0.0,1,0.3333333333333333,0,1,0,2,0.0,,0.0,,0.4816902150489673,0.12684989429175475,0.5504587155963303,-0.12684989429175475,,no_positive
without_billing_zip,EasyEnsemble_original,original,zip_value,4130,3,0,0.0,1,0.3333333333333333,0,1,0,2,0.0,,0.0,,0.4529256681067255,0.12684989429175475,0.5504587155963303,-0.12684989429175475,,no_positive
without_billing_zip,EasyEnsemble_original,original,zip_value,4197,3,0,0.0,0,0.0,0,0,0,3,,,,,0.4200500313902303,0.12684989429175475,0.5504587155963303,,,no_positive
without_billing_zip,EasyEnsemble_original,original,zip_value,4224,3,0,0.0,1,0.3333333333333333,0,1,0,2,0.0,,0.0,,0.45165584057679453,0.12684989429175475,0.5504587155963303,-0.12684989429175475,,no_positive
without_billing_zip,EasyEnsemble_original,original,zip_value,4409,3,0,0.0,1,0.3333333333333333,0,1,0,2,0.0,,0.0,,0.43637880263391565,0.12684989429175475,0.5504587155963303,-0.12684989429175475,,no_positive
without_billing_zip,EasyEnsemble_original,original,zip_value,4579,3,0,0.0,1,0.3333333333333333,0,1,0,2,0.0,,0.0,,0.4413521852846363,0.12684989429175475,0.5504587155963303,-0.12684989429175475,,no_positive
without_billing_zip,EasyEnsemble_original,original,zip_value,4800,3,0,0.0,0,0.0,0,0,0,3,,,,,0.43759019876235267,0.12684989429175475,0.5504587155963303,,,no_positive
without_billing_zip,EasyEnsemble_original,original,zip_value,6750,3,0,0.0,2,0.6666666666666666,0,2,0,1,0.0,,0.0,,0.5245616398849757,0.12684989429175475,0.5504587155963303,-0.12684989429175475,,no_positive
without_billing_zip,EasyEnsemble_original,original,zip_value,4241,2,1,0.5,2,1.0,1,1,0,0,0.6666666666666666,1.0,0.5,0.5,0.5962992682010422,0.12684989429175475,0.5504587155963303,0.5398167723749119,0.4495412844036697,small_support
without_billing_zip,EasyEnsemble_original,original,zip_value,4770,2,1,0.5,1,0.5,0,1,1,0,0.0,0.0,0.0,0.5,0.5403097331338818,0.12684989429175475,0.5504587155963303,-0.12684989429175475,-0.5504587155963303,small_support
without_billing_zip,EasyEnsemble_original,original,zip_value,4830,2,1,0.5,2,1.0,1,1,0,0,0.6666666666666666,1.0,0.5,1.0,0.5228258847639977,0.12684989429175475,0.5504587155963303,0.5398167723749119,0.4495412844036697,small_support
without_billing_zip,EasyEnsemble_original,original,zip_value,6884,2,1,0.5,2,1.0,1,1,0,0,0.6666666666666666,1.0,0.5,1.0,0.538412622630229,0.12684989429175475,0.5504587155963303,0.5398167723749119,0.4495412844036697,small_support
without_billing_zip,EasyEnsemble_original,original,zip_value,1000,2,0,0.0,2,1.0,0,2,0,0,0.0,,0.0,,0.5683015664327993,0.12684989429175475,0.5504587155963303,-0.12684989429175475,,no_positive
without_billing_zip,EasyEnsemble_original,original,zip_value,1505,2,0,0.0,1,0.5,0,1,0,1,0.0,,0.0,,0.5074173240056569,0.12684989429175475,0.5504587155963303,-0.12684989429175475,,no_positive
without_billing_zip,EasyEnsemble_original,original,zip_value,4015,2,0,0.0,1,0.5,0,1,0,1,0.0,,0.0,,0.48855111065524925,0.12684989429175475,0.5504587155963303,-0.12684989429175475,,no_positive
without_billing_zip,EasyEnsemble_original,original,zip_value,4027,2,0,0.0,0,0.0,0,0,0,2,,,,,0.46906777107743713,0.12684989429175475,0.5504587155963303,,,no_positive
without_billing_zip,EasyEnsemble_original,original,zip_value,4110,2,0,0.0,1,0.5,0,1,0,1,0.0,,0.0,,0.4810871014251944,0.12684989429175475,0.5504587155963303,-0.12684989429175475,,no_positive
without_billing_zip,EasyEnsemble_original,original,zip_value,4113,2,0,0.0,1,0.5,0,1,0,1,0.0,,0.0,,0.45098585975225425,0.12684989429175475,0.5504587155963303,-0.12684989429175475,,no_positive
without_billing_zip,EasyEnsemble_original,original,zip_value,4120,2,0,0.0,0,0.0,0,0,0,2,,,,,0.45686153461418233,0.12684989429175475,0.5504587155963303,,,no_positive
without_billing_zip,EasyEnsemble_original,original,zip_value,4121,2,0,0.0,0,0.0,0,0,0,2,,,,,0.4499905701765132,0.12684989429175475,0.5504587155963303,,,no_positive
without_billing_zip,EasyEnsemble_original,original,zip_value,4142,2,0,0.0,0,0.0,0,0,0,2,,,,,0.48039188240532027,0.12684989429175475,0.5504587155963303,,,no_positive
without_billing_zip,EasyEnsemble_original,original,zip_value,4173,2,0,0.0,1,0.5,0,1,0,1,0.0,,0.0,,0.4698316882680568,0.12684989429175475,0.5504587155963303,-0.12684989429175475,,no_positive
without_billing_zip,EasyEnsemble_original,original,zip_value,4218,2,0,0.0,1,0.5,0,1,0,1,0.0,,0.0,,0.522333787446958,0.12684989429175475,0.5504587155963303,-0.12684989429175475,,no_positive
without_billing_zip,EasyEnsemble_original,original,zip_value,4288,2,0,0.0,1,0.5,0,1,0,1,0.0,,0.0,,0.5229101890546841,0.12684989429175475,0.5504587155963303,-0.12684989429175475,,no_positive
without_billing_zip,EasyEnsemble_original,original,zip_value,4407,2,0,0.0,1,0.5,0,1,0,1,0.0,,0.0,,0.46636462638639753,0.12684989429175475,0.5504587155963303,-0.12684989429175475,,no_positive
without_billing_zip,EasyEnsemble_original,original,zip_value,4492,2,0,0.0,2,1.0,0,2,0,0,0.0,,0.0,,0.5596240339481129,0.12684989429175475,0.5504587155963303,-0.12684989429175475,,no_positive
without_billing_zip,EasyEnsemble_original,original,zip_value,4580,2,0,0.0,2,1.0,0,2,0,0,0.0,,0.0,,0.5665720608441078,0.12684989429175475,0.5504587155963303,-0.12684989429175475,,no_positive
without_billing_zip,EasyEnsemble_original,original,zip_value,4601,2,0,0.0,1,0.5,0,1,0,1,0.0,,0.0,,0.504124976751117,0.12684989429175475,0.5504587155963303,-0.12684989429175475,,no_positive
without_billing_zip,EasyEnsemble_original,original,zip_value,4641,2,0,0.0,1,0.5,0,1,0,1,0.0,,0.0,,0.49489818042497885,0.12684989429175475,0.5504587155963303,-0.12684989429175475,,no_positive
without_billing_zip,EasyEnsemble_original,original,zip_value,4900,2,0,0.0,1,0.5,0,1,0,1,0.0,,0.0,,0.4265278081395433,0.12684989429175475,0.5504587155963303,-0.12684989429175475,,no_positive
without_billing_zip,EasyEnsemble_original,original,zip_value,4980,2,0,0.0,0,0.0,0,0,0,2,,,,,0.39835142606672275,0.12684989429175475,0.5504587155963303,,,no_positive
without_billing_zip,EasyEnsemble_original,original,zip_value,6001,2,0,0.0,1,0.5,0,1,0,1,0.0,,0.0,,0.5054073572774492,0.12684989429175475,0.5504587155963303,-0.12684989429175475,,no_positive
without_billing_zip,EasyEnsemble_original,original,zip_value,6058,2,0,0.0,2,1.0,0,2,0,0,0.0,,0.0,,0.5699508832140401,0.12684989429175475,0.5504587155963303,-0.12684989429175475,,no_positive
without_billing_zip,EasyEnsemble_original,original,zip_value,6420,2,0,0.0,1,0.5,0,1,0,1,0.0,,0.0,,0.5058838424817484,0.12684989429175475,0.5504587155963303,-0.12684989429175475,,no_positive
without_billing_zip,EasyEnsemble_original,original,zip_value,6558,2,0,0.0,2,1.0,0,2,0,0,0.0,,0.0,,0.5576110629322627,0.12684989429175475,0.5504587155963303,-0.12684989429175475,,no_positive
without_billing_zip,EasyEnsemble_original,original,zip_value,1784,1,1,1.0,1,1.0,1,0,0,0,1.0,1.0,1.0,1.0,0.5551400284234125,0.12684989429175475,0.5504587155963303,0.8731501057082452,0.4495412844036697,small_support
without_billing_zip,EasyEnsemble_original,original,zip_value,4160,1,1,1.0,1,1.0,1,0,0,0,1.0,1.0,1.0,1.0,0.5551400284234125,0.12684989429175475,0.5504587155963303,0.8731501057082452,0.4495412844036697,small_support
without_billing_zip,EasyEnsemble_original,original,zip_value,4250,1,1,1.0,1,1.0,1,0,0,0,1.0,1.0,1.0,1.0,0.5470341891994678,0.12684989429175475,0.5504587155963303,0.8731501057082452,0.4495412844036697,small_support
without_billing_zip,EasyEnsemble_original,original,zip_value,4632,1,1,1.0,0,0.0,0,0,1,0,0.0,0.0,,1.0,0.39835142606672275,0.12684989429175475,0.5504587155963303,-0.12684989429175475,-0.5504587155963303,small_support
without_billing_zip,EasyEnsemble_original,original,zip_value,4638,1,1,1.0,0,0.0,0,0,1,0,0.0,0.0,,1.0,0.3893860134391722,0.12684989429175475,0.5504587155963303,-0.12684989429175475,-0.5504587155963303,small_support
without_billing_zip,EasyEnsemble_original,original,zip_value,4750,1,1,1.0,0,0.0,0,0,1,0,0.0,0.0,,1.0,0.43568712831193734,0.12684989429175475,0.5504587155963303,-0.12684989429175475,-0.5504587155963303,small_support
without_billing_zip,EasyEnsemble_original,original,zip_value,6097,1,1,1.0,0,0.0,0,0,1,0,0.0,0.0,,1.0,0.4531435608126751,0.12684989429175475,0.5504587155963303,-0.12684989429175475,-0.5504587155963303,small_support
without_billing_zip,EasyEnsemble_original,original,zip_value,6160,1,1,1.0,1,1.0,1,0,0,0,1.0,1.0,1.0,1.0,0.5215108251738271,0.12684989429175475,0.5504587155963303,0.8731501057082452,0.4495412844036697,small_support
without_billing_zip,EasyEnsemble_original,original,zip_value,6670,1,1,1.0,1,1.0,1,0,0,0,1.0,1.0,1.0,1.0,0.5451894734389335,0.12684989429175475,0.5504587155963303,0.8731501057082452,0.4495412844036697,small_support
without_billing_zip,EasyEnsemble_original,original,zip_value,7800,1,1,1.0,1,1.0,1,0,0,0,1.0,1.0,1.0,1.0,0.6028039666699624,0.12684989429175475,0.5504587155963303,0.8731501057082452,0.4495412844036697,small_support
without_billing_zip,EasyEnsemble_original,original,zip_value,8000,1,1,1.0,0,0.0,0,0,1,0,0.0,0.0,,1.0,0.4946955905229852,0.12684989429175475,0.5504587155963303,-0.12684989429175475,-0.5504587155963303,small_support
without_billing_zip,EasyEnsemble_original,original,zip_value,1303,1,0,0.0,0,0.0,0,0,0,1,,,,,0.439175483324973,0.12684989429175475,0.5504587155963303,,,no_positive
without_billing_zip,EasyEnsemble_original,original,zip_value,1618,1,0,0.0,1,1.0,0,1,0,0,0.0,,0.0,,0.5880536507046393,0.12684989429175475,0.5504587155963303,-0.12684989429175475,,no_positive
without_billing_zip,EasyEnsemble_original,original,zip_value,2240,1,0,0.0,1,1.0,0,1,0,0,0.0,,0.0,,0.6405348282793271,0.12684989429175475,0.5504587155963303,-0.12684989429175475,,no_positive
without_billing_zip,EasyEnsemble_original,original,zip_value,3500,1,0,0.0,1,1.0,0,1,0,0,0.0,,0.0,,0.5343778267060724,0.12684989429175475,0.5504587155963303,-0.12684989429175475,,no_positive
without_billing_zip,EasyEnsemble_original,original,zip_value,4009,1,0,0.0,1,1.0,0,1,0,0,0.0,,0.0,,0.6084117111951259,0.12684989429175475,0.5504587155963303,-0.12684989429175475,,no_positive
without_billing_zip,EasyEnsemble_original,original,zip_value,4013,1,0,0.0,0,0.0,0,0,0,1,,,,,0.43391337228422655,0.12684989429175475,0.5504587155963303,,,no_positive
without_billing_zip,EasyEnsemble_original,original,zip_value,4019,1,0,0.0,1,1.0,0,1,0,0,0.0,,0.0,,0.5961890997819332,0.12684989429175475,0.5504587155963303,-0.12684989429175475,,no_positive
without_billing_zip,EasyEnsemble_original,original,zip_value,4024,1,0,0.0,1,1.0,0,1,0,0,0.0,,0.0,,0.5398055593743833,0.12684989429175475,0.5504587155963303,-0.12684989429175475,,no_positive
without_billing_zip,EasyEnsemble_original,original,zip_value,4111,1,0,0.0,1,1.0,0,1,0,0,0.0,,0.0,,0.5470341891994678,0.12684989429175475,0.5504587155963303,-0.12684989429175475,,no_positive
without_billing_zip,EasyEnsemble_original,original,zip_value,4112,1,0,0.0,0,0.0,0,0,0,1,,,,,0.4052855498300413,0.12684989429175475,0.5504587155963303,,,no_positive
without_billing_zip,EasyEnsemble_original,original,zip_value,4124,1,0,0.0,1,1.0,0,1,0,0,0.0,,0.0,,0.574141138094946,0.12684989429175475,0.5504587155963303,-0.12684989429175475,,no_positive
without_billing_zip,EasyEnsemble_original,original,zip_value,4127,1,0,0.0,1,1.0,0,1,0,0,0.0,,0.0,,0.627040350622343,0.12684989429175475,0.5504587155963303,-0.12684989429175475,,no_positive
without_billing_zip,EasyEnsemble_original,original,zip_value,4131,1,0,0.0,0,0.0,0,0,0,1,,,,,0.3875795337125415,0.12684989429175475,0.5504587155963303,,,no_positive
without_billing_zip,EasyEnsemble_original,original,zip_value,4135,1,0,0.0,0,0.0,0,0,0,1,,,,,0.4270961998757481,0.12684989429175475,0.5504587155963303,,,no_positive
without_billing_zip,EasyEnsemble_original,original,zip_value,4144,1,0,0.0,0,0.0,0,0,0,1,,,,,0.40749281225802114,0.12684989429175475,0.5504587155963303,,,no_positive
without_billing_zip,EasyEnsemble_original,original,zip_value,4151,1,0,0.0,0,0.0,0,0,0,1,,,,,0.39835142606672275,0.12684989429175475,0.5504587155963303,,,no_positive
without_billing_zip,EasyEnsemble_original,original,zip_value,4161,1,0,0.0,1,1.0,0,1,0,0,0.0,,0.0,,0.6125865353231221,0.12684989429175475,0.5504587155963303,-0.12684989429175475,,no_positive
without_billing_zip,EasyEnsemble_original,original,zip_value,4172,1,0,0.0,0,0.0,0,0,0,1,,,,,0.4872259876808166,0.12684989429175475,0.5504587155963303,,,no_positive
without_billing_zip,EasyEnsemble_original,original,zip_value,4175,1,0,0.0,1,1.0,0,1,0,0,0.0,,0.0,,0.6032069550593475,0.12684989429175475,0.5504587155963303,-0.12684989429175475,,no_positive
without_billing_zip,EasyEnsemble_original,original,zip_value,4179,1,0,0.0,1,1.0,0,1,0,0,0.0,,0.0,,0.5343778267060724,0.12684989429175475,0.5504587155963303,-0.12684989429175475,,no_positive
without_billing_zip,EasyEnsemble_original,original,zip_value,4191,1,0,0.0,0,0.0,0,0,0,1,,,,,0.38169937488009714,0.12684989429175475,0.5504587155963303,,,no_positive
without_billing_zip,EasyEnsemble_original,original,zip_value,4198,1,0,0.0,0,0.0,0,0,0,1,,,,,0.39835142606672275,0.12684989429175475,0.5504587155963303,,,no_positive
without_billing_zip,EasyEnsemble_original,original,zip_value,4203,1,0,0.0,1,1.0,0,1,0,0,0.0,,0.0,,0.563886152142935,0.12684989429175475,0.5504587155963303,-0.12684989429175475,,no_positive
without_billing_zip,EasyEnsemble_original,original,zip_value,4207,1,0,0.0,1,1.0,0,1,0,0,0.0,,0.0,,0.5664205148066738,0.12684989429175475,0.5504587155963303,-0.12684989429175475,,no_positive
without_billing_zip,EasyEnsemble_original,original,zip_value,4212,1,0,0.0,1,1.0,0,1,0,0,0.0,,0.0,,0.5551400284234125,0.12684989429175475,0.5504587155963303,-0.12684989429175475,,no_positive
without_billing_zip,EasyEnsemble_original,original,zip_value,4219,1,0,0.0,1,1.0,0,1,0,0,0.0,,0.0,,0.5343778267060724,0.12684989429175475,0.5504587155963303,-0.12684989429175475,,no_positive
without_billing_zip,EasyEnsemble_original,original,zip_value,4231,1,0,0.0,0,0.0,0,0,0,1,,,,,0.3996391398437261,0.12684989429175475,0.5504587155963303,,,no_positive
without_billing_zip,EasyEnsemble_original,original,zip_value,4271,1,0,0.0,0,0.0,0,0,0,1,,,,,0.4382263796677603,0.12684989429175475,0.5504587155963303,,,no_positive
without_billing_zip,EasyEnsemble_original,original,zip_value,4290,1,0,0.0,0,0.0,0,0,0,1,,,,,0.39835142606672275,0.12684989429175475,0.5504587155963303,,,no_positive
without_billing_zip,EasyEnsemble_original,original,zip_value,4295,1,0,0.0,0,0.0,0,0,0,1,,,,,0.2893387668440004,0.12684989429175475,0.5504587155963303,,,no_positive
without_billing_zip,EasyEnsemble_original,original,zip_value,4337,1,0,0.0,0,0.0,0,0,0,1,,,,,0.44595639946049104,0.12684989429175475,0.5504587155963303,,,no_positive
without_billing_zip,EasyEnsemble_original,original,zip_value,4340,1,0,0.0,1,1.0,0,1,0,0,0.0,,0.0,,0.61402130424023,0.12684989429175475,0.5504587155963303,-0.12684989429175475,,no_positive
without_billing_zip,EasyEnsemble_original,original,zip_value,4349,1,0,0.0,0,0.0,0,0,0,1,,,,,0.39835142606672275,0.12684989429175475,0.5504587155963303,,,no_positive
without_billing_zip,EasyEnsemble_original,original,zip_value,4350,1,0,0.0,0,0.0,0,0,0,1,,,,,0.4430101735813577,0.12684989429175475,0.5504587155963303,,,no_positive
without_billing_zip,EasyEnsemble_original,original,zip_value,4357,1,0,0.0,0,0.0,0,0,0,1,,,,,0.4514600107406318,0.12684989429175475,0.5504587155963303,,,no_positive
without_billing_zip,EasyEnsemble_original,original,zip_value,4368,1,0,0.0,0,0.0,0,0,0,1,,,,,0.4250427644287413,0.12684989429175475,0.5504587155963303,,,no_positive
without_billing_zip,EasyEnsemble_original,original,zip_value,4405,1,0,0.0,0,0.0,0,0,0,1,,,,,0.44786705245068414,0.12684989429175475,0.5504587155963303,,,no_positive
without_billing_zip,EasyEnsemble_original,original,zip_value,4406,1,0,0.0,1,1.0,0,1,0,0,0.0,,0.0,,0.6177018683752988,0.12684989429175475,0.5504587155963303,-0.12684989429175475,,no_positive
without_billing_zip,EasyEnsemble_original,original,zip_value,4408,1,0,0.0,0,0.0,0,0,0,1,,,,,0.39835142606672275,0.12684989429175475,0.5504587155963303,,,no_positive
without_billing_zip,EasyEnsemble_original,original,zip_value,4410,1,0,0.0,1,1.0,0,1,0,0,0.0,,0.0,,0.5623686582484969,0.12684989429175475,0.5504587155963303,-0.12684989429175475,,no_positive
without_billing_zip,EasyEnsemble_original,original,zip_value,4441,1,0,0.0,0,0.0,0,0,0,1,,,,,0.4022307012172746,0.12684989429175475,0.5504587155963303,,,no_positive
without_billing_zip,EasyEnsemble_original,original,zip_value,4469,1,0,0.0,0,0.0,0,0,0,1,,,,,0.43900663269468937,0.12684989429175475,0.5504587155963303,,,no_positive
without_billing_zip,EasyEnsemble_original,original,zip_value,4474,1,0,0.0,0,0.0,0,0,0,1,,,,,0.4182985944242475,0.12684989429175475,0.5504587155963303,,,no_positive
without_billing_zip,EasyEnsemble_original,original,zip_value,4477,1,0,0.0,1,1.0,0,1,0,0,0.0,,0.0,,0.5679622720149561,0.12684989429175475,0.5504587155963303,-0.12684989429175475,,no_positive
without_billing_zip,EasyEnsemble_original,original,zip_value,4480,1,0,0.0,1,1.0,0,1,0,0,0.0,,0.0,,0.5852730184896003,0.12684989429175475,0.5504587155963303,-0.12684989429175475,,no_positive
without_billing_zip,EasyEnsemble_original,original,zip_value,4491,1,0,0.0,1,1.0,0,1,0,0,0.0,,0.0,,0.5190214907623556,0.12684989429175475,0.5504587155963303,-0.12684989429175475,,no_positive
without_billing_zip,EasyEnsemble_original,original,zip_value,4522,1,0,0.0,0,0.0,0,0,0,1,,,,,0.4894334794822387,0.12684989429175475,0.5504587155963303,,,no_positive
without_billing_zip,EasyEnsemble_original,original,zip_value,4530,1,0,0.0,0,0.0,0,0,0,1,,,,,0.4052855498300413,0.12684989429175475,0.5504587155963303,,,no_positive
without_billing_zip,EasyEnsemble_original,original,zip_value,4535,1,0,0.0,1,1.0,0,1,0,0,0.0,,0.0,,0.5685026961738278,0.12684989429175475,0.5504587155963303,-0.12684989429175475,,no_positive
without_billing_zip,EasyEnsemble_original,original,zip_value,4587,1,0,0.0,1,1.0,0,1,0,0,0.0,,0.0,,0.5398055593743833,0.12684989429175475,0.5504587155963303,-0.12684989429175475,,no_positive
without_billing_zip,EasyEnsemble_original,original,zip_value,4701,1,0,0.0,1,1.0,0,1,0,0,0.0,,0.0,,0.5410809877695794,0.12684989429175475,0.5504587155963303,-0.12684989429175475,,no_positive
without_billing_zip,EasyEnsemble_original,original,zip_value,4710,1,0,0.0,0,0.0,0,0,0,1,,,,,0.3996391398437261,0.12684989429175475,0.5504587155963303,,,no_positive
without_billing_zip,EasyEnsemble_original,original,zip_value,4801,1,0,0.0,0,0.0,0,0,0,1,,,,,0.4501542871639937,0.12684989429175475,0.5504587155963303,,,no_positive
without_billing_zip,EasyEnsemble_original,original,zip_value,4820,1,0,0.0,0,0.0,0,0,0,1,,,,,0.45824066874512875,0.12684989429175475,0.5504587155963303,,,no_positive
without_billing_zip,EasyEnsemble_original,original,zip_value,4942,1,0,0.0,0,0.0,0,0,0,1,,,,,0.3930893150259762,0.12684989429175475,0.5504587155963303,,,no_positive
without_billing_zip,EasyEnsemble_original,original,zip_value,4948,1,0,0.0,1,1.0,0,1,0,0,0.0,,0.0,,0.5441953277412293,0.12684989429175475,0.5504587155963303,-0.12684989429175475,,no_positive
without_billing_zip,EasyEnsemble_original,original,zip_value,4970,1,0,0.0,1,1.0,0,1,0,0,0.0,,0.0,,0.5410809877695794,0.12684989429175475,0.5504587155963303,-0.12684989429175475,,no_positive
without_billing_zip,EasyEnsemble_original,original,zip_value,4987,1,0,0.0,0,0.0,0,0,0,1,,,,,0.4424226906006973,0.12684989429175475,0.5504587155963303,,,no_positive
without_billing_zip,EasyEnsemble_original,original,zip_value,4990,1,0,0.0,0,0.0,0,0,0,1,,,,,0.4173648332792662,0.12684989429175475,0.5504587155963303,,,no_positive
without_billing_zip,EasyEnsemble_original,original,zip_value,5780,1,0,0.0,1,1.0,0,1,0,0,0.0,,0.0,,0.5428486126458038,0.12684989429175475,0.5504587155963303,-0.12684989429175475,,no_positive
without_billing_zip,EasyEnsemble_original,original,zip_value,6060,1,0,0.0,0,0.0,0,0,0,1,,,,,0.441407053366365,0.12684989429175475,0.5504587155963303,,,no_positive
without_billing_zip,EasyEnsemble_original,original,zip_value,6064,1,0,0.0,1,1.0,0,1,0,0,0.0,,0.0,,0.6405348282793271,0.12684989429175475,0.5504587155963303,-0.12684989429175475,,no_positive
without_billing_zip,EasyEnsemble_original,original,zip_value,6065,1,0,0.0,0,0.0,0,0,0,1,,,,,0.39835142606672275,0.12684989429175475,0.5504587155963303,,,no_positive
without_billing_zip,EasyEnsemble_original,original,zip_value,6091,1,0,0.0,0,0.0,0,0,0,1,,,,,0.40429146996916543,0.12684989429175475,0.5504587155963303,,,no_positive
without_billing_zip,EasyEnsemble_original,original,zip_value,6102,1,0,0.0,1,1.0,0,1,0,0,0.0,,0.0,,0.5816842737339132,0.12684989429175475,0.5504587155963303,-0.12684989429175475,,no_positive
without_billing_zip,EasyEnsemble_original,original,zip_value,6138,1,0,0.0,0,0.0,0,0,0,1,,,,,0.39835142606672275,0.12684989429175475,0.5504587155963303,,,no_positive
without_billing_zip,EasyEnsemble_original,original,zip_value,6140,1,0,0.0,1,1.0,0,1,0,0,0.0,,0.0,,0.5398055593743833,0.12684989429175475,0.5504587155963303,-0.12684989429175475,,no_positive
without_billing_zip,EasyEnsemble_original,original,zip_value,6145,1,0,0.0,1,1.0,0,1,0,0,0.0,,0.0,,0.5470341891994678,0.12684989429175475,0.5504587155963303,-0.12684989429175475,,no_positive
without_billing_zip,EasyEnsemble_original,original,zip_value,6148,1,0,0.0,0,0.0,0,0,0,1,,,,,0.4946955905229852,0.12684989429175475,0.5504587155963303,,,no_positive
without_billing_zip,EasyEnsemble_original,original,zip_value,6150,1,0,0.0,0,0.0,0,0,0,1,,,,,0.4946955905229852,0.12684989429175475,0.5504587155963303,,,no_positive
without_billing_zip,EasyEnsemble_original,original,zip_value,6155,1,0,0.0,0,0.0,0,0,0,1,,,,,0.40749281225802114,0.12684989429175475,0.5504587155963303,,,no_positive
without_billing_zip,EasyEnsemble_original,original,zip_value,6158,1,0,0.0,1,1.0,0,1,0,0,0.0,,0.0,,0.5343778267060724,0.12684989429175475,0.5504587155963303,-0.12684989429175475,,no_positive
without_billing_zip,EasyEnsemble_original,original,zip_value,6159,1,0,0.0,1,1.0,0,1,0,0,0.0,,0.0,,0.6424709410866088,0.12684989429175475,0.5504587155963303,-0.12684989429175475,,no_positive
without_billing_zip,EasyEnsemble_original,original,zip_value,6163,1,0,0.0,1,1.0,0,1,0,0,0.0,,0.0,,0.6221173642154417,0.12684989429175475,0.5504587155963303,-0.12684989429175475,,no_positive
without_billing_zip,EasyEnsemble_original,original,zip_value,6167,1,0,0.0,0,0.0,0,0,0,1,,,,,0.48247808908814915,0.12684989429175475,0.5504587155963303,,,no_positive
without_billing_zip,EasyEnsemble_original,original,zip_value,6175,1,0,0.0,1,1.0,0,1,0,0,0.0,,0.0,,0.578143485924139,0.12684989429175475,0.5504587155963303,-0.12684989429175475,,no_positive
without_billing_zip,EasyEnsemble_original,original,zip_value,6180,1,0,0.0,0,0.0,0,0,0,1,,,,,0.46456334778069586,0.12684989429175475,0.5504587155963303,,,no_positive
without_billing_zip,EasyEnsemble_original,original,zip_value,6190,1,0,0.0,0,0.0,0,0,0,1,,,,,0.39835142606672275,0.12684989429175475,0.5504587155963303,,,no_positive
without_billing_zip,EasyEnsemble_original,original,zip_value,6199,1,0,0.0,1,1.0,0,1,0,0,0.0,,0.0,,0.5343778267060724,0.12684989429175475,0.5504587155963303,-0.12684989429175475,,no_positive
without_billing_zip,EasyEnsemble_original,original,zip_value,6215,1,0,0.0,1,1.0,0,1,0,0,0.0,,0.0,,0.5679622720149561,0.12684989429175475,0.5504587155963303,-0.12684989429175475,,no_positive
without_billing_zip,EasyEnsemble_original,original,zip_value,6250,1,0,0.0,1,1.0,0,1,0,0,0.0,,0.0,,0.5410809877695794,0.12684989429175475,0.5504587155963303,-0.12684989429175475,,no_positive
without_billing_zip,EasyEnsemble_original,original,zip_value,6269,1,0,0.0,1,1.0,0,1,0,0,0.0,,0.0,,0.6090692099896604,0.12684989429175475,0.5504587155963303,-0.12684989429175475,,no_positive
without_billing_zip,EasyEnsemble_original,original,zip_value,6270,1,0,0.0,0,0.0,0,0,0,1,,,,,0.39835142606672275,0.12684989429175475,0.5504587155963303,,,no_positive
without_billing_zip,EasyEnsemble_original,original,zip_value,6272,1,0,0.0,1,1.0,0,1,0,0,0.0,,0.0,,0.5346464081406374,0.12684989429175475,0.5504587155963303,-0.12684989429175475,,no_positive
without_billing_zip,EasyEnsemble_original,original,zip_value,6285,1,0,0.0,1,1.0,0,1,0,0,0.0,,0.0,,0.5060902812460685,0.12684989429175475,0.5504587155963303,-0.12684989429175475,,no_positive
without_billing_zip,EasyEnsemble_original,original,zip_value,6292,1,0,0.0,0,0.0,0,0,0,1,,,,,0.3930893150259762,0.12684989429175475,0.5504587155963303,,,no_positive
without_billing_zip,EasyEnsemble_original,original,zip_value,6304,1,0,0.0,1,1.0,0,1,0,0,0.0,,0.0,,0.5593309640294339,0.12684989429175475,0.5504587155963303,-0.12684989429175475,,no_positive
without_billing_zip,EasyEnsemble_original,original,zip_value,6343,1,0,0.0,1,1.0,0,1,0,0,0.0,,0.0,,0.5747792462190626,0.12684989429175475,0.5504587155963303,-0.12684989429175475,,no_positive
without_billing_zip,EasyEnsemble_original,original,zip_value,6437,1,0,0.0,0,0.0,0,0,0,1,,,,,0.4959833042999886,0.12684989429175475,0.5504587155963303,,,no_positive
without_billing_zip,EasyEnsemble_original,original,zip_value,6465,1,0,0.0,0,0.0,0,0,0,1,,,,,0.4052855498300413,0.12684989429175475,0.5504587155963303,,,no_positive
without_billing_zip,EasyEnsemble_original,original,zip_value,6649,1,0,0.0,1,1.0,0,1,0,0,0.0,,0.0,,0.505846210153612,0.12684989429175475,0.5504587155963303,-0.12684989429175475,,no_positive
without_billing_zip,EasyEnsemble_original,original,zip_value,6701,1,0,0.0,1,1.0,0,1,0,0,0.0,,0.0,,0.579736248493324,0.12684989429175475,0.5504587155963303,-0.12684989429175475,,no_positive
without_billing_zip,EasyEnsemble_original,original,zip_value,6770,1,0,0.0,0,0.0,0,0,0,1,,,,,0.4052855498300413,0.12684989429175475,0.5504587155963303,,,no_positive
without_billing_zip,EasyEnsemble_original,original,zip_value,6826,1,0,0.0,0,0.0,0,0,0,1,,,,,0.4503056631169852,0.12684989429175475,0.5504587155963303,,,no_positive
without_billing_zip,EasyEnsemble_original,original,zip_value,6860,1,0,0.0,0,0.0,0,0,0,1,,,,,0.43938072729140687,0.12684989429175475,0.5504587155963303,,,no_positive
without_billing_zip,EasyEnsemble_original,original,zip_value,7007,1,0,0.0,0,0.0,0,0,0,1,,,,,0.3805289823813516,0.12684989429175475,0.5504587155963303,,,no_positive
without_billing_zip,EasyEnsemble_original,original,zip_value,8241,1,0,0.0,0,0.0,0,0,0,1,,,,,0.4052855498300413,0.12684989429175475,0.5504587155963303,,,no_positive
without_billing_zip,EasyEnsemble_original,original,zip_value,8260,1,0,0.0,0,0.0,0,0,0,1,,,,,0.39835142606672275,0.12684989429175475,0.5504587155963303,,,no_positive
without_billing_zip,EasyEnsemble_original,original,zip_value,8444,1,0,0.0,1,1.0,0,1,0,0,0.0,,0.0,,0.6060413274528099,0.12684989429175475,0.5504587155963303,-0.12684989429175475,,no_positive
without_billing_zip,EasyEnsemble_original,original,zip_value,8470,1,0,0.0,0,0.0,0,0,0,1,,,,,0.39835142606672275,0.12684989429175475,0.5504587155963303,,,no_positive
without_billing_zip,EasyEnsemble_original,original,zip_value,8939,1,0,0.0,1,1.0,0,1,0,0,0.0,,0.0,,0.5931601905763595,0.12684989429175475,0.5504587155963303,-0.12684989429175475,,no_positive
without_billing_zip,EasyEnsemble_original,original,zip_value,8948,1,0,0.0,1,1.0,0,1,0,0,0.0,,0.0,,0.5916348287183922,0.12684989429175475,0.5504587155963303,-0.12684989429175475,,no_positive
