case_label,variant,model,scenario,fn_cost,fp_cost,retention_rate,threshold,expected_net_value,tp,fp,fn,tn,recall,precision,f1
LR_no_zip_f1,without_billing_zip,LogisticRegression_SMOTE,optimistic_low_campaign_cost,5400.0,30.0,0.6,0.01,299940.0,107,1558,2,21,0.981651376146789,0.06426426426426426,0.12063134160090191
LR_no_zip_f1,without_billing_zip,LogisticRegression_SMOTE,optimistic_low_campaign_cost,5400.0,30.0,0.6,0.02,299970.0,107,1557,2,22,0.981651376146789,0.06430288461538461,0.12069937958262832
LR_no_zip_f1,without_billing_zip,LogisticRegression_SMOTE,optimistic_low_campaign_cost,5400.0,30.0,0.6,0.03,300270.0,107,1547,2,32,0.981651376146789,0.06469165659008465,0.12138400453771979
LR_no_zip_f1,without_billing_zip,LogisticRegression_SMOTE,optimistic_low_campaign_cost,5400.0,30.0,0.6,0.04,297390.0,106,1535,3,44,0.9724770642201835,0.06459475929311395,0.12114285714285715
LR_no_zip_f1,without_billing_zip,LogisticRegression_SMOTE,optimistic_low_campaign_cost,5400.0,30.0,0.6,0.05,297600.0,106,1528,3,51,0.9724770642201835,0.06487148102815178,0.12162937464142283
LR_no_zip_f1,without_billing_zip,LogisticRegression_SMOTE,optimistic_low_campaign_cost,5400.0,30.0,0.6,0.06,294600.0,105,1520,4,59,0.963302752293578,0.06461538461538462,0.12110726643598616
LR_no_zip_f1,without_billing_zip,LogisticRegression_SMOTE,optimistic_low_campaign_cost,5400.0,30.0,0.6,0.07,291600.0,104,1512,5,67,0.9541284403669725,0.06435643564356436,0.12057971014492753
LR_no_zip_f1,without_billing_zip,LogisticRegression_SMOTE,optimistic_low_campaign_cost,5400.0,30.0,0.6,0.08,291750.0,104,1507,5,72,0.9541284403669725,0.06455617628801986,0.12093023255813953
LR_no_zip_f1,without_billing_zip,LogisticRegression_SMOTE,optimistic_low_campaign_cost,5400.0,30.0,0.6,0.09,291990.0,104,1499,5,80,0.9541284403669725,0.06487835308796007,0.12149532710280374
LR_no_zip_f1,without_billing_zip,LogisticRegression_SMOTE,optimistic_low_campaign_cost,5400.0,30.0,0.6,0.1,285810.0,102,1489,7,90,0.9357798165137615,0.06411062225015714,0.12
LR_no_zip_f1,without_billing_zip,LogisticRegression_SMOTE,optimistic_low_campaign_cost,5400.0,30.0,0.6,0.11,286080.0,102,1480,7,99,0.9357798165137615,0.06447534766118837,0.12063867534003549
LR_no_zip_f1,without_billing_zip,LogisticRegression_SMOTE,optimistic_low_campaign_cost,5400.0,30.0,0.6,0.12,283020.0,101,1474,8,105,0.926605504587156,0.06412698412698413,0.11995249406175772
LR_no_zip_f1,without_billing_zip,LogisticRegression_SMOTE,optimistic_low_campaign_cost,5400.0,30.0,0.6,0.13,283260.0,101,1466,8,113,0.926605504587156,0.06445437141033823,0.12052505966587113
LR_no_zip_f1,without_billing_zip,LogisticRegression_SMOTE,optimistic_low_campaign_cost,5400.0,30.0,0.6,0.14,283440.0,101,1460,8,119,0.926605504587156,0.0647021140294683,0.12095808383233533
LR_no_zip_f1,without_billing_zip,LogisticRegression_SMOTE,optimistic_low_campaign_cost,5400.0,30.0,0.6,0.15,277290.0,99,1449,10,130,0.908256880733945,0.06395348837209303,0.11949305974652988
LR_no_zip_f1,without_billing_zip,LogisticRegression_SMOTE,optimistic_low_campaign_cost,5400.0,30.0,0.6,0.16,277650.0,99,1437,10,142,0.908256880733945,0.064453125,0.12036474164133738
LR_no_zip_f1,without_billing_zip,LogisticRegression_SMOTE,optimistic_low_campaign_cost,5400.0,30.0,0.6,0.17,278190.0,99,1419,10,160,0.908256880733945,0.06521739130434782,0.12169637369391519
LR_no_zip_f1,without_billing_zip,LogisticRegression_SMOTE,optimistic_low_campaign_cost,5400.0,30.0,0.6,0.18,272670.0,97,1387,12,192,0.8899082568807339,0.06536388140161725,0.12178279974890144
LR_no_zip_f1,without_billing_zip,LogisticRegression_SMOTE,optimistic_low_campaign_cost,5400.0,30.0,0.6,0.19,273390.0,97,1363,12,216,0.8899082568807339,0.06643835616438357,0.12364563416188655
LR_no_zip_f1,without_billing_zip,LogisticRegression_SMOTE,optimistic_low_campaign_cost,5400.0,30.0,0.6,0.2,271080.0,96,1332,13,247,0.8807339449541285,0.06722689075630252,0.12491867273910215
LR_no_zip_f1,without_billing_zip,LogisticRegression_SMOTE,optimistic_low_campaign_cost,5400.0,30.0,0.6,0.21,268800.0,95,1300,14,279,0.8715596330275229,0.06810035842293907,0.12632978723404256
LR_no_zip_f1,without_billing_zip,LogisticRegression_SMOTE,optimistic_low_campaign_cost,5400.0,30.0,0.6,0.22,266490.0,94,1269,15,310,0.8623853211009175,0.06896551724137931,0.12771739130434784
LR_no_zip_f1,without_billing_zip,LogisticRegression_SMOTE,optimistic_low_campaign_cost,5400.0,30.0,0.6,0.23,261270.0,92,1227,17,352,0.8440366972477065,0.06974981046247157,0.12885154061624648
LR_no_zip_f1,without_billing_zip,LogisticRegression_SMOTE,optimistic_low_campaign_cost,5400.0,30.0,0.6,0.24,259500.0,91,1178,18,401,0.8348623853211009,0.07171000788022065,0.1320754716981132
LR_no_zip_f1,without_billing_zip,LogisticRegression_SMOTE,optimistic_low_campaign_cost,5400.0,30.0,0.6,0.25,260550.0,91,1143,18,436,0.8348623853211009,0.07374392220421394,0.1355174981384959
LR_no_zip_f1,without_billing_zip,LogisticRegression_SMOTE,optimistic_low_campaign_cost,5400.0,30.0,0.6,0.26,255210.0,89,1105,20,474,0.8165137614678899,0.0745393634840871,0.13660782808902533
LR_no_zip_f1,without_billing_zip,LogisticRegression_SMOTE,optimistic_low_campaign_cost,5400.0,30.0,0.6,0.27,249930.0,87,1065,22,514,0.7981651376146789,0.07552083333333333,0.1379857256145916
LR_no_zip_f1,without_billing_zip,LogisticRegression_SMOTE,optimistic_low_campaign_cost,5400.0,30.0,0.6,0.28,238350.0,83,1019,26,560,0.7614678899082569,0.07531760435571688,0.1370767960363336
LR_no_zip_f1,without_billing_zip,LogisticRegression_SMOTE,optimistic_low_campaign_cost,5400.0,30.0,0.6,0.29,233280.0,81,972,28,607,0.7431192660550459,0.07692307692307693,0.13941480206540446
LR_no_zip_f1,without_billing_zip,LogisticRegression_SMOTE,optimistic_low_campaign_cost,5400.0,30.0,0.6,0.3,215100.0,75,930,34,649,0.6880733944954128,0.07462686567164178,0.13464991023339318
LR_no_zip_f1,without_billing_zip,LogisticRegression_SMOTE,optimistic_low_campaign_cost,5400.0,30.0,0.6,0.31,207210.0,72,869,37,710,0.6605504587155964,0.0765143464399575,0.13714285714285715
LR_no_zip_f1,without_billing_zip,LogisticRegression_SMOTE,optimistic_low_campaign_cost,5400.0,30.0,0.6,0.32,198480.0,69,836,40,743,0.6330275229357798,0.07624309392265194,0.13609467455621302
LR_no_zip_f1,without_billing_zip,LogisticRegression_SMOTE,optimistic_low_campaign_cost,5400.0,30.0,0.6,0.33,190020.0,66,794,43,785,0.6055045871559633,0.07674418604651163,0.13622291021671826
LR_no_zip_f1,without_billing_zip,LogisticRegression_SMOTE,optimistic_low_campaign_cost,5400.0,30.0,0.6,0.34,181170.0,63,765,46,814,0.5779816513761468,0.07608695652173914,0.1344717182497332
LR_no_zip_f1,without_billing_zip,LogisticRegression_SMOTE,optimistic_low_campaign_cost,5400.0,30.0,0.6,0.35,175890.0,61,725,48,854,0.5596330275229358,0.07760814249363868,0.13631284916201117
LR_no_zip_f1,without_billing_zip,LogisticRegression_SMOTE,optimistic_low_campaign_cost,5400.0,30.0,0.6,0.36,164160.0,57,684,52,895,0.5229357798165137,0.07692307692307693,0.13411764705882354
LR_no_zip_f1,without_billing_zip,LogisticRegression_SMOTE,optimistic_low_campaign_cost,5400.0,30.0,0.6,0.37,152670.0,53,635,56,944,0.48623853211009177,0.07703488372093023,0.1329987452948557
LR_no_zip_f1,without_billing_zip,LogisticRegression_SMOTE,optimistic_low_campaign_cost,5400.0,30.0,0.6,0.38,134130.0,47,605,62,974,0.43119266055045874,0.07208588957055215,0.12352168199737187
LR_no_zip_f1,without_billing_zip,LogisticRegression_SMOTE,optimistic_low_campaign_cost,5400.0,30.0,0.6,0.39,122280.0,43,568,66,1011,0.3944954128440367,0.07037643207855974,0.11944444444444445
LR_no_zip_f1,without_billing_zip,LogisticRegression_SMOTE,optimistic_low_campaign_cost,5400.0,30.0,0.6,0.4,120480.0,42,520,67,1059,0.3853211009174312,0.07473309608540925,0.12518628912071536
LR_no_zip_f1,without_billing_zip,LogisticRegression_SMOTE,optimistic_low_campaign_cost,5400.0,30.0,0.6,0.41,115680.0,40,464,69,1115,0.3669724770642202,0.07936507936507936,0.13050570962479607
LR_no_zip_f1,without_billing_zip,LogisticRegression_SMOTE,optimistic_low_campaign_cost,5400.0,30.0,0.6,0.42,113490.0,39,429,70,1150,0.3577981651376147,0.08333333333333333,0.13518197573656845
LR_no_zip_f1,without_billing_zip,LogisticRegression_SMOTE,optimistic_low_campaign_cost,5400.0,30.0,0.6,0.43,111210.0,38,397,71,1182,0.3486238532110092,0.08735632183908046,0.13970588235294118
LR_no_zip_f1,without_billing_zip,LogisticRegression_SMOTE,optimistic_low_campaign_cost,5400.0,30.0,0.6,0.44,105510.0,36,371,73,1208,0.3302752293577982,0.08845208845208845,0.13953488372093023
LR_no_zip_f1,without_billing_zip,LogisticRegression_SMOTE,optimistic_low_campaign_cost,5400.0,30.0,0.6,0.45,93540.0,32,338,77,1241,0.29357798165137616,0.08648648648648649,0.1336116910229645
LR_no_zip_f1,without_billing_zip,LogisticRegression_SMOTE,optimistic_low_campaign_cost,5400.0,30.0,0.6,0.46,94350.0,32,311,77,1268,0.29357798165137616,0.09329446064139942,0.1415929203539823
LR_no_zip_f1,without_billing_zip,LogisticRegression_SMOTE,optimistic_low_campaign_cost,5400.0,30.0,0.6,0.47,91830.0,31,287,78,1292,0.28440366972477066,0.09748427672955975,0.1451990632318501
LR_no_zip_f1,without_billing_zip,LogisticRegression_SMOTE,optimistic_low_campaign_cost,5400.0,30.0,0.6,0.48,92820.0,31,254,78,1325,0.28440366972477066,0.10877192982456141,0.15736040609137056
LR_no_zip_f1,without_billing_zip,LogisticRegression_SMOTE,optimistic_low_campaign_cost,5400.0,30.0,0.6,0.49,86970.0,29,233,80,1346,0.26605504587155965,0.11068702290076336,0.15633423180592992
LR_no_zip_f1,without_billing_zip,LogisticRegression_SMOTE,optimistic_low_campaign_cost,5400.0,30.0,0.6,0.5,87750.0,29,207,80,1372,0.26605504587155965,0.1228813559322034,0.1681159420289855
LR_no_zip_f1,without_billing_zip,LogisticRegression_SMOTE,optimistic_low_campaign_cost,5400.0,30.0,0.6,0.51,81900.0,27,186,82,1393,0.24770642201834864,0.1267605633802817,0.16770186335403728
LR_no_zip_f1,without_billing_zip,LogisticRegression_SMOTE,optimistic_low_campaign_cost,5400.0,30.0,0.6,0.52,76170.0,25,161,84,1418,0.22935779816513763,0.13440860215053763,0.1694915254237288
LR_no_zip_f1,without_billing_zip,LogisticRegression_SMOTE,optimistic_low_campaign_cost,5400.0,30.0,0.6,0.53,73320.0,24,148,85,1431,0.22018348623853212,0.13953488372093023,0.1708185053380783
LR_no_zip_f1,without_billing_zip,LogisticRegression_SMOTE,optimistic_low_campaign_cost,5400.0,30.0,0.6,0.54,57720.0,19,128,90,1451,0.1743119266055046,0.1292517006802721,0.1484375
LR_no_zip_f1,without_billing_zip,LogisticRegression_SMOTE,optimistic_low_campaign_cost,5400.0,30.0,0.6,0.55,51570.0,17,117,92,1462,0.1559633027522936,0.12686567164179105,0.13991769547325103
LR_no_zip_f1,without_billing_zip,LogisticRegression_SMOTE,optimistic_low_campaign_cost,5400.0,30.0,0.6,0.56,48630.0,16,107,93,1472,0.14678899082568808,0.13008130081300814,0.13793103448275862
LR_no_zip_f1,without_billing_zip,LogisticRegression_SMOTE,optimistic_low_campaign_cost,5400.0,30.0,0.6,0.57,42330.0,14,101,95,1478,0.12844036697247707,0.12173913043478261,0.125
LR_no_zip_f1,without_billing_zip,LogisticRegression_SMOTE,optimistic_low_campaign_cost,5400.0,30.0,0.6,0.58,36270.0,12,87,97,1492,0.11009174311926606,0.12121212121212122,0.11538461538461539
LR_no_zip_f1,without_billing_zip,LogisticRegression_SMOTE,optimistic_low_campaign_cost,5400.0,30.0,0.6,0.59,30090.0,10,77,99,1502,0.09174311926605505,0.11494252873563218,0.10204081632653061
LR_no_zip_f1,without_billing_zip,LogisticRegression_SMOTE,optimistic_low_campaign_cost,5400.0,30.0,0.6,0.6,23790.0,8,71,101,1508,0.07339449541284404,0.10126582278481013,0.0851063829787234
LR_no_zip_f1,without_billing_zip,LogisticRegression_SMOTE,optimistic_low_campaign_cost,5400.0,30.0,0.6,0.61,20790.0,7,63,102,1516,0.06422018348623854,0.1,0.0782122905027933
LR_no_zip_f1,without_billing_zip,LogisticRegression_SMOTE,optimistic_low_campaign_cost,5400.0,30.0,0.6,0.62,17730.0,6,57,103,1522,0.05504587155963303,0.09523809523809523,0.06976744186046512
LR_no_zip_f1,without_billing_zip,LogisticRegression_SMOTE,optimistic_low_campaign_cost,5400.0,30.0,0.6,0.63,17940.0,6,50,103,1529,0.05504587155963303,0.10714285714285714,0.07272727272727272
LR_no_zip_f1,without_billing_zip,LogisticRegression_SMOTE,optimistic_low_campaign_cost,5400.0,30.0,0.6,0.64,11580.0,4,46,105,1533,0.03669724770642202,0.08,0.050314465408805034
LR_no_zip_f1,without_billing_zip,LogisticRegression_SMOTE,optimistic_low_campaign_cost,5400.0,30.0,0.6,0.65,8490.0,3,41,106,1538,0.027522935779816515,0.06818181818181818,0.0392156862745098
LR_no_zip_f1,without_billing_zip,LogisticRegression_SMOTE,optimistic_low_campaign_cost,5400.0,30.0,0.6,0.66,8580.0,3,38,106,1541,0.027522935779816515,0.07317073170731707,0.04
LR_no_zip_f1,without_billing_zip,LogisticRegression_SMOTE,optimistic_low_campaign_cost,5400.0,30.0,0.6,0.67,8610.0,3,37,106,1542,0.027522935779816515,0.075,0.040268456375838924
LR_no_zip_f1,without_billing_zip,LogisticRegression_SMOTE,optimistic_low_campaign_cost,5400.0,30.0,0.6,0.68,8730.0,3,33,106,1546,0.027522935779816515,0.08333333333333333,0.041379310344827586
LR_no_zip_f1,without_billing_zip,LogisticRegression_SMOTE,optimistic_low_campaign_cost,5400.0,30.0,0.6,0.69,5550.0,2,31,107,1548,0.01834862385321101,0.06060606060606061,0.028169014084507043
LR_no_zip_f1,without_billing_zip,LogisticRegression_SMOTE,optimistic_low_campaign_cost,5400.0,30.0,0.6,0.7,5610.0,2,29,107,1550,0.01834862385321101,0.06451612903225806,0.02857142857142857
LR_no_zip_f1,without_billing_zip,LogisticRegression_SMOTE,optimistic_low_campaign_cost,5400.0,30.0,0.6,0.71,5790.0,2,23,107,1556,0.01834862385321101,0.08,0.029850746268656716
LR_no_zip_f1,without_billing_zip,LogisticRegression_SMOTE,optimistic_low_campaign_cost,5400.0,30.0,0.6,0.72,5850.0,2,21,107,1558,0.01834862385321101,0.08695652173913043,0.030303030303030304
LR_no_zip_f1,without_billing_zip,LogisticRegression_SMOTE,optimistic_low_campaign_cost,5400.0,30.0,0.6,0.73,5910.0,2,19,107,1560,0.01834862385321101,0.09523809523809523,0.03076923076923077
LR_no_zip_f1,without_billing_zip,LogisticRegression_SMOTE,optimistic_low_campaign_cost,5400.0,30.0,0.6,0.74,5970.0,2,17,107,1562,0.01834862385321101,0.10526315789473684,0.03125
LR_no_zip_f1,without_billing_zip,LogisticRegression_SMOTE,optimistic_low_campaign_cost,5400.0,30.0,0.6,0.75,2790.0,1,15,108,1564,0.009174311926605505,0.0625,0.016
LR_no_zip_f1,without_billing_zip,LogisticRegression_SMOTE,optimistic_low_campaign_cost,5400.0,30.0,0.6,0.76,2850.0,1,13,108,1566,0.009174311926605505,0.07142857142857142,0.016260162601626018
LR_no_zip_f1,without_billing_zip,LogisticRegression_SMOTE,optimistic_low_campaign_cost,5400.0,30.0,0.6,0.77,-390.0,0,13,109,1566,0.0,0.0,0.0
LR_no_zip_f1,without_billing_zip,LogisticRegression_SMOTE,optimistic_low_campaign_cost,5400.0,30.0,0.6,0.78,-360.0,0,12,109,1567,0.0,0.0,0.0
LR_no_zip_f1,without_billing_zip,LogisticRegression_SMOTE,optimistic_low_campaign_cost,5400.0,30.0,0.6,0.79,-300.0,0,10,109,1569,0.0,0.0,0.0
LR_no_zip_f1,without_billing_zip,LogisticRegression_SMOTE,optimistic_low_campaign_cost,5400.0,30.0,0.6,0.8,-270.0,0,9,109,1570,0.0,0.0,0.0
LR_no_zip_f1,without_billing_zip,LogisticRegression_SMOTE,optimistic_low_campaign_cost,5400.0,30.0,0.6,0.81,-180.0,0,6,109,1573,0.0,0.0,0.0
LR_no_zip_f1,without_billing_zip,LogisticRegression_SMOTE,optimistic_low_campaign_cost,5400.0,30.0,0.6,0.82,-120.0,0,4,109,1575,0.0,0.0,0.0
LR_no_zip_f1,without_billing_zip,LogisticRegression_SMOTE,optimistic_low_campaign_cost,5400.0,30.0,0.6,0.83,-120.0,0,4,109,1575,0.0,0.0,0.0
LR_no_zip_f1,without_billing_zip,LogisticRegression_SMOTE,optimistic_low_campaign_cost,5400.0,30.0,0.6,0.84,-120.0,0,4,109,1575,0.0,0.0,0.0
LR_no_zip_f1,without_billing_zip,LogisticRegression_SMOTE,optimistic_low_campaign_cost,5400.0,30.0,0.6,0.85,-120.0,0,4,109,1575,0.0,0.0,0.0
LR_no_zip_f1,without_billing_zip,LogisticRegression_SMOTE,optimistic_low_campaign_cost,5400.0,30.0,0.6,0.86,-120.0,0,4,109,1575,0.0,0.0,0.0
LR_no_zip_f1,without_billing_zip,LogisticRegression_SMOTE,optimistic_low_campaign_cost,5400.0,30.0,0.6,0.87,-120.0,0,4,109,1575,0.0,0.0,0.0
LR_no_zip_f1,without_billing_zip,LogisticRegression_SMOTE,optimistic_low_campaign_cost,5400.0,30.0,0.6,0.88,-90.0,0,3,109,1576,0.0,0.0,0.0
LR_no_zip_f1,without_billing_zip,LogisticRegression_SMOTE,optimistic_low_campaign_cost,5400.0,30.0,0.6,0.89,-90.0,0,3,109,1576,0.0,0.0,0.0
LR_no_zip_f1,without_billing_zip,LogisticRegression_SMOTE,optimistic_low_campaign_cost,5400.0,30.0,0.6,0.9,-60.0,0,2,109,1577,0.0,0.0,0.0
LR_no_zip_f1,without_billing_zip,LogisticRegression_SMOTE,optimistic_low_campaign_cost,5400.0,30.0,0.6,0.91,-30.0,0,1,109,1578,0.0,0.0,0.0
LR_no_zip_f1,without_billing_zip,LogisticRegression_SMOTE,optimistic_low_campaign_cost,5400.0,30.0,0.6,0.92,-30.0,0,1,109,1578,0.0,0.0,0.0
LR_no_zip_f1,without_billing_zip,LogisticRegression_SMOTE,optimistic_low_campaign_cost,5400.0,30.0,0.6,0.93,-30.0,0,1,109,1578,0.0,0.0,0.0
LR_no_zip_f1,without_billing_zip,LogisticRegression_SMOTE,optimistic_low_campaign_cost,5400.0,30.0,0.6,0.94,-30.0,0,1,109,1578,0.0,0.0,0.0
LR_no_zip_f1,without_billing_zip,LogisticRegression_SMOTE,optimistic_low_campaign_cost,5400.0,30.0,0.6,0.95,-30.0,0,1,109,1578,0.0,0.0,0.0
LR_no_zip_f1,without_billing_zip,LogisticRegression_SMOTE,optimistic_low_campaign_cost,5400.0,30.0,0.6,0.96,-30.0,0,1,109,1578,0.0,0.0,0.0
LR_no_zip_f1,without_billing_zip,LogisticRegression_SMOTE,optimistic_low_campaign_cost,5400.0,30.0,0.6,0.97,-30.0,0,1,109,1578,0.0,0.0,0.0
LR_no_zip_f1,without_billing_zip,LogisticRegression_SMOTE,optimistic_low_campaign_cost,5400.0,30.0,0.6,0.98,-30.0,0,1,109,1578,0.0,0.0,0.0
LR_no_zip_f1,without_billing_zip,LogisticRegression_SMOTE,optimistic_low_campaign_cost,5400.0,30.0,0.6,0.99,-30.0,0,1,109,1578,0.0,0.0,0.0
LR_no_zip_f1,without_billing_zip,LogisticRegression_SMOTE,paper_baseline,5400.0,120.0,0.6,0.01,159720.0,107,1558,2,21,0.981651376146789,0.06426426426426426,0.12063134160090191
LR_no_zip_f1,without_billing_zip,LogisticRegression_SMOTE,paper_baseline,5400.0,120.0,0.6,0.02,159840.0,107,1557,2,22,0.981651376146789,0.06430288461538461,0.12069937958262832
LR_no_zip_f1,without_billing_zip,LogisticRegression_SMOTE,paper_baseline,5400.0,120.0,0.6,0.03,161040.0,107,1547,2,32,0.981651376146789,0.06469165659008465,0.12138400453771979
LR_no_zip_f1,without_billing_zip,LogisticRegression_SMOTE,paper_baseline,5400.0,120.0,0.6,0.04,159240.0,106,1535,3,44,0.9724770642201835,0.06459475929311395,0.12114285714285715
LR_no_zip_f1,without_billing_zip,LogisticRegression_SMOTE,paper_baseline,5400.0,120.0,0.6,0.05,160080.0,106,1528,3,51,0.9724770642201835,0.06487148102815178,0.12162937464142283
LR_no_zip_f1,without_billing_zip,LogisticRegression_SMOTE,paper_baseline,5400.0,120.0,0.6,0.06,157800.0,105,1520,4,59,0.963302752293578,0.06461538461538462,0.12110726643598616
LR_no_zip_f1,without_billing_zip,LogisticRegression_SMOTE,paper_baseline,5400.0,120.0,0.6,0.07,155520.0,104,1512,5,67,0.9541284403669725,0.06435643564356436,0.12057971014492753
LR_no_zip_f1,without_billing_zip,LogisticRegression_SMOTE,paper_baseline,5400.0,120.0,0.6,0.08,156120.0,104,1507,5,72,0.9541284403669725,0.06455617628801986,0.12093023255813953
LR_no_zip_f1,without_billing_zip,LogisticRegression_SMOTE,paper_baseline,5400.0,120.0,0.6,0.09,157080.0,104,1499,5,80,0.9541284403669725,0.06487835308796007,0.12149532710280374
LR_no_zip_f1,without_billing_zip,LogisticRegression_SMOTE,paper_baseline,5400.0,120.0,0.6,0.1,151800.0,102,1489,7,90,0.9357798165137615,0.06411062225015714,0.12
LR_no_zip_f1,without_billing_zip,LogisticRegression_SMOTE,paper_baseline,5400.0,120.0,0.6,0.11,152880.0,102,1480,7,99,0.9357798165137615,0.06447534766118837,0.12063867534003549
LR_no_zip_f1,without_billing_zip,LogisticRegression_SMOTE,paper_baseline,5400.0,120.0,0.6,0.12,150360.0,101,1474,8,105,0.926605504587156,0.06412698412698413,0.11995249406175772
LR_no_zip_f1,without_billing_zip,LogisticRegression_SMOTE,paper_baseline,5400.0,120.0,0.6,0.13,151320.0,101,1466,8,113,0.926605504587156,0.06445437141033823,0.12052505966587113
LR_no_zip_f1,without_billing_zip,LogisticRegression_SMOTE,paper_baseline,5400.0,120.0,0.6,0.14,152040.0,101,1460,8,119,0.926605504587156,0.0647021140294683,0.12095808383233533
LR_no_zip_f1,without_billing_zip,LogisticRegression_SMOTE,paper_baseline,5400.0,120.0,0.6,0.15,146880.0,99,1449,10,130,0.908256880733945,0.06395348837209303,0.11949305974652988
LR_no_zip_f1,without_billing_zip,LogisticRegression_SMOTE,paper_baseline,5400.0,120.0,0.6,0.16,148320.0,99,1437,10,142,0.908256880733945,0.064453125,0.12036474164133738
LR_no_zip_f1,without_billing_zip,LogisticRegression_SMOTE,paper_baseline,5400.0,120.0,0.6,0.17,150480.0,99,1419,10,160,0.908256880733945,0.06521739130434782,0.12169637369391519
LR_no_zip_f1,without_billing_zip,LogisticRegression_SMOTE,paper_baseline,5400.0,120.0,0.6,0.18,147840.0,97,1387,12,192,0.8899082568807339,0.06536388140161725,0.12178279974890144
LR_no_zip_f1,without_billing_zip,LogisticRegression_SMOTE,paper_baseline,5400.0,120.0,0.6,0.19,150720.0,97,1363,12,216,0.8899082568807339,0.06643835616438357,0.12364563416188655
LR_no_zip_f1,without_billing_zip,LogisticRegression_SMOTE,paper_baseline,5400.0,120.0,0.6,0.2,151200.0,96,1332,13,247,0.8807339449541285,0.06722689075630252,0.12491867273910215
LR_no_zip_f1,without_billing_zip,LogisticRegression_SMOTE,paper_baseline,5400.0,120.0,0.6,0.21,151800.0,95,1300,14,279,0.8715596330275229,0.06810035842293907,0.12632978723404256
LR_no_zip_f1,without_billing_zip,LogisticRegression_SMOTE,paper_baseline,5400.0,120.0,0.6,0.22,152280.0,94,1269,15,310,0.8623853211009175,0.06896551724137931,0.12771739130434784
LR_no_zip_f1,without_billing_zip,LogisticRegression_SMOTE,paper_baseline,5400.0,120.0,0.6,0.23,150840.0,92,1227,17,352,0.8440366972477065,0.06974981046247157,0.12885154061624648
LR_no_zip_f1,without_billing_zip,LogisticRegression_SMOTE,paper_baseline,5400.0,120.0,0.6,0.24,153480.0,91,1178,18,401,0.8348623853211009,0.07171000788022065,0.1320754716981132
LR_no_zip_f1,without_billing_zip,LogisticRegression_SMOTE,paper_baseline,5400.0,120.0,0.6,0.25,157680.0,91,1143,18,436,0.8348623853211009,0.07374392220421394,0.1355174981384959
LR_no_zip_f1,without_billing_zip,LogisticRegression_SMOTE,paper_baseline,5400.0,120.0,0.6,0.26,155760.0,89,1105,20,474,0.8165137614678899,0.0745393634840871,0.13660782808902533
LR_no_zip_f1,without_billing_zip,LogisticRegression_SMOTE,paper_baseline,5400.0,120.0,0.6,0.27,154080.0,87,1065,22,514,0.7981651376146789,0.07552083333333333,0.1379857256145916
LR_no_zip_f1,without_billing_zip,LogisticRegression_SMOTE,paper_baseline,5400.0,120.0,0.6,0.28,146640.0,83,1019,26,560,0.7614678899082569,0.07531760435571688,0.1370767960363336
LR_no_zip_f1,without_billing_zip,LogisticRegression_SMOTE,paper_baseline,5400.0,120.0,0.6,0.29,145800.0,81,972,28,607,0.7431192660550459,0.07692307692307693,0.13941480206540446
LR_no_zip_f1,without_billing_zip,LogisticRegression_SMOTE,paper_baseline,5400.0,120.0,0.6,0.3,131400.0,75,930,34,649,0.6880733944954128,0.07462686567164178,0.13464991023339318
LR_no_zip_f1,without_billing_zip,LogisticRegression_SMOTE,paper_baseline,5400.0,120.0,0.6,0.31,129000.0,72,869,37,710,0.6605504587155964,0.0765143464399575,0.13714285714285715
LR_no_zip_f1,without_billing_zip,LogisticRegression_SMOTE,paper_baseline,5400.0,120.0,0.6,0.32,123240.0,69,836,40,743,0.6330275229357798,0.07624309392265194,0.13609467455621302
LR_no_zip_f1,without_billing_zip,LogisticRegression_SMOTE,paper_baseline,5400.0,120.0,0.6,0.33,118560.0,66,794,43,785,0.6055045871559633,0.07674418604651163,0.13622291021671826
LR_no_zip_f1,without_billing_zip,LogisticRegression_SMOTE,paper_baseline,5400.0,120.0,0.6,0.34,112320.0,63,765,46,814,0.5779816513761468,0.07608695652173914,0.1344717182497332
LR_no_zip_f1,without_billing_zip,LogisticRegression_SMOTE,paper_baseline,5400.0,120.0,0.6,0.35,110640.0,61,725,48,854,0.5596330275229358,0.07760814249363868,0.13631284916201117
LR_no_zip_f1,without_billing_zip,LogisticRegression_SMOTE,paper_baseline,5400.0,120.0,0.6,0.36,102600.0,57,684,52,895,0.5229357798165137,0.07692307692307693,0.13411764705882354
LR_no_zip_f1,without_billing_zip,LogisticRegression_SMOTE,paper_baseline,5400.0,120.0,0.6,0.37,95520.0,53,635,56,944,0.48623853211009177,0.07703488372093023,0.1329987452948557
LR_no_zip_f1,without_billing_zip,LogisticRegression_SMOTE,paper_baseline,5400.0,120.0,0.6,0.38,79680.0,47,605,62,974,0.43119266055045874,0.07208588957055215,0.12352168199737187
LR_no_zip_f1,without_billing_zip,LogisticRegression_SMOTE,paper_baseline,5400.0,120.0,0.6,0.39,71160.0,43,568,66,1011,0.3944954128440367,0.07037643207855974,0.11944444444444445
LR_no_zip_f1,without_billing_zip,LogisticRegression_SMOTE,paper_baseline,5400.0,120.0,0.6,0.4,73680.0,42,520,67,1059,0.3853211009174312,0.07473309608540925,0.12518628912071536
LR_no_zip_f1,without_billing_zip,LogisticRegression_SMOTE,paper_baseline,5400.0,120.0,0.6,0.41,73920.0,40,464,69,1115,0.3669724770642202,0.07936507936507936,0.13050570962479607
LR_no_zip_f1,without_billing_zip,LogisticRegression_SMOTE,paper_baseline,5400.0,120.0,0.6,0.42,74880.0,39,429,70,1150,0.3577981651376147,0.08333333333333333,0.13518197573656845
LR_no_zip_f1,without_billing_zip,LogisticRegression_SMOTE,paper_baseline,5400.0,120.0,0.6,0.43,75480.0,38,397,71,1182,0.3486238532110092,0.08735632183908046,0.13970588235294118
LR_no_zip_f1,without_billing_zip,LogisticRegression_SMOTE,paper_baseline,5400.0,120.0,0.6,0.44,72120.0,36,371,73,1208,0.3302752293577982,0.08845208845208845,0.13953488372093023
LR_no_zip_f1,without_billing_zip,LogisticRegression_SMOTE,paper_baseline,5400.0,120.0,0.6,0.45,63120.0,32,338,77,1241,0.29357798165137616,0.08648648648648649,0.1336116910229645
LR_no_zip_f1,without_billing_zip,LogisticRegression_SMOTE,paper_baseline,5400.0,120.0,0.6,0.46,66360.0,32,311,77,1268,0.29357798165137616,0.09329446064139942,0.1415929203539823
LR_no_zip_f1,without_billing_zip,LogisticRegression_SMOTE,paper_baseline,5400.0,120.0,0.6,0.47,66000.0,31,287,78,1292,0.28440366972477066,0.09748427672955975,0.1451990632318501
LR_no_zip_f1,without_billing_zip,LogisticRegression_SMOTE,paper_baseline,5400.0,120.0,0.6,0.48,69960.0,31,254,78,1325,0.28440366972477066,0.10877192982456141,0.15736040609137056
LR_no_zip_f1,without_billing_zip,LogisticRegression_SMOTE,paper_baseline,5400.0,120.0,0.6,0.49,66000.0,29,233,80,1346,0.26605504587155965,0.11068702290076336,0.15633423180592992
LR_no_zip_f1,without_billing_zip,LogisticRegression_SMOTE,paper_baseline,5400.0,120.0,0.6,0.5,69120.0,29,207,80,1372,0.26605504587155965,0.1228813559322034,0.1681159420289855
LR_no_zip_f1,without_billing_zip,LogisticRegression_SMOTE,paper_baseline,5400.0,120.0,0.6,0.51,65160.0,27,186,82,1393,0.24770642201834864,0.1267605633802817,0.16770186335403728
LR_no_zip_f1,without_billing_zip,LogisticRegression_SMOTE,paper_baseline,5400.0,120.0,0.6,0.52,61680.0,25,161,84,1418,0.22935779816513763,0.13440860215053763,0.1694915254237288
LR_no_zip_f1,without_billing_zip,LogisticRegression_SMOTE,paper_baseline,5400.0,120.0,0.6,0.53,60000.0,24,148,85,1431,0.22018348623853212,0.13953488372093023,0.1708185053380783
LR_no_zip_f1,without_billing_zip,LogisticRegression_SMOTE,paper_baseline,5400.0,120.0,0.6,0.54,46200.0,19,128,90,1451,0.1743119266055046,0.1292517006802721,0.1484375
LR_no_zip_f1,without_billing_zip,LogisticRegression_SMOTE,paper_baseline,5400.0,120.0,0.6,0.55,41040.0,17,117,92,1462,0.1559633027522936,0.12686567164179105,0.13991769547325103
LR_no_zip_f1,without_billing_zip,LogisticRegression_SMOTE,paper_baseline,5400.0,120.0,0.6,0.56,39000.0,16,107,93,1472,0.14678899082568808,0.13008130081300814,0.13793103448275862
LR_no_zip_f1,without_billing_zip,LogisticRegression_SMOTE,paper_baseline,5400.0,120.0,0.6,0.57,33240.0,14,101,95,1478,0.12844036697247707,0.12173913043478261,0.125
LR_no_zip_f1,without_billing_zip,LogisticRegression_SMOTE,paper_baseline,5400.0,120.0,0.6,0.58,28440.0,12,87,97,1492,0.11009174311926606,0.12121212121212122,0.11538461538461539
LR_no_zip_f1,without_billing_zip,LogisticRegression_SMOTE,paper_baseline,5400.0,120.0,0.6,0.59,23160.0,10,77,99,1502,0.09174311926605505,0.11494252873563218,0.10204081632653061
LR_no_zip_f1,without_billing_zip,LogisticRegression_SMOTE,paper_baseline,5400.0,120.0,0.6,0.6,17400.0,8,71,101,1508,0.07339449541284404,0.10126582278481013,0.0851063829787234
LR_no_zip_f1,without_billing_zip,LogisticRegression_SMOTE,paper_baseline,5400.0,120.0,0.6,0.61,15120.0,7,63,102,1516,0.06422018348623854,0.1,0.0782122905027933
LR_no_zip_f1,without_billing_zip,LogisticRegression_SMOTE,paper_baseline,5400.0,120.0,0.6,0.62,12600.0,6,57,103,1522,0.05504587155963303,0.09523809523809523,0.06976744186046512
LR_no_zip_f1,without_billing_zip,LogisticRegression_SMOTE,paper_baseline,5400.0,120.0,0.6,0.63,13440.0,6,50,103,1529,0.05504587155963303,0.10714285714285714,0.07272727272727272
LR_no_zip_f1,without_billing_zip,LogisticRegression_SMOTE,paper_baseline,5400.0,120.0,0.6,0.64,7440.0,4,46,105,1533,0.03669724770642202,0.08,0.050314465408805034
LR_no_zip_f1,without_billing_zip,LogisticRegression_SMOTE,paper_baseline,5400.0,120.0,0.6,0.65,4800.0,3,41,106,1538,0.027522935779816515,0.06818181818181818,0.0392156862745098
LR_no_zip_f1,without_billing_zip,LogisticRegression_SMOTE,paper_baseline,5400.0,120.0,0.6,0.66,5160.0,3,38,106,1541,0.027522935779816515,0.07317073170731707,0.04
LR_no_zip_f1,without_billing_zip,LogisticRegression_SMOTE,paper_baseline,5400.0,120.0,0.6,0.67,5280.0,3,37,106,1542,0.027522935779816515,0.075,0.040268456375838924
LR_no_zip_f1,without_billing_zip,LogisticRegression_SMOTE,paper_baseline,5400.0,120.0,0.6,0.68,5760.0,3,33,106,1546,0.027522935779816515,0.08333333333333333,0.041379310344827586
LR_no_zip_f1,without_billing_zip,LogisticRegression_SMOTE,paper_baseline,5400.0,120.0,0.6,0.69,2760.0,2,31,107,1548,0.01834862385321101,0.06060606060606061,0.028169014084507043
LR_no_zip_f1,without_billing_zip,LogisticRegression_SMOTE,paper_baseline,5400.0,120.0,0.6,0.7,3000.0,2,29,107,1550,0.01834862385321101,0.06451612903225806,0.02857142857142857
LR_no_zip_f1,without_billing_zip,LogisticRegression_SMOTE,paper_baseline,5400.0,120.0,0.6,0.71,3720.0,2,23,107,1556,0.01834862385321101,0.08,0.029850746268656716
LR_no_zip_f1,without_billing_zip,LogisticRegression_SMOTE,paper_baseline,5400.0,120.0,0.6,0.72,3960.0,2,21,107,1558,0.01834862385321101,0.08695652173913043,0.030303030303030304
LR_no_zip_f1,without_billing_zip,LogisticRegression_SMOTE,paper_baseline,5400.0,120.0,0.6,0.73,4200.0,2,19,107,1560,0.01834862385321101,0.09523809523809523,0.03076923076923077
LR_no_zip_f1,without_billing_zip,LogisticRegression_SMOTE,paper_baseline,5400.0,120.0,0.6,0.74,4440.0,2,17,107,1562,0.01834862385321101,0.10526315789473684,0.03125
LR_no_zip_f1,without_billing_zip,LogisticRegression_SMOTE,paper_baseline,5400.0,120.0,0.6,0.75,1440.0,1,15,108,1564,0.009174311926605505,0.0625,0.016
LR_no_zip_f1,without_billing_zip,LogisticRegression_SMOTE,paper_baseline,5400.0,120.0,0.6,0.76,1680.0,1,13,108,1566,0.009174311926605505,0.07142857142857142,0.016260162601626018
LR_no_zip_f1,without_billing_zip,LogisticRegression_SMOTE,paper_baseline,5400.0,120.0,0.6,0.77,-1560.0,0,13,109,1566,0.0,0.0,0.0
LR_no_zip_f1,without_billing_zip,LogisticRegression_SMOTE,paper_baseline,5400.0,120.0,0.6,0.78,-1440.0,0,12,109,1567,0.0,0.0,0.0
LR_no_zip_f1,without_billing_zip,LogisticRegression_SMOTE,paper_baseline,5400.0,120.0,0.6,0.79,-1200.0,0,10,109,1569,0.0,0.0,0.0
LR_no_zip_f1,without_billing_zip,LogisticRegression_SMOTE,paper_baseline,5400.0,120.0,0.6,0.8,-1080.0,0,9,109,1570,0.0,0.0,0.0
LR_no_zip_f1,without_billing_zip,LogisticRegression_SMOTE,paper_baseline,5400.0,120.0,0.6,0.81,-720.0,0,6,109,1573,0.0,0.0,0.0
LR_no_zip_f1,without_billing_zip,LogisticRegression_SMOTE,paper_baseline,5400.0,120.0,0.6,0.82,-480.0,0,4,109,1575,0.0,0.0,0.0
LR_no_zip_f1,without_billing_zip,LogisticRegression_SMOTE,paper_baseline,5400.0,120.0,0.6,0.83,-480.0,0,4,109,1575,0.0,0.0,0.0
LR_no_zip_f1,without_billing_zip,LogisticRegression_SMOTE,paper_baseline,5400.0,120.0,0.6,0.84,-480.0,0,4,109,1575,0.0,0.0,0.0
LR_no_zip_f1,without_billing_zip,LogisticRegression_SMOTE,paper_baseline,5400.0,120.0,0.6,0.85,-480.0,0,4,109,1575,0.0,0.0,0.0
LR_no_zip_f1,without_billing_zip,LogisticRegression_SMOTE,paper_baseline,5400.0,120.0,0.6,0.86,-480.0,0,4,109,1575,0.0,0.0,0.0
LR_no_zip_f1,without_billing_zip,LogisticRegression_SMOTE,paper_baseline,5400.0,120.0,0.6,0.87,-480.0,0,4,109,1575,0.0,0.0,0.0
LR_no_zip_f1,without_billing_zip,LogisticRegression_SMOTE,paper_baseline,5400.0,120.0,0.6,0.88,-360.0,0,3,109,1576,0.0,0.0,0.0
LR_no_zip_f1,without_billing_zip,LogisticRegression_SMOTE,paper_baseline,5400.0,120.0,0.6,0.89,-360.0,0,3,109,1576,0.0,0.0,0.0
LR_no_zip_f1,without_billing_zip,LogisticRegression_SMOTE,paper_baseline,5400.0,120.0,0.6,0.9,-240.0,0,2,109,1577,0.0,0.0,0.0
LR_no_zip_f1,without_billing_zip,LogisticRegression_SMOTE,paper_baseline,5400.0,120.0,0.6,0.91,-120.0,0,1,109,1578,0.0,0.0,0.0
LR_no_zip_f1,without_billing_zip,LogisticRegression_SMOTE,paper_baseline,5400.0,120.0,0.6,0.92,-120.0,0,1,109,1578,0.0,0.0,0.0
LR_no_zip_f1,without_billing_zip,LogisticRegression_SMOTE,paper_baseline,5400.0,120.0,0.6,0.93,-120.0,0,1,109,1578,0.0,0.0,0.0
LR_no_zip_f1,without_billing_zip,LogisticRegression_SMOTE,paper_baseline,5400.0,120.0,0.6,0.94,-120.0,0,1,109,1578,0.0,0.0,0.0
LR_no_zip_f1,without_billing_zip,LogisticRegression_SMOTE,paper_baseline,5400.0,120.0,0.6,0.95,-120.0,0,1,109,1578,0.0,0.0,0.0
LR_no_zip_f1,without_billing_zip,LogisticRegression_SMOTE,paper_baseline,5400.0,120.0,0.6,0.96,-120.0,0,1,109,1578,0.0,0.0,0.0
LR_no_zip_f1,without_billing_zip,LogisticRegression_SMOTE,paper_baseline,5400.0,120.0,0.6,0.97,-120.0,0,1,109,1578,0.0,0.0,0.0
LR_no_zip_f1,without_billing_zip,LogisticRegression_SMOTE,paper_baseline,5400.0,120.0,0.6,0.98,-120.0,0,1,109,1578,0.0,0.0,0.0
LR_no_zip_f1,without_billing_zip,LogisticRegression_SMOTE,paper_baseline,5400.0,120.0,0.6,0.99,-120.0,0,1,109,1578,0.0,0.0,0.0
LR_no_zip_f1,without_billing_zip,LogisticRegression_SMOTE,conservative_campaign_cost,5400.0,360.0,0.6,0.01,-214200.0,107,1558,2,21,0.981651376146789,0.06426426426426426,0.12063134160090191
LR_no_zip_f1,without_billing_zip,LogisticRegression_SMOTE,conservative_campaign_cost,5400.0,360.0,0.6,0.02,-213840.0,107,1557,2,22,0.981651376146789,0.06430288461538461,0.12069937958262832
LR_no_zip_f1,without_billing_zip,LogisticRegression_SMOTE,conservative_campaign_cost,5400.0,360.0,0.6,0.03,-210240.0,107,1547,2,32,0.981651376146789,0.06469165659008465,0.12138400453771979
LR_no_zip_f1,without_billing_zip,LogisticRegression_SMOTE,conservative_campaign_cost,5400.0,360.0,0.6,0.04,-209160.0,106,1535,3,44,0.9724770642201835,0.06459475929311395,0.12114285714285715
LR_no_zip_f1,without_billing_zip,LogisticRegression_SMOTE,conservative_campaign_cost,5400.0,360.0,0.6,0.05,-206640.0,106,1528,3,51,0.9724770642201835,0.06487148102815178,0.12162937464142283
LR_no_zip_f1,without_billing_zip,LogisticRegression_SMOTE,conservative_campaign_cost,5400.0,360.0,0.6,0.06,-207000.0,105,1520,4,59,0.963302752293578,0.06461538461538462,0.12110726643598616
LR_no_zip_f1,without_billing_zip,LogisticRegression_SMOTE,conservative_campaign_cost,5400.0,360.0,0.6,0.07,-207360.0,104,1512,5,67,0.9541284403669725,0.06435643564356436,0.12057971014492753
LR_no_zip_f1,without_billing_zip,LogisticRegression_SMOTE,conservative_campaign_cost,5400.0,360.0,0.6,0.08,-205560.0,104,1507,5,72,0.9541284403669725,0.06455617628801986,0.12093023255813953
LR_no_zip_f1,without_billing_zip,LogisticRegression_SMOTE,conservative_campaign_cost,5400.0,360.0,0.6,0.09,-202680.0,104,1499,5,80,0.9541284403669725,0.06487835308796007,0.12149532710280374
LR_no_zip_f1,without_billing_zip,LogisticRegression_SMOTE,conservative_campaign_cost,5400.0,360.0,0.6,0.1,-205560.0,102,1489,7,90,0.9357798165137615,0.06411062225015714,0.12
LR_no_zip_f1,without_billing_zip,LogisticRegression_SMOTE,conservative_campaign_cost,5400.0,360.0,0.6,0.11,-202320.0,102,1480,7,99,0.9357798165137615,0.06447534766118837,0.12063867534003549
LR_no_zip_f1,without_billing_zip,LogisticRegression_SMOTE,conservative_campaign_cost,5400.0,360.0,0.6,0.12,-203400.0,101,1474,8,105,0.926605504587156,0.06412698412698413,0.11995249406175772
LR_no_zip_f1,without_billing_zip,LogisticRegression_SMOTE,conservative_campaign_cost,5400.0,360.0,0.6,0.13,-200520.0,101,1466,8,113,0.926605504587156,0.06445437141033823,0.12052505966587113
LR_no_zip_f1,without_billing_zip,LogisticRegression_SMOTE,conservative_campaign_cost,5400.0,360.0,0.6,0.14,-198360.0,101,1460,8,119,0.926605504587156,0.0647021140294683,0.12095808383233533
LR_no_zip_f1,without_billing_zip,LogisticRegression_SMOTE,conservative_campaign_cost,5400.0,360.0,0.6,0.15,-200880.0,99,1449,10,130,0.908256880733945,0.06395348837209303,0.11949305974652988
LR_no_zip_f1,without_billing_zip,LogisticRegression_SMOTE,conservative_campaign_cost,5400.0,360.0,0.6,0.16,-196560.0,99,1437,10,142,0.908256880733945,0.064453125,0.12036474164133738
LR_no_zip_f1,without_billing_zip,LogisticRegression_SMOTE,conservative_campaign_cost,5400.0,360.0,0.6,0.17,-190080.0,99,1419,10,160,0.908256880733945,0.06521739130434782,0.12169637369391519
LR_no_zip_f1,without_billing_zip,LogisticRegression_SMOTE,conservative_campaign_cost,5400.0,360.0,0.6,0.18,-185040.0,97,1387,12,192,0.8899082568807339,0.06536388140161725,0.12178279974890144
LR_no_zip_f1,without_billing_zip,LogisticRegression_SMOTE,conservative_campaign_cost,5400.0,360.0,0.6,0.19,-176400.0,97,1363,12,216,0.8899082568807339,0.06643835616438357,0.12364563416188655
LR_no_zip_f1,without_billing_zip,LogisticRegression_SMOTE,conservative_campaign_cost,5400.0,360.0,0.6,0.2,-168480.0,96,1332,13,247,0.8807339449541285,0.06722689075630252,0.12491867273910215
LR_no_zip_f1,without_billing_zip,LogisticRegression_SMOTE,conservative_campaign_cost,5400.0,360.0,0.6,0.21,-160200.0,95,1300,14,279,0.8715596330275229,0.06810035842293907,0.12632978723404256
LR_no_zip_f1,without_billing_zip,LogisticRegression_SMOTE,conservative_campaign_cost,5400.0,360.0,0.6,0.22,-152280.0,94,1269,15,310,0.8623853211009175,0.06896551724137931,0.12771739130434784
LR_no_zip_f1,without_billing_zip,LogisticRegression_SMOTE,conservative_campaign_cost,5400.0,360.0,0.6,0.23,-143640.0,92,1227,17,352,0.8440366972477065,0.06974981046247157,0.12885154061624648
LR_no_zip_f1,without_billing_zip,LogisticRegression_SMOTE,conservative_campaign_cost,5400.0,360.0,0.6,0.24,-129240.0,91,1178,18,401,0.8348623853211009,0.07171000788022065,0.1320754716981132
LR_no_zip_f1,without_billing_zip,LogisticRegression_SMOTE,conservative_campaign_cost,5400.0,360.0,0.6,0.25,-116640.0,91,1143,18,436,0.8348623853211009,0.07374392220421394,0.1355174981384959
LR_no_zip_f1,without_billing_zip,LogisticRegression_SMOTE,conservative_campaign_cost,5400.0,360.0,0.6,0.26,-109440.0,89,1105,20,474,0.8165137614678899,0.0745393634840871,0.13660782808902533
LR_no_zip_f1,without_billing_zip,LogisticRegression_SMOTE,conservative_campaign_cost,5400.0,360.0,0.6,0.27,-101520.0,87,1065,22,514,0.7981651376146789,0.07552083333333333,0.1379857256145916
LR_no_zip_f1,without_billing_zip,LogisticRegression_SMOTE,conservative_campaign_cost,5400.0,360.0,0.6,0.28,-97920.0,83,1019,26,560,0.7614678899082569,0.07531760435571688,0.1370767960363336
LR_no_zip_f1,without_billing_zip,LogisticRegression_SMOTE,conservative_campaign_cost,5400.0,360.0,0.6,0.29,-87480.0,81,972,28,607,0.7431192660550459,0.07692307692307693,0.13941480206540446
LR_no_zip_f1,without_billing_zip,LogisticRegression_SMOTE,conservative_campaign_cost,5400.0,360.0,0.6,0.3,-91800.0,75,930,34,649,0.6880733944954128,0.07462686567164178,0.13464991023339318
LR_no_zip_f1,without_billing_zip,LogisticRegression_SMOTE,conservative_campaign_cost,5400.0,360.0,0.6,0.31,-79560.0,72,869,37,710,0.6605504587155964,0.0765143464399575,0.13714285714285715
LR_no_zip_f1,without_billing_zip,LogisticRegression_SMOTE,conservative_campaign_cost,5400.0,360.0,0.6,0.32,-77400.0,69,836,40,743,0.6330275229357798,0.07624309392265194,0.13609467455621302
LR_no_zip_f1,without_billing_zip,LogisticRegression_SMOTE,conservative_campaign_cost,5400.0,360.0,0.6,0.33,-72000.0,66,794,43,785,0.6055045871559633,0.07674418604651163,0.13622291021671826
LR_no_zip_f1,without_billing_zip,LogisticRegression_SMOTE,conservative_campaign_cost,5400.0,360.0,0.6,0.34,-71280.0,63,765,46,814,0.5779816513761468,0.07608695652173914,0.1344717182497332
LR_no_zip_f1,without_billing_zip,LogisticRegression_SMOTE,conservative_campaign_cost,5400.0,360.0,0.6,0.35,-63360.0,61,725,48,854,0.5596330275229358,0.07760814249363868,0.13631284916201117
LR_no_zip_f1,without_billing_zip,LogisticRegression_SMOTE,conservative_campaign_cost,5400.0,360.0,0.6,0.36,-61560.0,57,684,52,895,0.5229357798165137,0.07692307692307693,0.13411764705882354
LR_no_zip_f1,without_billing_zip,LogisticRegression_SMOTE,conservative_campaign_cost,5400.0,360.0,0.6,0.37,-56880.0,53,635,56,944,0.48623853211009177,0.07703488372093023,0.1329987452948557
LR_no_zip_f1,without_billing_zip,LogisticRegression_SMOTE,conservative_campaign_cost,5400.0,360.0,0.6,0.38,-65520.0,47,605,62,974,0.43119266055045874,0.07208588957055215,0.12352168199737187
LR_no_zip_f1,without_billing_zip,LogisticRegression_SMOTE,conservative_campaign_cost,5400.0,360.0,0.6,0.39,-65160.0,43,568,66,1011,0.3944954128440367,0.07037643207855974,0.11944444444444445
LR_no_zip_f1,without_billing_zip,LogisticRegression_SMOTE,conservative_campaign_cost,5400.0,360.0,0.6,0.4,-51120.0,42,520,67,1059,0.3853211009174312,0.07473309608540925,0.12518628912071536
LR_no_zip_f1,without_billing_zip,LogisticRegression_SMOTE,conservative_campaign_cost,5400.0,360.0,0.6,0.41,-37440.0,40,464,69,1115,0.3669724770642202,0.07936507936507936,0.13050570962479607
LR_no_zip_f1,without_billing_zip,LogisticRegression_SMOTE,conservative_campaign_cost,5400.0,360.0,0.6,0.42,-28080.0,39,429,70,1150,0.3577981651376147,0.08333333333333333,0.13518197573656845
LR_no_zip_f1,without_billing_zip,LogisticRegression_SMOTE,conservative_campaign_cost,5400.0,360.0,0.6,0.43,-19800.0,38,397,71,1182,0.3486238532110092,0.08735632183908046,0.13970588235294118
LR_no_zip_f1,without_billing_zip,LogisticRegression_SMOTE,conservative_campaign_cost,5400.0,360.0,0.6,0.44,-16920.0,36,371,73,1208,0.3302752293577982,0.08845208845208845,0.13953488372093023
LR_no_zip_f1,without_billing_zip,LogisticRegression_SMOTE,conservative_campaign_cost,5400.0,360.0,0.6,0.45,-18000.0,32,338,77,1241,0.29357798165137616,0.08648648648648649,0.1336116910229645
LR_no_zip_f1,without_billing_zip,LogisticRegression_SMOTE,conservative_campaign_cost,5400.0,360.0,0.6,0.46,-8280.0,32,311,77,1268,0.29357798165137616,0.09329446064139942,0.1415929203539823
LR_no_zip_f1,without_billing_zip,LogisticRegression_SMOTE,conservative_campaign_cost,5400.0,360.0,0.6,0.47,-2880.0,31,287,78,1292,0.28440366972477066,0.09748427672955975,0.1451990632318501
LR_no_zip_f1,without_billing_zip,LogisticRegression_SMOTE,conservative_campaign_cost,5400.0,360.0,0.6,0.48,9000.0,31,254,78,1325,0.28440366972477066,0.10877192982456141,0.15736040609137056
LR_no_zip_f1,without_billing_zip,LogisticRegression_SMOTE,conservative_campaign_cost,5400.0,360.0,0.6,0.49,10080.0,29,233,80,1346,0.26605504587155965,0.11068702290076336,0.15633423180592992
LR_no_zip_f1,without_billing_zip,LogisticRegression_SMOTE,conservative_campaign_cost,5400.0,360.0,0.6,0.5,19440.0,29,207,80,1372,0.26605504587155965,0.1228813559322034,0.1681159420289855
LR_no_zip_f1,without_billing_zip,LogisticRegression_SMOTE,conservative_campaign_cost,5400.0,360.0,0.6,0.51,20520.0,27,186,82,1393,0.24770642201834864,0.1267605633802817,0.16770186335403728
LR_no_zip_f1,without_billing_zip,LogisticRegression_SMOTE,conservative_campaign_cost,5400.0,360.0,0.6,0.52,23040.0,25,161,84,1418,0.22935779816513763,0.13440860215053763,0.1694915254237288
LR_no_zip_f1,without_billing_zip,LogisticRegression_SMOTE,conservative_campaign_cost,5400.0,360.0,0.6,0.53,24480.0,24,148,85,1431,0.22018348623853212,0.13953488372093023,0.1708185053380783
LR_no_zip_f1,without_billing_zip,LogisticRegression_SMOTE,conservative_campaign_cost,5400.0,360.0,0.6,0.54,15480.0,19,128,90,1451,0.1743119266055046,0.1292517006802721,0.1484375
LR_no_zip_f1,without_billing_zip,LogisticRegression_SMOTE,conservative_campaign_cost,5400.0,360.0,0.6,0.55,12960.0,17,117,92,1462,0.1559633027522936,0.12686567164179105,0.13991769547325103
LR_no_zip_f1,without_billing_zip,LogisticRegression_SMOTE,conservative_campaign_cost,5400.0,360.0,0.6,0.56,13320.0,16,107,93,1472,0.14678899082568808,0.13008130081300814,0.13793103448275862
LR_no_zip_f1,without_billing_zip,LogisticRegression_SMOTE,conservative_campaign_cost,5400.0,360.0,0.6,0.57,9000.0,14,101,95,1478,0.12844036697247707,0.12173913043478261,0.125
LR_no_zip_f1,without_billing_zip,LogisticRegression_SMOTE,conservative_campaign_cost,5400.0,360.0,0.6,0.58,7560.0,12,87,97,1492,0.11009174311926606,0.12121212121212122,0.11538461538461539
LR_no_zip_f1,without_billing_zip,LogisticRegression_SMOTE,conservative_campaign_cost,5400.0,360.0,0.6,0.59,4680.0,10,77,99,1502,0.09174311926605505,0.11494252873563218,0.10204081632653061
LR_no_zip_f1,without_billing_zip,LogisticRegression_SMOTE,conservative_campaign_cost,5400.0,360.0,0.6,0.6,360.0,8,71,101,1508,0.07339449541284404,0.10126582278481013,0.0851063829787234
LR_no_zip_f1,without_billing_zip,LogisticRegression_SMOTE,conservative_campaign_cost,5400.0,360.0,0.6,0.61,0.0,7,63,102,1516,0.06422018348623854,0.1,0.0782122905027933
LR_no_zip_f1,without_billing_zip,LogisticRegression_SMOTE,conservative_campaign_cost,5400.0,360.0,0.6,0.62,-1080.0,6,57,103,1522,0.05504587155963303,0.09523809523809523,0.06976744186046512
LR_no_zip_f1,without_billing_zip,LogisticRegression_SMOTE,conservative_campaign_cost,5400.0,360.0,0.6,0.63,1440.0,6,50,103,1529,0.05504587155963303,0.10714285714285714,0.07272727272727272
LR_no_zip_f1,without_billing_zip,LogisticRegression_SMOTE,conservative_campaign_cost,5400.0,360.0,0.6,0.64,-3600.0,4,46,105,1533,0.03669724770642202,0.08,0.050314465408805034
LR_no_zip_f1,without_billing_zip,LogisticRegression_SMOTE,conservative_campaign_cost,5400.0,360.0,0.6,0.65,-5040.0,3,41,106,1538,0.027522935779816515,0.06818181818181818,0.0392156862745098
LR_no_zip_f1,without_billing_zip,LogisticRegression_SMOTE,conservative_campaign_cost,5400.0,360.0,0.6,0.66,-3960.0,3,38,106,1541,0.027522935779816515,0.07317073170731707,0.04
LR_no_zip_f1,without_billing_zip,LogisticRegression_SMOTE,conservative_campaign_cost,5400.0,360.0,0.6,0.67,-3600.0,3,37,106,1542,0.027522935779816515,0.075,0.040268456375838924
LR_no_zip_f1,without_billing_zip,LogisticRegression_SMOTE,conservative_campaign_cost,5400.0,360.0,0.6,0.68,-2160.0,3,33,106,1546,0.027522935779816515,0.08333333333333333,0.041379310344827586
LR_no_zip_f1,without_billing_zip,LogisticRegression_SMOTE,conservative_campaign_cost,5400.0,360.0,0.6,0.69,-4680.0,2,31,107,1548,0.01834862385321101,0.06060606060606061,0.028169014084507043
LR_no_zip_f1,without_billing_zip,LogisticRegression_SMOTE,conservative_campaign_cost,5400.0,360.0,0.6,0.7,-3960.0,2,29,107,1550,0.01834862385321101,0.06451612903225806,0.02857142857142857
LR_no_zip_f1,without_billing_zip,LogisticRegression_SMOTE,conservative_campaign_cost,5400.0,360.0,0.6,0.71,-1800.0,2,23,107,1556,0.01834862385321101,0.08,0.029850746268656716
LR_no_zip_f1,without_billing_zip,LogisticRegression_SMOTE,conservative_campaign_cost,5400.0,360.0,0.6,0.72,-1080.0,2,21,107,1558,0.01834862385321101,0.08695652173913043,0.030303030303030304
LR_no_zip_f1,without_billing_zip,LogisticRegression_SMOTE,conservative_campaign_cost,5400.0,360.0,0.6,0.73,-360.0,2,19,107,1560,0.01834862385321101,0.09523809523809523,0.03076923076923077
LR_no_zip_f1,without_billing_zip,LogisticRegression_SMOTE,conservative_campaign_cost,5400.0,360.0,0.6,0.74,360.0,2,17,107,1562,0.01834862385321101,0.10526315789473684,0.03125
LR_no_zip_f1,without_billing_zip,LogisticRegression_SMOTE,conservative_campaign_cost,5400.0,360.0,0.6,0.75,-2160.0,1,15,108,1564,0.009174311926605505,0.0625,0.016
LR_no_zip_f1,without_billing_zip,LogisticRegression_SMOTE,conservative_campaign_cost,5400.0,360.0,0.6,0.76,-1440.0,1,13,108,1566,0.009174311926605505,0.07142857142857142,0.016260162601626018
LR_no_zip_f1,without_billing_zip,LogisticRegression_SMOTE,conservative_campaign_cost,5400.0,360.0,0.6,0.77,-4680.0,0,13,109,1566,0.0,0.0,0.0
LR_no_zip_f1,without_billing_zip,LogisticRegression_SMOTE,conservative_campaign_cost,5400.0,360.0,0.6,0.78,-4320.0,0,12,109,1567,0.0,0.0,0.0
LR_no_zip_f1,without_billing_zip,LogisticRegression_SMOTE,conservative_campaign_cost,5400.0,360.0,0.6,0.79,-3600.0,0,10,109,1569,0.0,0.0,0.0
LR_no_zip_f1,without_billing_zip,LogisticRegression_SMOTE,conservative_campaign_cost,5400.0,360.0,0.6,0.8,-3240.0,0,9,109,1570,0.0,0.0,0.0
LR_no_zip_f1,without_billing_zip,LogisticRegression_SMOTE,conservative_campaign_cost,5400.0,360.0,0.6,0.81,-2160.0,0,6,109,1573,0.0,0.0,0.0
LR_no_zip_f1,without_billing_zip,LogisticRegression_SMOTE,conservative_campaign_cost,5400.0,360.0,0.6,0.82,-1440.0,0,4,109,1575,0.0,0.0,0.0
LR_no_zip_f1,without_billing_zip,LogisticRegression_SMOTE,conservative_campaign_cost,5400.0,360.0,0.6,0.83,-1440.0,0,4,109,1575,0.0,0.0,0.0
LR_no_zip_f1,without_billing_zip,LogisticRegression_SMOTE,conservative_campaign_cost,5400.0,360.0,0.6,0.84,-1440.0,0,4,109,1575,0.0,0.0,0.0
LR_no_zip_f1,without_billing_zip,LogisticRegression_SMOTE,conservative_campaign_cost,5400.0,360.0,0.6,0.85,-1440.0,0,4,109,1575,0.0,0.0,0.0
LR_no_zip_f1,without_billing_zip,LogisticRegression_SMOTE,conservative_campaign_cost,5400.0,360.0,0.6,0.86,-1440.0,0,4,109,1575,0.0,0.0,0.0
LR_no_zip_f1,without_billing_zip,LogisticRegression_SMOTE,conservative_campaign_cost,5400.0,360.0,0.6,0.87,-1440.0,0,4,109,1575,0.0,0.0,0.0
LR_no_zip_f1,without_billing_zip,LogisticRegression_SMOTE,conservative_campaign_cost,5400.0,360.0,0.6,0.88,-1080.0,0,3,109,1576,0.0,0.0,0.0
LR_no_zip_f1,without_billing_zip,LogisticRegression_SMOTE,conservative_campaign_cost,5400.0,360.0,0.6,0.89,-1080.0,0,3,109,1576,0.0,0.0,0.0
LR_no_zip_f1,without_billing_zip,LogisticRegression_SMOTE,conservative_campaign_cost,5400.0,360.0,0.6,0.9,-720.0,0,2,109,1577,0.0,0.0,0.0
LR_no_zip_f1,without_billing_zip,LogisticRegression_SMOTE,conservative_campaign_cost,5400.0,360.0,0.6,0.91,-360.0,0,1,109,1578,0.0,0.0,0.0
LR_no_zip_f1,without_billing_zip,LogisticRegression_SMOTE,conservative_campaign_cost,5400.0,360.0,0.6,0.92,-360.0,0,1,109,1578,0.0,0.0,0.0
LR_no_zip_f1,without_billing_zip,LogisticRegression_SMOTE,conservative_campaign_cost,5400.0,360.0,0.6,0.93,-360.0,0,1,109,1578,0.0,0.0,0.0
LR_no_zip_f1,without_billing_zip,LogisticRegression_SMOTE,conservative_campaign_cost,5400.0,360.0,0.6,0.94,-360.0,0,1,109,1578,0.0,0.0,0.0
LR_no_zip_f1,without_billing_zip,LogisticRegression_SMOTE,conservative_campaign_cost,5400.0,360.0,0.6,0.95,-360.0,0,1,109,1578,0.0,0.0,0.0
LR_no_zip_f1,without_billing_zip,LogisticRegression_SMOTE,conservative_campaign_cost,5400.0,360.0,0.6,0.96,-360.0,0,1,109,1578,0.0,0.0,0.0
LR_no_zip_f1,without_billing_zip,LogisticRegression_SMOTE,conservative_campaign_cost,5400.0,360.0,0.6,0.97,-360.0,0,1,109,1578,0.0,0.0,0.0
LR_no_zip_f1,without_billing_zip,LogisticRegression_SMOTE,conservative_campaign_cost,5400.0,360.0,0.6,0.98,-360.0,0,1,109,1578,0.0,0.0,0.0
LR_no_zip_f1,without_billing_zip,LogisticRegression_SMOTE,conservative_campaign_cost,5400.0,360.0,0.6,0.99,-360.0,0,1,109,1578,0.0,0.0,0.0
LR_no_zip_f1,without_billing_zip,LogisticRegression_SMOTE,budget_limited_high_campaign_cost,5400.0,720.0,0.6,0.01,-775080.0,107,1558,2,21,0.981651376146789,0.06426426426426426,0.12063134160090191
LR_no_zip_f1,without_billing_zip,LogisticRegression_SMOTE,budget_limited_high_campaign_cost,5400.0,720.0,0.6,0.02,-774360.0,107,1557,2,22,0.981651376146789,0.06430288461538461,0.12069937958262832
LR_no_zip_f1,without_billing_zip,LogisticRegression_SMOTE,budget_limited_high_campaign_cost,5400.0,720.0,0.6,0.03,-767160.0,107,1547,2,32,0.981651376146789,0.06469165659008465,0.12138400453771979
LR_no_zip_f1,without_billing_zip,LogisticRegression_SMOTE,budget_limited_high_campaign_cost,5400.0,720.0,0.6,0.04,-761760.0,106,1535,3,44,0.9724770642201835,0.06459475929311395,0.12114285714285715
LR_no_zip_f1,without_billing_zip,LogisticRegression_SMOTE,budget_limited_high_campaign_cost,5400.0,720.0,0.6,0.05,-756720.0,106,1528,3,51,0.9724770642201835,0.06487148102815178,0.12162937464142283
LR_no_zip_f1,without_billing_zip,LogisticRegression_SMOTE,budget_limited_high_campaign_cost,5400.0,720.0,0.6,0.06,-754200.0,105,1520,4,59,0.963302752293578,0.06461538461538462,0.12110726643598616
LR_no_zip_f1,without_billing_zip,LogisticRegression_SMOTE,budget_limited_high_campaign_cost,5400.0,720.0,0.6,0.07,-751680.0,104,1512,5,67,0.9541284403669725,0.06435643564356436,0.12057971014492753
LR_no_zip_f1,without_billing_zip,LogisticRegression_SMOTE,budget_limited_high_campaign_cost,5400.0,720.0,0.6,0.08,-748080.0,104,1507,5,72,0.9541284403669725,0.06455617628801986,0.12093023255813953
LR_no_zip_f1,without_billing_zip,LogisticRegression_SMOTE,budget_limited_high_campaign_cost,5400.0,720.0,0.6,0.09,-742320.0,104,1499,5,80,0.9541284403669725,0.06487835308796007,0.12149532710280374
LR_no_zip_f1,without_billing_zip,LogisticRegression_SMOTE,budget_limited_high_campaign_cost,5400.0,720.0,0.6,0.1,-741600.0,102,1489,7,90,0.9357798165137615,0.06411062225015714,0.12
LR_no_zip_f1,without_billing_zip,LogisticRegression_SMOTE,budget_limited_high_campaign_cost,5400.0,720.0,0.6,0.11,-735120.0,102,1480,7,99,0.9357798165137615,0.06447534766118837,0.12063867534003549
LR_no_zip_f1,without_billing_zip,LogisticRegression_SMOTE,budget_limited_high_campaign_cost,5400.0,720.0,0.6,0.12,-734040.0,101,1474,8,105,0.926605504587156,0.06412698412698413,0.11995249406175772
LR_no_zip_f1,without_billing_zip,LogisticRegression_SMOTE,budget_limited_high_campaign_cost,5400.0,720.0,0.6,0.13,-728280.0,101,1466,8,113,0.926605504587156,0.06445437141033823,0.12052505966587113
LR_no_zip_f1,without_billing_zip,LogisticRegression_SMOTE,budget_limited_high_campaign_cost,5400.0,720.0,0.6,0.14,-723960.0,101,1460,8,119,0.926605504587156,0.0647021140294683,0.12095808383233533
LR_no_zip_f1,without_billing_zip,LogisticRegression_SMOTE,budget_limited_high_campaign_cost,5400.0,720.0,0.6,0.15,-722520.0,99,1449,10,130,0.908256880733945,0.06395348837209303,0.11949305974652988
LR_no_zip_f1,without_billing_zip,LogisticRegression_SMOTE,budget_limited_high_campaign_cost,5400.0,720.0,0.6,0.16,-713880.0,99,1437,10,142,0.908256880733945,0.064453125,0.12036474164133738
LR_no_zip_f1,without_billing_zip,LogisticRegression_SMOTE,budget_limited_high_campaign_cost,5400.0,720.0,0.6,0.17,-700920.0,99,1419,10,160,0.908256880733945,0.06521739130434782,0.12169637369391519
LR_no_zip_f1,without_billing_zip,LogisticRegression_SMOTE,budget_limited_high_campaign_cost,5400.0,720.0,0.6,0.18,-684360.0,97,1387,12,192,0.8899082568807339,0.06536388140161725,0.12178279974890144
LR_no_zip_f1,without_billing_zip,LogisticRegression_SMOTE,budget_limited_high_campaign_cost,5400.0,720.0,0.6,0.19,-667080.0,97,1363,12,216,0.8899082568807339,0.06643835616438357,0.12364563416188655
LR_no_zip_f1,without_billing_zip,LogisticRegression_SMOTE,budget_limited_high_campaign_cost,5400.0,720.0,0.6,0.2,-648000.0,96,1332,13,247,0.8807339449541285,0.06722689075630252,0.12491867273910215
LR_no_zip_f1,without_billing_zip,LogisticRegression_SMOTE,budget_limited_high_campaign_cost,5400.0,720.0,0.6,0.21,-628200.0,95,1300,14,279,0.8715596330275229,0.06810035842293907,0.12632978723404256
LR_no_zip_f1,without_billing_zip,LogisticRegression_SMOTE,budget_limited_high_campaign_cost,5400.0,720.0,0.6,0.22,-609120.0,94,1269,15,310,0.8623853211009175,0.06896551724137931,0.12771739130434784
LR_no_zip_f1,without_billing_zip,LogisticRegression_SMOTE,budget_limited_high_campaign_cost,5400.0,720.0,0.6,0.23,-585360.0,92,1227,17,352,0.8440366972477065,0.06974981046247157,0.12885154061624648
LR_no_zip_f1,without_billing_zip,LogisticRegression_SMOTE,budget_limited_high_campaign_cost,5400.0,720.0,0.6,0.24,-553320.0,91,1178,18,401,0.8348623853211009,0.07171000788022065,0.1320754716981132
LR_no_zip_f1,without_billing_zip,LogisticRegression_SMOTE,budget_limited_high_campaign_cost,5400.0,720.0,0.6,0.25,-528120.0,91,1143,18,436,0.8348623853211009,0.07374392220421394,0.1355174981384959
LR_no_zip_f1,without_billing_zip,LogisticRegression_SMOTE,budget_limited_high_campaign_cost,5400.0,720.0,0.6,0.26,-507240.0,89,1105,20,474,0.8165137614678899,0.0745393634840871,0.13660782808902533
LR_no_zip_f1,without_billing_zip,LogisticRegression_SMOTE,budget_limited_high_campaign_cost,5400.0,720.0,0.6,0.27,-484920.0,87,1065,22,514,0.7981651376146789,0.07552083333333333,0.1379857256145916
LR_no_zip_f1,without_billing_zip,LogisticRegression_SMOTE,budget_limited_high_campaign_cost,5400.0,720.0,0.6,0.28,-464760.0,83,1019,26,560,0.7614678899082569,0.07531760435571688,0.1370767960363336
LR_no_zip_f1,without_billing_zip,LogisticRegression_SMOTE,budget_limited_high_campaign_cost,5400.0,720.0,0.6,0.29,-437400.0,81,972,28,607,0.7431192660550459,0.07692307692307693,0.13941480206540446
LR_no_zip_f1,without_billing_zip,LogisticRegression_SMOTE,budget_limited_high_campaign_cost,5400.0,720.0,0.6,0.3,-426600.0,75,930,34,649,0.6880733944954128,0.07462686567164178,0.13464991023339318
LR_no_zip_f1,without_billing_zip,LogisticRegression_SMOTE,budget_limited_high_campaign_cost,5400.0,720.0,0.6,0.31,-392400.0,72,869,37,710,0.6605504587155964,0.0765143464399575,0.13714285714285715
LR_no_zip_f1,without_billing_zip,LogisticRegression_SMOTE,budget_limited_high_campaign_cost,5400.0,720.0,0.6,0.32,-378360.0,69,836,40,743,0.6330275229357798,0.07624309392265194,0.13609467455621302
LR_no_zip_f1,without_billing_zip,LogisticRegression_SMOTE,budget_limited_high_campaign_cost,5400.0,720.0,0.6,0.33,-357840.0,66,794,43,785,0.6055045871559633,0.07674418604651163,0.13622291021671826
LR_no_zip_f1,without_billing_zip,LogisticRegression_SMOTE,budget_limited_high_campaign_cost,5400.0,720.0,0.6,0.34,-346680.0,63,765,46,814,0.5779816513761468,0.07608695652173914,0.1344717182497332
LR_no_zip_f1,without_billing_zip,LogisticRegression_SMOTE,budget_limited_high_campaign_cost,5400.0,720.0,0.6,0.35,-324360.0,61,725,48,854,0.5596330275229358,0.07760814249363868,0.13631284916201117
LR_no_zip_f1,without_billing_zip,LogisticRegression_SMOTE,budget_limited_high_campaign_cost,5400.0,720.0,0.6,0.36,-307800.0,57,684,52,895,0.5229357798165137,0.07692307692307693,0.13411764705882354
LR_no_zip_f1,without_billing_zip,LogisticRegression_SMOTE,budget_limited_high_campaign_cost,5400.0,720.0,0.6,0.37,-285480.0,53,635,56,944,0.48623853211009177,0.07703488372093023,0.1329987452948557
LR_no_zip_f1,without_billing_zip,LogisticRegression_SMOTE,budget_limited_high_campaign_cost,5400.0,720.0,0.6,0.38,-283320.0,47,605,62,974,0.43119266055045874,0.07208588957055215,0.12352168199737187
LR_no_zip_f1,without_billing_zip,LogisticRegression_SMOTE,budget_limited_high_campaign_cost,5400.0,720.0,0.6,0.39,-269640.0,43,568,66,1011,0.3944954128440367,0.07037643207855974,0.11944444444444445
LR_no_zip_f1,without_billing_zip,LogisticRegression_SMOTE,budget_limited_high_campaign_cost,5400.0,720.0,0.6,0.4,-238320.0,42,520,67,1059,0.3853211009174312,0.07473309608540925,0.12518628912071536
LR_no_zip_f1,without_billing_zip,LogisticRegression_SMOTE,budget_limited_high_campaign_cost,5400.0,720.0,0.6,0.41,-204480.0,40,464,69,1115,0.3669724770642202,0.07936507936507936,0.13050570962479607
LR_no_zip_f1,without_billing_zip,LogisticRegression_SMOTE,budget_limited_high_campaign_cost,5400.0,720.0,0.6,0.42,-182520.0,39,429,70,1150,0.3577981651376147,0.08333333333333333,0.13518197573656845
LR_no_zip_f1,without_billing_zip,LogisticRegression_SMOTE,budget_limited_high_campaign_cost,5400.0,720.0,0.6,0.43,-162720.0,38,397,71,1182,0.3486238532110092,0.08735632183908046,0.13970588235294118
LR_no_zip_f1,without_billing_zip,LogisticRegression_SMOTE,budget_limited_high_campaign_cost,5400.0,720.0,0.6,0.44,-150480.0,36,371,73,1208,0.3302752293577982,0.08845208845208845,0.13953488372093023
LR_no_zip_f1,without_billing_zip,LogisticRegression_SMOTE,budget_limited_high_campaign_cost,5400.0,720.0,0.6,0.45,-139680.0,32,338,77,1241,0.29357798165137616,0.08648648648648649,0.1336116910229645
LR_no_zip_f1,without_billing_zip,LogisticRegression_SMOTE,budget_limited_high_campaign_cost,5400.0,720.0,0.6,0.46,-120240.0,32,311,77,1268,0.29357798165137616,0.09329446064139942,0.1415929203539823
LR_no_zip_f1,without_billing_zip,LogisticRegression_SMOTE,budget_limited_high_campaign_cost,5400.0,720.0,0.6,0.47,-106200.0,31,287,78,1292,0.28440366972477066,0.09748427672955975,0.1451990632318501
LR_no_zip_f1,without_billing_zip,LogisticRegression_SMOTE,budget_limited_high_campaign_cost,5400.0,720.0,0.6,0.48,-82440.0,31,254,78,1325,0.28440366972477066,0.10877192982456141,0.15736040609137056
LR_no_zip_f1,without_billing_zip,LogisticRegression_SMOTE,budget_limited_high_campaign_cost,5400.0,720.0,0.6,0.49,-73800.0,29,233,80,1346,0.26605504587155965,0.11068702290076336,0.15633423180592992
LR_no_zip_f1,without_billing_zip,LogisticRegression_SMOTE,budget_limited_high_campaign_cost,5400.0,720.0,0.6,0.5,-55080.0,29,207,80,1372,0.26605504587155965,0.1228813559322034,0.1681159420289855
LR_no_zip_f1,without_billing_zip,LogisticRegression_SMOTE,budget_limited_high_campaign_cost,5400.0,720.0,0.6,0.51,-46440.0,27,186,82,1393,0.24770642201834864,0.1267605633802817,0.16770186335403728
LR_no_zip_f1,without_billing_zip,LogisticRegression_SMOTE,budget_limited_high_campaign_cost,5400.0,720.0,0.6,0.52,-34920.0,25,161,84,1418,0.22935779816513763,0.13440860215053763,0.1694915254237288
LR_no_zip_f1,without_billing_zip,LogisticRegression_SMOTE,budget_limited_high_campaign_cost,5400.0,720.0,0.6,0.53,-28800.0,24,148,85,1431,0.22018348623853212,0.13953488372093023,0.1708185053380783
LR_no_zip_f1,without_billing_zip,LogisticRegression_SMOTE,budget_limited_high_campaign_cost,5400.0,720.0,0.6,0.54,-30600.0,19,128,90,1451,0.1743119266055046,0.1292517006802721,0.1484375
LR_no_zip_f1,without_billing_zip,LogisticRegression_SMOTE,budget_limited_high_campaign_cost,5400.0,720.0,0.6,0.55,-29160.0,17,117,92,1462,0.1559633027522936,0.12686567164179105,0.13991769547325103
LR_no_zip_f1,without_billing_zip,LogisticRegression_SMOTE,budget_limited_high_campaign_cost,5400.0,720.0,0.6,0.56,-25200.0,16,107,93,1472,0.14678899082568808,0.13008130081300814,0.13793103448275862
LR_no_zip_f1,without_billing_zip,LogisticRegression_SMOTE,budget_limited_high_campaign_cost,5400.0,720.0,0.6,0.57,-27360.0,14,101,95,1478,0.12844036697247707,0.12173913043478261,0.125
LR_no_zip_f1,without_billing_zip,LogisticRegression_SMOTE,budget_limited_high_campaign_cost,5400.0,720.0,0.6,0.58,-23760.0,12,87,97,1492,0.11009174311926606,0.12121212121212122,0.11538461538461539
LR_no_zip_f1,without_billing_zip,LogisticRegression_SMOTE,budget_limited_high_campaign_cost,5400.0,720.0,0.6,0.59,-23040.0,10,77,99,1502,0.09174311926605505,0.11494252873563218,0.10204081632653061
LR_no_zip_f1,without_billing_zip,LogisticRegression_SMOTE,budget_limited_high_campaign_cost,5400.0,720.0,0.6,0.6,-25200.0,8,71,101,1508,0.07339449541284404,0.10126582278481013,0.0851063829787234
LR_no_zip_f1,without_billing_zip,LogisticRegression_SMOTE,budget_limited_high_campaign_cost,5400.0,720.0,0.6,0.61,-22680.0,7,63,102,1516,0.06422018348623854,0.1,0.0782122905027933
LR_no_zip_f1,without_billing_zip,LogisticRegression_SMOTE,budget_limited_high_campaign_cost,5400.0,720.0,0.6,0.62,-21600.0,6,57,103,1522,0.05504587155963303,0.09523809523809523,0.06976744186046512
LR_no_zip_f1,without_billing_zip,LogisticRegression_SMOTE,budget_limited_high_campaign_cost,5400.0,720.0,0.6,0.63,-16560.0,6,50,103,1529,0.05504587155963303,0.10714285714285714,0.07272727272727272
LR_no_zip_f1,without_billing_zip,LogisticRegression_SMOTE,budget_limited_high_campaign_cost,5400.0,720.0,0.6,0.64,-20160.0,4,46,105,1533,0.03669724770642202,0.08,0.050314465408805034
LR_no_zip_f1,without_billing_zip,LogisticRegression_SMOTE,budget_limited_high_campaign_cost,5400.0,720.0,0.6,0.65,-19800.0,3,41,106,1538,0.027522935779816515,0.06818181818181818,0.0392156862745098
LR_no_zip_f1,without_billing_zip,LogisticRegression_SMOTE,budget_limited_high_campaign_cost,5400.0,720.0,0.6,0.66,-17640.0,3,38,106,1541,0.027522935779816515,0.07317073170731707,0.04
LR_no_zip_f1,without_billing_zip,LogisticRegression_SMOTE,budget_limited_high_campaign_cost,5400.0,720.0,0.6,0.67,-16920.0,3,37,106,1542,0.027522935779816515,0.075,0.040268456375838924
LR_no_zip_f1,without_billing_zip,LogisticRegression_SMOTE,budget_limited_high_campaign_cost,5400.0,720.0,0.6,0.68,-14040.0,3,33,106,1546,0.027522935779816515,0.08333333333333333,0.041379310344827586
LR_no_zip_f1,without_billing_zip,LogisticRegression_SMOTE,budget_limited_high_campaign_cost,5400.0,720.0,0.6,0.69,-15840.0,2,31,107,1548,0.01834862385321101,0.06060606060606061,0.028169014084507043
LR_no_zip_f1,without_billing_zip,LogisticRegression_SMOTE,budget_limited_high_campaign_cost,5400.0,720.0,0.6,0.7,-14400.0,2,29,107,1550,0.01834862385321101,0.06451612903225806,0.02857142857142857
LR_no_zip_f1,without_billing_zip,LogisticRegression_SMOTE,budget_limited_high_campaign_cost,5400.0,720.0,0.6,0.71,-10080.0,2,23,107,1556,0.01834862385321101,0.08,0.029850746268656716
LR_no_zip_f1,without_billing_zip,LogisticRegression_SMOTE,budget_limited_high_campaign_cost,5400.0,720.0,0.6,0.72,-8640.0,2,21,107,1558,0.01834862385321101,0.08695652173913043,0.030303030303030304
LR_no_zip_f1,without_billing_zip,LogisticRegression_SMOTE,budget_limited_high_campaign_cost,5400.0,720.0,0.6,0.73,-7200.0,2,19,107,1560,0.01834862385321101,0.09523809523809523,0.03076923076923077
LR_no_zip_f1,without_billing_zip,LogisticRegression_SMOTE,budget_limited_high_campaign_cost,5400.0,720.0,0.6,0.74,-5760.0,2,17,107,1562,0.01834862385321101,0.10526315789473684,0.03125
LR_no_zip_f1,without_billing_zip,LogisticRegression_SMOTE,budget_limited_high_campaign_cost,5400.0,720.0,0.6,0.75,-7560.0,1,15,108,1564,0.009174311926605505,0.0625,0.016
LR_no_zip_f1,without_billing_zip,LogisticRegression_SMOTE,budget_limited_high_campaign_cost,5400.0,720.0,0.6,0.76,-6120.0,1,13,108,1566,0.009174311926605505,0.07142857142857142,0.016260162601626018
LR_no_zip_f1,without_billing_zip,LogisticRegression_SMOTE,budget_limited_high_campaign_cost,5400.0,720.0,0.6,0.77,-9360.0,0,13,109,1566,0.0,0.0,0.0
LR_no_zip_f1,without_billing_zip,LogisticRegression_SMOTE,budget_limited_high_campaign_cost,5400.0,720.0,0.6,0.78,-8640.0,0,12,109,1567,0.0,0.0,0.0
LR_no_zip_f1,without_billing_zip,LogisticRegression_SMOTE,budget_limited_high_campaign_cost,5400.0,720.0,0.6,0.79,-7200.0,0,10,109,1569,0.0,0.0,0.0
LR_no_zip_f1,without_billing_zip,LogisticRegression_SMOTE,budget_limited_high_campaign_cost,5400.0,720.0,0.6,0.8,-6480.0,0,9,109,1570,0.0,0.0,0.0
LR_no_zip_f1,without_billing_zip,LogisticRegression_SMOTE,budget_limited_high_campaign_cost,5400.0,720.0,0.6,0.81,-4320.0,0,6,109,1573,0.0,0.0,0.0
LR_no_zip_f1,without_billing_zip,LogisticRegression_SMOTE,budget_limited_high_campaign_cost,5400.0,720.0,0.6,0.82,-2880.0,0,4,109,1575,0.0,0.0,0.0
LR_no_zip_f1,without_billing_zip,LogisticRegression_SMOTE,budget_limited_high_campaign_cost,5400.0,720.0,0.6,0.83,-2880.0,0,4,109,1575,0.0,0.0,0.0
LR_no_zip_f1,without_billing_zip,LogisticRegression_SMOTE,budget_limited_high_campaign_cost,5400.0,720.0,0.6,0.84,-2880.0,0,4,109,1575,0.0,0.0,0.0
LR_no_zip_f1,without_billing_zip,LogisticRegression_SMOTE,budget_limited_high_campaign_cost,5400.0,720.0,0.6,0.85,-2880.0,0,4,109,1575,0.0,0.0,0.0
LR_no_zip_f1,without_billing_zip,LogisticRegression_SMOTE,budget_limited_high_campaign_cost,5400.0,720.0,0.6,0.86,-2880.0,0,4,109,1575,0.0,0.0,0.0
LR_no_zip_f1,without_billing_zip,LogisticRegression_SMOTE,budget_limited_high_campaign_cost,5400.0,720.0,0.6,0.87,-2880.0,0,4,109,1575,0.0,0.0,0.0
LR_no_zip_f1,without_billing_zip,LogisticRegression_SMOTE,budget_limited_high_campaign_cost,5400.0,720.0,0.6,0.88,-2160.0,0,3,109,1576,0.0,0.0,0.0
LR_no_zip_f1,without_billing_zip,LogisticRegression_SMOTE,budget_limited_high_campaign_cost,5400.0,720.0,0.6,0.89,-2160.0,0,3,109,1576,0.0,0.0,0.0
LR_no_zip_f1,without_billing_zip,LogisticRegression_SMOTE,budget_limited_high_campaign_cost,5400.0,720.0,0.6,0.9,-1440.0,0,2,109,1577,0.0,0.0,0.0
LR_no_zip_f1,without_billing_zip,LogisticRegression_SMOTE,budget_limited_high_campaign_cost,5400.0,720.0,0.6,0.91,-720.0,0,1,109,1578,0.0,0.0,0.0
LR_no_zip_f1,without_billing_zip,LogisticRegression_SMOTE,budget_limited_high_campaign_cost,5400.0,720.0,0.6,0.92,-720.0,0,1,109,1578,0.0,0.0,0.0
LR_no_zip_f1,without_billing_zip,LogisticRegression_SMOTE,budget_limited_high_campaign_cost,5400.0,720.0,0.6,0.93,-720.0,0,1,109,1578,0.0,0.0,0.0
LR_no_zip_f1,without_billing_zip,LogisticRegression_SMOTE,budget_limited_high_campaign_cost,5400.0,720.0,0.6,0.94,-720.0,0,1,109,1578,0.0,0.0,0.0
LR_no_zip_f1,without_billing_zip,LogisticRegression_SMOTE,budget_limited_high_campaign_cost,5400.0,720.0,0.6,0.95,-720.0,0,1,109,1578,0.0,0.0,0.0
LR_no_zip_f1,without_billing_zip,LogisticRegression_SMOTE,budget_limited_high_campaign_cost,5400.0,720.0,0.6,0.96,-720.0,0,1,109,1578,0.0,0.0,0.0
LR_no_zip_f1,without_billing_zip,LogisticRegression_SMOTE,budget_limited_high_campaign_cost,5400.0,720.0,0.6,0.97,-720.0,0,1,109,1578,0.0,0.0,0.0
LR_no_zip_f1,without_billing_zip,LogisticRegression_SMOTE,budget_limited_high_campaign_cost,5400.0,720.0,0.6,0.98,-720.0,0,1,109,1578,0.0,0.0,0.0
LR_no_zip_f1,without_billing_zip,LogisticRegression_SMOTE,budget_limited_high_campaign_cost,5400.0,720.0,0.6,0.99,-720.0,0,1,109,1578,0.0,0.0,0.0
LR_no_zip_f1,without_billing_zip,LogisticRegression_SMOTE,small_business_value,1200.0,120.0,0.6,0.01,-109920.0,107,1558,2,21,0.981651376146789,0.06426426426426426,0.12063134160090191
LR_no_zip_f1,without_billing_zip,LogisticRegression_SMOTE,small_business_value,1200.0,120.0,0.6,0.02,-109800.0,107,1557,2,22,0.981651376146789,0.06430288461538461,0.12069937958262832
LR_no_zip_f1,without_billing_zip,LogisticRegression_SMOTE,small_business_value,1200.0,120.0,0.6,0.03,-108600.0,107,1547,2,32,0.981651376146789,0.06469165659008465,0.12138400453771979
LR_no_zip_f1,without_billing_zip,LogisticRegression_SMOTE,small_business_value,1200.0,120.0,0.6,0.04,-107880.0,106,1535,3,44,0.9724770642201835,0.06459475929311395,0.12114285714285715
LR_no_zip_f1,without_billing_zip,LogisticRegression_SMOTE,small_business_value,1200.0,120.0,0.6,0.05,-107040.0,106,1528,3,51,0.9724770642201835,0.06487148102815178,0.12162937464142283
LR_no_zip_f1,without_billing_zip,LogisticRegression_SMOTE,small_business_value,1200.0,120.0,0.6,0.06,-106800.0,105,1520,4,59,0.963302752293578,0.06461538461538462,0.12110726643598616
LR_no_zip_f1,without_billing_zip,LogisticRegression_SMOTE,small_business_value,1200.0,120.0,0.6,0.07,-106560.0,104,1512,5,67,0.9541284403669725,0.06435643564356436,0.12057971014492753
LR_no_zip_f1,without_billing_zip,LogisticRegression_SMOTE,small_business_value,1200.0,120.0,0.6,0.08,-105960.0,104,1507,5,72,0.9541284403669725,0.06455617628801986,0.12093023255813953
LR_no_zip_f1,without_billing_zip,LogisticRegression_SMOTE,small_business_value,1200.0,120.0,0.6,0.09,-105000.0,104,1499,5,80,0.9541284403669725,0.06487835308796007,0.12149532710280374
LR_no_zip_f1,without_billing_zip,LogisticRegression_SMOTE,small_business_value,1200.0,120.0,0.6,0.1,-105240.0,102,1489,7,90,0.9357798165137615,0.06411062225015714,0.12
LR_no_zip_f1,without_billing_zip,LogisticRegression_SMOTE,small_business_value,1200.0,120.0,0.6,0.11,-104160.0,102,1480,7,99,0.9357798165137615,0.06447534766118837,0.12063867534003549
LR_no_zip_f1,without_billing_zip,LogisticRegression_SMOTE,small_business_value,1200.0,120.0,0.6,0.12,-104160.0,101,1474,8,105,0.926605504587156,0.06412698412698413,0.11995249406175772
LR_no_zip_f1,without_billing_zip,LogisticRegression_SMOTE,small_business_value,1200.0,120.0,0.6,0.13,-103200.0,101,1466,8,113,0.926605504587156,0.06445437141033823,0.12052505966587113
LR_no_zip_f1,without_billing_zip,LogisticRegression_SMOTE,small_business_value,1200.0,120.0,0.6,0.14,-102480.0,101,1460,8,119,0.926605504587156,0.0647021140294683,0.12095808383233533
LR_no_zip_f1,without_billing_zip,LogisticRegression_SMOTE,small_business_value,1200.0,120.0,0.6,0.15,-102600.0,99,1449,10,130,0.908256880733945,0.06395348837209303,0.11949305974652988
LR_no_zip_f1,without_billing_zip,LogisticRegression_SMOTE,small_business_value,1200.0,120.0,0.6,0.16,-101160.0,99,1437,10,142,0.908256880733945,0.064453125,0.12036474164133738
LR_no_zip_f1,without_billing_zip,LogisticRegression_SMOTE,small_business_value,1200.0,120.0,0.6,0.17,-99000.0,99,1419,10,160,0.908256880733945,0.06521739130434782,0.12169637369391519
LR_no_zip_f1,without_billing_zip,LogisticRegression_SMOTE,small_business_value,1200.0,120.0,0.6,0.18,-96600.0,97,1387,12,192,0.8899082568807339,0.06536388140161725,0.12178279974890144
LR_no_zip_f1,without_billing_zip,LogisticRegression_SMOTE,small_business_value,1200.0,120.0,0.6,0.19,-93720.0,97,1363,12,216,0.8899082568807339,0.06643835616438357,0.12364563416188655
LR_no_zip_f1,without_billing_zip,LogisticRegression_SMOTE,small_business_value,1200.0,120.0,0.6,0.2,-90720.0,96,1332,13,247,0.8807339449541285,0.06722689075630252,0.12491867273910215
LR_no_zip_f1,without_billing_zip,LogisticRegression_SMOTE,small_business_value,1200.0,120.0,0.6,0.21,-87600.0,95,1300,14,279,0.8715596330275229,0.06810035842293907,0.12632978723404256
LR_no_zip_f1,without_billing_zip,LogisticRegression_SMOTE,small_business_value,1200.0,120.0,0.6,0.22,-84600.0,94,1269,15,310,0.8623853211009175,0.06896551724137931,0.12771739130434784
LR_no_zip_f1,without_billing_zip,LogisticRegression_SMOTE,small_business_value,1200.0,120.0,0.6,0.23,-81000.0,92,1227,17,352,0.8440366972477065,0.06974981046247157,0.12885154061624648
LR_no_zip_f1,without_billing_zip,LogisticRegression_SMOTE,small_business_value,1200.0,120.0,0.6,0.24,-75840.0,91,1178,18,401,0.8348623853211009,0.07171000788022065,0.1320754716981132
LR_no_zip_f1,without_billing_zip,LogisticRegression_SMOTE,small_business_value,1200.0,120.0,0.6,0.25,-71640.0,91,1143,18,436,0.8348623853211009,0.07374392220421394,0.1355174981384959
LR_no_zip_f1,without_billing_zip,LogisticRegression_SMOTE,small_business_value,1200.0,120.0,0.6,0.26,-68520.0,89,1105,20,474,0.8165137614678899,0.0745393634840871,0.13660782808902533
LR_no_zip_f1,without_billing_zip,LogisticRegression_SMOTE,small_business_value,1200.0,120.0,0.6,0.27,-65160.0,87,1065,22,514,0.7981651376146789,0.07552083333333333,0.1379857256145916
LR_no_zip_f1,without_billing_zip,LogisticRegression_SMOTE,small_business_value,1200.0,120.0,0.6,0.28,-62520.0,83,1019,26,560,0.7614678899082569,0.07531760435571688,0.1370767960363336
LR_no_zip_f1,without_billing_zip,LogisticRegression_SMOTE,small_business_value,1200.0,120.0,0.6,0.29,-58320.0,81,972,28,607,0.7431192660550459,0.07692307692307693,0.13941480206540446
LR_no_zip_f1,without_billing_zip,LogisticRegression_SMOTE,small_business_value,1200.0,120.0,0.6,0.3,-57600.0,75,930,34,649,0.6880733944954128,0.07462686567164178,0.13464991023339318
LR_no_zip_f1,without_billing_zip,LogisticRegression_SMOTE,small_business_value,1200.0,120.0,0.6,0.31,-52440.0,72,869,37,710,0.6605504587155964,0.0765143464399575,0.13714285714285715
LR_no_zip_f1,without_billing_zip,LogisticRegression_SMOTE,small_business_value,1200.0,120.0,0.6,0.32,-50640.0,69,836,40,743,0.6330275229357798,0.07624309392265194,0.13609467455621302
LR_no_zip_f1,without_billing_zip,LogisticRegression_SMOTE,small_business_value,1200.0,120.0,0.6,0.33,-47760.0,66,794,43,785,0.6055045871559633,0.07674418604651163,0.13622291021671826
LR_no_zip_f1,without_billing_zip,LogisticRegression_SMOTE,small_business_value,1200.0,120.0,0.6,0.34,-46440.0,63,765,46,814,0.5779816513761468,0.07608695652173914,0.1344717182497332
LR_no_zip_f1,without_billing_zip,LogisticRegression_SMOTE,small_business_value,1200.0,120.0,0.6,0.35,-43080.0,61,725,48,854,0.5596330275229358,0.07760814249363868,0.13631284916201117
LR_no_zip_f1,without_billing_zip,LogisticRegression_SMOTE,small_business_value,1200.0,120.0,0.6,0.36,-41040.0,57,684,52,895,0.5229357798165137,0.07692307692307693,0.13411764705882354
LR_no_zip_f1,without_billing_zip,LogisticRegression_SMOTE,small_business_value,1200.0,120.0,0.6,0.37,-38040.0,53,635,56,944,0.48623853211009177,0.07703488372093023,0.1329987452948557
LR_no_zip_f1,without_billing_zip,LogisticRegression_SMOTE,small_business_value,1200.0,120.0,0.6,0.38,-38760.0,47,605,62,974,0.43119266055045874,0.07208588957055215,0.12352168199737187
LR_no_zip_f1,without_billing_zip,LogisticRegression_SMOTE,small_business_value,1200.0,120.0,0.6,0.39,-37200.0,43,568,66,1011,0.3944954128440367,0.07037643207855974,0.11944444444444445
LR_no_zip_f1,without_billing_zip,LogisticRegression_SMOTE,small_business_value,1200.0,120.0,0.6,0.4,-32160.0,42,520,67,1059,0.3853211009174312,0.07473309608540925,0.12518628912071536
LR_no_zip_f1,without_billing_zip,LogisticRegression_SMOTE,small_business_value,1200.0,120.0,0.6,0.41,-26880.0,40,464,69,1115,0.3669724770642202,0.07936507936507936,0.13050570962479607
LR_no_zip_f1,without_billing_zip,LogisticRegression_SMOTE,small_business_value,1200.0,120.0,0.6,0.42,-23400.0,39,429,70,1150,0.3577981651376147,0.08333333333333333,0.13518197573656845
LR_no_zip_f1,without_billing_zip,LogisticRegression_SMOTE,small_business_value,1200.0,120.0,0.6,0.43,-20280.0,38,397,71,1182,0.3486238532110092,0.08735632183908046,0.13970588235294118
LR_no_zip_f1,without_billing_zip,LogisticRegression_SMOTE,small_business_value,1200.0,120.0,0.6,0.44,-18600.0,36,371,73,1208,0.3302752293577982,0.08845208845208845,0.13953488372093023
LR_no_zip_f1,without_billing_zip,LogisticRegression_SMOTE,small_business_value,1200.0,120.0,0.6,0.45,-17520.0,32,338,77,1241,0.29357798165137616,0.08648648648648649,0.1336116910229645
LR_no_zip_f1,without_billing_zip,LogisticRegression_SMOTE,small_business_value,1200.0,120.0,0.6,0.46,-14280.0,32,311,77,1268,0.29357798165137616,0.09329446064139942,0.1415929203539823
LR_no_zip_f1,without_billing_zip,LogisticRegression_SMOTE,small_business_value,1200.0,120.0,0.6,0.47,-12120.0,31,287,78,1292,0.28440366972477066,0.09748427672955975,0.1451990632318501
LR_no_zip_f1,without_billing_zip,LogisticRegression_SMOTE,small_business_value,1200.0,120.0,0.6,0.48,-8160.0,31,254,78,1325,0.28440366972477066,0.10877192982456141,0.15736040609137056
LR_no_zip_f1,without_billing_zip,LogisticRegression_SMOTE,small_business_value,1200.0,120.0,0.6,0.49,-7080.0,29,233,80,1346,0.26605504587155965,0.11068702290076336,0.15633423180592992
LR_no_zip_f1,without_billing_zip,LogisticRegression_SMOTE,small_business_value,1200.0,120.0,0.6,0.5,-3960.0,29,207,80,1372,0.26605504587155965,0.1228813559322034,0.1681159420289855
LR_no_zip_f1,without_billing_zip,LogisticRegression_SMOTE,small_business_value,1200.0,120.0,0.6,0.51,-2880.0,27,186,82,1393,0.24770642201834864,0.1267605633802817,0.16770186335403728
LR_no_zip_f1,without_billing_zip,LogisticRegression_SMOTE,small_business_value,1200.0,120.0,0.6,0.52,-1320.0,25,161,84,1418,0.22935779816513763,0.13440860215053763,0.1694915254237288
LR_no_zip_f1,without_billing_zip,LogisticRegression_SMOTE,small_business_value,1200.0,120.0,0.6,0.53,-480.0,24,148,85,1431,0.22018348623853212,0.13953488372093023,0.1708185053380783
LR_no_zip_f1,without_billing_zip,LogisticRegression_SMOTE,small_business_value,1200.0,120.0,0.6,0.54,-1680.0,19,128,90,1451,0.1743119266055046,0.1292517006802721,0.1484375
LR_no_zip_f1,without_billing_zip,LogisticRegression_SMOTE,small_business_value,1200.0,120.0,0.6,0.55,-1800.0,17,117,92,1462,0.1559633027522936,0.12686567164179105,0.13991769547325103
LR_no_zip_f1,without_billing_zip,LogisticRegression_SMOTE,small_business_value,1200.0,120.0,0.6,0.56,-1320.0,16,107,93,1472,0.14678899082568808,0.13008130081300814,0.13793103448275862
LR_no_zip_f1,without_billing_zip,LogisticRegression_SMOTE,small_business_value,1200.0,120.0,0.6,0.57,-2040.0,14,101,95,1478,0.12844036697247707,0.12173913043478261,0.125
LR_no_zip_f1,without_billing_zip,LogisticRegression_SMOTE,small_business_value,1200.0,120.0,0.6,0.58,-1800.0,12,87,97,1492,0.11009174311926606,0.12121212121212122,0.11538461538461539
LR_no_zip_f1,without_billing_zip,LogisticRegression_SMOTE,small_business_value,1200.0,120.0,0.6,0.59,-2040.0,10,77,99,1502,0.09174311926605505,0.11494252873563218,0.10204081632653061
LR_no_zip_f1,without_billing_zip,LogisticRegression_SMOTE,small_business_value,1200.0,120.0,0.6,0.6,-2760.0,8,71,101,1508,0.07339449541284404,0.10126582278481013,0.0851063829787234
LR_no_zip_f1,without_billing_zip,LogisticRegression_SMOTE,small_business_value,1200.0,120.0,0.6,0.61,-2520.0,7,63,102,1516,0.06422018348623854,0.1,0.0782122905027933
LR_no_zip_f1,without_billing_zip,LogisticRegression_SMOTE,small_business_value,1200.0,120.0,0.6,0.62,-2520.0,6,57,103,1522,0.05504587155963303,0.09523809523809523,0.06976744186046512
LR_no_zip_f1,without_billing_zip,LogisticRegression_SMOTE,small_business_value,1200.0,120.0,0.6,0.63,-1680.0,6,50,103,1529,0.05504587155963303,0.10714285714285714,0.07272727272727272
LR_no_zip_f1,without_billing_zip,LogisticRegression_SMOTE,small_business_value,1200.0,120.0,0.6,0.64,-2640.0,4,46,105,1533,0.03669724770642202,0.08,0.050314465408805034
LR_no_zip_f1,without_billing_zip,LogisticRegression_SMOTE,small_business_value,1200.0,120.0,0.6,0.65,-2760.0,3,41,106,1538,0.027522935779816515,0.06818181818181818,0.0392156862745098
LR_no_zip_f1,without_billing_zip,LogisticRegression_SMOTE,small_business_value,1200.0,120.0,0.6,0.66,-2400.0,3,38,106,1541,0.027522935779816515,0.07317073170731707,0.04
LR_no_zip_f1,without_billing_zip,LogisticRegression_SMOTE,small_business_value,1200.0,120.0,0.6,0.67,-2280.0,3,37,106,1542,0.027522935779816515,0.075,0.040268456375838924
LR_no_zip_f1,without_billing_zip,LogisticRegression_SMOTE,small_business_value,1200.0,120.0,0.6,0.68,-1800.0,3,33,106,1546,0.027522935779816515,0.08333333333333333,0.041379310344827586
LR_no_zip_f1,without_billing_zip,LogisticRegression_SMOTE,small_business_value,1200.0,120.0,0.6,0.69,-2280.0,2,31,107,1548,0.01834862385321101,0.06060606060606061,0.028169014084507043
LR_no_zip_f1,without_billing_zip,LogisticRegression_SMOTE,small_business_value,1200.0,120.0,0.6,0.7,-2040.0,2,29,107,1550,0.01834862385321101,0.06451612903225806,0.02857142857142857
LR_no_zip_f1,without_billing_zip,LogisticRegression_SMOTE,small_business_value,1200.0,120.0,0.6,0.71,-1320.0,2,23,107,1556,0.01834862385321101,0.08,0.029850746268656716
LR_no_zip_f1,without_billing_zip,LogisticRegression_SMOTE,small_business_value,1200.0,120.0,0.6,0.72,-1080.0,2,21,107,1558,0.01834862385321101,0.08695652173913043,0.030303030303030304
LR_no_zip_f1,without_billing_zip,LogisticRegression_SMOTE,small_business_value,1200.0,120.0,0.6,0.73,-840.0,2,19,107,1560,0.01834862385321101,0.09523809523809523,0.03076923076923077
LR_no_zip_f1,without_billing_zip,LogisticRegression_SMOTE,small_business_value,1200.0,120.0,0.6,0.74,-600.0,2,17,107,1562,0.01834862385321101,0.10526315789473684,0.03125
LR_no_zip_f1,without_billing_zip,LogisticRegression_SMOTE,small_business_value,1200.0,120.0,0.6,0.75,-1080.0,1,15,108,1564,0.009174311926605505,0.0625,0.016
LR_no_zip_f1,without_billing_zip,LogisticRegression_SMOTE,small_business_value,1200.0,120.0,0.6,0.76,-840.0,1,13,108,1566,0.009174311926605505,0.07142857142857142,0.016260162601626018
LR_no_zip_f1,without_billing_zip,LogisticRegression_SMOTE,small_business_value,1200.0,120.0,0.6,0.77,-1560.0,0,13,109,1566,0.0,0.0,0.0
LR_no_zip_f1,without_billing_zip,LogisticRegression_SMOTE,small_business_value,1200.0,120.0,0.6,0.78,-1440.0,0,12,109,1567,0.0,0.0,0.0
LR_no_zip_f1,without_billing_zip,LogisticRegression_SMOTE,small_business_value,1200.0,120.0,0.6,0.79,-1200.0,0,10,109,1569,0.0,0.0,0.0
LR_no_zip_f1,without_billing_zip,LogisticRegression_SMOTE,small_business_value,1200.0,120.0,0.6,0.8,-1080.0,0,9,109,1570,0.0,0.0,0.0
LR_no_zip_f1,without_billing_zip,LogisticRegression_SMOTE,small_business_value,1200.0,120.0,0.6,0.81,-720.0,0,6,109,1573,0.0,0.0,0.0
LR_no_zip_f1,without_billing_zip,LogisticRegression_SMOTE,small_business_value,1200.0,120.0,0.6,0.82,-480.0,0,4,109,1575,0.0,0.0,0.0
LR_no_zip_f1,without_billing_zip,LogisticRegression_SMOTE,small_business_value,1200.0,120.0,0.6,0.83,-480.0,0,4,109,1575,0.0,0.0,0.0
LR_no_zip_f1,without_billing_zip,LogisticRegression_SMOTE,small_business_value,1200.0,120.0,0.6,0.84,-480.0,0,4,109,1575,0.0,0.0,0.0
LR_no_zip_f1,without_billing_zip,LogisticRegression_SMOTE,small_business_value,1200.0,120.0,0.6,0.85,-480.0,0,4,109,1575,0.0,0.0,0.0
LR_no_zip_f1,without_billing_zip,LogisticRegression_SMOTE,small_business_value,1200.0,120.0,0.6,0.86,-480.0,0,4,109,1575,0.0,0.0,0.0
LR_no_zip_f1,without_billing_zip,LogisticRegression_SMOTE,small_business_value,1200.0,120.0,0.6,0.87,-480.0,0,4,109,1575,0.0,0.0,0.0
LR_no_zip_f1,without_billing_zip,LogisticRegression_SMOTE,small_business_value,1200.0,120.0,0.6,0.88,-360.0,0,3,109,1576,0.0,0.0,0.0
LR_no_zip_f1,without_billing_zip,LogisticRegression_SMOTE,small_business_value,1200.0,120.0,0.6,0.89,-360.0,0,3,109,1576,0.0,0.0,0.0
LR_no_zip_f1,without_billing_zip,LogisticRegression_SMOTE,small_business_value,1200.0,120.0,0.6,0.9,-240.0,0,2,109,1577,0.0,0.0,0.0
LR_no_zip_f1,without_billing_zip,LogisticRegression_SMOTE,small_business_value,1200.0,120.0,0.6,0.91,-120.0,0,1,109,1578,0.0,0.0,0.0
LR_no_zip_f1,without_billing_zip,LogisticRegression_SMOTE,small_business_value,1200.0,120.0,0.6,0.92,-120.0,0,1,109,1578,0.0,0.0,0.0
LR_no_zip_f1,without_billing_zip,LogisticRegression_SMOTE,small_business_value,1200.0,120.0,0.6,0.93,-120.0,0,1,109,1578,0.0,0.0,0.0
LR_no_zip_f1,without_billing_zip,LogisticRegression_SMOTE,small_business_value,1200.0,120.0,0.6,0.94,-120.0,0,1,109,1578,0.0,0.0,0.0
LR_no_zip_f1,without_billing_zip,LogisticRegression_SMOTE,small_business_value,1200.0,120.0,0.6,0.95,-120.0,0,1,109,1578,0.0,0.0,0.0
LR_no_zip_f1,without_billing_zip,LogisticRegression_SMOTE,small_business_value,1200.0,120.0,0.6,0.96,-120.0,0,1,109,1578,0.0,0.0,0.0
LR_no_zip_f1,without_billing_zip,LogisticRegression_SMOTE,small_business_value,1200.0,120.0,0.6,0.97,-120.0,0,1,109,1578,0.0,0.0,0.0
LR_no_zip_f1,without_billing_zip,LogisticRegression_SMOTE,small_business_value,1200.0,120.0,0.6,0.98,-120.0,0,1,109,1578,0.0,0.0,0.0
LR_no_zip_f1,without_billing_zip,LogisticRegression_SMOTE,small_business_value,1200.0,120.0,0.6,0.99,-120.0,0,1,109,1578,0.0,0.0,0.0
LR_no_zip_f1,without_billing_zip,LogisticRegression_SMOTE,enterprise_value,18000.0,120.0,0.6,0.01,968640.0,107,1558,2,21,0.981651376146789,0.06426426426426426,0.12063134160090191
LR_no_zip_f1,without_billing_zip,LogisticRegression_SMOTE,enterprise_value,18000.0,120.0,0.6,0.02,968760.0,107,1557,2,22,0.981651376146789,0.06430288461538461,0.12069937958262832
LR_no_zip_f1,without_billing_zip,LogisticRegression_SMOTE,enterprise_value,18000.0,120.0,0.6,0.03,969960.0,107,1547,2,32,0.981651376146789,0.06469165659008465,0.12138400453771979
LR_no_zip_f1,without_billing_zip,LogisticRegression_SMOTE,enterprise_value,18000.0,120.0,0.6,0.04,960600.0,106,1535,3,44,0.9724770642201835,0.06459475929311395,0.12114285714285715
LR_no_zip_f1,without_billing_zip,LogisticRegression_SMOTE,enterprise_value,18000.0,120.0,0.6,0.05,961440.0,106,1528,3,51,0.9724770642201835,0.06487148102815178,0.12162937464142283
LR_no_zip_f1,without_billing_zip,LogisticRegression_SMOTE,enterprise_value,18000.0,120.0,0.6,0.06,951600.0,105,1520,4,59,0.963302752293578,0.06461538461538462,0.12110726643598616
LR_no_zip_f1,without_billing_zip,LogisticRegression_SMOTE,enterprise_value,18000.0,120.0,0.6,0.07,941760.0,104,1512,5,67,0.9541284403669725,0.06435643564356436,0.12057971014492753
LR_no_zip_f1,without_billing_zip,LogisticRegression_SMOTE,enterprise_value,18000.0,120.0,0.6,0.08,942360.0,104,1507,5,72,0.9541284403669725,0.06455617628801986,0.12093023255813953
LR_no_zip_f1,without_billing_zip,LogisticRegression_SMOTE,enterprise_value,18000.0,120.0,0.6,0.09,943320.0,104,1499,5,80,0.9541284403669725,0.06487835308796007,0.12149532710280374
LR_no_zip_f1,without_billing_zip,LogisticRegression_SMOTE,enterprise_value,18000.0,120.0,0.6,0.1,922920.0,102,1489,7,90,0.9357798165137615,0.06411062225015714,0.12
LR_no_zip_f1,without_billing_zip,LogisticRegression_SMOTE,enterprise_value,18000.0,120.0,0.6,0.11,924000.0,102,1480,7,99,0.9357798165137615,0.06447534766118837,0.12063867534003549
LR_no_zip_f1,without_billing_zip,LogisticRegression_SMOTE,enterprise_value,18000.0,120.0,0.6,0.12,913920.0,101,1474,8,105,0.926605504587156,0.06412698412698413,0.11995249406175772
LR_no_zip_f1,without_billing_zip,LogisticRegression_SMOTE,enterprise_value,18000.0,120.0,0.6,0.13,914880.0,101,1466,8,113,0.926605504587156,0.06445437141033823,0.12052505966587113
LR_no_zip_f1,without_billing_zip,LogisticRegression_SMOTE,enterprise_value,18000.0,120.0,0.6,0.14,915600.0,101,1460,8,119,0.926605504587156,0.0647021140294683,0.12095808383233533
LR_no_zip_f1,without_billing_zip,LogisticRegression_SMOTE,enterprise_value,18000.0,120.0,0.6,0.15,895320.0,99,1449,10,130,0.908256880733945,0.06395348837209303,0.11949305974652988
LR_no_zip_f1,without_billing_zip,LogisticRegression_SMOTE,enterprise_value,18000.0,120.0,0.6,0.16,896760.0,99,1437,10,142,0.908256880733945,0.064453125,0.12036474164133738
LR_no_zip_f1,without_billing_zip,LogisticRegression_SMOTE,enterprise_value,18000.0,120.0,0.6,0.17,898920.0,99,1419,10,160,0.908256880733945,0.06521739130434782,0.12169637369391519
LR_no_zip_f1,without_billing_zip,LogisticRegression_SMOTE,enterprise_value,18000.0,120.0,0.6,0.18,881160.0,97,1387,12,192,0.8899082568807339,0.06536388140161725,0.12178279974890144
LR_no_zip_f1,without_billing_zip,LogisticRegression_SMOTE,enterprise_value,18000.0,120.0,0.6,0.19,884040.0,97,1363,12,216,0.8899082568807339,0.06643835616438357,0.12364563416188655
LR_no_zip_f1,without_billing_zip,LogisticRegression_SMOTE,enterprise_value,18000.0,120.0,0.6,0.2,876960.0,96,1332,13,247,0.8807339449541285,0.06722689075630252,0.12491867273910215
LR_no_zip_f1,without_billing_zip,LogisticRegression_SMOTE,enterprise_value,18000.0,120.0,0.6,0.21,870000.0,95,1300,14,279,0.8715596330275229,0.06810035842293907,0.12632978723404256
LR_no_zip_f1,without_billing_zip,LogisticRegression_SMOTE,enterprise_value,18000.0,120.0,0.6,0.22,862920.0,94,1269,15,310,0.8623853211009175,0.06896551724137931,0.12771739130434784
LR_no_zip_f1,without_billing_zip,LogisticRegression_SMOTE,enterprise_value,18000.0,120.0,0.6,0.23,846360.0,92,1227,17,352,0.8440366972477065,0.06974981046247157,0.12885154061624648
LR_no_zip_f1,without_billing_zip,LogisticRegression_SMOTE,enterprise_value,18000.0,120.0,0.6,0.24,841440.0,91,1178,18,401,0.8348623853211009,0.07171000788022065,0.1320754716981132
LR_no_zip_f1,without_billing_zip,LogisticRegression_SMOTE,enterprise_value,18000.0,120.0,0.6,0.25,845640.0,91,1143,18,436,0.8348623853211009,0.07374392220421394,0.1355174981384959
LR_no_zip_f1,without_billing_zip,LogisticRegression_SMOTE,enterprise_value,18000.0,120.0,0.6,0.26,828600.0,89,1105,20,474,0.8165137614678899,0.0745393634840871,0.13660782808902533
LR_no_zip_f1,without_billing_zip,LogisticRegression_SMOTE,enterprise_value,18000.0,120.0,0.6,0.27,811800.0,87,1065,22,514,0.7981651376146789,0.07552083333333333,0.1379857256145916
LR_no_zip_f1,without_billing_zip,LogisticRegression_SMOTE,enterprise_value,18000.0,120.0,0.6,0.28,774120.0,83,1019,26,560,0.7614678899082569,0.07531760435571688,0.1370767960363336
LR_no_zip_f1,without_billing_zip,LogisticRegression_SMOTE,enterprise_value,18000.0,120.0,0.6,0.29,758160.0,81,972,28,607,0.7431192660550459,0.07692307692307693,0.13941480206540446
LR_no_zip_f1,without_billing_zip,LogisticRegression_SMOTE,enterprise_value,18000.0,120.0,0.6,0.3,698400.0,75,930,34,649,0.6880733944954128,0.07462686567164178,0.13464991023339318
LR_no_zip_f1,without_billing_zip,LogisticRegression_SMOTE,enterprise_value,18000.0,120.0,0.6,0.31,673320.0,72,869,37,710,0.6605504587155964,0.0765143464399575,0.13714285714285715
LR_no_zip_f1,without_billing_zip,LogisticRegression_SMOTE,enterprise_value,18000.0,120.0,0.6,0.32,644880.0,69,836,40,743,0.6330275229357798,0.07624309392265194,0.13609467455621302
LR_no_zip_f1,without_billing_zip,LogisticRegression_SMOTE,enterprise_value,18000.0,120.0,0.6,0.33,617520.0,66,794,43,785,0.6055045871559633,0.07674418604651163,0.13622291021671826
LR_no_zip_f1,without_billing_zip,LogisticRegression_SMOTE,enterprise_value,18000.0,120.0,0.6,0.34,588600.0,63,765,46,814,0.5779816513761468,0.07608695652173914,0.1344717182497332
LR_no_zip_f1,without_billing_zip,LogisticRegression_SMOTE,enterprise_value,18000.0,120.0,0.6,0.35,571800.0,61,725,48,854,0.5596330275229358,0.07760814249363868,0.13631284916201117
LR_no_zip_f1,without_billing_zip,LogisticRegression_SMOTE,enterprise_value,18000.0,120.0,0.6,0.36,533520.0,57,684,52,895,0.5229357798165137,0.07692307692307693,0.13411764705882354
LR_no_zip_f1,without_billing_zip,LogisticRegression_SMOTE,enterprise_value,18000.0,120.0,0.6,0.37,496200.0,53,635,56,944,0.48623853211009177,0.07703488372093023,0.1329987452948557
LR_no_zip_f1,without_billing_zip,LogisticRegression_SMOTE,enterprise_value,18000.0,120.0,0.6,0.38,435000.0,47,605,62,974,0.43119266055045874,0.07208588957055215,0.12352168199737187
LR_no_zip_f1,without_billing_zip,LogisticRegression_SMOTE,enterprise_value,18000.0,120.0,0.6,0.39,396240.0,43,568,66,1011,0.3944954128440367,0.07037643207855974,0.11944444444444445
LR_no_zip_f1,without_billing_zip,LogisticRegression_SMOTE,enterprise_value,18000.0,120.0,0.6,0.4,391200.0,42,520,67,1059,0.3853211009174312,0.07473309608540925,0.12518628912071536
LR_no_zip_f1,without_billing_zip,LogisticRegression_SMOTE,enterprise_value,18000.0,120.0,0.6,0.41,376320.0,40,464,69,1115,0.3669724770642202,0.07936507936507936,0.13050570962479607
LR_no_zip_f1,without_billing_zip,LogisticRegression_SMOTE,enterprise_value,18000.0,120.0,0.6,0.42,369720.0,39,429,70,1150,0.3577981651376147,0.08333333333333333,0.13518197573656845
LR_no_zip_f1,without_billing_zip,LogisticRegression_SMOTE,enterprise_value,18000.0,120.0,0.6,0.43,362760.0,38,397,71,1182,0.3486238532110092,0.08735632183908046,0.13970588235294118
LR_no_zip_f1,without_billing_zip,LogisticRegression_SMOTE,enterprise_value,18000.0,120.0,0.6,0.44,344280.0,36,371,73,1208,0.3302752293577982,0.08845208845208845,0.13953488372093023
LR_no_zip_f1,without_billing_zip,LogisticRegression_SMOTE,enterprise_value,18000.0,120.0,0.6,0.45,305040.0,32,338,77,1241,0.29357798165137616,0.08648648648648649,0.1336116910229645
LR_no_zip_f1,without_billing_zip,LogisticRegression_SMOTE,enterprise_value,18000.0,120.0,0.6,0.46,308280.0,32,311,77,1268,0.29357798165137616,0.09329446064139942,0.1415929203539823
LR_no_zip_f1,without_billing_zip,LogisticRegression_SMOTE,enterprise_value,18000.0,120.0,0.6,0.47,300360.0,31,287,78,1292,0.28440366972477066,0.09748427672955975,0.1451990632318501
LR_no_zip_f1,without_billing_zip,LogisticRegression_SMOTE,enterprise_value,18000.0,120.0,0.6,0.48,304320.0,31,254,78,1325,0.28440366972477066,0.10877192982456141,0.15736040609137056
LR_no_zip_f1,without_billing_zip,LogisticRegression_SMOTE,enterprise_value,18000.0,120.0,0.6,0.49,285240.0,29,233,80,1346,0.26605504587155965,0.11068702290076336,0.15633423180592992
LR_no_zip_f1,without_billing_zip,LogisticRegression_SMOTE,enterprise_value,18000.0,120.0,0.6,0.5,288360.0,29,207,80,1372,0.26605504587155965,0.1228813559322034,0.1681159420289855
LR_no_zip_f1,without_billing_zip,LogisticRegression_SMOTE,enterprise_value,18000.0,120.0,0.6,0.51,269280.0,27,186,82,1393,0.24770642201834864,0.1267605633802817,0.16770186335403728
LR_no_zip_f1,without_billing_zip,LogisticRegression_SMOTE,enterprise_value,18000.0,120.0,0.6,0.52,250680.0,25,161,84,1418,0.22935779816513763,0.13440860215053763,0.1694915254237288
LR_no_zip_f1,without_billing_zip,LogisticRegression_SMOTE,enterprise_value,18000.0,120.0,0.6,0.53,241440.0,24,148,85,1431,0.22018348623853212,0.13953488372093023,0.1708185053380783
LR_no_zip_f1,without_billing_zip,LogisticRegression_SMOTE,enterprise_value,18000.0,120.0,0.6,0.54,189840.0,19,128,90,1451,0.1743119266055046,0.1292517006802721,0.1484375
LR_no_zip_f1,without_billing_zip,LogisticRegression_SMOTE,enterprise_value,18000.0,120.0,0.6,0.55,169560.0,17,117,92,1462,0.1559633027522936,0.12686567164179105,0.13991769547325103
LR_no_zip_f1,without_billing_zip,LogisticRegression_SMOTE,enterprise_value,18000.0,120.0,0.6,0.56,159960.0,16,107,93,1472,0.14678899082568808,0.13008130081300814,0.13793103448275862
LR_no_zip_f1,without_billing_zip,LogisticRegression_SMOTE,enterprise_value,18000.0,120.0,0.6,0.57,139080.0,14,101,95,1478,0.12844036697247707,0.12173913043478261,0.125
LR_no_zip_f1,without_billing_zip,LogisticRegression_SMOTE,enterprise_value,18000.0,120.0,0.6,0.58,119160.0,12,87,97,1492,0.11009174311926606,0.12121212121212122,0.11538461538461539
LR_no_zip_f1,without_billing_zip,LogisticRegression_SMOTE,enterprise_value,18000.0,120.0,0.6,0.59,98760.0,10,77,99,1502,0.09174311926605505,0.11494252873563218,0.10204081632653061
LR_no_zip_f1,without_billing_zip,LogisticRegression_SMOTE,enterprise_value,18000.0,120.0,0.6,0.6,77880.0,8,71,101,1508,0.07339449541284404,0.10126582278481013,0.0851063829787234
LR_no_zip_f1,without_billing_zip,LogisticRegression_SMOTE,enterprise_value,18000.0,120.0,0.6,0.61,68040.0,7,63,102,1516,0.06422018348623854,0.1,0.0782122905027933
LR_no_zip_f1,without_billing_zip,LogisticRegression_SMOTE,enterprise_value,18000.0,120.0,0.6,0.62,57960.0,6,57,103,1522,0.05504587155963303,0.09523809523809523,0.06976744186046512
LR_no_zip_f1,without_billing_zip,LogisticRegression_SMOTE,enterprise_value,18000.0,120.0,0.6,0.63,58800.0,6,50,103,1529,0.05504587155963303,0.10714285714285714,0.07272727272727272
LR_no_zip_f1,without_billing_zip,LogisticRegression_SMOTE,enterprise_value,18000.0,120.0,0.6,0.64,37680.0,4,46,105,1533,0.03669724770642202,0.08,0.050314465408805034
LR_no_zip_f1,without_billing_zip,LogisticRegression_SMOTE,enterprise_value,18000.0,120.0,0.6,0.65,27480.0,3,41,106,1538,0.027522935779816515,0.06818181818181818,0.0392156862745098
LR_no_zip_f1,without_billing_zip,LogisticRegression_SMOTE,enterprise_value,18000.0,120.0,0.6,0.66,27840.0,3,38,106,1541,0.027522935779816515,0.07317073170731707,0.04
LR_no_zip_f1,without_billing_zip,LogisticRegression_SMOTE,enterprise_value,18000.0,120.0,0.6,0.67,27960.0,3,37,106,1542,0.027522935779816515,0.075,0.040268456375838924
LR_no_zip_f1,without_billing_zip,LogisticRegression_SMOTE,enterprise_value,18000.0,120.0,0.6,0.68,28440.0,3,33,106,1546,0.027522935779816515,0.08333333333333333,0.041379310344827586
LR_no_zip_f1,without_billing_zip,LogisticRegression_SMOTE,enterprise_value,18000.0,120.0,0.6,0.69,17880.0,2,31,107,1548,0.01834862385321101,0.06060606060606061,0.028169014084507043
LR_no_zip_f1,without_billing_zip,LogisticRegression_SMOTE,enterprise_value,18000.0,120.0,0.6,0.7,18120.0,2,29,107,1550,0.01834862385321101,0.06451612903225806,0.02857142857142857
LR_no_zip_f1,without_billing_zip,LogisticRegression_SMOTE,enterprise_value,18000.0,120.0,0.6,0.71,18840.0,2,23,107,1556,0.01834862385321101,0.08,0.029850746268656716
LR_no_zip_f1,without_billing_zip,LogisticRegression_SMOTE,enterprise_value,18000.0,120.0,0.6,0.72,19080.0,2,21,107,1558,0.01834862385321101,0.08695652173913043,0.030303030303030304
LR_no_zip_f1,without_billing_zip,LogisticRegression_SMOTE,enterprise_value,18000.0,120.0,0.6,0.73,19320.0,2,19,107,1560,0.01834862385321101,0.09523809523809523,0.03076923076923077
LR_no_zip_f1,without_billing_zip,LogisticRegression_SMOTE,enterprise_value,18000.0,120.0,0.6,0.74,19560.0,2,17,107,1562,0.01834862385321101,0.10526315789473684,0.03125
LR_no_zip_f1,without_billing_zip,LogisticRegression_SMOTE,enterprise_value,18000.0,120.0,0.6,0.75,9000.0,1,15,108,1564,0.009174311926605505,0.0625,0.016
LR_no_zip_f1,without_billing_zip,LogisticRegression_SMOTE,enterprise_value,18000.0,120.0,0.6,0.76,9240.0,1,13,108,1566,0.009174311926605505,0.07142857142857142,0.016260162601626018
LR_no_zip_f1,without_billing_zip,LogisticRegression_SMOTE,enterprise_value,18000.0,120.0,0.6,0.77,-1560.0,0,13,109,1566,0.0,0.0,0.0
LR_no_zip_f1,without_billing_zip,LogisticRegression_SMOTE,enterprise_value,18000.0,120.0,0.6,0.78,-1440.0,0,12,109,1567,0.0,0.0,0.0
LR_no_zip_f1,without_billing_zip,LogisticRegression_SMOTE,enterprise_value,18000.0,120.0,0.6,0.79,-1200.0,0,10,109,1569,0.0,0.0,0.0
LR_no_zip_f1,without_billing_zip,LogisticRegression_SMOTE,enterprise_value,18000.0,120.0,0.6,0.8,-1080.0,0,9,109,1570,0.0,0.0,0.0
LR_no_zip_f1,without_billing_zip,LogisticRegression_SMOTE,enterprise_value,18000.0,120.0,0.6,0.81,-720.0,0,6,109,1573,0.0,0.0,0.0
LR_no_zip_f1,without_billing_zip,LogisticRegression_SMOTE,enterprise_value,18000.0,120.0,0.6,0.82,-480.0,0,4,109,1575,0.0,0.0,0.0
LR_no_zip_f1,without_billing_zip,LogisticRegression_SMOTE,enterprise_value,18000.0,120.0,0.6,0.83,-480.0,0,4,109,1575,0.0,0.0,0.0
LR_no_zip_f1,without_billing_zip,LogisticRegression_SMOTE,enterprise_value,18000.0,120.0,0.6,0.84,-480.0,0,4,109,1575,0.0,0.0,0.0
LR_no_zip_f1,without_billing_zip,LogisticRegression_SMOTE,enterprise_value,18000.0,120.0,0.6,0.85,-480.0,0,4,109,1575,0.0,0.0,0.0
LR_no_zip_f1,without_billing_zip,LogisticRegression_SMOTE,enterprise_value,18000.0,120.0,0.6,0.86,-480.0,0,4,109,1575,0.0,0.0,0.0
LR_no_zip_f1,without_billing_zip,LogisticRegression_SMOTE,enterprise_value,18000.0,120.0,0.6,0.87,-480.0,0,4,109,1575,0.0,0.0,0.0
LR_no_zip_f1,without_billing_zip,LogisticRegression_SMOTE,enterprise_value,18000.0,120.0,0.6,0.88,-360.0,0,3,109,1576,0.0,0.0,0.0
LR_no_zip_f1,without_billing_zip,LogisticRegression_SMOTE,enterprise_value,18000.0,120.0,0.6,0.89,-360.0,0,3,109,1576,0.0,0.0,0.0
LR_no_zip_f1,without_billing_zip,LogisticRegression_SMOTE,enterprise_value,18000.0,120.0,0.6,0.9,-240.0,0,2,109,1577,0.0,0.0,0.0
LR_no_zip_f1,without_billing_zip,LogisticRegression_SMOTE,enterprise_value,18000.0,120.0,0.6,0.91,-120.0,0,1,109,1578,0.0,0.0,0.0
LR_no_zip_f1,without_billing_zip,LogisticRegression_SMOTE,enterprise_value,18000.0,120.0,0.6,0.92,-120.0,0,1,109,1578,0.0,0.0,0.0
LR_no_zip_f1,without_billing_zip,LogisticRegression_SMOTE,enterprise_value,18000.0,120.0,0.6,0.93,-120.0,0,1,109,1578,0.0,0.0,0.0
LR_no_zip_f1,without_billing_zip,LogisticRegression_SMOTE,enterprise_value,18000.0,120.0,0.6,0.94,-120.0,0,1,109,1578,0.0,0.0,0.0
LR_no_zip_f1,without_billing_zip,LogisticRegression_SMOTE,enterprise_value,18000.0,120.0,0.6,0.95,-120.0,0,1,109,1578,0.0,0.0,0.0
LR_no_zip_f1,without_billing_zip,LogisticRegression_SMOTE,enterprise_value,18000.0,120.0,0.6,0.96,-120.0,0,1,109,1578,0.0,0.0,0.0
LR_no_zip_f1,without_billing_zip,LogisticRegression_SMOTE,enterprise_value,18000.0,120.0,0.6,0.97,-120.0,0,1,109,1578,0.0,0.0,0.0
LR_no_zip_f1,without_billing_zip,LogisticRegression_SMOTE,enterprise_value,18000.0,120.0,0.6,0.98,-120.0,0,1,109,1578,0.0,0.0,0.0
LR_no_zip_f1,without_billing_zip,LogisticRegression_SMOTE,enterprise_value,18000.0,120.0,0.6,0.99,-120.0,0,1,109,1578,0.0,0.0,0.0
LR_with_zip_recall_constraint,with_billing_zip,LogisticRegression_SMOTE,optimistic_low_campaign_cost,5400.0,30.0,0.6,0.01,303120.0,108,1560,1,19,0.9908256880733946,0.06474820143884892,0.12155317951603826
LR_with_zip_recall_constraint,with_billing_zip,LogisticRegression_SMOTE,optimistic_low_campaign_cost,5400.0,30.0,0.6,0.02,303420.0,108,1550,1,29,0.9908256880733946,0.06513872135102533,0.12224108658743633
LR_with_zip_recall_constraint,with_billing_zip,LogisticRegression_SMOTE,optimistic_low_campaign_cost,5400.0,30.0,0.6,0.03,303600.0,108,1544,1,35,0.9908256880733946,0.06537530266343826,0.12265758091993186
LR_with_zip_recall_constraint,with_billing_zip,LogisticRegression_SMOTE,optimistic_low_campaign_cost,5400.0,30.0,0.6,0.04,300630.0,107,1535,2,44,0.981651376146789,0.06516443361753958,0.12221587664191891
LR_with_zip_recall_constraint,with_billing_zip,LogisticRegression_SMOTE,optimistic_low_campaign_cost,5400.0,30.0,0.6,0.05,300810.0,107,1529,2,50,0.981651376146789,0.06540342298288508,0.12263610315186246
LR_with_zip_recall_constraint,with_billing_zip,LogisticRegression_SMOTE,optimistic_low_campaign_cost,5400.0,30.0,0.6,0.06,297780.0,106,1522,3,57,0.9724770642201835,0.06511056511056511,0.12204951065054692
LR_with_zip_recall_constraint,with_billing_zip,LogisticRegression_SMOTE,optimistic_low_campaign_cost,5400.0,30.0,0.6,0.07,294870.0,105,1511,4,68,0.963302752293578,0.06497524752475248,0.12173913043478261
LR_with_zip_recall_constraint,with_billing_zip,LogisticRegression_SMOTE,optimistic_low_campaign_cost,5400.0,30.0,0.6,0.08,295200.0,105,1500,4,79,0.963302752293578,0.06542056074766354,0.12252042007001167
LR_with_zip_recall_constraint,with_billing_zip,LogisticRegression_SMOTE,optimistic_low_campaign_cost,5400.0,30.0,0.6,0.09,288780.0,103,1498,6,81,0.944954128440367,0.06433479075577764,0.12046783625730995
LR_with_zip_recall_constraint,with_billing_zip,LogisticRegression_SMOTE,optimistic_low_campaign_cost,5400.0,30.0,0.6,0.1,289140.0,103,1486,6,93,0.944954128440367,0.06482064191315293,0.12131919905771496
LR_with_zip_recall_constraint,with_billing_zip,LogisticRegression_SMOTE,optimistic_low_campaign_cost,5400.0,30.0,0.6,0.11,289290.0,103,1481,6,98,0.944954128440367,0.06502525252525253,0.12167749556999409
LR_with_zip_recall_constraint,with_billing_zip,LogisticRegression_SMOTE,optimistic_low_campaign_cost,5400.0,30.0,0.6,0.12,289380.0,103,1478,6,101,0.944954128440367,0.06514864010120178,0.12189349112426036
LR_with_zip_recall_constraint,with_billing_zip,LogisticRegression_SMOTE,optimistic_low_campaign_cost,5400.0,30.0,0.6,0.13,286230.0,102,1475,7,104,0.9357798165137615,0.06467977171845275,0.12099644128113879
LR_with_zip_recall_constraint,with_billing_zip,LogisticRegression_SMOTE,optimistic_low_campaign_cost,5400.0,30.0,0.6,0.14,286530.0,102,1465,7,114,0.9357798165137615,0.0650925335035099,0.12171837708830549
LR_with_zip_recall_constraint,with_billing_zip,LogisticRegression_SMOTE,optimistic_low_campaign_cost,5400.0,30.0,0.6,0.15,286830.0,102,1455,7,124,0.9357798165137615,0.06551059730250482,0.12244897959183673
LR_with_zip_recall_constraint,with_billing_zip,LogisticRegression_SMOTE,optimistic_low_campaign_cost,5400.0,30.0,0.6,0.16,287280.0,102,1440,7,139,0.9357798165137615,0.06614785992217899,0.12356147789218655
LR_with_zip_recall_constraint,with_billing_zip,LogisticRegression_SMOTE,optimistic_low_campaign_cost,5400.0,30.0,0.6,0.17,284610.0,101,1421,8,158,0.926605504587156,0.06636005256241786,0.12385039852851011
LR_with_zip_recall_constraint,with_billing_zip,LogisticRegression_SMOTE,optimistic_low_campaign_cost,5400.0,30.0,0.6,0.18,285180.0,101,1402,8,177,0.926605504587156,0.06719893546240852,0.12531017369727046
LR_with_zip_recall_constraint,with_billing_zip,LogisticRegression_SMOTE,optimistic_low_campaign_cost,5400.0,30.0,0.6,0.19,282990.0,100,1367,9,212,0.9174311926605505,0.0681663258350375,0.12690355329949238
LR_with_zip_recall_constraint,with_billing_zip,LogisticRegression_SMOTE,optimistic_low_campaign_cost,5400.0,30.0,0.6,0.2,274440.0,97,1328,12,251,0.8899082568807339,0.06807017543859649,0.12646675358539766
LR_with_zip_recall_constraint,with_billing_zip,LogisticRegression_SMOTE,optimistic_low_campaign_cost,5400.0,30.0,0.6,0.21,262740.0,93,1286,16,293,0.8532110091743119,0.0674401740391588,0.125
LR_with_zip_recall_constraint,with_billing_zip,LogisticRegression_SMOTE,optimistic_low_campaign_cost,5400.0,30.0,0.6,0.22,263730.0,93,1253,16,326,0.8532110091743119,0.06909361069836553,0.12783505154639174
LR_with_zip_recall_constraint,with_billing_zip,LogisticRegression_SMOTE,optimistic_low_campaign_cost,5400.0,30.0,0.6,0.23,261570.0,92,1217,17,362,0.8440366972477065,0.07028265851795264,0.12976022566995768
LR_with_zip_recall_constraint,with_billing_zip,LogisticRegression_SMOTE,optimistic_low_campaign_cost,5400.0,30.0,0.6,0.24,256470.0,90,1171,19,408,0.8256880733944955,0.07137192704203013,0.13138686131386862
LR_with_zip_recall_constraint,with_billing_zip,LogisticRegression_SMOTE,optimistic_low_campaign_cost,5400.0,30.0,0.6,0.25,257700.0,90,1130,19,449,0.8256880733944955,0.07377049180327869,0.13544018058690746
LR_with_zip_recall_constraint,with_billing_zip,LogisticRegression_SMOTE,optimistic_low_campaign_cost,5400.0,30.0,0.6,0.26,249300.0,87,1086,22,493,0.7981651376146789,0.0741687979539642,0.1357254290171607
LR_with_zip_recall_constraint,with_billing_zip,LogisticRegression_SMOTE,optimistic_low_campaign_cost,5400.0,30.0,0.6,0.27,237600.0,83,1044,26,535,0.7614678899082569,0.07364685004436557,0.1343042071197411
LR_with_zip_recall_constraint,with_billing_zip,LogisticRegression_SMOTE,optimistic_low_campaign_cost,5400.0,30.0,0.6,0.28,239190.0,83,991,26,588,0.7614678899082569,0.07728119180633147,0.14032121724429417
LR_with_zip_recall_constraint,with_billing_zip,LogisticRegression_SMOTE,optimistic_low_campaign_cost,5400.0,30.0,0.6,0.29,230520.0,80,956,29,623,0.7339449541284404,0.07722007722007722,0.13973799126637554
LR_with_zip_recall_constraint,with_billing_zip,LogisticRegression_SMOTE,optimistic_low_campaign_cost,5400.0,30.0,0.6,0.3,215760.0,75,908,34,671,0.6880733944954128,0.0762970498474059,0.13736263736263737
LR_with_zip_recall_constraint,with_billing_zip,LogisticRegression_SMOTE,optimistic_low_campaign_cost,5400.0,30.0,0.6,0.31,210630.0,73,863,36,716,0.6697247706422018,0.07799145299145299,0.1397129186602871
LR_with_zip_recall_constraint,with_billing_zip,LogisticRegression_SMOTE,optimistic_low_campaign_cost,5400.0,30.0,0.6,0.32,199080.0,69,816,40,763,0.6330275229357798,0.07796610169491526,0.13883299798792756
LR_with_zip_recall_constraint,with_billing_zip,LogisticRegression_SMOTE,optimistic_low_campaign_cost,5400.0,30.0,0.6,0.33,187590.0,65,767,44,812,0.5963302752293578,0.078125,0.1381509032943677
LR_with_zip_recall_constraint,with_billing_zip,LogisticRegression_SMOTE,optimistic_low_campaign_cost,5400.0,30.0,0.6,0.34,179580.0,62,710,47,869,0.5688073394495413,0.08031088082901554,0.14074914869466515
LR_with_zip_recall_constraint,with_billing_zip,LogisticRegression_SMOTE,optimistic_low_campaign_cost,5400.0,30.0,0.6,0.35,177360.0,61,676,48,903,0.5596330275229358,0.08276797829036635,0.14420803782505912
LR_with_zip_recall_constraint,with_billing_zip,LogisticRegression_SMOTE,optimistic_low_campaign_cost,5400.0,30.0,0.6,0.36,165450.0,57,641,52,938,0.5229357798165137,0.08166189111747851,0.1412639405204461
LR_with_zip_recall_constraint,with_billing_zip,LogisticRegression_SMOTE,optimistic_low_campaign_cost,5400.0,30.0,0.6,0.37,157140.0,54,594,55,985,0.4954128440366973,0.08333333333333333,0.142668428005284
LR_with_zip_recall_constraint,with_billing_zip,LogisticRegression_SMOTE,optimistic_low_campaign_cost,5400.0,30.0,0.6,0.38,142050.0,49,557,60,1022,0.44954128440366975,0.08085808580858085,0.13706293706293707
LR_with_zip_recall_constraint,with_billing_zip,LogisticRegression_SMOTE,optimistic_low_campaign_cost,5400.0,30.0,0.6,0.39,133530.0,46,517,63,1062,0.42201834862385323,0.08170515097690942,0.13690476190476192
LR_with_zip_recall_constraint,with_billing_zip,LogisticRegression_SMOTE,optimistic_low_campaign_cost,5400.0,30.0,0.6,0.4,118650.0,41,473,68,1106,0.3761467889908257,0.07976653696498054,0.13162118780096307
LR_with_zip_recall_constraint,with_billing_zip,LogisticRegression_SMOTE,optimistic_low_campaign_cost,5400.0,30.0,0.6,0.41,110040.0,38,436,71,1143,0.3486238532110092,0.08016877637130802,0.13036020583190394
LR_with_zip_recall_constraint,with_billing_zip,LogisticRegression_SMOTE,optimistic_low_campaign_cost,5400.0,30.0,0.6,0.42,111060.0,38,402,71,1177,0.3486238532110092,0.08636363636363636,0.1384335154826958
LR_with_zip_recall_constraint,with_billing_zip,LogisticRegression_SMOTE,optimistic_low_campaign_cost,5400.0,30.0,0.6,0.43,108570.0,37,377,72,1202,0.3394495412844037,0.0893719806763285,0.14149139579349904
LR_with_zip_recall_constraint,with_billing_zip,LogisticRegression_SMOTE,optimistic_low_campaign_cost,5400.0,30.0,0.6,0.44,102750.0,35,355,74,1224,0.3211009174311927,0.08974358974358974,0.1402805611222445
LR_with_zip_recall_constraint,with_billing_zip,LogisticRegression_SMOTE,optimistic_low_campaign_cost,5400.0,30.0,0.6,0.45,100350.0,34,327,75,1252,0.3119266055045872,0.09418282548476455,0.14468085106382977
LR_with_zip_recall_constraint,with_billing_zip,LogisticRegression_SMOTE,optimistic_low_campaign_cost,5400.0,30.0,0.6,0.46,98040.0,33,296,76,1283,0.30275229357798167,0.10030395136778116,0.1506849315068493
LR_with_zip_recall_constraint,with_billing_zip,LogisticRegression_SMOTE,optimistic_low_campaign_cost,5400.0,30.0,0.6,0.47,88920.0,30,276,79,1303,0.27522935779816515,0.09803921568627451,0.14457831325301204
LR_with_zip_recall_constraint,with_billing_zip,LogisticRegression_SMOTE,optimistic_low_campaign_cost,5400.0,30.0,0.6,0.48,83130.0,28,253,81,1326,0.25688073394495414,0.099644128113879,0.14358974358974358
LR_with_zip_recall_constraint,with_billing_zip,LogisticRegression_SMOTE,optimistic_low_campaign_cost,5400.0,30.0,0.6,0.49,74070.0,25,231,84,1348,0.22935779816513763,0.09765625,0.136986301369863
LR_with_zip_recall_constraint,with_billing_zip,LogisticRegression_SMOTE,optimistic_low_campaign_cost,5400.0,30.0,0.6,0.5,64950.0,22,211,87,1368,0.2018348623853211,0.0944206008583691,0.1286549707602339
LR_with_zip_recall_constraint,with_billing_zip,LogisticRegression_SMOTE,optimistic_low_campaign_cost,5400.0,30.0,0.6,0.51,58950.0,20,195,89,1384,0.1834862385321101,0.09302325581395349,0.12345679012345678
LR_with_zip_recall_constraint,with_billing_zip,LogisticRegression_SMOTE,optimistic_low_campaign_cost,5400.0,30.0,0.6,0.52,56190.0,19,179,90,1400,0.1743119266055046,0.09595959595959595,0.1237785016286645
LR_with_zip_recall_constraint,with_billing_zip,LogisticRegression_SMOTE,optimistic_low_campaign_cost,5400.0,30.0,0.6,0.53,50010.0,17,169,92,1410,0.1559633027522936,0.0913978494623656,0.1152542372881356
LR_with_zip_recall_constraint,with_billing_zip,LogisticRegression_SMOTE,optimistic_low_campaign_cost,5400.0,30.0,0.6,0.54,44160.0,15,148,94,1431,0.13761467889908258,0.09202453987730061,0.11029411764705882
LR_with_zip_recall_constraint,with_billing_zip,LogisticRegression_SMOTE,optimistic_low_campaign_cost,5400.0,30.0,0.6,0.55,31800.0,11,128,98,1451,0.10091743119266056,0.07913669064748201,0.08870967741935484
LR_with_zip_recall_constraint,with_billing_zip,LogisticRegression_SMOTE,optimistic_low_campaign_cost,5400.0,30.0,0.6,0.56,28980.0,10,114,99,1465,0.09174311926605505,0.08064516129032258,0.08583690987124463
LR_with_zip_recall_constraint,with_billing_zip,LogisticRegression_SMOTE,optimistic_low_campaign_cost,5400.0,30.0,0.6,0.57,22830.0,8,103,101,1476,0.07339449541284404,0.07207207207207207,0.07272727272727272
LR_with_zip_recall_constraint,with_billing_zip,LogisticRegression_SMOTE,optimistic_low_campaign_cost,5400.0,30.0,0.6,0.58,16440.0,6,100,103,1479,0.05504587155963303,0.05660377358490566,0.05581395348837209
LR_with_zip_recall_constraint,with_billing_zip,LogisticRegression_SMOTE,optimistic_low_campaign_cost,5400.0,30.0,0.6,0.59,13530.0,5,89,104,1490,0.045871559633027525,0.05319148936170213,0.04926108374384237
LR_with_zip_recall_constraint,with_billing_zip,LogisticRegression_SMOTE,optimistic_low_campaign_cost,5400.0,30.0,0.6,0.6,10560.0,4,80,105,1499,0.03669724770642202,0.047619047619047616,0.04145077720207254
LR_with_zip_recall_constraint,with_billing_zip,LogisticRegression_SMOTE,optimistic_low_campaign_cost,5400.0,30.0,0.6,0.61,10950.0,4,67,105,1512,0.03669724770642202,0.056338028169014086,0.044444444444444446
LR_with_zip_recall_constraint,with_billing_zip,LogisticRegression_SMOTE,optimistic_low_campaign_cost,5400.0,30.0,0.6,0.62,11250.0,4,57,105,1522,0.03669724770642202,0.06557377049180328,0.047058823529411764
LR_with_zip_recall_constraint,with_billing_zip,LogisticRegression_SMOTE,optimistic_low_campaign_cost,5400.0,30.0,0.6,0.63,11550.0,4,47,105,1532,0.03669724770642202,0.0784313725490196,0.05
LR_with_zip_recall_constraint,with_billing_zip,LogisticRegression_SMOTE,optimistic_low_campaign_cost,5400.0,30.0,0.6,0.64,11700.0,4,42,105,1537,0.03669724770642202,0.08695652173913043,0.05161290322580645
LR_with_zip_recall_constraint,with_billing_zip,LogisticRegression_SMOTE,optimistic_low_campaign_cost,5400.0,30.0,0.6,0.65,11850.0,4,37,105,1542,0.03669724770642202,0.0975609756097561,0.05333333333333334
LR_with_zip_recall_constraint,with_billing_zip,LogisticRegression_SMOTE,optimistic_low_campaign_cost,5400.0,30.0,0.6,0.66,8670.0,3,35,106,1544,0.027522935779816515,0.07894736842105263,0.04081632653061224
LR_with_zip_recall_constraint,with_billing_zip,LogisticRegression_SMOTE,optimistic_low_campaign_cost,5400.0,30.0,0.6,0.67,5490.0,2,33,107,1546,0.01834862385321101,0.05714285714285714,0.027777777777777776
LR_with_zip_recall_constraint,with_billing_zip,LogisticRegression_SMOTE,optimistic_low_campaign_cost,5400.0,30.0,0.6,0.68,2250.0,1,33,108,1546,0.009174311926605505,0.029411764705882353,0.013986013986013986
LR_with_zip_recall_constraint,with_billing_zip,LogisticRegression_SMOTE,optimistic_low_campaign_cost,5400.0,30.0,0.6,0.69,2310.0,1,31,108,1548,0.009174311926605505,0.03125,0.014184397163120567
LR_with_zip_recall_constraint,with_billing_zip,LogisticRegression_SMOTE,optimistic_low_campaign_cost,5400.0,30.0,0.6,0.7,2430.0,1,27,108,1552,0.009174311926605505,0.03571428571428571,0.014598540145985401
LR_with_zip_recall_constraint,with_billing_zip,LogisticRegression_SMOTE,optimistic_low_campaign_cost,5400.0,30.0,0.6,0.71,2520.0,1,24,108,1555,0.009174311926605505,0.04,0.014925373134328358
LR_with_zip_recall_constraint,with_billing_zip,LogisticRegression_SMOTE,optimistic_low_campaign_cost,5400.0,30.0,0.6,0.72,2610.0,1,21,108,1558,0.009174311926605505,0.045454545454545456,0.015267175572519083
LR_with_zip_recall_constraint,with_billing_zip,LogisticRegression_SMOTE,optimistic_low_campaign_cost,5400.0,30.0,0.6,0.73,2670.0,1,19,108,1560,0.009174311926605505,0.05,0.015503875968992248
LR_with_zip_recall_constraint,with_billing_zip,LogisticRegression_SMOTE,optimistic_low_campaign_cost,5400.0,30.0,0.6,0.74,2760.0,1,16,108,1563,0.009174311926605505,0.058823529411764705,0.015873015873015872
LR_with_zip_recall_constraint,with_billing_zip,LogisticRegression_SMOTE,optimistic_low_campaign_cost,5400.0,30.0,0.6,0.75,2820.0,1,14,108,1565,0.009174311926605505,0.06666666666666667,0.016129032258064516
LR_with_zip_recall_constraint,with_billing_zip,LogisticRegression_SMOTE,optimistic_low_campaign_cost,5400.0,30.0,0.6,0.76,2850.0,1,13,108,1566,0.009174311926605505,0.07142857142857142,0.016260162601626018
LR_with_zip_recall_constraint,with_billing_zip,LogisticRegression_SMOTE,optimistic_low_campaign_cost,5400.0,30.0,0.6,0.77,2940.0,1,10,108,1569,0.009174311926605505,0.09090909090909091,0.016666666666666666
LR_with_zip_recall_constraint,with_billing_zip,LogisticRegression_SMOTE,optimistic_low_campaign_cost,5400.0,30.0,0.6,0.78,3000.0,1,8,108,1571,0.009174311926605505,0.1111111111111111,0.01694915254237288
LR_with_zip_recall_constraint,with_billing_zip,LogisticRegression_SMOTE,optimistic_low_campaign_cost,5400.0,30.0,0.6,0.79,3030.0,1,7,108,1572,0.009174311926605505,0.125,0.017094017094017096
LR_with_zip_recall_constraint,with_billing_zip,LogisticRegression_SMOTE,optimistic_low_campaign_cost,5400.0,30.0,0.6,0.8,3030.0,1,7,108,1572,0.009174311926605505,0.125,0.017094017094017096
LR_with_zip_recall_constraint,with_billing_zip,LogisticRegression_SMOTE,optimistic_low_campaign_cost,5400.0,30.0,0.6,0.81,-210.0,0,7,109,1572,0.0,0.0,0.0
LR_with_zip_recall_constraint,with_billing_zip,LogisticRegression_SMOTE,optimistic_low_campaign_cost,5400.0,30.0,0.6,0.82,-180.0,0,6,109,1573,0.0,0.0,0.0
LR_with_zip_recall_constraint,with_billing_zip,LogisticRegression_SMOTE,optimistic_low_campaign_cost,5400.0,30.0,0.6,0.83,-120.0,0,4,109,1575,0.0,0.0,0.0
LR_with_zip_recall_constraint,with_billing_zip,LogisticRegression_SMOTE,optimistic_low_campaign_cost,5400.0,30.0,0.6,0.84,-120.0,0,4,109,1575,0.0,0.0,0.0
LR_with_zip_recall_constraint,with_billing_zip,LogisticRegression_SMOTE,optimistic_low_campaign_cost,5400.0,30.0,0.6,0.85,-90.0,0,3,109,1576,0.0,0.0,0.0
LR_with_zip_recall_constraint,with_billing_zip,LogisticRegression_SMOTE,optimistic_low_campaign_cost,5400.0,30.0,0.6,0.86,-90.0,0,3,109,1576,0.0,0.0,0.0
LR_with_zip_recall_constraint,with_billing_zip,LogisticRegression_SMOTE,optimistic_low_campaign_cost,5400.0,30.0,0.6,0.87,-90.0,0,3,109,1576,0.0,0.0,0.0
LR_with_zip_recall_constraint,with_billing_zip,LogisticRegression_SMOTE,optimistic_low_campaign_cost,5400.0,30.0,0.6,0.88,-90.0,0,3,109,1576,0.0,0.0,0.0
LR_with_zip_recall_constraint,with_billing_zip,LogisticRegression_SMOTE,optimistic_low_campaign_cost,5400.0,30.0,0.6,0.89,-30.0,0,1,109,1578,0.0,0.0,0.0
LR_with_zip_recall_constraint,with_billing_zip,LogisticRegression_SMOTE,optimistic_low_campaign_cost,5400.0,30.0,0.6,0.9,-30.0,0,1,109,1578,0.0,0.0,0.0
LR_with_zip_recall_constraint,with_billing_zip,LogisticRegression_SMOTE,optimistic_low_campaign_cost,5400.0,30.0,0.6,0.91,-30.0,0,1,109,1578,0.0,0.0,0.0
LR_with_zip_recall_constraint,with_billing_zip,LogisticRegression_SMOTE,optimistic_low_campaign_cost,5400.0,30.0,0.6,0.92,-30.0,0,1,109,1578,0.0,0.0,0.0
LR_with_zip_recall_constraint,with_billing_zip,LogisticRegression_SMOTE,optimistic_low_campaign_cost,5400.0,30.0,0.6,0.93,-30.0,0,1,109,1578,0.0,0.0,0.0
LR_with_zip_recall_constraint,with_billing_zip,LogisticRegression_SMOTE,optimistic_low_campaign_cost,5400.0,30.0,0.6,0.94,-30.0,0,1,109,1578,0.0,0.0,0.0
LR_with_zip_recall_constraint,with_billing_zip,LogisticRegression_SMOTE,optimistic_low_campaign_cost,5400.0,30.0,0.6,0.95,-30.0,0,1,109,1578,0.0,0.0,0.0
LR_with_zip_recall_constraint,with_billing_zip,LogisticRegression_SMOTE,optimistic_low_campaign_cost,5400.0,30.0,0.6,0.96,-30.0,0,1,109,1578,0.0,0.0,0.0
LR_with_zip_recall_constraint,with_billing_zip,LogisticRegression_SMOTE,optimistic_low_campaign_cost,5400.0,30.0,0.6,0.97,-30.0,0,1,109,1578,0.0,0.0,0.0
LR_with_zip_recall_constraint,with_billing_zip,LogisticRegression_SMOTE,optimistic_low_campaign_cost,5400.0,30.0,0.6,0.98,-30.0,0,1,109,1578,0.0,0.0,0.0
LR_with_zip_recall_constraint,with_billing_zip,LogisticRegression_SMOTE,optimistic_low_campaign_cost,5400.0,30.0,0.6,0.99,-30.0,0,1,109,1578,0.0,0.0,0.0
LR_with_zip_recall_constraint,with_billing_zip,LogisticRegression_SMOTE,paper_baseline,5400.0,120.0,0.6,0.01,162720.0,108,1560,1,19,0.9908256880733946,0.06474820143884892,0.12155317951603826
LR_with_zip_recall_constraint,with_billing_zip,LogisticRegression_SMOTE,paper_baseline,5400.0,120.0,0.6,0.02,163920.0,108,1550,1,29,0.9908256880733946,0.06513872135102533,0.12224108658743633
LR_with_zip_recall_constraint,with_billing_zip,LogisticRegression_SMOTE,paper_baseline,5400.0,120.0,0.6,0.03,164640.0,108,1544,1,35,0.9908256880733946,0.06537530266343826,0.12265758091993186
LR_with_zip_recall_constraint,with_billing_zip,LogisticRegression_SMOTE,paper_baseline,5400.0,120.0,0.6,0.04,162480.0,107,1535,2,44,0.981651376146789,0.06516443361753958,0.12221587664191891
LR_with_zip_recall_constraint,with_billing_zip,LogisticRegression_SMOTE,paper_baseline,5400.0,120.0,0.6,0.05,163200.0,107,1529,2,50,0.981651376146789,0.06540342298288508,0.12263610315186246
LR_with_zip_recall_constraint,with_billing_zip,LogisticRegression_SMOTE,paper_baseline,5400.0,120.0,0.6,0.06,160800.0,106,1522,3,57,0.9724770642201835,0.06511056511056511,0.12204951065054692
LR_with_zip_recall_constraint,with_billing_zip,LogisticRegression_SMOTE,paper_baseline,5400.0,120.0,0.6,0.07,158880.0,105,1511,4,68,0.963302752293578,0.06497524752475248,0.12173913043478261
LR_with_zip_recall_constraint,with_billing_zip,LogisticRegression_SMOTE,paper_baseline,5400.0,120.0,0.6,0.08,160200.0,105,1500,4,79,0.963302752293578,0.06542056074766354,0.12252042007001167
LR_with_zip_recall_constraint,with_billing_zip,LogisticRegression_SMOTE,paper_baseline,5400.0,120.0,0.6,0.09,153960.0,103,1498,6,81,0.944954128440367,0.06433479075577764,0.12046783625730995
LR_with_zip_recall_constraint,with_billing_zip,LogisticRegression_SMOTE,paper_baseline,5400.0,120.0,0.6,0.1,155400.0,103,1486,6,93,0.944954128440367,0.06482064191315293,0.12131919905771496
LR_with_zip_recall_constraint,with_billing_zip,LogisticRegression_SMOTE,paper_baseline,5400.0,120.0,0.6,0.11,156000.0,103,1481,6,98,0.944954128440367,0.06502525252525253,0.12167749556999409
LR_with_zip_recall_constraint,with_billing_zip,LogisticRegression_SMOTE,paper_baseline,5400.0,120.0,0.6,0.12,156360.0,103,1478,6,101,0.944954128440367,0.06514864010120178,0.12189349112426036
LR_with_zip_recall_constraint,with_billing_zip,LogisticRegression_SMOTE,paper_baseline,5400.0,120.0,0.6,0.13,153480.0,102,1475,7,104,0.9357798165137615,0.06467977171845275,0.12099644128113879
LR_with_zip_recall_constraint,with_billing_zip,LogisticRegression_SMOTE,paper_baseline,5400.0,120.0,0.6,0.14,154680.0,102,1465,7,114,0.9357798165137615,0.0650925335035099,0.12171837708830549
LR_with_zip_recall_constraint,with_billing_zip,LogisticRegression_SMOTE,paper_baseline,5400.0,120.0,0.6,0.15,155880.0,102,1455,7,124,0.9357798165137615,0.06551059730250482,0.12244897959183673
LR_with_zip_recall_constraint,with_billing_zip,LogisticRegression_SMOTE,paper_baseline,5400.0,120.0,0.6,0.16,157680.0,102,1440,7,139,0.9357798165137615,0.06614785992217899,0.12356147789218655
LR_with_zip_recall_constraint,with_billing_zip,LogisticRegression_SMOTE,paper_baseline,5400.0,120.0,0.6,0.17,156720.0,101,1421,8,158,0.926605504587156,0.06636005256241786,0.12385039852851011
LR_with_zip_recall_constraint,with_billing_zip,LogisticRegression_SMOTE,paper_baseline,5400.0,120.0,0.6,0.18,159000.0,101,1402,8,177,0.926605504587156,0.06719893546240852,0.12531017369727046
LR_with_zip_recall_constraint,with_billing_zip,LogisticRegression_SMOTE,paper_baseline,5400.0,120.0,0.6,0.19,159960.0,100,1367,9,212,0.9174311926605505,0.0681663258350375,0.12690355329949238
LR_with_zip_recall_constraint,with_billing_zip,LogisticRegression_SMOTE,paper_baseline,5400.0,120.0,0.6,0.2,154920.0,97,1328,12,251,0.8899082568807339,0.06807017543859649,0.12646675358539766
LR_with_zip_recall_constraint,with_billing_zip,LogisticRegression_SMOTE,paper_baseline,5400.0,120.0,0.6,0.21,147000.0,93,1286,16,293,0.8532110091743119,0.0674401740391588,0.125
LR_with_zip_recall_constraint,with_billing_zip,LogisticRegression_SMOTE,paper_baseline,5400.0,120.0,0.6,0.22,150960.0,93,1253,16,326,0.8532110091743119,0.06909361069836553,0.12783505154639174
LR_with_zip_recall_constraint,with_billing_zip,LogisticRegression_SMOTE,paper_baseline,5400.0,120.0,0.6,0.23,152040.0,92,1217,17,362,0.8440366972477065,0.07028265851795264,0.12976022566995768
LR_with_zip_recall_constraint,with_billing_zip,LogisticRegression_SMOTE,paper_baseline,5400.0,120.0,0.6,0.24,151080.0,90,1171,19,408,0.8256880733944955,0.07137192704203013,0.13138686131386862
LR_with_zip_recall_constraint,with_billing_zip,LogisticRegression_SMOTE,paper_baseline,5400.0,120.0,0.6,0.25,156000.0,90,1130,19,449,0.8256880733944955,0.07377049180327869,0.13544018058690746
LR_with_zip_recall_constraint,with_billing_zip,LogisticRegression_SMOTE,paper_baseline,5400.0,120.0,0.6,0.26,151560.0,87,1086,22,493,0.7981651376146789,0.0741687979539642,0.1357254290171607
LR_with_zip_recall_constraint,with_billing_zip,LogisticRegression_SMOTE,paper_baseline,5400.0,120.0,0.6,0.27,143640.0,83,1044,26,535,0.7614678899082569,0.07364685004436557,0.1343042071197411
LR_with_zip_recall_constraint,with_billing_zip,LogisticRegression_SMOTE,paper_baseline,5400.0,120.0,0.6,0.28,150000.0,83,991,26,588,0.7614678899082569,0.07728119180633147,0.14032121724429417
LR_with_zip_recall_constraint,with_billing_zip,LogisticRegression_SMOTE,paper_baseline,5400.0,120.0,0.6,0.29,144480.0,80,956,29,623,0.7339449541284404,0.07722007722007722,0.13973799126637554
LR_with_zip_recall_constraint,with_billing_zip,LogisticRegression_SMOTE,paper_baseline,5400.0,120.0,0.6,0.3,134040.0,75,908,34,671,0.6880733944954128,0.0762970498474059,0.13736263736263737
LR_with_zip_recall_constraint,with_billing_zip,LogisticRegression_SMOTE,paper_baseline,5400.0,120.0,0.6,0.31,132960.0,73,863,36,716,0.6697247706422018,0.07799145299145299,0.1397129186602871
LR_with_zip_recall_constraint,with_billing_zip,LogisticRegression_SMOTE,paper_baseline,5400.0,120.0,0.6,0.32,125640.0,69,816,40,763,0.6330275229357798,0.07796610169491526,0.13883299798792756
LR_with_zip_recall_constraint,with_billing_zip,LogisticRegression_SMOTE,paper_baseline,5400.0,120.0,0.6,0.33,118560.0,65,767,44,812,0.5963302752293578,0.078125,0.1381509032943677
LR_with_zip_recall_constraint,with_billing_zip,LogisticRegression_SMOTE,paper_baseline,5400.0,120.0,0.6,0.34,115680.0,62,710,47,869,0.5688073394495413,0.08031088082901554,0.14074914869466515
LR_with_zip_recall_constraint,with_billing_zip,LogisticRegression_SMOTE,paper_baseline,5400.0,120.0,0.6,0.35,116520.0,61,676,48,903,0.5596330275229358,0.08276797829036635,0.14420803782505912
LR_with_zip_recall_constraint,with_billing_zip,LogisticRegression_SMOTE,paper_baseline,5400.0,120.0,0.6,0.36,107760.0,57,641,52,938,0.5229357798165137,0.08166189111747851,0.1412639405204461
LR_with_zip_recall_constraint,with_billing_zip,LogisticRegression_SMOTE,paper_baseline,5400.0,120.0,0.6,0.37,103680.0,54,594,55,985,0.4954128440366973,0.08333333333333333,0.142668428005284
LR_with_zip_recall_constraint,with_billing_zip,LogisticRegression_SMOTE,paper_baseline,5400.0,120.0,0.6,0.38,91920.0,49,557,60,1022,0.44954128440366975,0.08085808580858085,0.13706293706293707
LR_with_zip_recall_constraint,with_billing_zip,LogisticRegression_SMOTE,paper_baseline,5400.0,120.0,0.6,0.39,87000.0,46,517,63,1062,0.42201834862385323,0.08170515097690942,0.13690476190476192
LR_with_zip_recall_constraint,with_billing_zip,LogisticRegression_SMOTE,paper_baseline,5400.0,120.0,0.6,0.4,76080.0,41,473,68,1106,0.3761467889908257,0.07976653696498054,0.13162118780096307
LR_with_zip_recall_constraint,with_billing_zip,LogisticRegression_SMOTE,paper_baseline,5400.0,120.0,0.6,0.41,70800.0,38,436,71,1143,0.3486238532110092,0.08016877637130802,0.13036020583190394
LR_with_zip_recall_constraint,with_billing_zip,LogisticRegression_SMOTE,paper_baseline,5400.0,120.0,0.6,0.42,74880.0,38,402,71,1177,0.3486238532110092,0.08636363636363636,0.1384335154826958
LR_with_zip_recall_constraint,with_billing_zip,LogisticRegression_SMOTE,paper_baseline,5400.0,120.0,0.6,0.43,74640.0,37,377,72,1202,0.3394495412844037,0.0893719806763285,0.14149139579349904
LR_with_zip_recall_constraint,with_billing_zip,LogisticRegression_SMOTE,paper_baseline,5400.0,120.0,0.6,0.44,70800.0,35,355,74,1224,0.3211009174311927,0.08974358974358974,0.1402805611222445
LR_with_zip_recall_constraint,with_billing_zip,LogisticRegression_SMOTE,paper_baseline,5400.0,120.0,0.6,0.45,70920.0,34,327,75,1252,0.3119266055045872,0.09418282548476455,0.14468085106382977
LR_with_zip_recall_constraint,with_billing_zip,LogisticRegression_SMOTE,paper_baseline,5400.0,120.0,0.6,0.46,71400.0,33,296,76,1283,0.30275229357798167,0.10030395136778116,0.1506849315068493
LR_with_zip_recall_constraint,with_billing_zip,LogisticRegression_SMOTE,paper_baseline,5400.0,120.0,0.6,0.47,64080.0,30,276,79,1303,0.27522935779816515,0.09803921568627451,0.14457831325301204
LR_with_zip_recall_constraint,with_billing_zip,LogisticRegression_SMOTE,paper_baseline,5400.0,120.0,0.6,0.48,60360.0,28,253,81,1326,0.25688073394495414,0.099644128113879,0.14358974358974358
LR_with_zip_recall_constraint,with_billing_zip,LogisticRegression_SMOTE,paper_baseline,5400.0,120.0,0.6,0.49,53280.0,25,231,84,1348,0.22935779816513763,0.09765625,0.136986301369863
LR_with_zip_recall_constraint,with_billing_zip,LogisticRegression_SMOTE,paper_baseline,5400.0,120.0,0.6,0.5,45960.0,22,211,87,1368,0.2018348623853211,0.0944206008583691,0.1286549707602339
LR_with_zip_recall_constraint,with_billing_zip,LogisticRegression_SMOTE,paper_baseline,5400.0,120.0,0.6,0.51,41400.0,20,195,89,1384,0.1834862385321101,0.09302325581395349,0.12345679012345678
LR_with_zip_recall_constraint,with_billing_zip,LogisticRegression_SMOTE,paper_baseline,5400.0,120.0,0.6,0.52,40080.0,19,179,90,1400,0.1743119266055046,0.09595959595959595,0.1237785016286645
LR_with_zip_recall_constraint,with_billing_zip,LogisticRegression_SMOTE,paper_baseline,5400.0,120.0,0.6,0.53,34800.0,17,169,92,1410,0.1559633027522936,0.0913978494623656,0.1152542372881356
LR_with_zip_recall_constraint,with_billing_zip,LogisticRegression_SMOTE,paper_baseline,5400.0,120.0,0.6,0.54,30840.0,15,148,94,1431,0.13761467889908258,0.09202453987730061,0.11029411764705882
LR_with_zip_recall_constraint,with_billing_zip,LogisticRegression_SMOTE,paper_baseline,5400.0,120.0,0.6,0.55,20280.0,11,128,98,1451,0.10091743119266056,0.07913669064748201,0.08870967741935484
LR_with_zip_recall_constraint,with_billing_zip,LogisticRegression_SMOTE,paper_baseline,5400.0,120.0,0.6,0.56,18720.0,10,114,99,1465,0.09174311926605505,0.08064516129032258,0.08583690987124463
LR_with_zip_recall_constraint,with_billing_zip,LogisticRegression_SMOTE,paper_baseline,5400.0,120.0,0.6,0.57,13560.0,8,103,101,1476,0.07339449541284404,0.07207207207207207,0.07272727272727272
LR_with_zip_recall_constraint,with_billing_zip,LogisticRegression_SMOTE,paper_baseline,5400.0,120.0,0.6,0.58,7440.0,6,100,103,1479,0.05504587155963303,0.05660377358490566,0.05581395348837209
LR_with_zip_recall_constraint,with_billing_zip,LogisticRegression_SMOTE,paper_baseline,5400.0,120.0,0.6,0.59,5520.0,5,89,104,1490,0.045871559633027525,0.05319148936170213,0.04926108374384237
LR_with_zip_recall_constraint,with_billing_zip,LogisticRegression_SMOTE,paper_baseline,5400.0,120.0,0.6,0.6,3360.0,4,80,105,1499,0.03669724770642202,0.047619047619047616,0.04145077720207254
LR_with_zip_recall_constraint,with_billing_zip,LogisticRegression_SMOTE,paper_baseline,5400.0,120.0,0.6,0.61,4920.0,4,67,105,1512,0.03669724770642202,0.056338028169014086,0.044444444444444446
LR_with_zip_recall_constraint,with_billing_zip,LogisticRegression_SMOTE,paper_baseline,5400.0,120.0,0.6,0.62,6120.0,4,57,105,1522,0.03669724770642202,0.06557377049180328,0.047058823529411764
LR_with_zip_recall_constraint,with_billing_zip,LogisticRegression_SMOTE,paper_baseline,5400.0,120.0,0.6,0.63,7320.0,4,47,105,1532,0.03669724770642202,0.0784313725490196,0.05
LR_with_zip_recall_constraint,with_billing_zip,LogisticRegression_SMOTE,paper_baseline,5400.0,120.0,0.6,0.64,7920.0,4,42,105,1537,0.03669724770642202,0.08695652173913043,0.05161290322580645
LR_with_zip_recall_constraint,with_billing_zip,LogisticRegression_SMOTE,paper_baseline,5400.0,120.0,0.6,0.65,8520.0,4,37,105,1542,0.03669724770642202,0.0975609756097561,0.05333333333333334
LR_with_zip_recall_constraint,with_billing_zip,LogisticRegression_SMOTE,paper_baseline,5400.0,120.0,0.6,0.66,5520.0,3,35,106,1544,0.027522935779816515,0.07894736842105263,0.04081632653061224
LR_with_zip_recall_constraint,with_billing_zip,LogisticRegression_SMOTE,paper_baseline,5400.0,120.0,0.6,0.67,2520.0,2,33,107,1546,0.01834862385321101,0.05714285714285714,0.027777777777777776
LR_with_zip_recall_constraint,with_billing_zip,LogisticRegression_SMOTE,paper_baseline,5400.0,120.0,0.6,0.68,-720.0,1,33,108,1546,0.009174311926605505,0.029411764705882353,0.013986013986013986
LR_with_zip_recall_constraint,with_billing_zip,LogisticRegression_SMOTE,paper_baseline,5400.0,120.0,0.6,0.69,-480.0,1,31,108,1548,0.009174311926605505,0.03125,0.014184397163120567
LR_with_zip_recall_constraint,with_billing_zip,LogisticRegression_SMOTE,paper_baseline,5400.0,120.0,0.6,0.7,0.0,1,27,108,1552,0.009174311926605505,0.03571428571428571,0.014598540145985401
LR_with_zip_recall_constraint,with_billing_zip,LogisticRegression_SMOTE,paper_baseline,5400.0,120.0,0.6,0.71,360.0,1,24,108,1555,0.009174311926605505,0.04,0.014925373134328358
LR_with_zip_recall_constraint,with_billing_zip,LogisticRegression_SMOTE,paper_baseline,5400.0,120.0,0.6,0.72,720.0,1,21,108,1558,0.009174311926605505,0.045454545454545456,0.015267175572519083
LR_with_zip_recall_constraint,with_billing_zip,LogisticRegression_SMOTE,paper_baseline,5400.0,120.0,0.6,0.73,960.0,1,19,108,1560,0.009174311926605505,0.05,0.015503875968992248
LR_with_zip_recall_constraint,with_billing_zip,LogisticRegression_SMOTE,paper_baseline,5400.0,120.0,0.6,0.74,1320.0,1,16,108,1563,0.009174311926605505,0.058823529411764705,0.015873015873015872
LR_with_zip_recall_constraint,with_billing_zip,LogisticRegression_SMOTE,paper_baseline,5400.0,120.0,0.6,0.75,1560.0,1,14,108,1565,0.009174311926605505,0.06666666666666667,0.016129032258064516
LR_with_zip_recall_constraint,with_billing_zip,LogisticRegression_SMOTE,paper_baseline,5400.0,120.0,0.6,0.76,1680.0,1,13,108,1566,0.009174311926605505,0.07142857142857142,0.016260162601626018
LR_with_zip_recall_constraint,with_billing_zip,LogisticRegression_SMOTE,paper_baseline,5400.0,120.0,0.6,0.77,2040.0,1,10,108,1569,0.009174311926605505,0.09090909090909091,0.016666666666666666
LR_with_zip_recall_constraint,with_billing_zip,LogisticRegression_SMOTE,paper_baseline,5400.0,120.0,0.6,0.78,2280.0,1,8,108,1571,0.009174311926605505,0.1111111111111111,0.01694915254237288
LR_with_zip_recall_constraint,with_billing_zip,LogisticRegression_SMOTE,paper_baseline,5400.0,120.0,0.6,0.79,2400.0,1,7,108,1572,0.009174311926605505,0.125,0.017094017094017096
LR_with_zip_recall_constraint,with_billing_zip,LogisticRegression_SMOTE,paper_baseline,5400.0,120.0,0.6,0.8,2400.0,1,7,108,1572,0.009174311926605505,0.125,0.017094017094017096
LR_with_zip_recall_constraint,with_billing_zip,LogisticRegression_SMOTE,paper_baseline,5400.0,120.0,0.6,0.81,-840.0,0,7,109,1572,0.0,0.0,0.0
LR_with_zip_recall_constraint,with_billing_zip,LogisticRegression_SMOTE,paper_baseline,5400.0,120.0,0.6,0.82,-720.0,0,6,109,1573,0.0,0.0,0.0
LR_with_zip_recall_constraint,with_billing_zip,LogisticRegression_SMOTE,paper_baseline,5400.0,120.0,0.6,0.83,-480.0,0,4,109,1575,0.0,0.0,0.0
LR_with_zip_recall_constraint,with_billing_zip,LogisticRegression_SMOTE,paper_baseline,5400.0,120.0,0.6,0.84,-480.0,0,4,109,1575,0.0,0.0,0.0
LR_with_zip_recall_constraint,with_billing_zip,LogisticRegression_SMOTE,paper_baseline,5400.0,120.0,0.6,0.85,-360.0,0,3,109,1576,0.0,0.0,0.0
LR_with_zip_recall_constraint,with_billing_zip,LogisticRegression_SMOTE,paper_baseline,5400.0,120.0,0.6,0.86,-360.0,0,3,109,1576,0.0,0.0,0.0
LR_with_zip_recall_constraint,with_billing_zip,LogisticRegression_SMOTE,paper_baseline,5400.0,120.0,0.6,0.87,-360.0,0,3,109,1576,0.0,0.0,0.0
LR_with_zip_recall_constraint,with_billing_zip,LogisticRegression_SMOTE,paper_baseline,5400.0,120.0,0.6,0.88,-360.0,0,3,109,1576,0.0,0.0,0.0
LR_with_zip_recall_constraint,with_billing_zip,LogisticRegression_SMOTE,paper_baseline,5400.0,120.0,0.6,0.89,-120.0,0,1,109,1578,0.0,0.0,0.0
LR_with_zip_recall_constraint,with_billing_zip,LogisticRegression_SMOTE,paper_baseline,5400.0,120.0,0.6,0.9,-120.0,0,1,109,1578,0.0,0.0,0.0
LR_with_zip_recall_constraint,with_billing_zip,LogisticRegression_SMOTE,paper_baseline,5400.0,120.0,0.6,0.91,-120.0,0,1,109,1578,0.0,0.0,0.0
LR_with_zip_recall_constraint,with_billing_zip,LogisticRegression_SMOTE,paper_baseline,5400.0,120.0,0.6,0.92,-120.0,0,1,109,1578,0.0,0.0,0.0
LR_with_zip_recall_constraint,with_billing_zip,LogisticRegression_SMOTE,paper_baseline,5400.0,120.0,0.6,0.93,-120.0,0,1,109,1578,0.0,0.0,0.0
LR_with_zip_recall_constraint,with_billing_zip,LogisticRegression_SMOTE,paper_baseline,5400.0,120.0,0.6,0.94,-120.0,0,1,109,1578,0.0,0.0,0.0
LR_with_zip_recall_constraint,with_billing_zip,LogisticRegression_SMOTE,paper_baseline,5400.0,120.0,0.6,0.95,-120.0,0,1,109,1578,0.0,0.0,0.0
LR_with_zip_recall_constraint,with_billing_zip,LogisticRegression_SMOTE,paper_baseline,5400.0,120.0,0.6,0.96,-120.0,0,1,109,1578,0.0,0.0,0.0
LR_with_zip_recall_constraint,with_billing_zip,LogisticRegression_SMOTE,paper_baseline,5400.0,120.0,0.6,0.97,-120.0,0,1,109,1578,0.0,0.0,0.0
LR_with_zip_recall_constraint,with_billing_zip,LogisticRegression_SMOTE,paper_baseline,5400.0,120.0,0.6,0.98,-120.0,0,1,109,1578,0.0,0.0,0.0
LR_with_zip_recall_constraint,with_billing_zip,LogisticRegression_SMOTE,paper_baseline,5400.0,120.0,0.6,0.99,-120.0,0,1,109,1578,0.0,0.0,0.0
LR_with_zip_recall_constraint,with_billing_zip,LogisticRegression_SMOTE,conservative_campaign_cost,5400.0,360.0,0.6,0.01,-211680.0,108,1560,1,19,0.9908256880733946,0.06474820143884892,0.12155317951603826
LR_with_zip_recall_constraint,with_billing_zip,LogisticRegression_SMOTE,conservative_campaign_cost,5400.0,360.0,0.6,0.02,-208080.0,108,1550,1,29,0.9908256880733946,0.06513872135102533,0.12224108658743633
LR_with_zip_recall_constraint,with_billing_zip,LogisticRegression_SMOTE,conservative_campaign_cost,5400.0,360.0,0.6,0.03,-205920.0,108,1544,1,35,0.9908256880733946,0.06537530266343826,0.12265758091993186
LR_with_zip_recall_constraint,with_billing_zip,LogisticRegression_SMOTE,conservative_campaign_cost,5400.0,360.0,0.6,0.04,-205920.0,107,1535,2,44,0.981651376146789,0.06516443361753958,0.12221587664191891
LR_with_zip_recall_constraint,with_billing_zip,LogisticRegression_SMOTE,conservative_campaign_cost,5400.0,360.0,0.6,0.05,-203760.0,107,1529,2,50,0.981651376146789,0.06540342298288508,0.12263610315186246
LR_with_zip_recall_constraint,with_billing_zip,LogisticRegression_SMOTE,conservative_campaign_cost,5400.0,360.0,0.6,0.06,-204480.0,106,1522,3,57,0.9724770642201835,0.06511056511056511,0.12204951065054692
LR_with_zip_recall_constraint,with_billing_zip,LogisticRegression_SMOTE,conservative_campaign_cost,5400.0,360.0,0.6,0.07,-203760.0,105,1511,4,68,0.963302752293578,0.06497524752475248,0.12173913043478261
LR_with_zip_recall_constraint,with_billing_zip,LogisticRegression_SMOTE,conservative_campaign_cost,5400.0,360.0,0.6,0.08,-199800.0,105,1500,4,79,0.963302752293578,0.06542056074766354,0.12252042007001167
LR_with_zip_recall_constraint,with_billing_zip,LogisticRegression_SMOTE,conservative_campaign_cost,5400.0,360.0,0.6,0.09,-205560.0,103,1498,6,81,0.944954128440367,0.06433479075577764,0.12046783625730995
LR_with_zip_recall_constraint,with_billing_zip,LogisticRegression_SMOTE,conservative_campaign_cost,5400.0,360.0,0.6,0.1,-201240.0,103,1486,6,93,0.944954128440367,0.06482064191315293,0.12131919905771496
LR_with_zip_recall_constraint,with_billing_zip,LogisticRegression_SMOTE,conservative_campaign_cost,5400.0,360.0,0.6,0.11,-199440.0,103,1481,6,98,0.944954128440367,0.06502525252525253,0.12167749556999409
LR_with_zip_recall_constraint,with_billing_zip,LogisticRegression_SMOTE,conservative_campaign_cost,5400.0,360.0,0.6,0.12,-198360.0,103,1478,6,101,0.944954128440367,0.06514864010120178,0.12189349112426036
LR_with_zip_recall_constraint,with_billing_zip,LogisticRegression_SMOTE,conservative_campaign_cost,5400.0,360.0,0.6,0.13,-200520.0,102,1475,7,104,0.9357798165137615,0.06467977171845275,0.12099644128113879
LR_with_zip_recall_constraint,with_billing_zip,LogisticRegression_SMOTE,conservative_campaign_cost,5400.0,360.0,0.6,0.14,-196920.0,102,1465,7,114,0.9357798165137615,0.0650925335035099,0.12171837708830549
LR_with_zip_recall_constraint,with_billing_zip,LogisticRegression_SMOTE,conservative_campaign_cost,5400.0,360.0,0.6,0.15,-193320.0,102,1455,7,124,0.9357798165137615,0.06551059730250482,0.12244897959183673
LR_with_zip_recall_constraint,with_billing_zip,LogisticRegression_SMOTE,conservative_campaign_cost,5400.0,360.0,0.6,0.16,-187920.0,102,1440,7,139,0.9357798165137615,0.06614785992217899,0.12356147789218655
LR_with_zip_recall_constraint,with_billing_zip,LogisticRegression_SMOTE,conservative_campaign_cost,5400.0,360.0,0.6,0.17,-184320.0,101,1421,8,158,0.926605504587156,0.06636005256241786,0.12385039852851011
LR_with_zip_recall_constraint,with_billing_zip,LogisticRegression_SMOTE,conservative_campaign_cost,5400.0,360.0,0.6,0.18,-177480.0,101,1402,8,177,0.926605504587156,0.06719893546240852,0.12531017369727046
LR_with_zip_recall_constraint,with_billing_zip,LogisticRegression_SMOTE,conservative_campaign_cost,5400.0,360.0,0.6,0.19,-168120.0,100,1367,9,212,0.9174311926605505,0.0681663258350375,0.12690355329949238
LR_with_zip_recall_constraint,with_billing_zip,LogisticRegression_SMOTE,conservative_campaign_cost,5400.0,360.0,0.6,0.2,-163800.0,97,1328,12,251,0.8899082568807339,0.06807017543859649,0.12646675358539766
LR_with_zip_recall_constraint,with_billing_zip,LogisticRegression_SMOTE,conservative_campaign_cost,5400.0,360.0,0.6,0.21,-161640.0,93,1286,16,293,0.8532110091743119,0.0674401740391588,0.125
LR_with_zip_recall_constraint,with_billing_zip,LogisticRegression_SMOTE,conservative_campaign_cost,5400.0,360.0,0.6,0.22,-149760.0,93,1253,16,326,0.8532110091743119,0.06909361069836553,0.12783505154639174
LR_with_zip_recall_constraint,with_billing_zip,LogisticRegression_SMOTE,conservative_campaign_cost,5400.0,360.0,0.6,0.23,-140040.0,92,1217,17,362,0.8440366972477065,0.07028265851795264,0.12976022566995768
LR_with_zip_recall_constraint,with_billing_zip,LogisticRegression_SMOTE,conservative_campaign_cost,5400.0,360.0,0.6,0.24,-129960.0,90,1171,19,408,0.8256880733944955,0.07137192704203013,0.13138686131386862
LR_with_zip_recall_constraint,with_billing_zip,LogisticRegression_SMOTE,conservative_campaign_cost,5400.0,360.0,0.6,0.25,-115200.0,90,1130,19,449,0.8256880733944955,0.07377049180327869,0.13544018058690746
LR_with_zip_recall_constraint,with_billing_zip,LogisticRegression_SMOTE,conservative_campaign_cost,5400.0,360.0,0.6,0.26,-109080.0,87,1086,22,493,0.7981651376146789,0.0741687979539642,0.1357254290171607
LR_with_zip_recall_constraint,with_billing_zip,LogisticRegression_SMOTE,conservative_campaign_cost,5400.0,360.0,0.6,0.27,-106920.0,83,1044,26,535,0.7614678899082569,0.07364685004436557,0.1343042071197411
LR_with_zip_recall_constraint,with_billing_zip,LogisticRegression_SMOTE,conservative_campaign_cost,5400.0,360.0,0.6,0.28,-87840.0,83,991,26,588,0.7614678899082569,0.07728119180633147,0.14032121724429417
LR_with_zip_recall_constraint,with_billing_zip,LogisticRegression_SMOTE,conservative_campaign_cost,5400.0,360.0,0.6,0.29,-84960.0,80,956,29,623,0.7339449541284404,0.07722007722007722,0.13973799126637554
LR_with_zip_recall_constraint,with_billing_zip,LogisticRegression_SMOTE,conservative_campaign_cost,5400.0,360.0,0.6,0.3,-83880.0,75,908,34,671,0.6880733944954128,0.0762970498474059,0.13736263736263737
LR_with_zip_recall_constraint,with_billing_zip,LogisticRegression_SMOTE,conservative_campaign_cost,5400.0,360.0,0.6,0.31,-74160.0,73,863,36,716,0.6697247706422018,0.07799145299145299,0.1397129186602871
LR_with_zip_recall_constraint,with_billing_zip,LogisticRegression_SMOTE,conservative_campaign_cost,5400.0,360.0,0.6,0.32,-70200.0,69,816,40,763,0.6330275229357798,0.07796610169491526,0.13883299798792756
LR_with_zip_recall_constraint,with_billing_zip,LogisticRegression_SMOTE,conservative_campaign_cost,5400.0,360.0,0.6,0.33,-65520.0,65,767,44,812,0.5963302752293578,0.078125,0.1381509032943677
LR_with_zip_recall_constraint,with_billing_zip,LogisticRegression_SMOTE,conservative_campaign_cost,5400.0,360.0,0.6,0.34,-54720.0,62,710,47,869,0.5688073394495413,0.08031088082901554,0.14074914869466515
LR_with_zip_recall_constraint,with_billing_zip,LogisticRegression_SMOTE,conservative_campaign_cost,5400.0,360.0,0.6,0.35,-45720.0,61,676,48,903,0.5596330275229358,0.08276797829036635,0.14420803782505912
LR_with_zip_recall_constraint,with_billing_zip,LogisticRegression_SMOTE,conservative_campaign_cost,5400.0,360.0,0.6,0.36,-46080.0,57,641,52,938,0.5229357798165137,0.08166189111747851,0.1412639405204461
LR_with_zip_recall_constraint,with_billing_zip,LogisticRegression_SMOTE,conservative_campaign_cost,5400.0,360.0,0.6,0.37,-38880.0,54,594,55,985,0.4954128440366973,0.08333333333333333,0.142668428005284
LR_with_zip_recall_constraint,with_billing_zip,LogisticRegression_SMOTE,conservative_campaign_cost,5400.0,360.0,0.6,0.38,-41760.0,49,557,60,1022,0.44954128440366975,0.08085808580858085,0.13706293706293707
LR_with_zip_recall_constraint,with_billing_zip,LogisticRegression_SMOTE,conservative_campaign_cost,5400.0,360.0,0.6,0.39,-37080.0,46,517,63,1062,0.42201834862385323,0.08170515097690942,0.13690476190476192
LR_with_zip_recall_constraint,with_billing_zip,LogisticRegression_SMOTE,conservative_campaign_cost,5400.0,360.0,0.6,0.4,-37440.0,41,473,68,1106,0.3761467889908257,0.07976653696498054,0.13162118780096307
LR_with_zip_recall_constraint,with_billing_zip,LogisticRegression_SMOTE,conservative_campaign_cost,5400.0,360.0,0.6,0.41,-33840.0,38,436,71,1143,0.3486238532110092,0.08016877637130802,0.13036020583190394
LR_with_zip_recall_constraint,with_billing_zip,LogisticRegression_SMOTE,conservative_campaign_cost,5400.0,360.0,0.6,0.42,-21600.0,38,402,71,1177,0.3486238532110092,0.08636363636363636,0.1384335154826958
LR_with_zip_recall_constraint,with_billing_zip,LogisticRegression_SMOTE,conservative_campaign_cost,5400.0,360.0,0.6,0.43,-15840.0,37,377,72,1202,0.3394495412844037,0.0893719806763285,0.14149139579349904
LR_with_zip_recall_constraint,with_billing_zip,LogisticRegression_SMOTE,conservative_campaign_cost,5400.0,360.0,0.6,0.44,-14400.0,35,355,74,1224,0.3211009174311927,0.08974358974358974,0.1402805611222445
LR_with_zip_recall_constraint,with_billing_zip,LogisticRegression_SMOTE,conservative_campaign_cost,5400.0,360.0,0.6,0.45,-7560.0,34,327,75,1252,0.3119266055045872,0.09418282548476455,0.14468085106382977
LR_with_zip_recall_constraint,with_billing_zip,LogisticRegression_SMOTE,conservative_campaign_cost,5400.0,360.0,0.6,0.46,360.0,33,296,76,1283,0.30275229357798167,0.10030395136778116,0.1506849315068493
LR_with_zip_recall_constraint,with_billing_zip,LogisticRegression_SMOTE,conservative_campaign_cost,5400.0,360.0,0.6,0.47,-2160.0,30,276,79,1303,0.27522935779816515,0.09803921568627451,0.14457831325301204
LR_with_zip_recall_constraint,with_billing_zip,LogisticRegression_SMOTE,conservative_campaign_cost,5400.0,360.0,0.6,0.48,-360.0,28,253,81,1326,0.25688073394495414,0.099644128113879,0.14358974358974358
LR_with_zip_recall_constraint,with_billing_zip,LogisticRegression_SMOTE,conservative_campaign_cost,5400.0,360.0,0.6,0.49,-2160.0,25,231,84,1348,0.22935779816513763,0.09765625,0.136986301369863
LR_with_zip_recall_constraint,with_billing_zip,LogisticRegression_SMOTE,conservative_campaign_cost,5400.0,360.0,0.6,0.5,-4680.0,22,211,87,1368,0.2018348623853211,0.0944206008583691,0.1286549707602339
LR_with_zip_recall_constraint,with_billing_zip,LogisticRegression_SMOTE,conservative_campaign_cost,5400.0,360.0,0.6,0.51,-5400.0,20,195,89,1384,0.1834862385321101,0.09302325581395349,0.12345679012345678
LR_with_zip_recall_constraint,with_billing_zip,LogisticRegression_SMOTE,conservative_campaign_cost,5400.0,360.0,0.6,0.52,-2880.0,19,179,90,1400,0.1743119266055046,0.09595959595959595,0.1237785016286645
LR_with_zip_recall_constraint,with_billing_zip,LogisticRegression_SMOTE,conservative_campaign_cost,5400.0,360.0,0.6,0.53,-5760.0,17,169,92,1410,0.1559633027522936,0.0913978494623656,0.1152542372881356
LR_with_zip_recall_constraint,with_billing_zip,LogisticRegression_SMOTE,conservative_campaign_cost,5400.0,360.0,0.6,0.54,-4680.0,15,148,94,1431,0.13761467889908258,0.09202453987730061,0.11029411764705882
LR_with_zip_recall_constraint,with_billing_zip,LogisticRegression_SMOTE,conservative_campaign_cost,5400.0,360.0,0.6,0.55,-10440.0,11,128,98,1451,0.10091743119266056,0.07913669064748201,0.08870967741935484
LR_with_zip_recall_constraint,with_billing_zip,LogisticRegression_SMOTE,conservative_campaign_cost,5400.0,360.0,0.6,0.56,-8640.0,10,114,99,1465,0.09174311926605505,0.08064516129032258,0.08583690987124463
LR_with_zip_recall_constraint,with_billing_zip,LogisticRegression_SMOTE,conservative_campaign_cost,5400.0,360.0,0.6,0.57,-11160.0,8,103,101,1476,0.07339449541284404,0.07207207207207207,0.07272727272727272
LR_with_zip_recall_constraint,with_billing_zip,LogisticRegression_SMOTE,conservative_campaign_cost,5400.0,360.0,0.6,0.58,-16560.0,6,100,103,1479,0.05504587155963303,0.05660377358490566,0.05581395348837209
LR_with_zip_recall_constraint,with_billing_zip,LogisticRegression_SMOTE,conservative_campaign_cost,5400.0,360.0,0.6,0.59,-15840.0,5,89,104,1490,0.045871559633027525,0.05319148936170213,0.04926108374384237
LR_with_zip_recall_constraint,with_billing_zip,LogisticRegression_SMOTE,conservative_campaign_cost,5400.0,360.0,0.6,0.6,-15840.0,4,80,105,1499,0.03669724770642202,0.047619047619047616,0.04145077720207254
LR_with_zip_recall_constraint,with_billing_zip,LogisticRegression_SMOTE,conservative_campaign_cost,5400.0,360.0,0.6,0.61,-11160.0,4,67,105,1512,0.03669724770642202,0.056338028169014086,0.044444444444444446
LR_with_zip_recall_constraint,with_billing_zip,LogisticRegression_SMOTE,conservative_campaign_cost,5400.0,360.0,0.6,0.62,-7560.0,4,57,105,1522,0.03669724770642202,0.06557377049180328,0.047058823529411764
LR_with_zip_recall_constraint,with_billing_zip,LogisticRegression_SMOTE,conservative_campaign_cost,5400.0,360.0,0.6,0.63,-3960.0,4,47,105,1532,0.03669724770642202,0.0784313725490196,0.05
LR_with_zip_recall_constraint,with_billing_zip,LogisticRegression_SMOTE,conservative_campaign_cost,5400.0,360.0,0.6,0.64,-2160.0,4,42,105,1537,0.03669724770642202,0.08695652173913043,0.05161290322580645
LR_with_zip_recall_constraint,with_billing_zip,LogisticRegression_SMOTE,conservative_campaign_cost,5400.0,360.0,0.6,0.65,-360.0,4,37,105,1542,0.03669724770642202,0.0975609756097561,0.05333333333333334
LR_with_zip_recall_constraint,with_billing_zip,LogisticRegression_SMOTE,conservative_campaign_cost,5400.0,360.0,0.6,0.66,-2880.0,3,35,106,1544,0.027522935779816515,0.07894736842105263,0.04081632653061224
LR_with_zip_recall_constraint,with_billing_zip,LogisticRegression_SMOTE,conservative_campaign_cost,5400.0,360.0,0.6,0.67,-5400.0,2,33,107,1546,0.01834862385321101,0.05714285714285714,0.027777777777777776
LR_with_zip_recall_constraint,with_billing_zip,LogisticRegression_SMOTE,conservative_campaign_cost,5400.0,360.0,0.6,0.68,-8640.0,1,33,108,1546,0.009174311926605505,0.029411764705882353,0.013986013986013986
LR_with_zip_recall_constraint,with_billing_zip,LogisticRegression_SMOTE,conservative_campaign_cost,5400.0,360.0,0.6,0.69,-7920.0,1,31,108,1548,0.009174311926605505,0.03125,0.014184397163120567
LR_with_zip_recall_constraint,with_billing_zip,LogisticRegression_SMOTE,conservative_campaign_cost,5400.0,360.0,0.6,0.7,-6480.0,1,27,108,1552,0.009174311926605505,0.03571428571428571,0.014598540145985401
LR_with_zip_recall_constraint,with_billing_zip,LogisticRegression_SMOTE,conservative_campaign_cost,5400.0,360.0,0.6,0.71,-5400.0,1,24,108,1555,0.009174311926605505,0.04,0.014925373134328358
LR_with_zip_recall_constraint,with_billing_zip,LogisticRegression_SMOTE,conservative_campaign_cost,5400.0,360.0,0.6,0.72,-4320.0,1,21,108,1558,0.009174311926605505,0.045454545454545456,0.015267175572519083
LR_with_zip_recall_constraint,with_billing_zip,LogisticRegression_SMOTE,conservative_campaign_cost,5400.0,360.0,0.6,0.73,-3600.0,1,19,108,1560,0.009174311926605505,0.05,0.015503875968992248
LR_with_zip_recall_constraint,with_billing_zip,LogisticRegression_SMOTE,conservative_campaign_cost,5400.0,360.0,0.6,0.74,-2520.0,1,16,108,1563,0.009174311926605505,0.058823529411764705,0.015873015873015872
LR_with_zip_recall_constraint,with_billing_zip,LogisticRegression_SMOTE,conservative_campaign_cost,5400.0,360.0,0.6,0.75,-1800.0,1,14,108,1565,0.009174311926605505,0.06666666666666667,0.016129032258064516
LR_with_zip_recall_constraint,with_billing_zip,LogisticRegression_SMOTE,conservative_campaign_cost,5400.0,360.0,0.6,0.76,-1440.0,1,13,108,1566,0.009174311926605505,0.07142857142857142,0.016260162601626018
LR_with_zip_recall_constraint,with_billing_zip,LogisticRegression_SMOTE,conservative_campaign_cost,5400.0,360.0,0.6,0.77,-360.0,1,10,108,1569,0.009174311926605505,0.09090909090909091,0.016666666666666666
LR_with_zip_recall_constraint,with_billing_zip,LogisticRegression_SMOTE,conservative_campaign_cost,5400.0,360.0,0.6,0.78,360.0,1,8,108,1571,0.009174311926605505,0.1111111111111111,0.01694915254237288
LR_with_zip_recall_constraint,with_billing_zip,LogisticRegression_SMOTE,conservative_campaign_cost,5400.0,360.0,0.6,0.79,720.0,1,7,108,1572,0.009174311926605505,0.125,0.017094017094017096
LR_with_zip_recall_constraint,with_billing_zip,LogisticRegression_SMOTE,conservative_campaign_cost,5400.0,360.0,0.6,0.8,720.0,1,7,108,1572,0.009174311926605505,0.125,0.017094017094017096
LR_with_zip_recall_constraint,with_billing_zip,LogisticRegression_SMOTE,conservative_campaign_cost,5400.0,360.0,0.6,0.81,-2520.0,0,7,109,1572,0.0,0.0,0.0
LR_with_zip_recall_constraint,with_billing_zip,LogisticRegression_SMOTE,conservative_campaign_cost,5400.0,360.0,0.6,0.82,-2160.0,0,6,109,1573,0.0,0.0,0.0
LR_with_zip_recall_constraint,with_billing_zip,LogisticRegression_SMOTE,conservative_campaign_cost,5400.0,360.0,0.6,0.83,-1440.0,0,4,109,1575,0.0,0.0,0.0
LR_with_zip_recall_constraint,with_billing_zip,LogisticRegression_SMOTE,conservative_campaign_cost,5400.0,360.0,0.6,0.84,-1440.0,0,4,109,1575,0.0,0.0,0.0
LR_with_zip_recall_constraint,with_billing_zip,LogisticRegression_SMOTE,conservative_campaign_cost,5400.0,360.0,0.6,0.85,-1080.0,0,3,109,1576,0.0,0.0,0.0
LR_with_zip_recall_constraint,with_billing_zip,LogisticRegression_SMOTE,conservative_campaign_cost,5400.0,360.0,0.6,0.86,-1080.0,0,3,109,1576,0.0,0.0,0.0
LR_with_zip_recall_constraint,with_billing_zip,LogisticRegression_SMOTE,conservative_campaign_cost,5400.0,360.0,0.6,0.87,-1080.0,0,3,109,1576,0.0,0.0,0.0
LR_with_zip_recall_constraint,with_billing_zip,LogisticRegression_SMOTE,conservative_campaign_cost,5400.0,360.0,0.6,0.88,-1080.0,0,3,109,1576,0.0,0.0,0.0
LR_with_zip_recall_constraint,with_billing_zip,LogisticRegression_SMOTE,conservative_campaign_cost,5400.0,360.0,0.6,0.89,-360.0,0,1,109,1578,0.0,0.0,0.0
LR_with_zip_recall_constraint,with_billing_zip,LogisticRegression_SMOTE,conservative_campaign_cost,5400.0,360.0,0.6,0.9,-360.0,0,1,109,1578,0.0,0.0,0.0
LR_with_zip_recall_constraint,with_billing_zip,LogisticRegression_SMOTE,conservative_campaign_cost,5400.0,360.0,0.6,0.91,-360.0,0,1,109,1578,0.0,0.0,0.0
LR_with_zip_recall_constraint,with_billing_zip,LogisticRegression_SMOTE,conservative_campaign_cost,5400.0,360.0,0.6,0.92,-360.0,0,1,109,1578,0.0,0.0,0.0
LR_with_zip_recall_constraint,with_billing_zip,LogisticRegression_SMOTE,conservative_campaign_cost,5400.0,360.0,0.6,0.93,-360.0,0,1,109,1578,0.0,0.0,0.0
LR_with_zip_recall_constraint,with_billing_zip,LogisticRegression_SMOTE,conservative_campaign_cost,5400.0,360.0,0.6,0.94,-360.0,0,1,109,1578,0.0,0.0,0.0
LR_with_zip_recall_constraint,with_billing_zip,LogisticRegression_SMOTE,conservative_campaign_cost,5400.0,360.0,0.6,0.95,-360.0,0,1,109,1578,0.0,0.0,0.0
LR_with_zip_recall_constraint,with_billing_zip,LogisticRegression_SMOTE,conservative_campaign_cost,5400.0,360.0,0.6,0.96,-360.0,0,1,109,1578,0.0,0.0,0.0
LR_with_zip_recall_constraint,with_billing_zip,LogisticRegression_SMOTE,conservative_campaign_cost,5400.0,360.0,0.6,0.97,-360.0,0,1,109,1578,0.0,0.0,0.0
LR_with_zip_recall_constraint,with_billing_zip,LogisticRegression_SMOTE,conservative_campaign_cost,5400.0,360.0,0.6,0.98,-360.0,0,1,109,1578,0.0,0.0,0.0
LR_with_zip_recall_constraint,with_billing_zip,LogisticRegression_SMOTE,conservative_campaign_cost,5400.0,360.0,0.6,0.99,-360.0,0,1,109,1578,0.0,0.0,0.0
LR_with_zip_recall_constraint,with_billing_zip,LogisticRegression_SMOTE,budget_limited_high_campaign_cost,5400.0,720.0,0.6,0.01,-773280.0,108,1560,1,19,0.9908256880733946,0.06474820143884892,0.12155317951603826
LR_with_zip_recall_constraint,with_billing_zip,LogisticRegression_SMOTE,budget_limited_high_campaign_cost,5400.0,720.0,0.6,0.02,-766080.0,108,1550,1,29,0.9908256880733946,0.06513872135102533,0.12224108658743633
LR_with_zip_recall_constraint,with_billing_zip,LogisticRegression_SMOTE,budget_limited_high_campaign_cost,5400.0,720.0,0.6,0.03,-761760.0,108,1544,1,35,0.9908256880733946,0.06537530266343826,0.12265758091993186
LR_with_zip_recall_constraint,with_billing_zip,LogisticRegression_SMOTE,budget_limited_high_campaign_cost,5400.0,720.0,0.6,0.04,-758520.0,107,1535,2,44,0.981651376146789,0.06516443361753958,0.12221587664191891
LR_with_zip_recall_constraint,with_billing_zip,LogisticRegression_SMOTE,budget_limited_high_campaign_cost,5400.0,720.0,0.6,0.05,-754200.0,107,1529,2,50,0.981651376146789,0.06540342298288508,0.12263610315186246
LR_with_zip_recall_constraint,with_billing_zip,LogisticRegression_SMOTE,budget_limited_high_campaign_cost,5400.0,720.0,0.6,0.06,-752400.0,106,1522,3,57,0.9724770642201835,0.06511056511056511,0.12204951065054692
LR_with_zip_recall_constraint,with_billing_zip,LogisticRegression_SMOTE,budget_limited_high_campaign_cost,5400.0,720.0,0.6,0.07,-747720.0,105,1511,4,68,0.963302752293578,0.06497524752475248,0.12173913043478261
LR_with_zip_recall_constraint,with_billing_zip,LogisticRegression_SMOTE,budget_limited_high_campaign_cost,5400.0,720.0,0.6,0.08,-739800.0,105,1500,4,79,0.963302752293578,0.06542056074766354,0.12252042007001167
LR_with_zip_recall_constraint,with_billing_zip,LogisticRegression_SMOTE,budget_limited_high_campaign_cost,5400.0,720.0,0.6,0.09,-744840.0,103,1498,6,81,0.944954128440367,0.06433479075577764,0.12046783625730995
LR_with_zip_recall_constraint,with_billing_zip,LogisticRegression_SMOTE,budget_limited_high_campaign_cost,5400.0,720.0,0.6,0.1,-736200.0,103,1486,6,93,0.944954128440367,0.06482064191315293,0.12131919905771496
LR_with_zip_recall_constraint,with_billing_zip,LogisticRegression_SMOTE,budget_limited_high_campaign_cost,5400.0,720.0,0.6,0.11,-732600.0,103,1481,6,98,0.944954128440367,0.06502525252525253,0.12167749556999409
LR_with_zip_recall_constraint,with_billing_zip,LogisticRegression_SMOTE,budget_limited_high_campaign_cost,5400.0,720.0,0.6,0.12,-730440.0,103,1478,6,101,0.944954128440367,0.06514864010120178,0.12189349112426036
LR_with_zip_recall_constraint,with_billing_zip,LogisticRegression_SMOTE,budget_limited_high_campaign_cost,5400.0,720.0,0.6,0.13,-731520.0,102,1475,7,104,0.9357798165137615,0.06467977171845275,0.12099644128113879
LR_with_zip_recall_constraint,with_billing_zip,LogisticRegression_SMOTE,budget_limited_high_campaign_cost,5400.0,720.0,0.6,0.14,-724320.0,102,1465,7,114,0.9357798165137615,0.0650925335035099,0.12171837708830549
LR_with_zip_recall_constraint,with_billing_zip,LogisticRegression_SMOTE,budget_limited_high_campaign_cost,5400.0,720.0,0.6,0.15,-717120.0,102,1455,7,124,0.9357798165137615,0.06551059730250482,0.12244897959183673
LR_with_zip_recall_constraint,with_billing_zip,LogisticRegression_SMOTE,budget_limited_high_campaign_cost,5400.0,720.0,0.6,0.16,-706320.0,102,1440,7,139,0.9357798165137615,0.06614785992217899,0.12356147789218655
LR_with_zip_recall_constraint,with_billing_zip,LogisticRegression_SMOTE,budget_limited_high_campaign_cost,5400.0,720.0,0.6,0.17,-695880.0,101,1421,8,158,0.926605504587156,0.06636005256241786,0.12385039852851011
LR_with_zip_recall_constraint,with_billing_zip,LogisticRegression_SMOTE,budget_limited_high_campaign_cost,5400.0,720.0,0.6,0.18,-682200.0,101,1402,8,177,0.926605504587156,0.06719893546240852,0.12531017369727046
LR_with_zip_recall_constraint,with_billing_zip,LogisticRegression_SMOTE,budget_limited_high_campaign_cost,5400.0,720.0,0.6,0.19,-660240.0,100,1367,9,212,0.9174311926605505,0.0681663258350375,0.12690355329949238
LR_with_zip_recall_constraint,with_billing_zip,LogisticRegression_SMOTE,budget_limited_high_campaign_cost,5400.0,720.0,0.6,0.2,-641880.0,97,1328,12,251,0.8899082568807339,0.06807017543859649,0.12646675358539766
LR_with_zip_recall_constraint,with_billing_zip,LogisticRegression_SMOTE,budget_limited_high_campaign_cost,5400.0,720.0,0.6,0.21,-624600.0,93,1286,16,293,0.8532110091743119,0.0674401740391588,0.125
LR_with_zip_recall_constraint,with_billing_zip,LogisticRegression_SMOTE,budget_limited_high_campaign_cost,5400.0,720.0,0.6,0.22,-600840.0,93,1253,16,326,0.8532110091743119,0.06909361069836553,0.12783505154639174
LR_with_zip_recall_constraint,with_billing_zip,LogisticRegression_SMOTE,budget_limited_high_campaign_cost,5400.0,720.0,0.6,0.23,-578160.0,92,1217,17,362,0.8440366972477065,0.07028265851795264,0.12976022566995768
LR_with_zip_recall_constraint,with_billing_zip,LogisticRegression_SMOTE,budget_limited_high_campaign_cost,5400.0,720.0,0.6,0.24,-551520.0,90,1171,19,408,0.8256880733944955,0.07137192704203013,0.13138686131386862
LR_with_zip_recall_constraint,with_billing_zip,LogisticRegression_SMOTE,budget_limited_high_campaign_cost,5400.0,720.0,0.6,0.25,-522000.0,90,1130,19,449,0.8256880733944955,0.07377049180327869,0.13544018058690746
LR_with_zip_recall_constraint,with_billing_zip,LogisticRegression_SMOTE,budget_limited_high_campaign_cost,5400.0,720.0,0.6,0.26,-500040.0,87,1086,22,493,0.7981651376146789,0.0741687979539642,0.1357254290171607
LR_with_zip_recall_constraint,with_billing_zip,LogisticRegression_SMOTE,budget_limited_high_campaign_cost,5400.0,720.0,0.6,0.27,-482760.0,83,1044,26,535,0.7614678899082569,0.07364685004436557,0.1343042071197411
LR_with_zip_recall_constraint,with_billing_zip,LogisticRegression_SMOTE,budget_limited_high_campaign_cost,5400.0,720.0,0.6,0.28,-444600.0,83,991,26,588,0.7614678899082569,0.07728119180633147,0.14032121724429417
LR_with_zip_recall_constraint,with_billing_zip,LogisticRegression_SMOTE,budget_limited_high_campaign_cost,5400.0,720.0,0.6,0.29,-429120.0,80,956,29,623,0.7339449541284404,0.07722007722007722,0.13973799126637554
LR_with_zip_recall_constraint,with_billing_zip,LogisticRegression_SMOTE,budget_limited_high_campaign_cost,5400.0,720.0,0.6,0.3,-410760.0,75,908,34,671,0.6880733944954128,0.0762970498474059,0.13736263736263737
LR_with_zip_recall_constraint,with_billing_zip,LogisticRegression_SMOTE,budget_limited_high_campaign_cost,5400.0,720.0,0.6,0.31,-384840.0,73,863,36,716,0.6697247706422018,0.07799145299145299,0.1397129186602871
LR_with_zip_recall_constraint,with_billing_zip,LogisticRegression_SMOTE,budget_limited_high_campaign_cost,5400.0,720.0,0.6,0.32,-363960.0,69,816,40,763,0.6330275229357798,0.07796610169491526,0.13883299798792756
LR_with_zip_recall_constraint,with_billing_zip,LogisticRegression_SMOTE,budget_limited_high_campaign_cost,5400.0,720.0,0.6,0.33,-341640.0,65,767,44,812,0.5963302752293578,0.078125,0.1381509032943677
LR_with_zip_recall_constraint,with_billing_zip,LogisticRegression_SMOTE,budget_limited_high_campaign_cost,5400.0,720.0,0.6,0.34,-310320.0,62,710,47,869,0.5688073394495413,0.08031088082901554,0.14074914869466515
LR_with_zip_recall_constraint,with_billing_zip,LogisticRegression_SMOTE,budget_limited_high_campaign_cost,5400.0,720.0,0.6,0.35,-289080.0,61,676,48,903,0.5596330275229358,0.08276797829036635,0.14420803782505912
LR_with_zip_recall_constraint,with_billing_zip,LogisticRegression_SMOTE,budget_limited_high_campaign_cost,5400.0,720.0,0.6,0.36,-276840.0,57,641,52,938,0.5229357798165137,0.08166189111747851,0.1412639405204461
LR_with_zip_recall_constraint,with_billing_zip,LogisticRegression_SMOTE,budget_limited_high_campaign_cost,5400.0,720.0,0.6,0.37,-252720.0,54,594,55,985,0.4954128440366973,0.08333333333333333,0.142668428005284
LR_with_zip_recall_constraint,with_billing_zip,LogisticRegression_SMOTE,budget_limited_high_campaign_cost,5400.0,720.0,0.6,0.38,-242280.0,49,557,60,1022,0.44954128440366975,0.08085808580858085,0.13706293706293707
LR_with_zip_recall_constraint,with_billing_zip,LogisticRegression_SMOTE,budget_limited_high_campaign_cost,5400.0,720.0,0.6,0.39,-223200.0,46,517,63,1062,0.42201834862385323,0.08170515097690942,0.13690476190476192
LR_with_zip_recall_constraint,with_billing_zip,LogisticRegression_SMOTE,budget_limited_high_campaign_cost,5400.0,720.0,0.6,0.4,-207720.0,41,473,68,1106,0.3761467889908257,0.07976653696498054,0.13162118780096307
LR_with_zip_recall_constraint,with_billing_zip,LogisticRegression_SMOTE,budget_limited_high_campaign_cost,5400.0,720.0,0.6,0.41,-190800.0,38,436,71,1143,0.3486238532110092,0.08016877637130802,0.13036020583190394
LR_with_zip_recall_constraint,with_billing_zip,LogisticRegression_SMOTE,budget_limited_high_campaign_cost,5400.0,720.0,0.6,0.42,-166320.0,38,402,71,1177,0.3486238532110092,0.08636363636363636,0.1384335154826958
LR_with_zip_recall_constraint,with_billing_zip,LogisticRegression_SMOTE,budget_limited_high_campaign_cost,5400.0,720.0,0.6,0.43,-151560.0,37,377,72,1202,0.3394495412844037,0.0893719806763285,0.14149139579349904
LR_with_zip_recall_constraint,with_billing_zip,LogisticRegression_SMOTE,budget_limited_high_campaign_cost,5400.0,720.0,0.6,0.44,-142200.0,35,355,74,1224,0.3211009174311927,0.08974358974358974,0.1402805611222445
LR_with_zip_recall_constraint,with_billing_zip,LogisticRegression_SMOTE,budget_limited_high_campaign_cost,5400.0,720.0,0.6,0.45,-125280.0,34,327,75,1252,0.3119266055045872,0.09418282548476455,0.14468085106382977
LR_with_zip_recall_constraint,with_billing_zip,LogisticRegression_SMOTE,budget_limited_high_campaign_cost,5400.0,720.0,0.6,0.46,-106200.0,33,296,76,1283,0.30275229357798167,0.10030395136778116,0.1506849315068493
LR_with_zip_recall_constraint,with_billing_zip,LogisticRegression_SMOTE,budget_limited_high_campaign_cost,5400.0,720.0,0.6,0.47,-101520.0,30,276,79,1303,0.27522935779816515,0.09803921568627451,0.14457831325301204
LR_with_zip_recall_constraint,with_billing_zip,LogisticRegression_SMOTE,budget_limited_high_campaign_cost,5400.0,720.0,0.6,0.48,-91440.0,28,253,81,1326,0.25688073394495414,0.099644128113879,0.14358974358974358
LR_with_zip_recall_constraint,with_billing_zip,LogisticRegression_SMOTE,budget_limited_high_campaign_cost,5400.0,720.0,0.6,0.49,-85320.0,25,231,84,1348,0.22935779816513763,0.09765625,0.136986301369863
LR_with_zip_recall_constraint,with_billing_zip,LogisticRegression_SMOTE,budget_limited_high_campaign_cost,5400.0,720.0,0.6,0.5,-80640.0,22,211,87,1368,0.2018348623853211,0.0944206008583691,0.1286549707602339
LR_with_zip_recall_constraint,with_billing_zip,LogisticRegression_SMOTE,budget_limited_high_campaign_cost,5400.0,720.0,0.6,0.51,-75600.0,20,195,89,1384,0.1834862385321101,0.09302325581395349,0.12345679012345678
LR_with_zip_recall_constraint,with_billing_zip,LogisticRegression_SMOTE,budget_limited_high_campaign_cost,5400.0,720.0,0.6,0.52,-67320.0,19,179,90,1400,0.1743119266055046,0.09595959595959595,0.1237785016286645
LR_with_zip_recall_constraint,with_billing_zip,LogisticRegression_SMOTE,budget_limited_high_campaign_cost,5400.0,720.0,0.6,0.53,-66600.0,17,169,92,1410,0.1559633027522936,0.0913978494623656,0.1152542372881356
LR_with_zip_recall_constraint,with_billing_zip,LogisticRegression_SMOTE,budget_limited_high_campaign_cost,5400.0,720.0,0.6,0.54,-57960.0,15,148,94,1431,0.13761467889908258,0.09202453987730061,0.11029411764705882
LR_with_zip_recall_constraint,with_billing_zip,LogisticRegression_SMOTE,budget_limited_high_campaign_cost,5400.0,720.0,0.6,0.55,-56520.0,11,128,98,1451,0.10091743119266056,0.07913669064748201,0.08870967741935484
LR_with_zip_recall_constraint,with_billing_zip,LogisticRegression_SMOTE,budget_limited_high_campaign_cost,5400.0,720.0,0.6,0.56,-49680.0,10,114,99,1465,0.09174311926605505,0.08064516129032258,0.08583690987124463
LR_with_zip_recall_constraint,with_billing_zip,LogisticRegression_SMOTE,budget_limited_high_campaign_cost,5400.0,720.0,0.6,0.57,-48240.0,8,103,101,1476,0.07339449541284404,0.07207207207207207,0.07272727272727272
LR_with_zip_recall_constraint,with_billing_zip,LogisticRegression_SMOTE,budget_limited_high_campaign_cost,5400.0,720.0,0.6,0.58,-52560.0,6,100,103,1479,0.05504587155963303,0.05660377358490566,0.05581395348837209
LR_with_zip_recall_constraint,with_billing_zip,LogisticRegression_SMOTE,budget_limited_high_campaign_cost,5400.0,720.0,0.6,0.59,-47880.0,5,89,104,1490,0.045871559633027525,0.05319148936170213,0.04926108374384237
LR_with_zip_recall_constraint,with_billing_zip,LogisticRegression_SMOTE,budget_limited_high_campaign_cost,5400.0,720.0,0.6,0.6,-44640.0,4,80,105,1499,0.03669724770642202,0.047619047619047616,0.04145077720207254
LR_with_zip_recall_constraint,with_billing_zip,LogisticRegression_SMOTE,budget_limited_high_campaign_cost,5400.0,720.0,0.6,0.61,-35280.0,4,67,105,1512,0.03669724770642202,0.056338028169014086,0.044444444444444446
LR_with_zip_recall_constraint,with_billing_zip,LogisticRegression_SMOTE,budget_limited_high_campaign_cost,5400.0,720.0,0.6,0.62,-28080.0,4,57,105,1522,0.03669724770642202,0.06557377049180328,0.047058823529411764
LR_with_zip_recall_constraint,with_billing_zip,LogisticRegression_SMOTE,budget_limited_high_campaign_cost,5400.0,720.0,0.6,0.63,-20880.0,4,47,105,1532,0.03669724770642202,0.0784313725490196,0.05
LR_with_zip_recall_constraint,with_billing_zip,LogisticRegression_SMOTE,budget_limited_high_campaign_cost,5400.0,720.0,0.6,0.64,-17280.0,4,42,105,1537,0.03669724770642202,0.08695652173913043,0.05161290322580645
LR_with_zip_recall_constraint,with_billing_zip,LogisticRegression_SMOTE,budget_limited_high_campaign_cost,5400.0,720.0,0.6,0.65,-13680.0,4,37,105,1542,0.03669724770642202,0.0975609756097561,0.05333333333333334
LR_with_zip_recall_constraint,with_billing_zip,LogisticRegression_SMOTE,budget_limited_high_campaign_cost,5400.0,720.0,0.6,0.66,-15480.0,3,35,106,1544,0.027522935779816515,0.07894736842105263,0.04081632653061224
LR_with_zip_recall_constraint,with_billing_zip,LogisticRegression_SMOTE,budget_limited_high_campaign_cost,5400.0,720.0,0.6,0.67,-17280.0,2,33,107,1546,0.01834862385321101,0.05714285714285714,0.027777777777777776
LR_with_zip_recall_constraint,with_billing_zip,LogisticRegression_SMOTE,budget_limited_high_campaign_cost,5400.0,720.0,0.6,0.68,-20520.0,1,33,108,1546,0.009174311926605505,0.029411764705882353,0.013986013986013986
LR_with_zip_recall_constraint,with_billing_zip,LogisticRegression_SMOTE,budget_limited_high_campaign_cost,5400.0,720.0,0.6,0.69,-19080.0,1,31,108,1548,0.009174311926605505,0.03125,0.014184397163120567
LR_with_zip_recall_constraint,with_billing_zip,LogisticRegression_SMOTE,budget_limited_high_campaign_cost,5400.0,720.0,0.6,0.7,-16200.0,1,27,108,1552,0.009174311926605505,0.03571428571428571,0.014598540145985401
LR_with_zip_recall_constraint,with_billing_zip,LogisticRegression_SMOTE,budget_limited_high_campaign_cost,5400.0,720.0,0.6,0.71,-14040.0,1,24,108,1555,0.009174311926605505,0.04,0.014925373134328358
LR_with_zip_recall_constraint,with_billing_zip,LogisticRegression_SMOTE,budget_limited_high_campaign_cost,5400.0,720.0,0.6,0.72,-11880.0,1,21,108,1558,0.009174311926605505,0.045454545454545456,0.015267175572519083
LR_with_zip_recall_constraint,with_billing_zip,LogisticRegression_SMOTE,budget_limited_high_campaign_cost,5400.0,720.0,0.6,0.73,-10440.0,1,19,108,1560,0.009174311926605505,0.05,0.015503875968992248
LR_with_zip_recall_constraint,with_billing_zip,LogisticRegression_SMOTE,budget_limited_high_campaign_cost,5400.0,720.0,0.6,0.74,-8280.0,1,16,108,1563,0.009174311926605505,0.058823529411764705,0.015873015873015872
LR_with_zip_recall_constraint,with_billing_zip,LogisticRegression_SMOTE,budget_limited_high_campaign_cost,5400.0,720.0,0.6,0.75,-6840.0,1,14,108,1565,0.009174311926605505,0.06666666666666667,0.016129032258064516
LR_with_zip_recall_constraint,with_billing_zip,LogisticRegression_SMOTE,budget_limited_high_campaign_cost,5400.0,720.0,0.6,0.76,-6120.0,1,13,108,1566,0.009174311926605505,0.07142857142857142,0.016260162601626018
LR_with_zip_recall_constraint,with_billing_zip,LogisticRegression_SMOTE,budget_limited_high_campaign_cost,5400.0,720.0,0.6,0.77,-3960.0,1,10,108,1569,0.009174311926605505,0.09090909090909091,0.016666666666666666
LR_with_zip_recall_constraint,with_billing_zip,LogisticRegression_SMOTE,budget_limited_high_campaign_cost,5400.0,720.0,0.6,0.78,-2520.0,1,8,108,1571,0.009174311926605505,0.1111111111111111,0.01694915254237288
LR_with_zip_recall_constraint,with_billing_zip,LogisticRegression_SMOTE,budget_limited_high_campaign_cost,5400.0,720.0,0.6,0.79,-1800.0,1,7,108,1572,0.009174311926605505,0.125,0.017094017094017096
LR_with_zip_recall_constraint,with_billing_zip,LogisticRegression_SMOTE,budget_limited_high_campaign_cost,5400.0,720.0,0.6,0.8,-1800.0,1,7,108,1572,0.009174311926605505,0.125,0.017094017094017096
LR_with_zip_recall_constraint,with_billing_zip,LogisticRegression_SMOTE,budget_limited_high_campaign_cost,5400.0,720.0,0.6,0.81,-5040.0,0,7,109,1572,0.0,0.0,0.0
LR_with_zip_recall_constraint,with_billing_zip,LogisticRegression_SMOTE,budget_limited_high_campaign_cost,5400.0,720.0,0.6,0.82,-4320.0,0,6,109,1573,0.0,0.0,0.0
LR_with_zip_recall_constraint,with_billing_zip,LogisticRegression_SMOTE,budget_limited_high_campaign_cost,5400.0,720.0,0.6,0.83,-2880.0,0,4,109,1575,0.0,0.0,0.0
LR_with_zip_recall_constraint,with_billing_zip,LogisticRegression_SMOTE,budget_limited_high_campaign_cost,5400.0,720.0,0.6,0.84,-2880.0,0,4,109,1575,0.0,0.0,0.0
LR_with_zip_recall_constraint,with_billing_zip,LogisticRegression_SMOTE,budget_limited_high_campaign_cost,5400.0,720.0,0.6,0.85,-2160.0,0,3,109,1576,0.0,0.0,0.0
LR_with_zip_recall_constraint,with_billing_zip,LogisticRegression_SMOTE,budget_limited_high_campaign_cost,5400.0,720.0,0.6,0.86,-2160.0,0,3,109,1576,0.0,0.0,0.0
LR_with_zip_recall_constraint,with_billing_zip,LogisticRegression_SMOTE,budget_limited_high_campaign_cost,5400.0,720.0,0.6,0.87,-2160.0,0,3,109,1576,0.0,0.0,0.0
LR_with_zip_recall_constraint,with_billing_zip,LogisticRegression_SMOTE,budget_limited_high_campaign_cost,5400.0,720.0,0.6,0.88,-2160.0,0,3,109,1576,0.0,0.0,0.0
LR_with_zip_recall_constraint,with_billing_zip,LogisticRegression_SMOTE,budget_limited_high_campaign_cost,5400.0,720.0,0.6,0.89,-720.0,0,1,109,1578,0.0,0.0,0.0
LR_with_zip_recall_constraint,with_billing_zip,LogisticRegression_SMOTE,budget_limited_high_campaign_cost,5400.0,720.0,0.6,0.9,-720.0,0,1,109,1578,0.0,0.0,0.0
LR_with_zip_recall_constraint,with_billing_zip,LogisticRegression_SMOTE,budget_limited_high_campaign_cost,5400.0,720.0,0.6,0.91,-720.0,0,1,109,1578,0.0,0.0,0.0
LR_with_zip_recall_constraint,with_billing_zip,LogisticRegression_SMOTE,budget_limited_high_campaign_cost,5400.0,720.0,0.6,0.92,-720.0,0,1,109,1578,0.0,0.0,0.0
LR_with_zip_recall_constraint,with_billing_zip,LogisticRegression_SMOTE,budget_limited_high_campaign_cost,5400.0,720.0,0.6,0.93,-720.0,0,1,109,1578,0.0,0.0,0.0
LR_with_zip_recall_constraint,with_billing_zip,LogisticRegression_SMOTE,budget_limited_high_campaign_cost,5400.0,720.0,0.6,0.94,-720.0,0,1,109,1578,0.0,0.0,0.0
LR_with_zip_recall_constraint,with_billing_zip,LogisticRegression_SMOTE,budget_limited_high_campaign_cost,5400.0,720.0,0.6,0.95,-720.0,0,1,109,1578,0.0,0.0,0.0
LR_with_zip_recall_constraint,with_billing_zip,LogisticRegression_SMOTE,budget_limited_high_campaign_cost,5400.0,720.0,0.6,0.96,-720.0,0,1,109,1578,0.0,0.0,0.0
LR_with_zip_recall_constraint,with_billing_zip,LogisticRegression_SMOTE,budget_limited_high_campaign_cost,5400.0,720.0,0.6,0.97,-720.0,0,1,109,1578,0.0,0.0,0.0
LR_with_zip_recall_constraint,with_billing_zip,LogisticRegression_SMOTE,budget_limited_high_campaign_cost,5400.0,720.0,0.6,0.98,-720.0,0,1,109,1578,0.0,0.0,0.0
LR_with_zip_recall_constraint,with_billing_zip,LogisticRegression_SMOTE,budget_limited_high_campaign_cost,5400.0,720.0,0.6,0.99,-720.0,0,1,109,1578,0.0,0.0,0.0
LR_with_zip_recall_constraint,with_billing_zip,LogisticRegression_SMOTE,small_business_value,1200.0,120.0,0.6,0.01,-109440.0,108,1560,1,19,0.9908256880733946,0.06474820143884892,0.12155317951603826
LR_with_zip_recall_constraint,with_billing_zip,LogisticRegression_SMOTE,small_business_value,1200.0,120.0,0.6,0.02,-108240.0,108,1550,1,29,0.9908256880733946,0.06513872135102533,0.12224108658743633
LR_with_zip_recall_constraint,with_billing_zip,LogisticRegression_SMOTE,small_business_value,1200.0,120.0,0.6,0.03,-107520.0,108,1544,1,35,0.9908256880733946,0.06537530266343826,0.12265758091993186
LR_with_zip_recall_constraint,with_billing_zip,LogisticRegression_SMOTE,small_business_value,1200.0,120.0,0.6,0.04,-107160.0,107,1535,2,44,0.981651376146789,0.06516443361753958,0.12221587664191891
LR_with_zip_recall_constraint,with_billing_zip,LogisticRegression_SMOTE,small_business_value,1200.0,120.0,0.6,0.05,-106440.0,107,1529,2,50,0.981651376146789,0.06540342298288508,0.12263610315186246
LR_with_zip_recall_constraint,with_billing_zip,LogisticRegression_SMOTE,small_business_value,1200.0,120.0,0.6,0.06,-106320.0,106,1522,3,57,0.9724770642201835,0.06511056511056511,0.12204951065054692
LR_with_zip_recall_constraint,with_billing_zip,LogisticRegression_SMOTE,small_business_value,1200.0,120.0,0.6,0.07,-105720.0,105,1511,4,68,0.963302752293578,0.06497524752475248,0.12173913043478261
LR_with_zip_recall_constraint,with_billing_zip,LogisticRegression_SMOTE,small_business_value,1200.0,120.0,0.6,0.08,-104400.0,105,1500,4,79,0.963302752293578,0.06542056074766354,0.12252042007001167
LR_with_zip_recall_constraint,with_billing_zip,LogisticRegression_SMOTE,small_business_value,1200.0,120.0,0.6,0.09,-105600.0,103,1498,6,81,0.944954128440367,0.06433479075577764,0.12046783625730995
LR_with_zip_recall_constraint,with_billing_zip,LogisticRegression_SMOTE,small_business_value,1200.0,120.0,0.6,0.1,-104160.0,103,1486,6,93,0.944954128440367,0.06482064191315293,0.12131919905771496
LR_with_zip_recall_constraint,with_billing_zip,LogisticRegression_SMOTE,small_business_value,1200.0,120.0,0.6,0.11,-103560.0,103,1481,6,98,0.944954128440367,0.06502525252525253,0.12167749556999409
LR_with_zip_recall_constraint,with_billing_zip,LogisticRegression_SMOTE,small_business_value,1200.0,120.0,0.6,0.12,-103200.0,103,1478,6,101,0.944954128440367,0.06514864010120178,0.12189349112426036
LR_with_zip_recall_constraint,with_billing_zip,LogisticRegression_SMOTE,small_business_value,1200.0,120.0,0.6,0.13,-103560.0,102,1475,7,104,0.9357798165137615,0.06467977171845275,0.12099644128113879
LR_with_zip_recall_constraint,with_billing_zip,LogisticRegression_SMOTE,small_business_value,1200.0,120.0,0.6,0.14,-102360.0,102,1465,7,114,0.9357798165137615,0.0650925335035099,0.12171837708830549
LR_with_zip_recall_constraint,with_billing_zip,LogisticRegression_SMOTE,small_business_value,1200.0,120.0,0.6,0.15,-101160.0,102,1455,7,124,0.9357798165137615,0.06551059730250482,0.12244897959183673
LR_with_zip_recall_constraint,with_billing_zip,LogisticRegression_SMOTE,small_business_value,1200.0,120.0,0.6,0.16,-99360.0,102,1440,7,139,0.9357798165137615,0.06614785992217899,0.12356147789218655
LR_with_zip_recall_constraint,with_billing_zip,LogisticRegression_SMOTE,small_business_value,1200.0,120.0,0.6,0.17,-97800.0,101,1421,8,158,0.926605504587156,0.06636005256241786,0.12385039852851011
LR_with_zip_recall_constraint,with_billing_zip,LogisticRegression_SMOTE,small_business_value,1200.0,120.0,0.6,0.18,-95520.0,101,1402,8,177,0.926605504587156,0.06719893546240852,0.12531017369727046
LR_with_zip_recall_constraint,with_billing_zip,LogisticRegression_SMOTE,small_business_value,1200.0,120.0,0.6,0.19,-92040.0,100,1367,9,212,0.9174311926605505,0.0681663258350375,0.12690355329949238
LR_with_zip_recall_constraint,with_billing_zip,LogisticRegression_SMOTE,small_business_value,1200.0,120.0,0.6,0.2,-89520.0,97,1328,12,251,0.8899082568807339,0.06807017543859649,0.12646675358539766
LR_with_zip_recall_constraint,with_billing_zip,LogisticRegression_SMOTE,small_business_value,1200.0,120.0,0.6,0.21,-87360.0,93,1286,16,293,0.8532110091743119,0.0674401740391588,0.125
LR_with_zip_recall_constraint,with_billing_zip,LogisticRegression_SMOTE,small_business_value,1200.0,120.0,0.6,0.22,-83400.0,93,1253,16,326,0.8532110091743119,0.06909361069836553,0.12783505154639174
LR_with_zip_recall_constraint,with_billing_zip,LogisticRegression_SMOTE,small_business_value,1200.0,120.0,0.6,0.23,-79800.0,92,1217,17,362,0.8440366972477065,0.07028265851795264,0.12976022566995768
LR_with_zip_recall_constraint,with_billing_zip,LogisticRegression_SMOTE,small_business_value,1200.0,120.0,0.6,0.24,-75720.0,90,1171,19,408,0.8256880733944955,0.07137192704203013,0.13138686131386862
LR_with_zip_recall_constraint,with_billing_zip,LogisticRegression_SMOTE,small_business_value,1200.0,120.0,0.6,0.25,-70800.0,90,1130,19,449,0.8256880733944955,0.07377049180327869,0.13544018058690746
LR_with_zip_recall_constraint,with_billing_zip,LogisticRegression_SMOTE,small_business_value,1200.0,120.0,0.6,0.26,-67680.0,87,1086,22,493,0.7981651376146789,0.0741687979539642,0.1357254290171607
LR_with_zip_recall_constraint,with_billing_zip,LogisticRegression_SMOTE,small_business_value,1200.0,120.0,0.6,0.27,-65520.0,83,1044,26,535,0.7614678899082569,0.07364685004436557,0.1343042071197411
LR_with_zip_recall_constraint,with_billing_zip,LogisticRegression_SMOTE,small_business_value,1200.0,120.0,0.6,0.28,-59160.0,83,991,26,588,0.7614678899082569,0.07728119180633147,0.14032121724429417
LR_with_zip_recall_constraint,with_billing_zip,LogisticRegression_SMOTE,small_business_value,1200.0,120.0,0.6,0.29,-57120.0,80,956,29,623,0.7339449541284404,0.07722007722007722,0.13973799126637554
LR_with_zip_recall_constraint,with_billing_zip,LogisticRegression_SMOTE,small_business_value,1200.0,120.0,0.6,0.3,-54960.0,75,908,34,671,0.6880733944954128,0.0762970498474059,0.13736263736263737
LR_with_zip_recall_constraint,with_billing_zip,LogisticRegression_SMOTE,small_business_value,1200.0,120.0,0.6,0.31,-51000.0,73,863,36,716,0.6697247706422018,0.07799145299145299,0.1397129186602871
LR_with_zip_recall_constraint,with_billing_zip,LogisticRegression_SMOTE,small_business_value,1200.0,120.0,0.6,0.32,-48240.0,69,816,40,763,0.6330275229357798,0.07796610169491526,0.13883299798792756
LR_with_zip_recall_constraint,with_billing_zip,LogisticRegression_SMOTE,small_business_value,1200.0,120.0,0.6,0.33,-45240.0,65,767,44,812,0.5963302752293578,0.078125,0.1381509032943677
LR_with_zip_recall_constraint,with_billing_zip,LogisticRegression_SMOTE,small_business_value,1200.0,120.0,0.6,0.34,-40560.0,62,710,47,869,0.5688073394495413,0.08031088082901554,0.14074914869466515
LR_with_zip_recall_constraint,with_billing_zip,LogisticRegression_SMOTE,small_business_value,1200.0,120.0,0.6,0.35,-37200.0,61,676,48,903,0.5596330275229358,0.08276797829036635,0.14420803782505912
LR_with_zip_recall_constraint,with_billing_zip,LogisticRegression_SMOTE,small_business_value,1200.0,120.0,0.6,0.36,-35880.0,57,641,52,938,0.5229357798165137,0.08166189111747851,0.1412639405204461
LR_with_zip_recall_constraint,with_billing_zip,LogisticRegression_SMOTE,small_business_value,1200.0,120.0,0.6,0.37,-32400.0,54,594,55,985,0.4954128440366973,0.08333333333333333,0.142668428005284
LR_with_zip_recall_constraint,with_billing_zip,LogisticRegression_SMOTE,small_business_value,1200.0,120.0,0.6,0.38,-31560.0,49,557,60,1022,0.44954128440366975,0.08085808580858085,0.13706293706293707
LR_with_zip_recall_constraint,with_billing_zip,LogisticRegression_SMOTE,small_business_value,1200.0,120.0,0.6,0.39,-28920.0,46,517,63,1062,0.42201834862385323,0.08170515097690942,0.13690476190476192
LR_with_zip_recall_constraint,with_billing_zip,LogisticRegression_SMOTE,small_business_value,1200.0,120.0,0.6,0.4,-27240.0,41,473,68,1106,0.3761467889908257,0.07976653696498054,0.13162118780096307
LR_with_zip_recall_constraint,with_billing_zip,LogisticRegression_SMOTE,small_business_value,1200.0,120.0,0.6,0.41,-24960.0,38,436,71,1143,0.3486238532110092,0.08016877637130802,0.13036020583190394
LR_with_zip_recall_constraint,with_billing_zip,LogisticRegression_SMOTE,small_business_value,1200.0,120.0,0.6,0.42,-20880.0,38,402,71,1177,0.3486238532110092,0.08636363636363636,0.1384335154826958
LR_with_zip_recall_constraint,with_billing_zip,LogisticRegression_SMOTE,small_business_value,1200.0,120.0,0.6,0.43,-18600.0,37,377,72,1202,0.3394495412844037,0.0893719806763285,0.14149139579349904
LR_with_zip_recall_constraint,with_billing_zip,LogisticRegression_SMOTE,small_business_value,1200.0,120.0,0.6,0.44,-17400.0,35,355,74,1224,0.3211009174311927,0.08974358974358974,0.1402805611222445
LR_with_zip_recall_constraint,with_billing_zip,LogisticRegression_SMOTE,small_business_value,1200.0,120.0,0.6,0.45,-14760.0,34,327,75,1252,0.3119266055045872,0.09418282548476455,0.14468085106382977
LR_with_zip_recall_constraint,with_billing_zip,LogisticRegression_SMOTE,small_business_value,1200.0,120.0,0.6,0.46,-11760.0,33,296,76,1283,0.30275229357798167,0.10030395136778116,0.1506849315068493
LR_with_zip_recall_constraint,with_billing_zip,LogisticRegression_SMOTE,small_business_value,1200.0,120.0,0.6,0.47,-11520.0,30,276,79,1303,0.27522935779816515,0.09803921568627451,0.14457831325301204
LR_with_zip_recall_constraint,with_billing_zip,LogisticRegression_SMOTE,small_business_value,1200.0,120.0,0.6,0.48,-10200.0,28,253,81,1326,0.25688073394495414,0.099644128113879,0.14358974358974358
LR_with_zip_recall_constraint,with_billing_zip,LogisticRegression_SMOTE,small_business_value,1200.0,120.0,0.6,0.49,-9720.0,25,231,84,1348,0.22935779816513763,0.09765625,0.136986301369863
LR_with_zip_recall_constraint,with_billing_zip,LogisticRegression_SMOTE,small_business_value,1200.0,120.0,0.6,0.5,-9480.0,22,211,87,1368,0.2018348623853211,0.0944206008583691,0.1286549707602339
LR_with_zip_recall_constraint,with_billing_zip,LogisticRegression_SMOTE,small_business_value,1200.0,120.0,0.6,0.51,-9000.0,20,195,89,1384,0.1834862385321101,0.09302325581395349,0.12345679012345678
LR_with_zip_recall_constraint,with_billing_zip,LogisticRegression_SMOTE,small_business_value,1200.0,120.0,0.6,0.52,-7800.0,19,179,90,1400,0.1743119266055046,0.09595959595959595,0.1237785016286645
LR_with_zip_recall_constraint,with_billing_zip,LogisticRegression_SMOTE,small_business_value,1200.0,120.0,0.6,0.53,-8040.0,17,169,92,1410,0.1559633027522936,0.0913978494623656,0.1152542372881356
LR_with_zip_recall_constraint,with_billing_zip,LogisticRegression_SMOTE,small_business_value,1200.0,120.0,0.6,0.54,-6960.0,15,148,94,1431,0.13761467889908258,0.09202453987730061,0.11029411764705882
LR_with_zip_recall_constraint,with_billing_zip,LogisticRegression_SMOTE,small_business_value,1200.0,120.0,0.6,0.55,-7440.0,11,128,98,1451,0.10091743119266056,0.07913669064748201,0.08870967741935484
LR_with_zip_recall_constraint,with_billing_zip,LogisticRegression_SMOTE,small_business_value,1200.0,120.0,0.6,0.56,-6480.0,10,114,99,1465,0.09174311926605505,0.08064516129032258,0.08583690987124463
LR_with_zip_recall_constraint,with_billing_zip,LogisticRegression_SMOTE,small_business_value,1200.0,120.0,0.6,0.57,-6600.0,8,103,101,1476,0.07339449541284404,0.07207207207207207,0.07272727272727272
LR_with_zip_recall_constraint,with_billing_zip,LogisticRegression_SMOTE,small_business_value,1200.0,120.0,0.6,0.58,-7680.0,6,100,103,1479,0.05504587155963303,0.05660377358490566,0.05581395348837209
LR_with_zip_recall_constraint,with_billing_zip,LogisticRegression_SMOTE,small_business_value,1200.0,120.0,0.6,0.59,-7080.0,5,89,104,1490,0.045871559633027525,0.05319148936170213,0.04926108374384237
LR_with_zip_recall_constraint,with_billing_zip,LogisticRegression_SMOTE,small_business_value,1200.0,120.0,0.6,0.6,-6720.0,4,80,105,1499,0.03669724770642202,0.047619047619047616,0.04145077720207254
LR_with_zip_recall_constraint,with_billing_zip,LogisticRegression_SMOTE,small_business_value,1200.0,120.0,0.6,0.61,-5160.0,4,67,105,1512,0.03669724770642202,0.056338028169014086,0.044444444444444446
LR_with_zip_recall_constraint,with_billing_zip,LogisticRegression_SMOTE,small_business_value,1200.0,120.0,0.6,0.62,-3960.0,4,57,105,1522,0.03669724770642202,0.06557377049180328,0.047058823529411764
LR_with_zip_recall_constraint,with_billing_zip,LogisticRegression_SMOTE,small_business_value,1200.0,120.0,0.6,0.63,-2760.0,4,47,105,1532,0.03669724770642202,0.0784313725490196,0.05
LR_with_zip_recall_constraint,with_billing_zip,LogisticRegression_SMOTE,small_business_value,1200.0,120.0,0.6,0.64,-2160.0,4,42,105,1537,0.03669724770642202,0.08695652173913043,0.05161290322580645
LR_with_zip_recall_constraint,with_billing_zip,LogisticRegression_SMOTE,small_business_value,1200.0,120.0,0.6,0.65,-1560.0,4,37,105,1542,0.03669724770642202,0.0975609756097561,0.05333333333333334
LR_with_zip_recall_constraint,with_billing_zip,LogisticRegression_SMOTE,small_business_value,1200.0,120.0,0.6,0.66,-2040.0,3,35,106,1544,0.027522935779816515,0.07894736842105263,0.04081632653061224
LR_with_zip_recall_constraint,with_billing_zip,LogisticRegression_SMOTE,small_business_value,1200.0,120.0,0.6,0.67,-2520.0,2,33,107,1546,0.01834862385321101,0.05714285714285714,0.027777777777777776
LR_with_zip_recall_constraint,with_billing_zip,LogisticRegression_SMOTE,small_business_value,1200.0,120.0,0.6,0.68,-3240.0,1,33,108,1546,0.009174311926605505,0.029411764705882353,0.013986013986013986
LR_with_zip_recall_constraint,with_billing_zip,LogisticRegression_SMOTE,small_business_value,1200.0,120.0,0.6,0.69,-3000.0,1,31,108,1548,0.009174311926605505,0.03125,0.014184397163120567
LR_with_zip_recall_constraint,with_billing_zip,LogisticRegression_SMOTE,small_business_value,1200.0,120.0,0.6,0.7,-2520.0,1,27,108,1552,0.009174311926605505,0.03571428571428571,0.014598540145985401
LR_with_zip_recall_constraint,with_billing_zip,LogisticRegression_SMOTE,small_business_value,1200.0,120.0,0.6,0.71,-2160.0,1,24,108,1555,0.009174311926605505,0.04,0.014925373134328358
LR_with_zip_recall_constraint,with_billing_zip,LogisticRegression_SMOTE,small_business_value,1200.0,120.0,0.6,0.72,-1800.0,1,21,108,1558,0.009174311926605505,0.045454545454545456,0.015267175572519083
LR_with_zip_recall_constraint,with_billing_zip,LogisticRegression_SMOTE,small_business_value,1200.0,120.0,0.6,0.73,-1560.0,1,19,108,1560,0.009174311926605505,0.05,0.015503875968992248
LR_with_zip_recall_constraint,with_billing_zip,LogisticRegression_SMOTE,small_business_value,1200.0,120.0,0.6,0.74,-1200.0,1,16,108,1563,0.009174311926605505,0.058823529411764705,0.015873015873015872
LR_with_zip_recall_constraint,with_billing_zip,LogisticRegression_SMOTE,small_business_value,1200.0,120.0,0.6,0.75,-960.0,1,14,108,1565,0.009174311926605505,0.06666666666666667,0.016129032258064516
LR_with_zip_recall_constraint,with_billing_zip,LogisticRegression_SMOTE,small_business_value,1200.0,120.0,0.6,0.76,-840.0,1,13,108,1566,0.009174311926605505,0.07142857142857142,0.016260162601626018
LR_with_zip_recall_constraint,with_billing_zip,LogisticRegression_SMOTE,small_business_value,1200.0,120.0,0.6,0.77,-480.0,1,10,108,1569,0.009174311926605505,0.09090909090909091,0.016666666666666666
LR_with_zip_recall_constraint,with_billing_zip,LogisticRegression_SMOTE,small_business_value,1200.0,120.0,0.6,0.78,-240.0,1,8,108,1571,0.009174311926605505,0.1111111111111111,0.01694915254237288
LR_with_zip_recall_constraint,with_billing_zip,LogisticRegression_SMOTE,small_business_value,1200.0,120.0,0.6,0.79,-120.0,1,7,108,1572,0.009174311926605505,0.125,0.017094017094017096
LR_with_zip_recall_constraint,with_billing_zip,LogisticRegression_SMOTE,small_business_value,1200.0,120.0,0.6,0.8,-120.0,1,7,108,1572,0.009174311926605505,0.125,0.017094017094017096
LR_with_zip_recall_constraint,with_billing_zip,LogisticRegression_SMOTE,small_business_value,1200.0,120.0,0.6,0.81,-840.0,0,7,109,1572,0.0,0.0,0.0
LR_with_zip_recall_constraint,with_billing_zip,LogisticRegression_SMOTE,small_business_value,1200.0,120.0,0.6,0.82,-720.0,0,6,109,1573,0.0,0.0,0.0
LR_with_zip_recall_constraint,with_billing_zip,LogisticRegression_SMOTE,small_business_value,1200.0,120.0,0.6,0.83,-480.0,0,4,109,1575,0.0,0.0,0.0
LR_with_zip_recall_constraint,with_billing_zip,LogisticRegression_SMOTE,small_business_value,1200.0,120.0,0.6,0.84,-480.0,0,4,109,1575,0.0,0.0,0.0
LR_with_zip_recall_constraint,with_billing_zip,LogisticRegression_SMOTE,small_business_value,1200.0,120.0,0.6,0.85,-360.0,0,3,109,1576,0.0,0.0,0.0
LR_with_zip_recall_constraint,with_billing_zip,LogisticRegression_SMOTE,small_business_value,1200.0,120.0,0.6,0.86,-360.0,0,3,109,1576,0.0,0.0,0.0
LR_with_zip_recall_constraint,with_billing_zip,LogisticRegression_SMOTE,small_business_value,1200.0,120.0,0.6,0.87,-360.0,0,3,109,1576,0.0,0.0,0.0
LR_with_zip_recall_constraint,with_billing_zip,LogisticRegression_SMOTE,small_business_value,1200.0,120.0,0.6,0.88,-360.0,0,3,109,1576,0.0,0.0,0.0
LR_with_zip_recall_constraint,with_billing_zip,LogisticRegression_SMOTE,small_business_value,1200.0,120.0,0.6,0.89,-120.0,0,1,109,1578,0.0,0.0,0.0
LR_with_zip_recall_constraint,with_billing_zip,LogisticRegression_SMOTE,small_business_value,1200.0,120.0,0.6,0.9,-120.0,0,1,109,1578,0.0,0.0,0.0
LR_with_zip_recall_constraint,with_billing_zip,LogisticRegression_SMOTE,small_business_value,1200.0,120.0,0.6,0.91,-120.0,0,1,109,1578,0.0,0.0,0.0
LR_with_zip_recall_constraint,with_billing_zip,LogisticRegression_SMOTE,small_business_value,1200.0,120.0,0.6,0.92,-120.0,0,1,109,1578,0.0,0.0,0.0
LR_with_zip_recall_constraint,with_billing_zip,LogisticRegression_SMOTE,small_business_value,1200.0,120.0,0.6,0.93,-120.0,0,1,109,1578,0.0,0.0,0.0
LR_with_zip_recall_constraint,with_billing_zip,LogisticRegression_SMOTE,small_business_value,1200.0,120.0,0.6,0.94,-120.0,0,1,109,1578,0.0,0.0,0.0
LR_with_zip_recall_constraint,with_billing_zip,LogisticRegression_SMOTE,small_business_value,1200.0,120.0,0.6,0.95,-120.0,0,1,109,1578,0.0,0.0,0.0
LR_with_zip_recall_constraint,with_billing_zip,LogisticRegression_SMOTE,small_business_value,1200.0,120.0,0.6,0.96,-120.0,0,1,109,1578,0.0,0.0,0.0
LR_with_zip_recall_constraint,with_billing_zip,LogisticRegression_SMOTE,small_business_value,1200.0,120.0,0.6,0.97,-120.0,0,1,109,1578,0.0,0.0,0.0
LR_with_zip_recall_constraint,with_billing_zip,LogisticRegression_SMOTE,small_business_value,1200.0,120.0,0.6,0.98,-120.0,0,1,109,1578,0.0,0.0,0.0
LR_with_zip_recall_constraint,with_billing_zip,LogisticRegression_SMOTE,small_business_value,1200.0,120.0,0.6,0.99,-120.0,0,1,109,1578,0.0,0.0,0.0
LR_with_zip_recall_constraint,with_billing_zip,LogisticRegression_SMOTE,enterprise_value,18000.0,120.0,0.6,0.01,979200.0,108,1560,1,19,0.9908256880733946,0.06474820143884892,0.12155317951603826
LR_with_zip_recall_constraint,with_billing_zip,LogisticRegression_SMOTE,enterprise_value,18000.0,120.0,0.6,0.02,980400.0,108,1550,1,29,0.9908256880733946,0.06513872135102533,0.12224108658743633
LR_with_zip_recall_constraint,with_billing_zip,LogisticRegression_SMOTE,enterprise_value,18000.0,120.0,0.6,0.03,981120.0,108,1544,1,35,0.9908256880733946,0.06537530266343826,0.12265758091993186
LR_with_zip_recall_constraint,with_billing_zip,LogisticRegression_SMOTE,enterprise_value,18000.0,120.0,0.6,0.04,971400.0,107,1535,2,44,0.981651376146789,0.06516443361753958,0.12221587664191891
LR_with_zip_recall_constraint,with_billing_zip,LogisticRegression_SMOTE,enterprise_value,18000.0,120.0,0.6,0.05,972120.0,107,1529,2,50,0.981651376146789,0.06540342298288508,0.12263610315186246
LR_with_zip_recall_constraint,with_billing_zip,LogisticRegression_SMOTE,enterprise_value,18000.0,120.0,0.6,0.06,962160.0,106,1522,3,57,0.9724770642201835,0.06511056511056511,0.12204951065054692
LR_with_zip_recall_constraint,with_billing_zip,LogisticRegression_SMOTE,enterprise_value,18000.0,120.0,0.6,0.07,952680.0,105,1511,4,68,0.963302752293578,0.06497524752475248,0.12173913043478261
LR_with_zip_recall_constraint,with_billing_zip,LogisticRegression_SMOTE,enterprise_value,18000.0,120.0,0.6,0.08,954000.0,105,1500,4,79,0.963302752293578,0.06542056074766354,0.12252042007001167
LR_with_zip_recall_constraint,with_billing_zip,LogisticRegression_SMOTE,enterprise_value,18000.0,120.0,0.6,0.09,932640.0,103,1498,6,81,0.944954128440367,0.06433479075577764,0.12046783625730995
LR_with_zip_recall_constraint,with_billing_zip,LogisticRegression_SMOTE,enterprise_value,18000.0,120.0,0.6,0.1,934080.0,103,1486,6,93,0.944954128440367,0.06482064191315293,0.12131919905771496
LR_with_zip_recall_constraint,with_billing_zip,LogisticRegression_SMOTE,enterprise_value,18000.0,120.0,0.6,0.11,934680.0,103,1481,6,98,0.944954128440367,0.06502525252525253,0.12167749556999409
LR_with_zip_recall_constraint,with_billing_zip,LogisticRegression_SMOTE,enterprise_value,18000.0,120.0,0.6,0.12,935040.0,103,1478,6,101,0.944954128440367,0.06514864010120178,0.12189349112426036
LR_with_zip_recall_constraint,with_billing_zip,LogisticRegression_SMOTE,enterprise_value,18000.0,120.0,0.6,0.13,924600.0,102,1475,7,104,0.9357798165137615,0.06467977171845275,0.12099644128113879
LR_with_zip_recall_constraint,with_billing_zip,LogisticRegression_SMOTE,enterprise_value,18000.0,120.0,0.6,0.14,925800.0,102,1465,7,114,0.9357798165137615,0.0650925335035099,0.12171837708830549
LR_with_zip_recall_constraint,with_billing_zip,LogisticRegression_SMOTE,enterprise_value,18000.0,120.0,0.6,0.15,927000.0,102,1455,7,124,0.9357798165137615,0.06551059730250482,0.12244897959183673
LR_with_zip_recall_constraint,with_billing_zip,LogisticRegression_SMOTE,enterprise_value,18000.0,120.0,0.6,0.16,928800.0,102,1440,7,139,0.9357798165137615,0.06614785992217899,0.12356147789218655
LR_with_zip_recall_constraint,with_billing_zip,LogisticRegression_SMOTE,enterprise_value,18000.0,120.0,0.6,0.17,920280.0,101,1421,8,158,0.926605504587156,0.06636005256241786,0.12385039852851011
LR_with_zip_recall_constraint,with_billing_zip,LogisticRegression_SMOTE,enterprise_value,18000.0,120.0,0.6,0.18,922560.0,101,1402,8,177,0.926605504587156,0.06719893546240852,0.12531017369727046
LR_with_zip_recall_constraint,with_billing_zip,LogisticRegression_SMOTE,enterprise_value,18000.0,120.0,0.6,0.19,915960.0,100,1367,9,212,0.9174311926605505,0.0681663258350375,0.12690355329949238
LR_with_zip_recall_constraint,with_billing_zip,LogisticRegression_SMOTE,enterprise_value,18000.0,120.0,0.6,0.2,888240.0,97,1328,12,251,0.8899082568807339,0.06807017543859649,0.12646675358539766
LR_with_zip_recall_constraint,with_billing_zip,LogisticRegression_SMOTE,enterprise_value,18000.0,120.0,0.6,0.21,850080.0,93,1286,16,293,0.8532110091743119,0.0674401740391588,0.125
LR_with_zip_recall_constraint,with_billing_zip,LogisticRegression_SMOTE,enterprise_value,18000.0,120.0,0.6,0.22,854040.0,93,1253,16,326,0.8532110091743119,0.06909361069836553,0.12783505154639174
LR_with_zip_recall_constraint,with_billing_zip,LogisticRegression_SMOTE,enterprise_value,18000.0,120.0,0.6,0.23,847560.0,92,1217,17,362,0.8440366972477065,0.07028265851795264,0.12976022566995768
LR_with_zip_recall_constraint,with_billing_zip,LogisticRegression_SMOTE,enterprise_value,18000.0,120.0,0.6,0.24,831480.0,90,1171,19,408,0.8256880733944955,0.07137192704203013,0.13138686131386862
LR_with_zip_recall_constraint,with_billing_zip,LogisticRegression_SMOTE,enterprise_value,18000.0,120.0,0.6,0.25,836400.0,90,1130,19,449,0.8256880733944955,0.07377049180327869,0.13544018058690746
LR_with_zip_recall_constraint,with_billing_zip,LogisticRegression_SMOTE,enterprise_value,18000.0,120.0,0.6,0.26,809280.0,87,1086,22,493,0.7981651376146789,0.0741687979539642,0.1357254290171607
LR_with_zip_recall_constraint,with_billing_zip,LogisticRegression_SMOTE,enterprise_value,18000.0,120.0,0.6,0.27,771120.0,83,1044,26,535,0.7614678899082569,0.07364685004436557,0.1343042071197411
LR_with_zip_recall_constraint,with_billing_zip,LogisticRegression_SMOTE,enterprise_value,18000.0,120.0,0.6,0.28,777480.0,83,991,26,588,0.7614678899082569,0.07728119180633147,0.14032121724429417
LR_with_zip_recall_constraint,with_billing_zip,LogisticRegression_SMOTE,enterprise_value,18000.0,120.0,0.6,0.29,749280.0,80,956,29,623,0.7339449541284404,0.07722007722007722,0.13973799126637554
LR_with_zip_recall_constraint,with_billing_zip,LogisticRegression_SMOTE,enterprise_value,18000.0,120.0,0.6,0.3,701040.0,75,908,34,671,0.6880733944954128,0.0762970498474059,0.13736263736263737
LR_with_zip_recall_constraint,with_billing_zip,LogisticRegression_SMOTE,enterprise_value,18000.0,120.0,0.6,0.31,684840.0,73,863,36,716,0.6697247706422018,0.07799145299145299,0.1397129186602871
LR_with_zip_recall_constraint,with_billing_zip,LogisticRegression_SMOTE,enterprise_value,18000.0,120.0,0.6,0.32,647280.0,69,816,40,763,0.6330275229357798,0.07796610169491526,0.13883299798792756
LR_with_zip_recall_constraint,with_billing_zip,LogisticRegression_SMOTE,enterprise_value,18000.0,120.0,0.6,0.33,609960.0,65,767,44,812,0.5963302752293578,0.078125,0.1381509032943677
LR_with_zip_recall_constraint,with_billing_zip,LogisticRegression_SMOTE,enterprise_value,18000.0,120.0,0.6,0.34,584400.0,62,710,47,869,0.5688073394495413,0.08031088082901554,0.14074914869466515
LR_with_zip_recall_constraint,with_billing_zip,LogisticRegression_SMOTE,enterprise_value,18000.0,120.0,0.6,0.35,577680.0,61,676,48,903,0.5596330275229358,0.08276797829036635,0.14420803782505912
LR_with_zip_recall_constraint,with_billing_zip,LogisticRegression_SMOTE,enterprise_value,18000.0,120.0,0.6,0.36,538680.0,57,641,52,938,0.5229357798165137,0.08166189111747851,0.1412639405204461
LR_with_zip_recall_constraint,with_billing_zip,LogisticRegression_SMOTE,enterprise_value,18000.0,120.0,0.6,0.37,511920.0,54,594,55,985,0.4954128440366973,0.08333333333333333,0.142668428005284
LR_with_zip_recall_constraint,with_billing_zip,LogisticRegression_SMOTE,enterprise_value,18000.0,120.0,0.6,0.38,462360.0,49,557,60,1022,0.44954128440366975,0.08085808580858085,0.13706293706293707
LR_with_zip_recall_constraint,with_billing_zip,LogisticRegression_SMOTE,enterprise_value,18000.0,120.0,0.6,0.39,434760.0,46,517,63,1062,0.42201834862385323,0.08170515097690942,0.13690476190476192
LR_with_zip_recall_constraint,with_billing_zip,LogisticRegression_SMOTE,enterprise_value,18000.0,120.0,0.6,0.4,386040.0,41,473,68,1106,0.3761467889908257,0.07976653696498054,0.13162118780096307
LR_with_zip_recall_constraint,with_billing_zip,LogisticRegression_SMOTE,enterprise_value,18000.0,120.0,0.6,0.41,358080.0,38,436,71,1143,0.3486238532110092,0.08016877637130802,0.13036020583190394
LR_with_zip_recall_constraint,with_billing_zip,LogisticRegression_SMOTE,enterprise_value,18000.0,120.0,0.6,0.42,362160.0,38,402,71,1177,0.3486238532110092,0.08636363636363636,0.1384335154826958
LR_with_zip_recall_constraint,with_billing_zip,LogisticRegression_SMOTE,enterprise_value,18000.0,120.0,0.6,0.43,354360.0,37,377,72,1202,0.3394495412844037,0.0893719806763285,0.14149139579349904
LR_with_zip_recall_constraint,with_billing_zip,LogisticRegression_SMOTE,enterprise_value,18000.0,120.0,0.6,0.44,335400.0,35,355,74,1224,0.3211009174311927,0.08974358974358974,0.1402805611222445
LR_with_zip_recall_constraint,with_billing_zip,LogisticRegression_SMOTE,enterprise_value,18000.0,120.0,0.6,0.45,327960.0,34,327,75,1252,0.3119266055045872,0.09418282548476455,0.14468085106382977
LR_with_zip_recall_constraint,with_billing_zip,LogisticRegression_SMOTE,enterprise_value,18000.0,120.0,0.6,0.46,320880.0,33,296,76,1283,0.30275229357798167,0.10030395136778116,0.1506849315068493
LR_with_zip_recall_constraint,with_billing_zip,LogisticRegression_SMOTE,enterprise_value,18000.0,120.0,0.6,0.47,290880.0,30,276,79,1303,0.27522935779816515,0.09803921568627451,0.14457831325301204
LR_with_zip_recall_constraint,with_billing_zip,LogisticRegression_SMOTE,enterprise_value,18000.0,120.0,0.6,0.48,272040.0,28,253,81,1326,0.25688073394495414,0.099644128113879,0.14358974358974358
LR_with_zip_recall_constraint,with_billing_zip,LogisticRegression_SMOTE,enterprise_value,18000.0,120.0,0.6,0.49,242280.0,25,231,84,1348,0.22935779816513763,0.09765625,0.136986301369863
LR_with_zip_recall_constraint,with_billing_zip,LogisticRegression_SMOTE,enterprise_value,18000.0,120.0,0.6,0.5,212280.0,22,211,87,1368,0.2018348623853211,0.0944206008583691,0.1286549707602339
LR_with_zip_recall_constraint,with_billing_zip,LogisticRegression_SMOTE,enterprise_value,18000.0,120.0,0.6,0.51,192600.0,20,195,89,1384,0.1834862385321101,0.09302325581395349,0.12345679012345678
LR_with_zip_recall_constraint,with_billing_zip,LogisticRegression_SMOTE,enterprise_value,18000.0,120.0,0.6,0.52,183720.0,19,179,90,1400,0.1743119266055046,0.09595959595959595,0.1237785016286645
LR_with_zip_recall_constraint,with_billing_zip,LogisticRegression_SMOTE,enterprise_value,18000.0,120.0,0.6,0.53,163320.0,17,169,92,1410,0.1559633027522936,0.0913978494623656,0.1152542372881356
LR_with_zip_recall_constraint,with_billing_zip,LogisticRegression_SMOTE,enterprise_value,18000.0,120.0,0.6,0.54,144240.0,15,148,94,1431,0.13761467889908258,0.09202453987730061,0.11029411764705882
LR_with_zip_recall_constraint,with_billing_zip,LogisticRegression_SMOTE,enterprise_value,18000.0,120.0,0.6,0.55,103440.0,11,128,98,1451,0.10091743119266056,0.07913669064748201,0.08870967741935484
LR_with_zip_recall_constraint,with_billing_zip,LogisticRegression_SMOTE,enterprise_value,18000.0,120.0,0.6,0.56,94320.0,10,114,99,1465,0.09174311926605505,0.08064516129032258,0.08583690987124463
LR_with_zip_recall_constraint,with_billing_zip,LogisticRegression_SMOTE,enterprise_value,18000.0,120.0,0.6,0.57,74040.0,8,103,101,1476,0.07339449541284404,0.07207207207207207,0.07272727272727272
LR_with_zip_recall_constraint,with_billing_zip,LogisticRegression_SMOTE,enterprise_value,18000.0,120.0,0.6,0.58,52800.0,6,100,103,1479,0.05504587155963303,0.05660377358490566,0.05581395348837209
LR_with_zip_recall_constraint,with_billing_zip,LogisticRegression_SMOTE,enterprise_value,18000.0,120.0,0.6,0.59,43320.0,5,89,104,1490,0.045871559633027525,0.05319148936170213,0.04926108374384237
LR_with_zip_recall_constraint,with_billing_zip,LogisticRegression_SMOTE,enterprise_value,18000.0,120.0,0.6,0.6,33600.0,4,80,105,1499,0.03669724770642202,0.047619047619047616,0.04145077720207254
LR_with_zip_recall_constraint,with_billing_zip,LogisticRegression_SMOTE,enterprise_value,18000.0,120.0,0.6,0.61,35160.0,4,67,105,1512,0.03669724770642202,0.056338028169014086,0.044444444444444446
LR_with_zip_recall_constraint,with_billing_zip,LogisticRegression_SMOTE,enterprise_value,18000.0,120.0,0.6,0.62,36360.0,4,57,105,1522,0.03669724770642202,0.06557377049180328,0.047058823529411764
LR_with_zip_recall_constraint,with_billing_zip,LogisticRegression_SMOTE,enterprise_value,18000.0,120.0,0.6,0.63,37560.0,4,47,105,1532,0.03669724770642202,0.0784313725490196,0.05
LR_with_zip_recall_constraint,with_billing_zip,LogisticRegression_SMOTE,enterprise_value,18000.0,120.0,0.6,0.64,38160.0,4,42,105,1537,0.03669724770642202,0.08695652173913043,0.05161290322580645
LR_with_zip_recall_constraint,with_billing_zip,LogisticRegression_SMOTE,enterprise_value,18000.0,120.0,0.6,0.65,38760.0,4,37,105,1542,0.03669724770642202,0.0975609756097561,0.05333333333333334
LR_with_zip_recall_constraint,with_billing_zip,LogisticRegression_SMOTE,enterprise_value,18000.0,120.0,0.6,0.66,28200.0,3,35,106,1544,0.027522935779816515,0.07894736842105263,0.04081632653061224
LR_with_zip_recall_constraint,with_billing_zip,LogisticRegression_SMOTE,enterprise_value,18000.0,120.0,0.6,0.67,17640.0,2,33,107,1546,0.01834862385321101,0.05714285714285714,0.027777777777777776
LR_with_zip_recall_constraint,with_billing_zip,LogisticRegression_SMOTE,enterprise_value,18000.0,120.0,0.6,0.68,6840.0,1,33,108,1546,0.009174311926605505,0.029411764705882353,0.013986013986013986
LR_with_zip_recall_constraint,with_billing_zip,LogisticRegression_SMOTE,enterprise_value,18000.0,120.0,0.6,0.69,7080.0,1,31,108,1548,0.009174311926605505,0.03125,0.014184397163120567
LR_with_zip_recall_constraint,with_billing_zip,LogisticRegression_SMOTE,enterprise_value,18000.0,120.0,0.6,0.7,7560.0,1,27,108,1552,0.009174311926605505,0.03571428571428571,0.014598540145985401
LR_with_zip_recall_constraint,with_billing_zip,LogisticRegression_SMOTE,enterprise_value,18000.0,120.0,0.6,0.71,7920.0,1,24,108,1555,0.009174311926605505,0.04,0.014925373134328358
LR_with_zip_recall_constraint,with_billing_zip,LogisticRegression_SMOTE,enterprise_value,18000.0,120.0,0.6,0.72,8280.0,1,21,108,1558,0.009174311926605505,0.045454545454545456,0.015267175572519083
LR_with_zip_recall_constraint,with_billing_zip,LogisticRegression_SMOTE,enterprise_value,18000.0,120.0,0.6,0.73,8520.0,1,19,108,1560,0.009174311926605505,0.05,0.015503875968992248
LR_with_zip_recall_constraint,with_billing_zip,LogisticRegression_SMOTE,enterprise_value,18000.0,120.0,0.6,0.74,8880.0,1,16,108,1563,0.009174311926605505,0.058823529411764705,0.015873015873015872
LR_with_zip_recall_constraint,with_billing_zip,LogisticRegression_SMOTE,enterprise_value,18000.0,120.0,0.6,0.75,9120.0,1,14,108,1565,0.009174311926605505,0.06666666666666667,0.016129032258064516
LR_with_zip_recall_constraint,with_billing_zip,LogisticRegression_SMOTE,enterprise_value,18000.0,120.0,0.6,0.76,9240.0,1,13,108,1566,0.009174311926605505,0.07142857142857142,0.016260162601626018
LR_with_zip_recall_constraint,with_billing_zip,LogisticRegression_SMOTE,enterprise_value,18000.0,120.0,0.6,0.77,9600.0,1,10,108,1569,0.009174311926605505,0.09090909090909091,0.016666666666666666
LR_with_zip_recall_constraint,with_billing_zip,LogisticRegression_SMOTE,enterprise_value,18000.0,120.0,0.6,0.78,9840.0,1,8,108,1571,0.009174311926605505,0.1111111111111111,0.01694915254237288
LR_with_zip_recall_constraint,with_billing_zip,LogisticRegression_SMOTE,enterprise_value,18000.0,120.0,0.6,0.79,9960.0,1,7,108,1572,0.009174311926605505,0.125,0.017094017094017096
LR_with_zip_recall_constraint,with_billing_zip,LogisticRegression_SMOTE,enterprise_value,18000.0,120.0,0.6,0.8,9960.0,1,7,108,1572,0.009174311926605505,0.125,0.017094017094017096
LR_with_zip_recall_constraint,with_billing_zip,LogisticRegression_SMOTE,enterprise_value,18000.0,120.0,0.6,0.81,-840.0,0,7,109,1572,0.0,0.0,0.0
LR_with_zip_recall_constraint,with_billing_zip,LogisticRegression_SMOTE,enterprise_value,18000.0,120.0,0.6,0.82,-720.0,0,6,109,1573,0.0,0.0,0.0
LR_with_zip_recall_constraint,with_billing_zip,LogisticRegression_SMOTE,enterprise_value,18000.0,120.0,0.6,0.83,-480.0,0,4,109,1575,0.0,0.0,0.0
LR_with_zip_recall_constraint,with_billing_zip,LogisticRegression_SMOTE,enterprise_value,18000.0,120.0,0.6,0.84,-480.0,0,4,109,1575,0.0,0.0,0.0
LR_with_zip_recall_constraint,with_billing_zip,LogisticRegression_SMOTE,enterprise_value,18000.0,120.0,0.6,0.85,-360.0,0,3,109,1576,0.0,0.0,0.0
LR_with_zip_recall_constraint,with_billing_zip,LogisticRegression_SMOTE,enterprise_value,18000.0,120.0,0.6,0.86,-360.0,0,3,109,1576,0.0,0.0,0.0
LR_with_zip_recall_constraint,with_billing_zip,LogisticRegression_SMOTE,enterprise_value,18000.0,120.0,0.6,0.87,-360.0,0,3,109,1576,0.0,0.0,0.0
LR_with_zip_recall_constraint,with_billing_zip,LogisticRegression_SMOTE,enterprise_value,18000.0,120.0,0.6,0.88,-360.0,0,3,109,1576,0.0,0.0,0.0
LR_with_zip_recall_constraint,with_billing_zip,LogisticRegression_SMOTE,enterprise_value,18000.0,120.0,0.6,0.89,-120.0,0,1,109,1578,0.0,0.0,0.0
LR_with_zip_recall_constraint,with_billing_zip,LogisticRegression_SMOTE,enterprise_value,18000.0,120.0,0.6,0.9,-120.0,0,1,109,1578,0.0,0.0,0.0
LR_with_zip_recall_constraint,with_billing_zip,LogisticRegression_SMOTE,enterprise_value,18000.0,120.0,0.6,0.91,-120.0,0,1,109,1578,0.0,0.0,0.0
LR_with_zip_recall_constraint,with_billing_zip,LogisticRegression_SMOTE,enterprise_value,18000.0,120.0,0.6,0.92,-120.0,0,1,109,1578,0.0,0.0,0.0
LR_with_zip_recall_constraint,with_billing_zip,LogisticRegression_SMOTE,enterprise_value,18000.0,120.0,0.6,0.93,-120.0,0,1,109,1578,0.0,0.0,0.0
LR_with_zip_recall_constraint,with_billing_zip,LogisticRegression_SMOTE,enterprise_value,18000.0,120.0,0.6,0.94,-120.0,0,1,109,1578,0.0,0.0,0.0
LR_with_zip_recall_constraint,with_billing_zip,LogisticRegression_SMOTE,enterprise_value,18000.0,120.0,0.6,0.95,-120.0,0,1,109,1578,0.0,0.0,0.0
LR_with_zip_recall_constraint,with_billing_zip,LogisticRegression_SMOTE,enterprise_value,18000.0,120.0,0.6,0.96,-120.0,0,1,109,1578,0.0,0.0,0.0
LR_with_zip_recall_constraint,with_billing_zip,LogisticRegression_SMOTE,enterprise_value,18000.0,120.0,0.6,0.97,-120.0,0,1,109,1578,0.0,0.0,0.0
LR_with_zip_recall_constraint,with_billing_zip,LogisticRegression_SMOTE,enterprise_value,18000.0,120.0,0.6,0.98,-120.0,0,1,109,1578,0.0,0.0,0.0
LR_with_zip_recall_constraint,with_billing_zip,LogisticRegression_SMOTE,enterprise_value,18000.0,120.0,0.6,0.99,-120.0,0,1,109,1578,0.0,0.0,0.0
BalancedBagging_with_zip,with_billing_zip,BalancedBagging_original,optimistic_low_campaign_cost,5400.0,30.0,0.6,0.01,305790.0,109,1579,0,0,1.0,0.06457345971563981,0.1213132999443517
BalancedBagging_with_zip,with_billing_zip,BalancedBagging_original,optimistic_low_campaign_cost,5400.0,30.0,0.6,0.02,305790.0,109,1579,0,0,1.0,0.06457345971563981,0.1213132999443517
BalancedBagging_with_zip,with_billing_zip,BalancedBagging_original,optimistic_low_campaign_cost,5400.0,30.0,0.6,0.03,305790.0,109,1579,0,0,1.0,0.06457345971563981,0.1213132999443517
BalancedBagging_with_zip,with_billing_zip,BalancedBagging_original,optimistic_low_campaign_cost,5400.0,30.0,0.6,0.04,305790.0,109,1579,0,0,1.0,0.06457345971563981,0.1213132999443517
BalancedBagging_with_zip,with_billing_zip,BalancedBagging_original,optimistic_low_campaign_cost,5400.0,30.0,0.6,0.05,305790.0,109,1579,0,0,1.0,0.06457345971563981,0.1213132999443517
BalancedBagging_with_zip,with_billing_zip,BalancedBagging_original,optimistic_low_campaign_cost,5400.0,30.0,0.6,0.06,305790.0,109,1579,0,0,1.0,0.06457345971563981,0.1213132999443517
BalancedBagging_with_zip,with_billing_zip,BalancedBagging_original,optimistic_low_campaign_cost,5400.0,30.0,0.6,0.07,305790.0,109,1579,0,0,1.0,0.06457345971563981,0.1213132999443517
BalancedBagging_with_zip,with_billing_zip,BalancedBagging_original,optimistic_low_campaign_cost,5400.0,30.0,0.6,0.08,305790.0,109,1579,0,0,1.0,0.06457345971563981,0.1213132999443517
BalancedBagging_with_zip,with_billing_zip,BalancedBagging_original,optimistic_low_campaign_cost,5400.0,30.0,0.6,0.09,305790.0,109,1579,0,0,1.0,0.06457345971563981,0.1213132999443517
BalancedBagging_with_zip,with_billing_zip,BalancedBagging_original,optimistic_low_campaign_cost,5400.0,30.0,0.6,0.1,305790.0,109,1579,0,0,1.0,0.06457345971563981,0.1213132999443517
BalancedBagging_with_zip,with_billing_zip,BalancedBagging_original,optimistic_low_campaign_cost,5400.0,30.0,0.6,0.11,305790.0,109,1579,0,0,1.0,0.06457345971563981,0.1213132999443517
BalancedBagging_with_zip,with_billing_zip,BalancedBagging_original,optimistic_low_campaign_cost,5400.0,30.0,0.6,0.12,305790.0,109,1579,0,0,1.0,0.06457345971563981,0.1213132999443517
BalancedBagging_with_zip,with_billing_zip,BalancedBagging_original,optimistic_low_campaign_cost,5400.0,30.0,0.6,0.13,305790.0,109,1579,0,0,1.0,0.06457345971563981,0.1213132999443517
BalancedBagging_with_zip,with_billing_zip,BalancedBagging_original,optimistic_low_campaign_cost,5400.0,30.0,0.6,0.14,305790.0,109,1579,0,0,1.0,0.06457345971563981,0.1213132999443517
BalancedBagging_with_zip,with_billing_zip,BalancedBagging_original,optimistic_low_campaign_cost,5400.0,30.0,0.6,0.15,305790.0,109,1579,0,0,1.0,0.06457345971563981,0.1213132999443517
BalancedBagging_with_zip,with_billing_zip,BalancedBagging_original,optimistic_low_campaign_cost,5400.0,30.0,0.6,0.16,305790.0,109,1579,0,0,1.0,0.06457345971563981,0.1213132999443517
BalancedBagging_with_zip,with_billing_zip,BalancedBagging_original,optimistic_low_campaign_cost,5400.0,30.0,0.6,0.17,305790.0,109,1579,0,0,1.0,0.06457345971563981,0.1213132999443517
BalancedBagging_with_zip,with_billing_zip,BalancedBagging_original,optimistic_low_campaign_cost,5400.0,30.0,0.6,0.18,305790.0,109,1579,0,0,1.0,0.06457345971563981,0.1213132999443517
BalancedBagging_with_zip,with_billing_zip,BalancedBagging_original,optimistic_low_campaign_cost,5400.0,30.0,0.6,0.19,305790.0,109,1579,0,0,1.0,0.06457345971563981,0.1213132999443517
BalancedBagging_with_zip,with_billing_zip,BalancedBagging_original,optimistic_low_campaign_cost,5400.0,30.0,0.6,0.2,305790.0,109,1579,0,0,1.0,0.06457345971563981,0.1213132999443517
BalancedBagging_with_zip,with_billing_zip,BalancedBagging_original,optimistic_low_campaign_cost,5400.0,30.0,0.6,0.21,305790.0,109,1579,0,0,1.0,0.06457345971563981,0.1213132999443517
BalancedBagging_with_zip,with_billing_zip,BalancedBagging_original,optimistic_low_campaign_cost,5400.0,30.0,0.6,0.22,305790.0,109,1579,0,0,1.0,0.06457345971563981,0.1213132999443517
BalancedBagging_with_zip,with_billing_zip,BalancedBagging_original,optimistic_low_campaign_cost,5400.0,30.0,0.6,0.23,305790.0,109,1579,0,0,1.0,0.06457345971563981,0.1213132999443517
BalancedBagging_with_zip,with_billing_zip,BalancedBagging_original,optimistic_low_campaign_cost,5400.0,30.0,0.6,0.24,305820.0,109,1578,0,1,1.0,0.06461173681090694,0.12138084632516703
BalancedBagging_with_zip,with_billing_zip,BalancedBagging_original,optimistic_low_campaign_cost,5400.0,30.0,0.6,0.25,305880.0,109,1576,0,3,1.0,0.06468842729970327,0.12151616499442586
BalancedBagging_with_zip,with_billing_zip,BalancedBagging_original,optimistic_low_campaign_cost,5400.0,30.0,0.6,0.26,305940.0,109,1574,0,5,1.0,0.0647653000594177,0.12165178571428571
BalancedBagging_with_zip,with_billing_zip,BalancedBagging_original,optimistic_low_campaign_cost,5400.0,30.0,0.6,0.27,306030.0,109,1571,0,8,1.0,0.06488095238095239,0.1218557853549469
BalancedBagging_with_zip,with_billing_zip,BalancedBagging_original,optimistic_low_campaign_cost,5400.0,30.0,0.6,0.28,306120.0,109,1568,0,11,1.0,0.06499701848539058,0.12206047032474804
BalancedBagging_with_zip,with_billing_zip,BalancedBagging_original,optimistic_low_campaign_cost,5400.0,30.0,0.6,0.29,306330.0,109,1561,0,18,1.0,0.06526946107784432,0.1225407532321529
BalancedBagging_with_zip,with_billing_zip,BalancedBagging_original,optimistic_low_campaign_cost,5400.0,30.0,0.6,0.3,293880.0,105,1544,4,35,0.963302752293578,0.06367495451788963,0.11945392491467577
BalancedBagging_with_zip,with_billing_zip,BalancedBagging_original,optimistic_low_campaign_cost,5400.0,30.0,0.6,0.31,294420.0,105,1526,4,53,0.963302752293578,0.06437768240343347,0.1206896551724138
BalancedBagging_with_zip,with_billing_zip,BalancedBagging_original,optimistic_low_campaign_cost,5400.0,30.0,0.6,0.32,295170.0,105,1501,4,78,0.963302752293578,0.06537982565379825,0.12244897959183673
BalancedBagging_with_zip,with_billing_zip,BalancedBagging_original,optimistic_low_campaign_cost,5400.0,30.0,0.6,0.33,289830.0,103,1463,6,116,0.944954128440367,0.06577266922094509,0.12298507462686567
BalancedBagging_with_zip,with_billing_zip,BalancedBagging_original,optimistic_low_campaign_cost,5400.0,30.0,0.6,0.34,278280.0,99,1416,10,163,0.908256880733945,0.06534653465346535,0.12192118226600986
BalancedBagging_with_zip,with_billing_zip,BalancedBagging_original,optimistic_low_campaign_cost,5400.0,30.0,0.6,0.35,270060.0,96,1366,13,213,0.8807339449541285,0.06566347469220246,0.12221514958625079
BalancedBagging_with_zip,with_billing_zip,BalancedBagging_original,optimistic_low_campaign_cost,5400.0,30.0,0.6,0.36,262290.0,93,1301,16,278,0.8532110091743119,0.0667144906743185,0.12375249500998003
BalancedBagging_with_zip,with_billing_zip,BalancedBagging_original,optimistic_low_campaign_cost,5400.0,30.0,0.6,0.37,254190.0,90,1247,19,332,0.8256880733944955,0.06731488406881077,0.12448132780082988
BalancedBagging_with_zip,with_billing_zip,BalancedBagging_original,optimistic_low_campaign_cost,5400.0,30.0,0.6,0.38,249510.0,88,1187,21,392,0.8073394495412844,0.06901960784313725,0.12716763005780346
BalancedBagging_with_zip,with_billing_zip,BalancedBagging_original,optimistic_low_campaign_cost,5400.0,30.0,0.6,0.39,241230.0,85,1139,24,440,0.7798165137614679,0.06944444444444445,0.1275318829707427
BalancedBagging_with_zip,with_billing_zip,BalancedBagging_original,optimistic_low_campaign_cost,5400.0,30.0,0.6,0.4,236280.0,83,1088,26,491,0.7614678899082569,0.07087959009393681,0.1296875
BalancedBagging_with_zip,with_billing_zip,BalancedBagging_original,optimistic_low_campaign_cost,5400.0,30.0,0.6,0.41,234630.0,82,1035,27,544,0.7522935779816514,0.07341092211280215,0.13376835236541598
BalancedBagging_with_zip,with_billing_zip,BalancedBagging_original,optimistic_low_campaign_cost,5400.0,30.0,0.6,0.42,229320.0,80,996,29,583,0.7339449541284404,0.07434944237918216,0.1350210970464135
BalancedBagging_with_zip,with_billing_zip,BalancedBagging_original,optimistic_low_campaign_cost,5400.0,30.0,0.6,0.43,217260.0,76,966,33,613,0.6972477064220184,0.07293666026871401,0.13205907906168549
BalancedBagging_with_zip,with_billing_zip,BalancedBagging_original,optimistic_low_campaign_cost,5400.0,30.0,0.6,0.44,215370.0,75,921,34,658,0.6880733944954128,0.07530120481927711,0.13574660633484162
BalancedBagging_with_zip,with_billing_zip,BalancedBagging_original,optimistic_low_campaign_cost,5400.0,30.0,0.6,0.45,206790.0,72,883,37,696,0.6605504587155964,0.07539267015706806,0.13533834586466165
BalancedBagging_with_zip,with_billing_zip,BalancedBagging_original,optimistic_low_campaign_cost,5400.0,30.0,0.6,0.46,207720.0,72,852,37,727,0.6605504587155964,0.07792207792207792,0.1393998063891578
BalancedBagging_with_zip,with_billing_zip,BalancedBagging_original,optimistic_low_campaign_cost,5400.0,30.0,0.6,0.47,198810.0,69,825,40,754,0.6330275229357798,0.07718120805369127,0.13758723828514458
BalancedBagging_with_zip,with_billing_zip,BalancedBagging_original,optimistic_low_campaign_cost,5400.0,30.0,0.6,0.48,190470.0,66,779,43,800,0.6055045871559633,0.07810650887573964,0.13836477987421383
BalancedBagging_with_zip,with_billing_zip,BalancedBagging_original,optimistic_low_campaign_cost,5400.0,30.0,0.6,0.49,185340.0,64,734,45,845,0.5871559633027523,0.08020050125313283,0.14112458654906285
BalancedBagging_with_zip,with_billing_zip,BalancedBagging_original,optimistic_low_campaign_cost,5400.0,30.0,0.6,0.5,187380.0,64,666,45,913,0.5871559633027523,0.08767123287671233,0.15256257449344457
BalancedBagging_with_zip,with_billing_zip,BalancedBagging_original,optimistic_low_campaign_cost,5400.0,30.0,0.6,0.51,179190.0,61,615,48,964,0.5596330275229358,0.09023668639053255,0.1554140127388535
BalancedBagging_with_zip,with_billing_zip,BalancedBagging_original,optimistic_low_campaign_cost,5400.0,30.0,0.6,0.52,139020.0,48,550,61,1029,0.44036697247706424,0.0802675585284281,0.13578500707213578
BalancedBagging_with_zip,with_billing_zip,BalancedBagging_original,optimistic_low_campaign_cost,5400.0,30.0,0.6,0.53,127470.0,44,503,65,1076,0.4036697247706422,0.08043875685557587,0.13414634146341464
BalancedBagging_with_zip,with_billing_zip,BalancedBagging_original,optimistic_low_campaign_cost,5400.0,30.0,0.6,0.54,119550.0,41,443,68,1136,0.3761467889908257,0.08471074380165289,0.13827993254637436
BalancedBagging_with_zip,with_billing_zip,BalancedBagging_original,optimistic_low_campaign_cost,5400.0,30.0,0.6,0.55,108690.0,37,373,72,1206,0.3394495412844037,0.09024390243902439,0.14258188824662812
BalancedBagging_with_zip,with_billing_zip,BalancedBagging_original,optimistic_low_campaign_cost,5400.0,30.0,0.6,0.56,94410.0,32,309,77,1270,0.29357798165137616,0.093841642228739,0.14222222222222222
BalancedBagging_with_zip,with_billing_zip,BalancedBagging_original,optimistic_low_campaign_cost,5400.0,30.0,0.6,0.57,63540.0,22,258,87,1321,0.2018348623853211,0.07857142857142857,0.11311053984575835
BalancedBagging_with_zip,with_billing_zip,BalancedBagging_original,optimistic_low_campaign_cost,5400.0,30.0,0.6,0.58,58260.0,20,218,89,1361,0.1834862385321101,0.08403361344537816,0.11527377521613832
BalancedBagging_with_zip,with_billing_zip,BalancedBagging_original,optimistic_low_campaign_cost,5400.0,30.0,0.6,0.59,46470.0,16,179,93,1400,0.14678899082568808,0.08205128205128205,0.10526315789473684
BalancedBagging_with_zip,with_billing_zip,BalancedBagging_original,optimistic_low_campaign_cost,5400.0,30.0,0.6,0.6,47670.0,16,139,93,1440,0.14678899082568808,0.1032258064516129,0.12121212121212122
BalancedBagging_with_zip,with_billing_zip,BalancedBagging_original,optimistic_low_campaign_cost,5400.0,30.0,0.6,0.61,42090.0,14,109,95,1470,0.12844036697247707,0.11382113821138211,0.1206896551724138
BalancedBagging_with_zip,with_billing_zip,BalancedBagging_original,optimistic_low_campaign_cost,5400.0,30.0,0.6,0.62,33090.0,11,85,98,1494,0.10091743119266056,0.11458333333333333,0.1073170731707317
BalancedBagging_with_zip,with_billing_zip,BalancedBagging_original,optimistic_low_campaign_cost,5400.0,30.0,0.6,0.63,17670.0,6,59,103,1520,0.05504587155963303,0.09230769230769231,0.06896551724137931
BalancedBagging_with_zip,with_billing_zip,BalancedBagging_original,optimistic_low_campaign_cost,5400.0,30.0,0.6,0.64,14910.0,5,43,104,1536,0.045871559633027525,0.10416666666666667,0.06369426751592357
BalancedBagging_with_zip,with_billing_zip,BalancedBagging_original,optimistic_low_campaign_cost,5400.0,30.0,0.6,0.65,12210.0,4,25,105,1554,0.03669724770642202,0.13793103448275862,0.057971014492753624
BalancedBagging_with_zip,with_billing_zip,BalancedBagging_original,optimistic_low_campaign_cost,5400.0,30.0,0.6,0.66,9210.0,3,17,106,1562,0.027522935779816515,0.15,0.046511627906976744
BalancedBagging_with_zip,with_billing_zip,BalancedBagging_original,optimistic_low_campaign_cost,5400.0,30.0,0.6,0.67,9330.0,3,13,106,1566,0.027522935779816515,0.1875,0.048
BalancedBagging_with_zip,with_billing_zip,BalancedBagging_original,optimistic_low_campaign_cost,5400.0,30.0,0.6,0.68,6120.0,2,12,107,1567,0.01834862385321101,0.14285714285714285,0.032520325203252036
BalancedBagging_with_zip,with_billing_zip,BalancedBagging_original,optimistic_low_campaign_cost,5400.0,30.0,0.6,0.69,3060.0,1,6,108,1573,0.009174311926605505,0.14285714285714285,0.017241379310344827
BalancedBagging_with_zip,with_billing_zip,BalancedBagging_original,optimistic_low_campaign_cost,5400.0,30.0,0.6,0.7,-120.0,0,4,109,1575,0.0,0.0,0.0
BalancedBagging_with_zip,with_billing_zip,BalancedBagging_original,optimistic_low_campaign_cost,5400.0,30.0,0.6,0.71,-90.0,0,3,109,1576,0.0,0.0,0.0
BalancedBagging_with_zip,with_billing_zip,BalancedBagging_original,optimistic_low_campaign_cost,5400.0,30.0,0.6,0.72,-60.0,0,2,109,1577,0.0,0.0,0.0
BalancedBagging_with_zip,with_billing_zip,BalancedBagging_original,optimistic_low_campaign_cost,5400.0,30.0,0.6,0.73,-30.0,0,1,109,1578,0.0,0.0,0.0
BalancedBagging_with_zip,with_billing_zip,BalancedBagging_original,optimistic_low_campaign_cost,5400.0,30.0,0.6,0.74,0.0,0,0,109,1579,0.0,0.0,0.0
BalancedBagging_with_zip,with_billing_zip,BalancedBagging_original,optimistic_low_campaign_cost,5400.0,30.0,0.6,0.75,0.0,0,0,109,1579,0.0,0.0,0.0
BalancedBagging_with_zip,with_billing_zip,BalancedBagging_original,optimistic_low_campaign_cost,5400.0,30.0,0.6,0.76,0.0,0,0,109,1579,0.0,0.0,0.0
BalancedBagging_with_zip,with_billing_zip,BalancedBagging_original,optimistic_low_campaign_cost,5400.0,30.0,0.6,0.77,0.0,0,0,109,1579,0.0,0.0,0.0
BalancedBagging_with_zip,with_billing_zip,BalancedBagging_original,optimistic_low_campaign_cost,5400.0,30.0,0.6,0.78,0.0,0,0,109,1579,0.0,0.0,0.0
BalancedBagging_with_zip,with_billing_zip,BalancedBagging_original,optimistic_low_campaign_cost,5400.0,30.0,0.6,0.79,0.0,0,0,109,1579,0.0,0.0,0.0
BalancedBagging_with_zip,with_billing_zip,BalancedBagging_original,optimistic_low_campaign_cost,5400.0,30.0,0.6,0.8,0.0,0,0,109,1579,0.0,0.0,0.0
BalancedBagging_with_zip,with_billing_zip,BalancedBagging_original,optimistic_low_campaign_cost,5400.0,30.0,0.6,0.81,0.0,0,0,109,1579,0.0,0.0,0.0
BalancedBagging_with_zip,with_billing_zip,BalancedBagging_original,optimistic_low_campaign_cost,5400.0,30.0,0.6,0.82,0.0,0,0,109,1579,0.0,0.0,0.0
BalancedBagging_with_zip,with_billing_zip,BalancedBagging_original,optimistic_low_campaign_cost,5400.0,30.0,0.6,0.83,0.0,0,0,109,1579,0.0,0.0,0.0
BalancedBagging_with_zip,with_billing_zip,BalancedBagging_original,optimistic_low_campaign_cost,5400.0,30.0,0.6,0.84,0.0,0,0,109,1579,0.0,0.0,0.0
BalancedBagging_with_zip,with_billing_zip,BalancedBagging_original,optimistic_low_campaign_cost,5400.0,30.0,0.6,0.85,0.0,0,0,109,1579,0.0,0.0,0.0
BalancedBagging_with_zip,with_billing_zip,BalancedBagging_original,optimistic_low_campaign_cost,5400.0,30.0,0.6,0.86,0.0,0,0,109,1579,0.0,0.0,0.0
BalancedBagging_with_zip,with_billing_zip,BalancedBagging_original,optimistic_low_campaign_cost,5400.0,30.0,0.6,0.87,0.0,0,0,109,1579,0.0,0.0,0.0
BalancedBagging_with_zip,with_billing_zip,BalancedBagging_original,optimistic_low_campaign_cost,5400.0,30.0,0.6,0.88,0.0,0,0,109,1579,0.0,0.0,0.0
BalancedBagging_with_zip,with_billing_zip,BalancedBagging_original,optimistic_low_campaign_cost,5400.0,30.0,0.6,0.89,0.0,0,0,109,1579,0.0,0.0,0.0
BalancedBagging_with_zip,with_billing_zip,BalancedBagging_original,optimistic_low_campaign_cost,5400.0,30.0,0.6,0.9,0.0,0,0,109,1579,0.0,0.0,0.0
BalancedBagging_with_zip,with_billing_zip,BalancedBagging_original,optimistic_low_campaign_cost,5400.0,30.0,0.6,0.91,0.0,0,0,109,1579,0.0,0.0,0.0
BalancedBagging_with_zip,with_billing_zip,BalancedBagging_original,optimistic_low_campaign_cost,5400.0,30.0,0.6,0.92,0.0,0,0,109,1579,0.0,0.0,0.0
BalancedBagging_with_zip,with_billing_zip,BalancedBagging_original,optimistic_low_campaign_cost,5400.0,30.0,0.6,0.93,0.0,0,0,109,1579,0.0,0.0,0.0
BalancedBagging_with_zip,with_billing_zip,BalancedBagging_original,optimistic_low_campaign_cost,5400.0,30.0,0.6,0.94,0.0,0,0,109,1579,0.0,0.0,0.0
BalancedBagging_with_zip,with_billing_zip,BalancedBagging_original,optimistic_low_campaign_cost,5400.0,30.0,0.6,0.95,0.0,0,0,109,1579,0.0,0.0,0.0
BalancedBagging_with_zip,with_billing_zip,BalancedBagging_original,optimistic_low_campaign_cost,5400.0,30.0,0.6,0.96,0.0,0,0,109,1579,0.0,0.0,0.0
BalancedBagging_with_zip,with_billing_zip,BalancedBagging_original,optimistic_low_campaign_cost,5400.0,30.0,0.6,0.97,0.0,0,0,109,1579,0.0,0.0,0.0
BalancedBagging_with_zip,with_billing_zip,BalancedBagging_original,optimistic_low_campaign_cost,5400.0,30.0,0.6,0.98,0.0,0,0,109,1579,0.0,0.0,0.0
BalancedBagging_with_zip,with_billing_zip,BalancedBagging_original,optimistic_low_campaign_cost,5400.0,30.0,0.6,0.99,0.0,0,0,109,1579,0.0,0.0,0.0
BalancedBagging_with_zip,with_billing_zip,BalancedBagging_original,paper_baseline,5400.0,120.0,0.6,0.01,163680.0,109,1579,0,0,1.0,0.06457345971563981,0.1213132999443517
BalancedBagging_with_zip,with_billing_zip,BalancedBagging_original,paper_baseline,5400.0,120.0,0.6,0.02,163680.0,109,1579,0,0,1.0,0.06457345971563981,0.1213132999443517
BalancedBagging_with_zip,with_billing_zip,BalancedBagging_original,paper_baseline,5400.0,120.0,0.6,0.03,163680.0,109,1579,0,0,1.0,0.06457345971563981,0.1213132999443517
BalancedBagging_with_zip,with_billing_zip,BalancedBagging_original,paper_baseline,5400.0,120.0,0.6,0.04,163680.0,109,1579,0,0,1.0,0.06457345971563981,0.1213132999443517
BalancedBagging_with_zip,with_billing_zip,BalancedBagging_original,paper_baseline,5400.0,120.0,0.6,0.05,163680.0,109,1579,0,0,1.0,0.06457345971563981,0.1213132999443517
BalancedBagging_with_zip,with_billing_zip,BalancedBagging_original,paper_baseline,5400.0,120.0,0.6,0.06,163680.0,109,1579,0,0,1.0,0.06457345971563981,0.1213132999443517
BalancedBagging_with_zip,with_billing_zip,BalancedBagging_original,paper_baseline,5400.0,120.0,0.6,0.07,163680.0,109,1579,0,0,1.0,0.06457345971563981,0.1213132999443517
BalancedBagging_with_zip,with_billing_zip,BalancedBagging_original,paper_baseline,5400.0,120.0,0.6,0.08,163680.0,109,1579,0,0,1.0,0.06457345971563981,0.1213132999443517
BalancedBagging_with_zip,with_billing_zip,BalancedBagging_original,paper_baseline,5400.0,120.0,0.6,0.09,163680.0,109,1579,0,0,1.0,0.06457345971563981,0.1213132999443517
BalancedBagging_with_zip,with_billing_zip,BalancedBagging_original,paper_baseline,5400.0,120.0,0.6,0.1,163680.0,109,1579,0,0,1.0,0.06457345971563981,0.1213132999443517
BalancedBagging_with_zip,with_billing_zip,BalancedBagging_original,paper_baseline,5400.0,120.0,0.6,0.11,163680.0,109,1579,0,0,1.0,0.06457345971563981,0.1213132999443517
BalancedBagging_with_zip,with_billing_zip,BalancedBagging_original,paper_baseline,5400.0,120.0,0.6,0.12,163680.0,109,1579,0,0,1.0,0.06457345971563981,0.1213132999443517
BalancedBagging_with_zip,with_billing_zip,BalancedBagging_original,paper_baseline,5400.0,120.0,0.6,0.13,163680.0,109,1579,0,0,1.0,0.06457345971563981,0.1213132999443517
BalancedBagging_with_zip,with_billing_zip,BalancedBagging_original,paper_baseline,5400.0,120.0,0.6,0.14,163680.0,109,1579,0,0,1.0,0.06457345971563981,0.1213132999443517
BalancedBagging_with_zip,with_billing_zip,BalancedBagging_original,paper_baseline,5400.0,120.0,0.6,0.15,163680.0,109,1579,0,0,1.0,0.06457345971563981,0.1213132999443517
BalancedBagging_with_zip,with_billing_zip,BalancedBagging_original,paper_baseline,5400.0,120.0,0.6,0.16,163680.0,109,1579,0,0,1.0,0.06457345971563981,0.1213132999443517
BalancedBagging_with_zip,with_billing_zip,BalancedBagging_original,paper_baseline,5400.0,120.0,0.6,0.17,163680.0,109,1579,0,0,1.0,0.06457345971563981,0.1213132999443517
BalancedBagging_with_zip,with_billing_zip,BalancedBagging_original,paper_baseline,5400.0,120.0,0.6,0.18,163680.0,109,1579,0,0,1.0,0.06457345971563981,0.1213132999443517
BalancedBagging_with_zip,with_billing_zip,BalancedBagging_original,paper_baseline,5400.0,120.0,0.6,0.19,163680.0,109,1579,0,0,1.0,0.06457345971563981,0.1213132999443517
BalancedBagging_with_zip,with_billing_zip,BalancedBagging_original,paper_baseline,5400.0,120.0,0.6,0.2,163680.0,109,1579,0,0,1.0,0.06457345971563981,0.1213132999443517
BalancedBagging_with_zip,with_billing_zip,BalancedBagging_original,paper_baseline,5400.0,120.0,0.6,0.21,163680.0,109,1579,0,0,1.0,0.06457345971563981,0.1213132999443517
BalancedBagging_with_zip,with_billing_zip,BalancedBagging_original,paper_baseline,5400.0,120.0,0.6,0.22,163680.0,109,1579,0,0,1.0,0.06457345971563981,0.1213132999443517
BalancedBagging_with_zip,with_billing_zip,BalancedBagging_original,paper_baseline,5400.0,120.0,0.6,0.23,163680.0,109,1579,0,0,1.0,0.06457345971563981,0.1213132999443517
BalancedBagging_with_zip,with_billing_zip,BalancedBagging_original,paper_baseline,5400.0,120.0,0.6,0.24,163800.0,109,1578,0,1,1.0,0.06461173681090694,0.12138084632516703
BalancedBagging_with_zip,with_billing_zip,BalancedBagging_original,paper_baseline,5400.0,120.0,0.6,0.25,164040.0,109,1576,0,3,1.0,0.06468842729970327,0.12151616499442586
BalancedBagging_with_zip,with_billing_zip,BalancedBagging_original,paper_baseline,5400.0,120.0,0.6,0.26,164280.0,109,1574,0,5,1.0,0.0647653000594177,0.12165178571428571
BalancedBagging_with_zip,with_billing_zip,BalancedBagging_original,paper_baseline,5400.0,120.0,0.6,0.27,164640.0,109,1571,0,8,1.0,0.06488095238095239,0.1218557853549469
BalancedBagging_with_zip,with_billing_zip,BalancedBagging_original,paper_baseline,5400.0,120.0,0.6,0.28,165000.0,109,1568,0,11,1.0,0.06499701848539058,0.12206047032474804
BalancedBagging_with_zip,with_billing_zip,BalancedBagging_original,paper_baseline,5400.0,120.0,0.6,0.29,165840.0,109,1561,0,18,1.0,0.06526946107784432,0.1225407532321529
BalancedBagging_with_zip,with_billing_zip,BalancedBagging_original,paper_baseline,5400.0,120.0,0.6,0.3,154920.0,105,1544,4,35,0.963302752293578,0.06367495451788963,0.11945392491467577
BalancedBagging_with_zip,with_billing_zip,BalancedBagging_original,paper_baseline,5400.0,120.0,0.6,0.31,157080.0,105,1526,4,53,0.963302752293578,0.06437768240343347,0.1206896551724138
BalancedBagging_with_zip,with_billing_zip,BalancedBagging_original,paper_baseline,5400.0,120.0,0.6,0.32,160080.0,105,1501,4,78,0.963302752293578,0.06537982565379825,0.12244897959183673
BalancedBagging_with_zip,with_billing_zip,BalancedBagging_original,paper_baseline,5400.0,120.0,0.6,0.33,158160.0,103,1463,6,116,0.944954128440367,0.06577266922094509,0.12298507462686567
BalancedBagging_with_zip,with_billing_zip,BalancedBagging_original,paper_baseline,5400.0,120.0,0.6,0.34,150840.0,99,1416,10,163,0.908256880733945,0.06534653465346535,0.12192118226600986
BalancedBagging_with_zip,with_billing_zip,BalancedBagging_original,paper_baseline,5400.0,120.0,0.6,0.35,147120.0,96,1366,13,213,0.8807339449541285,0.06566347469220246,0.12221514958625079
BalancedBagging_with_zip,with_billing_zip,BalancedBagging_original,paper_baseline,5400.0,120.0,0.6,0.36,145200.0,93,1301,16,278,0.8532110091743119,0.0667144906743185,0.12375249500998003
BalancedBagging_with_zip,with_billing_zip,BalancedBagging_original,paper_baseline,5400.0,120.0,0.6,0.37,141960.0,90,1247,19,332,0.8256880733944955,0.06731488406881077,0.12448132780082988
BalancedBagging_with_zip,with_billing_zip,BalancedBagging_original,paper_baseline,5400.0,120.0,0.6,0.38,142680.0,88,1187,21,392,0.8073394495412844,0.06901960784313725,0.12716763005780346
BalancedBagging_with_zip,with_billing_zip,BalancedBagging_original,paper_baseline,5400.0,120.0,0.6,0.39,138720.0,85,1139,24,440,0.7798165137614679,0.06944444444444445,0.1275318829707427
BalancedBagging_with_zip,with_billing_zip,BalancedBagging_original,paper_baseline,5400.0,120.0,0.6,0.4,138360.0,83,1088,26,491,0.7614678899082569,0.07087959009393681,0.1296875
BalancedBagging_with_zip,with_billing_zip,BalancedBagging_original,paper_baseline,5400.0,120.0,0.6,0.41,141480.0,82,1035,27,544,0.7522935779816514,0.07341092211280215,0.13376835236541598
BalancedBagging_with_zip,with_billing_zip,BalancedBagging_original,paper_baseline,5400.0,120.0,0.6,0.42,139680.0,80,996,29,583,0.7339449541284404,0.07434944237918216,0.1350210970464135
BalancedBagging_with_zip,with_billing_zip,BalancedBagging_original,paper_baseline,5400.0,120.0,0.6,0.43,130320.0,76,966,33,613,0.6972477064220184,0.07293666026871401,0.13205907906168549
BalancedBagging_with_zip,with_billing_zip,BalancedBagging_original,paper_baseline,5400.0,120.0,0.6,0.44,132480.0,75,921,34,658,0.6880733944954128,0.07530120481927711,0.13574660633484162
BalancedBagging_with_zip,with_billing_zip,BalancedBagging_original,paper_baseline,5400.0,120.0,0.6,0.45,127320.0,72,883,37,696,0.6605504587155964,0.07539267015706806,0.13533834586466165
BalancedBagging_with_zip,with_billing_zip,BalancedBagging_original,paper_baseline,5400.0,120.0,0.6,0.46,131040.0,72,852,37,727,0.6605504587155964,0.07792207792207792,0.1393998063891578
BalancedBagging_with_zip,with_billing_zip,BalancedBagging_original,paper_baseline,5400.0,120.0,0.6,0.47,124560.0,69,825,40,754,0.6330275229357798,0.07718120805369127,0.13758723828514458
BalancedBagging_with_zip,with_billing_zip,BalancedBagging_original,paper_baseline,5400.0,120.0,0.6,0.48,120360.0,66,779,43,800,0.6055045871559633,0.07810650887573964,0.13836477987421383
BalancedBagging_with_zip,with_billing_zip,BalancedBagging_original,paper_baseline,5400.0,120.0,0.6,0.49,119280.0,64,734,45,845,0.5871559633027523,0.08020050125313283,0.14112458654906285
BalancedBagging_with_zip,with_billing_zip,BalancedBagging_original,paper_baseline,5400.0,120.0,0.6,0.5,127440.0,64,666,45,913,0.5871559633027523,0.08767123287671233,0.15256257449344457
BalancedBagging_with_zip,with_billing_zip,BalancedBagging_original,paper_baseline,5400.0,120.0,0.6,0.51,123840.0,61,615,48,964,0.5596330275229358,0.09023668639053255,0.1554140127388535
BalancedBagging_with_zip,with_billing_zip,BalancedBagging_original,paper_baseline,5400.0,120.0,0.6,0.52,89520.0,48,550,61,1029,0.44036697247706424,0.0802675585284281,0.13578500707213578
BalancedBagging_with_zip,with_billing_zip,BalancedBagging_original,paper_baseline,5400.0,120.0,0.6,0.53,82200.0,44,503,65,1076,0.4036697247706422,0.08043875685557587,0.13414634146341464
BalancedBagging_with_zip,with_billing_zip,BalancedBagging_original,paper_baseline,5400.0,120.0,0.6,0.54,79680.0,41,443,68,1136,0.3761467889908257,0.08471074380165289,0.13827993254637436
BalancedBagging_with_zip,with_billing_zip,BalancedBagging_original,paper_baseline,5400.0,120.0,0.6,0.55,75120.0,37,373,72,1206,0.3394495412844037,0.09024390243902439,0.14258188824662812
BalancedBagging_with_zip,with_billing_zip,BalancedBagging_original,paper_baseline,5400.0,120.0,0.6,0.56,66600.0,32,309,77,1270,0.29357798165137616,0.093841642228739,0.14222222222222222
BalancedBagging_with_zip,with_billing_zip,BalancedBagging_original,paper_baseline,5400.0,120.0,0.6,0.57,40320.0,22,258,87,1321,0.2018348623853211,0.07857142857142857,0.11311053984575835
BalancedBagging_with_zip,with_billing_zip,BalancedBagging_original,paper_baseline,5400.0,120.0,0.6,0.58,38640.0,20,218,89,1361,0.1834862385321101,0.08403361344537816,0.11527377521613832
BalancedBagging_with_zip,with_billing_zip,BalancedBagging_original,paper_baseline,5400.0,120.0,0.6,0.59,30360.0,16,179,93,1400,0.14678899082568808,0.08205128205128205,0.10526315789473684
BalancedBagging_with_zip,with_billing_zip,BalancedBagging_original,paper_baseline,5400.0,120.0,0.6,0.6,35160.0,16,139,93,1440,0.14678899082568808,0.1032258064516129,0.12121212121212122
BalancedBagging_with_zip,with_billing_zip,BalancedBagging_original,paper_baseline,5400.0,120.0,0.6,0.61,32280.0,14,109,95,1470,0.12844036697247707,0.11382113821138211,0.1206896551724138
BalancedBagging_with_zip,with_billing_zip,BalancedBagging_original,paper_baseline,5400.0,120.0,0.6,0.62,25440.0,11,85,98,1494,0.10091743119266056,0.11458333333333333,0.1073170731707317
BalancedBagging_with_zip,with_billing_zip,BalancedBagging_original,paper_baseline,5400.0,120.0,0.6,0.63,12360.0,6,59,103,1520,0.05504587155963303,0.09230769230769231,0.06896551724137931
BalancedBagging_with_zip,with_billing_zip,BalancedBagging_original,paper_baseline,5400.0,120.0,0.6,0.64,11040.0,5,43,104,1536,0.045871559633027525,0.10416666666666667,0.06369426751592357
BalancedBagging_with_zip,with_billing_zip,BalancedBagging_original,paper_baseline,5400.0,120.0,0.6,0.65,9960.0,4,25,105,1554,0.03669724770642202,0.13793103448275862,0.057971014492753624
BalancedBagging_with_zip,with_billing_zip,BalancedBagging_original,paper_baseline,5400.0,120.0,0.6,0.66,7680.0,3,17,106,1562,0.027522935779816515,0.15,0.046511627906976744
BalancedBagging_with_zip,with_billing_zip,BalancedBagging_original,paper_baseline,5400.0,120.0,0.6,0.67,8160.0,3,13,106,1566,0.027522935779816515,0.1875,0.048
BalancedBagging_with_zip,with_billing_zip,BalancedBagging_original,paper_baseline,5400.0,120.0,0.6,0.68,5040.0,2,12,107,1567,0.01834862385321101,0.14285714285714285,0.032520325203252036
BalancedBagging_with_zip,with_billing_zip,BalancedBagging_original,paper_baseline,5400.0,120.0,0.6,0.69,2520.0,1,6,108,1573,0.009174311926605505,0.14285714285714285,0.017241379310344827
BalancedBagging_with_zip,with_billing_zip,BalancedBagging_original,paper_baseline,5400.0,120.0,0.6,0.7,-480.0,0,4,109,1575,0.0,0.0,0.0
BalancedBagging_with_zip,with_billing_zip,BalancedBagging_original,paper_baseline,5400.0,120.0,0.6,0.71,-360.0,0,3,109,1576,0.0,0.0,0.0
BalancedBagging_with_zip,with_billing_zip,BalancedBagging_original,paper_baseline,5400.0,120.0,0.6,0.72,-240.0,0,2,109,1577,0.0,0.0,0.0
BalancedBagging_with_zip,with_billing_zip,BalancedBagging_original,paper_baseline,5400.0,120.0,0.6,0.73,-120.0,0,1,109,1578,0.0,0.0,0.0
BalancedBagging_with_zip,with_billing_zip,BalancedBagging_original,paper_baseline,5400.0,120.0,0.6,0.74,0.0,0,0,109,1579,0.0,0.0,0.0
BalancedBagging_with_zip,with_billing_zip,BalancedBagging_original,paper_baseline,5400.0,120.0,0.6,0.75,0.0,0,0,109,1579,0.0,0.0,0.0
BalancedBagging_with_zip,with_billing_zip,BalancedBagging_original,paper_baseline,5400.0,120.0,0.6,0.76,0.0,0,0,109,1579,0.0,0.0,0.0
BalancedBagging_with_zip,with_billing_zip,BalancedBagging_original,paper_baseline,5400.0,120.0,0.6,0.77,0.0,0,0,109,1579,0.0,0.0,0.0
BalancedBagging_with_zip,with_billing_zip,BalancedBagging_original,paper_baseline,5400.0,120.0,0.6,0.78,0.0,0,0,109,1579,0.0,0.0,0.0
BalancedBagging_with_zip,with_billing_zip,BalancedBagging_original,paper_baseline,5400.0,120.0,0.6,0.79,0.0,0,0,109,1579,0.0,0.0,0.0
BalancedBagging_with_zip,with_billing_zip,BalancedBagging_original,paper_baseline,5400.0,120.0,0.6,0.8,0.0,0,0,109,1579,0.0,0.0,0.0
BalancedBagging_with_zip,with_billing_zip,BalancedBagging_original,paper_baseline,5400.0,120.0,0.6,0.81,0.0,0,0,109,1579,0.0,0.0,0.0
BalancedBagging_with_zip,with_billing_zip,BalancedBagging_original,paper_baseline,5400.0,120.0,0.6,0.82,0.0,0,0,109,1579,0.0,0.0,0.0
BalancedBagging_with_zip,with_billing_zip,BalancedBagging_original,paper_baseline,5400.0,120.0,0.6,0.83,0.0,0,0,109,1579,0.0,0.0,0.0
BalancedBagging_with_zip,with_billing_zip,BalancedBagging_original,paper_baseline,5400.0,120.0,0.6,0.84,0.0,0,0,109,1579,0.0,0.0,0.0
BalancedBagging_with_zip,with_billing_zip,BalancedBagging_original,paper_baseline,5400.0,120.0,0.6,0.85,0.0,0,0,109,1579,0.0,0.0,0.0
BalancedBagging_with_zip,with_billing_zip,BalancedBagging_original,paper_baseline,5400.0,120.0,0.6,0.86,0.0,0,0,109,1579,0.0,0.0,0.0
BalancedBagging_with_zip,with_billing_zip,BalancedBagging_original,paper_baseline,5400.0,120.0,0.6,0.87,0.0,0,0,109,1579,0.0,0.0,0.0
BalancedBagging_with_zip,with_billing_zip,BalancedBagging_original,paper_baseline,5400.0,120.0,0.6,0.88,0.0,0,0,109,1579,0.0,0.0,0.0
BalancedBagging_with_zip,with_billing_zip,BalancedBagging_original,paper_baseline,5400.0,120.0,0.6,0.89,0.0,0,0,109,1579,0.0,0.0,0.0
BalancedBagging_with_zip,with_billing_zip,BalancedBagging_original,paper_baseline,5400.0,120.0,0.6,0.9,0.0,0,0,109,1579,0.0,0.0,0.0
BalancedBagging_with_zip,with_billing_zip,BalancedBagging_original,paper_baseline,5400.0,120.0,0.6,0.91,0.0,0,0,109,1579,0.0,0.0,0.0
BalancedBagging_with_zip,with_billing_zip,BalancedBagging_original,paper_baseline,5400.0,120.0,0.6,0.92,0.0,0,0,109,1579,0.0,0.0,0.0
BalancedBagging_with_zip,with_billing_zip,BalancedBagging_original,paper_baseline,5400.0,120.0,0.6,0.93,0.0,0,0,109,1579,0.0,0.0,0.0
BalancedBagging_with_zip,with_billing_zip,BalancedBagging_original,paper_baseline,5400.0,120.0,0.6,0.94,0.0,0,0,109,1579,0.0,0.0,0.0
BalancedBagging_with_zip,with_billing_zip,BalancedBagging_original,paper_baseline,5400.0,120.0,0.6,0.95,0.0,0,0,109,1579,0.0,0.0,0.0
BalancedBagging_with_zip,with_billing_zip,BalancedBagging_original,paper_baseline,5400.0,120.0,0.6,0.96,0.0,0,0,109,1579,0.0,0.0,0.0
BalancedBagging_with_zip,with_billing_zip,BalancedBagging_original,paper_baseline,5400.0,120.0,0.6,0.97,0.0,0,0,109,1579,0.0,0.0,0.0
BalancedBagging_with_zip,with_billing_zip,BalancedBagging_original,paper_baseline,5400.0,120.0,0.6,0.98,0.0,0,0,109,1579,0.0,0.0,0.0
BalancedBagging_with_zip,with_billing_zip,BalancedBagging_original,paper_baseline,5400.0,120.0,0.6,0.99,0.0,0,0,109,1579,0.0,0.0,0.0
BalancedBagging_with_zip,with_billing_zip,BalancedBagging_original,conservative_campaign_cost,5400.0,360.0,0.6,0.01,-215280.0,109,1579,0,0,1.0,0.06457345971563981,0.1213132999443517
BalancedBagging_with_zip,with_billing_zip,BalancedBagging_original,conservative_campaign_cost,5400.0,360.0,0.6,0.02,-215280.0,109,1579,0,0,1.0,0.06457345971563981,0.1213132999443517
BalancedBagging_with_zip,with_billing_zip,BalancedBagging_original,conservative_campaign_cost,5400.0,360.0,0.6,0.03,-215280.0,109,1579,0,0,1.0,0.06457345971563981,0.1213132999443517
BalancedBagging_with_zip,with_billing_zip,BalancedBagging_original,conservative_campaign_cost,5400.0,360.0,0.6,0.04,-215280.0,109,1579,0,0,1.0,0.06457345971563981,0.1213132999443517
BalancedBagging_with_zip,with_billing_zip,BalancedBagging_original,conservative_campaign_cost,5400.0,360.0,0.6,0.05,-215280.0,109,1579,0,0,1.0,0.06457345971563981,0.1213132999443517
BalancedBagging_with_zip,with_billing_zip,BalancedBagging_original,conservative_campaign_cost,5400.0,360.0,0.6,0.06,-215280.0,109,1579,0,0,1.0,0.06457345971563981,0.1213132999443517
BalancedBagging_with_zip,with_billing_zip,BalancedBagging_original,conservative_campaign_cost,5400.0,360.0,0.6,0.07,-215280.0,109,1579,0,0,1.0,0.06457345971563981,0.1213132999443517
BalancedBagging_with_zip,with_billing_zip,BalancedBagging_original,conservative_campaign_cost,5400.0,360.0,0.6,0.08,-215280.0,109,1579,0,0,1.0,0.06457345971563981,0.1213132999443517
BalancedBagging_with_zip,with_billing_zip,BalancedBagging_original,conservative_campaign_cost,5400.0,360.0,0.6,0.09,-215280.0,109,1579,0,0,1.0,0.06457345971563981,0.1213132999443517
BalancedBagging_with_zip,with_billing_zip,BalancedBagging_original,conservative_campaign_cost,5400.0,360.0,0.6,0.1,-215280.0,109,1579,0,0,1.0,0.06457345971563981,0.1213132999443517
BalancedBagging_with_zip,with_billing_zip,BalancedBagging_original,conservative_campaign_cost,5400.0,360.0,0.6,0.11,-215280.0,109,1579,0,0,1.0,0.06457345971563981,0.1213132999443517
BalancedBagging_with_zip,with_billing_zip,BalancedBagging_original,conservative_campaign_cost,5400.0,360.0,0.6,0.12,-215280.0,109,1579,0,0,1.0,0.06457345971563981,0.1213132999443517
BalancedBagging_with_zip,with_billing_zip,BalancedBagging_original,conservative_campaign_cost,5400.0,360.0,0.6,0.13,-215280.0,109,1579,0,0,1.0,0.06457345971563981,0.1213132999443517
BalancedBagging_with_zip,with_billing_zip,BalancedBagging_original,conservative_campaign_cost,5400.0,360.0,0.6,0.14,-215280.0,109,1579,0,0,1.0,0.06457345971563981,0.1213132999443517
BalancedBagging_with_zip,with_billing_zip,BalancedBagging_original,conservative_campaign_cost,5400.0,360.0,0.6,0.15,-215280.0,109,1579,0,0,1.0,0.06457345971563981,0.1213132999443517
BalancedBagging_with_zip,with_billing_zip,BalancedBagging_original,conservative_campaign_cost,5400.0,360.0,0.6,0.16,-215280.0,109,1579,0,0,1.0,0.06457345971563981,0.1213132999443517
BalancedBagging_with_zip,with_billing_zip,BalancedBagging_original,conservative_campaign_cost,5400.0,360.0,0.6,0.17,-215280.0,109,1579,0,0,1.0,0.06457345971563981,0.1213132999443517
BalancedBagging_with_zip,with_billing_zip,BalancedBagging_original,conservative_campaign_cost,5400.0,360.0,0.6,0.18,-215280.0,109,1579,0,0,1.0,0.06457345971563981,0.1213132999443517
BalancedBagging_with_zip,with_billing_zip,BalancedBagging_original,conservative_campaign_cost,5400.0,360.0,0.6,0.19,-215280.0,109,1579,0,0,1.0,0.06457345971563981,0.1213132999443517
BalancedBagging_with_zip,with_billing_zip,BalancedBagging_original,conservative_campaign_cost,5400.0,360.0,0.6,0.2,-215280.0,109,1579,0,0,1.0,0.06457345971563981,0.1213132999443517
BalancedBagging_with_zip,with_billing_zip,BalancedBagging_original,conservative_campaign_cost,5400.0,360.0,0.6,0.21,-215280.0,109,1579,0,0,1.0,0.06457345971563981,0.1213132999443517
BalancedBagging_with_zip,with_billing_zip,BalancedBagging_original,conservative_campaign_cost,5400.0,360.0,0.6,0.22,-215280.0,109,1579,0,0,1.0,0.06457345971563981,0.1213132999443517
BalancedBagging_with_zip,with_billing_zip,BalancedBagging_original,conservative_campaign_cost,5400.0,360.0,0.6,0.23,-215280.0,109,1579,0,0,1.0,0.06457345971563981,0.1213132999443517
BalancedBagging_with_zip,with_billing_zip,BalancedBagging_original,conservative_campaign_cost,5400.0,360.0,0.6,0.24,-214920.0,109,1578,0,1,1.0,0.06461173681090694,0.12138084632516703
BalancedBagging_with_zip,with_billing_zip,BalancedBagging_original,conservative_campaign_cost,5400.0,360.0,0.6,0.25,-214200.0,109,1576,0,3,1.0,0.06468842729970327,0.12151616499442586
BalancedBagging_with_zip,with_billing_zip,BalancedBagging_original,conservative_campaign_cost,5400.0,360.0,0.6,0.26,-213480.0,109,1574,0,5,1.0,0.0647653000594177,0.12165178571428571
BalancedBagging_with_zip,with_billing_zip,BalancedBagging_original,conservative_campaign_cost,5400.0,360.0,0.6,0.27,-212400.0,109,1571,0,8,1.0,0.06488095238095239,0.1218557853549469
BalancedBagging_with_zip,with_billing_zip,BalancedBagging_original,conservative_campaign_cost,5400.0,360.0,0.6,0.28,-211320.0,109,1568,0,11,1.0,0.06499701848539058,0.12206047032474804
BalancedBagging_with_zip,with_billing_zip,BalancedBagging_original,conservative_campaign_cost,5400.0,360.0,0.6,0.29,-208800.0,109,1561,0,18,1.0,0.06526946107784432,0.1225407532321529
BalancedBagging_with_zip,with_billing_zip,BalancedBagging_original,conservative_campaign_cost,5400.0,360.0,0.6,0.3,-215640.0,105,1544,4,35,0.963302752293578,0.06367495451788963,0.11945392491467577
BalancedBagging_with_zip,with_billing_zip,BalancedBagging_original,conservative_campaign_cost,5400.0,360.0,0.6,0.31,-209160.0,105,1526,4,53,0.963302752293578,0.06437768240343347,0.1206896551724138
BalancedBagging_with_zip,with_billing_zip,BalancedBagging_original,conservative_campaign_cost,5400.0,360.0,0.6,0.32,-200160.0,105,1501,4,78,0.963302752293578,0.06537982565379825,0.12244897959183673
BalancedBagging_with_zip,with_billing_zip,BalancedBagging_original,conservative_campaign_cost,5400.0,360.0,0.6,0.33,-192960.0,103,1463,6,116,0.944954128440367,0.06577266922094509,0.12298507462686567
BalancedBagging_with_zip,with_billing_zip,BalancedBagging_original,conservative_campaign_cost,5400.0,360.0,0.6,0.34,-189000.0,99,1416,10,163,0.908256880733945,0.06534653465346535,0.12192118226600986
BalancedBagging_with_zip,with_billing_zip,BalancedBagging_original,conservative_campaign_cost,5400.0,360.0,0.6,0.35,-180720.0,96,1366,13,213,0.8807339449541285,0.06566347469220246,0.12221514958625079
BalancedBagging_with_zip,with_billing_zip,BalancedBagging_original,conservative_campaign_cost,5400.0,360.0,0.6,0.36,-167040.0,93,1301,16,278,0.8532110091743119,0.0667144906743185,0.12375249500998003
BalancedBagging_with_zip,with_billing_zip,BalancedBagging_original,conservative_campaign_cost,5400.0,360.0,0.6,0.37,-157320.0,90,1247,19,332,0.8256880733944955,0.06731488406881077,0.12448132780082988
BalancedBagging_with_zip,with_billing_zip,BalancedBagging_original,conservative_campaign_cost,5400.0,360.0,0.6,0.38,-142200.0,88,1187,21,392,0.8073394495412844,0.06901960784313725,0.12716763005780346
BalancedBagging_with_zip,with_billing_zip,BalancedBagging_original,conservative_campaign_cost,5400.0,360.0,0.6,0.39,-134640.0,85,1139,24,440,0.7798165137614679,0.06944444444444445,0.1275318829707427
BalancedBagging_with_zip,with_billing_zip,BalancedBagging_original,conservative_campaign_cost,5400.0,360.0,0.6,0.4,-122760.0,83,1088,26,491,0.7614678899082569,0.07087959009393681,0.1296875
BalancedBagging_with_zip,with_billing_zip,BalancedBagging_original,conservative_campaign_cost,5400.0,360.0,0.6,0.41,-106920.0,82,1035,27,544,0.7522935779816514,0.07341092211280215,0.13376835236541598
BalancedBagging_with_zip,with_billing_zip,BalancedBagging_original,conservative_campaign_cost,5400.0,360.0,0.6,0.42,-99360.0,80,996,29,583,0.7339449541284404,0.07434944237918216,0.1350210970464135
BalancedBagging_with_zip,with_billing_zip,BalancedBagging_original,conservative_campaign_cost,5400.0,360.0,0.6,0.43,-101520.0,76,966,33,613,0.6972477064220184,0.07293666026871401,0.13205907906168549
BalancedBagging_with_zip,with_billing_zip,BalancedBagging_original,conservative_campaign_cost,5400.0,360.0,0.6,0.44,-88560.0,75,921,34,658,0.6880733944954128,0.07530120481927711,0.13574660633484162
BalancedBagging_with_zip,with_billing_zip,BalancedBagging_original,conservative_campaign_cost,5400.0,360.0,0.6,0.45,-84600.0,72,883,37,696,0.6605504587155964,0.07539267015706806,0.13533834586466165
BalancedBagging_with_zip,with_billing_zip,BalancedBagging_original,conservative_campaign_cost,5400.0,360.0,0.6,0.46,-73440.0,72,852,37,727,0.6605504587155964,0.07792207792207792,0.1393998063891578
BalancedBagging_with_zip,with_billing_zip,BalancedBagging_original,conservative_campaign_cost,5400.0,360.0,0.6,0.47,-73440.0,69,825,40,754,0.6330275229357798,0.07718120805369127,0.13758723828514458
BalancedBagging_with_zip,with_billing_zip,BalancedBagging_original,conservative_campaign_cost,5400.0,360.0,0.6,0.48,-66600.0,66,779,43,800,0.6055045871559633,0.07810650887573964,0.13836477987421383
BalancedBagging_with_zip,with_billing_zip,BalancedBagging_original,conservative_campaign_cost,5400.0,360.0,0.6,0.49,-56880.0,64,734,45,845,0.5871559633027523,0.08020050125313283,0.14112458654906285
BalancedBagging_with_zip,with_billing_zip,BalancedBagging_original,conservative_campaign_cost,5400.0,360.0,0.6,0.5,-32400.0,64,666,45,913,0.5871559633027523,0.08767123287671233,0.15256257449344457
BalancedBagging_with_zip,with_billing_zip,BalancedBagging_original,conservative_campaign_cost,5400.0,360.0,0.6,0.51,-23760.0,61,615,48,964,0.5596330275229358,0.09023668639053255,0.1554140127388535
BalancedBagging_with_zip,with_billing_zip,BalancedBagging_original,conservative_campaign_cost,5400.0,360.0,0.6,0.52,-42480.0,48,550,61,1029,0.44036697247706424,0.0802675585284281,0.13578500707213578
BalancedBagging_with_zip,with_billing_zip,BalancedBagging_original,conservative_campaign_cost,5400.0,360.0,0.6,0.53,-38520.0,44,503,65,1076,0.4036697247706422,0.08043875685557587,0.13414634146341464
BalancedBagging_with_zip,with_billing_zip,BalancedBagging_original,conservative_campaign_cost,5400.0,360.0,0.6,0.54,-26640.0,41,443,68,1136,0.3761467889908257,0.08471074380165289,0.13827993254637436
BalancedBagging_with_zip,with_billing_zip,BalancedBagging_original,conservative_campaign_cost,5400.0,360.0,0.6,0.55,-14400.0,37,373,72,1206,0.3394495412844037,0.09024390243902439,0.14258188824662812
BalancedBagging_with_zip,with_billing_zip,BalancedBagging_original,conservative_campaign_cost,5400.0,360.0,0.6,0.56,-7560.0,32,309,77,1270,0.29357798165137616,0.093841642228739,0.14222222222222222
BalancedBagging_with_zip,with_billing_zip,BalancedBagging_original,conservative_campaign_cost,5400.0,360.0,0.6,0.57,-21600.0,22,258,87,1321,0.2018348623853211,0.07857142857142857,0.11311053984575835
BalancedBagging_with_zip,with_billing_zip,BalancedBagging_original,conservative_campaign_cost,5400.0,360.0,0.6,0.58,-13680.0,20,218,89,1361,0.1834862385321101,0.08403361344537816,0.11527377521613832
BalancedBagging_with_zip,with_billing_zip,BalancedBagging_original,conservative_campaign_cost,5400.0,360.0,0.6,0.59,-12600.0,16,179,93,1400,0.14678899082568808,0.08205128205128205,0.10526315789473684
BalancedBagging_with_zip,with_billing_zip,BalancedBagging_original,conservative_campaign_cost,5400.0,360.0,0.6,0.6,1800.0,16,139,93,1440,0.14678899082568808,0.1032258064516129,0.12121212121212122
BalancedBagging_with_zip,with_billing_zip,BalancedBagging_original,conservative_campaign_cost,5400.0,360.0,0.6,0.61,6120.0,14,109,95,1470,0.12844036697247707,0.11382113821138211,0.1206896551724138
BalancedBagging_with_zip,with_billing_zip,BalancedBagging_original,conservative_campaign_cost,5400.0,360.0,0.6,0.62,5040.0,11,85,98,1494,0.10091743119266056,0.11458333333333333,0.1073170731707317
BalancedBagging_with_zip,with_billing_zip,BalancedBagging_original,conservative_campaign_cost,5400.0,360.0,0.6,0.63,-1800.0,6,59,103,1520,0.05504587155963303,0.09230769230769231,0.06896551724137931
BalancedBagging_with_zip,with_billing_zip,BalancedBagging_original,conservative_campaign_cost,5400.0,360.0,0.6,0.64,720.0,5,43,104,1536,0.045871559633027525,0.10416666666666667,0.06369426751592357
BalancedBagging_with_zip,with_billing_zip,BalancedBagging_original,conservative_campaign_cost,5400.0,360.0,0.6,0.65,3960.0,4,25,105,1554,0.03669724770642202,0.13793103448275862,0.057971014492753624
BalancedBagging_with_zip,with_billing_zip,BalancedBagging_original,conservative_campaign_cost,5400.0,360.0,0.6,0.66,3600.0,3,17,106,1562,0.027522935779816515,0.15,0.046511627906976744
BalancedBagging_with_zip,with_billing_zip,BalancedBagging_original,conservative_campaign_cost,5400.0,360.0,0.6,0.67,5040.0,3,13,106,1566,0.027522935779816515,0.1875,0.048
BalancedBagging_with_zip,with_billing_zip,BalancedBagging_original,conservative_campaign_cost,5400.0,360.0,0.6,0.68,2160.0,2,12,107,1567,0.01834862385321101,0.14285714285714285,0.032520325203252036
BalancedBagging_with_zip,with_billing_zip,BalancedBagging_original,conservative_campaign_cost,5400.0,360.0,0.6,0.69,1080.0,1,6,108,1573,0.009174311926605505,0.14285714285714285,0.017241379310344827
BalancedBagging_with_zip,with_billing_zip,BalancedBagging_original,conservative_campaign_cost,5400.0,360.0,0.6,0.7,-1440.0,0,4,109,1575,0.0,0.0,0.0
BalancedBagging_with_zip,with_billing_zip,BalancedBagging_original,conservative_campaign_cost,5400.0,360.0,0.6,0.71,-1080.0,0,3,109,1576,0.0,0.0,0.0
BalancedBagging_with_zip,with_billing_zip,BalancedBagging_original,conservative_campaign_cost,5400.0,360.0,0.6,0.72,-720.0,0,2,109,1577,0.0,0.0,0.0
BalancedBagging_with_zip,with_billing_zip,BalancedBagging_original,conservative_campaign_cost,5400.0,360.0,0.6,0.73,-360.0,0,1,109,1578,0.0,0.0,0.0
BalancedBagging_with_zip,with_billing_zip,BalancedBagging_original,conservative_campaign_cost,5400.0,360.0,0.6,0.74,0.0,0,0,109,1579,0.0,0.0,0.0
BalancedBagging_with_zip,with_billing_zip,BalancedBagging_original,conservative_campaign_cost,5400.0,360.0,0.6,0.75,0.0,0,0,109,1579,0.0,0.0,0.0
BalancedBagging_with_zip,with_billing_zip,BalancedBagging_original,conservative_campaign_cost,5400.0,360.0,0.6,0.76,0.0,0,0,109,1579,0.0,0.0,0.0
BalancedBagging_with_zip,with_billing_zip,BalancedBagging_original,conservative_campaign_cost,5400.0,360.0,0.6,0.77,0.0,0,0,109,1579,0.0,0.0,0.0
BalancedBagging_with_zip,with_billing_zip,BalancedBagging_original,conservative_campaign_cost,5400.0,360.0,0.6,0.78,0.0,0,0,109,1579,0.0,0.0,0.0
BalancedBagging_with_zip,with_billing_zip,BalancedBagging_original,conservative_campaign_cost,5400.0,360.0,0.6,0.79,0.0,0,0,109,1579,0.0,0.0,0.0
BalancedBagging_with_zip,with_billing_zip,BalancedBagging_original,conservative_campaign_cost,5400.0,360.0,0.6,0.8,0.0,0,0,109,1579,0.0,0.0,0.0
BalancedBagging_with_zip,with_billing_zip,BalancedBagging_original,conservative_campaign_cost,5400.0,360.0,0.6,0.81,0.0,0,0,109,1579,0.0,0.0,0.0
BalancedBagging_with_zip,with_billing_zip,BalancedBagging_original,conservative_campaign_cost,5400.0,360.0,0.6,0.82,0.0,0,0,109,1579,0.0,0.0,0.0
BalancedBagging_with_zip,with_billing_zip,BalancedBagging_original,conservative_campaign_cost,5400.0,360.0,0.6,0.83,0.0,0,0,109,1579,0.0,0.0,0.0
BalancedBagging_with_zip,with_billing_zip,BalancedBagging_original,conservative_campaign_cost,5400.0,360.0,0.6,0.84,0.0,0,0,109,1579,0.0,0.0,0.0
BalancedBagging_with_zip,with_billing_zip,BalancedBagging_original,conservative_campaign_cost,5400.0,360.0,0.6,0.85,0.0,0,0,109,1579,0.0,0.0,0.0
BalancedBagging_with_zip,with_billing_zip,BalancedBagging_original,conservative_campaign_cost,5400.0,360.0,0.6,0.86,0.0,0,0,109,1579,0.0,0.0,0.0
BalancedBagging_with_zip,with_billing_zip,BalancedBagging_original,conservative_campaign_cost,5400.0,360.0,0.6,0.87,0.0,0,0,109,1579,0.0,0.0,0.0
BalancedBagging_with_zip,with_billing_zip,BalancedBagging_original,conservative_campaign_cost,5400.0,360.0,0.6,0.88,0.0,0,0,109,1579,0.0,0.0,0.0
BalancedBagging_with_zip,with_billing_zip,BalancedBagging_original,conservative_campaign_cost,5400.0,360.0,0.6,0.89,0.0,0,0,109,1579,0.0,0.0,0.0
BalancedBagging_with_zip,with_billing_zip,BalancedBagging_original,conservative_campaign_cost,5400.0,360.0,0.6,0.9,0.0,0,0,109,1579,0.0,0.0,0.0
BalancedBagging_with_zip,with_billing_zip,BalancedBagging_original,conservative_campaign_cost,5400.0,360.0,0.6,0.91,0.0,0,0,109,1579,0.0,0.0,0.0
BalancedBagging_with_zip,with_billing_zip,BalancedBagging_original,conservative_campaign_cost,5400.0,360.0,0.6,0.92,0.0,0,0,109,1579,0.0,0.0,0.0
BalancedBagging_with_zip,with_billing_zip,BalancedBagging_original,conservative_campaign_cost,5400.0,360.0,0.6,0.93,0.0,0,0,109,1579,0.0,0.0,0.0
BalancedBagging_with_zip,with_billing_zip,BalancedBagging_original,conservative_campaign_cost,5400.0,360.0,0.6,0.94,0.0,0,0,109,1579,0.0,0.0,0.0
BalancedBagging_with_zip,with_billing_zip,BalancedBagging_original,conservative_campaign_cost,5400.0,360.0,0.6,0.95,0.0,0,0,109,1579,0.0,0.0,0.0
BalancedBagging_with_zip,with_billing_zip,BalancedBagging_original,conservative_campaign_cost,5400.0,360.0,0.6,0.96,0.0,0,0,109,1579,0.0,0.0,0.0
BalancedBagging_with_zip,with_billing_zip,BalancedBagging_original,conservative_campaign_cost,5400.0,360.0,0.6,0.97,0.0,0,0,109,1579,0.0,0.0,0.0
BalancedBagging_with_zip,with_billing_zip,BalancedBagging_original,conservative_campaign_cost,5400.0,360.0,0.6,0.98,0.0,0,0,109,1579,0.0,0.0,0.0
BalancedBagging_with_zip,with_billing_zip,BalancedBagging_original,conservative_campaign_cost,5400.0,360.0,0.6,0.99,0.0,0,0,109,1579,0.0,0.0,0.0
BalancedBagging_with_zip,with_billing_zip,BalancedBagging_original,budget_limited_high_campaign_cost,5400.0,720.0,0.6,0.01,-783720.0,109,1579,0,0,1.0,0.06457345971563981,0.1213132999443517
BalancedBagging_with_zip,with_billing_zip,BalancedBagging_original,budget_limited_high_campaign_cost,5400.0,720.0,0.6,0.02,-783720.0,109,1579,0,0,1.0,0.06457345971563981,0.1213132999443517
BalancedBagging_with_zip,with_billing_zip,BalancedBagging_original,budget_limited_high_campaign_cost,5400.0,720.0,0.6,0.03,-783720.0,109,1579,0,0,1.0,0.06457345971563981,0.1213132999443517
BalancedBagging_with_zip,with_billing_zip,BalancedBagging_original,budget_limited_high_campaign_cost,5400.0,720.0,0.6,0.04,-783720.0,109,1579,0,0,1.0,0.06457345971563981,0.1213132999443517
BalancedBagging_with_zip,with_billing_zip,BalancedBagging_original,budget_limited_high_campaign_cost,5400.0,720.0,0.6,0.05,-783720.0,109,1579,0,0,1.0,0.06457345971563981,0.1213132999443517
BalancedBagging_with_zip,with_billing_zip,BalancedBagging_original,budget_limited_high_campaign_cost,5400.0,720.0,0.6,0.06,-783720.0,109,1579,0,0,1.0,0.06457345971563981,0.1213132999443517
BalancedBagging_with_zip,with_billing_zip,BalancedBagging_original,budget_limited_high_campaign_cost,5400.0,720.0,0.6,0.07,-783720.0,109,1579,0,0,1.0,0.06457345971563981,0.1213132999443517
BalancedBagging_with_zip,with_billing_zip,BalancedBagging_original,budget_limited_high_campaign_cost,5400.0,720.0,0.6,0.08,-783720.0,109,1579,0,0,1.0,0.06457345971563981,0.1213132999443517
BalancedBagging_with_zip,with_billing_zip,BalancedBagging_original,budget_limited_high_campaign_cost,5400.0,720.0,0.6,0.09,-783720.0,109,1579,0,0,1.0,0.06457345971563981,0.1213132999443517
BalancedBagging_with_zip,with_billing_zip,BalancedBagging_original,budget_limited_high_campaign_cost,5400.0,720.0,0.6,0.1,-783720.0,109,1579,0,0,1.0,0.06457345971563981,0.1213132999443517
BalancedBagging_with_zip,with_billing_zip,BalancedBagging_original,budget_limited_high_campaign_cost,5400.0,720.0,0.6,0.11,-783720.0,109,1579,0,0,1.0,0.06457345971563981,0.1213132999443517
BalancedBagging_with_zip,with_billing_zip,BalancedBagging_original,budget_limited_high_campaign_cost,5400.0,720.0,0.6,0.12,-783720.0,109,1579,0,0,1.0,0.06457345971563981,0.1213132999443517
BalancedBagging_with_zip,with_billing_zip,BalancedBagging_original,budget_limited_high_campaign_cost,5400.0,720.0,0.6,0.13,-783720.0,109,1579,0,0,1.0,0.06457345971563981,0.1213132999443517
BalancedBagging_with_zip,with_billing_zip,BalancedBagging_original,budget_limited_high_campaign_cost,5400.0,720.0,0.6,0.14,-783720.0,109,1579,0,0,1.0,0.06457345971563981,0.1213132999443517
BalancedBagging_with_zip,with_billing_zip,BalancedBagging_original,budget_limited_high_campaign_cost,5400.0,720.0,0.6,0.15,-783720.0,109,1579,0,0,1.0,0.06457345971563981,0.1213132999443517
BalancedBagging_with_zip,with_billing_zip,BalancedBagging_original,budget_limited_high_campaign_cost,5400.0,720.0,0.6,0.16,-783720.0,109,1579,0,0,1.0,0.06457345971563981,0.1213132999443517
BalancedBagging_with_zip,with_billing_zip,BalancedBagging_original,budget_limited_high_campaign_cost,5400.0,720.0,0.6,0.17,-783720.0,109,1579,0,0,1.0,0.06457345971563981,0.1213132999443517
BalancedBagging_with_zip,with_billing_zip,BalancedBagging_original,budget_limited_high_campaign_cost,5400.0,720.0,0.6,0.18,-783720.0,109,1579,0,0,1.0,0.06457345971563981,0.1213132999443517
BalancedBagging_with_zip,with_billing_zip,BalancedBagging_original,budget_limited_high_campaign_cost,5400.0,720.0,0.6,0.19,-783720.0,109,1579,0,0,1.0,0.06457345971563981,0.1213132999443517
BalancedBagging_with_zip,with_billing_zip,BalancedBagging_original,budget_limited_high_campaign_cost,5400.0,720.0,0.6,0.2,-783720.0,109,1579,0,0,1.0,0.06457345971563981,0.1213132999443517
BalancedBagging_with_zip,with_billing_zip,BalancedBagging_original,budget_limited_high_campaign_cost,5400.0,720.0,0.6,0.21,-783720.0,109,1579,0,0,1.0,0.06457345971563981,0.1213132999443517
BalancedBagging_with_zip,with_billing_zip,BalancedBagging_original,budget_limited_high_campaign_cost,5400.0,720.0,0.6,0.22,-783720.0,109,1579,0,0,1.0,0.06457345971563981,0.1213132999443517
BalancedBagging_with_zip,with_billing_zip,BalancedBagging_original,budget_limited_high_campaign_cost,5400.0,720.0,0.6,0.23,-783720.0,109,1579,0,0,1.0,0.06457345971563981,0.1213132999443517
BalancedBagging_with_zip,with_billing_zip,BalancedBagging_original,budget_limited_high_campaign_cost,5400.0,720.0,0.6,0.24,-783000.0,109,1578,0,1,1.0,0.06461173681090694,0.12138084632516703
BalancedBagging_with_zip,with_billing_zip,BalancedBagging_original,budget_limited_high_campaign_cost,5400.0,720.0,0.6,0.25,-781560.0,109,1576,0,3,1.0,0.06468842729970327,0.12151616499442586
BalancedBagging_with_zip,with_billing_zip,BalancedBagging_original,budget_limited_high_campaign_cost,5400.0,720.0,0.6,0.26,-780120.0,109,1574,0,5,1.0,0.0647653000594177,0.12165178571428571
BalancedBagging_with_zip,with_billing_zip,BalancedBagging_original,budget_limited_high_campaign_cost,5400.0,720.0,0.6,0.27,-777960.0,109,1571,0,8,1.0,0.06488095238095239,0.1218557853549469
BalancedBagging_with_zip,with_billing_zip,BalancedBagging_original,budget_limited_high_campaign_cost,5400.0,720.0,0.6,0.28,-775800.0,109,1568,0,11,1.0,0.06499701848539058,0.12206047032474804
BalancedBagging_with_zip,with_billing_zip,BalancedBagging_original,budget_limited_high_campaign_cost,5400.0,720.0,0.6,0.29,-770760.0,109,1561,0,18,1.0,0.06526946107784432,0.1225407532321529
BalancedBagging_with_zip,with_billing_zip,BalancedBagging_original,budget_limited_high_campaign_cost,5400.0,720.0,0.6,0.3,-771480.0,105,1544,4,35,0.963302752293578,0.06367495451788963,0.11945392491467577
BalancedBagging_with_zip,with_billing_zip,BalancedBagging_original,budget_limited_high_campaign_cost,5400.0,720.0,0.6,0.31,-758520.0,105,1526,4,53,0.963302752293578,0.06437768240343347,0.1206896551724138
BalancedBagging_with_zip,with_billing_zip,BalancedBagging_original,budget_limited_high_campaign_cost,5400.0,720.0,0.6,0.32,-740520.0,105,1501,4,78,0.963302752293578,0.06537982565379825,0.12244897959183673
BalancedBagging_with_zip,with_billing_zip,BalancedBagging_original,budget_limited_high_campaign_cost,5400.0,720.0,0.6,0.33,-719640.0,103,1463,6,116,0.944954128440367,0.06577266922094509,0.12298507462686567
BalancedBagging_with_zip,with_billing_zip,BalancedBagging_original,budget_limited_high_campaign_cost,5400.0,720.0,0.6,0.34,-698760.0,99,1416,10,163,0.908256880733945,0.06534653465346535,0.12192118226600986
BalancedBagging_with_zip,with_billing_zip,BalancedBagging_original,budget_limited_high_campaign_cost,5400.0,720.0,0.6,0.35,-672480.0,96,1366,13,213,0.8807339449541285,0.06566347469220246,0.12221514958625079
BalancedBagging_with_zip,with_billing_zip,BalancedBagging_original,budget_limited_high_campaign_cost,5400.0,720.0,0.6,0.36,-635400.0,93,1301,16,278,0.8532110091743119,0.0667144906743185,0.12375249500998003
BalancedBagging_with_zip,with_billing_zip,BalancedBagging_original,budget_limited_high_campaign_cost,5400.0,720.0,0.6,0.37,-606240.0,90,1247,19,332,0.8256880733944955,0.06731488406881077,0.12448132780082988
BalancedBagging_with_zip,with_billing_zip,BalancedBagging_original,budget_limited_high_campaign_cost,5400.0,720.0,0.6,0.38,-569520.0,88,1187,21,392,0.8073394495412844,0.06901960784313725,0.12716763005780346
BalancedBagging_with_zip,with_billing_zip,BalancedBagging_original,budget_limited_high_campaign_cost,5400.0,720.0,0.6,0.39,-544680.0,85,1139,24,440,0.7798165137614679,0.06944444444444445,0.1275318829707427
BalancedBagging_with_zip,with_billing_zip,BalancedBagging_original,budget_limited_high_campaign_cost,5400.0,720.0,0.6,0.4,-514440.0,83,1088,26,491,0.7614678899082569,0.07087959009393681,0.1296875
BalancedBagging_with_zip,with_billing_zip,BalancedBagging_original,budget_limited_high_campaign_cost,5400.0,720.0,0.6,0.41,-479520.0,82,1035,27,544,0.7522935779816514,0.07341092211280215,0.13376835236541598
BalancedBagging_with_zip,with_billing_zip,BalancedBagging_original,budget_limited_high_campaign_cost,5400.0,720.0,0.6,0.42,-457920.0,80,996,29,583,0.7339449541284404,0.07434944237918216,0.1350210970464135
BalancedBagging_with_zip,with_billing_zip,BalancedBagging_original,budget_limited_high_campaign_cost,5400.0,720.0,0.6,0.43,-449280.0,76,966,33,613,0.6972477064220184,0.07293666026871401,0.13205907906168549
BalancedBagging_with_zip,with_billing_zip,BalancedBagging_original,budget_limited_high_campaign_cost,5400.0,720.0,0.6,0.44,-420120.0,75,921,34,658,0.6880733944954128,0.07530120481927711,0.13574660633484162
BalancedBagging_with_zip,with_billing_zip,BalancedBagging_original,budget_limited_high_campaign_cost,5400.0,720.0,0.6,0.45,-402480.0,72,883,37,696,0.6605504587155964,0.07539267015706806,0.13533834586466165
BalancedBagging_with_zip,with_billing_zip,BalancedBagging_original,budget_limited_high_campaign_cost,5400.0,720.0,0.6,0.46,-380160.0,72,852,37,727,0.6605504587155964,0.07792207792207792,0.1393998063891578
BalancedBagging_with_zip,with_billing_zip,BalancedBagging_original,budget_limited_high_campaign_cost,5400.0,720.0,0.6,0.47,-370440.0,69,825,40,754,0.6330275229357798,0.07718120805369127,0.13758723828514458
BalancedBagging_with_zip,with_billing_zip,BalancedBagging_original,budget_limited_high_campaign_cost,5400.0,720.0,0.6,0.48,-347040.0,66,779,43,800,0.6055045871559633,0.07810650887573964,0.13836477987421383
BalancedBagging_with_zip,with_billing_zip,BalancedBagging_original,budget_limited_high_campaign_cost,5400.0,720.0,0.6,0.49,-321120.0,64,734,45,845,0.5871559633027523,0.08020050125313283,0.14112458654906285
BalancedBagging_with_zip,with_billing_zip,BalancedBagging_original,budget_limited_high_campaign_cost,5400.0,720.0,0.6,0.5,-272160.0,64,666,45,913,0.5871559633027523,0.08767123287671233,0.15256257449344457
BalancedBagging_with_zip,with_billing_zip,BalancedBagging_original,budget_limited_high_campaign_cost,5400.0,720.0,0.6,0.51,-245160.0,61,615,48,964,0.5596330275229358,0.09023668639053255,0.1554140127388535
BalancedBagging_with_zip,with_billing_zip,BalancedBagging_original,budget_limited_high_campaign_cost,5400.0,720.0,0.6,0.52,-240480.0,48,550,61,1029,0.44036697247706424,0.0802675585284281,0.13578500707213578
BalancedBagging_with_zip,with_billing_zip,BalancedBagging_original,budget_limited_high_campaign_cost,5400.0,720.0,0.6,0.53,-219600.0,44,503,65,1076,0.4036697247706422,0.08043875685557587,0.13414634146341464
BalancedBagging_with_zip,with_billing_zip,BalancedBagging_original,budget_limited_high_campaign_cost,5400.0,720.0,0.6,0.54,-186120.0,41,443,68,1136,0.3761467889908257,0.08471074380165289,0.13827993254637436
BalancedBagging_with_zip,with_billing_zip,BalancedBagging_original,budget_limited_high_campaign_cost,5400.0,720.0,0.6,0.55,-148680.0,37,373,72,1206,0.3394495412844037,0.09024390243902439,0.14258188824662812
BalancedBagging_with_zip,with_billing_zip,BalancedBagging_original,budget_limited_high_campaign_cost,5400.0,720.0,0.6,0.56,-118800.0,32,309,77,1270,0.29357798165137616,0.093841642228739,0.14222222222222222
BalancedBagging_with_zip,with_billing_zip,BalancedBagging_original,budget_limited_high_campaign_cost,5400.0,720.0,0.6,0.57,-114480.0,22,258,87,1321,0.2018348623853211,0.07857142857142857,0.11311053984575835
BalancedBagging_with_zip,with_billing_zip,BalancedBagging_original,budget_limited_high_campaign_cost,5400.0,720.0,0.6,0.58,-92160.0,20,218,89,1361,0.1834862385321101,0.08403361344537816,0.11527377521613832
BalancedBagging_with_zip,with_billing_zip,BalancedBagging_original,budget_limited_high_campaign_cost,5400.0,720.0,0.6,0.59,-77040.0,16,179,93,1400,0.14678899082568808,0.08205128205128205,0.10526315789473684
BalancedBagging_with_zip,with_billing_zip,BalancedBagging_original,budget_limited_high_campaign_cost,5400.0,720.0,0.6,0.6,-48240.0,16,139,93,1440,0.14678899082568808,0.1032258064516129,0.12121212121212122
BalancedBagging_with_zip,with_billing_zip,BalancedBagging_original,budget_limited_high_campaign_cost,5400.0,720.0,0.6,0.61,-33120.0,14,109,95,1470,0.12844036697247707,0.11382113821138211,0.1206896551724138
BalancedBagging_with_zip,with_billing_zip,BalancedBagging_original,budget_limited_high_campaign_cost,5400.0,720.0,0.6,0.62,-25560.0,11,85,98,1494,0.10091743119266056,0.11458333333333333,0.1073170731707317
BalancedBagging_with_zip,with_billing_zip,BalancedBagging_original,budget_limited_high_campaign_cost,5400.0,720.0,0.6,0.63,-23040.0,6,59,103,1520,0.05504587155963303,0.09230769230769231,0.06896551724137931
BalancedBagging_with_zip,with_billing_zip,BalancedBagging_original,budget_limited_high_campaign_cost,5400.0,720.0,0.6,0.64,-14760.0,5,43,104,1536,0.045871559633027525,0.10416666666666667,0.06369426751592357
BalancedBagging_with_zip,with_billing_zip,BalancedBagging_original,budget_limited_high_campaign_cost,5400.0,720.0,0.6,0.65,-5040.0,4,25,105,1554,0.03669724770642202,0.13793103448275862,0.057971014492753624
BalancedBagging_with_zip,with_billing_zip,BalancedBagging_original,budget_limited_high_campaign_cost,5400.0,720.0,0.6,0.66,-2520.0,3,17,106,1562,0.027522935779816515,0.15,0.046511627906976744
BalancedBagging_with_zip,with_billing_zip,BalancedBagging_original,budget_limited_high_campaign_cost,5400.0,720.0,0.6,0.67,360.0,3,13,106,1566,0.027522935779816515,0.1875,0.048
BalancedBagging_with_zip,with_billing_zip,BalancedBagging_original,budget_limited_high_campaign_cost,5400.0,720.0,0.6,0.68,-2160.0,2,12,107,1567,0.01834862385321101,0.14285714285714285,0.032520325203252036
BalancedBagging_with_zip,with_billing_zip,BalancedBagging_original,budget_limited_high_campaign_cost,5400.0,720.0,0.6,0.69,-1080.0,1,6,108,1573,0.009174311926605505,0.14285714285714285,0.017241379310344827
BalancedBagging_with_zip,with_billing_zip,BalancedBagging_original,budget_limited_high_campaign_cost,5400.0,720.0,0.6,0.7,-2880.0,0,4,109,1575,0.0,0.0,0.0
BalancedBagging_with_zip,with_billing_zip,BalancedBagging_original,budget_limited_high_campaign_cost,5400.0,720.0,0.6,0.71,-2160.0,0,3,109,1576,0.0,0.0,0.0
BalancedBagging_with_zip,with_billing_zip,BalancedBagging_original,budget_limited_high_campaign_cost,5400.0,720.0,0.6,0.72,-1440.0,0,2,109,1577,0.0,0.0,0.0
BalancedBagging_with_zip,with_billing_zip,BalancedBagging_original,budget_limited_high_campaign_cost,5400.0,720.0,0.6,0.73,-720.0,0,1,109,1578,0.0,0.0,0.0
BalancedBagging_with_zip,with_billing_zip,BalancedBagging_original,budget_limited_high_campaign_cost,5400.0,720.0,0.6,0.74,0.0,0,0,109,1579,0.0,0.0,0.0
BalancedBagging_with_zip,with_billing_zip,BalancedBagging_original,budget_limited_high_campaign_cost,5400.0,720.0,0.6,0.75,0.0,0,0,109,1579,0.0,0.0,0.0
BalancedBagging_with_zip,with_billing_zip,BalancedBagging_original,budget_limited_high_campaign_cost,5400.0,720.0,0.6,0.76,0.0,0,0,109,1579,0.0,0.0,0.0
BalancedBagging_with_zip,with_billing_zip,BalancedBagging_original,budget_limited_high_campaign_cost,5400.0,720.0,0.6,0.77,0.0,0,0,109,1579,0.0,0.0,0.0
BalancedBagging_with_zip,with_billing_zip,BalancedBagging_original,budget_limited_high_campaign_cost,5400.0,720.0,0.6,0.78,0.0,0,0,109,1579,0.0,0.0,0.0
BalancedBagging_with_zip,with_billing_zip,BalancedBagging_original,budget_limited_high_campaign_cost,5400.0,720.0,0.6,0.79,0.0,0,0,109,1579,0.0,0.0,0.0
BalancedBagging_with_zip,with_billing_zip,BalancedBagging_original,budget_limited_high_campaign_cost,5400.0,720.0,0.6,0.8,0.0,0,0,109,1579,0.0,0.0,0.0
BalancedBagging_with_zip,with_billing_zip,BalancedBagging_original,budget_limited_high_campaign_cost,5400.0,720.0,0.6,0.81,0.0,0,0,109,1579,0.0,0.0,0.0
BalancedBagging_with_zip,with_billing_zip,BalancedBagging_original,budget_limited_high_campaign_cost,5400.0,720.0,0.6,0.82,0.0,0,0,109,1579,0.0,0.0,0.0
BalancedBagging_with_zip,with_billing_zip,BalancedBagging_original,budget_limited_high_campaign_cost,5400.0,720.0,0.6,0.83,0.0,0,0,109,1579,0.0,0.0,0.0
BalancedBagging_with_zip,with_billing_zip,BalancedBagging_original,budget_limited_high_campaign_cost,5400.0,720.0,0.6,0.84,0.0,0,0,109,1579,0.0,0.0,0.0
BalancedBagging_with_zip,with_billing_zip,BalancedBagging_original,budget_limited_high_campaign_cost,5400.0,720.0,0.6,0.85,0.0,0,0,109,1579,0.0,0.0,0.0
BalancedBagging_with_zip,with_billing_zip,BalancedBagging_original,budget_limited_high_campaign_cost,5400.0,720.0,0.6,0.86,0.0,0,0,109,1579,0.0,0.0,0.0
BalancedBagging_with_zip,with_billing_zip,BalancedBagging_original,budget_limited_high_campaign_cost,5400.0,720.0,0.6,0.87,0.0,0,0,109,1579,0.0,0.0,0.0
BalancedBagging_with_zip,with_billing_zip,BalancedBagging_original,budget_limited_high_campaign_cost,5400.0,720.0,0.6,0.88,0.0,0,0,109,1579,0.0,0.0,0.0
BalancedBagging_with_zip,with_billing_zip,BalancedBagging_original,budget_limited_high_campaign_cost,5400.0,720.0,0.6,0.89,0.0,0,0,109,1579,0.0,0.0,0.0
BalancedBagging_with_zip,with_billing_zip,BalancedBagging_original,budget_limited_high_campaign_cost,5400.0,720.0,0.6,0.9,0.0,0,0,109,1579,0.0,0.0,0.0
BalancedBagging_with_zip,with_billing_zip,BalancedBagging_original,budget_limited_high_campaign_cost,5400.0,720.0,0.6,0.91,0.0,0,0,109,1579,0.0,0.0,0.0
BalancedBagging_with_zip,with_billing_zip,BalancedBagging_original,budget_limited_high_campaign_cost,5400.0,720.0,0.6,0.92,0.0,0,0,109,1579,0.0,0.0,0.0
BalancedBagging_with_zip,with_billing_zip,BalancedBagging_original,budget_limited_high_campaign_cost,5400.0,720.0,0.6,0.93,0.0,0,0,109,1579,0.0,0.0,0.0
BalancedBagging_with_zip,with_billing_zip,BalancedBagging_original,budget_limited_high_campaign_cost,5400.0,720.0,0.6,0.94,0.0,0,0,109,1579,0.0,0.0,0.0
BalancedBagging_with_zip,with_billing_zip,BalancedBagging_original,budget_limited_high_campaign_cost,5400.0,720.0,0.6,0.95,0.0,0,0,109,1579,0.0,0.0,0.0
BalancedBagging_with_zip,with_billing_zip,BalancedBagging_original,budget_limited_high_campaign_cost,5400.0,720.0,0.6,0.96,0.0,0,0,109,1579,0.0,0.0,0.0
BalancedBagging_with_zip,with_billing_zip,BalancedBagging_original,budget_limited_high_campaign_cost,5400.0,720.0,0.6,0.97,0.0,0,0,109,1579,0.0,0.0,0.0
BalancedBagging_with_zip,with_billing_zip,BalancedBagging_original,budget_limited_high_campaign_cost,5400.0,720.0,0.6,0.98,0.0,0,0,109,1579,0.0,0.0,0.0
BalancedBagging_with_zip,with_billing_zip,BalancedBagging_original,budget_limited_high_campaign_cost,5400.0,720.0,0.6,0.99,0.0,0,0,109,1579,0.0,0.0,0.0
BalancedBagging_with_zip,with_billing_zip,BalancedBagging_original,small_business_value,1200.0,120.0,0.6,0.01,-111000.0,109,1579,0,0,1.0,0.06457345971563981,0.1213132999443517
BalancedBagging_with_zip,with_billing_zip,BalancedBagging_original,small_business_value,1200.0,120.0,0.6,0.02,-111000.0,109,1579,0,0,1.0,0.06457345971563981,0.1213132999443517
BalancedBagging_with_zip,with_billing_zip,BalancedBagging_original,small_business_value,1200.0,120.0,0.6,0.03,-111000.0,109,1579,0,0,1.0,0.06457345971563981,0.1213132999443517
BalancedBagging_with_zip,with_billing_zip,BalancedBagging_original,small_business_value,1200.0,120.0,0.6,0.04,-111000.0,109,1579,0,0,1.0,0.06457345971563981,0.1213132999443517
BalancedBagging_with_zip,with_billing_zip,BalancedBagging_original,small_business_value,1200.0,120.0,0.6,0.05,-111000.0,109,1579,0,0,1.0,0.06457345971563981,0.1213132999443517
BalancedBagging_with_zip,with_billing_zip,BalancedBagging_original,small_business_value,1200.0,120.0,0.6,0.06,-111000.0,109,1579,0,0,1.0,0.06457345971563981,0.1213132999443517
BalancedBagging_with_zip,with_billing_zip,BalancedBagging_original,small_business_value,1200.0,120.0,0.6,0.07,-111000.0,109,1579,0,0,1.0,0.06457345971563981,0.1213132999443517
BalancedBagging_with_zip,with_billing_zip,BalancedBagging_original,small_business_value,1200.0,120.0,0.6,0.08,-111000.0,109,1579,0,0,1.0,0.06457345971563981,0.1213132999443517
BalancedBagging_with_zip,with_billing_zip,BalancedBagging_original,small_business_value,1200.0,120.0,0.6,0.09,-111000.0,109,1579,0,0,1.0,0.06457345971563981,0.1213132999443517
BalancedBagging_with_zip,with_billing_zip,BalancedBagging_original,small_business_value,1200.0,120.0,0.6,0.1,-111000.0,109,1579,0,0,1.0,0.06457345971563981,0.1213132999443517
BalancedBagging_with_zip,with_billing_zip,BalancedBagging_original,small_business_value,1200.0,120.0,0.6,0.11,-111000.0,109,1579,0,0,1.0,0.06457345971563981,0.1213132999443517
BalancedBagging_with_zip,with_billing_zip,BalancedBagging_original,small_business_value,1200.0,120.0,0.6,0.12,-111000.0,109,1579,0,0,1.0,0.06457345971563981,0.1213132999443517
BalancedBagging_with_zip,with_billing_zip,BalancedBagging_original,small_business_value,1200.0,120.0,0.6,0.13,-111000.0,109,1579,0,0,1.0,0.06457345971563981,0.1213132999443517
BalancedBagging_with_zip,with_billing_zip,BalancedBagging_original,small_business_value,1200.0,120.0,0.6,0.14,-111000.0,109,1579,0,0,1.0,0.06457345971563981,0.1213132999443517
BalancedBagging_with_zip,with_billing_zip,BalancedBagging_original,small_business_value,1200.0,120.0,0.6,0.15,-111000.0,109,1579,0,0,1.0,0.06457345971563981,0.1213132999443517
BalancedBagging_with_zip,with_billing_zip,BalancedBagging_original,small_business_value,1200.0,120.0,0.6,0.16,-111000.0,109,1579,0,0,1.0,0.06457345971563981,0.1213132999443517
BalancedBagging_with_zip,with_billing_zip,BalancedBagging_original,small_business_value,1200.0,120.0,0.6,0.17,-111000.0,109,1579,0,0,1.0,0.06457345971563981,0.1213132999443517
BalancedBagging_with_zip,with_billing_zip,BalancedBagging_original,small_business_value,1200.0,120.0,0.6,0.18,-111000.0,109,1579,0,0,1.0,0.06457345971563981,0.1213132999443517
BalancedBagging_with_zip,with_billing_zip,BalancedBagging_original,small_business_value,1200.0,120.0,0.6,0.19,-111000.0,109,1579,0,0,1.0,0.06457345971563981,0.1213132999443517
BalancedBagging_with_zip,with_billing_zip,BalancedBagging_original,small_business_value,1200.0,120.0,0.6,0.2,-111000.0,109,1579,0,0,1.0,0.06457345971563981,0.1213132999443517
BalancedBagging_with_zip,with_billing_zip,BalancedBagging_original,small_business_value,1200.0,120.0,0.6,0.21,-111000.0,109,1579,0,0,1.0,0.06457345971563981,0.1213132999443517
BalancedBagging_with_zip,with_billing_zip,BalancedBagging_original,small_business_value,1200.0,120.0,0.6,0.22,-111000.0,109,1579,0,0,1.0,0.06457345971563981,0.1213132999443517
BalancedBagging_with_zip,with_billing_zip,BalancedBagging_original,small_business_value,1200.0,120.0,0.6,0.23,-111000.0,109,1579,0,0,1.0,0.06457345971563981,0.1213132999443517
BalancedBagging_with_zip,with_billing_zip,BalancedBagging_original,small_business_value,1200.0,120.0,0.6,0.24,-110880.0,109,1578,0,1,1.0,0.06461173681090694,0.12138084632516703
BalancedBagging_with_zip,with_billing_zip,BalancedBagging_original,small_business_value,1200.0,120.0,0.6,0.25,-110640.0,109,1576,0,3,1.0,0.06468842729970327,0.12151616499442586
BalancedBagging_with_zip,with_billing_zip,BalancedBagging_original,small_business_value,1200.0,120.0,0.6,0.26,-110400.0,109,1574,0,5,1.0,0.0647653000594177,0.12165178571428571
BalancedBagging_with_zip,with_billing_zip,BalancedBagging_original,small_business_value,1200.0,120.0,0.6,0.27,-110040.0,109,1571,0,8,1.0,0.06488095238095239,0.1218557853549469
BalancedBagging_with_zip,with_billing_zip,BalancedBagging_original,small_business_value,1200.0,120.0,0.6,0.28,-109680.0,109,1568,0,11,1.0,0.06499701848539058,0.12206047032474804
BalancedBagging_with_zip,with_billing_zip,BalancedBagging_original,small_business_value,1200.0,120.0,0.6,0.29,-108840.0,109,1561,0,18,1.0,0.06526946107784432,0.1225407532321529
BalancedBagging_with_zip,with_billing_zip,BalancedBagging_original,small_business_value,1200.0,120.0,0.6,0.3,-109680.0,105,1544,4,35,0.963302752293578,0.06367495451788963,0.11945392491467577
BalancedBagging_with_zip,with_billing_zip,BalancedBagging_original,small_business_value,1200.0,120.0,0.6,0.31,-107520.0,105,1526,4,53,0.963302752293578,0.06437768240343347,0.1206896551724138
BalancedBagging_with_zip,with_billing_zip,BalancedBagging_original,small_business_value,1200.0,120.0,0.6,0.32,-104520.0,105,1501,4,78,0.963302752293578,0.06537982565379825,0.12244897959183673
BalancedBagging_with_zip,with_billing_zip,BalancedBagging_original,small_business_value,1200.0,120.0,0.6,0.33,-101400.0,103,1463,6,116,0.944954128440367,0.06577266922094509,0.12298507462686567
BalancedBagging_with_zip,with_billing_zip,BalancedBagging_original,small_business_value,1200.0,120.0,0.6,0.34,-98640.0,99,1416,10,163,0.908256880733945,0.06534653465346535,0.12192118226600986
BalancedBagging_with_zip,with_billing_zip,BalancedBagging_original,small_business_value,1200.0,120.0,0.6,0.35,-94800.0,96,1366,13,213,0.8807339449541285,0.06566347469220246,0.12221514958625079
BalancedBagging_with_zip,with_billing_zip,BalancedBagging_original,small_business_value,1200.0,120.0,0.6,0.36,-89160.0,93,1301,16,278,0.8532110091743119,0.0667144906743185,0.12375249500998003
BalancedBagging_with_zip,with_billing_zip,BalancedBagging_original,small_business_value,1200.0,120.0,0.6,0.37,-84840.0,90,1247,19,332,0.8256880733944955,0.06731488406881077,0.12448132780082988
BalancedBagging_with_zip,with_billing_zip,BalancedBagging_original,small_business_value,1200.0,120.0,0.6,0.38,-79080.0,88,1187,21,392,0.8073394495412844,0.06901960784313725,0.12716763005780346
BalancedBagging_with_zip,with_billing_zip,BalancedBagging_original,small_business_value,1200.0,120.0,0.6,0.39,-75480.0,85,1139,24,440,0.7798165137614679,0.06944444444444445,0.1275318829707427
BalancedBagging_with_zip,with_billing_zip,BalancedBagging_original,small_business_value,1200.0,120.0,0.6,0.4,-70800.0,83,1088,26,491,0.7614678899082569,0.07087959009393681,0.1296875
BalancedBagging_with_zip,with_billing_zip,BalancedBagging_original,small_business_value,1200.0,120.0,0.6,0.41,-65160.0,82,1035,27,544,0.7522935779816514,0.07341092211280215,0.13376835236541598
BalancedBagging_with_zip,with_billing_zip,BalancedBagging_original,small_business_value,1200.0,120.0,0.6,0.42,-61920.0,80,996,29,583,0.7339449541284404,0.07434944237918216,0.1350210970464135
BalancedBagging_with_zip,with_billing_zip,BalancedBagging_original,small_business_value,1200.0,120.0,0.6,0.43,-61200.0,76,966,33,613,0.6972477064220184,0.07293666026871401,0.13205907906168549
BalancedBagging_with_zip,with_billing_zip,BalancedBagging_original,small_business_value,1200.0,120.0,0.6,0.44,-56520.0,75,921,34,658,0.6880733944954128,0.07530120481927711,0.13574660633484162
BalancedBagging_with_zip,with_billing_zip,BalancedBagging_original,small_business_value,1200.0,120.0,0.6,0.45,-54120.0,72,883,37,696,0.6605504587155964,0.07539267015706806,0.13533834586466165
BalancedBagging_with_zip,with_billing_zip,BalancedBagging_original,small_business_value,1200.0,120.0,0.6,0.46,-50400.0,72,852,37,727,0.6605504587155964,0.07792207792207792,0.1393998063891578
BalancedBagging_with_zip,with_billing_zip,BalancedBagging_original,small_business_value,1200.0,120.0,0.6,0.47,-49320.0,69,825,40,754,0.6330275229357798,0.07718120805369127,0.13758723828514458
BalancedBagging_with_zip,with_billing_zip,BalancedBagging_original,small_business_value,1200.0,120.0,0.6,0.48,-45960.0,66,779,43,800,0.6055045871559633,0.07810650887573964,0.13836477987421383
BalancedBagging_with_zip,with_billing_zip,BalancedBagging_original,small_business_value,1200.0,120.0,0.6,0.49,-42000.0,64,734,45,845,0.5871559633027523,0.08020050125313283,0.14112458654906285
BalancedBagging_with_zip,with_billing_zip,BalancedBagging_original,small_business_value,1200.0,120.0,0.6,0.5,-33840.0,64,666,45,913,0.5871559633027523,0.08767123287671233,0.15256257449344457
BalancedBagging_with_zip,with_billing_zip,BalancedBagging_original,small_business_value,1200.0,120.0,0.6,0.51,-29880.0,61,615,48,964,0.5596330275229358,0.09023668639053255,0.1554140127388535
BalancedBagging_with_zip,with_billing_zip,BalancedBagging_original,small_business_value,1200.0,120.0,0.6,0.52,-31440.0,48,550,61,1029,0.44036697247706424,0.0802675585284281,0.13578500707213578
BalancedBagging_with_zip,with_billing_zip,BalancedBagging_original,small_business_value,1200.0,120.0,0.6,0.53,-28680.0,44,503,65,1076,0.4036697247706422,0.08043875685557587,0.13414634146341464
BalancedBagging_with_zip,with_billing_zip,BalancedBagging_original,small_business_value,1200.0,120.0,0.6,0.54,-23640.0,41,443,68,1136,0.3761467889908257,0.08471074380165289,0.13827993254637436
BalancedBagging_with_zip,with_billing_zip,BalancedBagging_original,small_business_value,1200.0,120.0,0.6,0.55,-18120.0,37,373,72,1206,0.3394495412844037,0.09024390243902439,0.14258188824662812
BalancedBagging_with_zip,with_billing_zip,BalancedBagging_original,small_business_value,1200.0,120.0,0.6,0.56,-14040.0,32,309,77,1270,0.29357798165137616,0.093841642228739,0.14222222222222222
BalancedBagging_with_zip,with_billing_zip,BalancedBagging_original,small_business_value,1200.0,120.0,0.6,0.57,-15120.0,22,258,87,1321,0.2018348623853211,0.07857142857142857,0.11311053984575835
BalancedBagging_with_zip,with_billing_zip,BalancedBagging_original,small_business_value,1200.0,120.0,0.6,0.58,-11760.0,20,218,89,1361,0.1834862385321101,0.08403361344537816,0.11527377521613832
BalancedBagging_with_zip,with_billing_zip,BalancedBagging_original,small_business_value,1200.0,120.0,0.6,0.59,-9960.0,16,179,93,1400,0.14678899082568808,0.08205128205128205,0.10526315789473684
BalancedBagging_with_zip,with_billing_zip,BalancedBagging_original,small_business_value,1200.0,120.0,0.6,0.6,-5160.0,16,139,93,1440,0.14678899082568808,0.1032258064516129,0.12121212121212122
BalancedBagging_with_zip,with_billing_zip,BalancedBagging_original,small_business_value,1200.0,120.0,0.6,0.61,-3000.0,14,109,95,1470,0.12844036697247707,0.11382113821138211,0.1206896551724138
BalancedBagging_with_zip,with_billing_zip,BalancedBagging_original,small_business_value,1200.0,120.0,0.6,0.62,-2280.0,11,85,98,1494,0.10091743119266056,0.11458333333333333,0.1073170731707317
BalancedBagging_with_zip,with_billing_zip,BalancedBagging_original,small_business_value,1200.0,120.0,0.6,0.63,-2760.0,6,59,103,1520,0.05504587155963303,0.09230769230769231,0.06896551724137931
BalancedBagging_with_zip,with_billing_zip,BalancedBagging_original,small_business_value,1200.0,120.0,0.6,0.64,-1560.0,5,43,104,1536,0.045871559633027525,0.10416666666666667,0.06369426751592357
BalancedBagging_with_zip,with_billing_zip,BalancedBagging_original,small_business_value,1200.0,120.0,0.6,0.65,-120.0,4,25,105,1554,0.03669724770642202,0.13793103448275862,0.057971014492753624
BalancedBagging_with_zip,with_billing_zip,BalancedBagging_original,small_business_value,1200.0,120.0,0.6,0.66,120.0,3,17,106,1562,0.027522935779816515,0.15,0.046511627906976744
BalancedBagging_with_zip,with_billing_zip,BalancedBagging_original,small_business_value,1200.0,120.0,0.6,0.67,600.0,3,13,106,1566,0.027522935779816515,0.1875,0.048
BalancedBagging_with_zip,with_billing_zip,BalancedBagging_original,small_business_value,1200.0,120.0,0.6,0.68,0.0,2,12,107,1567,0.01834862385321101,0.14285714285714285,0.032520325203252036
BalancedBagging_with_zip,with_billing_zip,BalancedBagging_original,small_business_value,1200.0,120.0,0.6,0.69,0.0,1,6,108,1573,0.009174311926605505,0.14285714285714285,0.017241379310344827
BalancedBagging_with_zip,with_billing_zip,BalancedBagging_original,small_business_value,1200.0,120.0,0.6,0.7,-480.0,0,4,109,1575,0.0,0.0,0.0
BalancedBagging_with_zip,with_billing_zip,BalancedBagging_original,small_business_value,1200.0,120.0,0.6,0.71,-360.0,0,3,109,1576,0.0,0.0,0.0
BalancedBagging_with_zip,with_billing_zip,BalancedBagging_original,small_business_value,1200.0,120.0,0.6,0.72,-240.0,0,2,109,1577,0.0,0.0,0.0
BalancedBagging_with_zip,with_billing_zip,BalancedBagging_original,small_business_value,1200.0,120.0,0.6,0.73,-120.0,0,1,109,1578,0.0,0.0,0.0
BalancedBagging_with_zip,with_billing_zip,BalancedBagging_original,small_business_value,1200.0,120.0,0.6,0.74,0.0,0,0,109,1579,0.0,0.0,0.0
BalancedBagging_with_zip,with_billing_zip,BalancedBagging_original,small_business_value,1200.0,120.0,0.6,0.75,0.0,0,0,109,1579,0.0,0.0,0.0
BalancedBagging_with_zip,with_billing_zip,BalancedBagging_original,small_business_value,1200.0,120.0,0.6,0.76,0.0,0,0,109,1579,0.0,0.0,0.0
BalancedBagging_with_zip,with_billing_zip,BalancedBagging_original,small_business_value,1200.0,120.0,0.6,0.77,0.0,0,0,109,1579,0.0,0.0,0.0
BalancedBagging_with_zip,with_billing_zip,BalancedBagging_original,small_business_value,1200.0,120.0,0.6,0.78,0.0,0,0,109,1579,0.0,0.0,0.0
BalancedBagging_with_zip,with_billing_zip,BalancedBagging_original,small_business_value,1200.0,120.0,0.6,0.79,0.0,0,0,109,1579,0.0,0.0,0.0
BalancedBagging_with_zip,with_billing_zip,BalancedBagging_original,small_business_value,1200.0,120.0,0.6,0.8,0.0,0,0,109,1579,0.0,0.0,0.0
BalancedBagging_with_zip,with_billing_zip,BalancedBagging_original,small_business_value,1200.0,120.0,0.6,0.81,0.0,0,0,109,1579,0.0,0.0,0.0
BalancedBagging_with_zip,with_billing_zip,BalancedBagging_original,small_business_value,1200.0,120.0,0.6,0.82,0.0,0,0,109,1579,0.0,0.0,0.0
BalancedBagging_with_zip,with_billing_zip,BalancedBagging_original,small_business_value,1200.0,120.0,0.6,0.83,0.0,0,0,109,1579,0.0,0.0,0.0
BalancedBagging_with_zip,with_billing_zip,BalancedBagging_original,small_business_value,1200.0,120.0,0.6,0.84,0.0,0,0,109,1579,0.0,0.0,0.0
BalancedBagging_with_zip,with_billing_zip,BalancedBagging_original,small_business_value,1200.0,120.0,0.6,0.85,0.0,0,0,109,1579,0.0,0.0,0.0
BalancedBagging_with_zip,with_billing_zip,BalancedBagging_original,small_business_value,1200.0,120.0,0.6,0.86,0.0,0,0,109,1579,0.0,0.0,0.0
BalancedBagging_with_zip,with_billing_zip,BalancedBagging_original,small_business_value,1200.0,120.0,0.6,0.87,0.0,0,0,109,1579,0.0,0.0,0.0
BalancedBagging_with_zip,with_billing_zip,BalancedBagging_original,small_business_value,1200.0,120.0,0.6,0.88,0.0,0,0,109,1579,0.0,0.0,0.0
BalancedBagging_with_zip,with_billing_zip,BalancedBagging_original,small_business_value,1200.0,120.0,0.6,0.89,0.0,0,0,109,1579,0.0,0.0,0.0
BalancedBagging_with_zip,with_billing_zip,BalancedBagging_original,small_business_value,1200.0,120.0,0.6,0.9,0.0,0,0,109,1579,0.0,0.0,0.0
BalancedBagging_with_zip,with_billing_zip,BalancedBagging_original,small_business_value,1200.0,120.0,0.6,0.91,0.0,0,0,109,1579,0.0,0.0,0.0
BalancedBagging_with_zip,with_billing_zip,BalancedBagging_original,small_business_value,1200.0,120.0,0.6,0.92,0.0,0,0,109,1579,0.0,0.0,0.0
BalancedBagging_with_zip,with_billing_zip,BalancedBagging_original,small_business_value,1200.0,120.0,0.6,0.93,0.0,0,0,109,1579,0.0,0.0,0.0
BalancedBagging_with_zip,with_billing_zip,BalancedBagging_original,small_business_value,1200.0,120.0,0.6,0.94,0.0,0,0,109,1579,0.0,0.0,0.0
BalancedBagging_with_zip,with_billing_zip,BalancedBagging_original,small_business_value,1200.0,120.0,0.6,0.95,0.0,0,0,109,1579,0.0,0.0,0.0
BalancedBagging_with_zip,with_billing_zip,BalancedBagging_original,small_business_value,1200.0,120.0,0.6,0.96,0.0,0,0,109,1579,0.0,0.0,0.0
BalancedBagging_with_zip,with_billing_zip,BalancedBagging_original,small_business_value,1200.0,120.0,0.6,0.97,0.0,0,0,109,1579,0.0,0.0,0.0
BalancedBagging_with_zip,with_billing_zip,BalancedBagging_original,small_business_value,1200.0,120.0,0.6,0.98,0.0,0,0,109,1579,0.0,0.0,0.0
BalancedBagging_with_zip,with_billing_zip,BalancedBagging_original,small_business_value,1200.0,120.0,0.6,0.99,0.0,0,0,109,1579,0.0,0.0,0.0
BalancedBagging_with_zip,with_billing_zip,BalancedBagging_original,enterprise_value,18000.0,120.0,0.6,0.01,987720.0,109,1579,0,0,1.0,0.06457345971563981,0.1213132999443517
BalancedBagging_with_zip,with_billing_zip,BalancedBagging_original,enterprise_value,18000.0,120.0,0.6,0.02,987720.0,109,1579,0,0,1.0,0.06457345971563981,0.1213132999443517
BalancedBagging_with_zip,with_billing_zip,BalancedBagging_original,enterprise_value,18000.0,120.0,0.6,0.03,987720.0,109,1579,0,0,1.0,0.06457345971563981,0.1213132999443517
BalancedBagging_with_zip,with_billing_zip,BalancedBagging_original,enterprise_value,18000.0,120.0,0.6,0.04,987720.0,109,1579,0,0,1.0,0.06457345971563981,0.1213132999443517
BalancedBagging_with_zip,with_billing_zip,BalancedBagging_original,enterprise_value,18000.0,120.0,0.6,0.05,987720.0,109,1579,0,0,1.0,0.06457345971563981,0.1213132999443517
BalancedBagging_with_zip,with_billing_zip,BalancedBagging_original,enterprise_value,18000.0,120.0,0.6,0.06,987720.0,109,1579,0,0,1.0,0.06457345971563981,0.1213132999443517
BalancedBagging_with_zip,with_billing_zip,BalancedBagging_original,enterprise_value,18000.0,120.0,0.6,0.07,987720.0,109,1579,0,0,1.0,0.06457345971563981,0.1213132999443517
BalancedBagging_with_zip,with_billing_zip,BalancedBagging_original,enterprise_value,18000.0,120.0,0.6,0.08,987720.0,109,1579,0,0,1.0,0.06457345971563981,0.1213132999443517
BalancedBagging_with_zip,with_billing_zip,BalancedBagging_original,enterprise_value,18000.0,120.0,0.6,0.09,987720.0,109,1579,0,0,1.0,0.06457345971563981,0.1213132999443517
BalancedBagging_with_zip,with_billing_zip,BalancedBagging_original,enterprise_value,18000.0,120.0,0.6,0.1,987720.0,109,1579,0,0,1.0,0.06457345971563981,0.1213132999443517
BalancedBagging_with_zip,with_billing_zip,BalancedBagging_original,enterprise_value,18000.0,120.0,0.6,0.11,987720.0,109,1579,0,0,1.0,0.06457345971563981,0.1213132999443517
BalancedBagging_with_zip,with_billing_zip,BalancedBagging_original,enterprise_value,18000.0,120.0,0.6,0.12,987720.0,109,1579,0,0,1.0,0.06457345971563981,0.1213132999443517
BalancedBagging_with_zip,with_billing_zip,BalancedBagging_original,enterprise_value,18000.0,120.0,0.6,0.13,987720.0,109,1579,0,0,1.0,0.06457345971563981,0.1213132999443517
BalancedBagging_with_zip,with_billing_zip,BalancedBagging_original,enterprise_value,18000.0,120.0,0.6,0.14,987720.0,109,1579,0,0,1.0,0.06457345971563981,0.1213132999443517
BalancedBagging_with_zip,with_billing_zip,BalancedBagging_original,enterprise_value,18000.0,120.0,0.6,0.15,987720.0,109,1579,0,0,1.0,0.06457345971563981,0.1213132999443517
BalancedBagging_with_zip,with_billing_zip,BalancedBagging_original,enterprise_value,18000.0,120.0,0.6,0.16,987720.0,109,1579,0,0,1.0,0.06457345971563981,0.1213132999443517
BalancedBagging_with_zip,with_billing_zip,BalancedBagging_original,enterprise_value,18000.0,120.0,0.6,0.17,987720.0,109,1579,0,0,1.0,0.06457345971563981,0.1213132999443517
BalancedBagging_with_zip,with_billing_zip,BalancedBagging_original,enterprise_value,18000.0,120.0,0.6,0.18,987720.0,109,1579,0,0,1.0,0.06457345971563981,0.1213132999443517
BalancedBagging_with_zip,with_billing_zip,BalancedBagging_original,enterprise_value,18000.0,120.0,0.6,0.19,987720.0,109,1579,0,0,1.0,0.06457345971563981,0.1213132999443517
BalancedBagging_with_zip,with_billing_zip,BalancedBagging_original,enterprise_value,18000.0,120.0,0.6,0.2,987720.0,109,1579,0,0,1.0,0.06457345971563981,0.1213132999443517
BalancedBagging_with_zip,with_billing_zip,BalancedBagging_original,enterprise_value,18000.0,120.0,0.6,0.21,987720.0,109,1579,0,0,1.0,0.06457345971563981,0.1213132999443517
BalancedBagging_with_zip,with_billing_zip,BalancedBagging_original,enterprise_value,18000.0,120.0,0.6,0.22,987720.0,109,1579,0,0,1.0,0.06457345971563981,0.1213132999443517
BalancedBagging_with_zip,with_billing_zip,BalancedBagging_original,enterprise_value,18000.0,120.0,0.6,0.23,987720.0,109,1579,0,0,1.0,0.06457345971563981,0.1213132999443517
BalancedBagging_with_zip,with_billing_zip,BalancedBagging_original,enterprise_value,18000.0,120.0,0.6,0.24,987840.0,109,1578,0,1,1.0,0.06461173681090694,0.12138084632516703
BalancedBagging_with_zip,with_billing_zip,BalancedBagging_original,enterprise_value,18000.0,120.0,0.6,0.25,988080.0,109,1576,0,3,1.0,0.06468842729970327,0.12151616499442586
BalancedBagging_with_zip,with_billing_zip,BalancedBagging_original,enterprise_value,18000.0,120.0,0.6,0.26,988320.0,109,1574,0,5,1.0,0.0647653000594177,0.12165178571428571
BalancedBagging_with_zip,with_billing_zip,BalancedBagging_original,enterprise_value,18000.0,120.0,0.6,0.27,988680.0,109,1571,0,8,1.0,0.06488095238095239,0.1218557853549469
BalancedBagging_with_zip,with_billing_zip,BalancedBagging_original,enterprise_value,18000.0,120.0,0.6,0.28,989040.0,109,1568,0,11,1.0,0.06499701848539058,0.12206047032474804
BalancedBagging_with_zip,with_billing_zip,BalancedBagging_original,enterprise_value,18000.0,120.0,0.6,0.29,989880.0,109,1561,0,18,1.0,0.06526946107784432,0.1225407532321529
BalancedBagging_with_zip,with_billing_zip,BalancedBagging_original,enterprise_value,18000.0,120.0,0.6,0.3,948720.0,105,1544,4,35,0.963302752293578,0.06367495451788963,0.11945392491467577
BalancedBagging_with_zip,with_billing_zip,BalancedBagging_original,enterprise_value,18000.0,120.0,0.6,0.31,950880.0,105,1526,4,53,0.963302752293578,0.06437768240343347,0.1206896551724138
BalancedBagging_with_zip,with_billing_zip,BalancedBagging_original,enterprise_value,18000.0,120.0,0.6,0.32,953880.0,105,1501,4,78,0.963302752293578,0.06537982565379825,0.12244897959183673
BalancedBagging_with_zip,with_billing_zip,BalancedBagging_original,enterprise_value,18000.0,120.0,0.6,0.33,936840.0,103,1463,6,116,0.944954128440367,0.06577266922094509,0.12298507462686567
BalancedBagging_with_zip,with_billing_zip,BalancedBagging_original,enterprise_value,18000.0,120.0,0.6,0.34,899280.0,99,1416,10,163,0.908256880733945,0.06534653465346535,0.12192118226600986
BalancedBagging_with_zip,with_billing_zip,BalancedBagging_original,enterprise_value,18000.0,120.0,0.6,0.35,872880.0,96,1366,13,213,0.8807339449541285,0.06566347469220246,0.12221514958625079
BalancedBagging_with_zip,with_billing_zip,BalancedBagging_original,enterprise_value,18000.0,120.0,0.6,0.36,848280.0,93,1301,16,278,0.8532110091743119,0.0667144906743185,0.12375249500998003
BalancedBagging_with_zip,with_billing_zip,BalancedBagging_original,enterprise_value,18000.0,120.0,0.6,0.37,822360.0,90,1247,19,332,0.8256880733944955,0.06731488406881077,0.12448132780082988
BalancedBagging_with_zip,with_billing_zip,BalancedBagging_original,enterprise_value,18000.0,120.0,0.6,0.38,807960.0,88,1187,21,392,0.8073394495412844,0.06901960784313725,0.12716763005780346
BalancedBagging_with_zip,with_billing_zip,BalancedBagging_original,enterprise_value,18000.0,120.0,0.6,0.39,781320.0,85,1139,24,440,0.7798165137614679,0.06944444444444445,0.1275318829707427
BalancedBagging_with_zip,with_billing_zip,BalancedBagging_original,enterprise_value,18000.0,120.0,0.6,0.4,765840.0,83,1088,26,491,0.7614678899082569,0.07087959009393681,0.1296875
BalancedBagging_with_zip,with_billing_zip,BalancedBagging_original,enterprise_value,18000.0,120.0,0.6,0.41,761400.0,82,1035,27,544,0.7522935779816514,0.07341092211280215,0.13376835236541598
BalancedBagging_with_zip,with_billing_zip,BalancedBagging_original,enterprise_value,18000.0,120.0,0.6,0.42,744480.0,80,996,29,583,0.7339449541284404,0.07434944237918216,0.1350210970464135
BalancedBagging_with_zip,with_billing_zip,BalancedBagging_original,enterprise_value,18000.0,120.0,0.6,0.43,704880.0,76,966,33,613,0.6972477064220184,0.07293666026871401,0.13205907906168549
BalancedBagging_with_zip,with_billing_zip,BalancedBagging_original,enterprise_value,18000.0,120.0,0.6,0.44,699480.0,75,921,34,658,0.6880733944954128,0.07530120481927711,0.13574660633484162
BalancedBagging_with_zip,with_billing_zip,BalancedBagging_original,enterprise_value,18000.0,120.0,0.6,0.45,671640.0,72,883,37,696,0.6605504587155964,0.07539267015706806,0.13533834586466165
BalancedBagging_with_zip,with_billing_zip,BalancedBagging_original,enterprise_value,18000.0,120.0,0.6,0.46,675360.0,72,852,37,727,0.6605504587155964,0.07792207792207792,0.1393998063891578
BalancedBagging_with_zip,with_billing_zip,BalancedBagging_original,enterprise_value,18000.0,120.0,0.6,0.47,646200.0,69,825,40,754,0.6330275229357798,0.07718120805369127,0.13758723828514458
BalancedBagging_with_zip,with_billing_zip,BalancedBagging_original,enterprise_value,18000.0,120.0,0.6,0.48,619320.0,66,779,43,800,0.6055045871559633,0.07810650887573964,0.13836477987421383
BalancedBagging_with_zip,with_billing_zip,BalancedBagging_original,enterprise_value,18000.0,120.0,0.6,0.49,603120.0,64,734,45,845,0.5871559633027523,0.08020050125313283,0.14112458654906285
BalancedBagging_with_zip,with_billing_zip,BalancedBagging_original,enterprise_value,18000.0,120.0,0.6,0.5,611280.0,64,666,45,913,0.5871559633027523,0.08767123287671233,0.15256257449344457
BalancedBagging_with_zip,with_billing_zip,BalancedBagging_original,enterprise_value,18000.0,120.0,0.6,0.51,585000.0,61,615,48,964,0.5596330275229358,0.09023668639053255,0.1554140127388535
BalancedBagging_with_zip,with_billing_zip,BalancedBagging_original,enterprise_value,18000.0,120.0,0.6,0.52,452400.0,48,550,61,1029,0.44036697247706424,0.0802675585284281,0.13578500707213578
BalancedBagging_with_zip,with_billing_zip,BalancedBagging_original,enterprise_value,18000.0,120.0,0.6,0.53,414840.0,44,503,65,1076,0.4036697247706422,0.08043875685557587,0.13414634146341464
BalancedBagging_with_zip,with_billing_zip,BalancedBagging_original,enterprise_value,18000.0,120.0,0.6,0.54,389640.0,41,443,68,1136,0.3761467889908257,0.08471074380165289,0.13827993254637436
BalancedBagging_with_zip,with_billing_zip,BalancedBagging_original,enterprise_value,18000.0,120.0,0.6,0.55,354840.0,37,373,72,1206,0.3394495412844037,0.09024390243902439,0.14258188824662812
BalancedBagging_with_zip,with_billing_zip,BalancedBagging_original,enterprise_value,18000.0,120.0,0.6,0.56,308520.0,32,309,77,1270,0.29357798165137616,0.093841642228739,0.14222222222222222
BalancedBagging_with_zip,with_billing_zip,BalancedBagging_original,enterprise_value,18000.0,120.0,0.6,0.57,206640.0,22,258,87,1321,0.2018348623853211,0.07857142857142857,0.11311053984575835
BalancedBagging_with_zip,with_billing_zip,BalancedBagging_original,enterprise_value,18000.0,120.0,0.6,0.58,189840.0,20,218,89,1361,0.1834862385321101,0.08403361344537816,0.11527377521613832
BalancedBagging_with_zip,with_billing_zip,BalancedBagging_original,enterprise_value,18000.0,120.0,0.6,0.59,151320.0,16,179,93,1400,0.14678899082568808,0.08205128205128205,0.10526315789473684
BalancedBagging_with_zip,with_billing_zip,BalancedBagging_original,enterprise_value,18000.0,120.0,0.6,0.6,156120.0,16,139,93,1440,0.14678899082568808,0.1032258064516129,0.12121212121212122
BalancedBagging_with_zip,with_billing_zip,BalancedBagging_original,enterprise_value,18000.0,120.0,0.6,0.61,138120.0,14,109,95,1470,0.12844036697247707,0.11382113821138211,0.1206896551724138
BalancedBagging_with_zip,with_billing_zip,BalancedBagging_original,enterprise_value,18000.0,120.0,0.6,0.62,108600.0,11,85,98,1494,0.10091743119266056,0.11458333333333333,0.1073170731707317
BalancedBagging_with_zip,with_billing_zip,BalancedBagging_original,enterprise_value,18000.0,120.0,0.6,0.63,57720.0,6,59,103,1520,0.05504587155963303,0.09230769230769231,0.06896551724137931
BalancedBagging_with_zip,with_billing_zip,BalancedBagging_original,enterprise_value,18000.0,120.0,0.6,0.64,48840.0,5,43,104,1536,0.045871559633027525,0.10416666666666667,0.06369426751592357
BalancedBagging_with_zip,with_billing_zip,BalancedBagging_original,enterprise_value,18000.0,120.0,0.6,0.65,40200.0,4,25,105,1554,0.03669724770642202,0.13793103448275862,0.057971014492753624
BalancedBagging_with_zip,with_billing_zip,BalancedBagging_original,enterprise_value,18000.0,120.0,0.6,0.66,30360.0,3,17,106,1562,0.027522935779816515,0.15,0.046511627906976744
BalancedBagging_with_zip,with_billing_zip,BalancedBagging_original,enterprise_value,18000.0,120.0,0.6,0.67,30840.0,3,13,106,1566,0.027522935779816515,0.1875,0.048
BalancedBagging_with_zip,with_billing_zip,BalancedBagging_original,enterprise_value,18000.0,120.0,0.6,0.68,20160.0,2,12,107,1567,0.01834862385321101,0.14285714285714285,0.032520325203252036
BalancedBagging_with_zip,with_billing_zip,BalancedBagging_original,enterprise_value,18000.0,120.0,0.6,0.69,10080.0,1,6,108,1573,0.009174311926605505,0.14285714285714285,0.017241379310344827
BalancedBagging_with_zip,with_billing_zip,BalancedBagging_original,enterprise_value,18000.0,120.0,0.6,0.7,-480.0,0,4,109,1575,0.0,0.0,0.0
BalancedBagging_with_zip,with_billing_zip,BalancedBagging_original,enterprise_value,18000.0,120.0,0.6,0.71,-360.0,0,3,109,1576,0.0,0.0,0.0
BalancedBagging_with_zip,with_billing_zip,BalancedBagging_original,enterprise_value,18000.0,120.0,0.6,0.72,-240.0,0,2,109,1577,0.0,0.0,0.0
BalancedBagging_with_zip,with_billing_zip,BalancedBagging_original,enterprise_value,18000.0,120.0,0.6,0.73,-120.0,0,1,109,1578,0.0,0.0,0.0
BalancedBagging_with_zip,with_billing_zip,BalancedBagging_original,enterprise_value,18000.0,120.0,0.6,0.74,0.0,0,0,109,1579,0.0,0.0,0.0
BalancedBagging_with_zip,with_billing_zip,BalancedBagging_original,enterprise_value,18000.0,120.0,0.6,0.75,0.0,0,0,109,1579,0.0,0.0,0.0
BalancedBagging_with_zip,with_billing_zip,BalancedBagging_original,enterprise_value,18000.0,120.0,0.6,0.76,0.0,0,0,109,1579,0.0,0.0,0.0
BalancedBagging_with_zip,with_billing_zip,BalancedBagging_original,enterprise_value,18000.0,120.0,0.6,0.77,0.0,0,0,109,1579,0.0,0.0,0.0
BalancedBagging_with_zip,with_billing_zip,BalancedBagging_original,enterprise_value,18000.0,120.0,0.6,0.78,0.0,0,0,109,1579,0.0,0.0,0.0
BalancedBagging_with_zip,with_billing_zip,BalancedBagging_original,enterprise_value,18000.0,120.0,0.6,0.79,0.0,0,0,109,1579,0.0,0.0,0.0
BalancedBagging_with_zip,with_billing_zip,BalancedBagging_original,enterprise_value,18000.0,120.0,0.6,0.8,0.0,0,0,109,1579,0.0,0.0,0.0
BalancedBagging_with_zip,with_billing_zip,BalancedBagging_original,enterprise_value,18000.0,120.0,0.6,0.81,0.0,0,0,109,1579,0.0,0.0,0.0
BalancedBagging_with_zip,with_billing_zip,BalancedBagging_original,enterprise_value,18000.0,120.0,0.6,0.82,0.0,0,0,109,1579,0.0,0.0,0.0
BalancedBagging_with_zip,with_billing_zip,BalancedBagging_original,enterprise_value,18000.0,120.0,0.6,0.83,0.0,0,0,109,1579,0.0,0.0,0.0
BalancedBagging_with_zip,with_billing_zip,BalancedBagging_original,enterprise_value,18000.0,120.0,0.6,0.84,0.0,0,0,109,1579,0.0,0.0,0.0
BalancedBagging_with_zip,with_billing_zip,BalancedBagging_original,enterprise_value,18000.0,120.0,0.6,0.85,0.0,0,0,109,1579,0.0,0.0,0.0
BalancedBagging_with_zip,with_billing_zip,BalancedBagging_original,enterprise_value,18000.0,120.0,0.6,0.86,0.0,0,0,109,1579,0.0,0.0,0.0
BalancedBagging_with_zip,with_billing_zip,BalancedBagging_original,enterprise_value,18000.0,120.0,0.6,0.87,0.0,0,0,109,1579,0.0,0.0,0.0
BalancedBagging_with_zip,with_billing_zip,BalancedBagging_original,enterprise_value,18000.0,120.0,0.6,0.88,0.0,0,0,109,1579,0.0,0.0,0.0
BalancedBagging_with_zip,with_billing_zip,BalancedBagging_original,enterprise_value,18000.0,120.0,0.6,0.89,0.0,0,0,109,1579,0.0,0.0,0.0
BalancedBagging_with_zip,with_billing_zip,BalancedBagging_original,enterprise_value,18000.0,120.0,0.6,0.9,0.0,0,0,109,1579,0.0,0.0,0.0
BalancedBagging_with_zip,with_billing_zip,BalancedBagging_original,enterprise_value,18000.0,120.0,0.6,0.91,0.0,0,0,109,1579,0.0,0.0,0.0
BalancedBagging_with_zip,with_billing_zip,BalancedBagging_original,enterprise_value,18000.0,120.0,0.6,0.92,0.0,0,0,109,1579,0.0,0.0,0.0
BalancedBagging_with_zip,with_billing_zip,BalancedBagging_original,enterprise_value,18000.0,120.0,0.6,0.93,0.0,0,0,109,1579,0.0,0.0,0.0
BalancedBagging_with_zip,with_billing_zip,BalancedBagging_original,enterprise_value,18000.0,120.0,0.6,0.94,0.0,0,0,109,1579,0.0,0.0,0.0
BalancedBagging_with_zip,with_billing_zip,BalancedBagging_original,enterprise_value,18000.0,120.0,0.6,0.95,0.0,0,0,109,1579,0.0,0.0,0.0
BalancedBagging_with_zip,with_billing_zip,BalancedBagging_original,enterprise_value,18000.0,120.0,0.6,0.96,0.0,0,0,109,1579,0.0,0.0,0.0
BalancedBagging_with_zip,with_billing_zip,BalancedBagging_original,enterprise_value,18000.0,120.0,0.6,0.97,0.0,0,0,109,1579,0.0,0.0,0.0
BalancedBagging_with_zip,with_billing_zip,BalancedBagging_original,enterprise_value,18000.0,120.0,0.6,0.98,0.0,0,0,109,1579,0.0,0.0,0.0
BalancedBagging_with_zip,with_billing_zip,BalancedBagging_original,enterprise_value,18000.0,120.0,0.6,0.99,0.0,0,0,109,1579,0.0,0.0,0.0
BalancedBagging_no_zip,without_billing_zip,BalancedBagging_original,optimistic_low_campaign_cost,5400.0,30.0,0.6,0.01,305790.0,109,1579,0,0,1.0,0.06457345971563981,0.1213132999443517
BalancedBagging_no_zip,without_billing_zip,BalancedBagging_original,optimistic_low_campaign_cost,5400.0,30.0,0.6,0.02,305790.0,109,1579,0,0,1.0,0.06457345971563981,0.1213132999443517
BalancedBagging_no_zip,without_billing_zip,BalancedBagging_original,optimistic_low_campaign_cost,5400.0,30.0,0.6,0.03,305790.0,109,1579,0,0,1.0,0.06457345971563981,0.1213132999443517
BalancedBagging_no_zip,without_billing_zip,BalancedBagging_original,optimistic_low_campaign_cost,5400.0,30.0,0.6,0.04,305790.0,109,1579,0,0,1.0,0.06457345971563981,0.1213132999443517
BalancedBagging_no_zip,without_billing_zip,BalancedBagging_original,optimistic_low_campaign_cost,5400.0,30.0,0.6,0.05,305790.0,109,1579,0,0,1.0,0.06457345971563981,0.1213132999443517
BalancedBagging_no_zip,without_billing_zip,BalancedBagging_original,optimistic_low_campaign_cost,5400.0,30.0,0.6,0.06,305790.0,109,1579,0,0,1.0,0.06457345971563981,0.1213132999443517
BalancedBagging_no_zip,without_billing_zip,BalancedBagging_original,optimistic_low_campaign_cost,5400.0,30.0,0.6,0.07,305790.0,109,1579,0,0,1.0,0.06457345971563981,0.1213132999443517
BalancedBagging_no_zip,without_billing_zip,BalancedBagging_original,optimistic_low_campaign_cost,5400.0,30.0,0.6,0.08,305790.0,109,1579,0,0,1.0,0.06457345971563981,0.1213132999443517
BalancedBagging_no_zip,without_billing_zip,BalancedBagging_original,optimistic_low_campaign_cost,5400.0,30.0,0.6,0.09,305790.0,109,1579,0,0,1.0,0.06457345971563981,0.1213132999443517
BalancedBagging_no_zip,without_billing_zip,BalancedBagging_original,optimistic_low_campaign_cost,5400.0,30.0,0.6,0.1,305790.0,109,1579,0,0,1.0,0.06457345971563981,0.1213132999443517
BalancedBagging_no_zip,without_billing_zip,BalancedBagging_original,optimistic_low_campaign_cost,5400.0,30.0,0.6,0.11,305790.0,109,1579,0,0,1.0,0.06457345971563981,0.1213132999443517
BalancedBagging_no_zip,without_billing_zip,BalancedBagging_original,optimistic_low_campaign_cost,5400.0,30.0,0.6,0.12,305790.0,109,1579,0,0,1.0,0.06457345971563981,0.1213132999443517
BalancedBagging_no_zip,without_billing_zip,BalancedBagging_original,optimistic_low_campaign_cost,5400.0,30.0,0.6,0.13,305790.0,109,1579,0,0,1.0,0.06457345971563981,0.1213132999443517
BalancedBagging_no_zip,without_billing_zip,BalancedBagging_original,optimistic_low_campaign_cost,5400.0,30.0,0.6,0.14,305790.0,109,1579,0,0,1.0,0.06457345971563981,0.1213132999443517
BalancedBagging_no_zip,without_billing_zip,BalancedBagging_original,optimistic_low_campaign_cost,5400.0,30.0,0.6,0.15,305790.0,109,1579,0,0,1.0,0.06457345971563981,0.1213132999443517
BalancedBagging_no_zip,without_billing_zip,BalancedBagging_original,optimistic_low_campaign_cost,5400.0,30.0,0.6,0.16,305790.0,109,1579,0,0,1.0,0.06457345971563981,0.1213132999443517
BalancedBagging_no_zip,without_billing_zip,BalancedBagging_original,optimistic_low_campaign_cost,5400.0,30.0,0.6,0.17,305790.0,109,1579,0,0,1.0,0.06457345971563981,0.1213132999443517
BalancedBagging_no_zip,without_billing_zip,BalancedBagging_original,optimistic_low_campaign_cost,5400.0,30.0,0.6,0.18,305790.0,109,1579,0,0,1.0,0.06457345971563981,0.1213132999443517
BalancedBagging_no_zip,without_billing_zip,BalancedBagging_original,optimistic_low_campaign_cost,5400.0,30.0,0.6,0.19,305790.0,109,1579,0,0,1.0,0.06457345971563981,0.1213132999443517
BalancedBagging_no_zip,without_billing_zip,BalancedBagging_original,optimistic_low_campaign_cost,5400.0,30.0,0.6,0.2,305790.0,109,1579,0,0,1.0,0.06457345971563981,0.1213132999443517
BalancedBagging_no_zip,without_billing_zip,BalancedBagging_original,optimistic_low_campaign_cost,5400.0,30.0,0.6,0.21,305790.0,109,1579,0,0,1.0,0.06457345971563981,0.1213132999443517
BalancedBagging_no_zip,without_billing_zip,BalancedBagging_original,optimistic_low_campaign_cost,5400.0,30.0,0.6,0.22,305850.0,109,1577,0,2,1.0,0.06465005931198102,0.12144846796657381
BalancedBagging_no_zip,without_billing_zip,BalancedBagging_original,optimistic_low_campaign_cost,5400.0,30.0,0.6,0.23,305880.0,109,1576,0,3,1.0,0.06468842729970327,0.12151616499442586
BalancedBagging_no_zip,without_billing_zip,BalancedBagging_original,optimistic_low_campaign_cost,5400.0,30.0,0.6,0.24,305940.0,109,1574,0,5,1.0,0.0647653000594177,0.12165178571428571
BalancedBagging_no_zip,without_billing_zip,BalancedBagging_original,optimistic_low_campaign_cost,5400.0,30.0,0.6,0.25,306060.0,109,1570,0,9,1.0,0.06491959499702203,0.12192393736017897
BalancedBagging_no_zip,without_billing_zip,BalancedBagging_original,optimistic_low_campaign_cost,5400.0,30.0,0.6,0.26,302940.0,108,1566,1,13,0.9908256880733946,0.06451612903225806,0.12114413909141895
BalancedBagging_no_zip,without_billing_zip,BalancedBagging_original,optimistic_low_campaign_cost,5400.0,30.0,0.6,0.27,299970.0,107,1557,2,22,0.981651376146789,0.06430288461538461,0.12069937958262832
BalancedBagging_no_zip,without_billing_zip,BalancedBagging_original,optimistic_low_campaign_cost,5400.0,30.0,0.6,0.28,300150.0,107,1551,2,28,0.981651376146789,0.06453558504221954,0.1211092246745897
BalancedBagging_no_zip,without_billing_zip,BalancedBagging_original,optimistic_low_campaign_cost,5400.0,30.0,0.6,0.29,300360.0,107,1544,2,35,0.981651376146789,0.06480920654149,0.1215909090909091
BalancedBagging_no_zip,without_billing_zip,BalancedBagging_original,optimistic_low_campaign_cost,5400.0,30.0,0.6,0.3,300900.0,107,1526,2,53,0.981651376146789,0.065523576240049,0.12284730195177956
BalancedBagging_no_zip,without_billing_zip,BalancedBagging_original,optimistic_low_campaign_cost,5400.0,30.0,0.6,0.31,291720.0,104,1508,5,71,0.9541284403669725,0.06451612903225806,0.12085996513654852
BalancedBagging_no_zip,without_billing_zip,BalancedBagging_original,optimistic_low_campaign_cost,5400.0,30.0,0.6,0.32,282810.0,101,1481,8,98,0.926605504587156,0.0638432364096081,0.11945594322885866
BalancedBagging_no_zip,without_billing_zip,BalancedBagging_original,optimistic_low_campaign_cost,5400.0,30.0,0.6,0.33,274200.0,98,1444,11,135,0.8990825688073395,0.06355382619974059,0.11871592973955179
BalancedBagging_no_zip,without_billing_zip,BalancedBagging_original,optimistic_low_campaign_cost,5400.0,30.0,0.6,0.34,265830.0,95,1399,14,180,0.8715596330275229,0.06358768406961178,0.11852776044915783
BalancedBagging_no_zip,without_billing_zip,BalancedBagging_original,optimistic_low_campaign_cost,5400.0,30.0,0.6,0.35,264060.0,94,1350,15,229,0.8623853211009175,0.06509695290858726,0.1210560206052801
BalancedBagging_no_zip,without_billing_zip,BalancedBagging_original,optimistic_low_campaign_cost,5400.0,30.0,0.6,0.36,262470.0,93,1295,16,284,0.8532110091743119,0.0670028818443804,0.12424849699398798
BalancedBagging_no_zip,without_billing_zip,BalancedBagging_original,optimistic_low_campaign_cost,5400.0,30.0,0.6,0.37,251100.0,89,1242,20,337,0.8165137614678899,0.06686701728024042,0.12361111111111112
BalancedBagging_no_zip,without_billing_zip,BalancedBagging_original,optimistic_low_campaign_cost,5400.0,30.0,0.6,0.38,246570.0,87,1177,22,402,0.7981651376146789,0.06882911392405064,0.12672978878368535
BalancedBagging_no_zip,without_billing_zip,BalancedBagging_original,optimistic_low_campaign_cost,5400.0,30.0,0.6,0.39,247860.0,87,1134,22,445,0.7981651376146789,0.07125307125307126,0.13082706766917293
BalancedBagging_no_zip,without_billing_zip,BalancedBagging_original,optimistic_low_campaign_cost,5400.0,30.0,0.6,0.4,245700.0,86,1098,23,481,0.7889908256880734,0.07263513513513513,0.13302397525135345
BalancedBagging_no_zip,without_billing_zip,BalancedBagging_original,optimistic_low_campaign_cost,5400.0,30.0,0.6,0.41,243480.0,85,1064,24,515,0.7798165137614679,0.07397737162750218,0.13513513513513514
BalancedBagging_no_zip,without_billing_zip,BalancedBagging_original,optimistic_low_campaign_cost,5400.0,30.0,0.6,0.42,234990.0,82,1023,27,556,0.7522935779816514,0.07420814479638009,0.13509060955518945
BalancedBagging_no_zip,without_billing_zip,BalancedBagging_original,optimistic_low_campaign_cost,5400.0,30.0,0.6,0.43,229530.0,80,989,29,590,0.7339449541284404,0.07483629560336763,0.13582342954159593
BalancedBagging_no_zip,without_billing_zip,BalancedBagging_original,optimistic_low_campaign_cost,5400.0,30.0,0.6,0.44,220920.0,77,952,32,627,0.7064220183486238,0.07482993197278912,0.13532513181019332
BalancedBagging_no_zip,without_billing_zip,BalancedBagging_original,optimistic_low_campaign_cost,5400.0,30.0,0.6,0.45,205650.0,72,921,37,658,0.6605504587155964,0.07250755287009064,0.1306715063520871
BalancedBagging_no_zip,without_billing_zip,BalancedBagging_original,optimistic_low_campaign_cost,5400.0,30.0,0.6,0.46,203520.0,71,884,38,695,0.6513761467889908,0.0743455497382199,0.13345864661654136
BalancedBagging_no_zip,without_billing_zip,BalancedBagging_original,optimistic_low_campaign_cost,5400.0,30.0,0.6,0.47,201120.0,70,856,39,723,0.6422018348623854,0.0755939524838013,0.13526570048309178
BalancedBagging_no_zip,without_billing_zip,BalancedBagging_original,optimistic_low_campaign_cost,5400.0,30.0,0.6,0.48,189480.0,66,812,43,767,0.6055045871559633,0.07517084282460136,0.1337386018237082
BalancedBagging_no_zip,without_billing_zip,BalancedBagging_original,optimistic_low_campaign_cost,5400.0,30.0,0.6,0.49,178110.0,62,759,47,820,0.5688073394495413,0.07551766138855055,0.13333333333333333
BalancedBagging_no_zip,without_billing_zip,BalancedBagging_original,optimistic_low_campaign_cost,5400.0,30.0,0.6,0.5,173700.0,60,690,49,889,0.5504587155963303,0.08,0.13969732246798602
BalancedBagging_no_zip,without_billing_zip,BalancedBagging_original,optimistic_low_campaign_cost,5400.0,30.0,0.6,0.51,171930.0,59,641,50,938,0.5412844036697247,0.08428571428571428,0.14585908529048208
BalancedBagging_no_zip,without_billing_zip,BalancedBagging_original,optimistic_low_campaign_cost,5400.0,30.0,0.6,0.52,147570.0,51,589,58,990,0.46788990825688076,0.0796875,0.13618157543391188
BalancedBagging_no_zip,without_billing_zip,BalancedBagging_original,optimistic_low_campaign_cost,5400.0,30.0,0.6,0.53,126540.0,44,534,65,1045,0.4036697247706422,0.07612456747404844,0.12809315866084425
BalancedBagging_no_zip,without_billing_zip,BalancedBagging_original,optimistic_low_campaign_cost,5400.0,30.0,0.6,0.54,109080.0,38,468,71,1111,0.3486238532110092,0.07509881422924901,0.12357723577235773
BalancedBagging_no_zip,without_billing_zip,BalancedBagging_original,optimistic_low_campaign_cost,5400.0,30.0,0.6,0.55,91830.0,32,395,77,1184,0.29357798165137616,0.07494145199063232,0.11940298507462686
BalancedBagging_no_zip,without_billing_zip,BalancedBagging_original,optimistic_low_campaign_cost,5400.0,30.0,0.6,0.56,71310.0,25,323,84,1256,0.22935779816513763,0.07183908045977011,0.10940919037199125
BalancedBagging_no_zip,without_billing_zip,BalancedBagging_original,optimistic_low_campaign_cost,5400.0,30.0,0.6,0.57,60120.0,21,264,88,1315,0.1926605504587156,0.07368421052631578,0.1065989847715736
BalancedBagging_no_zip,without_billing_zip,BalancedBagging_original,optimistic_low_campaign_cost,5400.0,30.0,0.6,0.58,61290.0,21,225,88,1354,0.1926605504587156,0.08536585365853659,0.11830985915492957
BalancedBagging_no_zip,without_billing_zip,BalancedBagging_original,optimistic_low_campaign_cost,5400.0,30.0,0.6,0.59,36720.0,13,180,96,1399,0.11926605504587157,0.06735751295336788,0.08609271523178808
BalancedBagging_no_zip,without_billing_zip,BalancedBagging_original,optimistic_low_campaign_cost,5400.0,30.0,0.6,0.6,31500.0,11,138,98,1441,0.10091743119266056,0.0738255033557047,0.08527131782945736
BalancedBagging_no_zip,without_billing_zip,BalancedBagging_original,optimistic_low_campaign_cost,5400.0,30.0,0.6,0.61,25740.0,9,114,100,1465,0.08256880733944955,0.07317073170731707,0.07758620689655173
BalancedBagging_no_zip,without_billing_zip,BalancedBagging_original,optimistic_low_campaign_cost,5400.0,30.0,0.6,0.62,23460.0,8,82,101,1497,0.07339449541284404,0.08888888888888889,0.08040201005025126
BalancedBagging_no_zip,without_billing_zip,BalancedBagging_original,optimistic_low_campaign_cost,5400.0,30.0,0.6,0.63,17520.0,6,64,103,1515,0.05504587155963303,0.08571428571428572,0.0670391061452514
BalancedBagging_no_zip,without_billing_zip,BalancedBagging_original,optimistic_low_campaign_cost,5400.0,30.0,0.6,0.64,14790.0,5,47,104,1532,0.045871559633027525,0.09615384615384616,0.062111801242236024
BalancedBagging_no_zip,without_billing_zip,BalancedBagging_original,optimistic_low_campaign_cost,5400.0,30.0,0.6,0.65,11910.0,4,35,105,1544,0.03669724770642202,0.10256410256410256,0.05405405405405406
BalancedBagging_no_zip,without_billing_zip,BalancedBagging_original,optimistic_low_campaign_cost,5400.0,30.0,0.6,0.66,12180.0,4,26,105,1553,0.03669724770642202,0.13333333333333333,0.05755395683453238
BalancedBagging_no_zip,without_billing_zip,BalancedBagging_original,optimistic_low_campaign_cost,5400.0,30.0,0.6,0.67,12300.0,4,22,105,1557,0.03669724770642202,0.15384615384615385,0.05925925925925926
BalancedBagging_no_zip,without_billing_zip,BalancedBagging_original,optimistic_low_campaign_cost,5400.0,30.0,0.6,0.68,12420.0,4,18,105,1561,0.03669724770642202,0.18181818181818182,0.061068702290076333
BalancedBagging_no_zip,without_billing_zip,BalancedBagging_original,optimistic_low_campaign_cost,5400.0,30.0,0.6,0.69,12570.0,4,13,105,1566,0.03669724770642202,0.23529411764705882,0.06349206349206349
BalancedBagging_no_zip,without_billing_zip,BalancedBagging_original,optimistic_low_campaign_cost,5400.0,30.0,0.6,0.7,2940.0,1,10,108,1569,0.009174311926605505,0.09090909090909091,0.016666666666666666
BalancedBagging_no_zip,without_billing_zip,BalancedBagging_original,optimistic_low_campaign_cost,5400.0,30.0,0.6,0.71,-150.0,0,5,109,1574,0.0,0.0,0.0
BalancedBagging_no_zip,without_billing_zip,BalancedBagging_original,optimistic_low_campaign_cost,5400.0,30.0,0.6,0.72,-90.0,0,3,109,1576,0.0,0.0,0.0
BalancedBagging_no_zip,without_billing_zip,BalancedBagging_original,optimistic_low_campaign_cost,5400.0,30.0,0.6,0.73,-60.0,0,2,109,1577,0.0,0.0,0.0
BalancedBagging_no_zip,without_billing_zip,BalancedBagging_original,optimistic_low_campaign_cost,5400.0,30.0,0.6,0.74,0.0,0,0,109,1579,0.0,0.0,0.0
BalancedBagging_no_zip,without_billing_zip,BalancedBagging_original,optimistic_low_campaign_cost,5400.0,30.0,0.6,0.75,0.0,0,0,109,1579,0.0,0.0,0.0
BalancedBagging_no_zip,without_billing_zip,BalancedBagging_original,optimistic_low_campaign_cost,5400.0,30.0,0.6,0.76,0.0,0,0,109,1579,0.0,0.0,0.0
BalancedBagging_no_zip,without_billing_zip,BalancedBagging_original,optimistic_low_campaign_cost,5400.0,30.0,0.6,0.77,0.0,0,0,109,1579,0.0,0.0,0.0
BalancedBagging_no_zip,without_billing_zip,BalancedBagging_original,optimistic_low_campaign_cost,5400.0,30.0,0.6,0.78,0.0,0,0,109,1579,0.0,0.0,0.0
BalancedBagging_no_zip,without_billing_zip,BalancedBagging_original,optimistic_low_campaign_cost,5400.0,30.0,0.6,0.79,0.0,0,0,109,1579,0.0,0.0,0.0
BalancedBagging_no_zip,without_billing_zip,BalancedBagging_original,optimistic_low_campaign_cost,5400.0,30.0,0.6,0.8,0.0,0,0,109,1579,0.0,0.0,0.0
BalancedBagging_no_zip,without_billing_zip,BalancedBagging_original,optimistic_low_campaign_cost,5400.0,30.0,0.6,0.81,0.0,0,0,109,1579,0.0,0.0,0.0
BalancedBagging_no_zip,without_billing_zip,BalancedBagging_original,optimistic_low_campaign_cost,5400.0,30.0,0.6,0.82,0.0,0,0,109,1579,0.0,0.0,0.0
BalancedBagging_no_zip,without_billing_zip,BalancedBagging_original,optimistic_low_campaign_cost,5400.0,30.0,0.6,0.83,0.0,0,0,109,1579,0.0,0.0,0.0
BalancedBagging_no_zip,without_billing_zip,BalancedBagging_original,optimistic_low_campaign_cost,5400.0,30.0,0.6,0.84,0.0,0,0,109,1579,0.0,0.0,0.0
BalancedBagging_no_zip,without_billing_zip,BalancedBagging_original,optimistic_low_campaign_cost,5400.0,30.0,0.6,0.85,0.0,0,0,109,1579,0.0,0.0,0.0
BalancedBagging_no_zip,without_billing_zip,BalancedBagging_original,optimistic_low_campaign_cost,5400.0,30.0,0.6,0.86,0.0,0,0,109,1579,0.0,0.0,0.0
BalancedBagging_no_zip,without_billing_zip,BalancedBagging_original,optimistic_low_campaign_cost,5400.0,30.0,0.6,0.87,0.0,0,0,109,1579,0.0,0.0,0.0
BalancedBagging_no_zip,without_billing_zip,BalancedBagging_original,optimistic_low_campaign_cost,5400.0,30.0,0.6,0.88,0.0,0,0,109,1579,0.0,0.0,0.0
BalancedBagging_no_zip,without_billing_zip,BalancedBagging_original,optimistic_low_campaign_cost,5400.0,30.0,0.6,0.89,0.0,0,0,109,1579,0.0,0.0,0.0
BalancedBagging_no_zip,without_billing_zip,BalancedBagging_original,optimistic_low_campaign_cost,5400.0,30.0,0.6,0.9,0.0,0,0,109,1579,0.0,0.0,0.0
BalancedBagging_no_zip,without_billing_zip,BalancedBagging_original,optimistic_low_campaign_cost,5400.0,30.0,0.6,0.91,0.0,0,0,109,1579,0.0,0.0,0.0
BalancedBagging_no_zip,without_billing_zip,BalancedBagging_original,optimistic_low_campaign_cost,5400.0,30.0,0.6,0.92,0.0,0,0,109,1579,0.0,0.0,0.0
BalancedBagging_no_zip,without_billing_zip,BalancedBagging_original,optimistic_low_campaign_cost,5400.0,30.0,0.6,0.93,0.0,0,0,109,1579,0.0,0.0,0.0
BalancedBagging_no_zip,without_billing_zip,BalancedBagging_original,optimistic_low_campaign_cost,5400.0,30.0,0.6,0.94,0.0,0,0,109,1579,0.0,0.0,0.0
BalancedBagging_no_zip,without_billing_zip,BalancedBagging_original,optimistic_low_campaign_cost,5400.0,30.0,0.6,0.95,0.0,0,0,109,1579,0.0,0.0,0.0
BalancedBagging_no_zip,without_billing_zip,BalancedBagging_original,optimistic_low_campaign_cost,5400.0,30.0,0.6,0.96,0.0,0,0,109,1579,0.0,0.0,0.0
BalancedBagging_no_zip,without_billing_zip,BalancedBagging_original,optimistic_low_campaign_cost,5400.0,30.0,0.6,0.97,0.0,0,0,109,1579,0.0,0.0,0.0
BalancedBagging_no_zip,without_billing_zip,BalancedBagging_original,optimistic_low_campaign_cost,5400.0,30.0,0.6,0.98,0.0,0,0,109,1579,0.0,0.0,0.0
BalancedBagging_no_zip,without_billing_zip,BalancedBagging_original,optimistic_low_campaign_cost,5400.0,30.0,0.6,0.99,0.0,0,0,109,1579,0.0,0.0,0.0
BalancedBagging_no_zip,without_billing_zip,BalancedBagging_original,paper_baseline,5400.0,120.0,0.6,0.01,163680.0,109,1579,0,0,1.0,0.06457345971563981,0.1213132999443517
BalancedBagging_no_zip,without_billing_zip,BalancedBagging_original,paper_baseline,5400.0,120.0,0.6,0.02,163680.0,109,1579,0,0,1.0,0.06457345971563981,0.1213132999443517
BalancedBagging_no_zip,without_billing_zip,BalancedBagging_original,paper_baseline,5400.0,120.0,0.6,0.03,163680.0,109,1579,0,0,1.0,0.06457345971563981,0.1213132999443517
BalancedBagging_no_zip,without_billing_zip,BalancedBagging_original,paper_baseline,5400.0,120.0,0.6,0.04,163680.0,109,1579,0,0,1.0,0.06457345971563981,0.1213132999443517
BalancedBagging_no_zip,without_billing_zip,BalancedBagging_original,paper_baseline,5400.0,120.0,0.6,0.05,163680.0,109,1579,0,0,1.0,0.06457345971563981,0.1213132999443517
BalancedBagging_no_zip,without_billing_zip,BalancedBagging_original,paper_baseline,5400.0,120.0,0.6,0.06,163680.0,109,1579,0,0,1.0,0.06457345971563981,0.1213132999443517
BalancedBagging_no_zip,without_billing_zip,BalancedBagging_original,paper_baseline,5400.0,120.0,0.6,0.07,163680.0,109,1579,0,0,1.0,0.06457345971563981,0.1213132999443517
BalancedBagging_no_zip,without_billing_zip,BalancedBagging_original,paper_baseline,5400.0,120.0,0.6,0.08,163680.0,109,1579,0,0,1.0,0.06457345971563981,0.1213132999443517
BalancedBagging_no_zip,without_billing_zip,BalancedBagging_original,paper_baseline,5400.0,120.0,0.6,0.09,163680.0,109,1579,0,0,1.0,0.06457345971563981,0.1213132999443517
BalancedBagging_no_zip,without_billing_zip,BalancedBagging_original,paper_baseline,5400.0,120.0,0.6,0.1,163680.0,109,1579,0,0,1.0,0.06457345971563981,0.1213132999443517
BalancedBagging_no_zip,without_billing_zip,BalancedBagging_original,paper_baseline,5400.0,120.0,0.6,0.11,163680.0,109,1579,0,0,1.0,0.06457345971563981,0.1213132999443517
BalancedBagging_no_zip,without_billing_zip,BalancedBagging_original,paper_baseline,5400.0,120.0,0.6,0.12,163680.0,109,1579,0,0,1.0,0.06457345971563981,0.1213132999443517
BalancedBagging_no_zip,without_billing_zip,BalancedBagging_original,paper_baseline,5400.0,120.0,0.6,0.13,163680.0,109,1579,0,0,1.0,0.06457345971563981,0.1213132999443517
BalancedBagging_no_zip,without_billing_zip,BalancedBagging_original,paper_baseline,5400.0,120.0,0.6,0.14,163680.0,109,1579,0,0,1.0,0.06457345971563981,0.1213132999443517
BalancedBagging_no_zip,without_billing_zip,BalancedBagging_original,paper_baseline,5400.0,120.0,0.6,0.15,163680.0,109,1579,0,0,1.0,0.06457345971563981,0.1213132999443517
BalancedBagging_no_zip,without_billing_zip,BalancedBagging_original,paper_baseline,5400.0,120.0,0.6,0.16,163680.0,109,1579,0,0,1.0,0.06457345971563981,0.1213132999443517
BalancedBagging_no_zip,without_billing_zip,BalancedBagging_original,paper_baseline,5400.0,120.0,0.6,0.17,163680.0,109,1579,0,0,1.0,0.06457345971563981,0.1213132999443517
BalancedBagging_no_zip,without_billing_zip,BalancedBagging_original,paper_baseline,5400.0,120.0,0.6,0.18,163680.0,109,1579,0,0,1.0,0.06457345971563981,0.1213132999443517
BalancedBagging_no_zip,without_billing_zip,BalancedBagging_original,paper_baseline,5400.0,120.0,0.6,0.19,163680.0,109,1579,0,0,1.0,0.06457345971563981,0.1213132999443517
BalancedBagging_no_zip,without_billing_zip,BalancedBagging_original,paper_baseline,5400.0,120.0,0.6,0.2,163680.0,109,1579,0,0,1.0,0.06457345971563981,0.1213132999443517
BalancedBagging_no_zip,without_billing_zip,BalancedBagging_original,paper_baseline,5400.0,120.0,0.6,0.21,163680.0,109,1579,0,0,1.0,0.06457345971563981,0.1213132999443517
BalancedBagging_no_zip,without_billing_zip,BalancedBagging_original,paper_baseline,5400.0,120.0,0.6,0.22,163920.0,109,1577,0,2,1.0,0.06465005931198102,0.12144846796657381
BalancedBagging_no_zip,without_billing_zip,BalancedBagging_original,paper_baseline,5400.0,120.0,0.6,0.23,164040.0,109,1576,0,3,1.0,0.06468842729970327,0.12151616499442586
BalancedBagging_no_zip,without_billing_zip,BalancedBagging_original,paper_baseline,5400.0,120.0,0.6,0.24,164280.0,109,1574,0,5,1.0,0.0647653000594177,0.12165178571428571
BalancedBagging_no_zip,without_billing_zip,BalancedBagging_original,paper_baseline,5400.0,120.0,0.6,0.25,164760.0,109,1570,0,9,1.0,0.06491959499702203,0.12192393736017897
BalancedBagging_no_zip,without_billing_zip,BalancedBagging_original,paper_baseline,5400.0,120.0,0.6,0.26,162000.0,108,1566,1,13,0.9908256880733946,0.06451612903225806,0.12114413909141895
BalancedBagging_no_zip,without_billing_zip,BalancedBagging_original,paper_baseline,5400.0,120.0,0.6,0.27,159840.0,107,1557,2,22,0.981651376146789,0.06430288461538461,0.12069937958262832
BalancedBagging_no_zip,without_billing_zip,BalancedBagging_original,paper_baseline,5400.0,120.0,0.6,0.28,160560.0,107,1551,2,28,0.981651376146789,0.06453558504221954,0.1211092246745897
BalancedBagging_no_zip,without_billing_zip,BalancedBagging_original,paper_baseline,5400.0,120.0,0.6,0.29,161400.0,107,1544,2,35,0.981651376146789,0.06480920654149,0.1215909090909091
BalancedBagging_no_zip,without_billing_zip,BalancedBagging_original,paper_baseline,5400.0,120.0,0.6,0.3,163560.0,107,1526,2,53,0.981651376146789,0.065523576240049,0.12284730195177956
BalancedBagging_no_zip,without_billing_zip,BalancedBagging_original,paper_baseline,5400.0,120.0,0.6,0.31,156000.0,104,1508,5,71,0.9541284403669725,0.06451612903225806,0.12085996513654852
BalancedBagging_no_zip,without_billing_zip,BalancedBagging_original,paper_baseline,5400.0,120.0,0.6,0.32,149520.0,101,1481,8,98,0.926605504587156,0.0638432364096081,0.11945594322885866
BalancedBagging_no_zip,without_billing_zip,BalancedBagging_original,paper_baseline,5400.0,120.0,0.6,0.33,144240.0,98,1444,11,135,0.8990825688073395,0.06355382619974059,0.11871592973955179
BalancedBagging_no_zip,without_billing_zip,BalancedBagging_original,paper_baseline,5400.0,120.0,0.6,0.34,139920.0,95,1399,14,180,0.8715596330275229,0.06358768406961178,0.11852776044915783
BalancedBagging_no_zip,without_billing_zip,BalancedBagging_original,paper_baseline,5400.0,120.0,0.6,0.35,142560.0,94,1350,15,229,0.8623853211009175,0.06509695290858726,0.1210560206052801
BalancedBagging_no_zip,without_billing_zip,BalancedBagging_original,paper_baseline,5400.0,120.0,0.6,0.36,145920.0,93,1295,16,284,0.8532110091743119,0.0670028818443804,0.12424849699398798
BalancedBagging_no_zip,without_billing_zip,BalancedBagging_original,paper_baseline,5400.0,120.0,0.6,0.37,139320.0,89,1242,20,337,0.8165137614678899,0.06686701728024042,0.12361111111111112
BalancedBagging_no_zip,without_billing_zip,BalancedBagging_original,paper_baseline,5400.0,120.0,0.6,0.38,140640.0,87,1177,22,402,0.7981651376146789,0.06882911392405064,0.12672978878368535
BalancedBagging_no_zip,without_billing_zip,BalancedBagging_original,paper_baseline,5400.0,120.0,0.6,0.39,145800.0,87,1134,22,445,0.7981651376146789,0.07125307125307126,0.13082706766917293
BalancedBagging_no_zip,without_billing_zip,BalancedBagging_original,paper_baseline,5400.0,120.0,0.6,0.4,146880.0,86,1098,23,481,0.7889908256880734,0.07263513513513513,0.13302397525135345
BalancedBagging_no_zip,without_billing_zip,BalancedBagging_original,paper_baseline,5400.0,120.0,0.6,0.41,147720.0,85,1064,24,515,0.7798165137614679,0.07397737162750218,0.13513513513513514
BalancedBagging_no_zip,without_billing_zip,BalancedBagging_original,paper_baseline,5400.0,120.0,0.6,0.42,142920.0,82,1023,27,556,0.7522935779816514,0.07420814479638009,0.13509060955518945
BalancedBagging_no_zip,without_billing_zip,BalancedBagging_original,paper_baseline,5400.0,120.0,0.6,0.43,140520.0,80,989,29,590,0.7339449541284404,0.07483629560336763,0.13582342954159593
BalancedBagging_no_zip,without_billing_zip,BalancedBagging_original,paper_baseline,5400.0,120.0,0.6,0.44,135240.0,77,952,32,627,0.7064220183486238,0.07482993197278912,0.13532513181019332
BalancedBagging_no_zip,without_billing_zip,BalancedBagging_original,paper_baseline,5400.0,120.0,0.6,0.45,122760.0,72,921,37,658,0.6605504587155964,0.07250755287009064,0.1306715063520871
BalancedBagging_no_zip,without_billing_zip,BalancedBagging_original,paper_baseline,5400.0,120.0,0.6,0.46,123960.0,71,884,38,695,0.6513761467889908,0.0743455497382199,0.13345864661654136
BalancedBagging_no_zip,without_billing_zip,BalancedBagging_original,paper_baseline,5400.0,120.0,0.6,0.47,124080.0,70,856,39,723,0.6422018348623854,0.0755939524838013,0.13526570048309178
BalancedBagging_no_zip,without_billing_zip,BalancedBagging_original,paper_baseline,5400.0,120.0,0.6,0.48,116400.0,66,812,43,767,0.6055045871559633,0.07517084282460136,0.1337386018237082
BalancedBagging_no_zip,without_billing_zip,BalancedBagging_original,paper_baseline,5400.0,120.0,0.6,0.49,109800.0,62,759,47,820,0.5688073394495413,0.07551766138855055,0.13333333333333333
BalancedBagging_no_zip,without_billing_zip,BalancedBagging_original,paper_baseline,5400.0,120.0,0.6,0.5,111600.0,60,690,49,889,0.5504587155963303,0.08,0.13969732246798602
BalancedBagging_no_zip,without_billing_zip,BalancedBagging_original,paper_baseline,5400.0,120.0,0.6,0.51,114240.0,59,641,50,938,0.5412844036697247,0.08428571428571428,0.14585908529048208
BalancedBagging_no_zip,without_billing_zip,BalancedBagging_original,paper_baseline,5400.0,120.0,0.6,0.52,94560.0,51,589,58,990,0.46788990825688076,0.0796875,0.13618157543391188
BalancedBagging_no_zip,without_billing_zip,BalancedBagging_original,paper_baseline,5400.0,120.0,0.6,0.53,78480.0,44,534,65,1045,0.4036697247706422,0.07612456747404844,0.12809315866084425
BalancedBagging_no_zip,without_billing_zip,BalancedBagging_original,paper_baseline,5400.0,120.0,0.6,0.54,66960.0,38,468,71,1111,0.3486238532110092,0.07509881422924901,0.12357723577235773
BalancedBagging_no_zip,without_billing_zip,BalancedBagging_original,paper_baseline,5400.0,120.0,0.6,0.55,56280.0,32,395,77,1184,0.29357798165137616,0.07494145199063232,0.11940298507462686
BalancedBagging_no_zip,without_billing_zip,BalancedBagging_original,paper_baseline,5400.0,120.0,0.6,0.56,42240.0,25,323,84,1256,0.22935779816513763,0.07183908045977011,0.10940919037199125
BalancedBagging_no_zip,without_billing_zip,BalancedBagging_original,paper_baseline,5400.0,120.0,0.6,0.57,36360.0,21,264,88,1315,0.1926605504587156,0.07368421052631578,0.1065989847715736
BalancedBagging_no_zip,without_billing_zip,BalancedBagging_original,paper_baseline,5400.0,120.0,0.6,0.58,41040.0,21,225,88,1354,0.1926605504587156,0.08536585365853659,0.11830985915492957
BalancedBagging_no_zip,without_billing_zip,BalancedBagging_original,paper_baseline,5400.0,120.0,0.6,0.59,20520.0,13,180,96,1399,0.11926605504587157,0.06735751295336788,0.08609271523178808
BalancedBagging_no_zip,without_billing_zip,BalancedBagging_original,paper_baseline,5400.0,120.0,0.6,0.6,19080.0,11,138,98,1441,0.10091743119266056,0.0738255033557047,0.08527131782945736
BalancedBagging_no_zip,without_billing_zip,BalancedBagging_original,paper_baseline,5400.0,120.0,0.6,0.61,15480.0,9,114,100,1465,0.08256880733944955,0.07317073170731707,0.07758620689655173
BalancedBagging_no_zip,without_billing_zip,BalancedBagging_original,paper_baseline,5400.0,120.0,0.6,0.62,16080.0,8,82,101,1497,0.07339449541284404,0.08888888888888889,0.08040201005025126
BalancedBagging_no_zip,without_billing_zip,BalancedBagging_original,paper_baseline,5400.0,120.0,0.6,0.63,11760.0,6,64,103,1515,0.05504587155963303,0.08571428571428572,0.0670391061452514
BalancedBagging_no_zip,without_billing_zip,BalancedBagging_original,paper_baseline,5400.0,120.0,0.6,0.64,10560.0,5,47,104,1532,0.045871559633027525,0.09615384615384616,0.062111801242236024
BalancedBagging_no_zip,without_billing_zip,BalancedBagging_original,paper_baseline,5400.0,120.0,0.6,0.65,8760.0,4,35,105,1544,0.03669724770642202,0.10256410256410256,0.05405405405405406
BalancedBagging_no_zip,without_billing_zip,BalancedBagging_original,paper_baseline,5400.0,120.0,0.6,0.66,9840.0,4,26,105,1553,0.03669724770642202,0.13333333333333333,0.05755395683453238
BalancedBagging_no_zip,without_billing_zip,BalancedBagging_original,paper_baseline,5400.0,120.0,0.6,0.67,10320.0,4,22,105,1557,0.03669724770642202,0.15384615384615385,0.05925925925925926
BalancedBagging_no_zip,without_billing_zip,BalancedBagging_original,paper_baseline,5400.0,120.0,0.6,0.68,10800.0,4,18,105,1561,0.03669724770642202,0.18181818181818182,0.061068702290076333
BalancedBagging_no_zip,without_billing_zip,BalancedBagging_original,paper_baseline,5400.0,120.0,0.6,0.69,11400.0,4,13,105,1566,0.03669724770642202,0.23529411764705882,0.06349206349206349
BalancedBagging_no_zip,without_billing_zip,BalancedBagging_original,paper_baseline,5400.0,120.0,0.6,0.7,2040.0,1,10,108,1569,0.009174311926605505,0.09090909090909091,0.016666666666666666
BalancedBagging_no_zip,without_billing_zip,BalancedBagging_original,paper_baseline,5400.0,120.0,0.6,0.71,-600.0,0,5,109,1574,0.0,0.0,0.0
BalancedBagging_no_zip,without_billing_zip,BalancedBagging_original,paper_baseline,5400.0,120.0,0.6,0.72,-360.0,0,3,109,1576,0.0,0.0,0.0
BalancedBagging_no_zip,without_billing_zip,BalancedBagging_original,paper_baseline,5400.0,120.0,0.6,0.73,-240.0,0,2,109,1577,0.0,0.0,0.0
BalancedBagging_no_zip,without_billing_zip,BalancedBagging_original,paper_baseline,5400.0,120.0,0.6,0.74,0.0,0,0,109,1579,0.0,0.0,0.0
BalancedBagging_no_zip,without_billing_zip,BalancedBagging_original,paper_baseline,5400.0,120.0,0.6,0.75,0.0,0,0,109,1579,0.0,0.0,0.0
BalancedBagging_no_zip,without_billing_zip,BalancedBagging_original,paper_baseline,5400.0,120.0,0.6,0.76,0.0,0,0,109,1579,0.0,0.0,0.0
BalancedBagging_no_zip,without_billing_zip,BalancedBagging_original,paper_baseline,5400.0,120.0,0.6,0.77,0.0,0,0,109,1579,0.0,0.0,0.0
BalancedBagging_no_zip,without_billing_zip,BalancedBagging_original,paper_baseline,5400.0,120.0,0.6,0.78,0.0,0,0,109,1579,0.0,0.0,0.0
BalancedBagging_no_zip,without_billing_zip,BalancedBagging_original,paper_baseline,5400.0,120.0,0.6,0.79,0.0,0,0,109,1579,0.0,0.0,0.0
BalancedBagging_no_zip,without_billing_zip,BalancedBagging_original,paper_baseline,5400.0,120.0,0.6,0.8,0.0,0,0,109,1579,0.0,0.0,0.0
BalancedBagging_no_zip,without_billing_zip,BalancedBagging_original,paper_baseline,5400.0,120.0,0.6,0.81,0.0,0,0,109,1579,0.0,0.0,0.0
BalancedBagging_no_zip,without_billing_zip,BalancedBagging_original,paper_baseline,5400.0,120.0,0.6,0.82,0.0,0,0,109,1579,0.0,0.0,0.0
BalancedBagging_no_zip,without_billing_zip,BalancedBagging_original,paper_baseline,5400.0,120.0,0.6,0.83,0.0,0,0,109,1579,0.0,0.0,0.0
BalancedBagging_no_zip,without_billing_zip,BalancedBagging_original,paper_baseline,5400.0,120.0,0.6,0.84,0.0,0,0,109,1579,0.0,0.0,0.0
BalancedBagging_no_zip,without_billing_zip,BalancedBagging_original,paper_baseline,5400.0,120.0,0.6,0.85,0.0,0,0,109,1579,0.0,0.0,0.0
BalancedBagging_no_zip,without_billing_zip,BalancedBagging_original,paper_baseline,5400.0,120.0,0.6,0.86,0.0,0,0,109,1579,0.0,0.0,0.0
BalancedBagging_no_zip,without_billing_zip,BalancedBagging_original,paper_baseline,5400.0,120.0,0.6,0.87,0.0,0,0,109,1579,0.0,0.0,0.0
BalancedBagging_no_zip,without_billing_zip,BalancedBagging_original,paper_baseline,5400.0,120.0,0.6,0.88,0.0,0,0,109,1579,0.0,0.0,0.0
BalancedBagging_no_zip,without_billing_zip,BalancedBagging_original,paper_baseline,5400.0,120.0,0.6,0.89,0.0,0,0,109,1579,0.0,0.0,0.0
BalancedBagging_no_zip,without_billing_zip,BalancedBagging_original,paper_baseline,5400.0,120.0,0.6,0.9,0.0,0,0,109,1579,0.0,0.0,0.0
BalancedBagging_no_zip,without_billing_zip,BalancedBagging_original,paper_baseline,5400.0,120.0,0.6,0.91,0.0,0,0,109,1579,0.0,0.0,0.0
BalancedBagging_no_zip,without_billing_zip,BalancedBagging_original,paper_baseline,5400.0,120.0,0.6,0.92,0.0,0,0,109,1579,0.0,0.0,0.0
BalancedBagging_no_zip,without_billing_zip,BalancedBagging_original,paper_baseline,5400.0,120.0,0.6,0.93,0.0,0,0,109,1579,0.0,0.0,0.0
BalancedBagging_no_zip,without_billing_zip,BalancedBagging_original,paper_baseline,5400.0,120.0,0.6,0.94,0.0,0,0,109,1579,0.0,0.0,0.0
BalancedBagging_no_zip,without_billing_zip,BalancedBagging_original,paper_baseline,5400.0,120.0,0.6,0.95,0.0,0,0,109,1579,0.0,0.0,0.0
BalancedBagging_no_zip,without_billing_zip,BalancedBagging_original,paper_baseline,5400.0,120.0,0.6,0.96,0.0,0,0,109,1579,0.0,0.0,0.0
BalancedBagging_no_zip,without_billing_zip,BalancedBagging_original,paper_baseline,5400.0,120.0,0.6,0.97,0.0,0,0,109,1579,0.0,0.0,0.0
BalancedBagging_no_zip,without_billing_zip,BalancedBagging_original,paper_baseline,5400.0,120.0,0.6,0.98,0.0,0,0,109,1579,0.0,0.0,0.0
BalancedBagging_no_zip,without_billing_zip,BalancedBagging_original,paper_baseline,5400.0,120.0,0.6,0.99,0.0,0,0,109,1579,0.0,0.0,0.0
BalancedBagging_no_zip,without_billing_zip,BalancedBagging_original,conservative_campaign_cost,5400.0,360.0,0.6,0.01,-215280.0,109,1579,0,0,1.0,0.06457345971563981,0.1213132999443517
BalancedBagging_no_zip,without_billing_zip,BalancedBagging_original,conservative_campaign_cost,5400.0,360.0,0.6,0.02,-215280.0,109,1579,0,0,1.0,0.06457345971563981,0.1213132999443517
BalancedBagging_no_zip,without_billing_zip,BalancedBagging_original,conservative_campaign_cost,5400.0,360.0,0.6,0.03,-215280.0,109,1579,0,0,1.0,0.06457345971563981,0.1213132999443517
BalancedBagging_no_zip,without_billing_zip,BalancedBagging_original,conservative_campaign_cost,5400.0,360.0,0.6,0.04,-215280.0,109,1579,0,0,1.0,0.06457345971563981,0.1213132999443517
BalancedBagging_no_zip,without_billing_zip,BalancedBagging_original,conservative_campaign_cost,5400.0,360.0,0.6,0.05,-215280.0,109,1579,0,0,1.0,0.06457345971563981,0.1213132999443517
BalancedBagging_no_zip,without_billing_zip,BalancedBagging_original,conservative_campaign_cost,5400.0,360.0,0.6,0.06,-215280.0,109,1579,0,0,1.0,0.06457345971563981,0.1213132999443517
BalancedBagging_no_zip,without_billing_zip,BalancedBagging_original,conservative_campaign_cost,5400.0,360.0,0.6,0.07,-215280.0,109,1579,0,0,1.0,0.06457345971563981,0.1213132999443517
BalancedBagging_no_zip,without_billing_zip,BalancedBagging_original,conservative_campaign_cost,5400.0,360.0,0.6,0.08,-215280.0,109,1579,0,0,1.0,0.06457345971563981,0.1213132999443517
BalancedBagging_no_zip,without_billing_zip,BalancedBagging_original,conservative_campaign_cost,5400.0,360.0,0.6,0.09,-215280.0,109,1579,0,0,1.0,0.06457345971563981,0.1213132999443517
BalancedBagging_no_zip,without_billing_zip,BalancedBagging_original,conservative_campaign_cost,5400.0,360.0,0.6,0.1,-215280.0,109,1579,0,0,1.0,0.06457345971563981,0.1213132999443517
BalancedBagging_no_zip,without_billing_zip,BalancedBagging_original,conservative_campaign_cost,5400.0,360.0,0.6,0.11,-215280.0,109,1579,0,0,1.0,0.06457345971563981,0.1213132999443517
BalancedBagging_no_zip,without_billing_zip,BalancedBagging_original,conservative_campaign_cost,5400.0,360.0,0.6,0.12,-215280.0,109,1579,0,0,1.0,0.06457345971563981,0.1213132999443517
BalancedBagging_no_zip,without_billing_zip,BalancedBagging_original,conservative_campaign_cost,5400.0,360.0,0.6,0.13,-215280.0,109,1579,0,0,1.0,0.06457345971563981,0.1213132999443517
BalancedBagging_no_zip,without_billing_zip,BalancedBagging_original,conservative_campaign_cost,5400.0,360.0,0.6,0.14,-215280.0,109,1579,0,0,1.0,0.06457345971563981,0.1213132999443517
BalancedBagging_no_zip,without_billing_zip,BalancedBagging_original,conservative_campaign_cost,5400.0,360.0,0.6,0.15,-215280.0,109,1579,0,0,1.0,0.06457345971563981,0.1213132999443517
BalancedBagging_no_zip,without_billing_zip,BalancedBagging_original,conservative_campaign_cost,5400.0,360.0,0.6,0.16,-215280.0,109,1579,0,0,1.0,0.06457345971563981,0.1213132999443517
BalancedBagging_no_zip,without_billing_zip,BalancedBagging_original,conservative_campaign_cost,5400.0,360.0,0.6,0.17,-215280.0,109,1579,0,0,1.0,0.06457345971563981,0.1213132999443517
BalancedBagging_no_zip,without_billing_zip,BalancedBagging_original,conservative_campaign_cost,5400.0,360.0,0.6,0.18,-215280.0,109,1579,0,0,1.0,0.06457345971563981,0.1213132999443517
BalancedBagging_no_zip,without_billing_zip,BalancedBagging_original,conservative_campaign_cost,5400.0,360.0,0.6,0.19,-215280.0,109,1579,0,0,1.0,0.06457345971563981,0.1213132999443517
BalancedBagging_no_zip,without_billing_zip,BalancedBagging_original,conservative_campaign_cost,5400.0,360.0,0.6,0.2,-215280.0,109,1579,0,0,1.0,0.06457345971563981,0.1213132999443517
BalancedBagging_no_zip,without_billing_zip,BalancedBagging_original,conservative_campaign_cost,5400.0,360.0,0.6,0.21,-215280.0,109,1579,0,0,1.0,0.06457345971563981,0.1213132999443517
BalancedBagging_no_zip,without_billing_zip,BalancedBagging_original,conservative_campaign_cost,5400.0,360.0,0.6,0.22,-214560.0,109,1577,0,2,1.0,0.06465005931198102,0.12144846796657381
BalancedBagging_no_zip,without_billing_zip,BalancedBagging_original,conservative_campaign_cost,5400.0,360.0,0.6,0.23,-214200.0,109,1576,0,3,1.0,0.06468842729970327,0.12151616499442586
BalancedBagging_no_zip,without_billing_zip,BalancedBagging_original,conservative_campaign_cost,5400.0,360.0,0.6,0.24,-213480.0,109,1574,0,5,1.0,0.0647653000594177,0.12165178571428571
BalancedBagging_no_zip,without_billing_zip,BalancedBagging_original,conservative_campaign_cost,5400.0,360.0,0.6,0.25,-212040.0,109,1570,0,9,1.0,0.06491959499702203,0.12192393736017897
BalancedBagging_no_zip,without_billing_zip,BalancedBagging_original,conservative_campaign_cost,5400.0,360.0,0.6,0.26,-213840.0,108,1566,1,13,0.9908256880733946,0.06451612903225806,0.12114413909141895
BalancedBagging_no_zip,without_billing_zip,BalancedBagging_original,conservative_campaign_cost,5400.0,360.0,0.6,0.27,-213840.0,107,1557,2,22,0.981651376146789,0.06430288461538461,0.12069937958262832
BalancedBagging_no_zip,without_billing_zip,BalancedBagging_original,conservative_campaign_cost,5400.0,360.0,0.6,0.28,-211680.0,107,1551,2,28,0.981651376146789,0.06453558504221954,0.1211092246745897
BalancedBagging_no_zip,without_billing_zip,BalancedBagging_original,conservative_campaign_cost,5400.0,360.0,0.6,0.29,-209160.0,107,1544,2,35,0.981651376146789,0.06480920654149,0.1215909090909091
BalancedBagging_no_zip,without_billing_zip,BalancedBagging_original,conservative_campaign_cost,5400.0,360.0,0.6,0.3,-202680.0,107,1526,2,53,0.981651376146789,0.065523576240049,0.12284730195177956
BalancedBagging_no_zip,without_billing_zip,BalancedBagging_original,conservative_campaign_cost,5400.0,360.0,0.6,0.31,-205920.0,104,1508,5,71,0.9541284403669725,0.06451612903225806,0.12085996513654852
BalancedBagging_no_zip,without_billing_zip,BalancedBagging_original,conservative_campaign_cost,5400.0,360.0,0.6,0.32,-205920.0,101,1481,8,98,0.926605504587156,0.0638432364096081,0.11945594322885866
BalancedBagging_no_zip,without_billing_zip,BalancedBagging_original,conservative_campaign_cost,5400.0,360.0,0.6,0.33,-202320.0,98,1444,11,135,0.8990825688073395,0.06355382619974059,0.11871592973955179
BalancedBagging_no_zip,without_billing_zip,BalancedBagging_original,conservative_campaign_cost,5400.0,360.0,0.6,0.34,-195840.0,95,1399,14,180,0.8715596330275229,0.06358768406961178,0.11852776044915783
BalancedBagging_no_zip,without_billing_zip,BalancedBagging_original,conservative_campaign_cost,5400.0,360.0,0.6,0.35,-181440.0,94,1350,15,229,0.8623853211009175,0.06509695290858726,0.1210560206052801
BalancedBagging_no_zip,without_billing_zip,BalancedBagging_original,conservative_campaign_cost,5400.0,360.0,0.6,0.36,-164880.0,93,1295,16,284,0.8532110091743119,0.0670028818443804,0.12424849699398798
BalancedBagging_no_zip,without_billing_zip,BalancedBagging_original,conservative_campaign_cost,5400.0,360.0,0.6,0.37,-158760.0,89,1242,20,337,0.8165137614678899,0.06686701728024042,0.12361111111111112
BalancedBagging_no_zip,without_billing_zip,BalancedBagging_original,conservative_campaign_cost,5400.0,360.0,0.6,0.38,-141840.0,87,1177,22,402,0.7981651376146789,0.06882911392405064,0.12672978878368535
BalancedBagging_no_zip,without_billing_zip,BalancedBagging_original,conservative_campaign_cost,5400.0,360.0,0.6,0.39,-126360.0,87,1134,22,445,0.7981651376146789,0.07125307125307126,0.13082706766917293
BalancedBagging_no_zip,without_billing_zip,BalancedBagging_original,conservative_campaign_cost,5400.0,360.0,0.6,0.4,-116640.0,86,1098,23,481,0.7889908256880734,0.07263513513513513,0.13302397525135345
BalancedBagging_no_zip,without_billing_zip,BalancedBagging_original,conservative_campaign_cost,5400.0,360.0,0.6,0.41,-107640.0,85,1064,24,515,0.7798165137614679,0.07397737162750218,0.13513513513513514
BalancedBagging_no_zip,without_billing_zip,BalancedBagging_original,conservative_campaign_cost,5400.0,360.0,0.6,0.42,-102600.0,82,1023,27,556,0.7522935779816514,0.07420814479638009,0.13509060955518945
BalancedBagging_no_zip,without_billing_zip,BalancedBagging_original,conservative_campaign_cost,5400.0,360.0,0.6,0.43,-96840.0,80,989,29,590,0.7339449541284404,0.07483629560336763,0.13582342954159593
BalancedBagging_no_zip,without_billing_zip,BalancedBagging_original,conservative_campaign_cost,5400.0,360.0,0.6,0.44,-93240.0,77,952,32,627,0.7064220183486238,0.07482993197278912,0.13532513181019332
BalancedBagging_no_zip,without_billing_zip,BalancedBagging_original,conservative_campaign_cost,5400.0,360.0,0.6,0.45,-98280.0,72,921,37,658,0.6605504587155964,0.07250755287009064,0.1306715063520871
BalancedBagging_no_zip,without_billing_zip,BalancedBagging_original,conservative_campaign_cost,5400.0,360.0,0.6,0.46,-88200.0,71,884,38,695,0.6513761467889908,0.0743455497382199,0.13345864661654136
BalancedBagging_no_zip,without_billing_zip,BalancedBagging_original,conservative_campaign_cost,5400.0,360.0,0.6,0.47,-81360.0,70,856,39,723,0.6422018348623854,0.0755939524838013,0.13526570048309178
BalancedBagging_no_zip,without_billing_zip,BalancedBagging_original,conservative_campaign_cost,5400.0,360.0,0.6,0.48,-78480.0,66,812,43,767,0.6055045871559633,0.07517084282460136,0.1337386018237082
BalancedBagging_no_zip,without_billing_zip,BalancedBagging_original,conservative_campaign_cost,5400.0,360.0,0.6,0.49,-72360.0,62,759,47,820,0.5688073394495413,0.07551766138855055,0.13333333333333333
BalancedBagging_no_zip,without_billing_zip,BalancedBagging_original,conservative_campaign_cost,5400.0,360.0,0.6,0.5,-54000.0,60,690,49,889,0.5504587155963303,0.08,0.13969732246798602
BalancedBagging_no_zip,without_billing_zip,BalancedBagging_original,conservative_campaign_cost,5400.0,360.0,0.6,0.51,-39600.0,59,641,50,938,0.5412844036697247,0.08428571428571428,0.14585908529048208
BalancedBagging_no_zip,without_billing_zip,BalancedBagging_original,conservative_campaign_cost,5400.0,360.0,0.6,0.52,-46800.0,51,589,58,990,0.46788990825688076,0.0796875,0.13618157543391188
BalancedBagging_no_zip,without_billing_zip,BalancedBagging_original,conservative_campaign_cost,5400.0,360.0,0.6,0.53,-49680.0,44,534,65,1045,0.4036697247706422,0.07612456747404844,0.12809315866084425
BalancedBagging_no_zip,without_billing_zip,BalancedBagging_original,conservative_campaign_cost,5400.0,360.0,0.6,0.54,-45360.0,38,468,71,1111,0.3486238532110092,0.07509881422924901,0.12357723577235773
BalancedBagging_no_zip,without_billing_zip,BalancedBagging_original,conservative_campaign_cost,5400.0,360.0,0.6,0.55,-38520.0,32,395,77,1184,0.29357798165137616,0.07494145199063232,0.11940298507462686
BalancedBagging_no_zip,without_billing_zip,BalancedBagging_original,conservative_campaign_cost,5400.0,360.0,0.6,0.56,-35280.0,25,323,84,1256,0.22935779816513763,0.07183908045977011,0.10940919037199125
BalancedBagging_no_zip,without_billing_zip,BalancedBagging_original,conservative_campaign_cost,5400.0,360.0,0.6,0.57,-27000.0,21,264,88,1315,0.1926605504587156,0.07368421052631578,0.1065989847715736
BalancedBagging_no_zip,without_billing_zip,BalancedBagging_original,conservative_campaign_cost,5400.0,360.0,0.6,0.58,-12960.0,21,225,88,1354,0.1926605504587156,0.08536585365853659,0.11830985915492957
BalancedBagging_no_zip,without_billing_zip,BalancedBagging_original,conservative_campaign_cost,5400.0,360.0,0.6,0.59,-22680.0,13,180,96,1399,0.11926605504587157,0.06735751295336788,0.08609271523178808
BalancedBagging_no_zip,without_billing_zip,BalancedBagging_original,conservative_campaign_cost,5400.0,360.0,0.6,0.6,-14040.0,11,138,98,1441,0.10091743119266056,0.0738255033557047,0.08527131782945736
BalancedBagging_no_zip,without_billing_zip,BalancedBagging_original,conservative_campaign_cost,5400.0,360.0,0.6,0.61,-11880.0,9,114,100,1465,0.08256880733944955,0.07317073170731707,0.07758620689655173
BalancedBagging_no_zip,without_billing_zip,BalancedBagging_original,conservative_campaign_cost,5400.0,360.0,0.6,0.62,-3600.0,8,82,101,1497,0.07339449541284404,0.08888888888888889,0.08040201005025126
BalancedBagging_no_zip,without_billing_zip,BalancedBagging_original,conservative_campaign_cost,5400.0,360.0,0.6,0.63,-3600.0,6,64,103,1515,0.05504587155963303,0.08571428571428572,0.0670391061452514
BalancedBagging_no_zip,without_billing_zip,BalancedBagging_original,conservative_campaign_cost,5400.0,360.0,0.6,0.64,-720.0,5,47,104,1532,0.045871559633027525,0.09615384615384616,0.062111801242236024
BalancedBagging_no_zip,without_billing_zip,BalancedBagging_original,conservative_campaign_cost,5400.0,360.0,0.6,0.65,360.0,4,35,105,1544,0.03669724770642202,0.10256410256410256,0.05405405405405406
BalancedBagging_no_zip,without_billing_zip,BalancedBagging_original,conservative_campaign_cost,5400.0,360.0,0.6,0.66,3600.0,4,26,105,1553,0.03669724770642202,0.13333333333333333,0.05755395683453238
BalancedBagging_no_zip,without_billing_zip,BalancedBagging_original,conservative_campaign_cost,5400.0,360.0,0.6,0.67,5040.0,4,22,105,1557,0.03669724770642202,0.15384615384615385,0.05925925925925926
BalancedBagging_no_zip,without_billing_zip,BalancedBagging_original,conservative_campaign_cost,5400.0,360.0,0.6,0.68,6480.0,4,18,105,1561,0.03669724770642202,0.18181818181818182,0.061068702290076333
BalancedBagging_no_zip,without_billing_zip,BalancedBagging_original,conservative_campaign_cost,5400.0,360.0,0.6,0.69,8280.0,4,13,105,1566,0.03669724770642202,0.23529411764705882,0.06349206349206349
BalancedBagging_no_zip,without_billing_zip,BalancedBagging_original,conservative_campaign_cost,5400.0,360.0,0.6,0.7,-360.0,1,10,108,1569,0.009174311926605505,0.09090909090909091,0.016666666666666666
BalancedBagging_no_zip,without_billing_zip,BalancedBagging_original,conservative_campaign_cost,5400.0,360.0,0.6,0.71,-1800.0,0,5,109,1574,0.0,0.0,0.0
BalancedBagging_no_zip,without_billing_zip,BalancedBagging_original,conservative_campaign_cost,5400.0,360.0,0.6,0.72,-1080.0,0,3,109,1576,0.0,0.0,0.0
BalancedBagging_no_zip,without_billing_zip,BalancedBagging_original,conservative_campaign_cost,5400.0,360.0,0.6,0.73,-720.0,0,2,109,1577,0.0,0.0,0.0
BalancedBagging_no_zip,without_billing_zip,BalancedBagging_original,conservative_campaign_cost,5400.0,360.0,0.6,0.74,0.0,0,0,109,1579,0.0,0.0,0.0
BalancedBagging_no_zip,without_billing_zip,BalancedBagging_original,conservative_campaign_cost,5400.0,360.0,0.6,0.75,0.0,0,0,109,1579,0.0,0.0,0.0
BalancedBagging_no_zip,without_billing_zip,BalancedBagging_original,conservative_campaign_cost,5400.0,360.0,0.6,0.76,0.0,0,0,109,1579,0.0,0.0,0.0
BalancedBagging_no_zip,without_billing_zip,BalancedBagging_original,conservative_campaign_cost,5400.0,360.0,0.6,0.77,0.0,0,0,109,1579,0.0,0.0,0.0
BalancedBagging_no_zip,without_billing_zip,BalancedBagging_original,conservative_campaign_cost,5400.0,360.0,0.6,0.78,0.0,0,0,109,1579,0.0,0.0,0.0
BalancedBagging_no_zip,without_billing_zip,BalancedBagging_original,conservative_campaign_cost,5400.0,360.0,0.6,0.79,0.0,0,0,109,1579,0.0,0.0,0.0
BalancedBagging_no_zip,without_billing_zip,BalancedBagging_original,conservative_campaign_cost,5400.0,360.0,0.6,0.8,0.0,0,0,109,1579,0.0,0.0,0.0
BalancedBagging_no_zip,without_billing_zip,BalancedBagging_original,conservative_campaign_cost,5400.0,360.0,0.6,0.81,0.0,0,0,109,1579,0.0,0.0,0.0
BalancedBagging_no_zip,without_billing_zip,BalancedBagging_original,conservative_campaign_cost,5400.0,360.0,0.6,0.82,0.0,0,0,109,1579,0.0,0.0,0.0
BalancedBagging_no_zip,without_billing_zip,BalancedBagging_original,conservative_campaign_cost,5400.0,360.0,0.6,0.83,0.0,0,0,109,1579,0.0,0.0,0.0
BalancedBagging_no_zip,without_billing_zip,BalancedBagging_original,conservative_campaign_cost,5400.0,360.0,0.6,0.84,0.0,0,0,109,1579,0.0,0.0,0.0
BalancedBagging_no_zip,without_billing_zip,BalancedBagging_original,conservative_campaign_cost,5400.0,360.0,0.6,0.85,0.0,0,0,109,1579,0.0,0.0,0.0
BalancedBagging_no_zip,without_billing_zip,BalancedBagging_original,conservative_campaign_cost,5400.0,360.0,0.6,0.86,0.0,0,0,109,1579,0.0,0.0,0.0
BalancedBagging_no_zip,without_billing_zip,BalancedBagging_original,conservative_campaign_cost,5400.0,360.0,0.6,0.87,0.0,0,0,109,1579,0.0,0.0,0.0
BalancedBagging_no_zip,without_billing_zip,BalancedBagging_original,conservative_campaign_cost,5400.0,360.0,0.6,0.88,0.0,0,0,109,1579,0.0,0.0,0.0
BalancedBagging_no_zip,without_billing_zip,BalancedBagging_original,conservative_campaign_cost,5400.0,360.0,0.6,0.89,0.0,0,0,109,1579,0.0,0.0,0.0
BalancedBagging_no_zip,without_billing_zip,BalancedBagging_original,conservative_campaign_cost,5400.0,360.0,0.6,0.9,0.0,0,0,109,1579,0.0,0.0,0.0
BalancedBagging_no_zip,without_billing_zip,BalancedBagging_original,conservative_campaign_cost,5400.0,360.0,0.6,0.91,0.0,0,0,109,1579,0.0,0.0,0.0
BalancedBagging_no_zip,without_billing_zip,BalancedBagging_original,conservative_campaign_cost,5400.0,360.0,0.6,0.92,0.0,0,0,109,1579,0.0,0.0,0.0
BalancedBagging_no_zip,without_billing_zip,BalancedBagging_original,conservative_campaign_cost,5400.0,360.0,0.6,0.93,0.0,0,0,109,1579,0.0,0.0,0.0
BalancedBagging_no_zip,without_billing_zip,BalancedBagging_original,conservative_campaign_cost,5400.0,360.0,0.6,0.94,0.0,0,0,109,1579,0.0,0.0,0.0
BalancedBagging_no_zip,without_billing_zip,BalancedBagging_original,conservative_campaign_cost,5400.0,360.0,0.6,0.95,0.0,0,0,109,1579,0.0,0.0,0.0
BalancedBagging_no_zip,without_billing_zip,BalancedBagging_original,conservative_campaign_cost,5400.0,360.0,0.6,0.96,0.0,0,0,109,1579,0.0,0.0,0.0
BalancedBagging_no_zip,without_billing_zip,BalancedBagging_original,conservative_campaign_cost,5400.0,360.0,0.6,0.97,0.0,0,0,109,1579,0.0,0.0,0.0
BalancedBagging_no_zip,without_billing_zip,BalancedBagging_original,conservative_campaign_cost,5400.0,360.0,0.6,0.98,0.0,0,0,109,1579,0.0,0.0,0.0
BalancedBagging_no_zip,without_billing_zip,BalancedBagging_original,conservative_campaign_cost,5400.0,360.0,0.6,0.99,0.0,0,0,109,1579,0.0,0.0,0.0
BalancedBagging_no_zip,without_billing_zip,BalancedBagging_original,budget_limited_high_campaign_cost,5400.0,720.0,0.6,0.01,-783720.0,109,1579,0,0,1.0,0.06457345971563981,0.1213132999443517
BalancedBagging_no_zip,without_billing_zip,BalancedBagging_original,budget_limited_high_campaign_cost,5400.0,720.0,0.6,0.02,-783720.0,109,1579,0,0,1.0,0.06457345971563981,0.1213132999443517
BalancedBagging_no_zip,without_billing_zip,BalancedBagging_original,budget_limited_high_campaign_cost,5400.0,720.0,0.6,0.03,-783720.0,109,1579,0,0,1.0,0.06457345971563981,0.1213132999443517
BalancedBagging_no_zip,without_billing_zip,BalancedBagging_original,budget_limited_high_campaign_cost,5400.0,720.0,0.6,0.04,-783720.0,109,1579,0,0,1.0,0.06457345971563981,0.1213132999443517
BalancedBagging_no_zip,without_billing_zip,BalancedBagging_original,budget_limited_high_campaign_cost,5400.0,720.0,0.6,0.05,-783720.0,109,1579,0,0,1.0,0.06457345971563981,0.1213132999443517
BalancedBagging_no_zip,without_billing_zip,BalancedBagging_original,budget_limited_high_campaign_cost,5400.0,720.0,0.6,0.06,-783720.0,109,1579,0,0,1.0,0.06457345971563981,0.1213132999443517
BalancedBagging_no_zip,without_billing_zip,BalancedBagging_original,budget_limited_high_campaign_cost,5400.0,720.0,0.6,0.07,-783720.0,109,1579,0,0,1.0,0.06457345971563981,0.1213132999443517
BalancedBagging_no_zip,without_billing_zip,BalancedBagging_original,budget_limited_high_campaign_cost,5400.0,720.0,0.6,0.08,-783720.0,109,1579,0,0,1.0,0.06457345971563981,0.1213132999443517
BalancedBagging_no_zip,without_billing_zip,BalancedBagging_original,budget_limited_high_campaign_cost,5400.0,720.0,0.6,0.09,-783720.0,109,1579,0,0,1.0,0.06457345971563981,0.1213132999443517
BalancedBagging_no_zip,without_billing_zip,BalancedBagging_original,budget_limited_high_campaign_cost,5400.0,720.0,0.6,0.1,-783720.0,109,1579,0,0,1.0,0.06457345971563981,0.1213132999443517
BalancedBagging_no_zip,without_billing_zip,BalancedBagging_original,budget_limited_high_campaign_cost,5400.0,720.0,0.6,0.11,-783720.0,109,1579,0,0,1.0,0.06457345971563981,0.1213132999443517
BalancedBagging_no_zip,without_billing_zip,BalancedBagging_original,budget_limited_high_campaign_cost,5400.0,720.0,0.6,0.12,-783720.0,109,1579,0,0,1.0,0.06457345971563981,0.1213132999443517
BalancedBagging_no_zip,without_billing_zip,BalancedBagging_original,budget_limited_high_campaign_cost,5400.0,720.0,0.6,0.13,-783720.0,109,1579,0,0,1.0,0.06457345971563981,0.1213132999443517
BalancedBagging_no_zip,without_billing_zip,BalancedBagging_original,budget_limited_high_campaign_cost,5400.0,720.0,0.6,0.14,-783720.0,109,1579,0,0,1.0,0.06457345971563981,0.1213132999443517
BalancedBagging_no_zip,without_billing_zip,BalancedBagging_original,budget_limited_high_campaign_cost,5400.0,720.0,0.6,0.15,-783720.0,109,1579,0,0,1.0,0.06457345971563981,0.1213132999443517
BalancedBagging_no_zip,without_billing_zip,BalancedBagging_original,budget_limited_high_campaign_cost,5400.0,720.0,0.6,0.16,-783720.0,109,1579,0,0,1.0,0.06457345971563981,0.1213132999443517
BalancedBagging_no_zip,without_billing_zip,BalancedBagging_original,budget_limited_high_campaign_cost,5400.0,720.0,0.6,0.17,-783720.0,109,1579,0,0,1.0,0.06457345971563981,0.1213132999443517
BalancedBagging_no_zip,without_billing_zip,BalancedBagging_original,budget_limited_high_campaign_cost,5400.0,720.0,0.6,0.18,-783720.0,109,1579,0,0,1.0,0.06457345971563981,0.1213132999443517
BalancedBagging_no_zip,without_billing_zip,BalancedBagging_original,budget_limited_high_campaign_cost,5400.0,720.0,0.6,0.19,-783720.0,109,1579,0,0,1.0,0.06457345971563981,0.1213132999443517
BalancedBagging_no_zip,without_billing_zip,BalancedBagging_original,budget_limited_high_campaign_cost,5400.0,720.0,0.6,0.2,-783720.0,109,1579,0,0,1.0,0.06457345971563981,0.1213132999443517
BalancedBagging_no_zip,without_billing_zip,BalancedBagging_original,budget_limited_high_campaign_cost,5400.0,720.0,0.6,0.21,-783720.0,109,1579,0,0,1.0,0.06457345971563981,0.1213132999443517
BalancedBagging_no_zip,without_billing_zip,BalancedBagging_original,budget_limited_high_campaign_cost,5400.0,720.0,0.6,0.22,-782280.0,109,1577,0,2,1.0,0.06465005931198102,0.12144846796657381
BalancedBagging_no_zip,without_billing_zip,BalancedBagging_original,budget_limited_high_campaign_cost,5400.0,720.0,0.6,0.23,-781560.0,109,1576,0,3,1.0,0.06468842729970327,0.12151616499442586
BalancedBagging_no_zip,without_billing_zip,BalancedBagging_original,budget_limited_high_campaign_cost,5400.0,720.0,0.6,0.24,-780120.0,109,1574,0,5,1.0,0.0647653000594177,0.12165178571428571
BalancedBagging_no_zip,without_billing_zip,BalancedBagging_original,budget_limited_high_campaign_cost,5400.0,720.0,0.6,0.25,-777240.0,109,1570,0,9,1.0,0.06491959499702203,0.12192393736017897
BalancedBagging_no_zip,without_billing_zip,BalancedBagging_original,budget_limited_high_campaign_cost,5400.0,720.0,0.6,0.26,-777600.0,108,1566,1,13,0.9908256880733946,0.06451612903225806,0.12114413909141895
BalancedBagging_no_zip,without_billing_zip,BalancedBagging_original,budget_limited_high_campaign_cost,5400.0,720.0,0.6,0.27,-774360.0,107,1557,2,22,0.981651376146789,0.06430288461538461,0.12069937958262832
BalancedBagging_no_zip,without_billing_zip,BalancedBagging_original,budget_limited_high_campaign_cost,5400.0,720.0,0.6,0.28,-770040.0,107,1551,2,28,0.981651376146789,0.06453558504221954,0.1211092246745897
BalancedBagging_no_zip,without_billing_zip,BalancedBagging_original,budget_limited_high_campaign_cost,5400.0,720.0,0.6,0.29,-765000.0,107,1544,2,35,0.981651376146789,0.06480920654149,0.1215909090909091
BalancedBagging_no_zip,without_billing_zip,BalancedBagging_original,budget_limited_high_campaign_cost,5400.0,720.0,0.6,0.3,-752040.0,107,1526,2,53,0.981651376146789,0.065523576240049,0.12284730195177956
BalancedBagging_no_zip,without_billing_zip,BalancedBagging_original,budget_limited_high_campaign_cost,5400.0,720.0,0.6,0.31,-748800.0,104,1508,5,71,0.9541284403669725,0.06451612903225806,0.12085996513654852
BalancedBagging_no_zip,without_billing_zip,BalancedBagging_original,budget_limited_high_campaign_cost,5400.0,720.0,0.6,0.32,-739080.0,101,1481,8,98,0.926605504587156,0.0638432364096081,0.11945594322885866
BalancedBagging_no_zip,without_billing_zip,BalancedBagging_original,budget_limited_high_campaign_cost,5400.0,720.0,0.6,0.33,-722160.0,98,1444,11,135,0.8990825688073395,0.06355382619974059,0.11871592973955179
BalancedBagging_no_zip,without_billing_zip,BalancedBagging_original,budget_limited_high_campaign_cost,5400.0,720.0,0.6,0.34,-699480.0,95,1399,14,180,0.8715596330275229,0.06358768406961178,0.11852776044915783
BalancedBagging_no_zip,without_billing_zip,BalancedBagging_original,budget_limited_high_campaign_cost,5400.0,720.0,0.6,0.35,-667440.0,94,1350,15,229,0.8623853211009175,0.06509695290858726,0.1210560206052801
BalancedBagging_no_zip,without_billing_zip,BalancedBagging_original,budget_limited_high_campaign_cost,5400.0,720.0,0.6,0.36,-631080.0,93,1295,16,284,0.8532110091743119,0.0670028818443804,0.12424849699398798
BalancedBagging_no_zip,without_billing_zip,BalancedBagging_original,budget_limited_high_campaign_cost,5400.0,720.0,0.6,0.37,-605880.0,89,1242,20,337,0.8165137614678899,0.06686701728024042,0.12361111111111112
BalancedBagging_no_zip,without_billing_zip,BalancedBagging_original,budget_limited_high_campaign_cost,5400.0,720.0,0.6,0.38,-565560.0,87,1177,22,402,0.7981651376146789,0.06882911392405064,0.12672978878368535
BalancedBagging_no_zip,without_billing_zip,BalancedBagging_original,budget_limited_high_campaign_cost,5400.0,720.0,0.6,0.39,-534600.0,87,1134,22,445,0.7981651376146789,0.07125307125307126,0.13082706766917293
BalancedBagging_no_zip,without_billing_zip,BalancedBagging_original,budget_limited_high_campaign_cost,5400.0,720.0,0.6,0.4,-511920.0,86,1098,23,481,0.7889908256880734,0.07263513513513513,0.13302397525135345
BalancedBagging_no_zip,without_billing_zip,BalancedBagging_original,budget_limited_high_campaign_cost,5400.0,720.0,0.6,0.41,-490680.0,85,1064,24,515,0.7798165137614679,0.07397737162750218,0.13513513513513514
BalancedBagging_no_zip,without_billing_zip,BalancedBagging_original,budget_limited_high_campaign_cost,5400.0,720.0,0.6,0.42,-470880.0,82,1023,27,556,0.7522935779816514,0.07420814479638009,0.13509060955518945
BalancedBagging_no_zip,without_billing_zip,BalancedBagging_original,budget_limited_high_campaign_cost,5400.0,720.0,0.6,0.43,-452880.0,80,989,29,590,0.7339449541284404,0.07483629560336763,0.13582342954159593
BalancedBagging_no_zip,without_billing_zip,BalancedBagging_original,budget_limited_high_campaign_cost,5400.0,720.0,0.6,0.44,-435960.0,77,952,32,627,0.7064220183486238,0.07482993197278912,0.13532513181019332
BalancedBagging_no_zip,without_billing_zip,BalancedBagging_original,budget_limited_high_campaign_cost,5400.0,720.0,0.6,0.45,-429840.0,72,921,37,658,0.6605504587155964,0.07250755287009064,0.1306715063520871
BalancedBagging_no_zip,without_billing_zip,BalancedBagging_original,budget_limited_high_campaign_cost,5400.0,720.0,0.6,0.46,-406440.0,71,884,38,695,0.6513761467889908,0.0743455497382199,0.13345864661654136
BalancedBagging_no_zip,without_billing_zip,BalancedBagging_original,budget_limited_high_campaign_cost,5400.0,720.0,0.6,0.47,-389520.0,70,856,39,723,0.6422018348623854,0.0755939524838013,0.13526570048309178
BalancedBagging_no_zip,without_billing_zip,BalancedBagging_original,budget_limited_high_campaign_cost,5400.0,720.0,0.6,0.48,-370800.0,66,812,43,767,0.6055045871559633,0.07517084282460136,0.1337386018237082
BalancedBagging_no_zip,without_billing_zip,BalancedBagging_original,budget_limited_high_campaign_cost,5400.0,720.0,0.6,0.49,-345600.0,62,759,47,820,0.5688073394495413,0.07551766138855055,0.13333333333333333
BalancedBagging_no_zip,without_billing_zip,BalancedBagging_original,budget_limited_high_campaign_cost,5400.0,720.0,0.6,0.5,-302400.0,60,690,49,889,0.5504587155963303,0.08,0.13969732246798602
BalancedBagging_no_zip,without_billing_zip,BalancedBagging_original,budget_limited_high_campaign_cost,5400.0,720.0,0.6,0.51,-270360.0,59,641,50,938,0.5412844036697247,0.08428571428571428,0.14585908529048208
BalancedBagging_no_zip,without_billing_zip,BalancedBagging_original,budget_limited_high_campaign_cost,5400.0,720.0,0.6,0.52,-258840.0,51,589,58,990,0.46788990825688076,0.0796875,0.13618157543391188
BalancedBagging_no_zip,without_billing_zip,BalancedBagging_original,budget_limited_high_campaign_cost,5400.0,720.0,0.6,0.53,-241920.0,44,534,65,1045,0.4036697247706422,0.07612456747404844,0.12809315866084425
BalancedBagging_no_zip,without_billing_zip,BalancedBagging_original,budget_limited_high_campaign_cost,5400.0,720.0,0.6,0.54,-213840.0,38,468,71,1111,0.3486238532110092,0.07509881422924901,0.12357723577235773
BalancedBagging_no_zip,without_billing_zip,BalancedBagging_original,budget_limited_high_campaign_cost,5400.0,720.0,0.6,0.55,-180720.0,32,395,77,1184,0.29357798165137616,0.07494145199063232,0.11940298507462686
BalancedBagging_no_zip,without_billing_zip,BalancedBagging_original,budget_limited_high_campaign_cost,5400.0,720.0,0.6,0.56,-151560.0,25,323,84,1256,0.22935779816513763,0.07183908045977011,0.10940919037199125
BalancedBagging_no_zip,without_billing_zip,BalancedBagging_original,budget_limited_high_campaign_cost,5400.0,720.0,0.6,0.57,-122040.0,21,264,88,1315,0.1926605504587156,0.07368421052631578,0.1065989847715736
BalancedBagging_no_zip,without_billing_zip,BalancedBagging_original,budget_limited_high_campaign_cost,5400.0,720.0,0.6,0.58,-93960.0,21,225,88,1354,0.1926605504587156,0.08536585365853659,0.11830985915492957
BalancedBagging_no_zip,without_billing_zip,BalancedBagging_original,budget_limited_high_campaign_cost,5400.0,720.0,0.6,0.59,-87480.0,13,180,96,1399,0.11926605504587157,0.06735751295336788,0.08609271523178808
BalancedBagging_no_zip,without_billing_zip,BalancedBagging_original,budget_limited_high_campaign_cost,5400.0,720.0,0.6,0.6,-63720.0,11,138,98,1441,0.10091743119266056,0.0738255033557047,0.08527131782945736
BalancedBagging_no_zip,without_billing_zip,BalancedBagging_original,budget_limited_high_campaign_cost,5400.0,720.0,0.6,0.61,-52920.0,9,114,100,1465,0.08256880733944955,0.07317073170731707,0.07758620689655173
BalancedBagging_no_zip,without_billing_zip,BalancedBagging_original,budget_limited_high_campaign_cost,5400.0,720.0,0.6,0.62,-33120.0,8,82,101,1497,0.07339449541284404,0.08888888888888889,0.08040201005025126
BalancedBagging_no_zip,without_billing_zip,BalancedBagging_original,budget_limited_high_campaign_cost,5400.0,720.0,0.6,0.63,-26640.0,6,64,103,1515,0.05504587155963303,0.08571428571428572,0.0670391061452514
BalancedBagging_no_zip,without_billing_zip,BalancedBagging_original,budget_limited_high_campaign_cost,5400.0,720.0,0.6,0.64,-17640.0,5,47,104,1532,0.045871559633027525,0.09615384615384616,0.062111801242236024
BalancedBagging_no_zip,without_billing_zip,BalancedBagging_original,budget_limited_high_campaign_cost,5400.0,720.0,0.6,0.65,-12240.0,4,35,105,1544,0.03669724770642202,0.10256410256410256,0.05405405405405406
BalancedBagging_no_zip,without_billing_zip,BalancedBagging_original,budget_limited_high_campaign_cost,5400.0,720.0,0.6,0.66,-5760.0,4,26,105,1553,0.03669724770642202,0.13333333333333333,0.05755395683453238
BalancedBagging_no_zip,without_billing_zip,BalancedBagging_original,budget_limited_high_campaign_cost,5400.0,720.0,0.6,0.67,-2880.0,4,22,105,1557,0.03669724770642202,0.15384615384615385,0.05925925925925926
BalancedBagging_no_zip,without_billing_zip,BalancedBagging_original,budget_limited_high_campaign_cost,5400.0,720.0,0.6,0.68,0.0,4,18,105,1561,0.03669724770642202,0.18181818181818182,0.061068702290076333
BalancedBagging_no_zip,without_billing_zip,BalancedBagging_original,budget_limited_high_campaign_cost,5400.0,720.0,0.6,0.69,3600.0,4,13,105,1566,0.03669724770642202,0.23529411764705882,0.06349206349206349
BalancedBagging_no_zip,without_billing_zip,BalancedBagging_original,budget_limited_high_campaign_cost,5400.0,720.0,0.6,0.7,-3960.0,1,10,108,1569,0.009174311926605505,0.09090909090909091,0.016666666666666666
BalancedBagging_no_zip,without_billing_zip,BalancedBagging_original,budget_limited_high_campaign_cost,5400.0,720.0,0.6,0.71,-3600.0,0,5,109,1574,0.0,0.0,0.0
BalancedBagging_no_zip,without_billing_zip,BalancedBagging_original,budget_limited_high_campaign_cost,5400.0,720.0,0.6,0.72,-2160.0,0,3,109,1576,0.0,0.0,0.0
BalancedBagging_no_zip,without_billing_zip,BalancedBagging_original,budget_limited_high_campaign_cost,5400.0,720.0,0.6,0.73,-1440.0,0,2,109,1577,0.0,0.0,0.0
BalancedBagging_no_zip,without_billing_zip,BalancedBagging_original,budget_limited_high_campaign_cost,5400.0,720.0,0.6,0.74,0.0,0,0,109,1579,0.0,0.0,0.0
BalancedBagging_no_zip,without_billing_zip,BalancedBagging_original,budget_limited_high_campaign_cost,5400.0,720.0,0.6,0.75,0.0,0,0,109,1579,0.0,0.0,0.0
BalancedBagging_no_zip,without_billing_zip,BalancedBagging_original,budget_limited_high_campaign_cost,5400.0,720.0,0.6,0.76,0.0,0,0,109,1579,0.0,0.0,0.0
BalancedBagging_no_zip,without_billing_zip,BalancedBagging_original,budget_limited_high_campaign_cost,5400.0,720.0,0.6,0.77,0.0,0,0,109,1579,0.0,0.0,0.0
BalancedBagging_no_zip,without_billing_zip,BalancedBagging_original,budget_limited_high_campaign_cost,5400.0,720.0,0.6,0.78,0.0,0,0,109,1579,0.0,0.0,0.0
BalancedBagging_no_zip,without_billing_zip,BalancedBagging_original,budget_limited_high_campaign_cost,5400.0,720.0,0.6,0.79,0.0,0,0,109,1579,0.0,0.0,0.0
BalancedBagging_no_zip,without_billing_zip,BalancedBagging_original,budget_limited_high_campaign_cost,5400.0,720.0,0.6,0.8,0.0,0,0,109,1579,0.0,0.0,0.0
BalancedBagging_no_zip,without_billing_zip,BalancedBagging_original,budget_limited_high_campaign_cost,5400.0,720.0,0.6,0.81,0.0,0,0,109,1579,0.0,0.0,0.0
BalancedBagging_no_zip,without_billing_zip,BalancedBagging_original,budget_limited_high_campaign_cost,5400.0,720.0,0.6,0.82,0.0,0,0,109,1579,0.0,0.0,0.0
BalancedBagging_no_zip,without_billing_zip,BalancedBagging_original,budget_limited_high_campaign_cost,5400.0,720.0,0.6,0.83,0.0,0,0,109,1579,0.0,0.0,0.0
BalancedBagging_no_zip,without_billing_zip,BalancedBagging_original,budget_limited_high_campaign_cost,5400.0,720.0,0.6,0.84,0.0,0,0,109,1579,0.0,0.0,0.0
BalancedBagging_no_zip,without_billing_zip,BalancedBagging_original,budget_limited_high_campaign_cost,5400.0,720.0,0.6,0.85,0.0,0,0,109,1579,0.0,0.0,0.0
BalancedBagging_no_zip,without_billing_zip,BalancedBagging_original,budget_limited_high_campaign_cost,5400.0,720.0,0.6,0.86,0.0,0,0,109,1579,0.0,0.0,0.0
BalancedBagging_no_zip,without_billing_zip,BalancedBagging_original,budget_limited_high_campaign_cost,5400.0,720.0,0.6,0.87,0.0,0,0,109,1579,0.0,0.0,0.0
BalancedBagging_no_zip,without_billing_zip,BalancedBagging_original,budget_limited_high_campaign_cost,5400.0,720.0,0.6,0.88,0.0,0,0,109,1579,0.0,0.0,0.0
BalancedBagging_no_zip,without_billing_zip,BalancedBagging_original,budget_limited_high_campaign_cost,5400.0,720.0,0.6,0.89,0.0,0,0,109,1579,0.0,0.0,0.0
BalancedBagging_no_zip,without_billing_zip,BalancedBagging_original,budget_limited_high_campaign_cost,5400.0,720.0,0.6,0.9,0.0,0,0,109,1579,0.0,0.0,0.0
BalancedBagging_no_zip,without_billing_zip,BalancedBagging_original,budget_limited_high_campaign_cost,5400.0,720.0,0.6,0.91,0.0,0,0,109,1579,0.0,0.0,0.0
BalancedBagging_no_zip,without_billing_zip,BalancedBagging_original,budget_limited_high_campaign_cost,5400.0,720.0,0.6,0.92,0.0,0,0,109,1579,0.0,0.0,0.0
BalancedBagging_no_zip,without_billing_zip,BalancedBagging_original,budget_limited_high_campaign_cost,5400.0,720.0,0.6,0.93,0.0,0,0,109,1579,0.0,0.0,0.0
BalancedBagging_no_zip,without_billing_zip,BalancedBagging_original,budget_limited_high_campaign_cost,5400.0,720.0,0.6,0.94,0.0,0,0,109,1579,0.0,0.0,0.0
BalancedBagging_no_zip,without_billing_zip,BalancedBagging_original,budget_limited_high_campaign_cost,5400.0,720.0,0.6,0.95,0.0,0,0,109,1579,0.0,0.0,0.0
BalancedBagging_no_zip,without_billing_zip,BalancedBagging_original,budget_limited_high_campaign_cost,5400.0,720.0,0.6,0.96,0.0,0,0,109,1579,0.0,0.0,0.0
BalancedBagging_no_zip,without_billing_zip,BalancedBagging_original,budget_limited_high_campaign_cost,5400.0,720.0,0.6,0.97,0.0,0,0,109,1579,0.0,0.0,0.0
BalancedBagging_no_zip,without_billing_zip,BalancedBagging_original,budget_limited_high_campaign_cost,5400.0,720.0,0.6,0.98,0.0,0,0,109,1579,0.0,0.0,0.0
BalancedBagging_no_zip,without_billing_zip,BalancedBagging_original,budget_limited_high_campaign_cost,5400.0,720.0,0.6,0.99,0.0,0,0,109,1579,0.0,0.0,0.0
BalancedBagging_no_zip,without_billing_zip,BalancedBagging_original,small_business_value,1200.0,120.0,0.6,0.01,-111000.0,109,1579,0,0,1.0,0.06457345971563981,0.1213132999443517
BalancedBagging_no_zip,without_billing_zip,BalancedBagging_original,small_business_value,1200.0,120.0,0.6,0.02,-111000.0,109,1579,0,0,1.0,0.06457345971563981,0.1213132999443517
BalancedBagging_no_zip,without_billing_zip,BalancedBagging_original,small_business_value,1200.0,120.0,0.6,0.03,-111000.0,109,1579,0,0,1.0,0.06457345971563981,0.1213132999443517
BalancedBagging_no_zip,without_billing_zip,BalancedBagging_original,small_business_value,1200.0,120.0,0.6,0.04,-111000.0,109,1579,0,0,1.0,0.06457345971563981,0.1213132999443517
BalancedBagging_no_zip,without_billing_zip,BalancedBagging_original,small_business_value,1200.0,120.0,0.6,0.05,-111000.0,109,1579,0,0,1.0,0.06457345971563981,0.1213132999443517
BalancedBagging_no_zip,without_billing_zip,BalancedBagging_original,small_business_value,1200.0,120.0,0.6,0.06,-111000.0,109,1579,0,0,1.0,0.06457345971563981,0.1213132999443517
BalancedBagging_no_zip,without_billing_zip,BalancedBagging_original,small_business_value,1200.0,120.0,0.6,0.07,-111000.0,109,1579,0,0,1.0,0.06457345971563981,0.1213132999443517
BalancedBagging_no_zip,without_billing_zip,BalancedBagging_original,small_business_value,1200.0,120.0,0.6,0.08,-111000.0,109,1579,0,0,1.0,0.06457345971563981,0.1213132999443517
BalancedBagging_no_zip,without_billing_zip,BalancedBagging_original,small_business_value,1200.0,120.0,0.6,0.09,-111000.0,109,1579,0,0,1.0,0.06457345971563981,0.1213132999443517
BalancedBagging_no_zip,without_billing_zip,BalancedBagging_original,small_business_value,1200.0,120.0,0.6,0.1,-111000.0,109,1579,0,0,1.0,0.06457345971563981,0.1213132999443517
BalancedBagging_no_zip,without_billing_zip,BalancedBagging_original,small_business_value,1200.0,120.0,0.6,0.11,-111000.0,109,1579,0,0,1.0,0.06457345971563981,0.1213132999443517
BalancedBagging_no_zip,without_billing_zip,BalancedBagging_original,small_business_value,1200.0,120.0,0.6,0.12,-111000.0,109,1579,0,0,1.0,0.06457345971563981,0.1213132999443517
BalancedBagging_no_zip,without_billing_zip,BalancedBagging_original,small_business_value,1200.0,120.0,0.6,0.13,-111000.0,109,1579,0,0,1.0,0.06457345971563981,0.1213132999443517
BalancedBagging_no_zip,without_billing_zip,BalancedBagging_original,small_business_value,1200.0,120.0,0.6,0.14,-111000.0,109,1579,0,0,1.0,0.06457345971563981,0.1213132999443517
BalancedBagging_no_zip,without_billing_zip,BalancedBagging_original,small_business_value,1200.0,120.0,0.6,0.15,-111000.0,109,1579,0,0,1.0,0.06457345971563981,0.1213132999443517
BalancedBagging_no_zip,without_billing_zip,BalancedBagging_original,small_business_value,1200.0,120.0,0.6,0.16,-111000.0,109,1579,0,0,1.0,0.06457345971563981,0.1213132999443517
BalancedBagging_no_zip,without_billing_zip,BalancedBagging_original,small_business_value,1200.0,120.0,0.6,0.17,-111000.0,109,1579,0,0,1.0,0.06457345971563981,0.1213132999443517
BalancedBagging_no_zip,without_billing_zip,BalancedBagging_original,small_business_value,1200.0,120.0,0.6,0.18,-111000.0,109,1579,0,0,1.0,0.06457345971563981,0.1213132999443517
BalancedBagging_no_zip,without_billing_zip,BalancedBagging_original,small_business_value,1200.0,120.0,0.6,0.19,-111000.0,109,1579,0,0,1.0,0.06457345971563981,0.1213132999443517
BalancedBagging_no_zip,without_billing_zip,BalancedBagging_original,small_business_value,1200.0,120.0,0.6,0.2,-111000.0,109,1579,0,0,1.0,0.06457345971563981,0.1213132999443517
BalancedBagging_no_zip,without_billing_zip,BalancedBagging_original,small_business_value,1200.0,120.0,0.6,0.21,-111000.0,109,1579,0,0,1.0,0.06457345971563981,0.1213132999443517
BalancedBagging_no_zip,without_billing_zip,BalancedBagging_original,small_business_value,1200.0,120.0,0.6,0.22,-110760.0,109,1577,0,2,1.0,0.06465005931198102,0.12144846796657381
BalancedBagging_no_zip,without_billing_zip,BalancedBagging_original,small_business_value,1200.0,120.0,0.6,0.23,-110640.0,109,1576,0,3,1.0,0.06468842729970327,0.12151616499442586
BalancedBagging_no_zip,without_billing_zip,BalancedBagging_original,small_business_value,1200.0,120.0,0.6,0.24,-110400.0,109,1574,0,5,1.0,0.0647653000594177,0.12165178571428571
BalancedBagging_no_zip,without_billing_zip,BalancedBagging_original,small_business_value,1200.0,120.0,0.6,0.25,-109920.0,109,1570,0,9,1.0,0.06491959499702203,0.12192393736017897
BalancedBagging_no_zip,without_billing_zip,BalancedBagging_original,small_business_value,1200.0,120.0,0.6,0.26,-110160.0,108,1566,1,13,0.9908256880733946,0.06451612903225806,0.12114413909141895
BalancedBagging_no_zip,without_billing_zip,BalancedBagging_original,small_business_value,1200.0,120.0,0.6,0.27,-109800.0,107,1557,2,22,0.981651376146789,0.06430288461538461,0.12069937958262832
BalancedBagging_no_zip,without_billing_zip,BalancedBagging_original,small_business_value,1200.0,120.0,0.6,0.28,-109080.0,107,1551,2,28,0.981651376146789,0.06453558504221954,0.1211092246745897
BalancedBagging_no_zip,without_billing_zip,BalancedBagging_original,small_business_value,1200.0,120.0,0.6,0.29,-108240.0,107,1544,2,35,0.981651376146789,0.06480920654149,0.1215909090909091
BalancedBagging_no_zip,without_billing_zip,BalancedBagging_original,small_business_value,1200.0,120.0,0.6,0.3,-106080.0,107,1526,2,53,0.981651376146789,0.065523576240049,0.12284730195177956
BalancedBagging_no_zip,without_billing_zip,BalancedBagging_original,small_business_value,1200.0,120.0,0.6,0.31,-106080.0,104,1508,5,71,0.9541284403669725,0.06451612903225806,0.12085996513654852
BalancedBagging_no_zip,without_billing_zip,BalancedBagging_original,small_business_value,1200.0,120.0,0.6,0.32,-105000.0,101,1481,8,98,0.926605504587156,0.0638432364096081,0.11945594322885866
BalancedBagging_no_zip,without_billing_zip,BalancedBagging_original,small_business_value,1200.0,120.0,0.6,0.33,-102720.0,98,1444,11,135,0.8990825688073395,0.06355382619974059,0.11871592973955179
BalancedBagging_no_zip,without_billing_zip,BalancedBagging_original,small_business_value,1200.0,120.0,0.6,0.34,-99480.0,95,1399,14,180,0.8715596330275229,0.06358768406961178,0.11852776044915783
BalancedBagging_no_zip,without_billing_zip,BalancedBagging_original,small_business_value,1200.0,120.0,0.6,0.35,-94320.0,94,1350,15,229,0.8623853211009175,0.06509695290858726,0.1210560206052801
BalancedBagging_no_zip,without_billing_zip,BalancedBagging_original,small_business_value,1200.0,120.0,0.6,0.36,-88440.0,93,1295,16,284,0.8532110091743119,0.0670028818443804,0.12424849699398798
BalancedBagging_no_zip,without_billing_zip,BalancedBagging_original,small_business_value,1200.0,120.0,0.6,0.37,-84960.0,89,1242,20,337,0.8165137614678899,0.06686701728024042,0.12361111111111112
BalancedBagging_no_zip,without_billing_zip,BalancedBagging_original,small_business_value,1200.0,120.0,0.6,0.38,-78600.0,87,1177,22,402,0.7981651376146789,0.06882911392405064,0.12672978878368535
BalancedBagging_no_zip,without_billing_zip,BalancedBagging_original,small_business_value,1200.0,120.0,0.6,0.39,-73440.0,87,1134,22,445,0.7981651376146789,0.07125307125307126,0.13082706766917293
BalancedBagging_no_zip,without_billing_zip,BalancedBagging_original,small_business_value,1200.0,120.0,0.6,0.4,-69840.0,86,1098,23,481,0.7889908256880734,0.07263513513513513,0.13302397525135345
BalancedBagging_no_zip,without_billing_zip,BalancedBagging_original,small_business_value,1200.0,120.0,0.6,0.41,-66480.0,85,1064,24,515,0.7798165137614679,0.07397737162750218,0.13513513513513514
BalancedBagging_no_zip,without_billing_zip,BalancedBagging_original,small_business_value,1200.0,120.0,0.6,0.42,-63720.0,82,1023,27,556,0.7522935779816514,0.07420814479638009,0.13509060955518945
BalancedBagging_no_zip,without_billing_zip,BalancedBagging_original,small_business_value,1200.0,120.0,0.6,0.43,-61080.0,80,989,29,590,0.7339449541284404,0.07483629560336763,0.13582342954159593
BalancedBagging_no_zip,without_billing_zip,BalancedBagging_original,small_business_value,1200.0,120.0,0.6,0.44,-58800.0,77,952,32,627,0.7064220183486238,0.07482993197278912,0.13532513181019332
BalancedBagging_no_zip,without_billing_zip,BalancedBagging_original,small_business_value,1200.0,120.0,0.6,0.45,-58680.0,72,921,37,658,0.6605504587155964,0.07250755287009064,0.1306715063520871
BalancedBagging_no_zip,without_billing_zip,BalancedBagging_original,small_business_value,1200.0,120.0,0.6,0.46,-54960.0,71,884,38,695,0.6513761467889908,0.0743455497382199,0.13345864661654136
BalancedBagging_no_zip,without_billing_zip,BalancedBagging_original,small_business_value,1200.0,120.0,0.6,0.47,-52320.0,70,856,39,723,0.6422018348623854,0.0755939524838013,0.13526570048309178
BalancedBagging_no_zip,without_billing_zip,BalancedBagging_original,small_business_value,1200.0,120.0,0.6,0.48,-49920.0,66,812,43,767,0.6055045871559633,0.07517084282460136,0.1337386018237082
BalancedBagging_no_zip,without_billing_zip,BalancedBagging_original,small_business_value,1200.0,120.0,0.6,0.49,-46440.0,62,759,47,820,0.5688073394495413,0.07551766138855055,0.13333333333333333
BalancedBagging_no_zip,without_billing_zip,BalancedBagging_original,small_business_value,1200.0,120.0,0.6,0.5,-39600.0,60,690,49,889,0.5504587155963303,0.08,0.13969732246798602
BalancedBagging_no_zip,without_billing_zip,BalancedBagging_original,small_business_value,1200.0,120.0,0.6,0.51,-34440.0,59,641,50,938,0.5412844036697247,0.08428571428571428,0.14585908529048208
BalancedBagging_no_zip,without_billing_zip,BalancedBagging_original,small_business_value,1200.0,120.0,0.6,0.52,-33960.0,51,589,58,990,0.46788990825688076,0.0796875,0.13618157543391188
BalancedBagging_no_zip,without_billing_zip,BalancedBagging_original,small_business_value,1200.0,120.0,0.6,0.53,-32400.0,44,534,65,1045,0.4036697247706422,0.07612456747404844,0.12809315866084425
BalancedBagging_no_zip,without_billing_zip,BalancedBagging_original,small_business_value,1200.0,120.0,0.6,0.54,-28800.0,38,468,71,1111,0.3486238532110092,0.07509881422924901,0.12357723577235773
BalancedBagging_no_zip,without_billing_zip,BalancedBagging_original,small_business_value,1200.0,120.0,0.6,0.55,-24360.0,32,395,77,1184,0.29357798165137616,0.07494145199063232,0.11940298507462686
BalancedBagging_no_zip,without_billing_zip,BalancedBagging_original,small_business_value,1200.0,120.0,0.6,0.56,-20760.0,25,323,84,1256,0.22935779816513763,0.07183908045977011,0.10940919037199125
BalancedBagging_no_zip,without_billing_zip,BalancedBagging_original,small_business_value,1200.0,120.0,0.6,0.57,-16560.0,21,264,88,1315,0.1926605504587156,0.07368421052631578,0.1065989847715736
BalancedBagging_no_zip,without_billing_zip,BalancedBagging_original,small_business_value,1200.0,120.0,0.6,0.58,-11880.0,21,225,88,1354,0.1926605504587156,0.08536585365853659,0.11830985915492957
BalancedBagging_no_zip,without_billing_zip,BalancedBagging_original,small_business_value,1200.0,120.0,0.6,0.59,-12240.0,13,180,96,1399,0.11926605504587157,0.06735751295336788,0.08609271523178808
BalancedBagging_no_zip,without_billing_zip,BalancedBagging_original,small_business_value,1200.0,120.0,0.6,0.6,-8640.0,11,138,98,1441,0.10091743119266056,0.0738255033557047,0.08527131782945736
BalancedBagging_no_zip,without_billing_zip,BalancedBagging_original,small_business_value,1200.0,120.0,0.6,0.61,-7200.0,9,114,100,1465,0.08256880733944955,0.07317073170731707,0.07758620689655173
BalancedBagging_no_zip,without_billing_zip,BalancedBagging_original,small_business_value,1200.0,120.0,0.6,0.62,-4080.0,8,82,101,1497,0.07339449541284404,0.08888888888888889,0.08040201005025126
BalancedBagging_no_zip,without_billing_zip,BalancedBagging_original,small_business_value,1200.0,120.0,0.6,0.63,-3360.0,6,64,103,1515,0.05504587155963303,0.08571428571428572,0.0670391061452514
BalancedBagging_no_zip,without_billing_zip,BalancedBagging_original,small_business_value,1200.0,120.0,0.6,0.64,-2040.0,5,47,104,1532,0.045871559633027525,0.09615384615384616,0.062111801242236024
BalancedBagging_no_zip,without_billing_zip,BalancedBagging_original,small_business_value,1200.0,120.0,0.6,0.65,-1320.0,4,35,105,1544,0.03669724770642202,0.10256410256410256,0.05405405405405406
BalancedBagging_no_zip,without_billing_zip,BalancedBagging_original,small_business_value,1200.0,120.0,0.6,0.66,-240.0,4,26,105,1553,0.03669724770642202,0.13333333333333333,0.05755395683453238
BalancedBagging_no_zip,without_billing_zip,BalancedBagging_original,small_business_value,1200.0,120.0,0.6,0.67,240.0,4,22,105,1557,0.03669724770642202,0.15384615384615385,0.05925925925925926
BalancedBagging_no_zip,without_billing_zip,BalancedBagging_original,small_business_value,1200.0,120.0,0.6,0.68,720.0,4,18,105,1561,0.03669724770642202,0.18181818181818182,0.061068702290076333
BalancedBagging_no_zip,without_billing_zip,BalancedBagging_original,small_business_value,1200.0,120.0,0.6,0.69,1320.0,4,13,105,1566,0.03669724770642202,0.23529411764705882,0.06349206349206349
BalancedBagging_no_zip,without_billing_zip,BalancedBagging_original,small_business_value,1200.0,120.0,0.6,0.7,-480.0,1,10,108,1569,0.009174311926605505,0.09090909090909091,0.016666666666666666
BalancedBagging_no_zip,without_billing_zip,BalancedBagging_original,small_business_value,1200.0,120.0,0.6,0.71,-600.0,0,5,109,1574,0.0,0.0,0.0
BalancedBagging_no_zip,without_billing_zip,BalancedBagging_original,small_business_value,1200.0,120.0,0.6,0.72,-360.0,0,3,109,1576,0.0,0.0,0.0
BalancedBagging_no_zip,without_billing_zip,BalancedBagging_original,small_business_value,1200.0,120.0,0.6,0.73,-240.0,0,2,109,1577,0.0,0.0,0.0
BalancedBagging_no_zip,without_billing_zip,BalancedBagging_original,small_business_value,1200.0,120.0,0.6,0.74,0.0,0,0,109,1579,0.0,0.0,0.0
BalancedBagging_no_zip,without_billing_zip,BalancedBagging_original,small_business_value,1200.0,120.0,0.6,0.75,0.0,0,0,109,1579,0.0,0.0,0.0
BalancedBagging_no_zip,without_billing_zip,BalancedBagging_original,small_business_value,1200.0,120.0,0.6,0.76,0.0,0,0,109,1579,0.0,0.0,0.0
BalancedBagging_no_zip,without_billing_zip,BalancedBagging_original,small_business_value,1200.0,120.0,0.6,0.77,0.0,0,0,109,1579,0.0,0.0,0.0
BalancedBagging_no_zip,without_billing_zip,BalancedBagging_original,small_business_value,1200.0,120.0,0.6,0.78,0.0,0,0,109,1579,0.0,0.0,0.0
BalancedBagging_no_zip,without_billing_zip,BalancedBagging_original,small_business_value,1200.0,120.0,0.6,0.79,0.0,0,0,109,1579,0.0,0.0,0.0
BalancedBagging_no_zip,without_billing_zip,BalancedBagging_original,small_business_value,1200.0,120.0,0.6,0.8,0.0,0,0,109,1579,0.0,0.0,0.0
BalancedBagging_no_zip,without_billing_zip,BalancedBagging_original,small_business_value,1200.0,120.0,0.6,0.81,0.0,0,0,109,1579,0.0,0.0,0.0
BalancedBagging_no_zip,without_billing_zip,BalancedBagging_original,small_business_value,1200.0,120.0,0.6,0.82,0.0,0,0,109,1579,0.0,0.0,0.0
BalancedBagging_no_zip,without_billing_zip,BalancedBagging_original,small_business_value,1200.0,120.0,0.6,0.83,0.0,0,0,109,1579,0.0,0.0,0.0
BalancedBagging_no_zip,without_billing_zip,BalancedBagging_original,small_business_value,1200.0,120.0,0.6,0.84,0.0,0,0,109,1579,0.0,0.0,0.0
BalancedBagging_no_zip,without_billing_zip,BalancedBagging_original,small_business_value,1200.0,120.0,0.6,0.85,0.0,0,0,109,1579,0.0,0.0,0.0
BalancedBagging_no_zip,without_billing_zip,BalancedBagging_original,small_business_value,1200.0,120.0,0.6,0.86,0.0,0,0,109,1579,0.0,0.0,0.0
BalancedBagging_no_zip,without_billing_zip,BalancedBagging_original,small_business_value,1200.0,120.0,0.6,0.87,0.0,0,0,109,1579,0.0,0.0,0.0
BalancedBagging_no_zip,without_billing_zip,BalancedBagging_original,small_business_value,1200.0,120.0,0.6,0.88,0.0,0,0,109,1579,0.0,0.0,0.0
BalancedBagging_no_zip,without_billing_zip,BalancedBagging_original,small_business_value,1200.0,120.0,0.6,0.89,0.0,0,0,109,1579,0.0,0.0,0.0
BalancedBagging_no_zip,without_billing_zip,BalancedBagging_original,small_business_value,1200.0,120.0,0.6,0.9,0.0,0,0,109,1579,0.0,0.0,0.0
BalancedBagging_no_zip,without_billing_zip,BalancedBagging_original,small_business_value,1200.0,120.0,0.6,0.91,0.0,0,0,109,1579,0.0,0.0,0.0
BalancedBagging_no_zip,without_billing_zip,BalancedBagging_original,small_business_value,1200.0,120.0,0.6,0.92,0.0,0,0,109,1579,0.0,0.0,0.0
BalancedBagging_no_zip,without_billing_zip,BalancedBagging_original,small_business_value,1200.0,120.0,0.6,0.93,0.0,0,0,109,1579,0.0,0.0,0.0
BalancedBagging_no_zip,without_billing_zip,BalancedBagging_original,small_business_value,1200.0,120.0,0.6,0.94,0.0,0,0,109,1579,0.0,0.0,0.0
BalancedBagging_no_zip,without_billing_zip,BalancedBagging_original,small_business_value,1200.0,120.0,0.6,0.95,0.0,0,0,109,1579,0.0,0.0,0.0
BalancedBagging_no_zip,without_billing_zip,BalancedBagging_original,small_business_value,1200.0,120.0,0.6,0.96,0.0,0,0,109,1579,0.0,0.0,0.0
BalancedBagging_no_zip,without_billing_zip,BalancedBagging_original,small_business_value,1200.0,120.0,0.6,0.97,0.0,0,0,109,1579,0.0,0.0,0.0
BalancedBagging_no_zip,without_billing_zip,BalancedBagging_original,small_business_value,1200.0,120.0,0.6,0.98,0.0,0,0,109,1579,0.0,0.0,0.0
BalancedBagging_no_zip,without_billing_zip,BalancedBagging_original,small_business_value,1200.0,120.0,0.6,0.99,0.0,0,0,109,1579,0.0,0.0,0.0
BalancedBagging_no_zip,without_billing_zip,BalancedBagging_original,enterprise_value,18000.0,120.0,0.6,0.01,987720.0,109,1579,0,0,1.0,0.06457345971563981,0.1213132999443517
BalancedBagging_no_zip,without_billing_zip,BalancedBagging_original,enterprise_value,18000.0,120.0,0.6,0.02,987720.0,109,1579,0,0,1.0,0.06457345971563981,0.1213132999443517
BalancedBagging_no_zip,without_billing_zip,BalancedBagging_original,enterprise_value,18000.0,120.0,0.6,0.03,987720.0,109,1579,0,0,1.0,0.06457345971563981,0.1213132999443517
BalancedBagging_no_zip,without_billing_zip,BalancedBagging_original,enterprise_value,18000.0,120.0,0.6,0.04,987720.0,109,1579,0,0,1.0,0.06457345971563981,0.1213132999443517
BalancedBagging_no_zip,without_billing_zip,BalancedBagging_original,enterprise_value,18000.0,120.0,0.6,0.05,987720.0,109,1579,0,0,1.0,0.06457345971563981,0.1213132999443517
BalancedBagging_no_zip,without_billing_zip,BalancedBagging_original,enterprise_value,18000.0,120.0,0.6,0.06,987720.0,109,1579,0,0,1.0,0.06457345971563981,0.1213132999443517
BalancedBagging_no_zip,without_billing_zip,BalancedBagging_original,enterprise_value,18000.0,120.0,0.6,0.07,987720.0,109,1579,0,0,1.0,0.06457345971563981,0.1213132999443517
BalancedBagging_no_zip,without_billing_zip,BalancedBagging_original,enterprise_value,18000.0,120.0,0.6,0.08,987720.0,109,1579,0,0,1.0,0.06457345971563981,0.1213132999443517
BalancedBagging_no_zip,without_billing_zip,BalancedBagging_original,enterprise_value,18000.0,120.0,0.6,0.09,987720.0,109,1579,0,0,1.0,0.06457345971563981,0.1213132999443517
BalancedBagging_no_zip,without_billing_zip,BalancedBagging_original,enterprise_value,18000.0,120.0,0.6,0.1,987720.0,109,1579,0,0,1.0,0.06457345971563981,0.1213132999443517
BalancedBagging_no_zip,without_billing_zip,BalancedBagging_original,enterprise_value,18000.0,120.0,0.6,0.11,987720.0,109,1579,0,0,1.0,0.06457345971563981,0.1213132999443517
BalancedBagging_no_zip,without_billing_zip,BalancedBagging_original,enterprise_value,18000.0,120.0,0.6,0.12,987720.0,109,1579,0,0,1.0,0.06457345971563981,0.1213132999443517
BalancedBagging_no_zip,without_billing_zip,BalancedBagging_original,enterprise_value,18000.0,120.0,0.6,0.13,987720.0,109,1579,0,0,1.0,0.06457345971563981,0.1213132999443517
BalancedBagging_no_zip,without_billing_zip,BalancedBagging_original,enterprise_value,18000.0,120.0,0.6,0.14,987720.0,109,1579,0,0,1.0,0.06457345971563981,0.1213132999443517
BalancedBagging_no_zip,without_billing_zip,BalancedBagging_original,enterprise_value,18000.0,120.0,0.6,0.15,987720.0,109,1579,0,0,1.0,0.06457345971563981,0.1213132999443517
BalancedBagging_no_zip,without_billing_zip,BalancedBagging_original,enterprise_value,18000.0,120.0,0.6,0.16,987720.0,109,1579,0,0,1.0,0.06457345971563981,0.1213132999443517
BalancedBagging_no_zip,without_billing_zip,BalancedBagging_original,enterprise_value,18000.0,120.0,0.6,0.17,987720.0,109,1579,0,0,1.0,0.06457345971563981,0.1213132999443517
BalancedBagging_no_zip,without_billing_zip,BalancedBagging_original,enterprise_value,18000.0,120.0,0.6,0.18,987720.0,109,1579,0,0,1.0,0.06457345971563981,0.1213132999443517
BalancedBagging_no_zip,without_billing_zip,BalancedBagging_original,enterprise_value,18000.0,120.0,0.6,0.19,987720.0,109,1579,0,0,1.0,0.06457345971563981,0.1213132999443517
BalancedBagging_no_zip,without_billing_zip,BalancedBagging_original,enterprise_value,18000.0,120.0,0.6,0.2,987720.0,109,1579,0,0,1.0,0.06457345971563981,0.1213132999443517
BalancedBagging_no_zip,without_billing_zip,BalancedBagging_original,enterprise_value,18000.0,120.0,0.6,0.21,987720.0,109,1579,0,0,1.0,0.06457345971563981,0.1213132999443517
BalancedBagging_no_zip,without_billing_zip,BalancedBagging_original,enterprise_value,18000.0,120.0,0.6,0.22,987960.0,109,1577,0,2,1.0,0.06465005931198102,0.12144846796657381
BalancedBagging_no_zip,without_billing_zip,BalancedBagging_original,enterprise_value,18000.0,120.0,0.6,0.23,988080.0,109,1576,0,3,1.0,0.06468842729970327,0.12151616499442586
BalancedBagging_no_zip,without_billing_zip,BalancedBagging_original,enterprise_value,18000.0,120.0,0.6,0.24,988320.0,109,1574,0,5,1.0,0.0647653000594177,0.12165178571428571
BalancedBagging_no_zip,without_billing_zip,BalancedBagging_original,enterprise_value,18000.0,120.0,0.6,0.25,988800.0,109,1570,0,9,1.0,0.06491959499702203,0.12192393736017897
BalancedBagging_no_zip,without_billing_zip,BalancedBagging_original,enterprise_value,18000.0,120.0,0.6,0.26,978480.0,108,1566,1,13,0.9908256880733946,0.06451612903225806,0.12114413909141895
BalancedBagging_no_zip,without_billing_zip,BalancedBagging_original,enterprise_value,18000.0,120.0,0.6,0.27,968760.0,107,1557,2,22,0.981651376146789,0.06430288461538461,0.12069937958262832
BalancedBagging_no_zip,without_billing_zip,BalancedBagging_original,enterprise_value,18000.0,120.0,0.6,0.28,969480.0,107,1551,2,28,0.981651376146789,0.06453558504221954,0.1211092246745897
BalancedBagging_no_zip,without_billing_zip,BalancedBagging_original,enterprise_value,18000.0,120.0,0.6,0.29,970320.0,107,1544,2,35,0.981651376146789,0.06480920654149,0.1215909090909091
BalancedBagging_no_zip,without_billing_zip,BalancedBagging_original,enterprise_value,18000.0,120.0,0.6,0.3,972480.0,107,1526,2,53,0.981651376146789,0.065523576240049,0.12284730195177956
BalancedBagging_no_zip,without_billing_zip,BalancedBagging_original,enterprise_value,18000.0,120.0,0.6,0.31,942240.0,104,1508,5,71,0.9541284403669725,0.06451612903225806,0.12085996513654852
BalancedBagging_no_zip,without_billing_zip,BalancedBagging_original,enterprise_value,18000.0,120.0,0.6,0.32,913080.0,101,1481,8,98,0.926605504587156,0.0638432364096081,0.11945594322885866
BalancedBagging_no_zip,without_billing_zip,BalancedBagging_original,enterprise_value,18000.0,120.0,0.6,0.33,885120.0,98,1444,11,135,0.8990825688073395,0.06355382619974059,0.11871592973955179
BalancedBagging_no_zip,without_billing_zip,BalancedBagging_original,enterprise_value,18000.0,120.0,0.6,0.34,858120.0,95,1399,14,180,0.8715596330275229,0.06358768406961178,0.11852776044915783
BalancedBagging_no_zip,without_billing_zip,BalancedBagging_original,enterprise_value,18000.0,120.0,0.6,0.35,853200.0,94,1350,15,229,0.8623853211009175,0.06509695290858726,0.1210560206052801
BalancedBagging_no_zip,without_billing_zip,BalancedBagging_original,enterprise_value,18000.0,120.0,0.6,0.36,849000.0,93,1295,16,284,0.8532110091743119,0.0670028818443804,0.12424849699398798
BalancedBagging_no_zip,without_billing_zip,BalancedBagging_original,enterprise_value,18000.0,120.0,0.6,0.37,812160.0,89,1242,20,337,0.8165137614678899,0.06686701728024042,0.12361111111111112
BalancedBagging_no_zip,without_billing_zip,BalancedBagging_original,enterprise_value,18000.0,120.0,0.6,0.38,798360.0,87,1177,22,402,0.7981651376146789,0.06882911392405064,0.12672978878368535
BalancedBagging_no_zip,without_billing_zip,BalancedBagging_original,enterprise_value,18000.0,120.0,0.6,0.39,803520.0,87,1134,22,445,0.7981651376146789,0.07125307125307126,0.13082706766917293
BalancedBagging_no_zip,without_billing_zip,BalancedBagging_original,enterprise_value,18000.0,120.0,0.6,0.4,797040.0,86,1098,23,481,0.7889908256880734,0.07263513513513513,0.13302397525135345
BalancedBagging_no_zip,without_billing_zip,BalancedBagging_original,enterprise_value,18000.0,120.0,0.6,0.41,790320.0,85,1064,24,515,0.7798165137614679,0.07397737162750218,0.13513513513513514
BalancedBagging_no_zip,without_billing_zip,BalancedBagging_original,enterprise_value,18000.0,120.0,0.6,0.42,762840.0,82,1023,27,556,0.7522935779816514,0.07420814479638009,0.13509060955518945
BalancedBagging_no_zip,without_billing_zip,BalancedBagging_original,enterprise_value,18000.0,120.0,0.6,0.43,745320.0,80,989,29,590,0.7339449541284404,0.07483629560336763,0.13582342954159593
BalancedBagging_no_zip,without_billing_zip,BalancedBagging_original,enterprise_value,18000.0,120.0,0.6,0.44,717360.0,77,952,32,627,0.7064220183486238,0.07482993197278912,0.13532513181019332
BalancedBagging_no_zip,without_billing_zip,BalancedBagging_original,enterprise_value,18000.0,120.0,0.6,0.45,667080.0,72,921,37,658,0.6605504587155964,0.07250755287009064,0.1306715063520871
BalancedBagging_no_zip,without_billing_zip,BalancedBagging_original,enterprise_value,18000.0,120.0,0.6,0.46,660720.0,71,884,38,695,0.6513761467889908,0.0743455497382199,0.13345864661654136
BalancedBagging_no_zip,without_billing_zip,BalancedBagging_original,enterprise_value,18000.0,120.0,0.6,0.47,653280.0,70,856,39,723,0.6422018348623854,0.0755939524838013,0.13526570048309178
BalancedBagging_no_zip,without_billing_zip,BalancedBagging_original,enterprise_value,18000.0,120.0,0.6,0.48,615360.0,66,812,43,767,0.6055045871559633,0.07517084282460136,0.1337386018237082
BalancedBagging_no_zip,without_billing_zip,BalancedBagging_original,enterprise_value,18000.0,120.0,0.6,0.49,578520.0,62,759,47,820,0.5688073394495413,0.07551766138855055,0.13333333333333333
BalancedBagging_no_zip,without_billing_zip,BalancedBagging_original,enterprise_value,18000.0,120.0,0.6,0.5,565200.0,60,690,49,889,0.5504587155963303,0.08,0.13969732246798602
BalancedBagging_no_zip,without_billing_zip,BalancedBagging_original,enterprise_value,18000.0,120.0,0.6,0.51,560280.0,59,641,50,938,0.5412844036697247,0.08428571428571428,0.14585908529048208
BalancedBagging_no_zip,without_billing_zip,BalancedBagging_original,enterprise_value,18000.0,120.0,0.6,0.52,480120.0,51,589,58,990,0.46788990825688076,0.0796875,0.13618157543391188
BalancedBagging_no_zip,without_billing_zip,BalancedBagging_original,enterprise_value,18000.0,120.0,0.6,0.53,411120.0,44,534,65,1045,0.4036697247706422,0.07612456747404844,0.12809315866084425
BalancedBagging_no_zip,without_billing_zip,BalancedBagging_original,enterprise_value,18000.0,120.0,0.6,0.54,354240.0,38,468,71,1111,0.3486238532110092,0.07509881422924901,0.12357723577235773
BalancedBagging_no_zip,without_billing_zip,BalancedBagging_original,enterprise_value,18000.0,120.0,0.6,0.55,298200.0,32,395,77,1184,0.29357798165137616,0.07494145199063232,0.11940298507462686
BalancedBagging_no_zip,without_billing_zip,BalancedBagging_original,enterprise_value,18000.0,120.0,0.6,0.56,231240.0,25,323,84,1256,0.22935779816513763,0.07183908045977011,0.10940919037199125
BalancedBagging_no_zip,without_billing_zip,BalancedBagging_original,enterprise_value,18000.0,120.0,0.6,0.57,195120.0,21,264,88,1315,0.1926605504587156,0.07368421052631578,0.1065989847715736
BalancedBagging_no_zip,without_billing_zip,BalancedBagging_original,enterprise_value,18000.0,120.0,0.6,0.58,199800.0,21,225,88,1354,0.1926605504587156,0.08536585365853659,0.11830985915492957
BalancedBagging_no_zip,without_billing_zip,BalancedBagging_original,enterprise_value,18000.0,120.0,0.6,0.59,118800.0,13,180,96,1399,0.11926605504587157,0.06735751295336788,0.08609271523178808
BalancedBagging_no_zip,without_billing_zip,BalancedBagging_original,enterprise_value,18000.0,120.0,0.6,0.6,102240.0,11,138,98,1441,0.10091743119266056,0.0738255033557047,0.08527131782945736
BalancedBagging_no_zip,without_billing_zip,BalancedBagging_original,enterprise_value,18000.0,120.0,0.6,0.61,83520.0,9,114,100,1465,0.08256880733944955,0.07317073170731707,0.07758620689655173
BalancedBagging_no_zip,without_billing_zip,BalancedBagging_original,enterprise_value,18000.0,120.0,0.6,0.62,76560.0,8,82,101,1497,0.07339449541284404,0.08888888888888889,0.08040201005025126
BalancedBagging_no_zip,without_billing_zip,BalancedBagging_original,enterprise_value,18000.0,120.0,0.6,0.63,57120.0,6,64,103,1515,0.05504587155963303,0.08571428571428572,0.0670391061452514
BalancedBagging_no_zip,without_billing_zip,BalancedBagging_original,enterprise_value,18000.0,120.0,0.6,0.64,48360.0,5,47,104,1532,0.045871559633027525,0.09615384615384616,0.062111801242236024
BalancedBagging_no_zip,without_billing_zip,BalancedBagging_original,enterprise_value,18000.0,120.0,0.6,0.65,39000.0,4,35,105,1544,0.03669724770642202,0.10256410256410256,0.05405405405405406
BalancedBagging_no_zip,without_billing_zip,BalancedBagging_original,enterprise_value,18000.0,120.0,0.6,0.66,40080.0,4,26,105,1553,0.03669724770642202,0.13333333333333333,0.05755395683453238
BalancedBagging_no_zip,without_billing_zip,BalancedBagging_original,enterprise_value,18000.0,120.0,0.6,0.67,40560.0,4,22,105,1557,0.03669724770642202,0.15384615384615385,0.05925925925925926
BalancedBagging_no_zip,without_billing_zip,BalancedBagging_original,enterprise_value,18000.0,120.0,0.6,0.68,41040.0,4,18,105,1561,0.03669724770642202,0.18181818181818182,0.061068702290076333
BalancedBagging_no_zip,without_billing_zip,BalancedBagging_original,enterprise_value,18000.0,120.0,0.6,0.69,41640.0,4,13,105,1566,0.03669724770642202,0.23529411764705882,0.06349206349206349
BalancedBagging_no_zip,without_billing_zip,BalancedBagging_original,enterprise_value,18000.0,120.0,0.6,0.7,9600.0,1,10,108,1569,0.009174311926605505,0.09090909090909091,0.016666666666666666
BalancedBagging_no_zip,without_billing_zip,BalancedBagging_original,enterprise_value,18000.0,120.0,0.6,0.71,-600.0,0,5,109,1574,0.0,0.0,0.0
BalancedBagging_no_zip,without_billing_zip,BalancedBagging_original,enterprise_value,18000.0,120.0,0.6,0.72,-360.0,0,3,109,1576,0.0,0.0,0.0
BalancedBagging_no_zip,without_billing_zip,BalancedBagging_original,enterprise_value,18000.0,120.0,0.6,0.73,-240.0,0,2,109,1577,0.0,0.0,0.0
BalancedBagging_no_zip,without_billing_zip,BalancedBagging_original,enterprise_value,18000.0,120.0,0.6,0.74,0.0,0,0,109,1579,0.0,0.0,0.0
BalancedBagging_no_zip,without_billing_zip,BalancedBagging_original,enterprise_value,18000.0,120.0,0.6,0.75,0.0,0,0,109,1579,0.0,0.0,0.0
BalancedBagging_no_zip,without_billing_zip,BalancedBagging_original,enterprise_value,18000.0,120.0,0.6,0.76,0.0,0,0,109,1579,0.0,0.0,0.0
BalancedBagging_no_zip,without_billing_zip,BalancedBagging_original,enterprise_value,18000.0,120.0,0.6,0.77,0.0,0,0,109,1579,0.0,0.0,0.0
BalancedBagging_no_zip,without_billing_zip,BalancedBagging_original,enterprise_value,18000.0,120.0,0.6,0.78,0.0,0,0,109,1579,0.0,0.0,0.0
BalancedBagging_no_zip,without_billing_zip,BalancedBagging_original,enterprise_value,18000.0,120.0,0.6,0.79,0.0,0,0,109,1579,0.0,0.0,0.0
BalancedBagging_no_zip,without_billing_zip,BalancedBagging_original,enterprise_value,18000.0,120.0,0.6,0.8,0.0,0,0,109,1579,0.0,0.0,0.0
BalancedBagging_no_zip,without_billing_zip,BalancedBagging_original,enterprise_value,18000.0,120.0,0.6,0.81,0.0,0,0,109,1579,0.0,0.0,0.0
BalancedBagging_no_zip,without_billing_zip,BalancedBagging_original,enterprise_value,18000.0,120.0,0.6,0.82,0.0,0,0,109,1579,0.0,0.0,0.0
BalancedBagging_no_zip,without_billing_zip,BalancedBagging_original,enterprise_value,18000.0,120.0,0.6,0.83,0.0,0,0,109,1579,0.0,0.0,0.0
BalancedBagging_no_zip,without_billing_zip,BalancedBagging_original,enterprise_value,18000.0,120.0,0.6,0.84,0.0,0,0,109,1579,0.0,0.0,0.0
BalancedBagging_no_zip,without_billing_zip,BalancedBagging_original,enterprise_value,18000.0,120.0,0.6,0.85,0.0,0,0,109,1579,0.0,0.0,0.0
BalancedBagging_no_zip,without_billing_zip,BalancedBagging_original,enterprise_value,18000.0,120.0,0.6,0.86,0.0,0,0,109,1579,0.0,0.0,0.0
BalancedBagging_no_zip,without_billing_zip,BalancedBagging_original,enterprise_value,18000.0,120.0,0.6,0.87,0.0,0,0,109,1579,0.0,0.0,0.0
BalancedBagging_no_zip,without_billing_zip,BalancedBagging_original,enterprise_value,18000.0,120.0,0.6,0.88,0.0,0,0,109,1579,0.0,0.0,0.0
BalancedBagging_no_zip,without_billing_zip,BalancedBagging_original,enterprise_value,18000.0,120.0,0.6,0.89,0.0,0,0,109,1579,0.0,0.0,0.0
BalancedBagging_no_zip,without_billing_zip,BalancedBagging_original,enterprise_value,18000.0,120.0,0.6,0.9,0.0,0,0,109,1579,0.0,0.0,0.0
BalancedBagging_no_zip,without_billing_zip,BalancedBagging_original,enterprise_value,18000.0,120.0,0.6,0.91,0.0,0,0,109,1579,0.0,0.0,0.0
BalancedBagging_no_zip,without_billing_zip,BalancedBagging_original,enterprise_value,18000.0,120.0,0.6,0.92,0.0,0,0,109,1579,0.0,0.0,0.0
BalancedBagging_no_zip,without_billing_zip,BalancedBagging_original,enterprise_value,18000.0,120.0,0.6,0.93,0.0,0,0,109,1579,0.0,0.0,0.0
BalancedBagging_no_zip,without_billing_zip,BalancedBagging_original,enterprise_value,18000.0,120.0,0.6,0.94,0.0,0,0,109,1579,0.0,0.0,0.0
BalancedBagging_no_zip,without_billing_zip,BalancedBagging_original,enterprise_value,18000.0,120.0,0.6,0.95,0.0,0,0,109,1579,0.0,0.0,0.0
BalancedBagging_no_zip,without_billing_zip,BalancedBagging_original,enterprise_value,18000.0,120.0,0.6,0.96,0.0,0,0,109,1579,0.0,0.0,0.0
BalancedBagging_no_zip,without_billing_zip,BalancedBagging_original,enterprise_value,18000.0,120.0,0.6,0.97,0.0,0,0,109,1579,0.0,0.0,0.0
BalancedBagging_no_zip,without_billing_zip,BalancedBagging_original,enterprise_value,18000.0,120.0,0.6,0.98,0.0,0,0,109,1579,0.0,0.0,0.0
BalancedBagging_no_zip,without_billing_zip,BalancedBagging_original,enterprise_value,18000.0,120.0,0.6,0.99,0.0,0,0,109,1579,0.0,0.0,0.0
EasyEnsemble_with_zip,with_billing_zip,EasyEnsemble_original,optimistic_low_campaign_cost,5400.0,30.0,0.6,0.01,305790.0,109,1579,0,0,1.0,0.06457345971563981,0.1213132999443517
EasyEnsemble_with_zip,with_billing_zip,EasyEnsemble_original,optimistic_low_campaign_cost,5400.0,30.0,0.6,0.02,305790.0,109,1579,0,0,1.0,0.06457345971563981,0.1213132999443517
EasyEnsemble_with_zip,with_billing_zip,EasyEnsemble_original,optimistic_low_campaign_cost,5400.0,30.0,0.6,0.03,305790.0,109,1579,0,0,1.0,0.06457345971563981,0.1213132999443517
EasyEnsemble_with_zip,with_billing_zip,EasyEnsemble_original,optimistic_low_campaign_cost,5400.0,30.0,0.6,0.04,305790.0,109,1579,0,0,1.0,0.06457345971563981,0.1213132999443517
EasyEnsemble_with_zip,with_billing_zip,EasyEnsemble_original,optimistic_low_campaign_cost,5400.0,30.0,0.6,0.05,305790.0,109,1579,0,0,1.0,0.06457345971563981,0.1213132999443517
EasyEnsemble_with_zip,with_billing_zip,EasyEnsemble_original,optimistic_low_campaign_cost,5400.0,30.0,0.6,0.06,305790.0,109,1579,0,0,1.0,0.06457345971563981,0.1213132999443517
EasyEnsemble_with_zip,with_billing_zip,EasyEnsemble_original,optimistic_low_campaign_cost,5400.0,30.0,0.6,0.07,305790.0,109,1579,0,0,1.0,0.06457345971563981,0.1213132999443517
EasyEnsemble_with_zip,with_billing_zip,EasyEnsemble_original,optimistic_low_campaign_cost,5400.0,30.0,0.6,0.08,305790.0,109,1579,0,0,1.0,0.06457345971563981,0.1213132999443517
EasyEnsemble_with_zip,with_billing_zip,EasyEnsemble_original,optimistic_low_campaign_cost,5400.0,30.0,0.6,0.09,305790.0,109,1579,0,0,1.0,0.06457345971563981,0.1213132999443517
EasyEnsemble_with_zip,with_billing_zip,EasyEnsemble_original,optimistic_low_campaign_cost,5400.0,30.0,0.6,0.1,305790.0,109,1579,0,0,1.0,0.06457345971563981,0.1213132999443517
EasyEnsemble_with_zip,with_billing_zip,EasyEnsemble_original,optimistic_low_campaign_cost,5400.0,30.0,0.6,0.11,305790.0,109,1579,0,0,1.0,0.06457345971563981,0.1213132999443517
EasyEnsemble_with_zip,with_billing_zip,EasyEnsemble_original,optimistic_low_campaign_cost,5400.0,30.0,0.6,0.12,305790.0,109,1579,0,0,1.0,0.06457345971563981,0.1213132999443517
EasyEnsemble_with_zip,with_billing_zip,EasyEnsemble_original,optimistic_low_campaign_cost,5400.0,30.0,0.6,0.13,305790.0,109,1579,0,0,1.0,0.06457345971563981,0.1213132999443517
EasyEnsemble_with_zip,with_billing_zip,EasyEnsemble_original,optimistic_low_campaign_cost,5400.0,30.0,0.6,0.14,305790.0,109,1579,0,0,1.0,0.06457345971563981,0.1213132999443517
EasyEnsemble_with_zip,with_billing_zip,EasyEnsemble_original,optimistic_low_campaign_cost,5400.0,30.0,0.6,0.15,305790.0,109,1579,0,0,1.0,0.06457345971563981,0.1213132999443517
EasyEnsemble_with_zip,with_billing_zip,EasyEnsemble_original,optimistic_low_campaign_cost,5400.0,30.0,0.6,0.16,305790.0,109,1579,0,0,1.0,0.06457345971563981,0.1213132999443517
EasyEnsemble_with_zip,with_billing_zip,EasyEnsemble_original,optimistic_low_campaign_cost,5400.0,30.0,0.6,0.17,305790.0,109,1579,0,0,1.0,0.06457345971563981,0.1213132999443517
EasyEnsemble_with_zip,with_billing_zip,EasyEnsemble_original,optimistic_low_campaign_cost,5400.0,30.0,0.6,0.18,305790.0,109,1579,0,0,1.0,0.06457345971563981,0.1213132999443517
EasyEnsemble_with_zip,with_billing_zip,EasyEnsemble_original,optimistic_low_campaign_cost,5400.0,30.0,0.6,0.19,305790.0,109,1579,0,0,1.0,0.06457345971563981,0.1213132999443517
EasyEnsemble_with_zip,with_billing_zip,EasyEnsemble_original,optimistic_low_campaign_cost,5400.0,30.0,0.6,0.2,305790.0,109,1579,0,0,1.0,0.06457345971563981,0.1213132999443517
EasyEnsemble_with_zip,with_billing_zip,EasyEnsemble_original,optimistic_low_campaign_cost,5400.0,30.0,0.6,0.21,305790.0,109,1579,0,0,1.0,0.06457345971563981,0.1213132999443517
EasyEnsemble_with_zip,with_billing_zip,EasyEnsemble_original,optimistic_low_campaign_cost,5400.0,30.0,0.6,0.22,305790.0,109,1579,0,0,1.0,0.06457345971563981,0.1213132999443517
EasyEnsemble_with_zip,with_billing_zip,EasyEnsemble_original,optimistic_low_campaign_cost,5400.0,30.0,0.6,0.23,305790.0,109,1579,0,0,1.0,0.06457345971563981,0.1213132999443517
EasyEnsemble_with_zip,with_billing_zip,EasyEnsemble_original,optimistic_low_campaign_cost,5400.0,30.0,0.6,0.24,305790.0,109,1579,0,0,1.0,0.06457345971563981,0.1213132999443517
EasyEnsemble_with_zip,with_billing_zip,EasyEnsemble_original,optimistic_low_campaign_cost,5400.0,30.0,0.6,0.25,305790.0,109,1579,0,0,1.0,0.06457345971563981,0.1213132999443517
EasyEnsemble_with_zip,with_billing_zip,EasyEnsemble_original,optimistic_low_campaign_cost,5400.0,30.0,0.6,0.26,305790.0,109,1579,0,0,1.0,0.06457345971563981,0.1213132999443517
EasyEnsemble_with_zip,with_billing_zip,EasyEnsemble_original,optimistic_low_campaign_cost,5400.0,30.0,0.6,0.27,305790.0,109,1579,0,0,1.0,0.06457345971563981,0.1213132999443517
EasyEnsemble_with_zip,with_billing_zip,EasyEnsemble_original,optimistic_low_campaign_cost,5400.0,30.0,0.6,0.28,305790.0,109,1579,0,0,1.0,0.06457345971563981,0.1213132999443517
EasyEnsemble_with_zip,with_billing_zip,EasyEnsemble_original,optimistic_low_campaign_cost,5400.0,30.0,0.6,0.29,305790.0,109,1579,0,0,1.0,0.06457345971563981,0.1213132999443517
EasyEnsemble_with_zip,with_billing_zip,EasyEnsemble_original,optimistic_low_campaign_cost,5400.0,30.0,0.6,0.3,305790.0,109,1579,0,0,1.0,0.06457345971563981,0.1213132999443517
EasyEnsemble_with_zip,with_billing_zip,EasyEnsemble_original,optimistic_low_campaign_cost,5400.0,30.0,0.6,0.31,305790.0,109,1579,0,0,1.0,0.06457345971563981,0.1213132999443517
EasyEnsemble_with_zip,with_billing_zip,EasyEnsemble_original,optimistic_low_campaign_cost,5400.0,30.0,0.6,0.32,305850.0,109,1577,0,2,1.0,0.06465005931198102,0.12144846796657381
EasyEnsemble_with_zip,with_billing_zip,EasyEnsemble_original,optimistic_low_campaign_cost,5400.0,30.0,0.6,0.33,306000.0,109,1572,0,7,1.0,0.06484235574063058,0.1217877094972067
EasyEnsemble_with_zip,with_billing_zip,EasyEnsemble_original,optimistic_low_campaign_cost,5400.0,30.0,0.6,0.34,302850.0,108,1569,1,10,0.9908256880733946,0.06440071556350627,0.12094064949608063
EasyEnsemble_with_zip,with_billing_zip,EasyEnsemble_original,optimistic_low_campaign_cost,5400.0,30.0,0.6,0.35,302910.0,108,1567,1,12,0.9908256880733946,0.06447761194029851,0.1210762331838565
EasyEnsemble_with_zip,with_billing_zip,EasyEnsemble_original,optimistic_low_campaign_cost,5400.0,30.0,0.6,0.36,299760.0,107,1564,2,15,0.981651376146789,0.06403351286654697,0.12022471910112359
EasyEnsemble_with_zip,with_billing_zip,EasyEnsemble_original,optimistic_low_campaign_cost,5400.0,30.0,0.6,0.37,299760.0,107,1564,2,15,0.981651376146789,0.06403351286654697,0.12022471910112359
EasyEnsemble_with_zip,with_billing_zip,EasyEnsemble_original,optimistic_low_campaign_cost,5400.0,30.0,0.6,0.38,299880.0,107,1560,2,19,0.981651376146789,0.06418716256748651,0.1204954954954955
EasyEnsemble_with_zip,with_billing_zip,EasyEnsemble_original,optimistic_low_campaign_cost,5400.0,30.0,0.6,0.39,293940.0,105,1542,4,37,0.963302752293578,0.06375227686703097,0.11958997722095673
EasyEnsemble_with_zip,with_billing_zip,EasyEnsemble_original,optimistic_low_campaign_cost,5400.0,30.0,0.6,0.4,289260.0,103,1482,6,97,0.944954128440367,0.06498422712933755,0.12160566706021252
EasyEnsemble_with_zip,with_billing_zip,EasyEnsemble_original,optimistic_low_campaign_cost,5400.0,30.0,0.6,0.41,282030.0,100,1399,9,180,0.9174311926605505,0.066711140760507,0.12437810945273632
EasyEnsemble_with_zip,with_billing_zip,EasyEnsemble_original,optimistic_low_campaign_cost,5400.0,30.0,0.6,0.42,265920.0,94,1288,15,291,0.8623853211009175,0.06801736613603473,0.12608987256874582
EasyEnsemble_with_zip,with_billing_zip,EasyEnsemble_original,optimistic_low_campaign_cost,5400.0,30.0,0.6,0.43,255390.0,90,1207,19,372,0.8256880733944955,0.06939090208172706,0.12802275960170698
EasyEnsemble_with_zip,with_billing_zip,EasyEnsemble_original,optimistic_low_campaign_cost,5400.0,30.0,0.6,0.44,254130.0,89,1141,20,438,0.8165137614678899,0.07235772357723577,0.13293502613890965
EasyEnsemble_with_zip,with_billing_zip,EasyEnsemble_original,optimistic_low_campaign_cost,5400.0,30.0,0.6,0.45,242970.0,85,1081,24,498,0.7798165137614679,0.07289879931389365,0.13333333333333333
EasyEnsemble_with_zip,with_billing_zip,EasyEnsemble_original,optimistic_low_campaign_cost,5400.0,30.0,0.6,0.46,237780.0,83,1038,26,541,0.7614678899082569,0.07404103479036575,0.13495934959349593
EasyEnsemble_with_zip,with_billing_zip,EasyEnsemble_original,optimistic_low_campaign_cost,5400.0,30.0,0.6,0.47,219690.0,77,993,32,586,0.7064220183486238,0.07196261682242991,0.13061916878710772
EasyEnsemble_with_zip,with_billing_zip,EasyEnsemble_original,optimistic_low_campaign_cost,5400.0,30.0,0.6,0.48,204960.0,72,944,37,635,0.6605504587155964,0.07086614173228346,0.128
EasyEnsemble_with_zip,with_billing_zip,EasyEnsemble_original,optimistic_low_campaign_cost,5400.0,30.0,0.6,0.49,193980.0,68,878,41,701,0.6238532110091743,0.07188160676532769,0.12890995260663507
EasyEnsemble_with_zip,with_billing_zip,EasyEnsemble_original,optimistic_low_campaign_cost,5400.0,30.0,0.6,0.5,182640.0,64,824,45,755,0.5871559633027523,0.07207207207207207,0.1283851554663992
EasyEnsemble_with_zip,with_billing_zip,EasyEnsemble_original,optimistic_low_campaign_cost,5400.0,30.0,0.6,0.51,162030.0,57,755,52,824,0.5229357798165137,0.07019704433497537,0.1237785016286645
EasyEnsemble_with_zip,with_billing_zip,EasyEnsemble_original,optimistic_low_campaign_cost,5400.0,30.0,0.6,0.52,154770.0,54,673,55,906,0.4954128440366973,0.07427785419532325,0.1291866028708134
EasyEnsemble_with_zip,with_billing_zip,EasyEnsemble_original,optimistic_low_campaign_cost,5400.0,30.0,0.6,0.53,143910.0,50,603,59,976,0.45871559633027525,0.07656967840735068,0.13123359580052493
EasyEnsemble_with_zip,with_billing_zip,EasyEnsemble_original,optimistic_low_campaign_cost,5400.0,30.0,0.6,0.54,143760.0,49,500,60,1079,0.44954128440366975,0.08925318761384335,0.14893617021276595
EasyEnsemble_with_zip,with_billing_zip,EasyEnsemble_original,optimistic_low_campaign_cost,5400.0,30.0,0.6,0.55,124350.0,42,391,67,1188,0.3853211009174312,0.09699769053117784,0.15498154981549817
EasyEnsemble_with_zip,with_billing_zip,EasyEnsemble_original,optimistic_low_campaign_cost,5400.0,30.0,0.6,0.56,90870.0,31,319,78,1260,0.28440366972477066,0.08857142857142856,0.13507625272331156
EasyEnsemble_with_zip,with_billing_zip,EasyEnsemble_original,optimistic_low_campaign_cost,5400.0,30.0,0.6,0.57,70050.0,24,257,85,1322,0.22018348623853212,0.08540925266903915,0.12307692307692308
EasyEnsemble_with_zip,with_billing_zip,EasyEnsemble_original,optimistic_low_campaign_cost,5400.0,30.0,0.6,0.58,43110.0,15,183,94,1396,0.13761467889908258,0.07575757575757576,0.09771986970684039
EasyEnsemble_with_zip,with_billing_zip,EasyEnsemble_original,optimistic_low_campaign_cost,5400.0,30.0,0.6,0.59,34890.0,12,133,97,1446,0.11009174311926606,0.08275862068965517,0.09448818897637795
EasyEnsemble_with_zip,with_billing_zip,EasyEnsemble_original,optimistic_low_campaign_cost,5400.0,30.0,0.6,0.6,32850.0,11,93,98,1486,0.10091743119266056,0.10576923076923077,0.10328638497652583
EasyEnsemble_with_zip,with_billing_zip,EasyEnsemble_original,optimistic_low_campaign_cost,5400.0,30.0,0.6,0.61,30570.0,10,61,99,1518,0.09174311926605505,0.14084507042253522,0.1111111111111111
EasyEnsemble_with_zip,with_billing_zip,EasyEnsemble_original,optimistic_low_campaign_cost,5400.0,30.0,0.6,0.62,21330.0,7,45,102,1534,0.06422018348623854,0.1346153846153846,0.08695652173913043
EasyEnsemble_with_zip,with_billing_zip,EasyEnsemble_original,optimistic_low_campaign_cost,5400.0,30.0,0.6,0.63,15360.0,5,28,104,1551,0.045871559633027525,0.15151515151515152,0.07042253521126761
EasyEnsemble_with_zip,with_billing_zip,EasyEnsemble_original,optimistic_low_campaign_cost,5400.0,30.0,0.6,0.64,9270.0,3,15,106,1564,0.027522935779816515,0.16666666666666666,0.047244094488188976
EasyEnsemble_with_zip,with_billing_zip,EasyEnsemble_original,optimistic_low_campaign_cost,5400.0,30.0,0.6,0.65,6180.0,2,10,107,1569,0.01834862385321101,0.16666666666666666,0.03305785123966942
EasyEnsemble_with_zip,with_billing_zip,EasyEnsemble_original,optimistic_low_campaign_cost,5400.0,30.0,0.6,0.66,-210.0,0,7,109,1572,0.0,0.0,0.0
EasyEnsemble_with_zip,with_billing_zip,EasyEnsemble_original,optimistic_low_campaign_cost,5400.0,30.0,0.6,0.67,-60.0,0,2,109,1577,0.0,0.0,0.0
EasyEnsemble_with_zip,with_billing_zip,EasyEnsemble_original,optimistic_low_campaign_cost,5400.0,30.0,0.6,0.68,-60.0,0,2,109,1577,0.0,0.0,0.0
EasyEnsemble_with_zip,with_billing_zip,EasyEnsemble_original,optimistic_low_campaign_cost,5400.0,30.0,0.6,0.69,-30.0,0,1,109,1578,0.0,0.0,0.0
EasyEnsemble_with_zip,with_billing_zip,EasyEnsemble_original,optimistic_low_campaign_cost,5400.0,30.0,0.6,0.7,0.0,0,0,109,1579,0.0,0.0,0.0
EasyEnsemble_with_zip,with_billing_zip,EasyEnsemble_original,optimistic_low_campaign_cost,5400.0,30.0,0.6,0.71,0.0,0,0,109,1579,0.0,0.0,0.0
EasyEnsemble_with_zip,with_billing_zip,EasyEnsemble_original,optimistic_low_campaign_cost,5400.0,30.0,0.6,0.72,0.0,0,0,109,1579,0.0,0.0,0.0
EasyEnsemble_with_zip,with_billing_zip,EasyEnsemble_original,optimistic_low_campaign_cost,5400.0,30.0,0.6,0.73,0.0,0,0,109,1579,0.0,0.0,0.0
EasyEnsemble_with_zip,with_billing_zip,EasyEnsemble_original,optimistic_low_campaign_cost,5400.0,30.0,0.6,0.74,0.0,0,0,109,1579,0.0,0.0,0.0
EasyEnsemble_with_zip,with_billing_zip,EasyEnsemble_original,optimistic_low_campaign_cost,5400.0,30.0,0.6,0.75,0.0,0,0,109,1579,0.0,0.0,0.0
EasyEnsemble_with_zip,with_billing_zip,EasyEnsemble_original,optimistic_low_campaign_cost,5400.0,30.0,0.6,0.76,0.0,0,0,109,1579,0.0,0.0,0.0
EasyEnsemble_with_zip,with_billing_zip,EasyEnsemble_original,optimistic_low_campaign_cost,5400.0,30.0,0.6,0.77,0.0,0,0,109,1579,0.0,0.0,0.0
EasyEnsemble_with_zip,with_billing_zip,EasyEnsemble_original,optimistic_low_campaign_cost,5400.0,30.0,0.6,0.78,0.0,0,0,109,1579,0.0,0.0,0.0
EasyEnsemble_with_zip,with_billing_zip,EasyEnsemble_original,optimistic_low_campaign_cost,5400.0,30.0,0.6,0.79,0.0,0,0,109,1579,0.0,0.0,0.0
EasyEnsemble_with_zip,with_billing_zip,EasyEnsemble_original,optimistic_low_campaign_cost,5400.0,30.0,0.6,0.8,0.0,0,0,109,1579,0.0,0.0,0.0
EasyEnsemble_with_zip,with_billing_zip,EasyEnsemble_original,optimistic_low_campaign_cost,5400.0,30.0,0.6,0.81,0.0,0,0,109,1579,0.0,0.0,0.0
EasyEnsemble_with_zip,with_billing_zip,EasyEnsemble_original,optimistic_low_campaign_cost,5400.0,30.0,0.6,0.82,0.0,0,0,109,1579,0.0,0.0,0.0
EasyEnsemble_with_zip,with_billing_zip,EasyEnsemble_original,optimistic_low_campaign_cost,5400.0,30.0,0.6,0.83,0.0,0,0,109,1579,0.0,0.0,0.0
EasyEnsemble_with_zip,with_billing_zip,EasyEnsemble_original,optimistic_low_campaign_cost,5400.0,30.0,0.6,0.84,0.0,0,0,109,1579,0.0,0.0,0.0
EasyEnsemble_with_zip,with_billing_zip,EasyEnsemble_original,optimistic_low_campaign_cost,5400.0,30.0,0.6,0.85,0.0,0,0,109,1579,0.0,0.0,0.0
EasyEnsemble_with_zip,with_billing_zip,EasyEnsemble_original,optimistic_low_campaign_cost,5400.0,30.0,0.6,0.86,0.0,0,0,109,1579,0.0,0.0,0.0
EasyEnsemble_with_zip,with_billing_zip,EasyEnsemble_original,optimistic_low_campaign_cost,5400.0,30.0,0.6,0.87,0.0,0,0,109,1579,0.0,0.0,0.0
EasyEnsemble_with_zip,with_billing_zip,EasyEnsemble_original,optimistic_low_campaign_cost,5400.0,30.0,0.6,0.88,0.0,0,0,109,1579,0.0,0.0,0.0
EasyEnsemble_with_zip,with_billing_zip,EasyEnsemble_original,optimistic_low_campaign_cost,5400.0,30.0,0.6,0.89,0.0,0,0,109,1579,0.0,0.0,0.0
EasyEnsemble_with_zip,with_billing_zip,EasyEnsemble_original,optimistic_low_campaign_cost,5400.0,30.0,0.6,0.9,0.0,0,0,109,1579,0.0,0.0,0.0
EasyEnsemble_with_zip,with_billing_zip,EasyEnsemble_original,optimistic_low_campaign_cost,5400.0,30.0,0.6,0.91,0.0,0,0,109,1579,0.0,0.0,0.0
EasyEnsemble_with_zip,with_billing_zip,EasyEnsemble_original,optimistic_low_campaign_cost,5400.0,30.0,0.6,0.92,0.0,0,0,109,1579,0.0,0.0,0.0
EasyEnsemble_with_zip,with_billing_zip,EasyEnsemble_original,optimistic_low_campaign_cost,5400.0,30.0,0.6,0.93,0.0,0,0,109,1579,0.0,0.0,0.0
EasyEnsemble_with_zip,with_billing_zip,EasyEnsemble_original,optimistic_low_campaign_cost,5400.0,30.0,0.6,0.94,0.0,0,0,109,1579,0.0,0.0,0.0
EasyEnsemble_with_zip,with_billing_zip,EasyEnsemble_original,optimistic_low_campaign_cost,5400.0,30.0,0.6,0.95,0.0,0,0,109,1579,0.0,0.0,0.0
EasyEnsemble_with_zip,with_billing_zip,EasyEnsemble_original,optimistic_low_campaign_cost,5400.0,30.0,0.6,0.96,0.0,0,0,109,1579,0.0,0.0,0.0
EasyEnsemble_with_zip,with_billing_zip,EasyEnsemble_original,optimistic_low_campaign_cost,5400.0,30.0,0.6,0.97,0.0,0,0,109,1579,0.0,0.0,0.0
EasyEnsemble_with_zip,with_billing_zip,EasyEnsemble_original,optimistic_low_campaign_cost,5400.0,30.0,0.6,0.98,0.0,0,0,109,1579,0.0,0.0,0.0
EasyEnsemble_with_zip,with_billing_zip,EasyEnsemble_original,optimistic_low_campaign_cost,5400.0,30.0,0.6,0.99,0.0,0,0,109,1579,0.0,0.0,0.0
EasyEnsemble_with_zip,with_billing_zip,EasyEnsemble_original,paper_baseline,5400.0,120.0,0.6,0.01,163680.0,109,1579,0,0,1.0,0.06457345971563981,0.1213132999443517
EasyEnsemble_with_zip,with_billing_zip,EasyEnsemble_original,paper_baseline,5400.0,120.0,0.6,0.02,163680.0,109,1579,0,0,1.0,0.06457345971563981,0.1213132999443517
EasyEnsemble_with_zip,with_billing_zip,EasyEnsemble_original,paper_baseline,5400.0,120.0,0.6,0.03,163680.0,109,1579,0,0,1.0,0.06457345971563981,0.1213132999443517
EasyEnsemble_with_zip,with_billing_zip,EasyEnsemble_original,paper_baseline,5400.0,120.0,0.6,0.04,163680.0,109,1579,0,0,1.0,0.06457345971563981,0.1213132999443517
EasyEnsemble_with_zip,with_billing_zip,EasyEnsemble_original,paper_baseline,5400.0,120.0,0.6,0.05,163680.0,109,1579,0,0,1.0,0.06457345971563981,0.1213132999443517
EasyEnsemble_with_zip,with_billing_zip,EasyEnsemble_original,paper_baseline,5400.0,120.0,0.6,0.06,163680.0,109,1579,0,0,1.0,0.06457345971563981,0.1213132999443517
EasyEnsemble_with_zip,with_billing_zip,EasyEnsemble_original,paper_baseline,5400.0,120.0,0.6,0.07,163680.0,109,1579,0,0,1.0,0.06457345971563981,0.1213132999443517
EasyEnsemble_with_zip,with_billing_zip,EasyEnsemble_original,paper_baseline,5400.0,120.0,0.6,0.08,163680.0,109,1579,0,0,1.0,0.06457345971563981,0.1213132999443517
EasyEnsemble_with_zip,with_billing_zip,EasyEnsemble_original,paper_baseline,5400.0,120.0,0.6,0.09,163680.0,109,1579,0,0,1.0,0.06457345971563981,0.1213132999443517
EasyEnsemble_with_zip,with_billing_zip,EasyEnsemble_original,paper_baseline,5400.0,120.0,0.6,0.1,163680.0,109,1579,0,0,1.0,0.06457345971563981,0.1213132999443517
EasyEnsemble_with_zip,with_billing_zip,EasyEnsemble_original,paper_baseline,5400.0,120.0,0.6,0.11,163680.0,109,1579,0,0,1.0,0.06457345971563981,0.1213132999443517
EasyEnsemble_with_zip,with_billing_zip,EasyEnsemble_original,paper_baseline,5400.0,120.0,0.6,0.12,163680.0,109,1579,0,0,1.0,0.06457345971563981,0.1213132999443517
EasyEnsemble_with_zip,with_billing_zip,EasyEnsemble_original,paper_baseline,5400.0,120.0,0.6,0.13,163680.0,109,1579,0,0,1.0,0.06457345971563981,0.1213132999443517
EasyEnsemble_with_zip,with_billing_zip,EasyEnsemble_original,paper_baseline,5400.0,120.0,0.6,0.14,163680.0,109,1579,0,0,1.0,0.06457345971563981,0.1213132999443517
EasyEnsemble_with_zip,with_billing_zip,EasyEnsemble_original,paper_baseline,5400.0,120.0,0.6,0.15,163680.0,109,1579,0,0,1.0,0.06457345971563981,0.1213132999443517
EasyEnsemble_with_zip,with_billing_zip,EasyEnsemble_original,paper_baseline,5400.0,120.0,0.6,0.16,163680.0,109,1579,0,0,1.0,0.06457345971563981,0.1213132999443517
EasyEnsemble_with_zip,with_billing_zip,EasyEnsemble_original,paper_baseline,5400.0,120.0,0.6,0.17,163680.0,109,1579,0,0,1.0,0.06457345971563981,0.1213132999443517
EasyEnsemble_with_zip,with_billing_zip,EasyEnsemble_original,paper_baseline,5400.0,120.0,0.6,0.18,163680.0,109,1579,0,0,1.0,0.06457345971563981,0.1213132999443517
EasyEnsemble_with_zip,with_billing_zip,EasyEnsemble_original,paper_baseline,5400.0,120.0,0.6,0.19,163680.0,109,1579,0,0,1.0,0.06457345971563981,0.1213132999443517
EasyEnsemble_with_zip,with_billing_zip,EasyEnsemble_original,paper_baseline,5400.0,120.0,0.6,0.2,163680.0,109,1579,0,0,1.0,0.06457345971563981,0.1213132999443517
EasyEnsemble_with_zip,with_billing_zip,EasyEnsemble_original,paper_baseline,5400.0,120.0,0.6,0.21,163680.0,109,1579,0,0,1.0,0.06457345971563981,0.1213132999443517
EasyEnsemble_with_zip,with_billing_zip,EasyEnsemble_original,paper_baseline,5400.0,120.0,0.6,0.22,163680.0,109,1579,0,0,1.0,0.06457345971563981,0.1213132999443517
EasyEnsemble_with_zip,with_billing_zip,EasyEnsemble_original,paper_baseline,5400.0,120.0,0.6,0.23,163680.0,109,1579,0,0,1.0,0.06457345971563981,0.1213132999443517
EasyEnsemble_with_zip,with_billing_zip,EasyEnsemble_original,paper_baseline,5400.0,120.0,0.6,0.24,163680.0,109,1579,0,0,1.0,0.06457345971563981,0.1213132999443517
EasyEnsemble_with_zip,with_billing_zip,EasyEnsemble_original,paper_baseline,5400.0,120.0,0.6,0.25,163680.0,109,1579,0,0,1.0,0.06457345971563981,0.1213132999443517
EasyEnsemble_with_zip,with_billing_zip,EasyEnsemble_original,paper_baseline,5400.0,120.0,0.6,0.26,163680.0,109,1579,0,0,1.0,0.06457345971563981,0.1213132999443517
EasyEnsemble_with_zip,with_billing_zip,EasyEnsemble_original,paper_baseline,5400.0,120.0,0.6,0.27,163680.0,109,1579,0,0,1.0,0.06457345971563981,0.1213132999443517
EasyEnsemble_with_zip,with_billing_zip,EasyEnsemble_original,paper_baseline,5400.0,120.0,0.6,0.28,163680.0,109,1579,0,0,1.0,0.06457345971563981,0.1213132999443517
EasyEnsemble_with_zip,with_billing_zip,EasyEnsemble_original,paper_baseline,5400.0,120.0,0.6,0.29,163680.0,109,1579,0,0,1.0,0.06457345971563981,0.1213132999443517
EasyEnsemble_with_zip,with_billing_zip,EasyEnsemble_original,paper_baseline,5400.0,120.0,0.6,0.3,163680.0,109,1579,0,0,1.0,0.06457345971563981,0.1213132999443517
EasyEnsemble_with_zip,with_billing_zip,EasyEnsemble_original,paper_baseline,5400.0,120.0,0.6,0.31,163680.0,109,1579,0,0,1.0,0.06457345971563981,0.1213132999443517
EasyEnsemble_with_zip,with_billing_zip,EasyEnsemble_original,paper_baseline,5400.0,120.0,0.6,0.32,163920.0,109,1577,0,2,1.0,0.06465005931198102,0.12144846796657381
EasyEnsemble_with_zip,with_billing_zip,EasyEnsemble_original,paper_baseline,5400.0,120.0,0.6,0.33,164520.0,109,1572,0,7,1.0,0.06484235574063058,0.1217877094972067
EasyEnsemble_with_zip,with_billing_zip,EasyEnsemble_original,paper_baseline,5400.0,120.0,0.6,0.34,161640.0,108,1569,1,10,0.9908256880733946,0.06440071556350627,0.12094064949608063
EasyEnsemble_with_zip,with_billing_zip,EasyEnsemble_original,paper_baseline,5400.0,120.0,0.6,0.35,161880.0,108,1567,1,12,0.9908256880733946,0.06447761194029851,0.1210762331838565
EasyEnsemble_with_zip,with_billing_zip,EasyEnsemble_original,paper_baseline,5400.0,120.0,0.6,0.36,159000.0,107,1564,2,15,0.981651376146789,0.06403351286654697,0.12022471910112359
EasyEnsemble_with_zip,with_billing_zip,EasyEnsemble_original,paper_baseline,5400.0,120.0,0.6,0.37,159000.0,107,1564,2,15,0.981651376146789,0.06403351286654697,0.12022471910112359
EasyEnsemble_with_zip,with_billing_zip,EasyEnsemble_original,paper_baseline,5400.0,120.0,0.6,0.38,159480.0,107,1560,2,19,0.981651376146789,0.06418716256748651,0.1204954954954955
EasyEnsemble_with_zip,with_billing_zip,EasyEnsemble_original,paper_baseline,5400.0,120.0,0.6,0.39,155160.0,105,1542,4,37,0.963302752293578,0.06375227686703097,0.11958997722095673
EasyEnsemble_with_zip,with_billing_zip,EasyEnsemble_original,paper_baseline,5400.0,120.0,0.6,0.4,155880.0,103,1482,6,97,0.944954128440367,0.06498422712933755,0.12160566706021252
EasyEnsemble_with_zip,with_billing_zip,EasyEnsemble_original,paper_baseline,5400.0,120.0,0.6,0.41,156120.0,100,1399,9,180,0.9174311926605505,0.066711140760507,0.12437810945273632
EasyEnsemble_with_zip,with_billing_zip,EasyEnsemble_original,paper_baseline,5400.0,120.0,0.6,0.42,150000.0,94,1288,15,291,0.8623853211009175,0.06801736613603473,0.12608987256874582
EasyEnsemble_with_zip,with_billing_zip,EasyEnsemble_original,paper_baseline,5400.0,120.0,0.6,0.43,146760.0,90,1207,19,372,0.8256880733944955,0.06939090208172706,0.12802275960170698
EasyEnsemble_with_zip,with_billing_zip,EasyEnsemble_original,paper_baseline,5400.0,120.0,0.6,0.44,151440.0,89,1141,20,438,0.8165137614678899,0.07235772357723577,0.13293502613890965
EasyEnsemble_with_zip,with_billing_zip,EasyEnsemble_original,paper_baseline,5400.0,120.0,0.6,0.45,145680.0,85,1081,24,498,0.7798165137614679,0.07289879931389365,0.13333333333333333
EasyEnsemble_with_zip,with_billing_zip,EasyEnsemble_original,paper_baseline,5400.0,120.0,0.6,0.46,144360.0,83,1038,26,541,0.7614678899082569,0.07404103479036575,0.13495934959349593
EasyEnsemble_with_zip,with_billing_zip,EasyEnsemble_original,paper_baseline,5400.0,120.0,0.6,0.47,130320.0,77,993,32,586,0.7064220183486238,0.07196261682242991,0.13061916878710772
EasyEnsemble_with_zip,with_billing_zip,EasyEnsemble_original,paper_baseline,5400.0,120.0,0.6,0.48,120000.0,72,944,37,635,0.6605504587155964,0.07086614173228346,0.128
EasyEnsemble_with_zip,with_billing_zip,EasyEnsemble_original,paper_baseline,5400.0,120.0,0.6,0.49,114960.0,68,878,41,701,0.6238532110091743,0.07188160676532769,0.12890995260663507
EasyEnsemble_with_zip,with_billing_zip,EasyEnsemble_original,paper_baseline,5400.0,120.0,0.6,0.5,108480.0,64,824,45,755,0.5871559633027523,0.07207207207207207,0.1283851554663992
EasyEnsemble_with_zip,with_billing_zip,EasyEnsemble_original,paper_baseline,5400.0,120.0,0.6,0.51,94080.0,57,755,52,824,0.5229357798165137,0.07019704433497537,0.1237785016286645
EasyEnsemble_with_zip,with_billing_zip,EasyEnsemble_original,paper_baseline,5400.0,120.0,0.6,0.52,94200.0,54,673,55,906,0.4954128440366973,0.07427785419532325,0.1291866028708134
EasyEnsemble_with_zip,with_billing_zip,EasyEnsemble_original,paper_baseline,5400.0,120.0,0.6,0.53,89640.0,50,603,59,976,0.45871559633027525,0.07656967840735068,0.13123359580052493
EasyEnsemble_with_zip,with_billing_zip,EasyEnsemble_original,paper_baseline,5400.0,120.0,0.6,0.54,98760.0,49,500,60,1079,0.44954128440366975,0.08925318761384335,0.14893617021276595
EasyEnsemble_with_zip,with_billing_zip,EasyEnsemble_original,paper_baseline,5400.0,120.0,0.6,0.55,89160.0,42,391,67,1188,0.3853211009174312,0.09699769053117784,0.15498154981549817
EasyEnsemble_with_zip,with_billing_zip,EasyEnsemble_original,paper_baseline,5400.0,120.0,0.6,0.56,62160.0,31,319,78,1260,0.28440366972477066,0.08857142857142856,0.13507625272331156
EasyEnsemble_with_zip,with_billing_zip,EasyEnsemble_original,paper_baseline,5400.0,120.0,0.6,0.57,46920.0,24,257,85,1322,0.22018348623853212,0.08540925266903915,0.12307692307692308
EasyEnsemble_with_zip,with_billing_zip,EasyEnsemble_original,paper_baseline,5400.0,120.0,0.6,0.58,26640.0,15,183,94,1396,0.13761467889908258,0.07575757575757576,0.09771986970684039
EasyEnsemble_with_zip,with_billing_zip,EasyEnsemble_original,paper_baseline,5400.0,120.0,0.6,0.59,22920.0,12,133,97,1446,0.11009174311926606,0.08275862068965517,0.09448818897637795
EasyEnsemble_with_zip,with_billing_zip,EasyEnsemble_original,paper_baseline,5400.0,120.0,0.6,0.6,24480.0,11,93,98,1486,0.10091743119266056,0.10576923076923077,0.10328638497652583
EasyEnsemble_with_zip,with_billing_zip,EasyEnsemble_original,paper_baseline,5400.0,120.0,0.6,0.61,25080.0,10,61,99,1518,0.09174311926605505,0.14084507042253522,0.1111111111111111
EasyEnsemble_with_zip,with_billing_zip,EasyEnsemble_original,paper_baseline,5400.0,120.0,0.6,0.62,17280.0,7,45,102,1534,0.06422018348623854,0.1346153846153846,0.08695652173913043
EasyEnsemble_with_zip,with_billing_zip,EasyEnsemble_original,paper_baseline,5400.0,120.0,0.6,0.63,12840.0,5,28,104,1551,0.045871559633027525,0.15151515151515152,0.07042253521126761
EasyEnsemble_with_zip,with_billing_zip,EasyEnsemble_original,paper_baseline,5400.0,120.0,0.6,0.64,7920.0,3,15,106,1564,0.027522935779816515,0.16666666666666666,0.047244094488188976
EasyEnsemble_with_zip,with_billing_zip,EasyEnsemble_original,paper_baseline,5400.0,120.0,0.6,0.65,5280.0,2,10,107,1569,0.01834862385321101,0.16666666666666666,0.03305785123966942
EasyEnsemble_with_zip,with_billing_zip,EasyEnsemble_original,paper_baseline,5400.0,120.0,0.6,0.66,-840.0,0,7,109,1572,0.0,0.0,0.0
EasyEnsemble_with_zip,with_billing_zip,EasyEnsemble_original,paper_baseline,5400.0,120.0,0.6,0.67,-240.0,0,2,109,1577,0.0,0.0,0.0
EasyEnsemble_with_zip,with_billing_zip,EasyEnsemble_original,paper_baseline,5400.0,120.0,0.6,0.68,-240.0,0,2,109,1577,0.0,0.0,0.0
EasyEnsemble_with_zip,with_billing_zip,EasyEnsemble_original,paper_baseline,5400.0,120.0,0.6,0.69,-120.0,0,1,109,1578,0.0,0.0,0.0
EasyEnsemble_with_zip,with_billing_zip,EasyEnsemble_original,paper_baseline,5400.0,120.0,0.6,0.7,0.0,0,0,109,1579,0.0,0.0,0.0
EasyEnsemble_with_zip,with_billing_zip,EasyEnsemble_original,paper_baseline,5400.0,120.0,0.6,0.71,0.0,0,0,109,1579,0.0,0.0,0.0
EasyEnsemble_with_zip,with_billing_zip,EasyEnsemble_original,paper_baseline,5400.0,120.0,0.6,0.72,0.0,0,0,109,1579,0.0,0.0,0.0
EasyEnsemble_with_zip,with_billing_zip,EasyEnsemble_original,paper_baseline,5400.0,120.0,0.6,0.73,0.0,0,0,109,1579,0.0,0.0,0.0
EasyEnsemble_with_zip,with_billing_zip,EasyEnsemble_original,paper_baseline,5400.0,120.0,0.6,0.74,0.0,0,0,109,1579,0.0,0.0,0.0
EasyEnsemble_with_zip,with_billing_zip,EasyEnsemble_original,paper_baseline,5400.0,120.0,0.6,0.75,0.0,0,0,109,1579,0.0,0.0,0.0
EasyEnsemble_with_zip,with_billing_zip,EasyEnsemble_original,paper_baseline,5400.0,120.0,0.6,0.76,0.0,0,0,109,1579,0.0,0.0,0.0
EasyEnsemble_with_zip,with_billing_zip,EasyEnsemble_original,paper_baseline,5400.0,120.0,0.6,0.77,0.0,0,0,109,1579,0.0,0.0,0.0
EasyEnsemble_with_zip,with_billing_zip,EasyEnsemble_original,paper_baseline,5400.0,120.0,0.6,0.78,0.0,0,0,109,1579,0.0,0.0,0.0
EasyEnsemble_with_zip,with_billing_zip,EasyEnsemble_original,paper_baseline,5400.0,120.0,0.6,0.79,0.0,0,0,109,1579,0.0,0.0,0.0
EasyEnsemble_with_zip,with_billing_zip,EasyEnsemble_original,paper_baseline,5400.0,120.0,0.6,0.8,0.0,0,0,109,1579,0.0,0.0,0.0
EasyEnsemble_with_zip,with_billing_zip,EasyEnsemble_original,paper_baseline,5400.0,120.0,0.6,0.81,0.0,0,0,109,1579,0.0,0.0,0.0
EasyEnsemble_with_zip,with_billing_zip,EasyEnsemble_original,paper_baseline,5400.0,120.0,0.6,0.82,0.0,0,0,109,1579,0.0,0.0,0.0
EasyEnsemble_with_zip,with_billing_zip,EasyEnsemble_original,paper_baseline,5400.0,120.0,0.6,0.83,0.0,0,0,109,1579,0.0,0.0,0.0
EasyEnsemble_with_zip,with_billing_zip,EasyEnsemble_original,paper_baseline,5400.0,120.0,0.6,0.84,0.0,0,0,109,1579,0.0,0.0,0.0
EasyEnsemble_with_zip,with_billing_zip,EasyEnsemble_original,paper_baseline,5400.0,120.0,0.6,0.85,0.0,0,0,109,1579,0.0,0.0,0.0
EasyEnsemble_with_zip,with_billing_zip,EasyEnsemble_original,paper_baseline,5400.0,120.0,0.6,0.86,0.0,0,0,109,1579,0.0,0.0,0.0
EasyEnsemble_with_zip,with_billing_zip,EasyEnsemble_original,paper_baseline,5400.0,120.0,0.6,0.87,0.0,0,0,109,1579,0.0,0.0,0.0
EasyEnsemble_with_zip,with_billing_zip,EasyEnsemble_original,paper_baseline,5400.0,120.0,0.6,0.88,0.0,0,0,109,1579,0.0,0.0,0.0
EasyEnsemble_with_zip,with_billing_zip,EasyEnsemble_original,paper_baseline,5400.0,120.0,0.6,0.89,0.0,0,0,109,1579,0.0,0.0,0.0
EasyEnsemble_with_zip,with_billing_zip,EasyEnsemble_original,paper_baseline,5400.0,120.0,0.6,0.9,0.0,0,0,109,1579,0.0,0.0,0.0
EasyEnsemble_with_zip,with_billing_zip,EasyEnsemble_original,paper_baseline,5400.0,120.0,0.6,0.91,0.0,0,0,109,1579,0.0,0.0,0.0
EasyEnsemble_with_zip,with_billing_zip,EasyEnsemble_original,paper_baseline,5400.0,120.0,0.6,0.92,0.0,0,0,109,1579,0.0,0.0,0.0
EasyEnsemble_with_zip,with_billing_zip,EasyEnsemble_original,paper_baseline,5400.0,120.0,0.6,0.93,0.0,0,0,109,1579,0.0,0.0,0.0
EasyEnsemble_with_zip,with_billing_zip,EasyEnsemble_original,paper_baseline,5400.0,120.0,0.6,0.94,0.0,0,0,109,1579,0.0,0.0,0.0
EasyEnsemble_with_zip,with_billing_zip,EasyEnsemble_original,paper_baseline,5400.0,120.0,0.6,0.95,0.0,0,0,109,1579,0.0,0.0,0.0
EasyEnsemble_with_zip,with_billing_zip,EasyEnsemble_original,paper_baseline,5400.0,120.0,0.6,0.96,0.0,0,0,109,1579,0.0,0.0,0.0
EasyEnsemble_with_zip,with_billing_zip,EasyEnsemble_original,paper_baseline,5400.0,120.0,0.6,0.97,0.0,0,0,109,1579,0.0,0.0,0.0
EasyEnsemble_with_zip,with_billing_zip,EasyEnsemble_original,paper_baseline,5400.0,120.0,0.6,0.98,0.0,0,0,109,1579,0.0,0.0,0.0
EasyEnsemble_with_zip,with_billing_zip,EasyEnsemble_original,paper_baseline,5400.0,120.0,0.6,0.99,0.0,0,0,109,1579,0.0,0.0,0.0
EasyEnsemble_with_zip,with_billing_zip,EasyEnsemble_original,conservative_campaign_cost,5400.0,360.0,0.6,0.01,-215280.0,109,1579,0,0,1.0,0.06457345971563981,0.1213132999443517
EasyEnsemble_with_zip,with_billing_zip,EasyEnsemble_original,conservative_campaign_cost,5400.0,360.0,0.6,0.02,-215280.0,109,1579,0,0,1.0,0.06457345971563981,0.1213132999443517
EasyEnsemble_with_zip,with_billing_zip,EasyEnsemble_original,conservative_campaign_cost,5400.0,360.0,0.6,0.03,-215280.0,109,1579,0,0,1.0,0.06457345971563981,0.1213132999443517
EasyEnsemble_with_zip,with_billing_zip,EasyEnsemble_original,conservative_campaign_cost,5400.0,360.0,0.6,0.04,-215280.0,109,1579,0,0,1.0,0.06457345971563981,0.1213132999443517
EasyEnsemble_with_zip,with_billing_zip,EasyEnsemble_original,conservative_campaign_cost,5400.0,360.0,0.6,0.05,-215280.0,109,1579,0,0,1.0,0.06457345971563981,0.1213132999443517
EasyEnsemble_with_zip,with_billing_zip,EasyEnsemble_original,conservative_campaign_cost,5400.0,360.0,0.6,0.06,-215280.0,109,1579,0,0,1.0,0.06457345971563981,0.1213132999443517
EasyEnsemble_with_zip,with_billing_zip,EasyEnsemble_original,conservative_campaign_cost,5400.0,360.0,0.6,0.07,-215280.0,109,1579,0,0,1.0,0.06457345971563981,0.1213132999443517
EasyEnsemble_with_zip,with_billing_zip,EasyEnsemble_original,conservative_campaign_cost,5400.0,360.0,0.6,0.08,-215280.0,109,1579,0,0,1.0,0.06457345971563981,0.1213132999443517
EasyEnsemble_with_zip,with_billing_zip,EasyEnsemble_original,conservative_campaign_cost,5400.0,360.0,0.6,0.09,-215280.0,109,1579,0,0,1.0,0.06457345971563981,0.1213132999443517
EasyEnsemble_with_zip,with_billing_zip,EasyEnsemble_original,conservative_campaign_cost,5400.0,360.0,0.6,0.1,-215280.0,109,1579,0,0,1.0,0.06457345971563981,0.1213132999443517
EasyEnsemble_with_zip,with_billing_zip,EasyEnsemble_original,conservative_campaign_cost,5400.0,360.0,0.6,0.11,-215280.0,109,1579,0,0,1.0,0.06457345971563981,0.1213132999443517
EasyEnsemble_with_zip,with_billing_zip,EasyEnsemble_original,conservative_campaign_cost,5400.0,360.0,0.6,0.12,-215280.0,109,1579,0,0,1.0,0.06457345971563981,0.1213132999443517
EasyEnsemble_with_zip,with_billing_zip,EasyEnsemble_original,conservative_campaign_cost,5400.0,360.0,0.6,0.13,-215280.0,109,1579,0,0,1.0,0.06457345971563981,0.1213132999443517
EasyEnsemble_with_zip,with_billing_zip,EasyEnsemble_original,conservative_campaign_cost,5400.0,360.0,0.6,0.14,-215280.0,109,1579,0,0,1.0,0.06457345971563981,0.1213132999443517
EasyEnsemble_with_zip,with_billing_zip,EasyEnsemble_original,conservative_campaign_cost,5400.0,360.0,0.6,0.15,-215280.0,109,1579,0,0,1.0,0.06457345971563981,0.1213132999443517
EasyEnsemble_with_zip,with_billing_zip,EasyEnsemble_original,conservative_campaign_cost,5400.0,360.0,0.6,0.16,-215280.0,109,1579,0,0,1.0,0.06457345971563981,0.1213132999443517
EasyEnsemble_with_zip,with_billing_zip,EasyEnsemble_original,conservative_campaign_cost,5400.0,360.0,0.6,0.17,-215280.0,109,1579,0,0,1.0,0.06457345971563981,0.1213132999443517
EasyEnsemble_with_zip,with_billing_zip,EasyEnsemble_original,conservative_campaign_cost,5400.0,360.0,0.6,0.18,-215280.0,109,1579,0,0,1.0,0.06457345971563981,0.1213132999443517
EasyEnsemble_with_zip,with_billing_zip,EasyEnsemble_original,conservative_campaign_cost,5400.0,360.0,0.6,0.19,-215280.0,109,1579,0,0,1.0,0.06457345971563981,0.1213132999443517
EasyEnsemble_with_zip,with_billing_zip,EasyEnsemble_original,conservative_campaign_cost,5400.0,360.0,0.6,0.2,-215280.0,109,1579,0,0,1.0,0.06457345971563981,0.1213132999443517
EasyEnsemble_with_zip,with_billing_zip,EasyEnsemble_original,conservative_campaign_cost,5400.0,360.0,0.6,0.21,-215280.0,109,1579,0,0,1.0,0.06457345971563981,0.1213132999443517
EasyEnsemble_with_zip,with_billing_zip,EasyEnsemble_original,conservative_campaign_cost,5400.0,360.0,0.6,0.22,-215280.0,109,1579,0,0,1.0,0.06457345971563981,0.1213132999443517
EasyEnsemble_with_zip,with_billing_zip,EasyEnsemble_original,conservative_campaign_cost,5400.0,360.0,0.6,0.23,-215280.0,109,1579,0,0,1.0,0.06457345971563981,0.1213132999443517
EasyEnsemble_with_zip,with_billing_zip,EasyEnsemble_original,conservative_campaign_cost,5400.0,360.0,0.6,0.24,-215280.0,109,1579,0,0,1.0,0.06457345971563981,0.1213132999443517
EasyEnsemble_with_zip,with_billing_zip,EasyEnsemble_original,conservative_campaign_cost,5400.0,360.0,0.6,0.25,-215280.0,109,1579,0,0,1.0,0.06457345971563981,0.1213132999443517
EasyEnsemble_with_zip,with_billing_zip,EasyEnsemble_original,conservative_campaign_cost,5400.0,360.0,0.6,0.26,-215280.0,109,1579,0,0,1.0,0.06457345971563981,0.1213132999443517
EasyEnsemble_with_zip,with_billing_zip,EasyEnsemble_original,conservative_campaign_cost,5400.0,360.0,0.6,0.27,-215280.0,109,1579,0,0,1.0,0.06457345971563981,0.1213132999443517
EasyEnsemble_with_zip,with_billing_zip,EasyEnsemble_original,conservative_campaign_cost,5400.0,360.0,0.6,0.28,-215280.0,109,1579,0,0,1.0,0.06457345971563981,0.1213132999443517
EasyEnsemble_with_zip,with_billing_zip,EasyEnsemble_original,conservative_campaign_cost,5400.0,360.0,0.6,0.29,-215280.0,109,1579,0,0,1.0,0.06457345971563981,0.1213132999443517
EasyEnsemble_with_zip,with_billing_zip,EasyEnsemble_original,conservative_campaign_cost,5400.0,360.0,0.6,0.3,-215280.0,109,1579,0,0,1.0,0.06457345971563981,0.1213132999443517
EasyEnsemble_with_zip,with_billing_zip,EasyEnsemble_original,conservative_campaign_cost,5400.0,360.0,0.6,0.31,-215280.0,109,1579,0,0,1.0,0.06457345971563981,0.1213132999443517
EasyEnsemble_with_zip,with_billing_zip,EasyEnsemble_original,conservative_campaign_cost,5400.0,360.0,0.6,0.32,-214560.0,109,1577,0,2,1.0,0.06465005931198102,0.12144846796657381
EasyEnsemble_with_zip,with_billing_zip,EasyEnsemble_original,conservative_campaign_cost,5400.0,360.0,0.6,0.33,-212760.0,109,1572,0,7,1.0,0.06484235574063058,0.1217877094972067
EasyEnsemble_with_zip,with_billing_zip,EasyEnsemble_original,conservative_campaign_cost,5400.0,360.0,0.6,0.34,-214920.0,108,1569,1,10,0.9908256880733946,0.06440071556350627,0.12094064949608063
EasyEnsemble_with_zip,with_billing_zip,EasyEnsemble_original,conservative_campaign_cost,5400.0,360.0,0.6,0.35,-214200.0,108,1567,1,12,0.9908256880733946,0.06447761194029851,0.1210762331838565
EasyEnsemble_with_zip,with_billing_zip,EasyEnsemble_original,conservative_campaign_cost,5400.0,360.0,0.6,0.36,-216360.0,107,1564,2,15,0.981651376146789,0.06403351286654697,0.12022471910112359
EasyEnsemble_with_zip,with_billing_zip,EasyEnsemble_original,conservative_campaign_cost,5400.0,360.0,0.6,0.37,-216360.0,107,1564,2,15,0.981651376146789,0.06403351286654697,0.12022471910112359
EasyEnsemble_with_zip,with_billing_zip,EasyEnsemble_original,conservative_campaign_cost,5400.0,360.0,0.6,0.38,-214920.0,107,1560,2,19,0.981651376146789,0.06418716256748651,0.1204954954954955
EasyEnsemble_with_zip,with_billing_zip,EasyEnsemble_original,conservative_campaign_cost,5400.0,360.0,0.6,0.39,-214920.0,105,1542,4,37,0.963302752293578,0.06375227686703097,0.11958997722095673
EasyEnsemble_with_zip,with_billing_zip,EasyEnsemble_original,conservative_campaign_cost,5400.0,360.0,0.6,0.4,-199800.0,103,1482,6,97,0.944954128440367,0.06498422712933755,0.12160566706021252
EasyEnsemble_with_zip,with_billing_zip,EasyEnsemble_original,conservative_campaign_cost,5400.0,360.0,0.6,0.41,-179640.0,100,1399,9,180,0.9174311926605505,0.066711140760507,0.12437810945273632
EasyEnsemble_with_zip,with_billing_zip,EasyEnsemble_original,conservative_campaign_cost,5400.0,360.0,0.6,0.42,-159120.0,94,1288,15,291,0.8623853211009175,0.06801736613603473,0.12608987256874582
EasyEnsemble_with_zip,with_billing_zip,EasyEnsemble_original,conservative_campaign_cost,5400.0,360.0,0.6,0.43,-142920.0,90,1207,19,372,0.8256880733944955,0.06939090208172706,0.12802275960170698
EasyEnsemble_with_zip,with_billing_zip,EasyEnsemble_original,conservative_campaign_cost,5400.0,360.0,0.6,0.44,-122400.0,89,1141,20,438,0.8165137614678899,0.07235772357723577,0.13293502613890965
EasyEnsemble_with_zip,with_billing_zip,EasyEnsemble_original,conservative_campaign_cost,5400.0,360.0,0.6,0.45,-113760.0,85,1081,24,498,0.7798165137614679,0.07289879931389365,0.13333333333333333
EasyEnsemble_with_zip,with_billing_zip,EasyEnsemble_original,conservative_campaign_cost,5400.0,360.0,0.6,0.46,-104760.0,83,1038,26,541,0.7614678899082569,0.07404103479036575,0.13495934959349593
EasyEnsemble_with_zip,with_billing_zip,EasyEnsemble_original,conservative_campaign_cost,5400.0,360.0,0.6,0.47,-108000.0,77,993,32,586,0.7064220183486238,0.07196261682242991,0.13061916878710772
EasyEnsemble_with_zip,with_billing_zip,EasyEnsemble_original,conservative_campaign_cost,5400.0,360.0,0.6,0.48,-106560.0,72,944,37,635,0.6605504587155964,0.07086614173228346,0.128
EasyEnsemble_with_zip,with_billing_zip,EasyEnsemble_original,conservative_campaign_cost,5400.0,360.0,0.6,0.49,-95760.0,68,878,41,701,0.6238532110091743,0.07188160676532769,0.12890995260663507
EasyEnsemble_with_zip,with_billing_zip,EasyEnsemble_original,conservative_campaign_cost,5400.0,360.0,0.6,0.5,-89280.0,64,824,45,755,0.5871559633027523,0.07207207207207207,0.1283851554663992
EasyEnsemble_with_zip,with_billing_zip,EasyEnsemble_original,conservative_campaign_cost,5400.0,360.0,0.6,0.51,-87120.0,57,755,52,824,0.5229357798165137,0.07019704433497537,0.1237785016286645
EasyEnsemble_with_zip,with_billing_zip,EasyEnsemble_original,conservative_campaign_cost,5400.0,360.0,0.6,0.52,-67320.0,54,673,55,906,0.4954128440366973,0.07427785419532325,0.1291866028708134
EasyEnsemble_with_zip,with_billing_zip,EasyEnsemble_original,conservative_campaign_cost,5400.0,360.0,0.6,0.53,-55080.0,50,603,59,976,0.45871559633027525,0.07656967840735068,0.13123359580052493
EasyEnsemble_with_zip,with_billing_zip,EasyEnsemble_original,conservative_campaign_cost,5400.0,360.0,0.6,0.54,-21240.0,49,500,60,1079,0.44954128440366975,0.08925318761384335,0.14893617021276595
EasyEnsemble_with_zip,with_billing_zip,EasyEnsemble_original,conservative_campaign_cost,5400.0,360.0,0.6,0.55,-4680.0,42,391,67,1188,0.3853211009174312,0.09699769053117784,0.15498154981549817
EasyEnsemble_with_zip,with_billing_zip,EasyEnsemble_original,conservative_campaign_cost,5400.0,360.0,0.6,0.56,-14400.0,31,319,78,1260,0.28440366972477066,0.08857142857142856,0.13507625272331156
EasyEnsemble_with_zip,with_billing_zip,EasyEnsemble_original,conservative_campaign_cost,5400.0,360.0,0.6,0.57,-14760.0,24,257,85,1322,0.22018348623853212,0.08540925266903915,0.12307692307692308
EasyEnsemble_with_zip,with_billing_zip,EasyEnsemble_original,conservative_campaign_cost,5400.0,360.0,0.6,0.58,-17280.0,15,183,94,1396,0.13761467889908258,0.07575757575757576,0.09771986970684039
EasyEnsemble_with_zip,with_billing_zip,EasyEnsemble_original,conservative_campaign_cost,5400.0,360.0,0.6,0.59,-9000.0,12,133,97,1446,0.11009174311926606,0.08275862068965517,0.09448818897637795
EasyEnsemble_with_zip,with_billing_zip,EasyEnsemble_original,conservative_campaign_cost,5400.0,360.0,0.6,0.6,2160.0,11,93,98,1486,0.10091743119266056,0.10576923076923077,0.10328638497652583
EasyEnsemble_with_zip,with_billing_zip,EasyEnsemble_original,conservative_campaign_cost,5400.0,360.0,0.6,0.61,10440.0,10,61,99,1518,0.09174311926605505,0.14084507042253522,0.1111111111111111
EasyEnsemble_with_zip,with_billing_zip,EasyEnsemble_original,conservative_campaign_cost,5400.0,360.0,0.6,0.62,6480.0,7,45,102,1534,0.06422018348623854,0.1346153846153846,0.08695652173913043
EasyEnsemble_with_zip,with_billing_zip,EasyEnsemble_original,conservative_campaign_cost,5400.0,360.0,0.6,0.63,6120.0,5,28,104,1551,0.045871559633027525,0.15151515151515152,0.07042253521126761
EasyEnsemble_with_zip,with_billing_zip,EasyEnsemble_original,conservative_campaign_cost,5400.0,360.0,0.6,0.64,4320.0,3,15,106,1564,0.027522935779816515,0.16666666666666666,0.047244094488188976
EasyEnsemble_with_zip,with_billing_zip,EasyEnsemble_original,conservative_campaign_cost,5400.0,360.0,0.6,0.65,2880.0,2,10,107,1569,0.01834862385321101,0.16666666666666666,0.03305785123966942
EasyEnsemble_with_zip,with_billing_zip,EasyEnsemble_original,conservative_campaign_cost,5400.0,360.0,0.6,0.66,-2520.0,0,7,109,1572,0.0,0.0,0.0
EasyEnsemble_with_zip,with_billing_zip,EasyEnsemble_original,conservative_campaign_cost,5400.0,360.0,0.6,0.67,-720.0,0,2,109,1577,0.0,0.0,0.0
EasyEnsemble_with_zip,with_billing_zip,EasyEnsemble_original,conservative_campaign_cost,5400.0,360.0,0.6,0.68,-720.0,0,2,109,1577,0.0,0.0,0.0
EasyEnsemble_with_zip,with_billing_zip,EasyEnsemble_original,conservative_campaign_cost,5400.0,360.0,0.6,0.69,-360.0,0,1,109,1578,0.0,0.0,0.0
EasyEnsemble_with_zip,with_billing_zip,EasyEnsemble_original,conservative_campaign_cost,5400.0,360.0,0.6,0.7,0.0,0,0,109,1579,0.0,0.0,0.0
EasyEnsemble_with_zip,with_billing_zip,EasyEnsemble_original,conservative_campaign_cost,5400.0,360.0,0.6,0.71,0.0,0,0,109,1579,0.0,0.0,0.0
EasyEnsemble_with_zip,with_billing_zip,EasyEnsemble_original,conservative_campaign_cost,5400.0,360.0,0.6,0.72,0.0,0,0,109,1579,0.0,0.0,0.0
EasyEnsemble_with_zip,with_billing_zip,EasyEnsemble_original,conservative_campaign_cost,5400.0,360.0,0.6,0.73,0.0,0,0,109,1579,0.0,0.0,0.0
EasyEnsemble_with_zip,with_billing_zip,EasyEnsemble_original,conservative_campaign_cost,5400.0,360.0,0.6,0.74,0.0,0,0,109,1579,0.0,0.0,0.0
EasyEnsemble_with_zip,with_billing_zip,EasyEnsemble_original,conservative_campaign_cost,5400.0,360.0,0.6,0.75,0.0,0,0,109,1579,0.0,0.0,0.0
EasyEnsemble_with_zip,with_billing_zip,EasyEnsemble_original,conservative_campaign_cost,5400.0,360.0,0.6,0.76,0.0,0,0,109,1579,0.0,0.0,0.0
EasyEnsemble_with_zip,with_billing_zip,EasyEnsemble_original,conservative_campaign_cost,5400.0,360.0,0.6,0.77,0.0,0,0,109,1579,0.0,0.0,0.0
EasyEnsemble_with_zip,with_billing_zip,EasyEnsemble_original,conservative_campaign_cost,5400.0,360.0,0.6,0.78,0.0,0,0,109,1579,0.0,0.0,0.0
EasyEnsemble_with_zip,with_billing_zip,EasyEnsemble_original,conservative_campaign_cost,5400.0,360.0,0.6,0.79,0.0,0,0,109,1579,0.0,0.0,0.0
EasyEnsemble_with_zip,with_billing_zip,EasyEnsemble_original,conservative_campaign_cost,5400.0,360.0,0.6,0.8,0.0,0,0,109,1579,0.0,0.0,0.0
EasyEnsemble_with_zip,with_billing_zip,EasyEnsemble_original,conservative_campaign_cost,5400.0,360.0,0.6,0.81,0.0,0,0,109,1579,0.0,0.0,0.0
EasyEnsemble_with_zip,with_billing_zip,EasyEnsemble_original,conservative_campaign_cost,5400.0,360.0,0.6,0.82,0.0,0,0,109,1579,0.0,0.0,0.0
EasyEnsemble_with_zip,with_billing_zip,EasyEnsemble_original,conservative_campaign_cost,5400.0,360.0,0.6,0.83,0.0,0,0,109,1579,0.0,0.0,0.0
EasyEnsemble_with_zip,with_billing_zip,EasyEnsemble_original,conservative_campaign_cost,5400.0,360.0,0.6,0.84,0.0,0,0,109,1579,0.0,0.0,0.0
EasyEnsemble_with_zip,with_billing_zip,EasyEnsemble_original,conservative_campaign_cost,5400.0,360.0,0.6,0.85,0.0,0,0,109,1579,0.0,0.0,0.0
EasyEnsemble_with_zip,with_billing_zip,EasyEnsemble_original,conservative_campaign_cost,5400.0,360.0,0.6,0.86,0.0,0,0,109,1579,0.0,0.0,0.0
EasyEnsemble_with_zip,with_billing_zip,EasyEnsemble_original,conservative_campaign_cost,5400.0,360.0,0.6,0.87,0.0,0,0,109,1579,0.0,0.0,0.0
EasyEnsemble_with_zip,with_billing_zip,EasyEnsemble_original,conservative_campaign_cost,5400.0,360.0,0.6,0.88,0.0,0,0,109,1579,0.0,0.0,0.0
EasyEnsemble_with_zip,with_billing_zip,EasyEnsemble_original,conservative_campaign_cost,5400.0,360.0,0.6,0.89,0.0,0,0,109,1579,0.0,0.0,0.0
EasyEnsemble_with_zip,with_billing_zip,EasyEnsemble_original,conservative_campaign_cost,5400.0,360.0,0.6,0.9,0.0,0,0,109,1579,0.0,0.0,0.0
EasyEnsemble_with_zip,with_billing_zip,EasyEnsemble_original,conservative_campaign_cost,5400.0,360.0,0.6,0.91,0.0,0,0,109,1579,0.0,0.0,0.0
EasyEnsemble_with_zip,with_billing_zip,EasyEnsemble_original,conservative_campaign_cost,5400.0,360.0,0.6,0.92,0.0,0,0,109,1579,0.0,0.0,0.0
EasyEnsemble_with_zip,with_billing_zip,EasyEnsemble_original,conservative_campaign_cost,5400.0,360.0,0.6,0.93,0.0,0,0,109,1579,0.0,0.0,0.0
EasyEnsemble_with_zip,with_billing_zip,EasyEnsemble_original,conservative_campaign_cost,5400.0,360.0,0.6,0.94,0.0,0,0,109,1579,0.0,0.0,0.0
EasyEnsemble_with_zip,with_billing_zip,EasyEnsemble_original,conservative_campaign_cost,5400.0,360.0,0.6,0.95,0.0,0,0,109,1579,0.0,0.0,0.0
EasyEnsemble_with_zip,with_billing_zip,EasyEnsemble_original,conservative_campaign_cost,5400.0,360.0,0.6,0.96,0.0,0,0,109,1579,0.0,0.0,0.0
EasyEnsemble_with_zip,with_billing_zip,EasyEnsemble_original,conservative_campaign_cost,5400.0,360.0,0.6,0.97,0.0,0,0,109,1579,0.0,0.0,0.0
EasyEnsemble_with_zip,with_billing_zip,EasyEnsemble_original,conservative_campaign_cost,5400.0,360.0,0.6,0.98,0.0,0,0,109,1579,0.0,0.0,0.0
EasyEnsemble_with_zip,with_billing_zip,EasyEnsemble_original,conservative_campaign_cost,5400.0,360.0,0.6,0.99,0.0,0,0,109,1579,0.0,0.0,0.0
EasyEnsemble_with_zip,with_billing_zip,EasyEnsemble_original,budget_limited_high_campaign_cost,5400.0,720.0,0.6,0.01,-783720.0,109,1579,0,0,1.0,0.06457345971563981,0.1213132999443517
EasyEnsemble_with_zip,with_billing_zip,EasyEnsemble_original,budget_limited_high_campaign_cost,5400.0,720.0,0.6,0.02,-783720.0,109,1579,0,0,1.0,0.06457345971563981,0.1213132999443517
EasyEnsemble_with_zip,with_billing_zip,EasyEnsemble_original,budget_limited_high_campaign_cost,5400.0,720.0,0.6,0.03,-783720.0,109,1579,0,0,1.0,0.06457345971563981,0.1213132999443517
EasyEnsemble_with_zip,with_billing_zip,EasyEnsemble_original,budget_limited_high_campaign_cost,5400.0,720.0,0.6,0.04,-783720.0,109,1579,0,0,1.0,0.06457345971563981,0.1213132999443517
EasyEnsemble_with_zip,with_billing_zip,EasyEnsemble_original,budget_limited_high_campaign_cost,5400.0,720.0,0.6,0.05,-783720.0,109,1579,0,0,1.0,0.06457345971563981,0.1213132999443517
EasyEnsemble_with_zip,with_billing_zip,EasyEnsemble_original,budget_limited_high_campaign_cost,5400.0,720.0,0.6,0.06,-783720.0,109,1579,0,0,1.0,0.06457345971563981,0.1213132999443517
EasyEnsemble_with_zip,with_billing_zip,EasyEnsemble_original,budget_limited_high_campaign_cost,5400.0,720.0,0.6,0.07,-783720.0,109,1579,0,0,1.0,0.06457345971563981,0.1213132999443517
EasyEnsemble_with_zip,with_billing_zip,EasyEnsemble_original,budget_limited_high_campaign_cost,5400.0,720.0,0.6,0.08,-783720.0,109,1579,0,0,1.0,0.06457345971563981,0.1213132999443517
EasyEnsemble_with_zip,with_billing_zip,EasyEnsemble_original,budget_limited_high_campaign_cost,5400.0,720.0,0.6,0.09,-783720.0,109,1579,0,0,1.0,0.06457345971563981,0.1213132999443517
EasyEnsemble_with_zip,with_billing_zip,EasyEnsemble_original,budget_limited_high_campaign_cost,5400.0,720.0,0.6,0.1,-783720.0,109,1579,0,0,1.0,0.06457345971563981,0.1213132999443517
EasyEnsemble_with_zip,with_billing_zip,EasyEnsemble_original,budget_limited_high_campaign_cost,5400.0,720.0,0.6,0.11,-783720.0,109,1579,0,0,1.0,0.06457345971563981,0.1213132999443517
EasyEnsemble_with_zip,with_billing_zip,EasyEnsemble_original,budget_limited_high_campaign_cost,5400.0,720.0,0.6,0.12,-783720.0,109,1579,0,0,1.0,0.06457345971563981,0.1213132999443517
EasyEnsemble_with_zip,with_billing_zip,EasyEnsemble_original,budget_limited_high_campaign_cost,5400.0,720.0,0.6,0.13,-783720.0,109,1579,0,0,1.0,0.06457345971563981,0.1213132999443517
EasyEnsemble_with_zip,with_billing_zip,EasyEnsemble_original,budget_limited_high_campaign_cost,5400.0,720.0,0.6,0.14,-783720.0,109,1579,0,0,1.0,0.06457345971563981,0.1213132999443517
EasyEnsemble_with_zip,with_billing_zip,EasyEnsemble_original,budget_limited_high_campaign_cost,5400.0,720.0,0.6,0.15,-783720.0,109,1579,0,0,1.0,0.06457345971563981,0.1213132999443517
EasyEnsemble_with_zip,with_billing_zip,EasyEnsemble_original,budget_limited_high_campaign_cost,5400.0,720.0,0.6,0.16,-783720.0,109,1579,0,0,1.0,0.06457345971563981,0.1213132999443517
EasyEnsemble_with_zip,with_billing_zip,EasyEnsemble_original,budget_limited_high_campaign_cost,5400.0,720.0,0.6,0.17,-783720.0,109,1579,0,0,1.0,0.06457345971563981,0.1213132999443517
EasyEnsemble_with_zip,with_billing_zip,EasyEnsemble_original,budget_limited_high_campaign_cost,5400.0,720.0,0.6,0.18,-783720.0,109,1579,0,0,1.0,0.06457345971563981,0.1213132999443517
EasyEnsemble_with_zip,with_billing_zip,EasyEnsemble_original,budget_limited_high_campaign_cost,5400.0,720.0,0.6,0.19,-783720.0,109,1579,0,0,1.0,0.06457345971563981,0.1213132999443517
EasyEnsemble_with_zip,with_billing_zip,EasyEnsemble_original,budget_limited_high_campaign_cost,5400.0,720.0,0.6,0.2,-783720.0,109,1579,0,0,1.0,0.06457345971563981,0.1213132999443517
EasyEnsemble_with_zip,with_billing_zip,EasyEnsemble_original,budget_limited_high_campaign_cost,5400.0,720.0,0.6,0.21,-783720.0,109,1579,0,0,1.0,0.06457345971563981,0.1213132999443517
EasyEnsemble_with_zip,with_billing_zip,EasyEnsemble_original,budget_limited_high_campaign_cost,5400.0,720.0,0.6,0.22,-783720.0,109,1579,0,0,1.0,0.06457345971563981,0.1213132999443517
EasyEnsemble_with_zip,with_billing_zip,EasyEnsemble_original,budget_limited_high_campaign_cost,5400.0,720.0,0.6,0.23,-783720.0,109,1579,0,0,1.0,0.06457345971563981,0.1213132999443517
EasyEnsemble_with_zip,with_billing_zip,EasyEnsemble_original,budget_limited_high_campaign_cost,5400.0,720.0,0.6,0.24,-783720.0,109,1579,0,0,1.0,0.06457345971563981,0.1213132999443517
EasyEnsemble_with_zip,with_billing_zip,EasyEnsemble_original,budget_limited_high_campaign_cost,5400.0,720.0,0.6,0.25,-783720.0,109,1579,0,0,1.0,0.06457345971563981,0.1213132999443517
EasyEnsemble_with_zip,with_billing_zip,EasyEnsemble_original,budget_limited_high_campaign_cost,5400.0,720.0,0.6,0.26,-783720.0,109,1579,0,0,1.0,0.06457345971563981,0.1213132999443517
EasyEnsemble_with_zip,with_billing_zip,EasyEnsemble_original,budget_limited_high_campaign_cost,5400.0,720.0,0.6,0.27,-783720.0,109,1579,0,0,1.0,0.06457345971563981,0.1213132999443517
EasyEnsemble_with_zip,with_billing_zip,EasyEnsemble_original,budget_limited_high_campaign_cost,5400.0,720.0,0.6,0.28,-783720.0,109,1579,0,0,1.0,0.06457345971563981,0.1213132999443517
EasyEnsemble_with_zip,with_billing_zip,EasyEnsemble_original,budget_limited_high_campaign_cost,5400.0,720.0,0.6,0.29,-783720.0,109,1579,0,0,1.0,0.06457345971563981,0.1213132999443517
EasyEnsemble_with_zip,with_billing_zip,EasyEnsemble_original,budget_limited_high_campaign_cost,5400.0,720.0,0.6,0.3,-783720.0,109,1579,0,0,1.0,0.06457345971563981,0.1213132999443517
EasyEnsemble_with_zip,with_billing_zip,EasyEnsemble_original,budget_limited_high_campaign_cost,5400.0,720.0,0.6,0.31,-783720.0,109,1579,0,0,1.0,0.06457345971563981,0.1213132999443517
EasyEnsemble_with_zip,with_billing_zip,EasyEnsemble_original,budget_limited_high_campaign_cost,5400.0,720.0,0.6,0.32,-782280.0,109,1577,0,2,1.0,0.06465005931198102,0.12144846796657381
EasyEnsemble_with_zip,with_billing_zip,EasyEnsemble_original,budget_limited_high_campaign_cost,5400.0,720.0,0.6,0.33,-778680.0,109,1572,0,7,1.0,0.06484235574063058,0.1217877094972067
EasyEnsemble_with_zip,with_billing_zip,EasyEnsemble_original,budget_limited_high_campaign_cost,5400.0,720.0,0.6,0.34,-779760.0,108,1569,1,10,0.9908256880733946,0.06440071556350627,0.12094064949608063
EasyEnsemble_with_zip,with_billing_zip,EasyEnsemble_original,budget_limited_high_campaign_cost,5400.0,720.0,0.6,0.35,-778320.0,108,1567,1,12,0.9908256880733946,0.06447761194029851,0.1210762331838565
EasyEnsemble_with_zip,with_billing_zip,EasyEnsemble_original,budget_limited_high_campaign_cost,5400.0,720.0,0.6,0.36,-779400.0,107,1564,2,15,0.981651376146789,0.06403351286654697,0.12022471910112359
EasyEnsemble_with_zip,with_billing_zip,EasyEnsemble_original,budget_limited_high_campaign_cost,5400.0,720.0,0.6,0.37,-779400.0,107,1564,2,15,0.981651376146789,0.06403351286654697,0.12022471910112359
EasyEnsemble_with_zip,with_billing_zip,EasyEnsemble_original,budget_limited_high_campaign_cost,5400.0,720.0,0.6,0.38,-776520.0,107,1560,2,19,0.981651376146789,0.06418716256748651,0.1204954954954955
EasyEnsemble_with_zip,with_billing_zip,EasyEnsemble_original,budget_limited_high_campaign_cost,5400.0,720.0,0.6,0.39,-770040.0,105,1542,4,37,0.963302752293578,0.06375227686703097,0.11958997722095673
EasyEnsemble_with_zip,with_billing_zip,EasyEnsemble_original,budget_limited_high_campaign_cost,5400.0,720.0,0.6,0.4,-733320.0,103,1482,6,97,0.944954128440367,0.06498422712933755,0.12160566706021252
EasyEnsemble_with_zip,with_billing_zip,EasyEnsemble_original,budget_limited_high_campaign_cost,5400.0,720.0,0.6,0.41,-683280.0,100,1399,9,180,0.9174311926605505,0.066711140760507,0.12437810945273632
EasyEnsemble_with_zip,with_billing_zip,EasyEnsemble_original,budget_limited_high_campaign_cost,5400.0,720.0,0.6,0.42,-622800.0,94,1288,15,291,0.8623853211009175,0.06801736613603473,0.12608987256874582
EasyEnsemble_with_zip,with_billing_zip,EasyEnsemble_original,budget_limited_high_campaign_cost,5400.0,720.0,0.6,0.43,-577440.0,90,1207,19,372,0.8256880733944955,0.06939090208172706,0.12802275960170698
EasyEnsemble_with_zip,with_billing_zip,EasyEnsemble_original,budget_limited_high_campaign_cost,5400.0,720.0,0.6,0.44,-533160.0,89,1141,20,438,0.8165137614678899,0.07235772357723577,0.13293502613890965
EasyEnsemble_with_zip,with_billing_zip,EasyEnsemble_original,budget_limited_high_campaign_cost,5400.0,720.0,0.6,0.45,-502920.0,85,1081,24,498,0.7798165137614679,0.07289879931389365,0.13333333333333333
EasyEnsemble_with_zip,with_billing_zip,EasyEnsemble_original,budget_limited_high_campaign_cost,5400.0,720.0,0.6,0.46,-478440.0,83,1038,26,541,0.7614678899082569,0.07404103479036575,0.13495934959349593
EasyEnsemble_with_zip,with_billing_zip,EasyEnsemble_original,budget_limited_high_campaign_cost,5400.0,720.0,0.6,0.47,-465480.0,77,993,32,586,0.7064220183486238,0.07196261682242991,0.13061916878710772
EasyEnsemble_with_zip,with_billing_zip,EasyEnsemble_original,budget_limited_high_campaign_cost,5400.0,720.0,0.6,0.48,-446400.0,72,944,37,635,0.6605504587155964,0.07086614173228346,0.128
EasyEnsemble_with_zip,with_billing_zip,EasyEnsemble_original,budget_limited_high_campaign_cost,5400.0,720.0,0.6,0.49,-411840.0,68,878,41,701,0.6238532110091743,0.07188160676532769,0.12890995260663507
EasyEnsemble_with_zip,with_billing_zip,EasyEnsemble_original,budget_limited_high_campaign_cost,5400.0,720.0,0.6,0.5,-385920.0,64,824,45,755,0.5871559633027523,0.07207207207207207,0.1283851554663992
EasyEnsemble_with_zip,with_billing_zip,EasyEnsemble_original,budget_limited_high_campaign_cost,5400.0,720.0,0.6,0.51,-358920.0,57,755,52,824,0.5229357798165137,0.07019704433497537,0.1237785016286645
EasyEnsemble_with_zip,with_billing_zip,EasyEnsemble_original,budget_limited_high_campaign_cost,5400.0,720.0,0.6,0.52,-309600.0,54,673,55,906,0.4954128440366973,0.07427785419532325,0.1291866028708134
EasyEnsemble_with_zip,with_billing_zip,EasyEnsemble_original,budget_limited_high_campaign_cost,5400.0,720.0,0.6,0.53,-272160.0,50,603,59,976,0.45871559633027525,0.07656967840735068,0.13123359580052493
EasyEnsemble_with_zip,with_billing_zip,EasyEnsemble_original,budget_limited_high_campaign_cost,5400.0,720.0,0.6,0.54,-201240.0,49,500,60,1079,0.44954128440366975,0.08925318761384335,0.14893617021276595
EasyEnsemble_with_zip,with_billing_zip,EasyEnsemble_original,budget_limited_high_campaign_cost,5400.0,720.0,0.6,0.55,-145440.0,42,391,67,1188,0.3853211009174312,0.09699769053117784,0.15498154981549817
EasyEnsemble_with_zip,with_billing_zip,EasyEnsemble_original,budget_limited_high_campaign_cost,5400.0,720.0,0.6,0.56,-129240.0,31,319,78,1260,0.28440366972477066,0.08857142857142856,0.13507625272331156
EasyEnsemble_with_zip,with_billing_zip,EasyEnsemble_original,budget_limited_high_campaign_cost,5400.0,720.0,0.6,0.57,-107280.0,24,257,85,1322,0.22018348623853212,0.08540925266903915,0.12307692307692308
EasyEnsemble_with_zip,with_billing_zip,EasyEnsemble_original,budget_limited_high_campaign_cost,5400.0,720.0,0.6,0.58,-83160.0,15,183,94,1396,0.13761467889908258,0.07575757575757576,0.09771986970684039
EasyEnsemble_with_zip,with_billing_zip,EasyEnsemble_original,budget_limited_high_campaign_cost,5400.0,720.0,0.6,0.59,-56880.0,12,133,97,1446,0.11009174311926606,0.08275862068965517,0.09448818897637795
EasyEnsemble_with_zip,with_billing_zip,EasyEnsemble_original,budget_limited_high_campaign_cost,5400.0,720.0,0.6,0.6,-31320.0,11,93,98,1486,0.10091743119266056,0.10576923076923077,0.10328638497652583
EasyEnsemble_with_zip,with_billing_zip,EasyEnsemble_original,budget_limited_high_campaign_cost,5400.0,720.0,0.6,0.61,-11520.0,10,61,99,1518,0.09174311926605505,0.14084507042253522,0.1111111111111111
EasyEnsemble_with_zip,with_billing_zip,EasyEnsemble_original,budget_limited_high_campaign_cost,5400.0,720.0,0.6,0.62,-9720.0,7,45,102,1534,0.06422018348623854,0.1346153846153846,0.08695652173913043
EasyEnsemble_with_zip,with_billing_zip,EasyEnsemble_original,budget_limited_high_campaign_cost,5400.0,720.0,0.6,0.63,-3960.0,5,28,104,1551,0.045871559633027525,0.15151515151515152,0.07042253521126761
EasyEnsemble_with_zip,with_billing_zip,EasyEnsemble_original,budget_limited_high_campaign_cost,5400.0,720.0,0.6,0.64,-1080.0,3,15,106,1564,0.027522935779816515,0.16666666666666666,0.047244094488188976
EasyEnsemble_with_zip,with_billing_zip,EasyEnsemble_original,budget_limited_high_campaign_cost,5400.0,720.0,0.6,0.65,-720.0,2,10,107,1569,0.01834862385321101,0.16666666666666666,0.03305785123966942
EasyEnsemble_with_zip,with_billing_zip,EasyEnsemble_original,budget_limited_high_campaign_cost,5400.0,720.0,0.6,0.66,-5040.0,0,7,109,1572,0.0,0.0,0.0
EasyEnsemble_with_zip,with_billing_zip,EasyEnsemble_original,budget_limited_high_campaign_cost,5400.0,720.0,0.6,0.67,-1440.0,0,2,109,1577,0.0,0.0,0.0
EasyEnsemble_with_zip,with_billing_zip,EasyEnsemble_original,budget_limited_high_campaign_cost,5400.0,720.0,0.6,0.68,-1440.0,0,2,109,1577,0.0,0.0,0.0
EasyEnsemble_with_zip,with_billing_zip,EasyEnsemble_original,budget_limited_high_campaign_cost,5400.0,720.0,0.6,0.69,-720.0,0,1,109,1578,0.0,0.0,0.0
EasyEnsemble_with_zip,with_billing_zip,EasyEnsemble_original,budget_limited_high_campaign_cost,5400.0,720.0,0.6,0.7,0.0,0,0,109,1579,0.0,0.0,0.0
EasyEnsemble_with_zip,with_billing_zip,EasyEnsemble_original,budget_limited_high_campaign_cost,5400.0,720.0,0.6,0.71,0.0,0,0,109,1579,0.0,0.0,0.0
EasyEnsemble_with_zip,with_billing_zip,EasyEnsemble_original,budget_limited_high_campaign_cost,5400.0,720.0,0.6,0.72,0.0,0,0,109,1579,0.0,0.0,0.0
EasyEnsemble_with_zip,with_billing_zip,EasyEnsemble_original,budget_limited_high_campaign_cost,5400.0,720.0,0.6,0.73,0.0,0,0,109,1579,0.0,0.0,0.0
EasyEnsemble_with_zip,with_billing_zip,EasyEnsemble_original,budget_limited_high_campaign_cost,5400.0,720.0,0.6,0.74,0.0,0,0,109,1579,0.0,0.0,0.0
EasyEnsemble_with_zip,with_billing_zip,EasyEnsemble_original,budget_limited_high_campaign_cost,5400.0,720.0,0.6,0.75,0.0,0,0,109,1579,0.0,0.0,0.0
EasyEnsemble_with_zip,with_billing_zip,EasyEnsemble_original,budget_limited_high_campaign_cost,5400.0,720.0,0.6,0.76,0.0,0,0,109,1579,0.0,0.0,0.0
EasyEnsemble_with_zip,with_billing_zip,EasyEnsemble_original,budget_limited_high_campaign_cost,5400.0,720.0,0.6,0.77,0.0,0,0,109,1579,0.0,0.0,0.0
EasyEnsemble_with_zip,with_billing_zip,EasyEnsemble_original,budget_limited_high_campaign_cost,5400.0,720.0,0.6,0.78,0.0,0,0,109,1579,0.0,0.0,0.0
EasyEnsemble_with_zip,with_billing_zip,EasyEnsemble_original,budget_limited_high_campaign_cost,5400.0,720.0,0.6,0.79,0.0,0,0,109,1579,0.0,0.0,0.0
EasyEnsemble_with_zip,with_billing_zip,EasyEnsemble_original,budget_limited_high_campaign_cost,5400.0,720.0,0.6,0.8,0.0,0,0,109,1579,0.0,0.0,0.0
EasyEnsemble_with_zip,with_billing_zip,EasyEnsemble_original,budget_limited_high_campaign_cost,5400.0,720.0,0.6,0.81,0.0,0,0,109,1579,0.0,0.0,0.0
EasyEnsemble_with_zip,with_billing_zip,EasyEnsemble_original,budget_limited_high_campaign_cost,5400.0,720.0,0.6,0.82,0.0,0,0,109,1579,0.0,0.0,0.0
EasyEnsemble_with_zip,with_billing_zip,EasyEnsemble_original,budget_limited_high_campaign_cost,5400.0,720.0,0.6,0.83,0.0,0,0,109,1579,0.0,0.0,0.0
EasyEnsemble_with_zip,with_billing_zip,EasyEnsemble_original,budget_limited_high_campaign_cost,5400.0,720.0,0.6,0.84,0.0,0,0,109,1579,0.0,0.0,0.0
EasyEnsemble_with_zip,with_billing_zip,EasyEnsemble_original,budget_limited_high_campaign_cost,5400.0,720.0,0.6,0.85,0.0,0,0,109,1579,0.0,0.0,0.0
EasyEnsemble_with_zip,with_billing_zip,EasyEnsemble_original,budget_limited_high_campaign_cost,5400.0,720.0,0.6,0.86,0.0,0,0,109,1579,0.0,0.0,0.0
EasyEnsemble_with_zip,with_billing_zip,EasyEnsemble_original,budget_limited_high_campaign_cost,5400.0,720.0,0.6,0.87,0.0,0,0,109,1579,0.0,0.0,0.0
EasyEnsemble_with_zip,with_billing_zip,EasyEnsemble_original,budget_limited_high_campaign_cost,5400.0,720.0,0.6,0.88,0.0,0,0,109,1579,0.0,0.0,0.0
EasyEnsemble_with_zip,with_billing_zip,EasyEnsemble_original,budget_limited_high_campaign_cost,5400.0,720.0,0.6,0.89,0.0,0,0,109,1579,0.0,0.0,0.0
EasyEnsemble_with_zip,with_billing_zip,EasyEnsemble_original,budget_limited_high_campaign_cost,5400.0,720.0,0.6,0.9,0.0,0,0,109,1579,0.0,0.0,0.0
EasyEnsemble_with_zip,with_billing_zip,EasyEnsemble_original,budget_limited_high_campaign_cost,5400.0,720.0,0.6,0.91,0.0,0,0,109,1579,0.0,0.0,0.0
EasyEnsemble_with_zip,with_billing_zip,EasyEnsemble_original,budget_limited_high_campaign_cost,5400.0,720.0,0.6,0.92,0.0,0,0,109,1579,0.0,0.0,0.0
EasyEnsemble_with_zip,with_billing_zip,EasyEnsemble_original,budget_limited_high_campaign_cost,5400.0,720.0,0.6,0.93,0.0,0,0,109,1579,0.0,0.0,0.0
EasyEnsemble_with_zip,with_billing_zip,EasyEnsemble_original,budget_limited_high_campaign_cost,5400.0,720.0,0.6,0.94,0.0,0,0,109,1579,0.0,0.0,0.0
EasyEnsemble_with_zip,with_billing_zip,EasyEnsemble_original,budget_limited_high_campaign_cost,5400.0,720.0,0.6,0.95,0.0,0,0,109,1579,0.0,0.0,0.0
EasyEnsemble_with_zip,with_billing_zip,EasyEnsemble_original,budget_limited_high_campaign_cost,5400.0,720.0,0.6,0.96,0.0,0,0,109,1579,0.0,0.0,0.0
EasyEnsemble_with_zip,with_billing_zip,EasyEnsemble_original,budget_limited_high_campaign_cost,5400.0,720.0,0.6,0.97,0.0,0,0,109,1579,0.0,0.0,0.0
EasyEnsemble_with_zip,with_billing_zip,EasyEnsemble_original,budget_limited_high_campaign_cost,5400.0,720.0,0.6,0.98,0.0,0,0,109,1579,0.0,0.0,0.0
EasyEnsemble_with_zip,with_billing_zip,EasyEnsemble_original,budget_limited_high_campaign_cost,5400.0,720.0,0.6,0.99,0.0,0,0,109,1579,0.0,0.0,0.0
EasyEnsemble_with_zip,with_billing_zip,EasyEnsemble_original,small_business_value,1200.0,120.0,0.6,0.01,-111000.0,109,1579,0,0,1.0,0.06457345971563981,0.1213132999443517
EasyEnsemble_with_zip,with_billing_zip,EasyEnsemble_original,small_business_value,1200.0,120.0,0.6,0.02,-111000.0,109,1579,0,0,1.0,0.06457345971563981,0.1213132999443517
EasyEnsemble_with_zip,with_billing_zip,EasyEnsemble_original,small_business_value,1200.0,120.0,0.6,0.03,-111000.0,109,1579,0,0,1.0,0.06457345971563981,0.1213132999443517
EasyEnsemble_with_zip,with_billing_zip,EasyEnsemble_original,small_business_value,1200.0,120.0,0.6,0.04,-111000.0,109,1579,0,0,1.0,0.06457345971563981,0.1213132999443517
EasyEnsemble_with_zip,with_billing_zip,EasyEnsemble_original,small_business_value,1200.0,120.0,0.6,0.05,-111000.0,109,1579,0,0,1.0,0.06457345971563981,0.1213132999443517
EasyEnsemble_with_zip,with_billing_zip,EasyEnsemble_original,small_business_value,1200.0,120.0,0.6,0.06,-111000.0,109,1579,0,0,1.0,0.06457345971563981,0.1213132999443517
EasyEnsemble_with_zip,with_billing_zip,EasyEnsemble_original,small_business_value,1200.0,120.0,0.6,0.07,-111000.0,109,1579,0,0,1.0,0.06457345971563981,0.1213132999443517
EasyEnsemble_with_zip,with_billing_zip,EasyEnsemble_original,small_business_value,1200.0,120.0,0.6,0.08,-111000.0,109,1579,0,0,1.0,0.06457345971563981,0.1213132999443517
EasyEnsemble_with_zip,with_billing_zip,EasyEnsemble_original,small_business_value,1200.0,120.0,0.6,0.09,-111000.0,109,1579,0,0,1.0,0.06457345971563981,0.1213132999443517
EasyEnsemble_with_zip,with_billing_zip,EasyEnsemble_original,small_business_value,1200.0,120.0,0.6,0.1,-111000.0,109,1579,0,0,1.0,0.06457345971563981,0.1213132999443517
EasyEnsemble_with_zip,with_billing_zip,EasyEnsemble_original,small_business_value,1200.0,120.0,0.6,0.11,-111000.0,109,1579,0,0,1.0,0.06457345971563981,0.1213132999443517
EasyEnsemble_with_zip,with_billing_zip,EasyEnsemble_original,small_business_value,1200.0,120.0,0.6,0.12,-111000.0,109,1579,0,0,1.0,0.06457345971563981,0.1213132999443517
EasyEnsemble_with_zip,with_billing_zip,EasyEnsemble_original,small_business_value,1200.0,120.0,0.6,0.13,-111000.0,109,1579,0,0,1.0,0.06457345971563981,0.1213132999443517
EasyEnsemble_with_zip,with_billing_zip,EasyEnsemble_original,small_business_value,1200.0,120.0,0.6,0.14,-111000.0,109,1579,0,0,1.0,0.06457345971563981,0.1213132999443517
EasyEnsemble_with_zip,with_billing_zip,EasyEnsemble_original,small_business_value,1200.0,120.0,0.6,0.15,-111000.0,109,1579,0,0,1.0,0.06457345971563981,0.1213132999443517
EasyEnsemble_with_zip,with_billing_zip,EasyEnsemble_original,small_business_value,1200.0,120.0,0.6,0.16,-111000.0,109,1579,0,0,1.0,0.06457345971563981,0.1213132999443517
EasyEnsemble_with_zip,with_billing_zip,EasyEnsemble_original,small_business_value,1200.0,120.0,0.6,0.17,-111000.0,109,1579,0,0,1.0,0.06457345971563981,0.1213132999443517
EasyEnsemble_with_zip,with_billing_zip,EasyEnsemble_original,small_business_value,1200.0,120.0,0.6,0.18,-111000.0,109,1579,0,0,1.0,0.06457345971563981,0.1213132999443517
EasyEnsemble_with_zip,with_billing_zip,EasyEnsemble_original,small_business_value,1200.0,120.0,0.6,0.19,-111000.0,109,1579,0,0,1.0,0.06457345971563981,0.1213132999443517
EasyEnsemble_with_zip,with_billing_zip,EasyEnsemble_original,small_business_value,1200.0,120.0,0.6,0.2,-111000.0,109,1579,0,0,1.0,0.06457345971563981,0.1213132999443517
EasyEnsemble_with_zip,with_billing_zip,EasyEnsemble_original,small_business_value,1200.0,120.0,0.6,0.21,-111000.0,109,1579,0,0,1.0,0.06457345971563981,0.1213132999443517
EasyEnsemble_with_zip,with_billing_zip,EasyEnsemble_original,small_business_value,1200.0,120.0,0.6,0.22,-111000.0,109,1579,0,0,1.0,0.06457345971563981,0.1213132999443517
EasyEnsemble_with_zip,with_billing_zip,EasyEnsemble_original,small_business_value,1200.0,120.0,0.6,0.23,-111000.0,109,1579,0,0,1.0,0.06457345971563981,0.1213132999443517
EasyEnsemble_with_zip,with_billing_zip,EasyEnsemble_original,small_business_value,1200.0,120.0,0.6,0.24,-111000.0,109,1579,0,0,1.0,0.06457345971563981,0.1213132999443517
EasyEnsemble_with_zip,with_billing_zip,EasyEnsemble_original,small_business_value,1200.0,120.0,0.6,0.25,-111000.0,109,1579,0,0,1.0,0.06457345971563981,0.1213132999443517
EasyEnsemble_with_zip,with_billing_zip,EasyEnsemble_original,small_business_value,1200.0,120.0,0.6,0.26,-111000.0,109,1579,0,0,1.0,0.06457345971563981,0.1213132999443517
EasyEnsemble_with_zip,with_billing_zip,EasyEnsemble_original,small_business_value,1200.0,120.0,0.6,0.27,-111000.0,109,1579,0,0,1.0,0.06457345971563981,0.1213132999443517
EasyEnsemble_with_zip,with_billing_zip,EasyEnsemble_original,small_business_value,1200.0,120.0,0.6,0.28,-111000.0,109,1579,0,0,1.0,0.06457345971563981,0.1213132999443517
EasyEnsemble_with_zip,with_billing_zip,EasyEnsemble_original,small_business_value,1200.0,120.0,0.6,0.29,-111000.0,109,1579,0,0,1.0,0.06457345971563981,0.1213132999443517
EasyEnsemble_with_zip,with_billing_zip,EasyEnsemble_original,small_business_value,1200.0,120.0,0.6,0.3,-111000.0,109,1579,0,0,1.0,0.06457345971563981,0.1213132999443517
EasyEnsemble_with_zip,with_billing_zip,EasyEnsemble_original,small_business_value,1200.0,120.0,0.6,0.31,-111000.0,109,1579,0,0,1.0,0.06457345971563981,0.1213132999443517
EasyEnsemble_with_zip,with_billing_zip,EasyEnsemble_original,small_business_value,1200.0,120.0,0.6,0.32,-110760.0,109,1577,0,2,1.0,0.06465005931198102,0.12144846796657381
EasyEnsemble_with_zip,with_billing_zip,EasyEnsemble_original,small_business_value,1200.0,120.0,0.6,0.33,-110160.0,109,1572,0,7,1.0,0.06484235574063058,0.1217877094972067
EasyEnsemble_with_zip,with_billing_zip,EasyEnsemble_original,small_business_value,1200.0,120.0,0.6,0.34,-110520.0,108,1569,1,10,0.9908256880733946,0.06440071556350627,0.12094064949608063
EasyEnsemble_with_zip,with_billing_zip,EasyEnsemble_original,small_business_value,1200.0,120.0,0.6,0.35,-110280.0,108,1567,1,12,0.9908256880733946,0.06447761194029851,0.1210762331838565
EasyEnsemble_with_zip,with_billing_zip,EasyEnsemble_original,small_business_value,1200.0,120.0,0.6,0.36,-110640.0,107,1564,2,15,0.981651376146789,0.06403351286654697,0.12022471910112359
EasyEnsemble_with_zip,with_billing_zip,EasyEnsemble_original,small_business_value,1200.0,120.0,0.6,0.37,-110640.0,107,1564,2,15,0.981651376146789,0.06403351286654697,0.12022471910112359
EasyEnsemble_with_zip,with_billing_zip,EasyEnsemble_original,small_business_value,1200.0,120.0,0.6,0.38,-110160.0,107,1560,2,19,0.981651376146789,0.06418716256748651,0.1204954954954955
EasyEnsemble_with_zip,with_billing_zip,EasyEnsemble_original,small_business_value,1200.0,120.0,0.6,0.39,-109440.0,105,1542,4,37,0.963302752293578,0.06375227686703097,0.11958997722095673
EasyEnsemble_with_zip,with_billing_zip,EasyEnsemble_original,small_business_value,1200.0,120.0,0.6,0.4,-103680.0,103,1482,6,97,0.944954128440367,0.06498422712933755,0.12160566706021252
EasyEnsemble_with_zip,with_billing_zip,EasyEnsemble_original,small_business_value,1200.0,120.0,0.6,0.41,-95880.0,100,1399,9,180,0.9174311926605505,0.066711140760507,0.12437810945273632
EasyEnsemble_with_zip,with_billing_zip,EasyEnsemble_original,small_business_value,1200.0,120.0,0.6,0.42,-86880.0,94,1288,15,291,0.8623853211009175,0.06801736613603473,0.12608987256874582
EasyEnsemble_with_zip,with_billing_zip,EasyEnsemble_original,small_business_value,1200.0,120.0,0.6,0.43,-80040.0,90,1207,19,372,0.8256880733944955,0.06939090208172706,0.12802275960170698
EasyEnsemble_with_zip,with_billing_zip,EasyEnsemble_original,small_business_value,1200.0,120.0,0.6,0.44,-72840.0,89,1141,20,438,0.8165137614678899,0.07235772357723577,0.13293502613890965
EasyEnsemble_with_zip,with_billing_zip,EasyEnsemble_original,small_business_value,1200.0,120.0,0.6,0.45,-68520.0,85,1081,24,498,0.7798165137614679,0.07289879931389365,0.13333333333333333
EasyEnsemble_with_zip,with_billing_zip,EasyEnsemble_original,small_business_value,1200.0,120.0,0.6,0.46,-64800.0,83,1038,26,541,0.7614678899082569,0.07404103479036575,0.13495934959349593
EasyEnsemble_with_zip,with_billing_zip,EasyEnsemble_original,small_business_value,1200.0,120.0,0.6,0.47,-63720.0,77,993,32,586,0.7064220183486238,0.07196261682242991,0.13061916878710772
EasyEnsemble_with_zip,with_billing_zip,EasyEnsemble_original,small_business_value,1200.0,120.0,0.6,0.48,-61440.0,72,944,37,635,0.6605504587155964,0.07086614173228346,0.128
EasyEnsemble_with_zip,with_billing_zip,EasyEnsemble_original,small_business_value,1200.0,120.0,0.6,0.49,-56400.0,68,878,41,701,0.6238532110091743,0.07188160676532769,0.12890995260663507
EasyEnsemble_with_zip,with_billing_zip,EasyEnsemble_original,small_business_value,1200.0,120.0,0.6,0.5,-52800.0,64,824,45,755,0.5871559633027523,0.07207207207207207,0.1283851554663992
EasyEnsemble_with_zip,with_billing_zip,EasyEnsemble_original,small_business_value,1200.0,120.0,0.6,0.51,-49560.0,57,755,52,824,0.5229357798165137,0.07019704433497537,0.1237785016286645
EasyEnsemble_with_zip,with_billing_zip,EasyEnsemble_original,small_business_value,1200.0,120.0,0.6,0.52,-41880.0,54,673,55,906,0.4954128440366973,0.07427785419532325,0.1291866028708134
EasyEnsemble_with_zip,with_billing_zip,EasyEnsemble_original,small_business_value,1200.0,120.0,0.6,0.53,-36360.0,50,603,59,976,0.45871559633027525,0.07656967840735068,0.13123359580052493
EasyEnsemble_with_zip,with_billing_zip,EasyEnsemble_original,small_business_value,1200.0,120.0,0.6,0.54,-24720.0,49,500,60,1079,0.44954128440366975,0.08925318761384335,0.14893617021276595
EasyEnsemble_with_zip,with_billing_zip,EasyEnsemble_original,small_business_value,1200.0,120.0,0.6,0.55,-16680.0,42,391,67,1188,0.3853211009174312,0.09699769053117784,0.15498154981549817
EasyEnsemble_with_zip,with_billing_zip,EasyEnsemble_original,small_business_value,1200.0,120.0,0.6,0.56,-15960.0,31,319,78,1260,0.28440366972477066,0.08857142857142856,0.13507625272331156
EasyEnsemble_with_zip,with_billing_zip,EasyEnsemble_original,small_business_value,1200.0,120.0,0.6,0.57,-13560.0,24,257,85,1322,0.22018348623853212,0.08540925266903915,0.12307692307692308
EasyEnsemble_with_zip,with_billing_zip,EasyEnsemble_original,small_business_value,1200.0,120.0,0.6,0.58,-11160.0,15,183,94,1396,0.13761467889908258,0.07575757575757576,0.09771986970684039
EasyEnsemble_with_zip,with_billing_zip,EasyEnsemble_original,small_business_value,1200.0,120.0,0.6,0.59,-7320.0,12,133,97,1446,0.11009174311926606,0.08275862068965517,0.09448818897637795
EasyEnsemble_with_zip,with_billing_zip,EasyEnsemble_original,small_business_value,1200.0,120.0,0.6,0.6,-3240.0,11,93,98,1486,0.10091743119266056,0.10576923076923077,0.10328638497652583
EasyEnsemble_with_zip,with_billing_zip,EasyEnsemble_original,small_business_value,1200.0,120.0,0.6,0.61,-120.0,10,61,99,1518,0.09174311926605505,0.14084507042253522,0.1111111111111111
EasyEnsemble_with_zip,with_billing_zip,EasyEnsemble_original,small_business_value,1200.0,120.0,0.6,0.62,-360.0,7,45,102,1534,0.06422018348623854,0.1346153846153846,0.08695652173913043
EasyEnsemble_with_zip,with_billing_zip,EasyEnsemble_original,small_business_value,1200.0,120.0,0.6,0.63,240.0,5,28,104,1551,0.045871559633027525,0.15151515151515152,0.07042253521126761
EasyEnsemble_with_zip,with_billing_zip,EasyEnsemble_original,small_business_value,1200.0,120.0,0.6,0.64,360.0,3,15,106,1564,0.027522935779816515,0.16666666666666666,0.047244094488188976
EasyEnsemble_with_zip,with_billing_zip,EasyEnsemble_original,small_business_value,1200.0,120.0,0.6,0.65,240.0,2,10,107,1569,0.01834862385321101,0.16666666666666666,0.03305785123966942
EasyEnsemble_with_zip,with_billing_zip,EasyEnsemble_original,small_business_value,1200.0,120.0,0.6,0.66,-840.0,0,7,109,1572,0.0,0.0,0.0
EasyEnsemble_with_zip,with_billing_zip,EasyEnsemble_original,small_business_value,1200.0,120.0,0.6,0.67,-240.0,0,2,109,1577,0.0,0.0,0.0
EasyEnsemble_with_zip,with_billing_zip,EasyEnsemble_original,small_business_value,1200.0,120.0,0.6,0.68,-240.0,0,2,109,1577,0.0,0.0,0.0
EasyEnsemble_with_zip,with_billing_zip,EasyEnsemble_original,small_business_value,1200.0,120.0,0.6,0.69,-120.0,0,1,109,1578,0.0,0.0,0.0
EasyEnsemble_with_zip,with_billing_zip,EasyEnsemble_original,small_business_value,1200.0,120.0,0.6,0.7,0.0,0,0,109,1579,0.0,0.0,0.0
EasyEnsemble_with_zip,with_billing_zip,EasyEnsemble_original,small_business_value,1200.0,120.0,0.6,0.71,0.0,0,0,109,1579,0.0,0.0,0.0
EasyEnsemble_with_zip,with_billing_zip,EasyEnsemble_original,small_business_value,1200.0,120.0,0.6,0.72,0.0,0,0,109,1579,0.0,0.0,0.0
EasyEnsemble_with_zip,with_billing_zip,EasyEnsemble_original,small_business_value,1200.0,120.0,0.6,0.73,0.0,0,0,109,1579,0.0,0.0,0.0
EasyEnsemble_with_zip,with_billing_zip,EasyEnsemble_original,small_business_value,1200.0,120.0,0.6,0.74,0.0,0,0,109,1579,0.0,0.0,0.0
EasyEnsemble_with_zip,with_billing_zip,EasyEnsemble_original,small_business_value,1200.0,120.0,0.6,0.75,0.0,0,0,109,1579,0.0,0.0,0.0
EasyEnsemble_with_zip,with_billing_zip,EasyEnsemble_original,small_business_value,1200.0,120.0,0.6,0.76,0.0,0,0,109,1579,0.0,0.0,0.0
EasyEnsemble_with_zip,with_billing_zip,EasyEnsemble_original,small_business_value,1200.0,120.0,0.6,0.77,0.0,0,0,109,1579,0.0,0.0,0.0
EasyEnsemble_with_zip,with_billing_zip,EasyEnsemble_original,small_business_value,1200.0,120.0,0.6,0.78,0.0,0,0,109,1579,0.0,0.0,0.0
EasyEnsemble_with_zip,with_billing_zip,EasyEnsemble_original,small_business_value,1200.0,120.0,0.6,0.79,0.0,0,0,109,1579,0.0,0.0,0.0
EasyEnsemble_with_zip,with_billing_zip,EasyEnsemble_original,small_business_value,1200.0,120.0,0.6,0.8,0.0,0,0,109,1579,0.0,0.0,0.0
EasyEnsemble_with_zip,with_billing_zip,EasyEnsemble_original,small_business_value,1200.0,120.0,0.6,0.81,0.0,0,0,109,1579,0.0,0.0,0.0
EasyEnsemble_with_zip,with_billing_zip,EasyEnsemble_original,small_business_value,1200.0,120.0,0.6,0.82,0.0,0,0,109,1579,0.0,0.0,0.0
EasyEnsemble_with_zip,with_billing_zip,EasyEnsemble_original,small_business_value,1200.0,120.0,0.6,0.83,0.0,0,0,109,1579,0.0,0.0,0.0
EasyEnsemble_with_zip,with_billing_zip,EasyEnsemble_original,small_business_value,1200.0,120.0,0.6,0.84,0.0,0,0,109,1579,0.0,0.0,0.0
EasyEnsemble_with_zip,with_billing_zip,EasyEnsemble_original,small_business_value,1200.0,120.0,0.6,0.85,0.0,0,0,109,1579,0.0,0.0,0.0
EasyEnsemble_with_zip,with_billing_zip,EasyEnsemble_original,small_business_value,1200.0,120.0,0.6,0.86,0.0,0,0,109,1579,0.0,0.0,0.0
EasyEnsemble_with_zip,with_billing_zip,EasyEnsemble_original,small_business_value,1200.0,120.0,0.6,0.87,0.0,0,0,109,1579,0.0,0.0,0.0
EasyEnsemble_with_zip,with_billing_zip,EasyEnsemble_original,small_business_value,1200.0,120.0,0.6,0.88,0.0,0,0,109,1579,0.0,0.0,0.0
EasyEnsemble_with_zip,with_billing_zip,EasyEnsemble_original,small_business_value,1200.0,120.0,0.6,0.89,0.0,0,0,109,1579,0.0,0.0,0.0
EasyEnsemble_with_zip,with_billing_zip,EasyEnsemble_original,small_business_value,1200.0,120.0,0.6,0.9,0.0,0,0,109,1579,0.0,0.0,0.0
EasyEnsemble_with_zip,with_billing_zip,EasyEnsemble_original,small_business_value,1200.0,120.0,0.6,0.91,0.0,0,0,109,1579,0.0,0.0,0.0
EasyEnsemble_with_zip,with_billing_zip,EasyEnsemble_original,small_business_value,1200.0,120.0,0.6,0.92,0.0,0,0,109,1579,0.0,0.0,0.0
EasyEnsemble_with_zip,with_billing_zip,EasyEnsemble_original,small_business_value,1200.0,120.0,0.6,0.93,0.0,0,0,109,1579,0.0,0.0,0.0
EasyEnsemble_with_zip,with_billing_zip,EasyEnsemble_original,small_business_value,1200.0,120.0,0.6,0.94,0.0,0,0,109,1579,0.0,0.0,0.0
EasyEnsemble_with_zip,with_billing_zip,EasyEnsemble_original,small_business_value,1200.0,120.0,0.6,0.95,0.0,0,0,109,1579,0.0,0.0,0.0
EasyEnsemble_with_zip,with_billing_zip,EasyEnsemble_original,small_business_value,1200.0,120.0,0.6,0.96,0.0,0,0,109,1579,0.0,0.0,0.0
EasyEnsemble_with_zip,with_billing_zip,EasyEnsemble_original,small_business_value,1200.0,120.0,0.6,0.97,0.0,0,0,109,1579,0.0,0.0,0.0
EasyEnsemble_with_zip,with_billing_zip,EasyEnsemble_original,small_business_value,1200.0,120.0,0.6,0.98,0.0,0,0,109,1579,0.0,0.0,0.0
EasyEnsemble_with_zip,with_billing_zip,EasyEnsemble_original,small_business_value,1200.0,120.0,0.6,0.99,0.0,0,0,109,1579,0.0,0.0,0.0
EasyEnsemble_with_zip,with_billing_zip,EasyEnsemble_original,enterprise_value,18000.0,120.0,0.6,0.01,987720.0,109,1579,0,0,1.0,0.06457345971563981,0.1213132999443517
EasyEnsemble_with_zip,with_billing_zip,EasyEnsemble_original,enterprise_value,18000.0,120.0,0.6,0.02,987720.0,109,1579,0,0,1.0,0.06457345971563981,0.1213132999443517
EasyEnsemble_with_zip,with_billing_zip,EasyEnsemble_original,enterprise_value,18000.0,120.0,0.6,0.03,987720.0,109,1579,0,0,1.0,0.06457345971563981,0.1213132999443517
EasyEnsemble_with_zip,with_billing_zip,EasyEnsemble_original,enterprise_value,18000.0,120.0,0.6,0.04,987720.0,109,1579,0,0,1.0,0.06457345971563981,0.1213132999443517
EasyEnsemble_with_zip,with_billing_zip,EasyEnsemble_original,enterprise_value,18000.0,120.0,0.6,0.05,987720.0,109,1579,0,0,1.0,0.06457345971563981,0.1213132999443517
EasyEnsemble_with_zip,with_billing_zip,EasyEnsemble_original,enterprise_value,18000.0,120.0,0.6,0.06,987720.0,109,1579,0,0,1.0,0.06457345971563981,0.1213132999443517
EasyEnsemble_with_zip,with_billing_zip,EasyEnsemble_original,enterprise_value,18000.0,120.0,0.6,0.07,987720.0,109,1579,0,0,1.0,0.06457345971563981,0.1213132999443517
EasyEnsemble_with_zip,with_billing_zip,EasyEnsemble_original,enterprise_value,18000.0,120.0,0.6,0.08,987720.0,109,1579,0,0,1.0,0.06457345971563981,0.1213132999443517
EasyEnsemble_with_zip,with_billing_zip,EasyEnsemble_original,enterprise_value,18000.0,120.0,0.6,0.09,987720.0,109,1579,0,0,1.0,0.06457345971563981,0.1213132999443517
EasyEnsemble_with_zip,with_billing_zip,EasyEnsemble_original,enterprise_value,18000.0,120.0,0.6,0.1,987720.0,109,1579,0,0,1.0,0.06457345971563981,0.1213132999443517
EasyEnsemble_with_zip,with_billing_zip,EasyEnsemble_original,enterprise_value,18000.0,120.0,0.6,0.11,987720.0,109,1579,0,0,1.0,0.06457345971563981,0.1213132999443517
EasyEnsemble_with_zip,with_billing_zip,EasyEnsemble_original,enterprise_value,18000.0,120.0,0.6,0.12,987720.0,109,1579,0,0,1.0,0.06457345971563981,0.1213132999443517
EasyEnsemble_with_zip,with_billing_zip,EasyEnsemble_original,enterprise_value,18000.0,120.0,0.6,0.13,987720.0,109,1579,0,0,1.0,0.06457345971563981,0.1213132999443517
EasyEnsemble_with_zip,with_billing_zip,EasyEnsemble_original,enterprise_value,18000.0,120.0,0.6,0.14,987720.0,109,1579,0,0,1.0,0.06457345971563981,0.1213132999443517
EasyEnsemble_with_zip,with_billing_zip,EasyEnsemble_original,enterprise_value,18000.0,120.0,0.6,0.15,987720.0,109,1579,0,0,1.0,0.06457345971563981,0.1213132999443517
EasyEnsemble_with_zip,with_billing_zip,EasyEnsemble_original,enterprise_value,18000.0,120.0,0.6,0.16,987720.0,109,1579,0,0,1.0,0.06457345971563981,0.1213132999443517
EasyEnsemble_with_zip,with_billing_zip,EasyEnsemble_original,enterprise_value,18000.0,120.0,0.6,0.17,987720.0,109,1579,0,0,1.0,0.06457345971563981,0.1213132999443517
EasyEnsemble_with_zip,with_billing_zip,EasyEnsemble_original,enterprise_value,18000.0,120.0,0.6,0.18,987720.0,109,1579,0,0,1.0,0.06457345971563981,0.1213132999443517
EasyEnsemble_with_zip,with_billing_zip,EasyEnsemble_original,enterprise_value,18000.0,120.0,0.6,0.19,987720.0,109,1579,0,0,1.0,0.06457345971563981,0.1213132999443517
EasyEnsemble_with_zip,with_billing_zip,EasyEnsemble_original,enterprise_value,18000.0,120.0,0.6,0.2,987720.0,109,1579,0,0,1.0,0.06457345971563981,0.1213132999443517
EasyEnsemble_with_zip,with_billing_zip,EasyEnsemble_original,enterprise_value,18000.0,120.0,0.6,0.21,987720.0,109,1579,0,0,1.0,0.06457345971563981,0.1213132999443517
EasyEnsemble_with_zip,with_billing_zip,EasyEnsemble_original,enterprise_value,18000.0,120.0,0.6,0.22,987720.0,109,1579,0,0,1.0,0.06457345971563981,0.1213132999443517
EasyEnsemble_with_zip,with_billing_zip,EasyEnsemble_original,enterprise_value,18000.0,120.0,0.6,0.23,987720.0,109,1579,0,0,1.0,0.06457345971563981,0.1213132999443517
EasyEnsemble_with_zip,with_billing_zip,EasyEnsemble_original,enterprise_value,18000.0,120.0,0.6,0.24,987720.0,109,1579,0,0,1.0,0.06457345971563981,0.1213132999443517
EasyEnsemble_with_zip,with_billing_zip,EasyEnsemble_original,enterprise_value,18000.0,120.0,0.6,0.25,987720.0,109,1579,0,0,1.0,0.06457345971563981,0.1213132999443517
EasyEnsemble_with_zip,with_billing_zip,EasyEnsemble_original,enterprise_value,18000.0,120.0,0.6,0.26,987720.0,109,1579,0,0,1.0,0.06457345971563981,0.1213132999443517
EasyEnsemble_with_zip,with_billing_zip,EasyEnsemble_original,enterprise_value,18000.0,120.0,0.6,0.27,987720.0,109,1579,0,0,1.0,0.06457345971563981,0.1213132999443517
EasyEnsemble_with_zip,with_billing_zip,EasyEnsemble_original,enterprise_value,18000.0,120.0,0.6,0.28,987720.0,109,1579,0,0,1.0,0.06457345971563981,0.1213132999443517
EasyEnsemble_with_zip,with_billing_zip,EasyEnsemble_original,enterprise_value,18000.0,120.0,0.6,0.29,987720.0,109,1579,0,0,1.0,0.06457345971563981,0.1213132999443517
EasyEnsemble_with_zip,with_billing_zip,EasyEnsemble_original,enterprise_value,18000.0,120.0,0.6,0.3,987720.0,109,1579,0,0,1.0,0.06457345971563981,0.1213132999443517
EasyEnsemble_with_zip,with_billing_zip,EasyEnsemble_original,enterprise_value,18000.0,120.0,0.6,0.31,987720.0,109,1579,0,0,1.0,0.06457345971563981,0.1213132999443517
EasyEnsemble_with_zip,with_billing_zip,EasyEnsemble_original,enterprise_value,18000.0,120.0,0.6,0.32,987960.0,109,1577,0,2,1.0,0.06465005931198102,0.12144846796657381
EasyEnsemble_with_zip,with_billing_zip,EasyEnsemble_original,enterprise_value,18000.0,120.0,0.6,0.33,988560.0,109,1572,0,7,1.0,0.06484235574063058,0.1217877094972067
EasyEnsemble_with_zip,with_billing_zip,EasyEnsemble_original,enterprise_value,18000.0,120.0,0.6,0.34,978120.0,108,1569,1,10,0.9908256880733946,0.06440071556350627,0.12094064949608063
EasyEnsemble_with_zip,with_billing_zip,EasyEnsemble_original,enterprise_value,18000.0,120.0,0.6,0.35,978360.0,108,1567,1,12,0.9908256880733946,0.06447761194029851,0.1210762331838565
EasyEnsemble_with_zip,with_billing_zip,EasyEnsemble_original,enterprise_value,18000.0,120.0,0.6,0.36,967920.0,107,1564,2,15,0.981651376146789,0.06403351286654697,0.12022471910112359
EasyEnsemble_with_zip,with_billing_zip,EasyEnsemble_original,enterprise_value,18000.0,120.0,0.6,0.37,967920.0,107,1564,2,15,0.981651376146789,0.06403351286654697,0.12022471910112359
EasyEnsemble_with_zip,with_billing_zip,EasyEnsemble_original,enterprise_value,18000.0,120.0,0.6,0.38,968400.0,107,1560,2,19,0.981651376146789,0.06418716256748651,0.1204954954954955
EasyEnsemble_with_zip,with_billing_zip,EasyEnsemble_original,enterprise_value,18000.0,120.0,0.6,0.39,948960.0,105,1542,4,37,0.963302752293578,0.06375227686703097,0.11958997722095673
EasyEnsemble_with_zip,with_billing_zip,EasyEnsemble_original,enterprise_value,18000.0,120.0,0.6,0.4,934560.0,103,1482,6,97,0.944954128440367,0.06498422712933755,0.12160566706021252
EasyEnsemble_with_zip,with_billing_zip,EasyEnsemble_original,enterprise_value,18000.0,120.0,0.6,0.41,912120.0,100,1399,9,180,0.9174311926605505,0.066711140760507,0.12437810945273632
EasyEnsemble_with_zip,with_billing_zip,EasyEnsemble_original,enterprise_value,18000.0,120.0,0.6,0.42,860640.0,94,1288,15,291,0.8623853211009175,0.06801736613603473,0.12608987256874582
EasyEnsemble_with_zip,with_billing_zip,EasyEnsemble_original,enterprise_value,18000.0,120.0,0.6,0.43,827160.0,90,1207,19,372,0.8256880733944955,0.06939090208172706,0.12802275960170698
EasyEnsemble_with_zip,with_billing_zip,EasyEnsemble_original,enterprise_value,18000.0,120.0,0.6,0.44,824280.0,89,1141,20,438,0.8165137614678899,0.07235772357723577,0.13293502613890965
EasyEnsemble_with_zip,with_billing_zip,EasyEnsemble_original,enterprise_value,18000.0,120.0,0.6,0.45,788280.0,85,1081,24,498,0.7798165137614679,0.07289879931389365,0.13333333333333333
EasyEnsemble_with_zip,with_billing_zip,EasyEnsemble_original,enterprise_value,18000.0,120.0,0.6,0.46,771840.0,83,1038,26,541,0.7614678899082569,0.07404103479036575,0.13495934959349593
EasyEnsemble_with_zip,with_billing_zip,EasyEnsemble_original,enterprise_value,18000.0,120.0,0.6,0.47,712440.0,77,993,32,586,0.7064220183486238,0.07196261682242991,0.13061916878710772
EasyEnsemble_with_zip,with_billing_zip,EasyEnsemble_original,enterprise_value,18000.0,120.0,0.6,0.48,664320.0,72,944,37,635,0.6605504587155964,0.07086614173228346,0.128
EasyEnsemble_with_zip,with_billing_zip,EasyEnsemble_original,enterprise_value,18000.0,120.0,0.6,0.49,629040.0,68,878,41,701,0.6238532110091743,0.07188160676532769,0.12890995260663507
EasyEnsemble_with_zip,with_billing_zip,EasyEnsemble_original,enterprise_value,18000.0,120.0,0.6,0.5,592320.0,64,824,45,755,0.5871559633027523,0.07207207207207207,0.1283851554663992
EasyEnsemble_with_zip,with_billing_zip,EasyEnsemble_original,enterprise_value,18000.0,120.0,0.6,0.51,525000.0,57,755,52,824,0.5229357798165137,0.07019704433497537,0.1237785016286645
EasyEnsemble_with_zip,with_billing_zip,EasyEnsemble_original,enterprise_value,18000.0,120.0,0.6,0.52,502440.0,54,673,55,906,0.4954128440366973,0.07427785419532325,0.1291866028708134
EasyEnsemble_with_zip,with_billing_zip,EasyEnsemble_original,enterprise_value,18000.0,120.0,0.6,0.53,467640.0,50,603,59,976,0.45871559633027525,0.07656967840735068,0.13123359580052493
EasyEnsemble_with_zip,with_billing_zip,EasyEnsemble_original,enterprise_value,18000.0,120.0,0.6,0.54,469200.0,49,500,60,1079,0.44954128440366975,0.08925318761384335,0.14893617021276595
EasyEnsemble_with_zip,with_billing_zip,EasyEnsemble_original,enterprise_value,18000.0,120.0,0.6,0.55,406680.0,42,391,67,1188,0.3853211009174312,0.09699769053117784,0.15498154981549817
EasyEnsemble_with_zip,with_billing_zip,EasyEnsemble_original,enterprise_value,18000.0,120.0,0.6,0.56,296520.0,31,319,78,1260,0.28440366972477066,0.08857142857142856,0.13507625272331156
EasyEnsemble_with_zip,with_billing_zip,EasyEnsemble_original,enterprise_value,18000.0,120.0,0.6,0.57,228360.0,24,257,85,1322,0.22018348623853212,0.08540925266903915,0.12307692307692308
EasyEnsemble_with_zip,with_billing_zip,EasyEnsemble_original,enterprise_value,18000.0,120.0,0.6,0.58,140040.0,15,183,94,1396,0.13761467889908258,0.07575757575757576,0.09771986970684039
EasyEnsemble_with_zip,with_billing_zip,EasyEnsemble_original,enterprise_value,18000.0,120.0,0.6,0.59,113640.0,12,133,97,1446,0.11009174311926606,0.08275862068965517,0.09448818897637795
EasyEnsemble_with_zip,with_billing_zip,EasyEnsemble_original,enterprise_value,18000.0,120.0,0.6,0.6,107640.0,11,93,98,1486,0.10091743119266056,0.10576923076923077,0.10328638497652583
EasyEnsemble_with_zip,with_billing_zip,EasyEnsemble_original,enterprise_value,18000.0,120.0,0.6,0.61,100680.0,10,61,99,1518,0.09174311926605505,0.14084507042253522,0.1111111111111111
EasyEnsemble_with_zip,with_billing_zip,EasyEnsemble_original,enterprise_value,18000.0,120.0,0.6,0.62,70200.0,7,45,102,1534,0.06422018348623854,0.1346153846153846,0.08695652173913043
EasyEnsemble_with_zip,with_billing_zip,EasyEnsemble_original,enterprise_value,18000.0,120.0,0.6,0.63,50640.0,5,28,104,1551,0.045871559633027525,0.15151515151515152,0.07042253521126761
EasyEnsemble_with_zip,with_billing_zip,EasyEnsemble_original,enterprise_value,18000.0,120.0,0.6,0.64,30600.0,3,15,106,1564,0.027522935779816515,0.16666666666666666,0.047244094488188976
EasyEnsemble_with_zip,with_billing_zip,EasyEnsemble_original,enterprise_value,18000.0,120.0,0.6,0.65,20400.0,2,10,107,1569,0.01834862385321101,0.16666666666666666,0.03305785123966942
EasyEnsemble_with_zip,with_billing_zip,EasyEnsemble_original,enterprise_value,18000.0,120.0,0.6,0.66,-840.0,0,7,109,1572,0.0,0.0,0.0
EasyEnsemble_with_zip,with_billing_zip,EasyEnsemble_original,enterprise_value,18000.0,120.0,0.6,0.67,-240.0,0,2,109,1577,0.0,0.0,0.0
EasyEnsemble_with_zip,with_billing_zip,EasyEnsemble_original,enterprise_value,18000.0,120.0,0.6,0.68,-240.0,0,2,109,1577,0.0,0.0,0.0
EasyEnsemble_with_zip,with_billing_zip,EasyEnsemble_original,enterprise_value,18000.0,120.0,0.6,0.69,-120.0,0,1,109,1578,0.0,0.0,0.0
EasyEnsemble_with_zip,with_billing_zip,EasyEnsemble_original,enterprise_value,18000.0,120.0,0.6,0.7,0.0,0,0,109,1579,0.0,0.0,0.0
EasyEnsemble_with_zip,with_billing_zip,EasyEnsemble_original,enterprise_value,18000.0,120.0,0.6,0.71,0.0,0,0,109,1579,0.0,0.0,0.0
EasyEnsemble_with_zip,with_billing_zip,EasyEnsemble_original,enterprise_value,18000.0,120.0,0.6,0.72,0.0,0,0,109,1579,0.0,0.0,0.0
EasyEnsemble_with_zip,with_billing_zip,EasyEnsemble_original,enterprise_value,18000.0,120.0,0.6,0.73,0.0,0,0,109,1579,0.0,0.0,0.0
EasyEnsemble_with_zip,with_billing_zip,EasyEnsemble_original,enterprise_value,18000.0,120.0,0.6,0.74,0.0,0,0,109,1579,0.0,0.0,0.0
EasyEnsemble_with_zip,with_billing_zip,EasyEnsemble_original,enterprise_value,18000.0,120.0,0.6,0.75,0.0,0,0,109,1579,0.0,0.0,0.0
EasyEnsemble_with_zip,with_billing_zip,EasyEnsemble_original,enterprise_value,18000.0,120.0,0.6,0.76,0.0,0,0,109,1579,0.0,0.0,0.0
EasyEnsemble_with_zip,with_billing_zip,EasyEnsemble_original,enterprise_value,18000.0,120.0,0.6,0.77,0.0,0,0,109,1579,0.0,0.0,0.0
EasyEnsemble_with_zip,with_billing_zip,EasyEnsemble_original,enterprise_value,18000.0,120.0,0.6,0.78,0.0,0,0,109,1579,0.0,0.0,0.0
EasyEnsemble_with_zip,with_billing_zip,EasyEnsemble_original,enterprise_value,18000.0,120.0,0.6,0.79,0.0,0,0,109,1579,0.0,0.0,0.0
EasyEnsemble_with_zip,with_billing_zip,EasyEnsemble_original,enterprise_value,18000.0,120.0,0.6,0.8,0.0,0,0,109,1579,0.0,0.0,0.0
EasyEnsemble_with_zip,with_billing_zip,EasyEnsemble_original,enterprise_value,18000.0,120.0,0.6,0.81,0.0,0,0,109,1579,0.0,0.0,0.0
EasyEnsemble_with_zip,with_billing_zip,EasyEnsemble_original,enterprise_value,18000.0,120.0,0.6,0.82,0.0,0,0,109,1579,0.0,0.0,0.0
EasyEnsemble_with_zip,with_billing_zip,EasyEnsemble_original,enterprise_value,18000.0,120.0,0.6,0.83,0.0,0,0,109,1579,0.0,0.0,0.0
EasyEnsemble_with_zip,with_billing_zip,EasyEnsemble_original,enterprise_value,18000.0,120.0,0.6,0.84,0.0,0,0,109,1579,0.0,0.0,0.0
EasyEnsemble_with_zip,with_billing_zip,EasyEnsemble_original,enterprise_value,18000.0,120.0,0.6,0.85,0.0,0,0,109,1579,0.0,0.0,0.0
EasyEnsemble_with_zip,with_billing_zip,EasyEnsemble_original,enterprise_value,18000.0,120.0,0.6,0.86,0.0,0,0,109,1579,0.0,0.0,0.0
EasyEnsemble_with_zip,with_billing_zip,EasyEnsemble_original,enterprise_value,18000.0,120.0,0.6,0.87,0.0,0,0,109,1579,0.0,0.0,0.0
EasyEnsemble_with_zip,with_billing_zip,EasyEnsemble_original,enterprise_value,18000.0,120.0,0.6,0.88,0.0,0,0,109,1579,0.0,0.0,0.0
EasyEnsemble_with_zip,with_billing_zip,EasyEnsemble_original,enterprise_value,18000.0,120.0,0.6,0.89,0.0,0,0,109,1579,0.0,0.0,0.0
EasyEnsemble_with_zip,with_billing_zip,EasyEnsemble_original,enterprise_value,18000.0,120.0,0.6,0.9,0.0,0,0,109,1579,0.0,0.0,0.0
EasyEnsemble_with_zip,with_billing_zip,EasyEnsemble_original,enterprise_value,18000.0,120.0,0.6,0.91,0.0,0,0,109,1579,0.0,0.0,0.0
EasyEnsemble_with_zip,with_billing_zip,EasyEnsemble_original,enterprise_value,18000.0,120.0,0.6,0.92,0.0,0,0,109,1579,0.0,0.0,0.0
EasyEnsemble_with_zip,with_billing_zip,EasyEnsemble_original,enterprise_value,18000.0,120.0,0.6,0.93,0.0,0,0,109,1579,0.0,0.0,0.0
EasyEnsemble_with_zip,with_billing_zip,EasyEnsemble_original,enterprise_value,18000.0,120.0,0.6,0.94,0.0,0,0,109,1579,0.0,0.0,0.0
EasyEnsemble_with_zip,with_billing_zip,EasyEnsemble_original,enterprise_value,18000.0,120.0,0.6,0.95,0.0,0,0,109,1579,0.0,0.0,0.0
EasyEnsemble_with_zip,with_billing_zip,EasyEnsemble_original,enterprise_value,18000.0,120.0,0.6,0.96,0.0,0,0,109,1579,0.0,0.0,0.0
EasyEnsemble_with_zip,with_billing_zip,EasyEnsemble_original,enterprise_value,18000.0,120.0,0.6,0.97,0.0,0,0,109,1579,0.0,0.0,0.0
EasyEnsemble_with_zip,with_billing_zip,EasyEnsemble_original,enterprise_value,18000.0,120.0,0.6,0.98,0.0,0,0,109,1579,0.0,0.0,0.0
EasyEnsemble_with_zip,with_billing_zip,EasyEnsemble_original,enterprise_value,18000.0,120.0,0.6,0.99,0.0,0,0,109,1579,0.0,0.0,0.0
CatBoost_native_with_zip,with_billing_zip,CatBoost_native_categorical,optimistic_low_campaign_cost,5400.0,30.0,0.6,0.01,305790.0,109,1579,0,0,1.0,0.06457345971563981,0.1213132999443517
CatBoost_native_with_zip,with_billing_zip,CatBoost_native_categorical,optimistic_low_campaign_cost,5400.0,30.0,0.6,0.02,305850.0,109,1577,0,2,1.0,0.06465005931198102,0.12144846796657381
CatBoost_native_with_zip,with_billing_zip,CatBoost_native_categorical,optimistic_low_campaign_cost,5400.0,30.0,0.6,0.03,305940.0,109,1574,0,5,1.0,0.0647653000594177,0.12165178571428571
CatBoost_native_with_zip,with_billing_zip,CatBoost_native_categorical,optimistic_low_campaign_cost,5400.0,30.0,0.6,0.04,305970.0,109,1573,0,6,1.0,0.06480380499405469,0.12171970965940815
CatBoost_native_with_zip,with_billing_zip,CatBoost_native_categorical,optimistic_low_campaign_cost,5400.0,30.0,0.6,0.05,306000.0,109,1572,0,7,1.0,0.06484235574063058,0.1217877094972067
CatBoost_native_with_zip,with_billing_zip,CatBoost_native_categorical,optimistic_low_campaign_cost,5400.0,30.0,0.6,0.06,306090.0,109,1569,0,10,1.0,0.06495828367103695,0.12199216564073867
CatBoost_native_with_zip,with_billing_zip,CatBoost_native_categorical,optimistic_low_campaign_cost,5400.0,30.0,0.6,0.07,306180.0,109,1566,0,13,1.0,0.06507462686567164,0.12219730941704036
CatBoost_native_with_zip,with_billing_zip,CatBoost_native_categorical,optimistic_low_campaign_cost,5400.0,30.0,0.6,0.08,306390.0,109,1559,0,20,1.0,0.06534772182254196,0.12267867191896455
CatBoost_native_with_zip,with_billing_zip,CatBoost_native_categorical,optimistic_low_campaign_cost,5400.0,30.0,0.6,0.09,300060.0,107,1554,2,25,0.981651376146789,0.06441902468392535,0.12090395480225989
CatBoost_native_with_zip,with_billing_zip,CatBoost_native_categorical,optimistic_low_campaign_cost,5400.0,30.0,0.6,0.1,300360.0,107,1544,2,35,0.981651376146789,0.06480920654149,0.1215909090909091
CatBoost_native_with_zip,with_billing_zip,CatBoost_native_categorical,optimistic_low_campaign_cost,5400.0,30.0,0.6,0.11,300420.0,107,1542,2,37,0.981651376146789,0.06488781079442087,0.1217292377701934
CatBoost_native_with_zip,with_billing_zip,CatBoost_native_categorical,optimistic_low_campaign_cost,5400.0,30.0,0.6,0.12,300450.0,107,1541,2,38,0.981651376146789,0.06492718446601942,0.1217985202048947
CatBoost_native_with_zip,with_billing_zip,CatBoost_native_categorical,optimistic_low_campaign_cost,5400.0,30.0,0.6,0.13,300510.0,107,1539,2,40,0.981651376146789,0.06500607533414338,0.12193732193732194
CatBoost_native_with_zip,with_billing_zip,CatBoost_native_categorical,optimistic_low_campaign_cost,5400.0,30.0,0.6,0.14,300660.0,107,1534,2,45,0.981651376146789,0.06520414381474711,0.12228571428571429
CatBoost_native_with_zip,with_billing_zip,CatBoost_native_categorical,optimistic_low_campaign_cost,5400.0,30.0,0.6,0.15,294360.0,105,1528,4,51,0.963302752293578,0.06429883649724434,0.12055109070034443
CatBoost_native_with_zip,with_billing_zip,CatBoost_native_categorical,optimistic_low_campaign_cost,5400.0,30.0,0.6,0.16,294540.0,105,1522,4,57,0.963302752293578,0.0645359557467732,0.12096774193548387
CatBoost_native_with_zip,with_billing_zip,CatBoost_native_categorical,optimistic_low_campaign_cost,5400.0,30.0,0.6,0.17,291540.0,104,1514,5,65,0.9541284403669725,0.06427688504326329,0.12044006948465547
CatBoost_native_with_zip,with_billing_zip,CatBoost_native_categorical,optimistic_low_campaign_cost,5400.0,30.0,0.6,0.18,285450.0,102,1501,7,78,0.9357798165137615,0.06363069245165315,0.1191588785046729
CatBoost_native_with_zip,with_billing_zip,CatBoost_native_categorical,optimistic_low_campaign_cost,5400.0,30.0,0.6,0.19,285690.0,102,1493,7,86,0.9357798165137615,0.06394984326018809,0.11971830985915492
CatBoost_native_with_zip,with_billing_zip,CatBoost_native_categorical,optimistic_low_campaign_cost,5400.0,30.0,0.6,0.2,282660.0,101,1486,8,93,0.926605504587156,0.06364209199747953,0.11910377358490566
CatBoost_native_with_zip,with_billing_zip,CatBoost_native_categorical,optimistic_low_campaign_cost,5400.0,30.0,0.6,0.21,283050.0,101,1473,8,106,0.926605504587156,0.06416772554002541,0.12002376708259062
CatBoost_native_with_zip,with_billing_zip,CatBoost_native_categorical,optimistic_low_campaign_cost,5400.0,30.0,0.6,0.22,276960.0,99,1460,10,119,0.908256880733945,0.06350224502886466,0.11870503597122302
CatBoost_native_with_zip,with_billing_zip,CatBoost_native_categorical,optimistic_low_campaign_cost,5400.0,30.0,0.6,0.23,274140.0,98,1446,11,133,0.8990825688073395,0.06347150259067358,0.11857229280096794
CatBoost_native_with_zip,with_billing_zip,CatBoost_native_categorical,optimistic_low_campaign_cost,5400.0,30.0,0.6,0.24,271230.0,97,1435,12,144,0.8899082568807339,0.06331592689295039,0.1182205971968312
CatBoost_native_with_zip,with_billing_zip,CatBoost_native_categorical,optimistic_low_campaign_cost,5400.0,30.0,0.6,0.25,265380.0,95,1414,14,165,0.8715596330275229,0.06295559973492379,0.11742892459826947
CatBoost_native_with_zip,with_billing_zip,CatBoost_native_categorical,optimistic_low_campaign_cost,5400.0,30.0,0.6,0.26,262680.0,94,1396,15,183,0.8623853211009175,0.06308724832214765,0.11757348342714197
CatBoost_native_with_zip,with_billing_zip,CatBoost_native_categorical,optimistic_low_campaign_cost,5400.0,30.0,0.6,0.27,256680.0,92,1380,17,199,0.8440366972477065,0.0625,0.116382036685642
CatBoost_native_with_zip,with_billing_zip,CatBoost_native_categorical,optimistic_low_campaign_cost,5400.0,30.0,0.6,0.28,257130.0,92,1365,17,214,0.8440366972477065,0.06314344543582705,0.11749680715197956
CatBoost_native_with_zip,with_billing_zip,CatBoost_native_categorical,optimistic_low_campaign_cost,5400.0,30.0,0.6,0.29,257430.0,92,1355,17,224,0.8440366972477065,0.0635798203178991,0.11825192802056556
CatBoost_native_with_zip,with_billing_zip,CatBoost_native_categorical,optimistic_low_campaign_cost,5400.0,30.0,0.6,0.3,254670.0,91,1339,18,240,0.8348623853211009,0.06363636363636363,0.11825860948667966
CatBoost_native_with_zip,with_billing_zip,CatBoost_native_categorical,optimistic_low_campaign_cost,5400.0,30.0,0.6,0.31,255570.0,91,1309,18,270,0.8348623853211009,0.065,0.12060967528164347
CatBoost_native_with_zip,with_billing_zip,CatBoost_native_categorical,optimistic_low_campaign_cost,5400.0,30.0,0.6,0.32,256350.0,91,1283,18,296,0.8348623853211009,0.06622998544395925,0.1227242076871207
CatBoost_native_with_zip,with_billing_zip,CatBoost_native_categorical,optimistic_low_campaign_cost,5400.0,30.0,0.6,0.33,257070.0,91,1259,18,320,0.8348623853211009,0.0674074074074074,0.1247429746401645
CatBoost_native_with_zip,with_billing_zip,CatBoost_native_categorical,optimistic_low_campaign_cost,5400.0,30.0,0.6,0.34,258090.0,91,1225,18,354,0.8348623853211009,0.06914893617021277,0.12771929824561404
CatBoost_native_with_zip,with_billing_zip,CatBoost_native_categorical,optimistic_low_campaign_cost,5400.0,30.0,0.6,0.35,259170.0,91,1189,18,390,0.8348623853211009,0.07109375,0.13102951763858892
CatBoost_native_with_zip,with_billing_zip,CatBoost_native_categorical,optimistic_low_campaign_cost,5400.0,30.0,0.6,0.36,260250.0,91,1153,18,426,0.8348623853211009,0.07315112540192927,0.1345158906134516
CatBoost_native_with_zip,with_billing_zip,CatBoost_native_categorical,optimistic_low_campaign_cost,5400.0,30.0,0.6,0.37,251730.0,88,1113,21,466,0.8073394495412844,0.07327227310574522,0.13435114503816795
CatBoost_native_with_zip,with_billing_zip,CatBoost_native_categorical,optimistic_low_campaign_cost,5400.0,30.0,0.6,0.38,240180.0,84,1066,25,513,0.7706422018348624,0.07304347826086957,0.13343923749007147
CatBoost_native_with_zip,with_billing_zip,CatBoost_native_categorical,optimistic_low_campaign_cost,5400.0,30.0,0.6,0.39,231690.0,81,1025,28,554,0.7431192660550459,0.07323688969258589,0.13333333333333333
CatBoost_native_with_zip,with_billing_zip,CatBoost_native_categorical,optimistic_low_campaign_cost,5400.0,30.0,0.6,0.4,219960.0,77,984,32,595,0.7064220183486238,0.07257304429783223,0.13162393162393163
CatBoost_native_with_zip,with_billing_zip,CatBoost_native_categorical,optimistic_low_campaign_cost,5400.0,30.0,0.6,0.41,214500.0,75,950,34,629,0.6880733944954128,0.07317073170731707,0.13227513227513227
CatBoost_native_with_zip,with_billing_zip,CatBoost_native_categorical,optimistic_low_campaign_cost,5400.0,30.0,0.6,0.42,209040.0,73,916,36,663,0.6697247706422018,0.07381193124368049,0.13296903460837886
CatBoost_native_with_zip,with_billing_zip,CatBoost_native_categorical,optimistic_low_campaign_cost,5400.0,30.0,0.6,0.43,200460.0,70,878,39,701,0.6422018348623854,0.07383966244725738,0.13245033112582782
CatBoost_native_with_zip,with_billing_zip,CatBoost_native_categorical,optimistic_low_campaign_cost,5400.0,30.0,0.6,0.44,191910.0,67,839,42,740,0.6146788990825688,0.0739514348785872,0.13201970443349753
CatBoost_native_with_zip,with_billing_zip,CatBoost_native_categorical,optimistic_low_campaign_cost,5400.0,30.0,0.6,0.45,186840.0,65,792,44,787,0.5963302752293578,0.07584597432905485,0.13457556935817805
CatBoost_native_with_zip,with_billing_zip,CatBoost_native_categorical,optimistic_low_campaign_cost,5400.0,30.0,0.6,0.46,181890.0,63,741,46,838,0.5779816513761468,0.07835820895522388,0.1380065717415115
CatBoost_native_with_zip,with_billing_zip,CatBoost_native_categorical,optimistic_low_campaign_cost,5400.0,30.0,0.6,0.47,167220.0,58,690,51,889,0.5321100917431193,0.07754010695187166,0.1353558926487748
CatBoost_native_with_zip,with_billing_zip,CatBoost_native_categorical,optimistic_low_campaign_cost,5400.0,30.0,0.6,0.48,165030.0,57,655,52,924,0.5229357798165137,0.0800561797752809,0.13885505481120586
CatBoost_native_with_zip,with_billing_zip,CatBoost_native_categorical,optimistic_low_campaign_cost,5400.0,30.0,0.6,0.49,150150.0,52,611,57,968,0.47706422018348627,0.0784313725490196,0.13471502590673576
CatBoost_native_with_zip,with_billing_zip,CatBoost_native_categorical,optimistic_low_campaign_cost,5400.0,30.0,0.6,0.5,135810.0,47,549,62,1030,0.43119266055045874,0.07885906040268456,0.13333333333333333
CatBoost_native_with_zip,with_billing_zip,CatBoost_native_categorical,optimistic_low_campaign_cost,5400.0,30.0,0.6,0.51,124080.0,43,508,66,1071,0.3944954128440367,0.0780399274047187,0.1303030303030303
CatBoost_native_with_zip,with_billing_zip,CatBoost_native_categorical,optimistic_low_campaign_cost,5400.0,30.0,0.6,0.52,119190.0,41,455,68,1124,0.3761467889908257,0.08266129032258064,0.13553719008264462
CatBoost_native_with_zip,with_billing_zip,CatBoost_native_categorical,optimistic_low_campaign_cost,5400.0,30.0,0.6,0.53,94710.0,33,407,76,1172,0.30275229357798167,0.075,0.12021857923497267
CatBoost_native_with_zip,with_billing_zip,CatBoost_native_categorical,optimistic_low_campaign_cost,5400.0,30.0,0.6,0.54,80550.0,28,339,81,1240,0.25688073394495414,0.07629427792915532,0.11764705882352941
CatBoost_native_with_zip,with_billing_zip,CatBoost_native_categorical,optimistic_low_campaign_cost,5400.0,30.0,0.6,0.55,68640.0,24,304,85,1275,0.22018348623853212,0.07317073170731707,0.10983981693363844
CatBoost_native_with_zip,with_billing_zip,CatBoost_native_categorical,optimistic_low_campaign_cost,5400.0,30.0,0.6,0.56,60390.0,21,255,88,1324,0.1926605504587156,0.07608695652173914,0.10909090909090909
CatBoost_native_with_zip,with_billing_zip,CatBoost_native_categorical,optimistic_low_campaign_cost,5400.0,30.0,0.6,0.57,48540.0,17,218,92,1361,0.1559633027522936,0.07234042553191489,0.09883720930232558
CatBoost_native_with_zip,with_billing_zip,CatBoost_native_categorical,optimistic_low_campaign_cost,5400.0,30.0,0.6,0.58,46230.0,16,187,93,1392,0.14678899082568808,0.07881773399014778,0.10256410256410256
CatBoost_native_with_zip,with_billing_zip,CatBoost_native_categorical,optimistic_low_campaign_cost,5400.0,30.0,0.6,0.59,44130.0,15,149,94,1430,0.13761467889908258,0.09146341463414634,0.10989010989010989
CatBoost_native_with_zip,with_billing_zip,CatBoost_native_categorical,optimistic_low_campaign_cost,5400.0,30.0,0.6,0.6,35400.0,12,116,97,1463,0.11009174311926606,0.09375,0.10126582278481013
CatBoost_native_with_zip,with_billing_zip,CatBoost_native_categorical,optimistic_low_campaign_cost,5400.0,30.0,0.6,0.61,29220.0,10,106,99,1473,0.09174311926605505,0.08620689655172414,0.08888888888888889
CatBoost_native_with_zip,with_billing_zip,CatBoost_native_categorical,optimistic_low_campaign_cost,5400.0,30.0,0.6,0.62,26580.0,9,86,100,1493,0.08256880733944955,0.09473684210526316,0.08823529411764706
CatBoost_native_with_zip,with_billing_zip,CatBoost_native_categorical,optimistic_low_campaign_cost,5400.0,30.0,0.6,0.63,14190.0,5,67,104,1512,0.045871559633027525,0.06944444444444445,0.055248618784530384
CatBoost_native_with_zip,with_billing_zip,CatBoost_native_categorical,optimistic_low_campaign_cost,5400.0,30.0,0.6,0.64,11220.0,4,58,105,1521,0.03669724770642202,0.06451612903225806,0.04678362573099415
CatBoost_native_with_zip,with_billing_zip,CatBoost_native_categorical,optimistic_low_campaign_cost,5400.0,30.0,0.6,0.65,11640.0,4,44,105,1535,0.03669724770642202,0.08333333333333333,0.050955414012738856
CatBoost_native_with_zip,with_billing_zip,CatBoost_native_categorical,optimistic_low_campaign_cost,5400.0,30.0,0.6,0.66,8790.0,3,31,106,1548,0.027522935779816515,0.08823529411764706,0.04195804195804196
CatBoost_native_with_zip,with_billing_zip,CatBoost_native_categorical,optimistic_low_campaign_cost,5400.0,30.0,0.6,0.67,8970.0,3,25,106,1554,0.027522935779816515,0.10714285714285714,0.043795620437956206
CatBoost_native_with_zip,with_billing_zip,CatBoost_native_categorical,optimistic_low_campaign_cost,5400.0,30.0,0.6,0.68,5880.0,2,20,107,1559,0.01834862385321101,0.09090909090909091,0.030534351145038167
CatBoost_native_with_zip,with_billing_zip,CatBoost_native_categorical,optimistic_low_campaign_cost,5400.0,30.0,0.6,0.69,2790.0,1,15,108,1564,0.009174311926605505,0.0625,0.016
CatBoost_native_with_zip,with_billing_zip,CatBoost_native_categorical,optimistic_low_campaign_cost,5400.0,30.0,0.6,0.7,2970.0,1,9,108,1570,0.009174311926605505,0.1,0.01680672268907563
CatBoost_native_with_zip,with_billing_zip,CatBoost_native_categorical,optimistic_low_campaign_cost,5400.0,30.0,0.6,0.71,3000.0,1,8,108,1571,0.009174311926605505,0.1111111111111111,0.01694915254237288
CatBoost_native_with_zip,with_billing_zip,CatBoost_native_categorical,optimistic_low_campaign_cost,5400.0,30.0,0.6,0.72,3000.0,1,8,108,1571,0.009174311926605505,0.1111111111111111,0.01694915254237288
CatBoost_native_with_zip,with_billing_zip,CatBoost_native_categorical,optimistic_low_campaign_cost,5400.0,30.0,0.6,0.73,3000.0,1,8,108,1571,0.009174311926605505,0.1111111111111111,0.01694915254237288
CatBoost_native_with_zip,with_billing_zip,CatBoost_native_categorical,optimistic_low_campaign_cost,5400.0,30.0,0.6,0.74,3060.0,1,6,108,1573,0.009174311926605505,0.14285714285714285,0.017241379310344827
CatBoost_native_with_zip,with_billing_zip,CatBoost_native_categorical,optimistic_low_campaign_cost,5400.0,30.0,0.6,0.75,3120.0,1,4,108,1575,0.009174311926605505,0.2,0.017543859649122806
CatBoost_native_with_zip,with_billing_zip,CatBoost_native_categorical,optimistic_low_campaign_cost,5400.0,30.0,0.6,0.76,-60.0,0,2,109,1577,0.0,0.0,0.0
CatBoost_native_with_zip,with_billing_zip,CatBoost_native_categorical,optimistic_low_campaign_cost,5400.0,30.0,0.6,0.77,-30.0,0,1,109,1578,0.0,0.0,0.0
CatBoost_native_with_zip,with_billing_zip,CatBoost_native_categorical,optimistic_low_campaign_cost,5400.0,30.0,0.6,0.78,0.0,0,0,109,1579,0.0,0.0,0.0
CatBoost_native_with_zip,with_billing_zip,CatBoost_native_categorical,optimistic_low_campaign_cost,5400.0,30.0,0.6,0.79,0.0,0,0,109,1579,0.0,0.0,0.0
CatBoost_native_with_zip,with_billing_zip,CatBoost_native_categorical,optimistic_low_campaign_cost,5400.0,30.0,0.6,0.8,0.0,0,0,109,1579,0.0,0.0,0.0
CatBoost_native_with_zip,with_billing_zip,CatBoost_native_categorical,optimistic_low_campaign_cost,5400.0,30.0,0.6,0.81,0.0,0,0,109,1579,0.0,0.0,0.0
CatBoost_native_with_zip,with_billing_zip,CatBoost_native_categorical,optimistic_low_campaign_cost,5400.0,30.0,0.6,0.82,0.0,0,0,109,1579,0.0,0.0,0.0
CatBoost_native_with_zip,with_billing_zip,CatBoost_native_categorical,optimistic_low_campaign_cost,5400.0,30.0,0.6,0.83,0.0,0,0,109,1579,0.0,0.0,0.0
CatBoost_native_with_zip,with_billing_zip,CatBoost_native_categorical,optimistic_low_campaign_cost,5400.0,30.0,0.6,0.84,0.0,0,0,109,1579,0.0,0.0,0.0
CatBoost_native_with_zip,with_billing_zip,CatBoost_native_categorical,optimistic_low_campaign_cost,5400.0,30.0,0.6,0.85,0.0,0,0,109,1579,0.0,0.0,0.0
CatBoost_native_with_zip,with_billing_zip,CatBoost_native_categorical,optimistic_low_campaign_cost,5400.0,30.0,0.6,0.86,0.0,0,0,109,1579,0.0,0.0,0.0
CatBoost_native_with_zip,with_billing_zip,CatBoost_native_categorical,optimistic_low_campaign_cost,5400.0,30.0,0.6,0.87,0.0,0,0,109,1579,0.0,0.0,0.0
CatBoost_native_with_zip,with_billing_zip,CatBoost_native_categorical,optimistic_low_campaign_cost,5400.0,30.0,0.6,0.88,0.0,0,0,109,1579,0.0,0.0,0.0
CatBoost_native_with_zip,with_billing_zip,CatBoost_native_categorical,optimistic_low_campaign_cost,5400.0,30.0,0.6,0.89,0.0,0,0,109,1579,0.0,0.0,0.0
CatBoost_native_with_zip,with_billing_zip,CatBoost_native_categorical,optimistic_low_campaign_cost,5400.0,30.0,0.6,0.9,0.0,0,0,109,1579,0.0,0.0,0.0
CatBoost_native_with_zip,with_billing_zip,CatBoost_native_categorical,optimistic_low_campaign_cost,5400.0,30.0,0.6,0.91,0.0,0,0,109,1579,0.0,0.0,0.0
CatBoost_native_with_zip,with_billing_zip,CatBoost_native_categorical,optimistic_low_campaign_cost,5400.0,30.0,0.6,0.92,0.0,0,0,109,1579,0.0,0.0,0.0
CatBoost_native_with_zip,with_billing_zip,CatBoost_native_categorical,optimistic_low_campaign_cost,5400.0,30.0,0.6,0.93,0.0,0,0,109,1579,0.0,0.0,0.0
CatBoost_native_with_zip,with_billing_zip,CatBoost_native_categorical,optimistic_low_campaign_cost,5400.0,30.0,0.6,0.94,0.0,0,0,109,1579,0.0,0.0,0.0
CatBoost_native_with_zip,with_billing_zip,CatBoost_native_categorical,optimistic_low_campaign_cost,5400.0,30.0,0.6,0.95,0.0,0,0,109,1579,0.0,0.0,0.0
CatBoost_native_with_zip,with_billing_zip,CatBoost_native_categorical,optimistic_low_campaign_cost,5400.0,30.0,0.6,0.96,0.0,0,0,109,1579,0.0,0.0,0.0
CatBoost_native_with_zip,with_billing_zip,CatBoost_native_categorical,optimistic_low_campaign_cost,5400.0,30.0,0.6,0.97,0.0,0,0,109,1579,0.0,0.0,0.0
CatBoost_native_with_zip,with_billing_zip,CatBoost_native_categorical,optimistic_low_campaign_cost,5400.0,30.0,0.6,0.98,0.0,0,0,109,1579,0.0,0.0,0.0
CatBoost_native_with_zip,with_billing_zip,CatBoost_native_categorical,optimistic_low_campaign_cost,5400.0,30.0,0.6,0.99,0.0,0,0,109,1579,0.0,0.0,0.0
CatBoost_native_with_zip,with_billing_zip,CatBoost_native_categorical,paper_baseline,5400.0,120.0,0.6,0.01,163680.0,109,1579,0,0,1.0,0.06457345971563981,0.1213132999443517
CatBoost_native_with_zip,with_billing_zip,CatBoost_native_categorical,paper_baseline,5400.0,120.0,0.6,0.02,163920.0,109,1577,0,2,1.0,0.06465005931198102,0.12144846796657381
CatBoost_native_with_zip,with_billing_zip,CatBoost_native_categorical,paper_baseline,5400.0,120.0,0.6,0.03,164280.0,109,1574,0,5,1.0,0.0647653000594177,0.12165178571428571
CatBoost_native_with_zip,with_billing_zip,CatBoost_native_categorical,paper_baseline,5400.0,120.0,0.6,0.04,164400.0,109,1573,0,6,1.0,0.06480380499405469,0.12171970965940815
CatBoost_native_with_zip,with_billing_zip,CatBoost_native_categorical,paper_baseline,5400.0,120.0,0.6,0.05,164520.0,109,1572,0,7,1.0,0.06484235574063058,0.1217877094972067
CatBoost_native_with_zip,with_billing_zip,CatBoost_native_categorical,paper_baseline,5400.0,120.0,0.6,0.06,164880.0,109,1569,0,10,1.0,0.06495828367103695,0.12199216564073867
CatBoost_native_with_zip,with_billing_zip,CatBoost_native_categorical,paper_baseline,5400.0,120.0,0.6,0.07,165240.0,109,1566,0,13,1.0,0.06507462686567164,0.12219730941704036
CatBoost_native_with_zip,with_billing_zip,CatBoost_native_categorical,paper_baseline,5400.0,120.0,0.6,0.08,166080.0,109,1559,0,20,1.0,0.06534772182254196,0.12267867191896455
CatBoost_native_with_zip,with_billing_zip,CatBoost_native_categorical,paper_baseline,5400.0,120.0,0.6,0.09,160200.0,107,1554,2,25,0.981651376146789,0.06441902468392535,0.12090395480225989
CatBoost_native_with_zip,with_billing_zip,CatBoost_native_categorical,paper_baseline,5400.0,120.0,0.6,0.1,161400.0,107,1544,2,35,0.981651376146789,0.06480920654149,0.1215909090909091
CatBoost_native_with_zip,with_billing_zip,CatBoost_native_categorical,paper_baseline,5400.0,120.0,0.6,0.11,161640.0,107,1542,2,37,0.981651376146789,0.06488781079442087,0.1217292377701934
CatBoost_native_with_zip,with_billing_zip,CatBoost_native_categorical,paper_baseline,5400.0,120.0,0.6,0.12,161760.0,107,1541,2,38,0.981651376146789,0.06492718446601942,0.1217985202048947
CatBoost_native_with_zip,with_billing_zip,CatBoost_native_categorical,paper_baseline,5400.0,120.0,0.6,0.13,162000.0,107,1539,2,40,0.981651376146789,0.06500607533414338,0.12193732193732194
CatBoost_native_with_zip,with_billing_zip,CatBoost_native_categorical,paper_baseline,5400.0,120.0,0.6,0.14,162600.0,107,1534,2,45,0.981651376146789,0.06520414381474711,0.12228571428571429
CatBoost_native_with_zip,with_billing_zip,CatBoost_native_categorical,paper_baseline,5400.0,120.0,0.6,0.15,156840.0,105,1528,4,51,0.963302752293578,0.06429883649724434,0.12055109070034443
CatBoost_native_with_zip,with_billing_zip,CatBoost_native_categorical,paper_baseline,5400.0,120.0,0.6,0.16,157560.0,105,1522,4,57,0.963302752293578,0.0645359557467732,0.12096774193548387
CatBoost_native_with_zip,with_billing_zip,CatBoost_native_categorical,paper_baseline,5400.0,120.0,0.6,0.17,155280.0,104,1514,5,65,0.9541284403669725,0.06427688504326329,0.12044006948465547
CatBoost_native_with_zip,with_billing_zip,CatBoost_native_categorical,paper_baseline,5400.0,120.0,0.6,0.18,150360.0,102,1501,7,78,0.9357798165137615,0.06363069245165315,0.1191588785046729
CatBoost_native_with_zip,with_billing_zip,CatBoost_native_categorical,paper_baseline,5400.0,120.0,0.6,0.19,151320.0,102,1493,7,86,0.9357798165137615,0.06394984326018809,0.11971830985915492
CatBoost_native_with_zip,with_billing_zip,CatBoost_native_categorical,paper_baseline,5400.0,120.0,0.6,0.2,148920.0,101,1486,8,93,0.926605504587156,0.06364209199747953,0.11910377358490566
CatBoost_native_with_zip,with_billing_zip,CatBoost_native_categorical,paper_baseline,5400.0,120.0,0.6,0.21,150480.0,101,1473,8,106,0.926605504587156,0.06416772554002541,0.12002376708259062
CatBoost_native_with_zip,with_billing_zip,CatBoost_native_categorical,paper_baseline,5400.0,120.0,0.6,0.22,145560.0,99,1460,10,119,0.908256880733945,0.06350224502886466,0.11870503597122302
CatBoost_native_with_zip,with_billing_zip,CatBoost_native_categorical,paper_baseline,5400.0,120.0,0.6,0.23,144000.0,98,1446,11,133,0.8990825688073395,0.06347150259067358,0.11857229280096794
CatBoost_native_with_zip,with_billing_zip,CatBoost_native_categorical,paper_baseline,5400.0,120.0,0.6,0.24,142080.0,97,1435,12,144,0.8899082568807339,0.06331592689295039,0.1182205971968312
CatBoost_native_with_zip,with_billing_zip,CatBoost_native_categorical,paper_baseline,5400.0,120.0,0.6,0.25,138120.0,95,1414,14,165,0.8715596330275229,0.06295559973492379,0.11742892459826947
CatBoost_native_with_zip,with_billing_zip,CatBoost_native_categorical,paper_baseline,5400.0,120.0,0.6,0.26,137040.0,94,1396,15,183,0.8623853211009175,0.06308724832214765,0.11757348342714197
CatBoost_native_with_zip,with_billing_zip,CatBoost_native_categorical,paper_baseline,5400.0,120.0,0.6,0.27,132480.0,92,1380,17,199,0.8440366972477065,0.0625,0.116382036685642
CatBoost_native_with_zip,with_billing_zip,CatBoost_native_categorical,paper_baseline,5400.0,120.0,0.6,0.28,134280.0,92,1365,17,214,0.8440366972477065,0.06314344543582705,0.11749680715197956
CatBoost_native_with_zip,with_billing_zip,CatBoost_native_categorical,paper_baseline,5400.0,120.0,0.6,0.29,135480.0,92,1355,17,224,0.8440366972477065,0.0635798203178991,0.11825192802056556
CatBoost_native_with_zip,with_billing_zip,CatBoost_native_categorical,paper_baseline,5400.0,120.0,0.6,0.3,134160.0,91,1339,18,240,0.8348623853211009,0.06363636363636363,0.11825860948667966
CatBoost_native_with_zip,with_billing_zip,CatBoost_native_categorical,paper_baseline,5400.0,120.0,0.6,0.31,137760.0,91,1309,18,270,0.8348623853211009,0.065,0.12060967528164347
CatBoost_native_with_zip,with_billing_zip,CatBoost_native_categorical,paper_baseline,5400.0,120.0,0.6,0.32,140880.0,91,1283,18,296,0.8348623853211009,0.06622998544395925,0.1227242076871207
CatBoost_native_with_zip,with_billing_zip,CatBoost_native_categorical,paper_baseline,5400.0,120.0,0.6,0.33,143760.0,91,1259,18,320,0.8348623853211009,0.0674074074074074,0.1247429746401645
CatBoost_native_with_zip,with_billing_zip,CatBoost_native_categorical,paper_baseline,5400.0,120.0,0.6,0.34,147840.0,91,1225,18,354,0.8348623853211009,0.06914893617021277,0.12771929824561404
CatBoost_native_with_zip,with_billing_zip,CatBoost_native_categorical,paper_baseline,5400.0,120.0,0.6,0.35,152160.0,91,1189,18,390,0.8348623853211009,0.07109375,0.13102951763858892
CatBoost_native_with_zip,with_billing_zip,CatBoost_native_categorical,paper_baseline,5400.0,120.0,0.6,0.36,156480.0,91,1153,18,426,0.8348623853211009,0.07315112540192927,0.1345158906134516
CatBoost_native_with_zip,with_billing_zip,CatBoost_native_categorical,paper_baseline,5400.0,120.0,0.6,0.37,151560.0,88,1113,21,466,0.8073394495412844,0.07327227310574522,0.13435114503816795
CatBoost_native_with_zip,with_billing_zip,CatBoost_native_categorical,paper_baseline,5400.0,120.0,0.6,0.38,144240.0,84,1066,25,513,0.7706422018348624,0.07304347826086957,0.13343923749007147
CatBoost_native_with_zip,with_billing_zip,CatBoost_native_categorical,paper_baseline,5400.0,120.0,0.6,0.39,139440.0,81,1025,28,554,0.7431192660550459,0.07323688969258589,0.13333333333333333
CatBoost_native_with_zip,with_billing_zip,CatBoost_native_categorical,paper_baseline,5400.0,120.0,0.6,0.4,131400.0,77,984,32,595,0.7064220183486238,0.07257304429783223,0.13162393162393163
CatBoost_native_with_zip,with_billing_zip,CatBoost_native_categorical,paper_baseline,5400.0,120.0,0.6,0.41,129000.0,75,950,34,629,0.6880733944954128,0.07317073170731707,0.13227513227513227
CatBoost_native_with_zip,with_billing_zip,CatBoost_native_categorical,paper_baseline,5400.0,120.0,0.6,0.42,126600.0,73,916,36,663,0.6697247706422018,0.07381193124368049,0.13296903460837886
CatBoost_native_with_zip,with_billing_zip,CatBoost_native_categorical,paper_baseline,5400.0,120.0,0.6,0.43,121440.0,70,878,39,701,0.6422018348623854,0.07383966244725738,0.13245033112582782
CatBoost_native_with_zip,with_billing_zip,CatBoost_native_categorical,paper_baseline,5400.0,120.0,0.6,0.44,116400.0,67,839,42,740,0.6146788990825688,0.0739514348785872,0.13201970443349753
CatBoost_native_with_zip,with_billing_zip,CatBoost_native_categorical,paper_baseline,5400.0,120.0,0.6,0.45,115560.0,65,792,44,787,0.5963302752293578,0.07584597432905485,0.13457556935817805
CatBoost_native_with_zip,with_billing_zip,CatBoost_native_categorical,paper_baseline,5400.0,120.0,0.6,0.46,115200.0,63,741,46,838,0.5779816513761468,0.07835820895522388,0.1380065717415115
CatBoost_native_with_zip,with_billing_zip,CatBoost_native_categorical,paper_baseline,5400.0,120.0,0.6,0.47,105120.0,58,690,51,889,0.5321100917431193,0.07754010695187166,0.1353558926487748
CatBoost_native_with_zip,with_billing_zip,CatBoost_native_categorical,paper_baseline,5400.0,120.0,0.6,0.48,106080.0,57,655,52,924,0.5229357798165137,0.0800561797752809,0.13885505481120586
CatBoost_native_with_zip,with_billing_zip,CatBoost_native_categorical,paper_baseline,5400.0,120.0,0.6,0.49,95160.0,52,611,57,968,0.47706422018348627,0.0784313725490196,0.13471502590673576
CatBoost_native_with_zip,with_billing_zip,CatBoost_native_categorical,paper_baseline,5400.0,120.0,0.6,0.5,86400.0,47,549,62,1030,0.43119266055045874,0.07885906040268456,0.13333333333333333
CatBoost_native_with_zip,with_billing_zip,CatBoost_native_categorical,paper_baseline,5400.0,120.0,0.6,0.51,78360.0,43,508,66,1071,0.3944954128440367,0.0780399274047187,0.1303030303030303
CatBoost_native_with_zip,with_billing_zip,CatBoost_native_categorical,paper_baseline,5400.0,120.0,0.6,0.52,78240.0,41,455,68,1124,0.3761467889908257,0.08266129032258064,0.13553719008264462
CatBoost_native_with_zip,with_billing_zip,CatBoost_native_categorical,paper_baseline,5400.0,120.0,0.6,0.53,58080.0,33,407,76,1172,0.30275229357798167,0.075,0.12021857923497267
CatBoost_native_with_zip,with_billing_zip,CatBoost_native_categorical,paper_baseline,5400.0,120.0,0.6,0.54,50040.0,28,339,81,1240,0.25688073394495414,0.07629427792915532,0.11764705882352941
CatBoost_native_with_zip,with_billing_zip,CatBoost_native_categorical,paper_baseline,5400.0,120.0,0.6,0.55,41280.0,24,304,85,1275,0.22018348623853212,0.07317073170731707,0.10983981693363844
CatBoost_native_with_zip,with_billing_zip,CatBoost_native_categorical,paper_baseline,5400.0,120.0,0.6,0.56,37440.0,21,255,88,1324,0.1926605504587156,0.07608695652173914,0.10909090909090909
CatBoost_native_with_zip,with_billing_zip,CatBoost_native_categorical,paper_baseline,5400.0,120.0,0.6,0.57,28920.0,17,218,92,1361,0.1559633027522936,0.07234042553191489,0.09883720930232558
CatBoost_native_with_zip,with_billing_zip,CatBoost_native_categorical,paper_baseline,5400.0,120.0,0.6,0.58,29400.0,16,187,93,1392,0.14678899082568808,0.07881773399014778,0.10256410256410256
CatBoost_native_with_zip,with_billing_zip,CatBoost_native_categorical,paper_baseline,5400.0,120.0,0.6,0.59,30720.0,15,149,94,1430,0.13761467889908258,0.09146341463414634,0.10989010989010989
CatBoost_native_with_zip,with_billing_zip,CatBoost_native_categorical,paper_baseline,5400.0,120.0,0.6,0.6,24960.0,12,116,97,1463,0.11009174311926606,0.09375,0.10126582278481013
CatBoost_native_with_zip,with_billing_zip,CatBoost_native_categorical,paper_baseline,5400.0,120.0,0.6,0.61,19680.0,10,106,99,1473,0.09174311926605505,0.08620689655172414,0.08888888888888889
CatBoost_native_with_zip,with_billing_zip,CatBoost_native_categorical,paper_baseline,5400.0,120.0,0.6,0.62,18840.0,9,86,100,1493,0.08256880733944955,0.09473684210526316,0.08823529411764706
CatBoost_native_with_zip,with_billing_zip,CatBoost_native_categorical,paper_baseline,5400.0,120.0,0.6,0.63,8160.0,5,67,104,1512,0.045871559633027525,0.06944444444444445,0.055248618784530384
CatBoost_native_with_zip,with_billing_zip,CatBoost_native_categorical,paper_baseline,5400.0,120.0,0.6,0.64,6000.0,4,58,105,1521,0.03669724770642202,0.06451612903225806,0.04678362573099415
CatBoost_native_with_zip,with_billing_zip,CatBoost_native_categorical,paper_baseline,5400.0,120.0,0.6,0.65,7680.0,4,44,105,1535,0.03669724770642202,0.08333333333333333,0.050955414012738856
CatBoost_native_with_zip,with_billing_zip,CatBoost_native_categorical,paper_baseline,5400.0,120.0,0.6,0.66,6000.0,3,31,106,1548,0.027522935779816515,0.08823529411764706,0.04195804195804196
CatBoost_native_with_zip,with_billing_zip,CatBoost_native_categorical,paper_baseline,5400.0,120.0,0.6,0.67,6720.0,3,25,106,1554,0.027522935779816515,0.10714285714285714,0.043795620437956206
CatBoost_native_with_zip,with_billing_zip,CatBoost_native_categorical,paper_baseline,5400.0,120.0,0.6,0.68,4080.0,2,20,107,1559,0.01834862385321101,0.09090909090909091,0.030534351145038167
CatBoost_native_with_zip,with_billing_zip,CatBoost_native_categorical,paper_baseline,5400.0,120.0,0.6,0.69,1440.0,1,15,108,1564,0.009174311926605505,0.0625,0.016
CatBoost_native_with_zip,with_billing_zip,CatBoost_native_categorical,paper_baseline,5400.0,120.0,0.6,0.7,2160.0,1,9,108,1570,0.009174311926605505,0.1,0.01680672268907563
CatBoost_native_with_zip,with_billing_zip,CatBoost_native_categorical,paper_baseline,5400.0,120.0,0.6,0.71,2280.0,1,8,108,1571,0.009174311926605505,0.1111111111111111,0.01694915254237288
CatBoost_native_with_zip,with_billing_zip,CatBoost_native_categorical,paper_baseline,5400.0,120.0,0.6,0.72,2280.0,1,8,108,1571,0.009174311926605505,0.1111111111111111,0.01694915254237288
CatBoost_native_with_zip,with_billing_zip,CatBoost_native_categorical,paper_baseline,5400.0,120.0,0.6,0.73,2280.0,1,8,108,1571,0.009174311926605505,0.1111111111111111,0.01694915254237288
CatBoost_native_with_zip,with_billing_zip,CatBoost_native_categorical,paper_baseline,5400.0,120.0,0.6,0.74,2520.0,1,6,108,1573,0.009174311926605505,0.14285714285714285,0.017241379310344827
CatBoost_native_with_zip,with_billing_zip,CatBoost_native_categorical,paper_baseline,5400.0,120.0,0.6,0.75,2760.0,1,4,108,1575,0.009174311926605505,0.2,0.017543859649122806
CatBoost_native_with_zip,with_billing_zip,CatBoost_native_categorical,paper_baseline,5400.0,120.0,0.6,0.76,-240.0,0,2,109,1577,0.0,0.0,0.0
CatBoost_native_with_zip,with_billing_zip,CatBoost_native_categorical,paper_baseline,5400.0,120.0,0.6,0.77,-120.0,0,1,109,1578,0.0,0.0,0.0
CatBoost_native_with_zip,with_billing_zip,CatBoost_native_categorical,paper_baseline,5400.0,120.0,0.6,0.78,0.0,0,0,109,1579,0.0,0.0,0.0
CatBoost_native_with_zip,with_billing_zip,CatBoost_native_categorical,paper_baseline,5400.0,120.0,0.6,0.79,0.0,0,0,109,1579,0.0,0.0,0.0
CatBoost_native_with_zip,with_billing_zip,CatBoost_native_categorical,paper_baseline,5400.0,120.0,0.6,0.8,0.0,0,0,109,1579,0.0,0.0,0.0
CatBoost_native_with_zip,with_billing_zip,CatBoost_native_categorical,paper_baseline,5400.0,120.0,0.6,0.81,0.0,0,0,109,1579,0.0,0.0,0.0
CatBoost_native_with_zip,with_billing_zip,CatBoost_native_categorical,paper_baseline,5400.0,120.0,0.6,0.82,0.0,0,0,109,1579,0.0,0.0,0.0
CatBoost_native_with_zip,with_billing_zip,CatBoost_native_categorical,paper_baseline,5400.0,120.0,0.6,0.83,0.0,0,0,109,1579,0.0,0.0,0.0
CatBoost_native_with_zip,with_billing_zip,CatBoost_native_categorical,paper_baseline,5400.0,120.0,0.6,0.84,0.0,0,0,109,1579,0.0,0.0,0.0
CatBoost_native_with_zip,with_billing_zip,CatBoost_native_categorical,paper_baseline,5400.0,120.0,0.6,0.85,0.0,0,0,109,1579,0.0,0.0,0.0
CatBoost_native_with_zip,with_billing_zip,CatBoost_native_categorical,paper_baseline,5400.0,120.0,0.6,0.86,0.0,0,0,109,1579,0.0,0.0,0.0
CatBoost_native_with_zip,with_billing_zip,CatBoost_native_categorical,paper_baseline,5400.0,120.0,0.6,0.87,0.0,0,0,109,1579,0.0,0.0,0.0
CatBoost_native_with_zip,with_billing_zip,CatBoost_native_categorical,paper_baseline,5400.0,120.0,0.6,0.88,0.0,0,0,109,1579,0.0,0.0,0.0
CatBoost_native_with_zip,with_billing_zip,CatBoost_native_categorical,paper_baseline,5400.0,120.0,0.6,0.89,0.0,0,0,109,1579,0.0,0.0,0.0
CatBoost_native_with_zip,with_billing_zip,CatBoost_native_categorical,paper_baseline,5400.0,120.0,0.6,0.9,0.0,0,0,109,1579,0.0,0.0,0.0
CatBoost_native_with_zip,with_billing_zip,CatBoost_native_categorical,paper_baseline,5400.0,120.0,0.6,0.91,0.0,0,0,109,1579,0.0,0.0,0.0
CatBoost_native_with_zip,with_billing_zip,CatBoost_native_categorical,paper_baseline,5400.0,120.0,0.6,0.92,0.0,0,0,109,1579,0.0,0.0,0.0
CatBoost_native_with_zip,with_billing_zip,CatBoost_native_categorical,paper_baseline,5400.0,120.0,0.6,0.93,0.0,0,0,109,1579,0.0,0.0,0.0
CatBoost_native_with_zip,with_billing_zip,CatBoost_native_categorical,paper_baseline,5400.0,120.0,0.6,0.94,0.0,0,0,109,1579,0.0,0.0,0.0
CatBoost_native_with_zip,with_billing_zip,CatBoost_native_categorical,paper_baseline,5400.0,120.0,0.6,0.95,0.0,0,0,109,1579,0.0,0.0,0.0
CatBoost_native_with_zip,with_billing_zip,CatBoost_native_categorical,paper_baseline,5400.0,120.0,0.6,0.96,0.0,0,0,109,1579,0.0,0.0,0.0
CatBoost_native_with_zip,with_billing_zip,CatBoost_native_categorical,paper_baseline,5400.0,120.0,0.6,0.97,0.0,0,0,109,1579,0.0,0.0,0.0
CatBoost_native_with_zip,with_billing_zip,CatBoost_native_categorical,paper_baseline,5400.0,120.0,0.6,0.98,0.0,0,0,109,1579,0.0,0.0,0.0
CatBoost_native_with_zip,with_billing_zip,CatBoost_native_categorical,paper_baseline,5400.0,120.0,0.6,0.99,0.0,0,0,109,1579,0.0,0.0,0.0
CatBoost_native_with_zip,with_billing_zip,CatBoost_native_categorical,conservative_campaign_cost,5400.0,360.0,0.6,0.01,-215280.0,109,1579,0,0,1.0,0.06457345971563981,0.1213132999443517
CatBoost_native_with_zip,with_billing_zip,CatBoost_native_categorical,conservative_campaign_cost,5400.0,360.0,0.6,0.02,-214560.0,109,1577,0,2,1.0,0.06465005931198102,0.12144846796657381
CatBoost_native_with_zip,with_billing_zip,CatBoost_native_categorical,conservative_campaign_cost,5400.0,360.0,0.6,0.03,-213480.0,109,1574,0,5,1.0,0.0647653000594177,0.12165178571428571
CatBoost_native_with_zip,with_billing_zip,CatBoost_native_categorical,conservative_campaign_cost,5400.0,360.0,0.6,0.04,-213120.0,109,1573,0,6,1.0,0.06480380499405469,0.12171970965940815
CatBoost_native_with_zip,with_billing_zip,CatBoost_native_categorical,conservative_campaign_cost,5400.0,360.0,0.6,0.05,-212760.0,109,1572,0,7,1.0,0.06484235574063058,0.1217877094972067
CatBoost_native_with_zip,with_billing_zip,CatBoost_native_categorical,conservative_campaign_cost,5400.0,360.0,0.6,0.06,-211680.0,109,1569,0,10,1.0,0.06495828367103695,0.12199216564073867
CatBoost_native_with_zip,with_billing_zip,CatBoost_native_categorical,conservative_campaign_cost,5400.0,360.0,0.6,0.07,-210600.0,109,1566,0,13,1.0,0.06507462686567164,0.12219730941704036
CatBoost_native_with_zip,with_billing_zip,CatBoost_native_categorical,conservative_campaign_cost,5400.0,360.0,0.6,0.08,-208080.0,109,1559,0,20,1.0,0.06534772182254196,0.12267867191896455
CatBoost_native_with_zip,with_billing_zip,CatBoost_native_categorical,conservative_campaign_cost,5400.0,360.0,0.6,0.09,-212760.0,107,1554,2,25,0.981651376146789,0.06441902468392535,0.12090395480225989
CatBoost_native_with_zip,with_billing_zip,CatBoost_native_categorical,conservative_campaign_cost,5400.0,360.0,0.6,0.1,-209160.0,107,1544,2,35,0.981651376146789,0.06480920654149,0.1215909090909091
CatBoost_native_with_zip,with_billing_zip,CatBoost_native_categorical,conservative_campaign_cost,5400.0,360.0,0.6,0.11,-208440.0,107,1542,2,37,0.981651376146789,0.06488781079442087,0.1217292377701934
CatBoost_native_with_zip,with_billing_zip,CatBoost_native_categorical,conservative_campaign_cost,5400.0,360.0,0.6,0.12,-208080.0,107,1541,2,38,0.981651376146789,0.06492718446601942,0.1217985202048947
CatBoost_native_with_zip,with_billing_zip,CatBoost_native_categorical,conservative_campaign_cost,5400.0,360.0,0.6,0.13,-207360.0,107,1539,2,40,0.981651376146789,0.06500607533414338,0.12193732193732194
CatBoost_native_with_zip,with_billing_zip,CatBoost_native_categorical,conservative_campaign_cost,5400.0,360.0,0.6,0.14,-205560.0,107,1534,2,45,0.981651376146789,0.06520414381474711,0.12228571428571429
CatBoost_native_with_zip,with_billing_zip,CatBoost_native_categorical,conservative_campaign_cost,5400.0,360.0,0.6,0.15,-209880.0,105,1528,4,51,0.963302752293578,0.06429883649724434,0.12055109070034443
CatBoost_native_with_zip,with_billing_zip,CatBoost_native_categorical,conservative_campaign_cost,5400.0,360.0,0.6,0.16,-207720.0,105,1522,4,57,0.963302752293578,0.0645359557467732,0.12096774193548387
CatBoost_native_with_zip,with_billing_zip,CatBoost_native_categorical,conservative_campaign_cost,5400.0,360.0,0.6,0.17,-208080.0,104,1514,5,65,0.9541284403669725,0.06427688504326329,0.12044006948465547
CatBoost_native_with_zip,with_billing_zip,CatBoost_native_categorical,conservative_campaign_cost,5400.0,360.0,0.6,0.18,-209880.0,102,1501,7,78,0.9357798165137615,0.06363069245165315,0.1191588785046729
CatBoost_native_with_zip,with_billing_zip,CatBoost_native_categorical,conservative_campaign_cost,5400.0,360.0,0.6,0.19,-207000.0,102,1493,7,86,0.9357798165137615,0.06394984326018809,0.11971830985915492
CatBoost_native_with_zip,with_billing_zip,CatBoost_native_categorical,conservative_campaign_cost,5400.0,360.0,0.6,0.2,-207720.0,101,1486,8,93,0.926605504587156,0.06364209199747953,0.11910377358490566
CatBoost_native_with_zip,with_billing_zip,CatBoost_native_categorical,conservative_campaign_cost,5400.0,360.0,0.6,0.21,-203040.0,101,1473,8,106,0.926605504587156,0.06416772554002541,0.12002376708259062
CatBoost_native_with_zip,with_billing_zip,CatBoost_native_categorical,conservative_campaign_cost,5400.0,360.0,0.6,0.22,-204840.0,99,1460,10,119,0.908256880733945,0.06350224502886466,0.11870503597122302
CatBoost_native_with_zip,with_billing_zip,CatBoost_native_categorical,conservative_campaign_cost,5400.0,360.0,0.6,0.23,-203040.0,98,1446,11,133,0.8990825688073395,0.06347150259067358,0.11857229280096794
CatBoost_native_with_zip,with_billing_zip,CatBoost_native_categorical,conservative_campaign_cost,5400.0,360.0,0.6,0.24,-202320.0,97,1435,12,144,0.8899082568807339,0.06331592689295039,0.1182205971968312
CatBoost_native_with_zip,with_billing_zip,CatBoost_native_categorical,conservative_campaign_cost,5400.0,360.0,0.6,0.25,-201240.0,95,1414,14,165,0.8715596330275229,0.06295559973492379,0.11742892459826947
CatBoost_native_with_zip,with_billing_zip,CatBoost_native_categorical,conservative_campaign_cost,5400.0,360.0,0.6,0.26,-198000.0,94,1396,15,183,0.8623853211009175,0.06308724832214765,0.11757348342714197
CatBoost_native_with_zip,with_billing_zip,CatBoost_native_categorical,conservative_campaign_cost,5400.0,360.0,0.6,0.27,-198720.0,92,1380,17,199,0.8440366972477065,0.0625,0.116382036685642
CatBoost_native_with_zip,with_billing_zip,CatBoost_native_categorical,conservative_campaign_cost,5400.0,360.0,0.6,0.28,-193320.0,92,1365,17,214,0.8440366972477065,0.06314344543582705,0.11749680715197956
CatBoost_native_with_zip,with_billing_zip,CatBoost_native_categorical,conservative_campaign_cost,5400.0,360.0,0.6,0.29,-189720.0,92,1355,17,224,0.8440366972477065,0.0635798203178991,0.11825192802056556
CatBoost_native_with_zip,with_billing_zip,CatBoost_native_categorical,conservative_campaign_cost,5400.0,360.0,0.6,0.3,-187200.0,91,1339,18,240,0.8348623853211009,0.06363636363636363,0.11825860948667966
CatBoost_native_with_zip,with_billing_zip,CatBoost_native_categorical,conservative_campaign_cost,5400.0,360.0,0.6,0.31,-176400.0,91,1309,18,270,0.8348623853211009,0.065,0.12060967528164347
CatBoost_native_with_zip,with_billing_zip,CatBoost_native_categorical,conservative_campaign_cost,5400.0,360.0,0.6,0.32,-167040.0,91,1283,18,296,0.8348623853211009,0.06622998544395925,0.1227242076871207
CatBoost_native_with_zip,with_billing_zip,CatBoost_native_categorical,conservative_campaign_cost,5400.0,360.0,0.6,0.33,-158400.0,91,1259,18,320,0.8348623853211009,0.0674074074074074,0.1247429746401645
CatBoost_native_with_zip,with_billing_zip,CatBoost_native_categorical,conservative_campaign_cost,5400.0,360.0,0.6,0.34,-146160.0,91,1225,18,354,0.8348623853211009,0.06914893617021277,0.12771929824561404
CatBoost_native_with_zip,with_billing_zip,CatBoost_native_categorical,conservative_campaign_cost,5400.0,360.0,0.6,0.35,-133200.0,91,1189,18,390,0.8348623853211009,0.07109375,0.13102951763858892
CatBoost_native_with_zip,with_billing_zip,CatBoost_native_categorical,conservative_campaign_cost,5400.0,360.0,0.6,0.36,-120240.0,91,1153,18,426,0.8348623853211009,0.07315112540192927,0.1345158906134516
CatBoost_native_with_zip,with_billing_zip,CatBoost_native_categorical,conservative_campaign_cost,5400.0,360.0,0.6,0.37,-115560.0,88,1113,21,466,0.8073394495412844,0.07327227310574522,0.13435114503816795
CatBoost_native_with_zip,with_billing_zip,CatBoost_native_categorical,conservative_campaign_cost,5400.0,360.0,0.6,0.38,-111600.0,84,1066,25,513,0.7706422018348624,0.07304347826086957,0.13343923749007147
CatBoost_native_with_zip,with_billing_zip,CatBoost_native_categorical,conservative_campaign_cost,5400.0,360.0,0.6,0.39,-106560.0,81,1025,28,554,0.7431192660550459,0.07323688969258589,0.13333333333333333
CatBoost_native_with_zip,with_billing_zip,CatBoost_native_categorical,conservative_campaign_cost,5400.0,360.0,0.6,0.4,-104760.0,77,984,32,595,0.7064220183486238,0.07257304429783223,0.13162393162393163
CatBoost_native_with_zip,with_billing_zip,CatBoost_native_categorical,conservative_campaign_cost,5400.0,360.0,0.6,0.41,-99000.0,75,950,34,629,0.6880733944954128,0.07317073170731707,0.13227513227513227
CatBoost_native_with_zip,with_billing_zip,CatBoost_native_categorical,conservative_campaign_cost,5400.0,360.0,0.6,0.42,-93240.0,73,916,36,663,0.6697247706422018,0.07381193124368049,0.13296903460837886
CatBoost_native_with_zip,with_billing_zip,CatBoost_native_categorical,conservative_campaign_cost,5400.0,360.0,0.6,0.43,-89280.0,70,878,39,701,0.6422018348623854,0.07383966244725738,0.13245033112582782
CatBoost_native_with_zip,with_billing_zip,CatBoost_native_categorical,conservative_campaign_cost,5400.0,360.0,0.6,0.44,-84960.0,67,839,42,740,0.6146788990825688,0.0739514348785872,0.13201970443349753
CatBoost_native_with_zip,with_billing_zip,CatBoost_native_categorical,conservative_campaign_cost,5400.0,360.0,0.6,0.45,-74520.0,65,792,44,787,0.5963302752293578,0.07584597432905485,0.13457556935817805
CatBoost_native_with_zip,with_billing_zip,CatBoost_native_categorical,conservative_campaign_cost,5400.0,360.0,0.6,0.46,-62640.0,63,741,46,838,0.5779816513761468,0.07835820895522388,0.1380065717415115
CatBoost_native_with_zip,with_billing_zip,CatBoost_native_categorical,conservative_campaign_cost,5400.0,360.0,0.6,0.47,-60480.0,58,690,51,889,0.5321100917431193,0.07754010695187166,0.1353558926487748
CatBoost_native_with_zip,with_billing_zip,CatBoost_native_categorical,conservative_campaign_cost,5400.0,360.0,0.6,0.48,-51120.0,57,655,52,924,0.5229357798165137,0.0800561797752809,0.13885505481120586
CatBoost_native_with_zip,with_billing_zip,CatBoost_native_categorical,conservative_campaign_cost,5400.0,360.0,0.6,0.49,-51480.0,52,611,57,968,0.47706422018348627,0.0784313725490196,0.13471502590673576
CatBoost_native_with_zip,with_billing_zip,CatBoost_native_categorical,conservative_campaign_cost,5400.0,360.0,0.6,0.5,-45360.0,47,549,62,1030,0.43119266055045874,0.07885906040268456,0.13333333333333333
CatBoost_native_with_zip,with_billing_zip,CatBoost_native_categorical,conservative_campaign_cost,5400.0,360.0,0.6,0.51,-43560.0,43,508,66,1071,0.3944954128440367,0.0780399274047187,0.1303030303030303
CatBoost_native_with_zip,with_billing_zip,CatBoost_native_categorical,conservative_campaign_cost,5400.0,360.0,0.6,0.52,-30960.0,41,455,68,1124,0.3761467889908257,0.08266129032258064,0.13553719008264462
CatBoost_native_with_zip,with_billing_zip,CatBoost_native_categorical,conservative_campaign_cost,5400.0,360.0,0.6,0.53,-39600.0,33,407,76,1172,0.30275229357798167,0.075,0.12021857923497267
CatBoost_native_with_zip,with_billing_zip,CatBoost_native_categorical,conservative_campaign_cost,5400.0,360.0,0.6,0.54,-31320.0,28,339,81,1240,0.25688073394495414,0.07629427792915532,0.11764705882352941
CatBoost_native_with_zip,with_billing_zip,CatBoost_native_categorical,conservative_campaign_cost,5400.0,360.0,0.6,0.55,-31680.0,24,304,85,1275,0.22018348623853212,0.07317073170731707,0.10983981693363844
CatBoost_native_with_zip,with_billing_zip,CatBoost_native_categorical,conservative_campaign_cost,5400.0,360.0,0.6,0.56,-23760.0,21,255,88,1324,0.1926605504587156,0.07608695652173914,0.10909090909090909
CatBoost_native_with_zip,with_billing_zip,CatBoost_native_categorical,conservative_campaign_cost,5400.0,360.0,0.6,0.57,-23400.0,17,218,92,1361,0.1559633027522936,0.07234042553191489,0.09883720930232558
CatBoost_native_with_zip,with_billing_zip,CatBoost_native_categorical,conservative_campaign_cost,5400.0,360.0,0.6,0.58,-15480.0,16,187,93,1392,0.14678899082568808,0.07881773399014778,0.10256410256410256
CatBoost_native_with_zip,with_billing_zip,CatBoost_native_categorical,conservative_campaign_cost,5400.0,360.0,0.6,0.59,-5040.0,15,149,94,1430,0.13761467889908258,0.09146341463414634,0.10989010989010989
CatBoost_native_with_zip,with_billing_zip,CatBoost_native_categorical,conservative_campaign_cost,5400.0,360.0,0.6,0.6,-2880.0,12,116,97,1463,0.11009174311926606,0.09375,0.10126582278481013
CatBoost_native_with_zip,with_billing_zip,CatBoost_native_categorical,conservative_campaign_cost,5400.0,360.0,0.6,0.61,-5760.0,10,106,99,1473,0.09174311926605505,0.08620689655172414,0.08888888888888889
CatBoost_native_with_zip,with_billing_zip,CatBoost_native_categorical,conservative_campaign_cost,5400.0,360.0,0.6,0.62,-1800.0,9,86,100,1493,0.08256880733944955,0.09473684210526316,0.08823529411764706
CatBoost_native_with_zip,with_billing_zip,CatBoost_native_categorical,conservative_campaign_cost,5400.0,360.0,0.6,0.63,-7920.0,5,67,104,1512,0.045871559633027525,0.06944444444444445,0.055248618784530384
CatBoost_native_with_zip,with_billing_zip,CatBoost_native_categorical,conservative_campaign_cost,5400.0,360.0,0.6,0.64,-7920.0,4,58,105,1521,0.03669724770642202,0.06451612903225806,0.04678362573099415
CatBoost_native_with_zip,with_billing_zip,CatBoost_native_categorical,conservative_campaign_cost,5400.0,360.0,0.6,0.65,-2880.0,4,44,105,1535,0.03669724770642202,0.08333333333333333,0.050955414012738856
CatBoost_native_with_zip,with_billing_zip,CatBoost_native_categorical,conservative_campaign_cost,5400.0,360.0,0.6,0.66,-1440.0,3,31,106,1548,0.027522935779816515,0.08823529411764706,0.04195804195804196
CatBoost_native_with_zip,with_billing_zip,CatBoost_native_categorical,conservative_campaign_cost,5400.0,360.0,0.6,0.67,720.0,3,25,106,1554,0.027522935779816515,0.10714285714285714,0.043795620437956206
CatBoost_native_with_zip,with_billing_zip,CatBoost_native_categorical,conservative_campaign_cost,5400.0,360.0,0.6,0.68,-720.0,2,20,107,1559,0.01834862385321101,0.09090909090909091,0.030534351145038167
CatBoost_native_with_zip,with_billing_zip,CatBoost_native_categorical,conservative_campaign_cost,5400.0,360.0,0.6,0.69,-2160.0,1,15,108,1564,0.009174311926605505,0.0625,0.016
CatBoost_native_with_zip,with_billing_zip,CatBoost_native_categorical,conservative_campaign_cost,5400.0,360.0,0.6,0.7,0.0,1,9,108,1570,0.009174311926605505,0.1,0.01680672268907563
CatBoost_native_with_zip,with_billing_zip,CatBoost_native_categorical,conservative_campaign_cost,5400.0,360.0,0.6,0.71,360.0,1,8,108,1571,0.009174311926605505,0.1111111111111111,0.01694915254237288
CatBoost_native_with_zip,with_billing_zip,CatBoost_native_categorical,conservative_campaign_cost,5400.0,360.0,0.6,0.72,360.0,1,8,108,1571,0.009174311926605505,0.1111111111111111,0.01694915254237288
CatBoost_native_with_zip,with_billing_zip,CatBoost_native_categorical,conservative_campaign_cost,5400.0,360.0,0.6,0.73,360.0,1,8,108,1571,0.009174311926605505,0.1111111111111111,0.01694915254237288
CatBoost_native_with_zip,with_billing_zip,CatBoost_native_categorical,conservative_campaign_cost,5400.0,360.0,0.6,0.74,1080.0,1,6,108,1573,0.009174311926605505,0.14285714285714285,0.017241379310344827
CatBoost_native_with_zip,with_billing_zip,CatBoost_native_categorical,conservative_campaign_cost,5400.0,360.0,0.6,0.75,1800.0,1,4,108,1575,0.009174311926605505,0.2,0.017543859649122806
CatBoost_native_with_zip,with_billing_zip,CatBoost_native_categorical,conservative_campaign_cost,5400.0,360.0,0.6,0.76,-720.0,0,2,109,1577,0.0,0.0,0.0
CatBoost_native_with_zip,with_billing_zip,CatBoost_native_categorical,conservative_campaign_cost,5400.0,360.0,0.6,0.77,-360.0,0,1,109,1578,0.0,0.0,0.0
CatBoost_native_with_zip,with_billing_zip,CatBoost_native_categorical,conservative_campaign_cost,5400.0,360.0,0.6,0.78,0.0,0,0,109,1579,0.0,0.0,0.0
CatBoost_native_with_zip,with_billing_zip,CatBoost_native_categorical,conservative_campaign_cost,5400.0,360.0,0.6,0.79,0.0,0,0,109,1579,0.0,0.0,0.0
CatBoost_native_with_zip,with_billing_zip,CatBoost_native_categorical,conservative_campaign_cost,5400.0,360.0,0.6,0.8,0.0,0,0,109,1579,0.0,0.0,0.0
CatBoost_native_with_zip,with_billing_zip,CatBoost_native_categorical,conservative_campaign_cost,5400.0,360.0,0.6,0.81,0.0,0,0,109,1579,0.0,0.0,0.0
CatBoost_native_with_zip,with_billing_zip,CatBoost_native_categorical,conservative_campaign_cost,5400.0,360.0,0.6,0.82,0.0,0,0,109,1579,0.0,0.0,0.0
CatBoost_native_with_zip,with_billing_zip,CatBoost_native_categorical,conservative_campaign_cost,5400.0,360.0,0.6,0.83,0.0,0,0,109,1579,0.0,0.0,0.0
CatBoost_native_with_zip,with_billing_zip,CatBoost_native_categorical,conservative_campaign_cost,5400.0,360.0,0.6,0.84,0.0,0,0,109,1579,0.0,0.0,0.0
CatBoost_native_with_zip,with_billing_zip,CatBoost_native_categorical,conservative_campaign_cost,5400.0,360.0,0.6,0.85,0.0,0,0,109,1579,0.0,0.0,0.0
CatBoost_native_with_zip,with_billing_zip,CatBoost_native_categorical,conservative_campaign_cost,5400.0,360.0,0.6,0.86,0.0,0,0,109,1579,0.0,0.0,0.0
CatBoost_native_with_zip,with_billing_zip,CatBoost_native_categorical,conservative_campaign_cost,5400.0,360.0,0.6,0.87,0.0,0,0,109,1579,0.0,0.0,0.0
CatBoost_native_with_zip,with_billing_zip,CatBoost_native_categorical,conservative_campaign_cost,5400.0,360.0,0.6,0.88,0.0,0,0,109,1579,0.0,0.0,0.0
CatBoost_native_with_zip,with_billing_zip,CatBoost_native_categorical,conservative_campaign_cost,5400.0,360.0,0.6,0.89,0.0,0,0,109,1579,0.0,0.0,0.0
CatBoost_native_with_zip,with_billing_zip,CatBoost_native_categorical,conservative_campaign_cost,5400.0,360.0,0.6,0.9,0.0,0,0,109,1579,0.0,0.0,0.0
CatBoost_native_with_zip,with_billing_zip,CatBoost_native_categorical,conservative_campaign_cost,5400.0,360.0,0.6,0.91,0.0,0,0,109,1579,0.0,0.0,0.0
CatBoost_native_with_zip,with_billing_zip,CatBoost_native_categorical,conservative_campaign_cost,5400.0,360.0,0.6,0.92,0.0,0,0,109,1579,0.0,0.0,0.0
CatBoost_native_with_zip,with_billing_zip,CatBoost_native_categorical,conservative_campaign_cost,5400.0,360.0,0.6,0.93,0.0,0,0,109,1579,0.0,0.0,0.0
CatBoost_native_with_zip,with_billing_zip,CatBoost_native_categorical,conservative_campaign_cost,5400.0,360.0,0.6,0.94,0.0,0,0,109,1579,0.0,0.0,0.0
CatBoost_native_with_zip,with_billing_zip,CatBoost_native_categorical,conservative_campaign_cost,5400.0,360.0,0.6,0.95,0.0,0,0,109,1579,0.0,0.0,0.0
CatBoost_native_with_zip,with_billing_zip,CatBoost_native_categorical,conservative_campaign_cost,5400.0,360.0,0.6,0.96,0.0,0,0,109,1579,0.0,0.0,0.0
CatBoost_native_with_zip,with_billing_zip,CatBoost_native_categorical,conservative_campaign_cost,5400.0,360.0,0.6,0.97,0.0,0,0,109,1579,0.0,0.0,0.0
CatBoost_native_with_zip,with_billing_zip,CatBoost_native_categorical,conservative_campaign_cost,5400.0,360.0,0.6,0.98,0.0,0,0,109,1579,0.0,0.0,0.0
CatBoost_native_with_zip,with_billing_zip,CatBoost_native_categorical,conservative_campaign_cost,5400.0,360.0,0.6,0.99,0.0,0,0,109,1579,0.0,0.0,0.0
CatBoost_native_with_zip,with_billing_zip,CatBoost_native_categorical,budget_limited_high_campaign_cost,5400.0,720.0,0.6,0.01,-783720.0,109,1579,0,0,1.0,0.06457345971563981,0.1213132999443517
CatBoost_native_with_zip,with_billing_zip,CatBoost_native_categorical,budget_limited_high_campaign_cost,5400.0,720.0,0.6,0.02,-782280.0,109,1577,0,2,1.0,0.06465005931198102,0.12144846796657381
CatBoost_native_with_zip,with_billing_zip,CatBoost_native_categorical,budget_limited_high_campaign_cost,5400.0,720.0,0.6,0.03,-780120.0,109,1574,0,5,1.0,0.0647653000594177,0.12165178571428571
CatBoost_native_with_zip,with_billing_zip,CatBoost_native_categorical,budget_limited_high_campaign_cost,5400.0,720.0,0.6,0.04,-779400.0,109,1573,0,6,1.0,0.06480380499405469,0.12171970965940815
CatBoost_native_with_zip,with_billing_zip,CatBoost_native_categorical,budget_limited_high_campaign_cost,5400.0,720.0,0.6,0.05,-778680.0,109,1572,0,7,1.0,0.06484235574063058,0.1217877094972067
CatBoost_native_with_zip,with_billing_zip,CatBoost_native_categorical,budget_limited_high_campaign_cost,5400.0,720.0,0.6,0.06,-776520.0,109,1569,0,10,1.0,0.06495828367103695,0.12199216564073867
CatBoost_native_with_zip,with_billing_zip,CatBoost_native_categorical,budget_limited_high_campaign_cost,5400.0,720.0,0.6,0.07,-774360.0,109,1566,0,13,1.0,0.06507462686567164,0.12219730941704036
CatBoost_native_with_zip,with_billing_zip,CatBoost_native_categorical,budget_limited_high_campaign_cost,5400.0,720.0,0.6,0.08,-769320.0,109,1559,0,20,1.0,0.06534772182254196,0.12267867191896455
CatBoost_native_with_zip,with_billing_zip,CatBoost_native_categorical,budget_limited_high_campaign_cost,5400.0,720.0,0.6,0.09,-772200.0,107,1554,2,25,0.981651376146789,0.06441902468392535,0.12090395480225989
CatBoost_native_with_zip,with_billing_zip,CatBoost_native_categorical,budget_limited_high_campaign_cost,5400.0,720.0,0.6,0.1,-765000.0,107,1544,2,35,0.981651376146789,0.06480920654149,0.1215909090909091
CatBoost_native_with_zip,with_billing_zip,CatBoost_native_categorical,budget_limited_high_campaign_cost,5400.0,720.0,0.6,0.11,-763560.0,107,1542,2,37,0.981651376146789,0.06488781079442087,0.1217292377701934
CatBoost_native_with_zip,with_billing_zip,CatBoost_native_categorical,budget_limited_high_campaign_cost,5400.0,720.0,0.6,0.12,-762840.0,107,1541,2,38,0.981651376146789,0.06492718446601942,0.1217985202048947
CatBoost_native_with_zip,with_billing_zip,CatBoost_native_categorical,budget_limited_high_campaign_cost,5400.0,720.0,0.6,0.13,-761400.0,107,1539,2,40,0.981651376146789,0.06500607533414338,0.12193732193732194
CatBoost_native_with_zip,with_billing_zip,CatBoost_native_categorical,budget_limited_high_campaign_cost,5400.0,720.0,0.6,0.14,-757800.0,107,1534,2,45,0.981651376146789,0.06520414381474711,0.12228571428571429
CatBoost_native_with_zip,with_billing_zip,CatBoost_native_categorical,budget_limited_high_campaign_cost,5400.0,720.0,0.6,0.15,-759960.0,105,1528,4,51,0.963302752293578,0.06429883649724434,0.12055109070034443
CatBoost_native_with_zip,with_billing_zip,CatBoost_native_categorical,budget_limited_high_campaign_cost,5400.0,720.0,0.6,0.16,-755640.0,105,1522,4,57,0.963302752293578,0.0645359557467732,0.12096774193548387
CatBoost_native_with_zip,with_billing_zip,CatBoost_native_categorical,budget_limited_high_campaign_cost,5400.0,720.0,0.6,0.17,-753120.0,104,1514,5,65,0.9541284403669725,0.06427688504326329,0.12044006948465547
CatBoost_native_with_zip,with_billing_zip,CatBoost_native_categorical,budget_limited_high_campaign_cost,5400.0,720.0,0.6,0.18,-750240.0,102,1501,7,78,0.9357798165137615,0.06363069245165315,0.1191588785046729
CatBoost_native_with_zip,with_billing_zip,CatBoost_native_categorical,budget_limited_high_campaign_cost,5400.0,720.0,0.6,0.19,-744480.0,102,1493,7,86,0.9357798165137615,0.06394984326018809,0.11971830985915492
CatBoost_native_with_zip,with_billing_zip,CatBoost_native_categorical,budget_limited_high_campaign_cost,5400.0,720.0,0.6,0.2,-742680.0,101,1486,8,93,0.926605504587156,0.06364209199747953,0.11910377358490566
CatBoost_native_with_zip,with_billing_zip,CatBoost_native_categorical,budget_limited_high_campaign_cost,5400.0,720.0,0.6,0.21,-733320.0,101,1473,8,106,0.926605504587156,0.06416772554002541,0.12002376708259062
CatBoost_native_with_zip,with_billing_zip,CatBoost_native_categorical,budget_limited_high_campaign_cost,5400.0,720.0,0.6,0.22,-730440.0,99,1460,10,119,0.908256880733945,0.06350224502886466,0.11870503597122302
CatBoost_native_with_zip,with_billing_zip,CatBoost_native_categorical,budget_limited_high_campaign_cost,5400.0,720.0,0.6,0.23,-723600.0,98,1446,11,133,0.8990825688073395,0.06347150259067358,0.11857229280096794
CatBoost_native_with_zip,with_billing_zip,CatBoost_native_categorical,budget_limited_high_campaign_cost,5400.0,720.0,0.6,0.24,-718920.0,97,1435,12,144,0.8899082568807339,0.06331592689295039,0.1182205971968312
CatBoost_native_with_zip,with_billing_zip,CatBoost_native_categorical,budget_limited_high_campaign_cost,5400.0,720.0,0.6,0.25,-710280.0,95,1414,14,165,0.8715596330275229,0.06295559973492379,0.11742892459826947
CatBoost_native_with_zip,with_billing_zip,CatBoost_native_categorical,budget_limited_high_campaign_cost,5400.0,720.0,0.6,0.26,-700560.0,94,1396,15,183,0.8623853211009175,0.06308724832214765,0.11757348342714197
CatBoost_native_with_zip,with_billing_zip,CatBoost_native_categorical,budget_limited_high_campaign_cost,5400.0,720.0,0.6,0.27,-695520.0,92,1380,17,199,0.8440366972477065,0.0625,0.116382036685642
CatBoost_native_with_zip,with_billing_zip,CatBoost_native_categorical,budget_limited_high_campaign_cost,5400.0,720.0,0.6,0.28,-684720.0,92,1365,17,214,0.8440366972477065,0.06314344543582705,0.11749680715197956
CatBoost_native_with_zip,with_billing_zip,CatBoost_native_categorical,budget_limited_high_campaign_cost,5400.0,720.0,0.6,0.29,-677520.0,92,1355,17,224,0.8440366972477065,0.0635798203178991,0.11825192802056556
CatBoost_native_with_zip,with_billing_zip,CatBoost_native_categorical,budget_limited_high_campaign_cost,5400.0,720.0,0.6,0.3,-669240.0,91,1339,18,240,0.8348623853211009,0.06363636363636363,0.11825860948667966
CatBoost_native_with_zip,with_billing_zip,CatBoost_native_categorical,budget_limited_high_campaign_cost,5400.0,720.0,0.6,0.31,-647640.0,91,1309,18,270,0.8348623853211009,0.065,0.12060967528164347
CatBoost_native_with_zip,with_billing_zip,CatBoost_native_categorical,budget_limited_high_campaign_cost,5400.0,720.0,0.6,0.32,-628920.0,91,1283,18,296,0.8348623853211009,0.06622998544395925,0.1227242076871207
CatBoost_native_with_zip,with_billing_zip,CatBoost_native_categorical,budget_limited_high_campaign_cost,5400.0,720.0,0.6,0.33,-611640.0,91,1259,18,320,0.8348623853211009,0.0674074074074074,0.1247429746401645
CatBoost_native_with_zip,with_billing_zip,CatBoost_native_categorical,budget_limited_high_campaign_cost,5400.0,720.0,0.6,0.34,-587160.0,91,1225,18,354,0.8348623853211009,0.06914893617021277,0.12771929824561404
CatBoost_native_with_zip,with_billing_zip,CatBoost_native_categorical,budget_limited_high_campaign_cost,5400.0,720.0,0.6,0.35,-561240.0,91,1189,18,390,0.8348623853211009,0.07109375,0.13102951763858892
CatBoost_native_with_zip,with_billing_zip,CatBoost_native_categorical,budget_limited_high_campaign_cost,5400.0,720.0,0.6,0.36,-535320.0,91,1153,18,426,0.8348623853211009,0.07315112540192927,0.1345158906134516
CatBoost_native_with_zip,with_billing_zip,CatBoost_native_categorical,budget_limited_high_campaign_cost,5400.0,720.0,0.6,0.37,-516240.0,88,1113,21,466,0.8073394495412844,0.07327227310574522,0.13435114503816795
CatBoost_native_with_zip,with_billing_zip,CatBoost_native_categorical,budget_limited_high_campaign_cost,5400.0,720.0,0.6,0.38,-495360.0,84,1066,25,513,0.7706422018348624,0.07304347826086957,0.13343923749007147
CatBoost_native_with_zip,with_billing_zip,CatBoost_native_categorical,budget_limited_high_campaign_cost,5400.0,720.0,0.6,0.39,-475560.0,81,1025,28,554,0.7431192660550459,0.07323688969258589,0.13333333333333333
CatBoost_native_with_zip,with_billing_zip,CatBoost_native_categorical,budget_limited_high_campaign_cost,5400.0,720.0,0.6,0.4,-459000.0,77,984,32,595,0.7064220183486238,0.07257304429783223,0.13162393162393163
CatBoost_native_with_zip,with_billing_zip,CatBoost_native_categorical,budget_limited_high_campaign_cost,5400.0,720.0,0.6,0.41,-441000.0,75,950,34,629,0.6880733944954128,0.07317073170731707,0.13227513227513227
CatBoost_native_with_zip,with_billing_zip,CatBoost_native_categorical,budget_limited_high_campaign_cost,5400.0,720.0,0.6,0.42,-423000.0,73,916,36,663,0.6697247706422018,0.07381193124368049,0.13296903460837886
CatBoost_native_with_zip,with_billing_zip,CatBoost_native_categorical,budget_limited_high_campaign_cost,5400.0,720.0,0.6,0.43,-405360.0,70,878,39,701,0.6422018348623854,0.07383966244725738,0.13245033112582782
CatBoost_native_with_zip,with_billing_zip,CatBoost_native_categorical,budget_limited_high_campaign_cost,5400.0,720.0,0.6,0.44,-387000.0,67,839,42,740,0.6146788990825688,0.0739514348785872,0.13201970443349753
CatBoost_native_with_zip,with_billing_zip,CatBoost_native_categorical,budget_limited_high_campaign_cost,5400.0,720.0,0.6,0.45,-359640.0,65,792,44,787,0.5963302752293578,0.07584597432905485,0.13457556935817805
CatBoost_native_with_zip,with_billing_zip,CatBoost_native_categorical,budget_limited_high_campaign_cost,5400.0,720.0,0.6,0.46,-329400.0,63,741,46,838,0.5779816513761468,0.07835820895522388,0.1380065717415115
CatBoost_native_with_zip,with_billing_zip,CatBoost_native_categorical,budget_limited_high_campaign_cost,5400.0,720.0,0.6,0.47,-308880.0,58,690,51,889,0.5321100917431193,0.07754010695187166,0.1353558926487748
CatBoost_native_with_zip,with_billing_zip,CatBoost_native_categorical,budget_limited_high_campaign_cost,5400.0,720.0,0.6,0.48,-286920.0,57,655,52,924,0.5229357798165137,0.0800561797752809,0.13885505481120586
CatBoost_native_with_zip,with_billing_zip,CatBoost_native_categorical,budget_limited_high_campaign_cost,5400.0,720.0,0.6,0.49,-271440.0,52,611,57,968,0.47706422018348627,0.0784313725490196,0.13471502590673576
CatBoost_native_with_zip,with_billing_zip,CatBoost_native_categorical,budget_limited_high_campaign_cost,5400.0,720.0,0.6,0.5,-243000.0,47,549,62,1030,0.43119266055045874,0.07885906040268456,0.13333333333333333
CatBoost_native_with_zip,with_billing_zip,CatBoost_native_categorical,budget_limited_high_campaign_cost,5400.0,720.0,0.6,0.51,-226440.0,43,508,66,1071,0.3944954128440367,0.0780399274047187,0.1303030303030303
CatBoost_native_with_zip,with_billing_zip,CatBoost_native_categorical,budget_limited_high_campaign_cost,5400.0,720.0,0.6,0.52,-194760.0,41,455,68,1124,0.3761467889908257,0.08266129032258064,0.13553719008264462
CatBoost_native_with_zip,with_billing_zip,CatBoost_native_categorical,budget_limited_high_campaign_cost,5400.0,720.0,0.6,0.53,-186120.0,33,407,76,1172,0.30275229357798167,0.075,0.12021857923497267
CatBoost_native_with_zip,with_billing_zip,CatBoost_native_categorical,budget_limited_high_campaign_cost,5400.0,720.0,0.6,0.54,-153360.0,28,339,81,1240,0.25688073394495414,0.07629427792915532,0.11764705882352941
CatBoost_native_with_zip,with_billing_zip,CatBoost_native_categorical,budget_limited_high_campaign_cost,5400.0,720.0,0.6,0.55,-141120.0,24,304,85,1275,0.22018348623853212,0.07317073170731707,0.10983981693363844
CatBoost_native_with_zip,with_billing_zip,CatBoost_native_categorical,budget_limited_high_campaign_cost,5400.0,720.0,0.6,0.56,-115560.0,21,255,88,1324,0.1926605504587156,0.07608695652173914,0.10909090909090909
CatBoost_native_with_zip,with_billing_zip,CatBoost_native_categorical,budget_limited_high_campaign_cost,5400.0,720.0,0.6,0.57,-101880.0,17,218,92,1361,0.1559633027522936,0.07234042553191489,0.09883720930232558
CatBoost_native_with_zip,with_billing_zip,CatBoost_native_categorical,budget_limited_high_campaign_cost,5400.0,720.0,0.6,0.58,-82800.0,16,187,93,1392,0.14678899082568808,0.07881773399014778,0.10256410256410256
CatBoost_native_with_zip,with_billing_zip,CatBoost_native_categorical,budget_limited_high_campaign_cost,5400.0,720.0,0.6,0.59,-58680.0,15,149,94,1430,0.13761467889908258,0.09146341463414634,0.10989010989010989
CatBoost_native_with_zip,with_billing_zip,CatBoost_native_categorical,budget_limited_high_campaign_cost,5400.0,720.0,0.6,0.6,-44640.0,12,116,97,1463,0.11009174311926606,0.09375,0.10126582278481013
CatBoost_native_with_zip,with_billing_zip,CatBoost_native_categorical,budget_limited_high_campaign_cost,5400.0,720.0,0.6,0.61,-43920.0,10,106,99,1473,0.09174311926605505,0.08620689655172414,0.08888888888888889
CatBoost_native_with_zip,with_billing_zip,CatBoost_native_categorical,budget_limited_high_campaign_cost,5400.0,720.0,0.6,0.62,-32760.0,9,86,100,1493,0.08256880733944955,0.09473684210526316,0.08823529411764706
CatBoost_native_with_zip,with_billing_zip,CatBoost_native_categorical,budget_limited_high_campaign_cost,5400.0,720.0,0.6,0.63,-32040.0,5,67,104,1512,0.045871559633027525,0.06944444444444445,0.055248618784530384
CatBoost_native_with_zip,with_billing_zip,CatBoost_native_categorical,budget_limited_high_campaign_cost,5400.0,720.0,0.6,0.64,-28800.0,4,58,105,1521,0.03669724770642202,0.06451612903225806,0.04678362573099415
CatBoost_native_with_zip,with_billing_zip,CatBoost_native_categorical,budget_limited_high_campaign_cost,5400.0,720.0,0.6,0.65,-18720.0,4,44,105,1535,0.03669724770642202,0.08333333333333333,0.050955414012738856
CatBoost_native_with_zip,with_billing_zip,CatBoost_native_categorical,budget_limited_high_campaign_cost,5400.0,720.0,0.6,0.66,-12600.0,3,31,106,1548,0.027522935779816515,0.08823529411764706,0.04195804195804196
CatBoost_native_with_zip,with_billing_zip,CatBoost_native_categorical,budget_limited_high_campaign_cost,5400.0,720.0,0.6,0.67,-8280.0,3,25,106,1554,0.027522935779816515,0.10714285714285714,0.043795620437956206
CatBoost_native_with_zip,with_billing_zip,CatBoost_native_categorical,budget_limited_high_campaign_cost,5400.0,720.0,0.6,0.68,-7920.0,2,20,107,1559,0.01834862385321101,0.09090909090909091,0.030534351145038167
CatBoost_native_with_zip,with_billing_zip,CatBoost_native_categorical,budget_limited_high_campaign_cost,5400.0,720.0,0.6,0.69,-7560.0,1,15,108,1564,0.009174311926605505,0.0625,0.016
CatBoost_native_with_zip,with_billing_zip,CatBoost_native_categorical,budget_limited_high_campaign_cost,5400.0,720.0,0.6,0.7,-3240.0,1,9,108,1570,0.009174311926605505,0.1,0.01680672268907563
CatBoost_native_with_zip,with_billing_zip,CatBoost_native_categorical,budget_limited_high_campaign_cost,5400.0,720.0,0.6,0.71,-2520.0,1,8,108,1571,0.009174311926605505,0.1111111111111111,0.01694915254237288
CatBoost_native_with_zip,with_billing_zip,CatBoost_native_categorical,budget_limited_high_campaign_cost,5400.0,720.0,0.6,0.72,-2520.0,1,8,108,1571,0.009174311926605505,0.1111111111111111,0.01694915254237288
CatBoost_native_with_zip,with_billing_zip,CatBoost_native_categorical,budget_limited_high_campaign_cost,5400.0,720.0,0.6,0.73,-2520.0,1,8,108,1571,0.009174311926605505,0.1111111111111111,0.01694915254237288
CatBoost_native_with_zip,with_billing_zip,CatBoost_native_categorical,budget_limited_high_campaign_cost,5400.0,720.0,0.6,0.74,-1080.0,1,6,108,1573,0.009174311926605505,0.14285714285714285,0.017241379310344827
CatBoost_native_with_zip,with_billing_zip,CatBoost_native_categorical,budget_limited_high_campaign_cost,5400.0,720.0,0.6,0.75,360.0,1,4,108,1575,0.009174311926605505,0.2,0.017543859649122806
CatBoost_native_with_zip,with_billing_zip,CatBoost_native_categorical,budget_limited_high_campaign_cost,5400.0,720.0,0.6,0.76,-1440.0,0,2,109,1577,0.0,0.0,0.0
CatBoost_native_with_zip,with_billing_zip,CatBoost_native_categorical,budget_limited_high_campaign_cost,5400.0,720.0,0.6,0.77,-720.0,0,1,109,1578,0.0,0.0,0.0
CatBoost_native_with_zip,with_billing_zip,CatBoost_native_categorical,budget_limited_high_campaign_cost,5400.0,720.0,0.6,0.78,0.0,0,0,109,1579,0.0,0.0,0.0
CatBoost_native_with_zip,with_billing_zip,CatBoost_native_categorical,budget_limited_high_campaign_cost,5400.0,720.0,0.6,0.79,0.0,0,0,109,1579,0.0,0.0,0.0
CatBoost_native_with_zip,with_billing_zip,CatBoost_native_categorical,budget_limited_high_campaign_cost,5400.0,720.0,0.6,0.8,0.0,0,0,109,1579,0.0,0.0,0.0
CatBoost_native_with_zip,with_billing_zip,CatBoost_native_categorical,budget_limited_high_campaign_cost,5400.0,720.0,0.6,0.81,0.0,0,0,109,1579,0.0,0.0,0.0
CatBoost_native_with_zip,with_billing_zip,CatBoost_native_categorical,budget_limited_high_campaign_cost,5400.0,720.0,0.6,0.82,0.0,0,0,109,1579,0.0,0.0,0.0
CatBoost_native_with_zip,with_billing_zip,CatBoost_native_categorical,budget_limited_high_campaign_cost,5400.0,720.0,0.6,0.83,0.0,0,0,109,1579,0.0,0.0,0.0
CatBoost_native_with_zip,with_billing_zip,CatBoost_native_categorical,budget_limited_high_campaign_cost,5400.0,720.0,0.6,0.84,0.0,0,0,109,1579,0.0,0.0,0.0
CatBoost_native_with_zip,with_billing_zip,CatBoost_native_categorical,budget_limited_high_campaign_cost,5400.0,720.0,0.6,0.85,0.0,0,0,109,1579,0.0,0.0,0.0
CatBoost_native_with_zip,with_billing_zip,CatBoost_native_categorical,budget_limited_high_campaign_cost,5400.0,720.0,0.6,0.86,0.0,0,0,109,1579,0.0,0.0,0.0
CatBoost_native_with_zip,with_billing_zip,CatBoost_native_categorical,budget_limited_high_campaign_cost,5400.0,720.0,0.6,0.87,0.0,0,0,109,1579,0.0,0.0,0.0
CatBoost_native_with_zip,with_billing_zip,CatBoost_native_categorical,budget_limited_high_campaign_cost,5400.0,720.0,0.6,0.88,0.0,0,0,109,1579,0.0,0.0,0.0
CatBoost_native_with_zip,with_billing_zip,CatBoost_native_categorical,budget_limited_high_campaign_cost,5400.0,720.0,0.6,0.89,0.0,0,0,109,1579,0.0,0.0,0.0
CatBoost_native_with_zip,with_billing_zip,CatBoost_native_categorical,budget_limited_high_campaign_cost,5400.0,720.0,0.6,0.9,0.0,0,0,109,1579,0.0,0.0,0.0
CatBoost_native_with_zip,with_billing_zip,CatBoost_native_categorical,budget_limited_high_campaign_cost,5400.0,720.0,0.6,0.91,0.0,0,0,109,1579,0.0,0.0,0.0
CatBoost_native_with_zip,with_billing_zip,CatBoost_native_categorical,budget_limited_high_campaign_cost,5400.0,720.0,0.6,0.92,0.0,0,0,109,1579,0.0,0.0,0.0
CatBoost_native_with_zip,with_billing_zip,CatBoost_native_categorical,budget_limited_high_campaign_cost,5400.0,720.0,0.6,0.93,0.0,0,0,109,1579,0.0,0.0,0.0
CatBoost_native_with_zip,with_billing_zip,CatBoost_native_categorical,budget_limited_high_campaign_cost,5400.0,720.0,0.6,0.94,0.0,0,0,109,1579,0.0,0.0,0.0
CatBoost_native_with_zip,with_billing_zip,CatBoost_native_categorical,budget_limited_high_campaign_cost,5400.0,720.0,0.6,0.95,0.0,0,0,109,1579,0.0,0.0,0.0
CatBoost_native_with_zip,with_billing_zip,CatBoost_native_categorical,budget_limited_high_campaign_cost,5400.0,720.0,0.6,0.96,0.0,0,0,109,1579,0.0,0.0,0.0
CatBoost_native_with_zip,with_billing_zip,CatBoost_native_categorical,budget_limited_high_campaign_cost,5400.0,720.0,0.6,0.97,0.0,0,0,109,1579,0.0,0.0,0.0
CatBoost_native_with_zip,with_billing_zip,CatBoost_native_categorical,budget_limited_high_campaign_cost,5400.0,720.0,0.6,0.98,0.0,0,0,109,1579,0.0,0.0,0.0
CatBoost_native_with_zip,with_billing_zip,CatBoost_native_categorical,budget_limited_high_campaign_cost,5400.0,720.0,0.6,0.99,0.0,0,0,109,1579,0.0,0.0,0.0
CatBoost_native_with_zip,with_billing_zip,CatBoost_native_categorical,small_business_value,1200.0,120.0,0.6,0.01,-111000.0,109,1579,0,0,1.0,0.06457345971563981,0.1213132999443517
CatBoost_native_with_zip,with_billing_zip,CatBoost_native_categorical,small_business_value,1200.0,120.0,0.6,0.02,-110760.0,109,1577,0,2,1.0,0.06465005931198102,0.12144846796657381
CatBoost_native_with_zip,with_billing_zip,CatBoost_native_categorical,small_business_value,1200.0,120.0,0.6,0.03,-110400.0,109,1574,0,5,1.0,0.0647653000594177,0.12165178571428571
CatBoost_native_with_zip,with_billing_zip,CatBoost_native_categorical,small_business_value,1200.0,120.0,0.6,0.04,-110280.0,109,1573,0,6,1.0,0.06480380499405469,0.12171970965940815
CatBoost_native_with_zip,with_billing_zip,CatBoost_native_categorical,small_business_value,1200.0,120.0,0.6,0.05,-110160.0,109,1572,0,7,1.0,0.06484235574063058,0.1217877094972067
CatBoost_native_with_zip,with_billing_zip,CatBoost_native_categorical,small_business_value,1200.0,120.0,0.6,0.06,-109800.0,109,1569,0,10,1.0,0.06495828367103695,0.12199216564073867
CatBoost_native_with_zip,with_billing_zip,CatBoost_native_categorical,small_business_value,1200.0,120.0,0.6,0.07,-109440.0,109,1566,0,13,1.0,0.06507462686567164,0.12219730941704036
CatBoost_native_with_zip,with_billing_zip,CatBoost_native_categorical,small_business_value,1200.0,120.0,0.6,0.08,-108600.0,109,1559,0,20,1.0,0.06534772182254196,0.12267867191896455
CatBoost_native_with_zip,with_billing_zip,CatBoost_native_categorical,small_business_value,1200.0,120.0,0.6,0.09,-109440.0,107,1554,2,25,0.981651376146789,0.06441902468392535,0.12090395480225989
CatBoost_native_with_zip,with_billing_zip,CatBoost_native_categorical,small_business_value,1200.0,120.0,0.6,0.1,-108240.0,107,1544,2,35,0.981651376146789,0.06480920654149,0.1215909090909091
CatBoost_native_with_zip,with_billing_zip,CatBoost_native_categorical,small_business_value,1200.0,120.0,0.6,0.11,-108000.0,107,1542,2,37,0.981651376146789,0.06488781079442087,0.1217292377701934
CatBoost_native_with_zip,with_billing_zip,CatBoost_native_categorical,small_business_value,1200.0,120.0,0.6,0.12,-107880.0,107,1541,2,38,0.981651376146789,0.06492718446601942,0.1217985202048947
CatBoost_native_with_zip,with_billing_zip,CatBoost_native_categorical,small_business_value,1200.0,120.0,0.6,0.13,-107640.0,107,1539,2,40,0.981651376146789,0.06500607533414338,0.12193732193732194
CatBoost_native_with_zip,with_billing_zip,CatBoost_native_categorical,small_business_value,1200.0,120.0,0.6,0.14,-107040.0,107,1534,2,45,0.981651376146789,0.06520414381474711,0.12228571428571429
CatBoost_native_with_zip,with_billing_zip,CatBoost_native_categorical,small_business_value,1200.0,120.0,0.6,0.15,-107760.0,105,1528,4,51,0.963302752293578,0.06429883649724434,0.12055109070034443
CatBoost_native_with_zip,with_billing_zip,CatBoost_native_categorical,small_business_value,1200.0,120.0,0.6,0.16,-107040.0,105,1522,4,57,0.963302752293578,0.0645359557467732,0.12096774193548387
CatBoost_native_with_zip,with_billing_zip,CatBoost_native_categorical,small_business_value,1200.0,120.0,0.6,0.17,-106800.0,104,1514,5,65,0.9541284403669725,0.06427688504326329,0.12044006948465547
CatBoost_native_with_zip,with_billing_zip,CatBoost_native_categorical,small_business_value,1200.0,120.0,0.6,0.18,-106680.0,102,1501,7,78,0.9357798165137615,0.06363069245165315,0.1191588785046729
CatBoost_native_with_zip,with_billing_zip,CatBoost_native_categorical,small_business_value,1200.0,120.0,0.6,0.19,-105720.0,102,1493,7,86,0.9357798165137615,0.06394984326018809,0.11971830985915492
CatBoost_native_with_zip,with_billing_zip,CatBoost_native_categorical,small_business_value,1200.0,120.0,0.6,0.2,-105600.0,101,1486,8,93,0.926605504587156,0.06364209199747953,0.11910377358490566
CatBoost_native_with_zip,with_billing_zip,CatBoost_native_categorical,small_business_value,1200.0,120.0,0.6,0.21,-104040.0,101,1473,8,106,0.926605504587156,0.06416772554002541,0.12002376708259062
CatBoost_native_with_zip,with_billing_zip,CatBoost_native_categorical,small_business_value,1200.0,120.0,0.6,0.22,-103920.0,99,1460,10,119,0.908256880733945,0.06350224502886466,0.11870503597122302
CatBoost_native_with_zip,with_billing_zip,CatBoost_native_categorical,small_business_value,1200.0,120.0,0.6,0.23,-102960.0,98,1446,11,133,0.8990825688073395,0.06347150259067358,0.11857229280096794
CatBoost_native_with_zip,with_billing_zip,CatBoost_native_categorical,small_business_value,1200.0,120.0,0.6,0.24,-102360.0,97,1435,12,144,0.8899082568807339,0.06331592689295039,0.1182205971968312
CatBoost_native_with_zip,with_billing_zip,CatBoost_native_categorical,small_business_value,1200.0,120.0,0.6,0.25,-101280.0,95,1414,14,165,0.8715596330275229,0.06295559973492379,0.11742892459826947
CatBoost_native_with_zip,with_billing_zip,CatBoost_native_categorical,small_business_value,1200.0,120.0,0.6,0.26,-99840.0,94,1396,15,183,0.8623853211009175,0.06308724832214765,0.11757348342714197
CatBoost_native_with_zip,with_billing_zip,CatBoost_native_categorical,small_business_value,1200.0,120.0,0.6,0.27,-99360.0,92,1380,17,199,0.8440366972477065,0.0625,0.116382036685642
CatBoost_native_with_zip,with_billing_zip,CatBoost_native_categorical,small_business_value,1200.0,120.0,0.6,0.28,-97560.0,92,1365,17,214,0.8440366972477065,0.06314344543582705,0.11749680715197956
CatBoost_native_with_zip,with_billing_zip,CatBoost_native_categorical,small_business_value,1200.0,120.0,0.6,0.29,-96360.0,92,1355,17,224,0.8440366972477065,0.0635798203178991,0.11825192802056556
CatBoost_native_with_zip,with_billing_zip,CatBoost_native_categorical,small_business_value,1200.0,120.0,0.6,0.3,-95160.0,91,1339,18,240,0.8348623853211009,0.06363636363636363,0.11825860948667966
CatBoost_native_with_zip,with_billing_zip,CatBoost_native_categorical,small_business_value,1200.0,120.0,0.6,0.31,-91560.0,91,1309,18,270,0.8348623853211009,0.065,0.12060967528164347
CatBoost_native_with_zip,with_billing_zip,CatBoost_native_categorical,small_business_value,1200.0,120.0,0.6,0.32,-88440.0,91,1283,18,296,0.8348623853211009,0.06622998544395925,0.1227242076871207
CatBoost_native_with_zip,with_billing_zip,CatBoost_native_categorical,small_business_value,1200.0,120.0,0.6,0.33,-85560.0,91,1259,18,320,0.8348623853211009,0.0674074074074074,0.1247429746401645
CatBoost_native_with_zip,with_billing_zip,CatBoost_native_categorical,small_business_value,1200.0,120.0,0.6,0.34,-81480.0,91,1225,18,354,0.8348623853211009,0.06914893617021277,0.12771929824561404
CatBoost_native_with_zip,with_billing_zip,CatBoost_native_categorical,small_business_value,1200.0,120.0,0.6,0.35,-77160.0,91,1189,18,390,0.8348623853211009,0.07109375,0.13102951763858892
CatBoost_native_with_zip,with_billing_zip,CatBoost_native_categorical,small_business_value,1200.0,120.0,0.6,0.36,-72840.0,91,1153,18,426,0.8348623853211009,0.07315112540192927,0.1345158906134516
CatBoost_native_with_zip,with_billing_zip,CatBoost_native_categorical,small_business_value,1200.0,120.0,0.6,0.37,-70200.0,88,1113,21,466,0.8073394495412844,0.07327227310574522,0.13435114503816795
CatBoost_native_with_zip,with_billing_zip,CatBoost_native_categorical,small_business_value,1200.0,120.0,0.6,0.38,-67440.0,84,1066,25,513,0.7706422018348624,0.07304347826086957,0.13343923749007147
CatBoost_native_with_zip,with_billing_zip,CatBoost_native_categorical,small_business_value,1200.0,120.0,0.6,0.39,-64680.0,81,1025,28,554,0.7431192660550459,0.07323688969258589,0.13333333333333333
CatBoost_native_with_zip,with_billing_zip,CatBoost_native_categorical,small_business_value,1200.0,120.0,0.6,0.4,-62640.0,77,984,32,595,0.7064220183486238,0.07257304429783223,0.13162393162393163
CatBoost_native_with_zip,with_billing_zip,CatBoost_native_categorical,small_business_value,1200.0,120.0,0.6,0.41,-60000.0,75,950,34,629,0.6880733944954128,0.07317073170731707,0.13227513227513227
CatBoost_native_with_zip,with_billing_zip,CatBoost_native_categorical,small_business_value,1200.0,120.0,0.6,0.42,-57360.0,73,916,36,663,0.6697247706422018,0.07381193124368049,0.13296903460837886
CatBoost_native_with_zip,with_billing_zip,CatBoost_native_categorical,small_business_value,1200.0,120.0,0.6,0.43,-54960.0,70,878,39,701,0.6422018348623854,0.07383966244725738,0.13245033112582782
CatBoost_native_with_zip,with_billing_zip,CatBoost_native_categorical,small_business_value,1200.0,120.0,0.6,0.44,-52440.0,67,839,42,740,0.6146788990825688,0.0739514348785872,0.13201970443349753
CatBoost_native_with_zip,with_billing_zip,CatBoost_native_categorical,small_business_value,1200.0,120.0,0.6,0.45,-48240.0,65,792,44,787,0.5963302752293578,0.07584597432905485,0.13457556935817805
CatBoost_native_with_zip,with_billing_zip,CatBoost_native_categorical,small_business_value,1200.0,120.0,0.6,0.46,-43560.0,63,741,46,838,0.5779816513761468,0.07835820895522388,0.1380065717415115
CatBoost_native_with_zip,with_billing_zip,CatBoost_native_categorical,small_business_value,1200.0,120.0,0.6,0.47,-41040.0,58,690,51,889,0.5321100917431193,0.07754010695187166,0.1353558926487748
CatBoost_native_with_zip,with_billing_zip,CatBoost_native_categorical,small_business_value,1200.0,120.0,0.6,0.48,-37560.0,57,655,52,924,0.5229357798165137,0.0800561797752809,0.13885505481120586
CatBoost_native_with_zip,with_billing_zip,CatBoost_native_categorical,small_business_value,1200.0,120.0,0.6,0.49,-35880.0,52,611,57,968,0.47706422018348627,0.0784313725490196,0.13471502590673576
CatBoost_native_with_zip,with_billing_zip,CatBoost_native_categorical,small_business_value,1200.0,120.0,0.6,0.5,-32040.0,47,549,62,1030,0.43119266055045874,0.07885906040268456,0.13333333333333333
CatBoost_native_with_zip,with_billing_zip,CatBoost_native_categorical,small_business_value,1200.0,120.0,0.6,0.51,-30000.0,43,508,66,1071,0.3944954128440367,0.0780399274047187,0.1303030303030303
CatBoost_native_with_zip,with_billing_zip,CatBoost_native_categorical,small_business_value,1200.0,120.0,0.6,0.52,-25080.0,41,455,68,1124,0.3761467889908257,0.08266129032258064,0.13553719008264462
CatBoost_native_with_zip,with_billing_zip,CatBoost_native_categorical,small_business_value,1200.0,120.0,0.6,0.53,-25080.0,33,407,76,1172,0.30275229357798167,0.075,0.12021857923497267
CatBoost_native_with_zip,with_billing_zip,CatBoost_native_categorical,small_business_value,1200.0,120.0,0.6,0.54,-20520.0,28,339,81,1240,0.25688073394495414,0.07629427792915532,0.11764705882352941
CatBoost_native_with_zip,with_billing_zip,CatBoost_native_categorical,small_business_value,1200.0,120.0,0.6,0.55,-19200.0,24,304,85,1275,0.22018348623853212,0.07317073170731707,0.10983981693363844
CatBoost_native_with_zip,with_billing_zip,CatBoost_native_categorical,small_business_value,1200.0,120.0,0.6,0.56,-15480.0,21,255,88,1324,0.1926605504587156,0.07608695652173914,0.10909090909090909
CatBoost_native_with_zip,with_billing_zip,CatBoost_native_categorical,small_business_value,1200.0,120.0,0.6,0.57,-13920.0,17,218,92,1361,0.1559633027522936,0.07234042553191489,0.09883720930232558
CatBoost_native_with_zip,with_billing_zip,CatBoost_native_categorical,small_business_value,1200.0,120.0,0.6,0.58,-10920.0,16,187,93,1392,0.14678899082568808,0.07881773399014778,0.10256410256410256
CatBoost_native_with_zip,with_billing_zip,CatBoost_native_categorical,small_business_value,1200.0,120.0,0.6,0.59,-7080.0,15,149,94,1430,0.13761467889908258,0.09146341463414634,0.10989010989010989
CatBoost_native_with_zip,with_billing_zip,CatBoost_native_categorical,small_business_value,1200.0,120.0,0.6,0.6,-5280.0,12,116,97,1463,0.11009174311926606,0.09375,0.10126582278481013
CatBoost_native_with_zip,with_billing_zip,CatBoost_native_categorical,small_business_value,1200.0,120.0,0.6,0.61,-5520.0,10,106,99,1473,0.09174311926605505,0.08620689655172414,0.08888888888888889
CatBoost_native_with_zip,with_billing_zip,CatBoost_native_categorical,small_business_value,1200.0,120.0,0.6,0.62,-3840.0,9,86,100,1493,0.08256880733944955,0.09473684210526316,0.08823529411764706
CatBoost_native_with_zip,with_billing_zip,CatBoost_native_categorical,small_business_value,1200.0,120.0,0.6,0.63,-4440.0,5,67,104,1512,0.045871559633027525,0.06944444444444445,0.055248618784530384
CatBoost_native_with_zip,with_billing_zip,CatBoost_native_categorical,small_business_value,1200.0,120.0,0.6,0.64,-4080.0,4,58,105,1521,0.03669724770642202,0.06451612903225806,0.04678362573099415
CatBoost_native_with_zip,with_billing_zip,CatBoost_native_categorical,small_business_value,1200.0,120.0,0.6,0.65,-2400.0,4,44,105,1535,0.03669724770642202,0.08333333333333333,0.050955414012738856
CatBoost_native_with_zip,with_billing_zip,CatBoost_native_categorical,small_business_value,1200.0,120.0,0.6,0.66,-1560.0,3,31,106,1548,0.027522935779816515,0.08823529411764706,0.04195804195804196
CatBoost_native_with_zip,with_billing_zip,CatBoost_native_categorical,small_business_value,1200.0,120.0,0.6,0.67,-840.0,3,25,106,1554,0.027522935779816515,0.10714285714285714,0.043795620437956206
CatBoost_native_with_zip,with_billing_zip,CatBoost_native_categorical,small_business_value,1200.0,120.0,0.6,0.68,-960.0,2,20,107,1559,0.01834862385321101,0.09090909090909091,0.030534351145038167
CatBoost_native_with_zip,with_billing_zip,CatBoost_native_categorical,small_business_value,1200.0,120.0,0.6,0.69,-1080.0,1,15,108,1564,0.009174311926605505,0.0625,0.016
CatBoost_native_with_zip,with_billing_zip,CatBoost_native_categorical,small_business_value,1200.0,120.0,0.6,0.7,-360.0,1,9,108,1570,0.009174311926605505,0.1,0.01680672268907563
CatBoost_native_with_zip,with_billing_zip,CatBoost_native_categorical,small_business_value,1200.0,120.0,0.6,0.71,-240.0,1,8,108,1571,0.009174311926605505,0.1111111111111111,0.01694915254237288
CatBoost_native_with_zip,with_billing_zip,CatBoost_native_categorical,small_business_value,1200.0,120.0,0.6,0.72,-240.0,1,8,108,1571,0.009174311926605505,0.1111111111111111,0.01694915254237288
CatBoost_native_with_zip,with_billing_zip,CatBoost_native_categorical,small_business_value,1200.0,120.0,0.6,0.73,-240.0,1,8,108,1571,0.009174311926605505,0.1111111111111111,0.01694915254237288
CatBoost_native_with_zip,with_billing_zip,CatBoost_native_categorical,small_business_value,1200.0,120.0,0.6,0.74,0.0,1,6,108,1573,0.009174311926605505,0.14285714285714285,0.017241379310344827
CatBoost_native_with_zip,with_billing_zip,CatBoost_native_categorical,small_business_value,1200.0,120.0,0.6,0.75,240.0,1,4,108,1575,0.009174311926605505,0.2,0.017543859649122806
CatBoost_native_with_zip,with_billing_zip,CatBoost_native_categorical,small_business_value,1200.0,120.0,0.6,0.76,-240.0,0,2,109,1577,0.0,0.0,0.0
CatBoost_native_with_zip,with_billing_zip,CatBoost_native_categorical,small_business_value,1200.0,120.0,0.6,0.77,-120.0,0,1,109,1578,0.0,0.0,0.0
CatBoost_native_with_zip,with_billing_zip,CatBoost_native_categorical,small_business_value,1200.0,120.0,0.6,0.78,0.0,0,0,109,1579,0.0,0.0,0.0
CatBoost_native_with_zip,with_billing_zip,CatBoost_native_categorical,small_business_value,1200.0,120.0,0.6,0.79,0.0,0,0,109,1579,0.0,0.0,0.0
CatBoost_native_with_zip,with_billing_zip,CatBoost_native_categorical,small_business_value,1200.0,120.0,0.6,0.8,0.0,0,0,109,1579,0.0,0.0,0.0
CatBoost_native_with_zip,with_billing_zip,CatBoost_native_categorical,small_business_value,1200.0,120.0,0.6,0.81,0.0,0,0,109,1579,0.0,0.0,0.0
CatBoost_native_with_zip,with_billing_zip,CatBoost_native_categorical,small_business_value,1200.0,120.0,0.6,0.82,0.0,0,0,109,1579,0.0,0.0,0.0
CatBoost_native_with_zip,with_billing_zip,CatBoost_native_categorical,small_business_value,1200.0,120.0,0.6,0.83,0.0,0,0,109,1579,0.0,0.0,0.0
CatBoost_native_with_zip,with_billing_zip,CatBoost_native_categorical,small_business_value,1200.0,120.0,0.6,0.84,0.0,0,0,109,1579,0.0,0.0,0.0
CatBoost_native_with_zip,with_billing_zip,CatBoost_native_categorical,small_business_value,1200.0,120.0,0.6,0.85,0.0,0,0,109,1579,0.0,0.0,0.0
CatBoost_native_with_zip,with_billing_zip,CatBoost_native_categorical,small_business_value,1200.0,120.0,0.6,0.86,0.0,0,0,109,1579,0.0,0.0,0.0
CatBoost_native_with_zip,with_billing_zip,CatBoost_native_categorical,small_business_value,1200.0,120.0,0.6,0.87,0.0,0,0,109,1579,0.0,0.0,0.0
CatBoost_native_with_zip,with_billing_zip,CatBoost_native_categorical,small_business_value,1200.0,120.0,0.6,0.88,0.0,0,0,109,1579,0.0,0.0,0.0
CatBoost_native_with_zip,with_billing_zip,CatBoost_native_categorical,small_business_value,1200.0,120.0,0.6,0.89,0.0,0,0,109,1579,0.0,0.0,0.0
CatBoost_native_with_zip,with_billing_zip,CatBoost_native_categorical,small_business_value,1200.0,120.0,0.6,0.9,0.0,0,0,109,1579,0.0,0.0,0.0
CatBoost_native_with_zip,with_billing_zip,CatBoost_native_categorical,small_business_value,1200.0,120.0,0.6,0.91,0.0,0,0,109,1579,0.0,0.0,0.0
CatBoost_native_with_zip,with_billing_zip,CatBoost_native_categorical,small_business_value,1200.0,120.0,0.6,0.92,0.0,0,0,109,1579,0.0,0.0,0.0
CatBoost_native_with_zip,with_billing_zip,CatBoost_native_categorical,small_business_value,1200.0,120.0,0.6,0.93,0.0,0,0,109,1579,0.0,0.0,0.0
CatBoost_native_with_zip,with_billing_zip,CatBoost_native_categorical,small_business_value,1200.0,120.0,0.6,0.94,0.0,0,0,109,1579,0.0,0.0,0.0
CatBoost_native_with_zip,with_billing_zip,CatBoost_native_categorical,small_business_value,1200.0,120.0,0.6,0.95,0.0,0,0,109,1579,0.0,0.0,0.0
CatBoost_native_with_zip,with_billing_zip,CatBoost_native_categorical,small_business_value,1200.0,120.0,0.6,0.96,0.0,0,0,109,1579,0.0,0.0,0.0
CatBoost_native_with_zip,with_billing_zip,CatBoost_native_categorical,small_business_value,1200.0,120.0,0.6,0.97,0.0,0,0,109,1579,0.0,0.0,0.0
CatBoost_native_with_zip,with_billing_zip,CatBoost_native_categorical,small_business_value,1200.0,120.0,0.6,0.98,0.0,0,0,109,1579,0.0,0.0,0.0
CatBoost_native_with_zip,with_billing_zip,CatBoost_native_categorical,small_business_value,1200.0,120.0,0.6,0.99,0.0,0,0,109,1579,0.0,0.0,0.0
CatBoost_native_with_zip,with_billing_zip,CatBoost_native_categorical,enterprise_value,18000.0,120.0,0.6,0.01,987720.0,109,1579,0,0,1.0,0.06457345971563981,0.1213132999443517
CatBoost_native_with_zip,with_billing_zip,CatBoost_native_categorical,enterprise_value,18000.0,120.0,0.6,0.02,987960.0,109,1577,0,2,1.0,0.06465005931198102,0.12144846796657381
CatBoost_native_with_zip,with_billing_zip,CatBoost_native_categorical,enterprise_value,18000.0,120.0,0.6,0.03,988320.0,109,1574,0,5,1.0,0.0647653000594177,0.12165178571428571
CatBoost_native_with_zip,with_billing_zip,CatBoost_native_categorical,enterprise_value,18000.0,120.0,0.6,0.04,988440.0,109,1573,0,6,1.0,0.06480380499405469,0.12171970965940815
CatBoost_native_with_zip,with_billing_zip,CatBoost_native_categorical,enterprise_value,18000.0,120.0,0.6,0.05,988560.0,109,1572,0,7,1.0,0.06484235574063058,0.1217877094972067
CatBoost_native_with_zip,with_billing_zip,CatBoost_native_categorical,enterprise_value,18000.0,120.0,0.6,0.06,988920.0,109,1569,0,10,1.0,0.06495828367103695,0.12199216564073867
CatBoost_native_with_zip,with_billing_zip,CatBoost_native_categorical,enterprise_value,18000.0,120.0,0.6,0.07,989280.0,109,1566,0,13,1.0,0.06507462686567164,0.12219730941704036
CatBoost_native_with_zip,with_billing_zip,CatBoost_native_categorical,enterprise_value,18000.0,120.0,0.6,0.08,990120.0,109,1559,0,20,1.0,0.06534772182254196,0.12267867191896455
CatBoost_native_with_zip,with_billing_zip,CatBoost_native_categorical,enterprise_value,18000.0,120.0,0.6,0.09,969120.0,107,1554,2,25,0.981651376146789,0.06441902468392535,0.12090395480225989
CatBoost_native_with_zip,with_billing_zip,CatBoost_native_categorical,enterprise_value,18000.0,120.0,0.6,0.1,970320.0,107,1544,2,35,0.981651376146789,0.06480920654149,0.1215909090909091
CatBoost_native_with_zip,with_billing_zip,CatBoost_native_categorical,enterprise_value,18000.0,120.0,0.6,0.11,970560.0,107,1542,2,37,0.981651376146789,0.06488781079442087,0.1217292377701934
CatBoost_native_with_zip,with_billing_zip,CatBoost_native_categorical,enterprise_value,18000.0,120.0,0.6,0.12,970680.0,107,1541,2,38,0.981651376146789,0.06492718446601942,0.1217985202048947
CatBoost_native_with_zip,with_billing_zip,CatBoost_native_categorical,enterprise_value,18000.0,120.0,0.6,0.13,970920.0,107,1539,2,40,0.981651376146789,0.06500607533414338,0.12193732193732194
CatBoost_native_with_zip,with_billing_zip,CatBoost_native_categorical,enterprise_value,18000.0,120.0,0.6,0.14,971520.0,107,1534,2,45,0.981651376146789,0.06520414381474711,0.12228571428571429
CatBoost_native_with_zip,with_billing_zip,CatBoost_native_categorical,enterprise_value,18000.0,120.0,0.6,0.15,950640.0,105,1528,4,51,0.963302752293578,0.06429883649724434,0.12055109070034443
CatBoost_native_with_zip,with_billing_zip,CatBoost_native_categorical,enterprise_value,18000.0,120.0,0.6,0.16,951360.0,105,1522,4,57,0.963302752293578,0.0645359557467732,0.12096774193548387
CatBoost_native_with_zip,with_billing_zip,CatBoost_native_categorical,enterprise_value,18000.0,120.0,0.6,0.17,941520.0,104,1514,5,65,0.9541284403669725,0.06427688504326329,0.12044006948465547
CatBoost_native_with_zip,with_billing_zip,CatBoost_native_categorical,enterprise_value,18000.0,120.0,0.6,0.18,921480.0,102,1501,7,78,0.9357798165137615,0.06363069245165315,0.1191588785046729
CatBoost_native_with_zip,with_billing_zip,CatBoost_native_categorical,enterprise_value,18000.0,120.0,0.6,0.19,922440.0,102,1493,7,86,0.9357798165137615,0.06394984326018809,0.11971830985915492
CatBoost_native_with_zip,with_billing_zip,CatBoost_native_categorical,enterprise_value,18000.0,120.0,0.6,0.2,912480.0,101,1486,8,93,0.926605504587156,0.06364209199747953,0.11910377358490566
CatBoost_native_with_zip,with_billing_zip,CatBoost_native_categorical,enterprise_value,18000.0,120.0,0.6,0.21,914040.0,101,1473,8,106,0.926605504587156,0.06416772554002541,0.12002376708259062
CatBoost_native_with_zip,with_billing_zip,CatBoost_native_categorical,enterprise_value,18000.0,120.0,0.6,0.22,894000.0,99,1460,10,119,0.908256880733945,0.06350224502886466,0.11870503597122302
CatBoost_native_with_zip,with_billing_zip,CatBoost_native_categorical,enterprise_value,18000.0,120.0,0.6,0.23,884880.0,98,1446,11,133,0.8990825688073395,0.06347150259067358,0.11857229280096794
CatBoost_native_with_zip,with_billing_zip,CatBoost_native_categorical,enterprise_value,18000.0,120.0,0.6,0.24,875400.0,97,1435,12,144,0.8899082568807339,0.06331592689295039,0.1182205971968312
CatBoost_native_with_zip,with_billing_zip,CatBoost_native_categorical,enterprise_value,18000.0,120.0,0.6,0.25,856320.0,95,1414,14,165,0.8715596330275229,0.06295559973492379,0.11742892459826947
CatBoost_native_with_zip,with_billing_zip,CatBoost_native_categorical,enterprise_value,18000.0,120.0,0.6,0.26,847680.0,94,1396,15,183,0.8623853211009175,0.06308724832214765,0.11757348342714197
CatBoost_native_with_zip,with_billing_zip,CatBoost_native_categorical,enterprise_value,18000.0,120.0,0.6,0.27,828000.0,92,1380,17,199,0.8440366972477065,0.0625,0.116382036685642
CatBoost_native_with_zip,with_billing_zip,CatBoost_native_categorical,enterprise_value,18000.0,120.0,0.6,0.28,829800.0,92,1365,17,214,0.8440366972477065,0.06314344543582705,0.11749680715197956
CatBoost_native_with_zip,with_billing_zip,CatBoost_native_categorical,enterprise_value,18000.0,120.0,0.6,0.29,831000.0,92,1355,17,224,0.8440366972477065,0.0635798203178991,0.11825192802056556
CatBoost_native_with_zip,with_billing_zip,CatBoost_native_categorical,enterprise_value,18000.0,120.0,0.6,0.3,822120.0,91,1339,18,240,0.8348623853211009,0.06363636363636363,0.11825860948667966
CatBoost_native_with_zip,with_billing_zip,CatBoost_native_categorical,enterprise_value,18000.0,120.0,0.6,0.31,825720.0,91,1309,18,270,0.8348623853211009,0.065,0.12060967528164347
CatBoost_native_with_zip,with_billing_zip,CatBoost_native_categorical,enterprise_value,18000.0,120.0,0.6,0.32,828840.0,91,1283,18,296,0.8348623853211009,0.06622998544395925,0.1227242076871207
CatBoost_native_with_zip,with_billing_zip,CatBoost_native_categorical,enterprise_value,18000.0,120.0,0.6,0.33,831720.0,91,1259,18,320,0.8348623853211009,0.0674074074074074,0.1247429746401645
CatBoost_native_with_zip,with_billing_zip,CatBoost_native_categorical,enterprise_value,18000.0,120.0,0.6,0.34,835800.0,91,1225,18,354,0.8348623853211009,0.06914893617021277,0.12771929824561404
CatBoost_native_with_zip,with_billing_zip,CatBoost_native_categorical,enterprise_value,18000.0,120.0,0.6,0.35,840120.0,91,1189,18,390,0.8348623853211009,0.07109375,0.13102951763858892
CatBoost_native_with_zip,with_billing_zip,CatBoost_native_categorical,enterprise_value,18000.0,120.0,0.6,0.36,844440.0,91,1153,18,426,0.8348623853211009,0.07315112540192927,0.1345158906134516
CatBoost_native_with_zip,with_billing_zip,CatBoost_native_categorical,enterprise_value,18000.0,120.0,0.6,0.37,816840.0,88,1113,21,466,0.8073394495412844,0.07327227310574522,0.13435114503816795
CatBoost_native_with_zip,with_billing_zip,CatBoost_native_categorical,enterprise_value,18000.0,120.0,0.6,0.38,779280.0,84,1066,25,513,0.7706422018348624,0.07304347826086957,0.13343923749007147
CatBoost_native_with_zip,with_billing_zip,CatBoost_native_categorical,enterprise_value,18000.0,120.0,0.6,0.39,751800.0,81,1025,28,554,0.7431192660550459,0.07323688969258589,0.13333333333333333
CatBoost_native_with_zip,with_billing_zip,CatBoost_native_categorical,enterprise_value,18000.0,120.0,0.6,0.4,713520.0,77,984,32,595,0.7064220183486238,0.07257304429783223,0.13162393162393163
CatBoost_native_with_zip,with_billing_zip,CatBoost_native_categorical,enterprise_value,18000.0,120.0,0.6,0.41,696000.0,75,950,34,629,0.6880733944954128,0.07317073170731707,0.13227513227513227
CatBoost_native_with_zip,with_billing_zip,CatBoost_native_categorical,enterprise_value,18000.0,120.0,0.6,0.42,678480.0,73,916,36,663,0.6697247706422018,0.07381193124368049,0.13296903460837886
CatBoost_native_with_zip,with_billing_zip,CatBoost_native_categorical,enterprise_value,18000.0,120.0,0.6,0.43,650640.0,70,878,39,701,0.6422018348623854,0.07383966244725738,0.13245033112582782
CatBoost_native_with_zip,with_billing_zip,CatBoost_native_categorical,enterprise_value,18000.0,120.0,0.6,0.44,622920.0,67,839,42,740,0.6146788990825688,0.0739514348785872,0.13201970443349753
CatBoost_native_with_zip,with_billing_zip,CatBoost_native_categorical,enterprise_value,18000.0,120.0,0.6,0.45,606960.0,65,792,44,787,0.5963302752293578,0.07584597432905485,0.13457556935817805
CatBoost_native_with_zip,with_billing_zip,CatBoost_native_categorical,enterprise_value,18000.0,120.0,0.6,0.46,591480.0,63,741,46,838,0.5779816513761468,0.07835820895522388,0.1380065717415115
CatBoost_native_with_zip,with_billing_zip,CatBoost_native_categorical,enterprise_value,18000.0,120.0,0.6,0.47,543600.0,58,690,51,889,0.5321100917431193,0.07754010695187166,0.1353558926487748
CatBoost_native_with_zip,with_billing_zip,CatBoost_native_categorical,enterprise_value,18000.0,120.0,0.6,0.48,537000.0,57,655,52,924,0.5229357798165137,0.0800561797752809,0.13885505481120586
CatBoost_native_with_zip,with_billing_zip,CatBoost_native_categorical,enterprise_value,18000.0,120.0,0.6,0.49,488280.0,52,611,57,968,0.47706422018348627,0.0784313725490196,0.13471502590673576
CatBoost_native_with_zip,with_billing_zip,CatBoost_native_categorical,enterprise_value,18000.0,120.0,0.6,0.5,441720.0,47,549,62,1030,0.43119266055045874,0.07885906040268456,0.13333333333333333
CatBoost_native_with_zip,with_billing_zip,CatBoost_native_categorical,enterprise_value,18000.0,120.0,0.6,0.51,403440.0,43,508,66,1071,0.3944954128440367,0.0780399274047187,0.1303030303030303
CatBoost_native_with_zip,with_billing_zip,CatBoost_native_categorical,enterprise_value,18000.0,120.0,0.6,0.52,388200.0,41,455,68,1124,0.3761467889908257,0.08266129032258064,0.13553719008264462
CatBoost_native_with_zip,with_billing_zip,CatBoost_native_categorical,enterprise_value,18000.0,120.0,0.6,0.53,307560.0,33,407,76,1172,0.30275229357798167,0.075,0.12021857923497267
CatBoost_native_with_zip,with_billing_zip,CatBoost_native_categorical,enterprise_value,18000.0,120.0,0.6,0.54,261720.0,28,339,81,1240,0.25688073394495414,0.07629427792915532,0.11764705882352941
CatBoost_native_with_zip,with_billing_zip,CatBoost_native_categorical,enterprise_value,18000.0,120.0,0.6,0.55,222720.0,24,304,85,1275,0.22018348623853212,0.07317073170731707,0.10983981693363844
CatBoost_native_with_zip,with_billing_zip,CatBoost_native_categorical,enterprise_value,18000.0,120.0,0.6,0.56,196200.0,21,255,88,1324,0.1926605504587156,0.07608695652173914,0.10909090909090909
CatBoost_native_with_zip,with_billing_zip,CatBoost_native_categorical,enterprise_value,18000.0,120.0,0.6,0.57,157440.0,17,218,92,1361,0.1559633027522936,0.07234042553191489,0.09883720930232558
CatBoost_native_with_zip,with_billing_zip,CatBoost_native_categorical,enterprise_value,18000.0,120.0,0.6,0.58,150360.0,16,187,93,1392,0.14678899082568808,0.07881773399014778,0.10256410256410256
CatBoost_native_with_zip,with_billing_zip,CatBoost_native_categorical,enterprise_value,18000.0,120.0,0.6,0.59,144120.0,15,149,94,1430,0.13761467889908258,0.09146341463414634,0.10989010989010989
CatBoost_native_with_zip,with_billing_zip,CatBoost_native_categorical,enterprise_value,18000.0,120.0,0.6,0.6,115680.0,12,116,97,1463,0.11009174311926606,0.09375,0.10126582278481013
CatBoost_native_with_zip,with_billing_zip,CatBoost_native_categorical,enterprise_value,18000.0,120.0,0.6,0.61,95280.0,10,106,99,1473,0.09174311926605505,0.08620689655172414,0.08888888888888889
CatBoost_native_with_zip,with_billing_zip,CatBoost_native_categorical,enterprise_value,18000.0,120.0,0.6,0.62,86880.0,9,86,100,1493,0.08256880733944955,0.09473684210526316,0.08823529411764706
CatBoost_native_with_zip,with_billing_zip,CatBoost_native_categorical,enterprise_value,18000.0,120.0,0.6,0.63,45960.0,5,67,104,1512,0.045871559633027525,0.06944444444444445,0.055248618784530384
CatBoost_native_with_zip,with_billing_zip,CatBoost_native_categorical,enterprise_value,18000.0,120.0,0.6,0.64,36240.0,4,58,105,1521,0.03669724770642202,0.06451612903225806,0.04678362573099415
CatBoost_native_with_zip,with_billing_zip,CatBoost_native_categorical,enterprise_value,18000.0,120.0,0.6,0.65,37920.0,4,44,105,1535,0.03669724770642202,0.08333333333333333,0.050955414012738856
CatBoost_native_with_zip,with_billing_zip,CatBoost_native_categorical,enterprise_value,18000.0,120.0,0.6,0.66,28680.0,3,31,106,1548,0.027522935779816515,0.08823529411764706,0.04195804195804196
CatBoost_native_with_zip,with_billing_zip,CatBoost_native_categorical,enterprise_value,18000.0,120.0,0.6,0.67,29400.0,3,25,106,1554,0.027522935779816515,0.10714285714285714,0.043795620437956206
CatBoost_native_with_zip,with_billing_zip,CatBoost_native_categorical,enterprise_value,18000.0,120.0,0.6,0.68,19200.0,2,20,107,1559,0.01834862385321101,0.09090909090909091,0.030534351145038167
CatBoost_native_with_zip,with_billing_zip,CatBoost_native_categorical,enterprise_value,18000.0,120.0,0.6,0.69,9000.0,1,15,108,1564,0.009174311926605505,0.0625,0.016
CatBoost_native_with_zip,with_billing_zip,CatBoost_native_categorical,enterprise_value,18000.0,120.0,0.6,0.7,9720.0,1,9,108,1570,0.009174311926605505,0.1,0.01680672268907563
CatBoost_native_with_zip,with_billing_zip,CatBoost_native_categorical,enterprise_value,18000.0,120.0,0.6,0.71,9840.0,1,8,108,1571,0.009174311926605505,0.1111111111111111,0.01694915254237288
CatBoost_native_with_zip,with_billing_zip,CatBoost_native_categorical,enterprise_value,18000.0,120.0,0.6,0.72,9840.0,1,8,108,1571,0.009174311926605505,0.1111111111111111,0.01694915254237288
CatBoost_native_with_zip,with_billing_zip,CatBoost_native_categorical,enterprise_value,18000.0,120.0,0.6,0.73,9840.0,1,8,108,1571,0.009174311926605505,0.1111111111111111,0.01694915254237288
CatBoost_native_with_zip,with_billing_zip,CatBoost_native_categorical,enterprise_value,18000.0,120.0,0.6,0.74,10080.0,1,6,108,1573,0.009174311926605505,0.14285714285714285,0.017241379310344827
CatBoost_native_with_zip,with_billing_zip,CatBoost_native_categorical,enterprise_value,18000.0,120.0,0.6,0.75,10320.0,1,4,108,1575,0.009174311926605505,0.2,0.017543859649122806
CatBoost_native_with_zip,with_billing_zip,CatBoost_native_categorical,enterprise_value,18000.0,120.0,0.6,0.76,-240.0,0,2,109,1577,0.0,0.0,0.0
CatBoost_native_with_zip,with_billing_zip,CatBoost_native_categorical,enterprise_value,18000.0,120.0,0.6,0.77,-120.0,0,1,109,1578,0.0,0.0,0.0
CatBoost_native_with_zip,with_billing_zip,CatBoost_native_categorical,enterprise_value,18000.0,120.0,0.6,0.78,0.0,0,0,109,1579,0.0,0.0,0.0
CatBoost_native_with_zip,with_billing_zip,CatBoost_native_categorical,enterprise_value,18000.0,120.0,0.6,0.79,0.0,0,0,109,1579,0.0,0.0,0.0
CatBoost_native_with_zip,with_billing_zip,CatBoost_native_categorical,enterprise_value,18000.0,120.0,0.6,0.8,0.0,0,0,109,1579,0.0,0.0,0.0
CatBoost_native_with_zip,with_billing_zip,CatBoost_native_categorical,enterprise_value,18000.0,120.0,0.6,0.81,0.0,0,0,109,1579,0.0,0.0,0.0
CatBoost_native_with_zip,with_billing_zip,CatBoost_native_categorical,enterprise_value,18000.0,120.0,0.6,0.82,0.0,0,0,109,1579,0.0,0.0,0.0
CatBoost_native_with_zip,with_billing_zip,CatBoost_native_categorical,enterprise_value,18000.0,120.0,0.6,0.83,0.0,0,0,109,1579,0.0,0.0,0.0
CatBoost_native_with_zip,with_billing_zip,CatBoost_native_categorical,enterprise_value,18000.0,120.0,0.6,0.84,0.0,0,0,109,1579,0.0,0.0,0.0
CatBoost_native_with_zip,with_billing_zip,CatBoost_native_categorical,enterprise_value,18000.0,120.0,0.6,0.85,0.0,0,0,109,1579,0.0,0.0,0.0
CatBoost_native_with_zip,with_billing_zip,CatBoost_native_categorical,enterprise_value,18000.0,120.0,0.6,0.86,0.0,0,0,109,1579,0.0,0.0,0.0
CatBoost_native_with_zip,with_billing_zip,CatBoost_native_categorical,enterprise_value,18000.0,120.0,0.6,0.87,0.0,0,0,109,1579,0.0,0.0,0.0
CatBoost_native_with_zip,with_billing_zip,CatBoost_native_categorical,enterprise_value,18000.0,120.0,0.6,0.88,0.0,0,0,109,1579,0.0,0.0,0.0
CatBoost_native_with_zip,with_billing_zip,CatBoost_native_categorical,enterprise_value,18000.0,120.0,0.6,0.89,0.0,0,0,109,1579,0.0,0.0,0.0
CatBoost_native_with_zip,with_billing_zip,CatBoost_native_categorical,enterprise_value,18000.0,120.0,0.6,0.9,0.0,0,0,109,1579,0.0,0.0,0.0
CatBoost_native_with_zip,with_billing_zip,CatBoost_native_categorical,enterprise_value,18000.0,120.0,0.6,0.91,0.0,0,0,109,1579,0.0,0.0,0.0
CatBoost_native_with_zip,with_billing_zip,CatBoost_native_categorical,enterprise_value,18000.0,120.0,0.6,0.92,0.0,0,0,109,1579,0.0,0.0,0.0
CatBoost_native_with_zip,with_billing_zip,CatBoost_native_categorical,enterprise_value,18000.0,120.0,0.6,0.93,0.0,0,0,109,1579,0.0,0.0,0.0
CatBoost_native_with_zip,with_billing_zip,CatBoost_native_categorical,enterprise_value,18000.0,120.0,0.6,0.94,0.0,0,0,109,1579,0.0,0.0,0.0
CatBoost_native_with_zip,with_billing_zip,CatBoost_native_categorical,enterprise_value,18000.0,120.0,0.6,0.95,0.0,0,0,109,1579,0.0,0.0,0.0
CatBoost_native_with_zip,with_billing_zip,CatBoost_native_categorical,enterprise_value,18000.0,120.0,0.6,0.96,0.0,0,0,109,1579,0.0,0.0,0.0
CatBoost_native_with_zip,with_billing_zip,CatBoost_native_categorical,enterprise_value,18000.0,120.0,0.6,0.97,0.0,0,0,109,1579,0.0,0.0,0.0
CatBoost_native_with_zip,with_billing_zip,CatBoost_native_categorical,enterprise_value,18000.0,120.0,0.6,0.98,0.0,0,0,109,1579,0.0,0.0,0.0
CatBoost_native_with_zip,with_billing_zip,CatBoost_native_categorical,enterprise_value,18000.0,120.0,0.6,0.99,0.0,0,0,109,1579,0.0,0.0,0.0
CatBoost_balanced_with_zip,with_billing_zip,CatBoost_original_balanced,optimistic_low_campaign_cost,5400.0,30.0,0.6,0.01,305790.0,109,1579,0,0,1.0,0.06457345971563981,0.1213132999443517
CatBoost_balanced_with_zip,with_billing_zip,CatBoost_original_balanced,optimistic_low_campaign_cost,5400.0,30.0,0.6,0.02,305910.0,109,1575,0,4,1.0,0.06472684085510688,0.12158393753485779
CatBoost_balanced_with_zip,with_billing_zip,CatBoost_original_balanced,optimistic_low_campaign_cost,5400.0,30.0,0.6,0.03,306000.0,109,1572,0,7,1.0,0.06484235574063058,0.1217877094972067
CatBoost_balanced_with_zip,with_billing_zip,CatBoost_original_balanced,optimistic_low_campaign_cost,5400.0,30.0,0.6,0.04,306090.0,109,1569,0,10,1.0,0.06495828367103695,0.12199216564073867
CatBoost_balanced_with_zip,with_billing_zip,CatBoost_original_balanced,optimistic_low_campaign_cost,5400.0,30.0,0.6,0.05,306270.0,109,1563,0,16,1.0,0.0651913875598086,0.12240314430095452
CatBoost_balanced_with_zip,with_billing_zip,CatBoost_original_balanced,optimistic_low_campaign_cost,5400.0,30.0,0.6,0.06,303090.0,108,1561,1,18,0.9908256880733946,0.06470940683043738,0.12148481439820022
CatBoost_balanced_with_zip,with_billing_zip,CatBoost_original_balanced,optimistic_low_campaign_cost,5400.0,30.0,0.6,0.07,303150.0,108,1559,1,20,0.9908256880733946,0.0647870425914817,0.12162162162162163
CatBoost_balanced_with_zip,with_billing_zip,CatBoost_original_balanced,optimistic_low_campaign_cost,5400.0,30.0,0.6,0.08,303270.0,108,1555,1,24,0.9908256880733946,0.06494287432351173,0.12189616252821671
CatBoost_balanced_with_zip,with_billing_zip,CatBoost_original_balanced,optimistic_low_campaign_cost,5400.0,30.0,0.6,0.09,300330.0,107,1545,2,34,0.981651376146789,0.06476997578692494,0.12152186257808063
CatBoost_balanced_with_zip,with_billing_zip,CatBoost_original_balanced,optimistic_low_campaign_cost,5400.0,30.0,0.6,0.1,297180.0,106,1542,3,37,0.9724770642201835,0.06432038834951456,0.12066021627774616
CatBoost_balanced_with_zip,with_billing_zip,CatBoost_original_balanced,optimistic_low_campaign_cost,5400.0,30.0,0.6,0.11,297360.0,106,1536,3,43,0.9724770642201835,0.06455542021924482,0.12107367218732153
CatBoost_balanced_with_zip,with_billing_zip,CatBoost_original_balanced,optimistic_low_campaign_cost,5400.0,30.0,0.6,0.12,297480.0,106,1532,3,47,0.9724770642201835,0.06471306471306472,0.12135088723526044
CatBoost_balanced_with_zip,with_billing_zip,CatBoost_original_balanced,optimistic_low_campaign_cost,5400.0,30.0,0.6,0.13,294450.0,105,1525,4,54,0.963302752293578,0.06441717791411043,0.12075905692926969
CatBoost_balanced_with_zip,with_billing_zip,CatBoost_original_balanced,optimistic_low_campaign_cost,5400.0,30.0,0.6,0.14,291390.0,104,1519,5,60,0.9541284403669725,0.0640788662969809,0.12009237875288684
CatBoost_balanced_with_zip,with_billing_zip,CatBoost_original_balanced,optimistic_low_campaign_cost,5400.0,30.0,0.6,0.15,291660.0,104,1510,5,69,0.9541284403669725,0.0644361833952912,0.12071967498549042
CatBoost_balanced_with_zip,with_billing_zip,CatBoost_original_balanced,optimistic_low_campaign_cost,5400.0,30.0,0.6,0.16,288750.0,103,1499,6,80,0.944954128440367,0.06429463171036205,0.12039742840444184
CatBoost_balanced_with_zip,with_billing_zip,CatBoost_original_balanced,optimistic_low_campaign_cost,5400.0,30.0,0.6,0.17,285600.0,102,1496,7,83,0.9357798165137615,0.06382978723404255,0.1195079086115993
CatBoost_balanced_with_zip,with_billing_zip,CatBoost_original_balanced,optimistic_low_campaign_cost,5400.0,30.0,0.6,0.18,282720.0,101,1484,8,95,0.926605504587156,0.06372239747634069,0.1192443919716647
CatBoost_balanced_with_zip,with_billing_zip,CatBoost_original_balanced,optimistic_low_campaign_cost,5400.0,30.0,0.6,0.19,283170.0,101,1469,8,110,0.926605504587156,0.0643312101910828,0.12030970815961882
CatBoost_balanced_with_zip,with_billing_zip,CatBoost_original_balanced,optimistic_low_campaign_cost,5400.0,30.0,0.6,0.2,283500.0,101,1458,8,121,0.926605504587156,0.06478511866581142,0.1211031175059952
CatBoost_balanced_with_zip,with_billing_zip,CatBoost_original_balanced,optimistic_low_campaign_cost,5400.0,30.0,0.6,0.21,280680.0,100,1444,9,135,0.9174311926605505,0.06476683937823834,0.12099213551119177
CatBoost_balanced_with_zip,with_billing_zip,CatBoost_original_balanced,optimistic_low_campaign_cost,5400.0,30.0,0.6,0.22,274650.0,98,1429,11,150,0.8990825688073395,0.06417812704649639,0.1198044009779951
CatBoost_balanced_with_zip,with_billing_zip,CatBoost_original_balanced,optimistic_low_campaign_cost,5400.0,30.0,0.6,0.23,275070.0,98,1415,11,164,0.8990825688073395,0.06477197620621282,0.12083847102342787
CatBoost_balanced_with_zip,with_billing_zip,CatBoost_original_balanced,optimistic_low_campaign_cost,5400.0,30.0,0.6,0.24,269190.0,96,1395,13,184,0.8807339449541285,0.06438631790744467,0.12
CatBoost_balanced_with_zip,with_billing_zip,CatBoost_original_balanced,optimistic_low_campaign_cost,5400.0,30.0,0.6,0.25,266490.0,95,1377,14,202,0.8715596330275229,0.06453804347826086,0.12017710309930424
CatBoost_balanced_with_zip,with_billing_zip,CatBoost_original_balanced,optimistic_low_campaign_cost,5400.0,30.0,0.6,0.26,267180.0,95,1354,14,225,0.8715596330275229,0.06556245686680469,0.12195121951219512
CatBoost_balanced_with_zip,with_billing_zip,CatBoost_original_balanced,optimistic_low_campaign_cost,5400.0,30.0,0.6,0.27,264450.0,94,1337,15,242,0.8623853211009175,0.06568832983927324,0.12207792207792208
CatBoost_balanced_with_zip,with_billing_zip,CatBoost_original_balanced,optimistic_low_campaign_cost,5400.0,30.0,0.6,0.28,265050.0,94,1317,15,262,0.8623853211009175,0.0666194188518781,0.12368421052631579
CatBoost_balanced_with_zip,with_billing_zip,CatBoost_original_balanced,optimistic_low_campaign_cost,5400.0,30.0,0.6,0.29,266100.0,94,1282,15,297,0.8623853211009175,0.06831395348837209,0.1265993265993266
CatBoost_balanced_with_zip,with_billing_zip,CatBoost_original_balanced,optimistic_low_campaign_cost,5400.0,30.0,0.6,0.3,263520.0,93,1260,16,319,0.8532110091743119,0.06873614190687362,0.12722298221614228
CatBoost_balanced_with_zip,with_billing_zip,CatBoost_original_balanced,optimistic_low_campaign_cost,5400.0,30.0,0.6,0.31,261180.0,92,1230,17,349,0.8440366972477065,0.06959152798789713,0.12858141160027953
CatBoost_balanced_with_zip,with_billing_zip,CatBoost_original_balanced,optimistic_low_campaign_cost,5400.0,30.0,0.6,0.32,255750.0,90,1195,19,384,0.8256880733944955,0.07003891050583658,0.1291248206599713
CatBoost_balanced_with_zip,with_billing_zip,CatBoost_original_balanced,optimistic_low_campaign_cost,5400.0,30.0,0.6,0.33,250200.0,88,1164,21,415,0.8073394495412844,0.07028753993610223,0.1293166789125643
CatBoost_balanced_with_zip,with_billing_zip,CatBoost_original_balanced,optimistic_low_campaign_cost,5400.0,30.0,0.6,0.34,248130.0,87,1125,22,454,0.7981651376146789,0.07178217821782178,0.13171839515518546
CatBoost_balanced_with_zip,with_billing_zip,CatBoost_original_balanced,optimistic_low_campaign_cost,5400.0,30.0,0.6,0.35,242730.0,85,1089,24,490,0.7798165137614679,0.07240204429301533,0.13250194855806702
CatBoost_balanced_with_zip,with_billing_zip,CatBoost_original_balanced,optimistic_low_campaign_cost,5400.0,30.0,0.6,0.36,237450.0,83,1049,26,530,0.7614678899082569,0.07332155477031801,0.13376309427880742
CatBoost_balanced_with_zip,with_billing_zip,CatBoost_original_balanced,optimistic_low_campaign_cost,5400.0,30.0,0.6,0.37,232140.0,81,1010,28,569,0.7431192660550459,0.07424381301558204,0.135
CatBoost_balanced_with_zip,with_billing_zip,CatBoost_original_balanced,optimistic_low_campaign_cost,5400.0,30.0,0.6,0.38,226890.0,79,969,30,610,0.7247706422018348,0.07538167938931298,0.1365600691443388
CatBoost_balanced_with_zip,with_billing_zip,CatBoost_original_balanced,optimistic_low_campaign_cost,5400.0,30.0,0.6,0.39,218730.0,76,917,33,662,0.6972477064220184,0.07653575025176233,0.13793103448275862
CatBoost_balanced_with_zip,with_billing_zip,CatBoost_original_balanced,optimistic_low_campaign_cost,5400.0,30.0,0.6,0.4,210090.0,73,881,36,698,0.6697247706422018,0.07651991614255765,0.13734713076199437
CatBoost_balanced_with_zip,with_billing_zip,CatBoost_original_balanced,optimistic_low_campaign_cost,5400.0,30.0,0.6,0.41,201750.0,70,835,39,744,0.6422018348623854,0.07734806629834254,0.13806706114398423
CatBoost_balanced_with_zip,with_billing_zip,CatBoost_original_balanced,optimistic_low_campaign_cost,5400.0,30.0,0.6,0.42,190110.0,66,791,43,788,0.6055045871559633,0.07701283547257877,0.13664596273291926
CatBoost_balanced_with_zip,with_billing_zip,CatBoost_original_balanced,optimistic_low_campaign_cost,5400.0,30.0,0.6,0.43,178530.0,62,745,47,834,0.5688073394495413,0.0768277571251549,0.13537117903930132
CatBoost_balanced_with_zip,with_billing_zip,CatBoost_original_balanced,optimistic_low_campaign_cost,5400.0,30.0,0.6,0.44,176220.0,61,714,48,865,0.5596330275229358,0.07870967741935483,0.13800904977375567
CatBoost_balanced_with_zip,with_billing_zip,CatBoost_original_balanced,optimistic_low_campaign_cost,5400.0,30.0,0.6,0.45,171120.0,59,668,50,911,0.5412844036697247,0.0811554332874828,0.14114832535885166
CatBoost_balanced_with_zip,with_billing_zip,CatBoost_original_balanced,optimistic_low_campaign_cost,5400.0,30.0,0.6,0.46,162720.0,56,624,53,955,0.5137614678899083,0.08235294117647059,0.14195183776932827
CatBoost_balanced_with_zip,with_billing_zip,CatBoost_original_balanced,optimistic_low_campaign_cost,5400.0,30.0,0.6,0.47,144270.0,50,591,59,988,0.45871559633027525,0.078003120124805,0.13333333333333333
CatBoost_balanced_with_zip,with_billing_zip,CatBoost_original_balanced,optimistic_low_campaign_cost,5400.0,30.0,0.6,0.48,135960.0,47,544,62,1035,0.43119266055045874,0.07952622673434856,0.13428571428571429
CatBoost_balanced_with_zip,with_billing_zip,CatBoost_original_balanced,optimistic_low_campaign_cost,5400.0,30.0,0.6,0.49,130650.0,45,505,64,1074,0.41284403669724773,0.08181818181818182,0.13657056145675264
CatBoost_balanced_with_zip,with_billing_zip,CatBoost_original_balanced,optimistic_low_campaign_cost,5400.0,30.0,0.6,0.5,119160.0,41,456,68,1123,0.3761467889908257,0.08249496981891348,0.1353135313531353
CatBoost_balanced_with_zip,with_billing_zip,CatBoost_original_balanced,optimistic_low_campaign_cost,5400.0,30.0,0.6,0.51,110700.0,38,414,71,1165,0.3486238532110092,0.084070796460177,0.1354723707664884
CatBoost_balanced_with_zip,with_billing_zip,CatBoost_original_balanced,optimistic_low_campaign_cost,5400.0,30.0,0.6,0.52,102330.0,35,369,74,1210,0.3211009174311927,0.08663366336633663,0.1364522417153996
CatBoost_balanced_with_zip,with_billing_zip,CatBoost_original_balanced,optimistic_low_campaign_cost,5400.0,30.0,0.6,0.53,93660.0,32,334,77,1245,0.29357798165137616,0.08743169398907104,0.13473684210526315
CatBoost_balanced_with_zip,with_billing_zip,CatBoost_original_balanced,optimistic_low_campaign_cost,5400.0,30.0,0.6,0.54,81600.0,28,304,81,1275,0.25688073394495414,0.08433734939759036,0.12698412698412698
CatBoost_balanced_with_zip,with_billing_zip,CatBoost_original_balanced,optimistic_low_campaign_cost,5400.0,30.0,0.6,0.55,76710.0,26,251,83,1328,0.23853211009174313,0.09386281588447654,0.13471502590673576
CatBoost_balanced_with_zip,with_billing_zip,CatBoost_original_balanced,optimistic_low_campaign_cost,5400.0,30.0,0.6,0.56,71520.0,24,208,85,1371,0.22018348623853212,0.10344827586206896,0.14076246334310852
CatBoost_balanced_with_zip,with_billing_zip,CatBoost_original_balanced,optimistic_low_campaign_cost,5400.0,30.0,0.6,0.57,59220.0,20,186,89,1393,0.1834862385321101,0.0970873786407767,0.12698412698412698
CatBoost_balanced_with_zip,with_billing_zip,CatBoost_original_balanced,optimistic_low_campaign_cost,5400.0,30.0,0.6,0.58,50460.0,17,154,92,1425,0.1559633027522936,0.09941520467836257,0.12142857142857143
CatBoost_balanced_with_zip,with_billing_zip,CatBoost_original_balanced,optimistic_low_campaign_cost,5400.0,30.0,0.6,0.59,47910.0,16,131,93,1448,0.14678899082568808,0.10884353741496598,0.125
CatBoost_balanced_with_zip,with_billing_zip,CatBoost_original_balanced,optimistic_low_campaign_cost,5400.0,30.0,0.6,0.6,32430.0,11,107,98,1472,0.10091743119266056,0.09322033898305085,0.09691629955947137
CatBoost_balanced_with_zip,with_billing_zip,CatBoost_original_balanced,optimistic_low_campaign_cost,5400.0,30.0,0.6,0.61,32970.0,11,89,98,1490,0.10091743119266056,0.11,0.10526315789473684
CatBoost_balanced_with_zip,with_billing_zip,CatBoost_original_balanced,optimistic_low_campaign_cost,5400.0,30.0,0.6,0.62,26880.0,9,76,100,1503,0.08256880733944955,0.10588235294117647,0.09278350515463918
CatBoost_balanced_with_zip,with_billing_zip,CatBoost_original_balanced,optimistic_low_campaign_cost,5400.0,30.0,0.6,0.63,27300.0,9,62,100,1517,0.08256880733944955,0.1267605633802817,0.1
CatBoost_balanced_with_zip,with_billing_zip,CatBoost_original_balanced,optimistic_low_campaign_cost,5400.0,30.0,0.6,0.64,24480.0,8,48,101,1531,0.07339449541284404,0.14285714285714285,0.09696969696969697
CatBoost_balanced_with_zip,with_billing_zip,CatBoost_original_balanced,optimistic_low_campaign_cost,5400.0,30.0,0.6,0.65,18210.0,6,41,103,1538,0.05504587155963303,0.1276595744680851,0.07692307692307693
CatBoost_balanced_with_zip,with_billing_zip,CatBoost_original_balanced,optimistic_low_campaign_cost,5400.0,30.0,0.6,0.66,12060.0,4,30,105,1549,0.03669724770642202,0.11764705882352941,0.055944055944055944
CatBoost_balanced_with_zip,with_billing_zip,CatBoost_original_balanced,optimistic_low_campaign_cost,5400.0,30.0,0.6,0.67,5850.0,2,21,107,1558,0.01834862385321101,0.08695652173913043,0.030303030303030304
CatBoost_balanced_with_zip,with_billing_zip,CatBoost_original_balanced,optimistic_low_campaign_cost,5400.0,30.0,0.6,0.68,5880.0,2,20,107,1559,0.01834862385321101,0.09090909090909091,0.030534351145038167
CatBoost_balanced_with_zip,with_billing_zip,CatBoost_original_balanced,optimistic_low_campaign_cost,5400.0,30.0,0.6,0.69,6090.0,2,13,107,1566,0.01834862385321101,0.13333333333333333,0.03225806451612903
CatBoost_balanced_with_zip,with_billing_zip,CatBoost_original_balanced,optimistic_low_campaign_cost,5400.0,30.0,0.6,0.7,6180.0,2,10,107,1569,0.01834862385321101,0.16666666666666666,0.03305785123966942
CatBoost_balanced_with_zip,with_billing_zip,CatBoost_original_balanced,optimistic_low_campaign_cost,5400.0,30.0,0.6,0.71,6360.0,2,4,107,1575,0.01834862385321101,0.3333333333333333,0.034782608695652174
CatBoost_balanced_with_zip,with_billing_zip,CatBoost_original_balanced,optimistic_low_campaign_cost,5400.0,30.0,0.6,0.72,6420.0,2,2,107,1577,0.01834862385321101,0.5,0.035398230088495575
CatBoost_balanced_with_zip,with_billing_zip,CatBoost_original_balanced,optimistic_low_campaign_cost,5400.0,30.0,0.6,0.73,6420.0,2,2,107,1577,0.01834862385321101,0.5,0.035398230088495575
CatBoost_balanced_with_zip,with_billing_zip,CatBoost_original_balanced,optimistic_low_campaign_cost,5400.0,30.0,0.6,0.74,6450.0,2,1,107,1578,0.01834862385321101,0.6666666666666666,0.03571428571428571
CatBoost_balanced_with_zip,with_billing_zip,CatBoost_original_balanced,optimistic_low_campaign_cost,5400.0,30.0,0.6,0.75,6450.0,2,1,107,1578,0.01834862385321101,0.6666666666666666,0.03571428571428571
CatBoost_balanced_with_zip,with_billing_zip,CatBoost_original_balanced,optimistic_low_campaign_cost,5400.0,30.0,0.6,0.76,6450.0,2,1,107,1578,0.01834862385321101,0.6666666666666666,0.03571428571428571
CatBoost_balanced_with_zip,with_billing_zip,CatBoost_original_balanced,optimistic_low_campaign_cost,5400.0,30.0,0.6,0.77,3240.0,1,0,108,1579,0.009174311926605505,1.0,0.01818181818181818
CatBoost_balanced_with_zip,with_billing_zip,CatBoost_original_balanced,optimistic_low_campaign_cost,5400.0,30.0,0.6,0.78,0.0,0,0,109,1579,0.0,0.0,0.0
CatBoost_balanced_with_zip,with_billing_zip,CatBoost_original_balanced,optimistic_low_campaign_cost,5400.0,30.0,0.6,0.79,0.0,0,0,109,1579,0.0,0.0,0.0
CatBoost_balanced_with_zip,with_billing_zip,CatBoost_original_balanced,optimistic_low_campaign_cost,5400.0,30.0,0.6,0.8,0.0,0,0,109,1579,0.0,0.0,0.0
CatBoost_balanced_with_zip,with_billing_zip,CatBoost_original_balanced,optimistic_low_campaign_cost,5400.0,30.0,0.6,0.81,0.0,0,0,109,1579,0.0,0.0,0.0
CatBoost_balanced_with_zip,with_billing_zip,CatBoost_original_balanced,optimistic_low_campaign_cost,5400.0,30.0,0.6,0.82,0.0,0,0,109,1579,0.0,0.0,0.0
CatBoost_balanced_with_zip,with_billing_zip,CatBoost_original_balanced,optimistic_low_campaign_cost,5400.0,30.0,0.6,0.83,0.0,0,0,109,1579,0.0,0.0,0.0
CatBoost_balanced_with_zip,with_billing_zip,CatBoost_original_balanced,optimistic_low_campaign_cost,5400.0,30.0,0.6,0.84,0.0,0,0,109,1579,0.0,0.0,0.0
CatBoost_balanced_with_zip,with_billing_zip,CatBoost_original_balanced,optimistic_low_campaign_cost,5400.0,30.0,0.6,0.85,0.0,0,0,109,1579,0.0,0.0,0.0
CatBoost_balanced_with_zip,with_billing_zip,CatBoost_original_balanced,optimistic_low_campaign_cost,5400.0,30.0,0.6,0.86,0.0,0,0,109,1579,0.0,0.0,0.0
CatBoost_balanced_with_zip,with_billing_zip,CatBoost_original_balanced,optimistic_low_campaign_cost,5400.0,30.0,0.6,0.87,0.0,0,0,109,1579,0.0,0.0,0.0
CatBoost_balanced_with_zip,with_billing_zip,CatBoost_original_balanced,optimistic_low_campaign_cost,5400.0,30.0,0.6,0.88,0.0,0,0,109,1579,0.0,0.0,0.0
CatBoost_balanced_with_zip,with_billing_zip,CatBoost_original_balanced,optimistic_low_campaign_cost,5400.0,30.0,0.6,0.89,0.0,0,0,109,1579,0.0,0.0,0.0
CatBoost_balanced_with_zip,with_billing_zip,CatBoost_original_balanced,optimistic_low_campaign_cost,5400.0,30.0,0.6,0.9,0.0,0,0,109,1579,0.0,0.0,0.0
CatBoost_balanced_with_zip,with_billing_zip,CatBoost_original_balanced,optimistic_low_campaign_cost,5400.0,30.0,0.6,0.91,0.0,0,0,109,1579,0.0,0.0,0.0
CatBoost_balanced_with_zip,with_billing_zip,CatBoost_original_balanced,optimistic_low_campaign_cost,5400.0,30.0,0.6,0.92,0.0,0,0,109,1579,0.0,0.0,0.0
CatBoost_balanced_with_zip,with_billing_zip,CatBoost_original_balanced,optimistic_low_campaign_cost,5400.0,30.0,0.6,0.93,0.0,0,0,109,1579,0.0,0.0,0.0
CatBoost_balanced_with_zip,with_billing_zip,CatBoost_original_balanced,optimistic_low_campaign_cost,5400.0,30.0,0.6,0.94,0.0,0,0,109,1579,0.0,0.0,0.0
CatBoost_balanced_with_zip,with_billing_zip,CatBoost_original_balanced,optimistic_low_campaign_cost,5400.0,30.0,0.6,0.95,0.0,0,0,109,1579,0.0,0.0,0.0
CatBoost_balanced_with_zip,with_billing_zip,CatBoost_original_balanced,optimistic_low_campaign_cost,5400.0,30.0,0.6,0.96,0.0,0,0,109,1579,0.0,0.0,0.0
CatBoost_balanced_with_zip,with_billing_zip,CatBoost_original_balanced,optimistic_low_campaign_cost,5400.0,30.0,0.6,0.97,0.0,0,0,109,1579,0.0,0.0,0.0
CatBoost_balanced_with_zip,with_billing_zip,CatBoost_original_balanced,optimistic_low_campaign_cost,5400.0,30.0,0.6,0.98,0.0,0,0,109,1579,0.0,0.0,0.0
CatBoost_balanced_with_zip,with_billing_zip,CatBoost_original_balanced,optimistic_low_campaign_cost,5400.0,30.0,0.6,0.99,0.0,0,0,109,1579,0.0,0.0,0.0
CatBoost_balanced_with_zip,with_billing_zip,CatBoost_original_balanced,paper_baseline,5400.0,120.0,0.6,0.01,163680.0,109,1579,0,0,1.0,0.06457345971563981,0.1213132999443517
CatBoost_balanced_with_zip,with_billing_zip,CatBoost_original_balanced,paper_baseline,5400.0,120.0,0.6,0.02,164160.0,109,1575,0,4,1.0,0.06472684085510688,0.12158393753485779
CatBoost_balanced_with_zip,with_billing_zip,CatBoost_original_balanced,paper_baseline,5400.0,120.0,0.6,0.03,164520.0,109,1572,0,7,1.0,0.06484235574063058,0.1217877094972067
CatBoost_balanced_with_zip,with_billing_zip,CatBoost_original_balanced,paper_baseline,5400.0,120.0,0.6,0.04,164880.0,109,1569,0,10,1.0,0.06495828367103695,0.12199216564073867
CatBoost_balanced_with_zip,with_billing_zip,CatBoost_original_balanced,paper_baseline,5400.0,120.0,0.6,0.05,165600.0,109,1563,0,16,1.0,0.0651913875598086,0.12240314430095452
CatBoost_balanced_with_zip,with_billing_zip,CatBoost_original_balanced,paper_baseline,5400.0,120.0,0.6,0.06,162600.0,108,1561,1,18,0.9908256880733946,0.06470940683043738,0.12148481439820022
CatBoost_balanced_with_zip,with_billing_zip,CatBoost_original_balanced,paper_baseline,5400.0,120.0,0.6,0.07,162840.0,108,1559,1,20,0.9908256880733946,0.0647870425914817,0.12162162162162163
CatBoost_balanced_with_zip,with_billing_zip,CatBoost_original_balanced,paper_baseline,5400.0,120.0,0.6,0.08,163320.0,108,1555,1,24,0.9908256880733946,0.06494287432351173,0.12189616252821671
CatBoost_balanced_with_zip,with_billing_zip,CatBoost_original_balanced,paper_baseline,5400.0,120.0,0.6,0.09,161280.0,107,1545,2,34,0.981651376146789,0.06476997578692494,0.12152186257808063
CatBoost_balanced_with_zip,with_billing_zip,CatBoost_original_balanced,paper_baseline,5400.0,120.0,0.6,0.1,158400.0,106,1542,3,37,0.9724770642201835,0.06432038834951456,0.12066021627774616
CatBoost_balanced_with_zip,with_billing_zip,CatBoost_original_balanced,paper_baseline,5400.0,120.0,0.6,0.11,159120.0,106,1536,3,43,0.9724770642201835,0.06455542021924482,0.12107367218732153
CatBoost_balanced_with_zip,with_billing_zip,CatBoost_original_balanced,paper_baseline,5400.0,120.0,0.6,0.12,159600.0,106,1532,3,47,0.9724770642201835,0.06471306471306472,0.12135088723526044
CatBoost_balanced_with_zip,with_billing_zip,CatBoost_original_balanced,paper_baseline,5400.0,120.0,0.6,0.13,157200.0,105,1525,4,54,0.963302752293578,0.06441717791411043,0.12075905692926969
CatBoost_balanced_with_zip,with_billing_zip,CatBoost_original_balanced,paper_baseline,5400.0,120.0,0.6,0.14,154680.0,104,1519,5,60,0.9541284403669725,0.0640788662969809,0.12009237875288684
CatBoost_balanced_with_zip,with_billing_zip,CatBoost_original_balanced,paper_baseline,5400.0,120.0,0.6,0.15,155760.0,104,1510,5,69,0.9541284403669725,0.0644361833952912,0.12071967498549042
CatBoost_balanced_with_zip,with_billing_zip,CatBoost_original_balanced,paper_baseline,5400.0,120.0,0.6,0.16,153840.0,103,1499,6,80,0.944954128440367,0.06429463171036205,0.12039742840444184
CatBoost_balanced_with_zip,with_billing_zip,CatBoost_original_balanced,paper_baseline,5400.0,120.0,0.6,0.17,150960.0,102,1496,7,83,0.9357798165137615,0.06382978723404255,0.1195079086115993
CatBoost_balanced_with_zip,with_billing_zip,CatBoost_original_balanced,paper_baseline,5400.0,120.0,0.6,0.18,149160.0,101,1484,8,95,0.926605504587156,0.06372239747634069,0.1192443919716647
CatBoost_balanced_with_zip,with_billing_zip,CatBoost_original_balanced,paper_baseline,5400.0,120.0,0.6,0.19,150960.0,101,1469,8,110,0.926605504587156,0.0643312101910828,0.12030970815961882
CatBoost_balanced_with_zip,with_billing_zip,CatBoost_original_balanced,paper_baseline,5400.0,120.0,0.6,0.2,152280.0,101,1458,8,121,0.926605504587156,0.06478511866581142,0.1211031175059952
CatBoost_balanced_with_zip,with_billing_zip,CatBoost_original_balanced,paper_baseline,5400.0,120.0,0.6,0.21,150720.0,100,1444,9,135,0.9174311926605505,0.06476683937823834,0.12099213551119177
CatBoost_balanced_with_zip,with_billing_zip,CatBoost_original_balanced,paper_baseline,5400.0,120.0,0.6,0.22,146040.0,98,1429,11,150,0.8990825688073395,0.06417812704649639,0.1198044009779951
CatBoost_balanced_with_zip,with_billing_zip,CatBoost_original_balanced,paper_baseline,5400.0,120.0,0.6,0.23,147720.0,98,1415,11,164,0.8990825688073395,0.06477197620621282,0.12083847102342787
CatBoost_balanced_with_zip,with_billing_zip,CatBoost_original_balanced,paper_baseline,5400.0,120.0,0.6,0.24,143640.0,96,1395,13,184,0.8807339449541285,0.06438631790744467,0.12
CatBoost_balanced_with_zip,with_billing_zip,CatBoost_original_balanced,paper_baseline,5400.0,120.0,0.6,0.25,142560.0,95,1377,14,202,0.8715596330275229,0.06453804347826086,0.12017710309930424
CatBoost_balanced_with_zip,with_billing_zip,CatBoost_original_balanced,paper_baseline,5400.0,120.0,0.6,0.26,145320.0,95,1354,14,225,0.8715596330275229,0.06556245686680469,0.12195121951219512
CatBoost_balanced_with_zip,with_billing_zip,CatBoost_original_balanced,paper_baseline,5400.0,120.0,0.6,0.27,144120.0,94,1337,15,242,0.8623853211009175,0.06568832983927324,0.12207792207792208
CatBoost_balanced_with_zip,with_billing_zip,CatBoost_original_balanced,paper_baseline,5400.0,120.0,0.6,0.28,146520.0,94,1317,15,262,0.8623853211009175,0.0666194188518781,0.12368421052631579
CatBoost_balanced_with_zip,with_billing_zip,CatBoost_original_balanced,paper_baseline,5400.0,120.0,0.6,0.29,150720.0,94,1282,15,297,0.8623853211009175,0.06831395348837209,0.1265993265993266
CatBoost_balanced_with_zip,with_billing_zip,CatBoost_original_balanced,paper_baseline,5400.0,120.0,0.6,0.3,150120.0,93,1260,16,319,0.8532110091743119,0.06873614190687362,0.12722298221614228
CatBoost_balanced_with_zip,with_billing_zip,CatBoost_original_balanced,paper_baseline,5400.0,120.0,0.6,0.31,150480.0,92,1230,17,349,0.8440366972477065,0.06959152798789713,0.12858141160027953
CatBoost_balanced_with_zip,with_billing_zip,CatBoost_original_balanced,paper_baseline,5400.0,120.0,0.6,0.32,148200.0,90,1195,19,384,0.8256880733944955,0.07003891050583658,0.1291248206599713
CatBoost_balanced_with_zip,with_billing_zip,CatBoost_original_balanced,paper_baseline,5400.0,120.0,0.6,0.33,145440.0,88,1164,21,415,0.8073394495412844,0.07028753993610223,0.1293166789125643
CatBoost_balanced_with_zip,with_billing_zip,CatBoost_original_balanced,paper_baseline,5400.0,120.0,0.6,0.34,146880.0,87,1125,22,454,0.7981651376146789,0.07178217821782178,0.13171839515518546
CatBoost_balanced_with_zip,with_billing_zip,CatBoost_original_balanced,paper_baseline,5400.0,120.0,0.6,0.35,144720.0,85,1089,24,490,0.7798165137614679,0.07240204429301533,0.13250194855806702
CatBoost_balanced_with_zip,with_billing_zip,CatBoost_original_balanced,paper_baseline,5400.0,120.0,0.6,0.36,143040.0,83,1049,26,530,0.7614678899082569,0.07332155477031801,0.13376309427880742
CatBoost_balanced_with_zip,with_billing_zip,CatBoost_original_balanced,paper_baseline,5400.0,120.0,0.6,0.37,141240.0,81,1010,28,569,0.7431192660550459,0.07424381301558204,0.135
CatBoost_balanced_with_zip,with_billing_zip,CatBoost_original_balanced,paper_baseline,5400.0,120.0,0.6,0.38,139680.0,79,969,30,610,0.7247706422018348,0.07538167938931298,0.1365600691443388
CatBoost_balanced_with_zip,with_billing_zip,CatBoost_original_balanced,paper_baseline,5400.0,120.0,0.6,0.39,136200.0,76,917,33,662,0.6972477064220184,0.07653575025176233,0.13793103448275862
CatBoost_balanced_with_zip,with_billing_zip,CatBoost_original_balanced,paper_baseline,5400.0,120.0,0.6,0.4,130800.0,73,881,36,698,0.6697247706422018,0.07651991614255765,0.13734713076199437
CatBoost_balanced_with_zip,with_billing_zip,CatBoost_original_balanced,paper_baseline,5400.0,120.0,0.6,0.41,126600.0,70,835,39,744,0.6422018348623854,0.07734806629834254,0.13806706114398423
CatBoost_balanced_with_zip,with_billing_zip,CatBoost_original_balanced,paper_baseline,5400.0,120.0,0.6,0.42,118920.0,66,791,43,788,0.6055045871559633,0.07701283547257877,0.13664596273291926
CatBoost_balanced_with_zip,with_billing_zip,CatBoost_original_balanced,paper_baseline,5400.0,120.0,0.6,0.43,111480.0,62,745,47,834,0.5688073394495413,0.0768277571251549,0.13537117903930132
CatBoost_balanced_with_zip,with_billing_zip,CatBoost_original_balanced,paper_baseline,5400.0,120.0,0.6,0.44,111960.0,61,714,48,865,0.5596330275229358,0.07870967741935483,0.13800904977375567
CatBoost_balanced_with_zip,with_billing_zip,CatBoost_original_balanced,paper_baseline,5400.0,120.0,0.6,0.45,111000.0,59,668,50,911,0.5412844036697247,0.0811554332874828,0.14114832535885166
CatBoost_balanced_with_zip,with_billing_zip,CatBoost_original_balanced,paper_baseline,5400.0,120.0,0.6,0.46,106560.0,56,624,53,955,0.5137614678899083,0.08235294117647059,0.14195183776932827
CatBoost_balanced_with_zip,with_billing_zip,CatBoost_original_balanced,paper_baseline,5400.0,120.0,0.6,0.47,91080.0,50,591,59,988,0.45871559633027525,0.078003120124805,0.13333333333333333
CatBoost_balanced_with_zip,with_billing_zip,CatBoost_original_balanced,paper_baseline,5400.0,120.0,0.6,0.48,87000.0,47,544,62,1035,0.43119266055045874,0.07952622673434856,0.13428571428571429
CatBoost_balanced_with_zip,with_billing_zip,CatBoost_original_balanced,paper_baseline,5400.0,120.0,0.6,0.49,85200.0,45,505,64,1074,0.41284403669724773,0.08181818181818182,0.13657056145675264
CatBoost_balanced_with_zip,with_billing_zip,CatBoost_original_balanced,paper_baseline,5400.0,120.0,0.6,0.5,78120.0,41,456,68,1123,0.3761467889908257,0.08249496981891348,0.1353135313531353
CatBoost_balanced_with_zip,with_billing_zip,CatBoost_original_balanced,paper_baseline,5400.0,120.0,0.6,0.51,73440.0,38,414,71,1165,0.3486238532110092,0.084070796460177,0.1354723707664884
CatBoost_balanced_with_zip,with_billing_zip,CatBoost_original_balanced,paper_baseline,5400.0,120.0,0.6,0.52,69120.0,35,369,74,1210,0.3211009174311927,0.08663366336633663,0.1364522417153996
CatBoost_balanced_with_zip,with_billing_zip,CatBoost_original_balanced,paper_baseline,5400.0,120.0,0.6,0.53,63600.0,32,334,77,1245,0.29357798165137616,0.08743169398907104,0.13473684210526315
CatBoost_balanced_with_zip,with_billing_zip,CatBoost_original_balanced,paper_baseline,5400.0,120.0,0.6,0.54,54240.0,28,304,81,1275,0.25688073394495414,0.08433734939759036,0.12698412698412698
CatBoost_balanced_with_zip,with_billing_zip,CatBoost_original_balanced,paper_baseline,5400.0,120.0,0.6,0.55,54120.0,26,251,83,1328,0.23853211009174313,0.09386281588447654,0.13471502590673576
CatBoost_balanced_with_zip,with_billing_zip,CatBoost_original_balanced,paper_baseline,5400.0,120.0,0.6,0.56,52800.0,24,208,85,1371,0.22018348623853212,0.10344827586206896,0.14076246334310852
CatBoost_balanced_with_zip,with_billing_zip,CatBoost_original_balanced,paper_baseline,5400.0,120.0,0.6,0.57,42480.0,20,186,89,1393,0.1834862385321101,0.0970873786407767,0.12698412698412698
CatBoost_balanced_with_zip,with_billing_zip,CatBoost_original_balanced,paper_baseline,5400.0,120.0,0.6,0.58,36600.0,17,154,92,1425,0.1559633027522936,0.09941520467836257,0.12142857142857143
CatBoost_balanced_with_zip,with_billing_zip,CatBoost_original_balanced,paper_baseline,5400.0,120.0,0.6,0.59,36120.0,16,131,93,1448,0.14678899082568808,0.10884353741496598,0.125
CatBoost_balanced_with_zip,with_billing_zip,CatBoost_original_balanced,paper_baseline,5400.0,120.0,0.6,0.6,22800.0,11,107,98,1472,0.10091743119266056,0.09322033898305085,0.09691629955947137
CatBoost_balanced_with_zip,with_billing_zip,CatBoost_original_balanced,paper_baseline,5400.0,120.0,0.6,0.61,24960.0,11,89,98,1490,0.10091743119266056,0.11,0.10526315789473684
CatBoost_balanced_with_zip,with_billing_zip,CatBoost_original_balanced,paper_baseline,5400.0,120.0,0.6,0.62,20040.0,9,76,100,1503,0.08256880733944955,0.10588235294117647,0.09278350515463918
CatBoost_balanced_with_zip,with_billing_zip,CatBoost_original_balanced,paper_baseline,5400.0,120.0,0.6,0.63,21720.0,9,62,100,1517,0.08256880733944955,0.1267605633802817,0.1
CatBoost_balanced_with_zip,with_billing_zip,CatBoost_original_balanced,paper_baseline,5400.0,120.0,0.6,0.64,20160.0,8,48,101,1531,0.07339449541284404,0.14285714285714285,0.09696969696969697
CatBoost_balanced_with_zip,with_billing_zip,CatBoost_original_balanced,paper_baseline,5400.0,120.0,0.6,0.65,14520.0,6,41,103,1538,0.05504587155963303,0.1276595744680851,0.07692307692307693
CatBoost_balanced_with_zip,with_billing_zip,CatBoost_original_balanced,paper_baseline,5400.0,120.0,0.6,0.66,9360.0,4,30,105,1549,0.03669724770642202,0.11764705882352941,0.055944055944055944
CatBoost_balanced_with_zip,with_billing_zip,CatBoost_original_balanced,paper_baseline,5400.0,120.0,0.6,0.67,3960.0,2,21,107,1558,0.01834862385321101,0.08695652173913043,0.030303030303030304
CatBoost_balanced_with_zip,with_billing_zip,CatBoost_original_balanced,paper_baseline,5400.0,120.0,0.6,0.68,4080.0,2,20,107,1559,0.01834862385321101,0.09090909090909091,0.030534351145038167
CatBoost_balanced_with_zip,with_billing_zip,CatBoost_original_balanced,paper_baseline,5400.0,120.0,0.6,0.69,4920.0,2,13,107,1566,0.01834862385321101,0.13333333333333333,0.03225806451612903
CatBoost_balanced_with_zip,with_billing_zip,CatBoost_original_balanced,paper_baseline,5400.0,120.0,0.6,0.7,5280.0,2,10,107,1569,0.01834862385321101,0.16666666666666666,0.03305785123966942
CatBoost_balanced_with_zip,with_billing_zip,CatBoost_original_balanced,paper_baseline,5400.0,120.0,0.6,0.71,6000.0,2,4,107,1575,0.01834862385321101,0.3333333333333333,0.034782608695652174
CatBoost_balanced_with_zip,with_billing_zip,CatBoost_original_balanced,paper_baseline,5400.0,120.0,0.6,0.72,6240.0,2,2,107,1577,0.01834862385321101,0.5,0.035398230088495575
CatBoost_balanced_with_zip,with_billing_zip,CatBoost_original_balanced,paper_baseline,5400.0,120.0,0.6,0.73,6240.0,2,2,107,1577,0.01834862385321101,0.5,0.035398230088495575
CatBoost_balanced_with_zip,with_billing_zip,CatBoost_original_balanced,paper_baseline,5400.0,120.0,0.6,0.74,6360.0,2,1,107,1578,0.01834862385321101,0.6666666666666666,0.03571428571428571
CatBoost_balanced_with_zip,with_billing_zip,CatBoost_original_balanced,paper_baseline,5400.0,120.0,0.6,0.75,6360.0,2,1,107,1578,0.01834862385321101,0.6666666666666666,0.03571428571428571
CatBoost_balanced_with_zip,with_billing_zip,CatBoost_original_balanced,paper_baseline,5400.0,120.0,0.6,0.76,6360.0,2,1,107,1578,0.01834862385321101,0.6666666666666666,0.03571428571428571
CatBoost_balanced_with_zip,with_billing_zip,CatBoost_original_balanced,paper_baseline,5400.0,120.0,0.6,0.77,3240.0,1,0,108,1579,0.009174311926605505,1.0,0.01818181818181818
CatBoost_balanced_with_zip,with_billing_zip,CatBoost_original_balanced,paper_baseline,5400.0,120.0,0.6,0.78,0.0,0,0,109,1579,0.0,0.0,0.0
CatBoost_balanced_with_zip,with_billing_zip,CatBoost_original_balanced,paper_baseline,5400.0,120.0,0.6,0.79,0.0,0,0,109,1579,0.0,0.0,0.0
CatBoost_balanced_with_zip,with_billing_zip,CatBoost_original_balanced,paper_baseline,5400.0,120.0,0.6,0.8,0.0,0,0,109,1579,0.0,0.0,0.0
CatBoost_balanced_with_zip,with_billing_zip,CatBoost_original_balanced,paper_baseline,5400.0,120.0,0.6,0.81,0.0,0,0,109,1579,0.0,0.0,0.0
CatBoost_balanced_with_zip,with_billing_zip,CatBoost_original_balanced,paper_baseline,5400.0,120.0,0.6,0.82,0.0,0,0,109,1579,0.0,0.0,0.0
CatBoost_balanced_with_zip,with_billing_zip,CatBoost_original_balanced,paper_baseline,5400.0,120.0,0.6,0.83,0.0,0,0,109,1579,0.0,0.0,0.0
CatBoost_balanced_with_zip,with_billing_zip,CatBoost_original_balanced,paper_baseline,5400.0,120.0,0.6,0.84,0.0,0,0,109,1579,0.0,0.0,0.0
CatBoost_balanced_with_zip,with_billing_zip,CatBoost_original_balanced,paper_baseline,5400.0,120.0,0.6,0.85,0.0,0,0,109,1579,0.0,0.0,0.0
CatBoost_balanced_with_zip,with_billing_zip,CatBoost_original_balanced,paper_baseline,5400.0,120.0,0.6,0.86,0.0,0,0,109,1579,0.0,0.0,0.0
CatBoost_balanced_with_zip,with_billing_zip,CatBoost_original_balanced,paper_baseline,5400.0,120.0,0.6,0.87,0.0,0,0,109,1579,0.0,0.0,0.0
CatBoost_balanced_with_zip,with_billing_zip,CatBoost_original_balanced,paper_baseline,5400.0,120.0,0.6,0.88,0.0,0,0,109,1579,0.0,0.0,0.0
CatBoost_balanced_with_zip,with_billing_zip,CatBoost_original_balanced,paper_baseline,5400.0,120.0,0.6,0.89,0.0,0,0,109,1579,0.0,0.0,0.0
CatBoost_balanced_with_zip,with_billing_zip,CatBoost_original_balanced,paper_baseline,5400.0,120.0,0.6,0.9,0.0,0,0,109,1579,0.0,0.0,0.0
CatBoost_balanced_with_zip,with_billing_zip,CatBoost_original_balanced,paper_baseline,5400.0,120.0,0.6,0.91,0.0,0,0,109,1579,0.0,0.0,0.0
CatBoost_balanced_with_zip,with_billing_zip,CatBoost_original_balanced,paper_baseline,5400.0,120.0,0.6,0.92,0.0,0,0,109,1579,0.0,0.0,0.0
CatBoost_balanced_with_zip,with_billing_zip,CatBoost_original_balanced,paper_baseline,5400.0,120.0,0.6,0.93,0.0,0,0,109,1579,0.0,0.0,0.0
CatBoost_balanced_with_zip,with_billing_zip,CatBoost_original_balanced,paper_baseline,5400.0,120.0,0.6,0.94,0.0,0,0,109,1579,0.0,0.0,0.0
CatBoost_balanced_with_zip,with_billing_zip,CatBoost_original_balanced,paper_baseline,5400.0,120.0,0.6,0.95,0.0,0,0,109,1579,0.0,0.0,0.0
CatBoost_balanced_with_zip,with_billing_zip,CatBoost_original_balanced,paper_baseline,5400.0,120.0,0.6,0.96,0.0,0,0,109,1579,0.0,0.0,0.0
CatBoost_balanced_with_zip,with_billing_zip,CatBoost_original_balanced,paper_baseline,5400.0,120.0,0.6,0.97,0.0,0,0,109,1579,0.0,0.0,0.0
CatBoost_balanced_with_zip,with_billing_zip,CatBoost_original_balanced,paper_baseline,5400.0,120.0,0.6,0.98,0.0,0,0,109,1579,0.0,0.0,0.0
CatBoost_balanced_with_zip,with_billing_zip,CatBoost_original_balanced,paper_baseline,5400.0,120.0,0.6,0.99,0.0,0,0,109,1579,0.0,0.0,0.0
CatBoost_balanced_with_zip,with_billing_zip,CatBoost_original_balanced,conservative_campaign_cost,5400.0,360.0,0.6,0.01,-215280.0,109,1579,0,0,1.0,0.06457345971563981,0.1213132999443517
CatBoost_balanced_with_zip,with_billing_zip,CatBoost_original_balanced,conservative_campaign_cost,5400.0,360.0,0.6,0.02,-213840.0,109,1575,0,4,1.0,0.06472684085510688,0.12158393753485779
CatBoost_balanced_with_zip,with_billing_zip,CatBoost_original_balanced,conservative_campaign_cost,5400.0,360.0,0.6,0.03,-212760.0,109,1572,0,7,1.0,0.06484235574063058,0.1217877094972067
CatBoost_balanced_with_zip,with_billing_zip,CatBoost_original_balanced,conservative_campaign_cost,5400.0,360.0,0.6,0.04,-211680.0,109,1569,0,10,1.0,0.06495828367103695,0.12199216564073867
CatBoost_balanced_with_zip,with_billing_zip,CatBoost_original_balanced,conservative_campaign_cost,5400.0,360.0,0.6,0.05,-209520.0,109,1563,0,16,1.0,0.0651913875598086,0.12240314430095452
CatBoost_balanced_with_zip,with_billing_zip,CatBoost_original_balanced,conservative_campaign_cost,5400.0,360.0,0.6,0.06,-212040.0,108,1561,1,18,0.9908256880733946,0.06470940683043738,0.12148481439820022
CatBoost_balanced_with_zip,with_billing_zip,CatBoost_original_balanced,conservative_campaign_cost,5400.0,360.0,0.6,0.07,-211320.0,108,1559,1,20,0.9908256880733946,0.0647870425914817,0.12162162162162163
CatBoost_balanced_with_zip,with_billing_zip,CatBoost_original_balanced,conservative_campaign_cost,5400.0,360.0,0.6,0.08,-209880.0,108,1555,1,24,0.9908256880733946,0.06494287432351173,0.12189616252821671
CatBoost_balanced_with_zip,with_billing_zip,CatBoost_original_balanced,conservative_campaign_cost,5400.0,360.0,0.6,0.09,-209520.0,107,1545,2,34,0.981651376146789,0.06476997578692494,0.12152186257808063
CatBoost_balanced_with_zip,with_billing_zip,CatBoost_original_balanced,conservative_campaign_cost,5400.0,360.0,0.6,0.1,-211680.0,106,1542,3,37,0.9724770642201835,0.06432038834951456,0.12066021627774616
CatBoost_balanced_with_zip,with_billing_zip,CatBoost_original_balanced,conservative_campaign_cost,5400.0,360.0,0.6,0.11,-209520.0,106,1536,3,43,0.9724770642201835,0.06455542021924482,0.12107367218732153
CatBoost_balanced_with_zip,with_billing_zip,CatBoost_original_balanced,conservative_campaign_cost,5400.0,360.0,0.6,0.12,-208080.0,106,1532,3,47,0.9724770642201835,0.06471306471306472,0.12135088723526044
CatBoost_balanced_with_zip,with_billing_zip,CatBoost_original_balanced,conservative_campaign_cost,5400.0,360.0,0.6,0.13,-208800.0,105,1525,4,54,0.963302752293578,0.06441717791411043,0.12075905692926969
CatBoost_balanced_with_zip,with_billing_zip,CatBoost_original_balanced,conservative_campaign_cost,5400.0,360.0,0.6,0.14,-209880.0,104,1519,5,60,0.9541284403669725,0.0640788662969809,0.12009237875288684
CatBoost_balanced_with_zip,with_billing_zip,CatBoost_original_balanced,conservative_campaign_cost,5400.0,360.0,0.6,0.15,-206640.0,104,1510,5,69,0.9541284403669725,0.0644361833952912,0.12071967498549042
CatBoost_balanced_with_zip,with_billing_zip,CatBoost_original_balanced,conservative_campaign_cost,5400.0,360.0,0.6,0.16,-205920.0,103,1499,6,80,0.944954128440367,0.06429463171036205,0.12039742840444184
CatBoost_balanced_with_zip,with_billing_zip,CatBoost_original_balanced,conservative_campaign_cost,5400.0,360.0,0.6,0.17,-208080.0,102,1496,7,83,0.9357798165137615,0.06382978723404255,0.1195079086115993
CatBoost_balanced_with_zip,with_billing_zip,CatBoost_original_balanced,conservative_campaign_cost,5400.0,360.0,0.6,0.18,-207000.0,101,1484,8,95,0.926605504587156,0.06372239747634069,0.1192443919716647
CatBoost_balanced_with_zip,with_billing_zip,CatBoost_original_balanced,conservative_campaign_cost,5400.0,360.0,0.6,0.19,-201600.0,101,1469,8,110,0.926605504587156,0.0643312101910828,0.12030970815961882
CatBoost_balanced_with_zip,with_billing_zip,CatBoost_original_balanced,conservative_campaign_cost,5400.0,360.0,0.6,0.2,-197640.0,101,1458,8,121,0.926605504587156,0.06478511866581142,0.1211031175059952
CatBoost_balanced_with_zip,with_billing_zip,CatBoost_original_balanced,conservative_campaign_cost,5400.0,360.0,0.6,0.21,-195840.0,100,1444,9,135,0.9174311926605505,0.06476683937823834,0.12099213551119177
CatBoost_balanced_with_zip,with_billing_zip,CatBoost_original_balanced,conservative_campaign_cost,5400.0,360.0,0.6,0.22,-196920.0,98,1429,11,150,0.8990825688073395,0.06417812704649639,0.1198044009779951
CatBoost_balanced_with_zip,with_billing_zip,CatBoost_original_balanced,conservative_campaign_cost,5400.0,360.0,0.6,0.23,-191880.0,98,1415,11,164,0.8990825688073395,0.06477197620621282,0.12083847102342787
CatBoost_balanced_with_zip,with_billing_zip,CatBoost_original_balanced,conservative_campaign_cost,5400.0,360.0,0.6,0.24,-191160.0,96,1395,13,184,0.8807339449541285,0.06438631790744467,0.12
CatBoost_balanced_with_zip,with_billing_zip,CatBoost_original_balanced,conservative_campaign_cost,5400.0,360.0,0.6,0.25,-187920.0,95,1377,14,202,0.8715596330275229,0.06453804347826086,0.12017710309930424
CatBoost_balanced_with_zip,with_billing_zip,CatBoost_original_balanced,conservative_campaign_cost,5400.0,360.0,0.6,0.26,-179640.0,95,1354,14,225,0.8715596330275229,0.06556245686680469,0.12195121951219512
CatBoost_balanced_with_zip,with_billing_zip,CatBoost_original_balanced,conservative_campaign_cost,5400.0,360.0,0.6,0.27,-176760.0,94,1337,15,242,0.8623853211009175,0.06568832983927324,0.12207792207792208
CatBoost_balanced_with_zip,with_billing_zip,CatBoost_original_balanced,conservative_campaign_cost,5400.0,360.0,0.6,0.28,-169560.0,94,1317,15,262,0.8623853211009175,0.0666194188518781,0.12368421052631579
CatBoost_balanced_with_zip,with_billing_zip,CatBoost_original_balanced,conservative_campaign_cost,5400.0,360.0,0.6,0.29,-156960.0,94,1282,15,297,0.8623853211009175,0.06831395348837209,0.1265993265993266
CatBoost_balanced_with_zip,with_billing_zip,CatBoost_original_balanced,conservative_campaign_cost,5400.0,360.0,0.6,0.3,-152280.0,93,1260,16,319,0.8532110091743119,0.06873614190687362,0.12722298221614228
CatBoost_balanced_with_zip,with_billing_zip,CatBoost_original_balanced,conservative_campaign_cost,5400.0,360.0,0.6,0.31,-144720.0,92,1230,17,349,0.8440366972477065,0.06959152798789713,0.12858141160027953
CatBoost_balanced_with_zip,with_billing_zip,CatBoost_original_balanced,conservative_campaign_cost,5400.0,360.0,0.6,0.32,-138600.0,90,1195,19,384,0.8256880733944955,0.07003891050583658,0.1291248206599713
CatBoost_balanced_with_zip,with_billing_zip,CatBoost_original_balanced,conservative_campaign_cost,5400.0,360.0,0.6,0.33,-133920.0,88,1164,21,415,0.8073394495412844,0.07028753993610223,0.1293166789125643
CatBoost_balanced_with_zip,with_billing_zip,CatBoost_original_balanced,conservative_campaign_cost,5400.0,360.0,0.6,0.34,-123120.0,87,1125,22,454,0.7981651376146789,0.07178217821782178,0.13171839515518546
CatBoost_balanced_with_zip,with_billing_zip,CatBoost_original_balanced,conservative_campaign_cost,5400.0,360.0,0.6,0.35,-116640.0,85,1089,24,490,0.7798165137614679,0.07240204429301533,0.13250194855806702
CatBoost_balanced_with_zip,with_billing_zip,CatBoost_original_balanced,conservative_campaign_cost,5400.0,360.0,0.6,0.36,-108720.0,83,1049,26,530,0.7614678899082569,0.07332155477031801,0.13376309427880742
CatBoost_balanced_with_zip,with_billing_zip,CatBoost_original_balanced,conservative_campaign_cost,5400.0,360.0,0.6,0.37,-101160.0,81,1010,28,569,0.7431192660550459,0.07424381301558204,0.135
CatBoost_balanced_with_zip,with_billing_zip,CatBoost_original_balanced,conservative_campaign_cost,5400.0,360.0,0.6,0.38,-92880.0,79,969,30,610,0.7247706422018348,0.07538167938931298,0.1365600691443388
CatBoost_balanced_with_zip,with_billing_zip,CatBoost_original_balanced,conservative_campaign_cost,5400.0,360.0,0.6,0.39,-83880.0,76,917,33,662,0.6972477064220184,0.07653575025176233,0.13793103448275862
CatBoost_balanced_with_zip,with_billing_zip,CatBoost_original_balanced,conservative_campaign_cost,5400.0,360.0,0.6,0.4,-80640.0,73,881,36,698,0.6697247706422018,0.07651991614255765,0.13734713076199437
CatBoost_balanced_with_zip,with_billing_zip,CatBoost_original_balanced,conservative_campaign_cost,5400.0,360.0,0.6,0.41,-73800.0,70,835,39,744,0.6422018348623854,0.07734806629834254,0.13806706114398423
CatBoost_balanced_with_zip,with_billing_zip,CatBoost_original_balanced,conservative_campaign_cost,5400.0,360.0,0.6,0.42,-70920.0,66,791,43,788,0.6055045871559633,0.07701283547257877,0.13664596273291926
CatBoost_balanced_with_zip,with_billing_zip,CatBoost_original_balanced,conservative_campaign_cost,5400.0,360.0,0.6,0.43,-67320.0,62,745,47,834,0.5688073394495413,0.0768277571251549,0.13537117903930132
CatBoost_balanced_with_zip,with_billing_zip,CatBoost_original_balanced,conservative_campaign_cost,5400.0,360.0,0.6,0.44,-59400.0,61,714,48,865,0.5596330275229358,0.07870967741935483,0.13800904977375567
CatBoost_balanced_with_zip,with_billing_zip,CatBoost_original_balanced,conservative_campaign_cost,5400.0,360.0,0.6,0.45,-49320.0,59,668,50,911,0.5412844036697247,0.0811554332874828,0.14114832535885166
CatBoost_balanced_with_zip,with_billing_zip,CatBoost_original_balanced,conservative_campaign_cost,5400.0,360.0,0.6,0.46,-43200.0,56,624,53,955,0.5137614678899083,0.08235294117647059,0.14195183776932827
CatBoost_balanced_with_zip,with_billing_zip,CatBoost_original_balanced,conservative_campaign_cost,5400.0,360.0,0.6,0.47,-50760.0,50,591,59,988,0.45871559633027525,0.078003120124805,0.13333333333333333
CatBoost_balanced_with_zip,with_billing_zip,CatBoost_original_balanced,conservative_campaign_cost,5400.0,360.0,0.6,0.48,-43560.0,47,544,62,1035,0.43119266055045874,0.07952622673434856,0.13428571428571429
CatBoost_balanced_with_zip,with_billing_zip,CatBoost_original_balanced,conservative_campaign_cost,5400.0,360.0,0.6,0.49,-36000.0,45,505,64,1074,0.41284403669724773,0.08181818181818182,0.13657056145675264
CatBoost_balanced_with_zip,with_billing_zip,CatBoost_original_balanced,conservative_campaign_cost,5400.0,360.0,0.6,0.5,-31320.0,41,456,68,1123,0.3761467889908257,0.08249496981891348,0.1353135313531353
CatBoost_balanced_with_zip,with_billing_zip,CatBoost_original_balanced,conservative_campaign_cost,5400.0,360.0,0.6,0.51,-25920.0,38,414,71,1165,0.3486238532110092,0.084070796460177,0.1354723707664884
CatBoost_balanced_with_zip,with_billing_zip,CatBoost_original_balanced,conservative_campaign_cost,5400.0,360.0,0.6,0.52,-19440.0,35,369,74,1210,0.3211009174311927,0.08663366336633663,0.1364522417153996
CatBoost_balanced_with_zip,with_billing_zip,CatBoost_original_balanced,conservative_campaign_cost,5400.0,360.0,0.6,0.53,-16560.0,32,334,77,1245,0.29357798165137616,0.08743169398907104,0.13473684210526315
CatBoost_balanced_with_zip,with_billing_zip,CatBoost_original_balanced,conservative_campaign_cost,5400.0,360.0,0.6,0.54,-18720.0,28,304,81,1275,0.25688073394495414,0.08433734939759036,0.12698412698412698
CatBoost_balanced_with_zip,with_billing_zip,CatBoost_original_balanced,conservative_campaign_cost,5400.0,360.0,0.6,0.55,-6120.0,26,251,83,1328,0.23853211009174313,0.09386281588447654,0.13471502590673576
CatBoost_balanced_with_zip,with_billing_zip,CatBoost_original_balanced,conservative_campaign_cost,5400.0,360.0,0.6,0.56,2880.0,24,208,85,1371,0.22018348623853212,0.10344827586206896,0.14076246334310852
CatBoost_balanced_with_zip,with_billing_zip,CatBoost_original_balanced,conservative_campaign_cost,5400.0,360.0,0.6,0.57,-2160.0,20,186,89,1393,0.1834862385321101,0.0970873786407767,0.12698412698412698
CatBoost_balanced_with_zip,with_billing_zip,CatBoost_original_balanced,conservative_campaign_cost,5400.0,360.0,0.6,0.58,-360.0,17,154,92,1425,0.1559633027522936,0.09941520467836257,0.12142857142857143
CatBoost_balanced_with_zip,with_billing_zip,CatBoost_original_balanced,conservative_campaign_cost,5400.0,360.0,0.6,0.59,4680.0,16,131,93,1448,0.14678899082568808,0.10884353741496598,0.125
CatBoost_balanced_with_zip,with_billing_zip,CatBoost_original_balanced,conservative_campaign_cost,5400.0,360.0,0.6,0.6,-2880.0,11,107,98,1472,0.10091743119266056,0.09322033898305085,0.09691629955947137
CatBoost_balanced_with_zip,with_billing_zip,CatBoost_original_balanced,conservative_campaign_cost,5400.0,360.0,0.6,0.61,3600.0,11,89,98,1490,0.10091743119266056,0.11,0.10526315789473684
CatBoost_balanced_with_zip,with_billing_zip,CatBoost_original_balanced,conservative_campaign_cost,5400.0,360.0,0.6,0.62,1800.0,9,76,100,1503,0.08256880733944955,0.10588235294117647,0.09278350515463918
CatBoost_balanced_with_zip,with_billing_zip,CatBoost_original_balanced,conservative_campaign_cost,5400.0,360.0,0.6,0.63,6840.0,9,62,100,1517,0.08256880733944955,0.1267605633802817,0.1
CatBoost_balanced_with_zip,with_billing_zip,CatBoost_original_balanced,conservative_campaign_cost,5400.0,360.0,0.6,0.64,8640.0,8,48,101,1531,0.07339449541284404,0.14285714285714285,0.09696969696969697
CatBoost_balanced_with_zip,with_billing_zip,CatBoost_original_balanced,conservative_campaign_cost,5400.0,360.0,0.6,0.65,4680.0,6,41,103,1538,0.05504587155963303,0.1276595744680851,0.07692307692307693
CatBoost_balanced_with_zip,with_billing_zip,CatBoost_original_balanced,conservative_campaign_cost,5400.0,360.0,0.6,0.66,2160.0,4,30,105,1549,0.03669724770642202,0.11764705882352941,0.055944055944055944
CatBoost_balanced_with_zip,with_billing_zip,CatBoost_original_balanced,conservative_campaign_cost,5400.0,360.0,0.6,0.67,-1080.0,2,21,107,1558,0.01834862385321101,0.08695652173913043,0.030303030303030304
CatBoost_balanced_with_zip,with_billing_zip,CatBoost_original_balanced,conservative_campaign_cost,5400.0,360.0,0.6,0.68,-720.0,2,20,107,1559,0.01834862385321101,0.09090909090909091,0.030534351145038167
CatBoost_balanced_with_zip,with_billing_zip,CatBoost_original_balanced,conservative_campaign_cost,5400.0,360.0,0.6,0.69,1800.0,2,13,107,1566,0.01834862385321101,0.13333333333333333,0.03225806451612903
CatBoost_balanced_with_zip,with_billing_zip,CatBoost_original_balanced,conservative_campaign_cost,5400.0,360.0,0.6,0.7,2880.0,2,10,107,1569,0.01834862385321101,0.16666666666666666,0.03305785123966942
CatBoost_balanced_with_zip,with_billing_zip,CatBoost_original_balanced,conservative_campaign_cost,5400.0,360.0,0.6,0.71,5040.0,2,4,107,1575,0.01834862385321101,0.3333333333333333,0.034782608695652174
CatBoost_balanced_with_zip,with_billing_zip,CatBoost_original_balanced,conservative_campaign_cost,5400.0,360.0,0.6,0.72,5760.0,2,2,107,1577,0.01834862385321101,0.5,0.035398230088495575
CatBoost_balanced_with_zip,with_billing_zip,CatBoost_original_balanced,conservative_campaign_cost,5400.0,360.0,0.6,0.73,5760.0,2,2,107,1577,0.01834862385321101,0.5,0.035398230088495575
CatBoost_balanced_with_zip,with_billing_zip,CatBoost_original_balanced,conservative_campaign_cost,5400.0,360.0,0.6,0.74,6120.0,2,1,107,1578,0.01834862385321101,0.6666666666666666,0.03571428571428571
CatBoost_balanced_with_zip,with_billing_zip,CatBoost_original_balanced,conservative_campaign_cost,5400.0,360.0,0.6,0.75,6120.0,2,1,107,1578,0.01834862385321101,0.6666666666666666,0.03571428571428571
CatBoost_balanced_with_zip,with_billing_zip,CatBoost_original_balanced,conservative_campaign_cost,5400.0,360.0,0.6,0.76,6120.0,2,1,107,1578,0.01834862385321101,0.6666666666666666,0.03571428571428571
CatBoost_balanced_with_zip,with_billing_zip,CatBoost_original_balanced,conservative_campaign_cost,5400.0,360.0,0.6,0.77,3240.0,1,0,108,1579,0.009174311926605505,1.0,0.01818181818181818
CatBoost_balanced_with_zip,with_billing_zip,CatBoost_original_balanced,conservative_campaign_cost,5400.0,360.0,0.6,0.78,0.0,0,0,109,1579,0.0,0.0,0.0
CatBoost_balanced_with_zip,with_billing_zip,CatBoost_original_balanced,conservative_campaign_cost,5400.0,360.0,0.6,0.79,0.0,0,0,109,1579,0.0,0.0,0.0
CatBoost_balanced_with_zip,with_billing_zip,CatBoost_original_balanced,conservative_campaign_cost,5400.0,360.0,0.6,0.8,0.0,0,0,109,1579,0.0,0.0,0.0
CatBoost_balanced_with_zip,with_billing_zip,CatBoost_original_balanced,conservative_campaign_cost,5400.0,360.0,0.6,0.81,0.0,0,0,109,1579,0.0,0.0,0.0
CatBoost_balanced_with_zip,with_billing_zip,CatBoost_original_balanced,conservative_campaign_cost,5400.0,360.0,0.6,0.82,0.0,0,0,109,1579,0.0,0.0,0.0
CatBoost_balanced_with_zip,with_billing_zip,CatBoost_original_balanced,conservative_campaign_cost,5400.0,360.0,0.6,0.83,0.0,0,0,109,1579,0.0,0.0,0.0
CatBoost_balanced_with_zip,with_billing_zip,CatBoost_original_balanced,conservative_campaign_cost,5400.0,360.0,0.6,0.84,0.0,0,0,109,1579,0.0,0.0,0.0
CatBoost_balanced_with_zip,with_billing_zip,CatBoost_original_balanced,conservative_campaign_cost,5400.0,360.0,0.6,0.85,0.0,0,0,109,1579,0.0,0.0,0.0
CatBoost_balanced_with_zip,with_billing_zip,CatBoost_original_balanced,conservative_campaign_cost,5400.0,360.0,0.6,0.86,0.0,0,0,109,1579,0.0,0.0,0.0
CatBoost_balanced_with_zip,with_billing_zip,CatBoost_original_balanced,conservative_campaign_cost,5400.0,360.0,0.6,0.87,0.0,0,0,109,1579,0.0,0.0,0.0
CatBoost_balanced_with_zip,with_billing_zip,CatBoost_original_balanced,conservative_campaign_cost,5400.0,360.0,0.6,0.88,0.0,0,0,109,1579,0.0,0.0,0.0
CatBoost_balanced_with_zip,with_billing_zip,CatBoost_original_balanced,conservative_campaign_cost,5400.0,360.0,0.6,0.89,0.0,0,0,109,1579,0.0,0.0,0.0
CatBoost_balanced_with_zip,with_billing_zip,CatBoost_original_balanced,conservative_campaign_cost,5400.0,360.0,0.6,0.9,0.0,0,0,109,1579,0.0,0.0,0.0
CatBoost_balanced_with_zip,with_billing_zip,CatBoost_original_balanced,conservative_campaign_cost,5400.0,360.0,0.6,0.91,0.0,0,0,109,1579,0.0,0.0,0.0
CatBoost_balanced_with_zip,with_billing_zip,CatBoost_original_balanced,conservative_campaign_cost,5400.0,360.0,0.6,0.92,0.0,0,0,109,1579,0.0,0.0,0.0
CatBoost_balanced_with_zip,with_billing_zip,CatBoost_original_balanced,conservative_campaign_cost,5400.0,360.0,0.6,0.93,0.0,0,0,109,1579,0.0,0.0,0.0
CatBoost_balanced_with_zip,with_billing_zip,CatBoost_original_balanced,conservative_campaign_cost,5400.0,360.0,0.6,0.94,0.0,0,0,109,1579,0.0,0.0,0.0
CatBoost_balanced_with_zip,with_billing_zip,CatBoost_original_balanced,conservative_campaign_cost,5400.0,360.0,0.6,0.95,0.0,0,0,109,1579,0.0,0.0,0.0
CatBoost_balanced_with_zip,with_billing_zip,CatBoost_original_balanced,conservative_campaign_cost,5400.0,360.0,0.6,0.96,0.0,0,0,109,1579,0.0,0.0,0.0
CatBoost_balanced_with_zip,with_billing_zip,CatBoost_original_balanced,conservative_campaign_cost,5400.0,360.0,0.6,0.97,0.0,0,0,109,1579,0.0,0.0,0.0
CatBoost_balanced_with_zip,with_billing_zip,CatBoost_original_balanced,conservative_campaign_cost,5400.0,360.0,0.6,0.98,0.0,0,0,109,1579,0.0,0.0,0.0
CatBoost_balanced_with_zip,with_billing_zip,CatBoost_original_balanced,conservative_campaign_cost,5400.0,360.0,0.6,0.99,0.0,0,0,109,1579,0.0,0.0,0.0
CatBoost_balanced_with_zip,with_billing_zip,CatBoost_original_balanced,budget_limited_high_campaign_cost,5400.0,720.0,0.6,0.01,-783720.0,109,1579,0,0,1.0,0.06457345971563981,0.1213132999443517
CatBoost_balanced_with_zip,with_billing_zip,CatBoost_original_balanced,budget_limited_high_campaign_cost,5400.0,720.0,0.6,0.02,-780840.0,109,1575,0,4,1.0,0.06472684085510688,0.12158393753485779
CatBoost_balanced_with_zip,with_billing_zip,CatBoost_original_balanced,budget_limited_high_campaign_cost,5400.0,720.0,0.6,0.03,-778680.0,109,1572,0,7,1.0,0.06484235574063058,0.1217877094972067
CatBoost_balanced_with_zip,with_billing_zip,CatBoost_original_balanced,budget_limited_high_campaign_cost,5400.0,720.0,0.6,0.04,-776520.0,109,1569,0,10,1.0,0.06495828367103695,0.12199216564073867
CatBoost_balanced_with_zip,with_billing_zip,CatBoost_original_balanced,budget_limited_high_campaign_cost,5400.0,720.0,0.6,0.05,-772200.0,109,1563,0,16,1.0,0.0651913875598086,0.12240314430095452
CatBoost_balanced_with_zip,with_billing_zip,CatBoost_original_balanced,budget_limited_high_campaign_cost,5400.0,720.0,0.6,0.06,-774000.0,108,1561,1,18,0.9908256880733946,0.06470940683043738,0.12148481439820022
CatBoost_balanced_with_zip,with_billing_zip,CatBoost_original_balanced,budget_limited_high_campaign_cost,5400.0,720.0,0.6,0.07,-772560.0,108,1559,1,20,0.9908256880733946,0.0647870425914817,0.12162162162162163
CatBoost_balanced_with_zip,with_billing_zip,CatBoost_original_balanced,budget_limited_high_campaign_cost,5400.0,720.0,0.6,0.08,-769680.0,108,1555,1,24,0.9908256880733946,0.06494287432351173,0.12189616252821671
CatBoost_balanced_with_zip,with_billing_zip,CatBoost_original_balanced,budget_limited_high_campaign_cost,5400.0,720.0,0.6,0.09,-765720.0,107,1545,2,34,0.981651376146789,0.06476997578692494,0.12152186257808063
CatBoost_balanced_with_zip,with_billing_zip,CatBoost_original_balanced,budget_limited_high_campaign_cost,5400.0,720.0,0.6,0.1,-766800.0,106,1542,3,37,0.9724770642201835,0.06432038834951456,0.12066021627774616
CatBoost_balanced_with_zip,with_billing_zip,CatBoost_original_balanced,budget_limited_high_campaign_cost,5400.0,720.0,0.6,0.11,-762480.0,106,1536,3,43,0.9724770642201835,0.06455542021924482,0.12107367218732153
CatBoost_balanced_with_zip,with_billing_zip,CatBoost_original_balanced,budget_limited_high_campaign_cost,5400.0,720.0,0.6,0.12,-759600.0,106,1532,3,47,0.9724770642201835,0.06471306471306472,0.12135088723526044
CatBoost_balanced_with_zip,with_billing_zip,CatBoost_original_balanced,budget_limited_high_campaign_cost,5400.0,720.0,0.6,0.13,-757800.0,105,1525,4,54,0.963302752293578,0.06441717791411043,0.12075905692926969
CatBoost_balanced_with_zip,with_billing_zip,CatBoost_original_balanced,budget_limited_high_campaign_cost,5400.0,720.0,0.6,0.14,-756720.0,104,1519,5,60,0.9541284403669725,0.0640788662969809,0.12009237875288684
CatBoost_balanced_with_zip,with_billing_zip,CatBoost_original_balanced,budget_limited_high_campaign_cost,5400.0,720.0,0.6,0.15,-750240.0,104,1510,5,69,0.9541284403669725,0.0644361833952912,0.12071967498549042
CatBoost_balanced_with_zip,with_billing_zip,CatBoost_original_balanced,budget_limited_high_campaign_cost,5400.0,720.0,0.6,0.16,-745560.0,103,1499,6,80,0.944954128440367,0.06429463171036205,0.12039742840444184
CatBoost_balanced_with_zip,with_billing_zip,CatBoost_original_balanced,budget_limited_high_campaign_cost,5400.0,720.0,0.6,0.17,-746640.0,102,1496,7,83,0.9357798165137615,0.06382978723404255,0.1195079086115993
CatBoost_balanced_with_zip,with_billing_zip,CatBoost_original_balanced,budget_limited_high_campaign_cost,5400.0,720.0,0.6,0.18,-741240.0,101,1484,8,95,0.926605504587156,0.06372239747634069,0.1192443919716647
CatBoost_balanced_with_zip,with_billing_zip,CatBoost_original_balanced,budget_limited_high_campaign_cost,5400.0,720.0,0.6,0.19,-730440.0,101,1469,8,110,0.926605504587156,0.0643312101910828,0.12030970815961882
CatBoost_balanced_with_zip,with_billing_zip,CatBoost_original_balanced,budget_limited_high_campaign_cost,5400.0,720.0,0.6,0.2,-722520.0,101,1458,8,121,0.926605504587156,0.06478511866581142,0.1211031175059952
CatBoost_balanced_with_zip,with_billing_zip,CatBoost_original_balanced,budget_limited_high_campaign_cost,5400.0,720.0,0.6,0.21,-715680.0,100,1444,9,135,0.9174311926605505,0.06476683937823834,0.12099213551119177
CatBoost_balanced_with_zip,with_billing_zip,CatBoost_original_balanced,budget_limited_high_campaign_cost,5400.0,720.0,0.6,0.22,-711360.0,98,1429,11,150,0.8990825688073395,0.06417812704649639,0.1198044009779951
CatBoost_balanced_with_zip,with_billing_zip,CatBoost_original_balanced,budget_limited_high_campaign_cost,5400.0,720.0,0.6,0.23,-701280.0,98,1415,11,164,0.8990825688073395,0.06477197620621282,0.12083847102342787
CatBoost_balanced_with_zip,with_billing_zip,CatBoost_original_balanced,budget_limited_high_campaign_cost,5400.0,720.0,0.6,0.24,-693360.0,96,1395,13,184,0.8807339449541285,0.06438631790744467,0.12
CatBoost_balanced_with_zip,with_billing_zip,CatBoost_original_balanced,budget_limited_high_campaign_cost,5400.0,720.0,0.6,0.25,-683640.0,95,1377,14,202,0.8715596330275229,0.06453804347826086,0.12017710309930424
CatBoost_balanced_with_zip,with_billing_zip,CatBoost_original_balanced,budget_limited_high_campaign_cost,5400.0,720.0,0.6,0.26,-667080.0,95,1354,14,225,0.8715596330275229,0.06556245686680469,0.12195121951219512
CatBoost_balanced_with_zip,with_billing_zip,CatBoost_original_balanced,budget_limited_high_campaign_cost,5400.0,720.0,0.6,0.27,-658080.0,94,1337,15,242,0.8623853211009175,0.06568832983927324,0.12207792207792208
CatBoost_balanced_with_zip,with_billing_zip,CatBoost_original_balanced,budget_limited_high_campaign_cost,5400.0,720.0,0.6,0.28,-643680.0,94,1317,15,262,0.8623853211009175,0.0666194188518781,0.12368421052631579
CatBoost_balanced_with_zip,with_billing_zip,CatBoost_original_balanced,budget_limited_high_campaign_cost,5400.0,720.0,0.6,0.29,-618480.0,94,1282,15,297,0.8623853211009175,0.06831395348837209,0.1265993265993266
CatBoost_balanced_with_zip,with_billing_zip,CatBoost_original_balanced,budget_limited_high_campaign_cost,5400.0,720.0,0.6,0.3,-605880.0,93,1260,16,319,0.8532110091743119,0.06873614190687362,0.12722298221614228
CatBoost_balanced_with_zip,with_billing_zip,CatBoost_original_balanced,budget_limited_high_campaign_cost,5400.0,720.0,0.6,0.31,-587520.0,92,1230,17,349,0.8440366972477065,0.06959152798789713,0.12858141160027953
CatBoost_balanced_with_zip,with_billing_zip,CatBoost_original_balanced,budget_limited_high_campaign_cost,5400.0,720.0,0.6,0.32,-568800.0,90,1195,19,384,0.8256880733944955,0.07003891050583658,0.1291248206599713
CatBoost_balanced_with_zip,with_billing_zip,CatBoost_original_balanced,budget_limited_high_campaign_cost,5400.0,720.0,0.6,0.33,-552960.0,88,1164,21,415,0.8073394495412844,0.07028753993610223,0.1293166789125643
CatBoost_balanced_with_zip,with_billing_zip,CatBoost_original_balanced,budget_limited_high_campaign_cost,5400.0,720.0,0.6,0.34,-528120.0,87,1125,22,454,0.7981651376146789,0.07178217821782178,0.13171839515518546
CatBoost_balanced_with_zip,with_billing_zip,CatBoost_original_balanced,budget_limited_high_campaign_cost,5400.0,720.0,0.6,0.35,-508680.0,85,1089,24,490,0.7798165137614679,0.07240204429301533,0.13250194855806702
CatBoost_balanced_with_zip,with_billing_zip,CatBoost_original_balanced,budget_limited_high_campaign_cost,5400.0,720.0,0.6,0.36,-486360.0,83,1049,26,530,0.7614678899082569,0.07332155477031801,0.13376309427880742
CatBoost_balanced_with_zip,with_billing_zip,CatBoost_original_balanced,budget_limited_high_campaign_cost,5400.0,720.0,0.6,0.37,-464760.0,81,1010,28,569,0.7431192660550459,0.07424381301558204,0.135
CatBoost_balanced_with_zip,with_billing_zip,CatBoost_original_balanced,budget_limited_high_campaign_cost,5400.0,720.0,0.6,0.38,-441720.0,79,969,30,610,0.7247706422018348,0.07538167938931298,0.1365600691443388
CatBoost_balanced_with_zip,with_billing_zip,CatBoost_original_balanced,budget_limited_high_campaign_cost,5400.0,720.0,0.6,0.39,-414000.0,76,917,33,662,0.6972477064220184,0.07653575025176233,0.13793103448275862
CatBoost_balanced_with_zip,with_billing_zip,CatBoost_original_balanced,budget_limited_high_campaign_cost,5400.0,720.0,0.6,0.4,-397800.0,73,881,36,698,0.6697247706422018,0.07651991614255765,0.13734713076199437
CatBoost_balanced_with_zip,with_billing_zip,CatBoost_original_balanced,budget_limited_high_campaign_cost,5400.0,720.0,0.6,0.41,-374400.0,70,835,39,744,0.6422018348623854,0.07734806629834254,0.13806706114398423
CatBoost_balanced_with_zip,with_billing_zip,CatBoost_original_balanced,budget_limited_high_campaign_cost,5400.0,720.0,0.6,0.42,-355680.0,66,791,43,788,0.6055045871559633,0.07701283547257877,0.13664596273291926
CatBoost_balanced_with_zip,with_billing_zip,CatBoost_original_balanced,budget_limited_high_campaign_cost,5400.0,720.0,0.6,0.43,-335520.0,62,745,47,834,0.5688073394495413,0.0768277571251549,0.13537117903930132
CatBoost_balanced_with_zip,with_billing_zip,CatBoost_original_balanced,budget_limited_high_campaign_cost,5400.0,720.0,0.6,0.44,-316440.0,61,714,48,865,0.5596330275229358,0.07870967741935483,0.13800904977375567
CatBoost_balanced_with_zip,with_billing_zip,CatBoost_original_balanced,budget_limited_high_campaign_cost,5400.0,720.0,0.6,0.45,-289800.0,59,668,50,911,0.5412844036697247,0.0811554332874828,0.14114832535885166
CatBoost_balanced_with_zip,with_billing_zip,CatBoost_original_balanced,budget_limited_high_campaign_cost,5400.0,720.0,0.6,0.46,-267840.0,56,624,53,955,0.5137614678899083,0.08235294117647059,0.14195183776932827
CatBoost_balanced_with_zip,with_billing_zip,CatBoost_original_balanced,budget_limited_high_campaign_cost,5400.0,720.0,0.6,0.47,-263520.0,50,591,59,988,0.45871559633027525,0.078003120124805,0.13333333333333333
CatBoost_balanced_with_zip,with_billing_zip,CatBoost_original_balanced,budget_limited_high_campaign_cost,5400.0,720.0,0.6,0.48,-239400.0,47,544,62,1035,0.43119266055045874,0.07952622673434856,0.13428571428571429
CatBoost_balanced_with_zip,with_billing_zip,CatBoost_original_balanced,budget_limited_high_campaign_cost,5400.0,720.0,0.6,0.49,-217800.0,45,505,64,1074,0.41284403669724773,0.08181818181818182,0.13657056145675264
CatBoost_balanced_with_zip,with_billing_zip,CatBoost_original_balanced,budget_limited_high_campaign_cost,5400.0,720.0,0.6,0.5,-195480.0,41,456,68,1123,0.3761467889908257,0.08249496981891348,0.1353135313531353
CatBoost_balanced_with_zip,with_billing_zip,CatBoost_original_balanced,budget_limited_high_campaign_cost,5400.0,720.0,0.6,0.51,-174960.0,38,414,71,1165,0.3486238532110092,0.084070796460177,0.1354723707664884
CatBoost_balanced_with_zip,with_billing_zip,CatBoost_original_balanced,budget_limited_high_campaign_cost,5400.0,720.0,0.6,0.52,-152280.0,35,369,74,1210,0.3211009174311927,0.08663366336633663,0.1364522417153996
CatBoost_balanced_with_zip,with_billing_zip,CatBoost_original_balanced,budget_limited_high_campaign_cost,5400.0,720.0,0.6,0.53,-136800.0,32,334,77,1245,0.29357798165137616,0.08743169398907104,0.13473684210526315
CatBoost_balanced_with_zip,with_billing_zip,CatBoost_original_balanced,budget_limited_high_campaign_cost,5400.0,720.0,0.6,0.54,-128160.0,28,304,81,1275,0.25688073394495414,0.08433734939759036,0.12698412698412698
CatBoost_balanced_with_zip,with_billing_zip,CatBoost_original_balanced,budget_limited_high_campaign_cost,5400.0,720.0,0.6,0.55,-96480.0,26,251,83,1328,0.23853211009174313,0.09386281588447654,0.13471502590673576
CatBoost_balanced_with_zip,with_billing_zip,CatBoost_original_balanced,budget_limited_high_campaign_cost,5400.0,720.0,0.6,0.56,-72000.0,24,208,85,1371,0.22018348623853212,0.10344827586206896,0.14076246334310852
CatBoost_balanced_with_zip,with_billing_zip,CatBoost_original_balanced,budget_limited_high_campaign_cost,5400.0,720.0,0.6,0.57,-69120.0,20,186,89,1393,0.1834862385321101,0.0970873786407767,0.12698412698412698
CatBoost_balanced_with_zip,with_billing_zip,CatBoost_original_balanced,budget_limited_high_campaign_cost,5400.0,720.0,0.6,0.58,-55800.0,17,154,92,1425,0.1559633027522936,0.09941520467836257,0.12142857142857143
CatBoost_balanced_with_zip,with_billing_zip,CatBoost_original_balanced,budget_limited_high_campaign_cost,5400.0,720.0,0.6,0.59,-42480.0,16,131,93,1448,0.14678899082568808,0.10884353741496598,0.125
CatBoost_balanced_with_zip,with_billing_zip,CatBoost_original_balanced,budget_limited_high_campaign_cost,5400.0,720.0,0.6,0.6,-41400.0,11,107,98,1472,0.10091743119266056,0.09322033898305085,0.09691629955947137
CatBoost_balanced_with_zip,with_billing_zip,CatBoost_original_balanced,budget_limited_high_campaign_cost,5400.0,720.0,0.6,0.61,-28440.0,11,89,98,1490,0.10091743119266056,0.11,0.10526315789473684
CatBoost_balanced_with_zip,with_billing_zip,CatBoost_original_balanced,budget_limited_high_campaign_cost,5400.0,720.0,0.6,0.62,-25560.0,9,76,100,1503,0.08256880733944955,0.10588235294117647,0.09278350515463918
CatBoost_balanced_with_zip,with_billing_zip,CatBoost_original_balanced,budget_limited_high_campaign_cost,5400.0,720.0,0.6,0.63,-15480.0,9,62,100,1517,0.08256880733944955,0.1267605633802817,0.1
CatBoost_balanced_with_zip,with_billing_zip,CatBoost_original_balanced,budget_limited_high_campaign_cost,5400.0,720.0,0.6,0.64,-8640.0,8,48,101,1531,0.07339449541284404,0.14285714285714285,0.09696969696969697
CatBoost_balanced_with_zip,with_billing_zip,CatBoost_original_balanced,budget_limited_high_campaign_cost,5400.0,720.0,0.6,0.65,-10080.0,6,41,103,1538,0.05504587155963303,0.1276595744680851,0.07692307692307693
CatBoost_balanced_with_zip,with_billing_zip,CatBoost_original_balanced,budget_limited_high_campaign_cost,5400.0,720.0,0.6,0.66,-8640.0,4,30,105,1549,0.03669724770642202,0.11764705882352941,0.055944055944055944
CatBoost_balanced_with_zip,with_billing_zip,CatBoost_original_balanced,budget_limited_high_campaign_cost,5400.0,720.0,0.6,0.67,-8640.0,2,21,107,1558,0.01834862385321101,0.08695652173913043,0.030303030303030304
CatBoost_balanced_with_zip,with_billing_zip,CatBoost_original_balanced,budget_limited_high_campaign_cost,5400.0,720.0,0.6,0.68,-7920.0,2,20,107,1559,0.01834862385321101,0.09090909090909091,0.030534351145038167
CatBoost_balanced_with_zip,with_billing_zip,CatBoost_original_balanced,budget_limited_high_campaign_cost,5400.0,720.0,0.6,0.69,-2880.0,2,13,107,1566,0.01834862385321101,0.13333333333333333,0.03225806451612903
CatBoost_balanced_with_zip,with_billing_zip,CatBoost_original_balanced,budget_limited_high_campaign_cost,5400.0,720.0,0.6,0.7,-720.0,2,10,107,1569,0.01834862385321101,0.16666666666666666,0.03305785123966942
CatBoost_balanced_with_zip,with_billing_zip,CatBoost_original_balanced,budget_limited_high_campaign_cost,5400.0,720.0,0.6,0.71,3600.0,2,4,107,1575,0.01834862385321101,0.3333333333333333,0.034782608695652174
CatBoost_balanced_with_zip,with_billing_zip,CatBoost_original_balanced,budget_limited_high_campaign_cost,5400.0,720.0,0.6,0.72,5040.0,2,2,107,1577,0.01834862385321101,0.5,0.035398230088495575
CatBoost_balanced_with_zip,with_billing_zip,CatBoost_original_balanced,budget_limited_high_campaign_cost,5400.0,720.0,0.6,0.73,5040.0,2,2,107,1577,0.01834862385321101,0.5,0.035398230088495575
CatBoost_balanced_with_zip,with_billing_zip,CatBoost_original_balanced,budget_limited_high_campaign_cost,5400.0,720.0,0.6,0.74,5760.0,2,1,107,1578,0.01834862385321101,0.6666666666666666,0.03571428571428571
CatBoost_balanced_with_zip,with_billing_zip,CatBoost_original_balanced,budget_limited_high_campaign_cost,5400.0,720.0,0.6,0.75,5760.0,2,1,107,1578,0.01834862385321101,0.6666666666666666,0.03571428571428571
CatBoost_balanced_with_zip,with_billing_zip,CatBoost_original_balanced,budget_limited_high_campaign_cost,5400.0,720.0,0.6,0.76,5760.0,2,1,107,1578,0.01834862385321101,0.6666666666666666,0.03571428571428571
CatBoost_balanced_with_zip,with_billing_zip,CatBoost_original_balanced,budget_limited_high_campaign_cost,5400.0,720.0,0.6,0.77,3240.0,1,0,108,1579,0.009174311926605505,1.0,0.01818181818181818
CatBoost_balanced_with_zip,with_billing_zip,CatBoost_original_balanced,budget_limited_high_campaign_cost,5400.0,720.0,0.6,0.78,0.0,0,0,109,1579,0.0,0.0,0.0
CatBoost_balanced_with_zip,with_billing_zip,CatBoost_original_balanced,budget_limited_high_campaign_cost,5400.0,720.0,0.6,0.79,0.0,0,0,109,1579,0.0,0.0,0.0
CatBoost_balanced_with_zip,with_billing_zip,CatBoost_original_balanced,budget_limited_high_campaign_cost,5400.0,720.0,0.6,0.8,0.0,0,0,109,1579,0.0,0.0,0.0
CatBoost_balanced_with_zip,with_billing_zip,CatBoost_original_balanced,budget_limited_high_campaign_cost,5400.0,720.0,0.6,0.81,0.0,0,0,109,1579,0.0,0.0,0.0
CatBoost_balanced_with_zip,with_billing_zip,CatBoost_original_balanced,budget_limited_high_campaign_cost,5400.0,720.0,0.6,0.82,0.0,0,0,109,1579,0.0,0.0,0.0
CatBoost_balanced_with_zip,with_billing_zip,CatBoost_original_balanced,budget_limited_high_campaign_cost,5400.0,720.0,0.6,0.83,0.0,0,0,109,1579,0.0,0.0,0.0
CatBoost_balanced_with_zip,with_billing_zip,CatBoost_original_balanced,budget_limited_high_campaign_cost,5400.0,720.0,0.6,0.84,0.0,0,0,109,1579,0.0,0.0,0.0
CatBoost_balanced_with_zip,with_billing_zip,CatBoost_original_balanced,budget_limited_high_campaign_cost,5400.0,720.0,0.6,0.85,0.0,0,0,109,1579,0.0,0.0,0.0
CatBoost_balanced_with_zip,with_billing_zip,CatBoost_original_balanced,budget_limited_high_campaign_cost,5400.0,720.0,0.6,0.86,0.0,0,0,109,1579,0.0,0.0,0.0
CatBoost_balanced_with_zip,with_billing_zip,CatBoost_original_balanced,budget_limited_high_campaign_cost,5400.0,720.0,0.6,0.87,0.0,0,0,109,1579,0.0,0.0,0.0
CatBoost_balanced_with_zip,with_billing_zip,CatBoost_original_balanced,budget_limited_high_campaign_cost,5400.0,720.0,0.6,0.88,0.0,0,0,109,1579,0.0,0.0,0.0
CatBoost_balanced_with_zip,with_billing_zip,CatBoost_original_balanced,budget_limited_high_campaign_cost,5400.0,720.0,0.6,0.89,0.0,0,0,109,1579,0.0,0.0,0.0
CatBoost_balanced_with_zip,with_billing_zip,CatBoost_original_balanced,budget_limited_high_campaign_cost,5400.0,720.0,0.6,0.9,0.0,0,0,109,1579,0.0,0.0,0.0
CatBoost_balanced_with_zip,with_billing_zip,CatBoost_original_balanced,budget_limited_high_campaign_cost,5400.0,720.0,0.6,0.91,0.0,0,0,109,1579,0.0,0.0,0.0
CatBoost_balanced_with_zip,with_billing_zip,CatBoost_original_balanced,budget_limited_high_campaign_cost,5400.0,720.0,0.6,0.92,0.0,0,0,109,1579,0.0,0.0,0.0
CatBoost_balanced_with_zip,with_billing_zip,CatBoost_original_balanced,budget_limited_high_campaign_cost,5400.0,720.0,0.6,0.93,0.0,0,0,109,1579,0.0,0.0,0.0
CatBoost_balanced_with_zip,with_billing_zip,CatBoost_original_balanced,budget_limited_high_campaign_cost,5400.0,720.0,0.6,0.94,0.0,0,0,109,1579,0.0,0.0,0.0
CatBoost_balanced_with_zip,with_billing_zip,CatBoost_original_balanced,budget_limited_high_campaign_cost,5400.0,720.0,0.6,0.95,0.0,0,0,109,1579,0.0,0.0,0.0
CatBoost_balanced_with_zip,with_billing_zip,CatBoost_original_balanced,budget_limited_high_campaign_cost,5400.0,720.0,0.6,0.96,0.0,0,0,109,1579,0.0,0.0,0.0
CatBoost_balanced_with_zip,with_billing_zip,CatBoost_original_balanced,budget_limited_high_campaign_cost,5400.0,720.0,0.6,0.97,0.0,0,0,109,1579,0.0,0.0,0.0
CatBoost_balanced_with_zip,with_billing_zip,CatBoost_original_balanced,budget_limited_high_campaign_cost,5400.0,720.0,0.6,0.98,0.0,0,0,109,1579,0.0,0.0,0.0
CatBoost_balanced_with_zip,with_billing_zip,CatBoost_original_balanced,budget_limited_high_campaign_cost,5400.0,720.0,0.6,0.99,0.0,0,0,109,1579,0.0,0.0,0.0
CatBoost_balanced_with_zip,with_billing_zip,CatBoost_original_balanced,small_business_value,1200.0,120.0,0.6,0.01,-111000.0,109,1579,0,0,1.0,0.06457345971563981,0.1213132999443517
CatBoost_balanced_with_zip,with_billing_zip,CatBoost_original_balanced,small_business_value,1200.0,120.0,0.6,0.02,-110520.0,109,1575,0,4,1.0,0.06472684085510688,0.12158393753485779
CatBoost_balanced_with_zip,with_billing_zip,CatBoost_original_balanced,small_business_value,1200.0,120.0,0.6,0.03,-110160.0,109,1572,0,7,1.0,0.06484235574063058,0.1217877094972067
CatBoost_balanced_with_zip,with_billing_zip,CatBoost_original_balanced,small_business_value,1200.0,120.0,0.6,0.04,-109800.0,109,1569,0,10,1.0,0.06495828367103695,0.12199216564073867
CatBoost_balanced_with_zip,with_billing_zip,CatBoost_original_balanced,small_business_value,1200.0,120.0,0.6,0.05,-109080.0,109,1563,0,16,1.0,0.0651913875598086,0.12240314430095452
CatBoost_balanced_with_zip,with_billing_zip,CatBoost_original_balanced,small_business_value,1200.0,120.0,0.6,0.06,-109560.0,108,1561,1,18,0.9908256880733946,0.06470940683043738,0.12148481439820022
CatBoost_balanced_with_zip,with_billing_zip,CatBoost_original_balanced,small_business_value,1200.0,120.0,0.6,0.07,-109320.0,108,1559,1,20,0.9908256880733946,0.0647870425914817,0.12162162162162163
CatBoost_balanced_with_zip,with_billing_zip,CatBoost_original_balanced,small_business_value,1200.0,120.0,0.6,0.08,-108840.0,108,1555,1,24,0.9908256880733946,0.06494287432351173,0.12189616252821671
CatBoost_balanced_with_zip,with_billing_zip,CatBoost_original_balanced,small_business_value,1200.0,120.0,0.6,0.09,-108360.0,107,1545,2,34,0.981651376146789,0.06476997578692494,0.12152186257808063
CatBoost_balanced_with_zip,with_billing_zip,CatBoost_original_balanced,small_business_value,1200.0,120.0,0.6,0.1,-108720.0,106,1542,3,37,0.9724770642201835,0.06432038834951456,0.12066021627774616
CatBoost_balanced_with_zip,with_billing_zip,CatBoost_original_balanced,small_business_value,1200.0,120.0,0.6,0.11,-108000.0,106,1536,3,43,0.9724770642201835,0.06455542021924482,0.12107367218732153
CatBoost_balanced_with_zip,with_billing_zip,CatBoost_original_balanced,small_business_value,1200.0,120.0,0.6,0.12,-107520.0,106,1532,3,47,0.9724770642201835,0.06471306471306472,0.12135088723526044
CatBoost_balanced_with_zip,with_billing_zip,CatBoost_original_balanced,small_business_value,1200.0,120.0,0.6,0.13,-107400.0,105,1525,4,54,0.963302752293578,0.06441717791411043,0.12075905692926969
CatBoost_balanced_with_zip,with_billing_zip,CatBoost_original_balanced,small_business_value,1200.0,120.0,0.6,0.14,-107400.0,104,1519,5,60,0.9541284403669725,0.0640788662969809,0.12009237875288684
CatBoost_balanced_with_zip,with_billing_zip,CatBoost_original_balanced,small_business_value,1200.0,120.0,0.6,0.15,-106320.0,104,1510,5,69,0.9541284403669725,0.0644361833952912,0.12071967498549042
CatBoost_balanced_with_zip,with_billing_zip,CatBoost_original_balanced,small_business_value,1200.0,120.0,0.6,0.16,-105720.0,103,1499,6,80,0.944954128440367,0.06429463171036205,0.12039742840444184
CatBoost_balanced_with_zip,with_billing_zip,CatBoost_original_balanced,small_business_value,1200.0,120.0,0.6,0.17,-106080.0,102,1496,7,83,0.9357798165137615,0.06382978723404255,0.1195079086115993
CatBoost_balanced_with_zip,with_billing_zip,CatBoost_original_balanced,small_business_value,1200.0,120.0,0.6,0.18,-105360.0,101,1484,8,95,0.926605504587156,0.06372239747634069,0.1192443919716647
CatBoost_balanced_with_zip,with_billing_zip,CatBoost_original_balanced,small_business_value,1200.0,120.0,0.6,0.19,-103560.0,101,1469,8,110,0.926605504587156,0.0643312101910828,0.12030970815961882
CatBoost_balanced_with_zip,with_billing_zip,CatBoost_original_balanced,small_business_value,1200.0,120.0,0.6,0.2,-102240.0,101,1458,8,121,0.926605504587156,0.06478511866581142,0.1211031175059952
CatBoost_balanced_with_zip,with_billing_zip,CatBoost_original_balanced,small_business_value,1200.0,120.0,0.6,0.21,-101280.0,100,1444,9,135,0.9174311926605505,0.06476683937823834,0.12099213551119177
CatBoost_balanced_with_zip,with_billing_zip,CatBoost_original_balanced,small_business_value,1200.0,120.0,0.6,0.22,-100920.0,98,1429,11,150,0.8990825688073395,0.06417812704649639,0.1198044009779951
CatBoost_balanced_with_zip,with_billing_zip,CatBoost_original_balanced,small_business_value,1200.0,120.0,0.6,0.23,-99240.0,98,1415,11,164,0.8990825688073395,0.06477197620621282,0.12083847102342787
CatBoost_balanced_with_zip,with_billing_zip,CatBoost_original_balanced,small_business_value,1200.0,120.0,0.6,0.24,-98280.0,96,1395,13,184,0.8807339449541285,0.06438631790744467,0.12
CatBoost_balanced_with_zip,with_billing_zip,CatBoost_original_balanced,small_business_value,1200.0,120.0,0.6,0.25,-96840.0,95,1377,14,202,0.8715596330275229,0.06453804347826086,0.12017710309930424
CatBoost_balanced_with_zip,with_billing_zip,CatBoost_original_balanced,small_business_value,1200.0,120.0,0.6,0.26,-94080.0,95,1354,14,225,0.8715596330275229,0.06556245686680469,0.12195121951219512
CatBoost_balanced_with_zip,with_billing_zip,CatBoost_original_balanced,small_business_value,1200.0,120.0,0.6,0.27,-92760.0,94,1337,15,242,0.8623853211009175,0.06568832983927324,0.12207792207792208
CatBoost_balanced_with_zip,with_billing_zip,CatBoost_original_balanced,small_business_value,1200.0,120.0,0.6,0.28,-90360.0,94,1317,15,262,0.8623853211009175,0.0666194188518781,0.12368421052631579
CatBoost_balanced_with_zip,with_billing_zip,CatBoost_original_balanced,small_business_value,1200.0,120.0,0.6,0.29,-86160.0,94,1282,15,297,0.8623853211009175,0.06831395348837209,0.1265993265993266
CatBoost_balanced_with_zip,with_billing_zip,CatBoost_original_balanced,small_business_value,1200.0,120.0,0.6,0.3,-84240.0,93,1260,16,319,0.8532110091743119,0.06873614190687362,0.12722298221614228
CatBoost_balanced_with_zip,with_billing_zip,CatBoost_original_balanced,small_business_value,1200.0,120.0,0.6,0.31,-81360.0,92,1230,17,349,0.8440366972477065,0.06959152798789713,0.12858141160027953
CatBoost_balanced_with_zip,with_billing_zip,CatBoost_original_balanced,small_business_value,1200.0,120.0,0.6,0.32,-78600.0,90,1195,19,384,0.8256880733944955,0.07003891050583658,0.1291248206599713
CatBoost_balanced_with_zip,with_billing_zip,CatBoost_original_balanced,small_business_value,1200.0,120.0,0.6,0.33,-76320.0,88,1164,21,415,0.8073394495412844,0.07028753993610223,0.1293166789125643
CatBoost_balanced_with_zip,with_billing_zip,CatBoost_original_balanced,small_business_value,1200.0,120.0,0.6,0.34,-72360.0,87,1125,22,454,0.7981651376146789,0.07178217821782178,0.13171839515518546
CatBoost_balanced_with_zip,with_billing_zip,CatBoost_original_balanced,small_business_value,1200.0,120.0,0.6,0.35,-69480.0,85,1089,24,490,0.7798165137614679,0.07240204429301533,0.13250194855806702
CatBoost_balanced_with_zip,with_billing_zip,CatBoost_original_balanced,small_business_value,1200.0,120.0,0.6,0.36,-66120.0,83,1049,26,530,0.7614678899082569,0.07332155477031801,0.13376309427880742
CatBoost_balanced_with_zip,with_billing_zip,CatBoost_original_balanced,small_business_value,1200.0,120.0,0.6,0.37,-62880.0,81,1010,28,569,0.7431192660550459,0.07424381301558204,0.135
CatBoost_balanced_with_zip,with_billing_zip,CatBoost_original_balanced,small_business_value,1200.0,120.0,0.6,0.38,-59400.0,79,969,30,610,0.7247706422018348,0.07538167938931298,0.1365600691443388
CatBoost_balanced_with_zip,with_billing_zip,CatBoost_original_balanced,small_business_value,1200.0,120.0,0.6,0.39,-55320.0,76,917,33,662,0.6972477064220184,0.07653575025176233,0.13793103448275862
CatBoost_balanced_with_zip,with_billing_zip,CatBoost_original_balanced,small_business_value,1200.0,120.0,0.6,0.4,-53160.0,73,881,36,698,0.6697247706422018,0.07651991614255765,0.13734713076199437
CatBoost_balanced_with_zip,with_billing_zip,CatBoost_original_balanced,small_business_value,1200.0,120.0,0.6,0.41,-49800.0,70,835,39,744,0.6422018348623854,0.07734806629834254,0.13806706114398423
CatBoost_balanced_with_zip,with_billing_zip,CatBoost_original_balanced,small_business_value,1200.0,120.0,0.6,0.42,-47400.0,66,791,43,788,0.6055045871559633,0.07701283547257877,0.13664596273291926
CatBoost_balanced_with_zip,with_billing_zip,CatBoost_original_balanced,small_business_value,1200.0,120.0,0.6,0.43,-44760.0,62,745,47,834,0.5688073394495413,0.0768277571251549,0.13537117903930132
CatBoost_balanced_with_zip,with_billing_zip,CatBoost_original_balanced,small_business_value,1200.0,120.0,0.6,0.44,-41760.0,61,714,48,865,0.5596330275229358,0.07870967741935483,0.13800904977375567
CatBoost_balanced_with_zip,with_billing_zip,CatBoost_original_balanced,small_business_value,1200.0,120.0,0.6,0.45,-37680.0,59,668,50,911,0.5412844036697247,0.0811554332874828,0.14114832535885166
CatBoost_balanced_with_zip,with_billing_zip,CatBoost_original_balanced,small_business_value,1200.0,120.0,0.6,0.46,-34560.0,56,624,53,955,0.5137614678899083,0.08235294117647059,0.14195183776932827
CatBoost_balanced_with_zip,with_billing_zip,CatBoost_original_balanced,small_business_value,1200.0,120.0,0.6,0.47,-34920.0,50,591,59,988,0.45871559633027525,0.078003120124805,0.13333333333333333
CatBoost_balanced_with_zip,with_billing_zip,CatBoost_original_balanced,small_business_value,1200.0,120.0,0.6,0.48,-31440.0,47,544,62,1035,0.43119266055045874,0.07952622673434856,0.13428571428571429
CatBoost_balanced_with_zip,with_billing_zip,CatBoost_original_balanced,small_business_value,1200.0,120.0,0.6,0.49,-28200.0,45,505,64,1074,0.41284403669724773,0.08181818181818182,0.13657056145675264
CatBoost_balanced_with_zip,with_billing_zip,CatBoost_original_balanced,small_business_value,1200.0,120.0,0.6,0.5,-25200.0,41,456,68,1123,0.3761467889908257,0.08249496981891348,0.1353135313531353
CatBoost_balanced_with_zip,with_billing_zip,CatBoost_original_balanced,small_business_value,1200.0,120.0,0.6,0.51,-22320.0,38,414,71,1165,0.3486238532110092,0.084070796460177,0.1354723707664884
CatBoost_balanced_with_zip,with_billing_zip,CatBoost_original_balanced,small_business_value,1200.0,120.0,0.6,0.52,-19080.0,35,369,74,1210,0.3211009174311927,0.08663366336633663,0.1364522417153996
CatBoost_balanced_with_zip,with_billing_zip,CatBoost_original_balanced,small_business_value,1200.0,120.0,0.6,0.53,-17040.0,32,334,77,1245,0.29357798165137616,0.08743169398907104,0.13473684210526315
CatBoost_balanced_with_zip,with_billing_zip,CatBoost_original_balanced,small_business_value,1200.0,120.0,0.6,0.54,-16320.0,28,304,81,1275,0.25688073394495414,0.08433734939759036,0.12698412698412698
CatBoost_balanced_with_zip,with_billing_zip,CatBoost_original_balanced,small_business_value,1200.0,120.0,0.6,0.55,-11400.0,26,251,83,1328,0.23853211009174313,0.09386281588447654,0.13471502590673576
CatBoost_balanced_with_zip,with_billing_zip,CatBoost_original_balanced,small_business_value,1200.0,120.0,0.6,0.56,-7680.0,24,208,85,1371,0.22018348623853212,0.10344827586206896,0.14076246334310852
CatBoost_balanced_with_zip,with_billing_zip,CatBoost_original_balanced,small_business_value,1200.0,120.0,0.6,0.57,-7920.0,20,186,89,1393,0.1834862385321101,0.0970873786407767,0.12698412698412698
CatBoost_balanced_with_zip,with_billing_zip,CatBoost_original_balanced,small_business_value,1200.0,120.0,0.6,0.58,-6240.0,17,154,92,1425,0.1559633027522936,0.09941520467836257,0.12142857142857143
CatBoost_balanced_with_zip,with_billing_zip,CatBoost_original_balanced,small_business_value,1200.0,120.0,0.6,0.59,-4200.0,16,131,93,1448,0.14678899082568808,0.10884353741496598,0.125
CatBoost_balanced_with_zip,with_billing_zip,CatBoost_original_balanced,small_business_value,1200.0,120.0,0.6,0.6,-4920.0,11,107,98,1472,0.10091743119266056,0.09322033898305085,0.09691629955947137
CatBoost_balanced_with_zip,with_billing_zip,CatBoost_original_balanced,small_business_value,1200.0,120.0,0.6,0.61,-2760.0,11,89,98,1490,0.10091743119266056,0.11,0.10526315789473684
CatBoost_balanced_with_zip,with_billing_zip,CatBoost_original_balanced,small_business_value,1200.0,120.0,0.6,0.62,-2640.0,9,76,100,1503,0.08256880733944955,0.10588235294117647,0.09278350515463918
CatBoost_balanced_with_zip,with_billing_zip,CatBoost_original_balanced,small_business_value,1200.0,120.0,0.6,0.63,-960.0,9,62,100,1517,0.08256880733944955,0.1267605633802817,0.1
CatBoost_balanced_with_zip,with_billing_zip,CatBoost_original_balanced,small_business_value,1200.0,120.0,0.6,0.64,0.0,8,48,101,1531,0.07339449541284404,0.14285714285714285,0.09696969696969697
CatBoost_balanced_with_zip,with_billing_zip,CatBoost_original_balanced,small_business_value,1200.0,120.0,0.6,0.65,-600.0,6,41,103,1538,0.05504587155963303,0.1276595744680851,0.07692307692307693
CatBoost_balanced_with_zip,with_billing_zip,CatBoost_original_balanced,small_business_value,1200.0,120.0,0.6,0.66,-720.0,4,30,105,1549,0.03669724770642202,0.11764705882352941,0.055944055944055944
CatBoost_balanced_with_zip,with_billing_zip,CatBoost_original_balanced,small_business_value,1200.0,120.0,0.6,0.67,-1080.0,2,21,107,1558,0.01834862385321101,0.08695652173913043,0.030303030303030304
CatBoost_balanced_with_zip,with_billing_zip,CatBoost_original_balanced,small_business_value,1200.0,120.0,0.6,0.68,-960.0,2,20,107,1559,0.01834862385321101,0.09090909090909091,0.030534351145038167
CatBoost_balanced_with_zip,with_billing_zip,CatBoost_original_balanced,small_business_value,1200.0,120.0,0.6,0.69,-120.0,2,13,107,1566,0.01834862385321101,0.13333333333333333,0.03225806451612903
CatBoost_balanced_with_zip,with_billing_zip,CatBoost_original_balanced,small_business_value,1200.0,120.0,0.6,0.7,240.0,2,10,107,1569,0.01834862385321101,0.16666666666666666,0.03305785123966942
CatBoost_balanced_with_zip,with_billing_zip,CatBoost_original_balanced,small_business_value,1200.0,120.0,0.6,0.71,960.0,2,4,107,1575,0.01834862385321101,0.3333333333333333,0.034782608695652174
CatBoost_balanced_with_zip,with_billing_zip,CatBoost_original_balanced,small_business_value,1200.0,120.0,0.6,0.72,1200.0,2,2,107,1577,0.01834862385321101,0.5,0.035398230088495575
CatBoost_balanced_with_zip,with_billing_zip,CatBoost_original_balanced,small_business_value,1200.0,120.0,0.6,0.73,1200.0,2,2,107,1577,0.01834862385321101,0.5,0.035398230088495575
CatBoost_balanced_with_zip,with_billing_zip,CatBoost_original_balanced,small_business_value,1200.0,120.0,0.6,0.74,1320.0,2,1,107,1578,0.01834862385321101,0.6666666666666666,0.03571428571428571
CatBoost_balanced_with_zip,with_billing_zip,CatBoost_original_balanced,small_business_value,1200.0,120.0,0.6,0.75,1320.0,2,1,107,1578,0.01834862385321101,0.6666666666666666,0.03571428571428571
CatBoost_balanced_with_zip,with_billing_zip,CatBoost_original_balanced,small_business_value,1200.0,120.0,0.6,0.76,1320.0,2,1,107,1578,0.01834862385321101,0.6666666666666666,0.03571428571428571
CatBoost_balanced_with_zip,with_billing_zip,CatBoost_original_balanced,small_business_value,1200.0,120.0,0.6,0.77,720.0,1,0,108,1579,0.009174311926605505,1.0,0.01818181818181818
CatBoost_balanced_with_zip,with_billing_zip,CatBoost_original_balanced,small_business_value,1200.0,120.0,0.6,0.78,0.0,0,0,109,1579,0.0,0.0,0.0
CatBoost_balanced_with_zip,with_billing_zip,CatBoost_original_balanced,small_business_value,1200.0,120.0,0.6,0.79,0.0,0,0,109,1579,0.0,0.0,0.0
CatBoost_balanced_with_zip,with_billing_zip,CatBoost_original_balanced,small_business_value,1200.0,120.0,0.6,0.8,0.0,0,0,109,1579,0.0,0.0,0.0
CatBoost_balanced_with_zip,with_billing_zip,CatBoost_original_balanced,small_business_value,1200.0,120.0,0.6,0.81,0.0,0,0,109,1579,0.0,0.0,0.0
CatBoost_balanced_with_zip,with_billing_zip,CatBoost_original_balanced,small_business_value,1200.0,120.0,0.6,0.82,0.0,0,0,109,1579,0.0,0.0,0.0
CatBoost_balanced_with_zip,with_billing_zip,CatBoost_original_balanced,small_business_value,1200.0,120.0,0.6,0.83,0.0,0,0,109,1579,0.0,0.0,0.0
CatBoost_balanced_with_zip,with_billing_zip,CatBoost_original_balanced,small_business_value,1200.0,120.0,0.6,0.84,0.0,0,0,109,1579,0.0,0.0,0.0
CatBoost_balanced_with_zip,with_billing_zip,CatBoost_original_balanced,small_business_value,1200.0,120.0,0.6,0.85,0.0,0,0,109,1579,0.0,0.0,0.0
CatBoost_balanced_with_zip,with_billing_zip,CatBoost_original_balanced,small_business_value,1200.0,120.0,0.6,0.86,0.0,0,0,109,1579,0.0,0.0,0.0
CatBoost_balanced_with_zip,with_billing_zip,CatBoost_original_balanced,small_business_value,1200.0,120.0,0.6,0.87,0.0,0,0,109,1579,0.0,0.0,0.0
CatBoost_balanced_with_zip,with_billing_zip,CatBoost_original_balanced,small_business_value,1200.0,120.0,0.6,0.88,0.0,0,0,109,1579,0.0,0.0,0.0
CatBoost_balanced_with_zip,with_billing_zip,CatBoost_original_balanced,small_business_value,1200.0,120.0,0.6,0.89,0.0,0,0,109,1579,0.0,0.0,0.0
CatBoost_balanced_with_zip,with_billing_zip,CatBoost_original_balanced,small_business_value,1200.0,120.0,0.6,0.9,0.0,0,0,109,1579,0.0,0.0,0.0
CatBoost_balanced_with_zip,with_billing_zip,CatBoost_original_balanced,small_business_value,1200.0,120.0,0.6,0.91,0.0,0,0,109,1579,0.0,0.0,0.0
CatBoost_balanced_with_zip,with_billing_zip,CatBoost_original_balanced,small_business_value,1200.0,120.0,0.6,0.92,0.0,0,0,109,1579,0.0,0.0,0.0
CatBoost_balanced_with_zip,with_billing_zip,CatBoost_original_balanced,small_business_value,1200.0,120.0,0.6,0.93,0.0,0,0,109,1579,0.0,0.0,0.0
CatBoost_balanced_with_zip,with_billing_zip,CatBoost_original_balanced,small_business_value,1200.0,120.0,0.6,0.94,0.0,0,0,109,1579,0.0,0.0,0.0
CatBoost_balanced_with_zip,with_billing_zip,CatBoost_original_balanced,small_business_value,1200.0,120.0,0.6,0.95,0.0,0,0,109,1579,0.0,0.0,0.0
CatBoost_balanced_with_zip,with_billing_zip,CatBoost_original_balanced,small_business_value,1200.0,120.0,0.6,0.96,0.0,0,0,109,1579,0.0,0.0,0.0
CatBoost_balanced_with_zip,with_billing_zip,CatBoost_original_balanced,small_business_value,1200.0,120.0,0.6,0.97,0.0,0,0,109,1579,0.0,0.0,0.0
CatBoost_balanced_with_zip,with_billing_zip,CatBoost_original_balanced,small_business_value,1200.0,120.0,0.6,0.98,0.0,0,0,109,1579,0.0,0.0,0.0
CatBoost_balanced_with_zip,with_billing_zip,CatBoost_original_balanced,small_business_value,1200.0,120.0,0.6,0.99,0.0,0,0,109,1579,0.0,0.0,0.0
CatBoost_balanced_with_zip,with_billing_zip,CatBoost_original_balanced,enterprise_value,18000.0,120.0,0.6,0.01,987720.0,109,1579,0,0,1.0,0.06457345971563981,0.1213132999443517
CatBoost_balanced_with_zip,with_billing_zip,CatBoost_original_balanced,enterprise_value,18000.0,120.0,0.6,0.02,988200.0,109,1575,0,4,1.0,0.06472684085510688,0.12158393753485779
CatBoost_balanced_with_zip,with_billing_zip,CatBoost_original_balanced,enterprise_value,18000.0,120.0,0.6,0.03,988560.0,109,1572,0,7,1.0,0.06484235574063058,0.1217877094972067
CatBoost_balanced_with_zip,with_billing_zip,CatBoost_original_balanced,enterprise_value,18000.0,120.0,0.6,0.04,988920.0,109,1569,0,10,1.0,0.06495828367103695,0.12199216564073867
CatBoost_balanced_with_zip,with_billing_zip,CatBoost_original_balanced,enterprise_value,18000.0,120.0,0.6,0.05,989640.0,109,1563,0,16,1.0,0.0651913875598086,0.12240314430095452
CatBoost_balanced_with_zip,with_billing_zip,CatBoost_original_balanced,enterprise_value,18000.0,120.0,0.6,0.06,979080.0,108,1561,1,18,0.9908256880733946,0.06470940683043738,0.12148481439820022
CatBoost_balanced_with_zip,with_billing_zip,CatBoost_original_balanced,enterprise_value,18000.0,120.0,0.6,0.07,979320.0,108,1559,1,20,0.9908256880733946,0.0647870425914817,0.12162162162162163
CatBoost_balanced_with_zip,with_billing_zip,CatBoost_original_balanced,enterprise_value,18000.0,120.0,0.6,0.08,979800.0,108,1555,1,24,0.9908256880733946,0.06494287432351173,0.12189616252821671
CatBoost_balanced_with_zip,with_billing_zip,CatBoost_original_balanced,enterprise_value,18000.0,120.0,0.6,0.09,970200.0,107,1545,2,34,0.981651376146789,0.06476997578692494,0.12152186257808063
CatBoost_balanced_with_zip,with_billing_zip,CatBoost_original_balanced,enterprise_value,18000.0,120.0,0.6,0.1,959760.0,106,1542,3,37,0.9724770642201835,0.06432038834951456,0.12066021627774616
CatBoost_balanced_with_zip,with_billing_zip,CatBoost_original_balanced,enterprise_value,18000.0,120.0,0.6,0.11,960480.0,106,1536,3,43,0.9724770642201835,0.06455542021924482,0.12107367218732153
CatBoost_balanced_with_zip,with_billing_zip,CatBoost_original_balanced,enterprise_value,18000.0,120.0,0.6,0.12,960960.0,106,1532,3,47,0.9724770642201835,0.06471306471306472,0.12135088723526044
CatBoost_balanced_with_zip,with_billing_zip,CatBoost_original_balanced,enterprise_value,18000.0,120.0,0.6,0.13,951000.0,105,1525,4,54,0.963302752293578,0.06441717791411043,0.12075905692926969
CatBoost_balanced_with_zip,with_billing_zip,CatBoost_original_balanced,enterprise_value,18000.0,120.0,0.6,0.14,940920.0,104,1519,5,60,0.9541284403669725,0.0640788662969809,0.12009237875288684
CatBoost_balanced_with_zip,with_billing_zip,CatBoost_original_balanced,enterprise_value,18000.0,120.0,0.6,0.15,942000.0,104,1510,5,69,0.9541284403669725,0.0644361833952912,0.12071967498549042
CatBoost_balanced_with_zip,with_billing_zip,CatBoost_original_balanced,enterprise_value,18000.0,120.0,0.6,0.16,932520.0,103,1499,6,80,0.944954128440367,0.06429463171036205,0.12039742840444184
CatBoost_balanced_with_zip,with_billing_zip,CatBoost_original_balanced,enterprise_value,18000.0,120.0,0.6,0.17,922080.0,102,1496,7,83,0.9357798165137615,0.06382978723404255,0.1195079086115993
CatBoost_balanced_with_zip,with_billing_zip,CatBoost_original_balanced,enterprise_value,18000.0,120.0,0.6,0.18,912720.0,101,1484,8,95,0.926605504587156,0.06372239747634069,0.1192443919716647
CatBoost_balanced_with_zip,with_billing_zip,CatBoost_original_balanced,enterprise_value,18000.0,120.0,0.6,0.19,914520.0,101,1469,8,110,0.926605504587156,0.0643312101910828,0.12030970815961882
CatBoost_balanced_with_zip,with_billing_zip,CatBoost_original_balanced,enterprise_value,18000.0,120.0,0.6,0.2,915840.0,101,1458,8,121,0.926605504587156,0.06478511866581142,0.1211031175059952
CatBoost_balanced_with_zip,with_billing_zip,CatBoost_original_balanced,enterprise_value,18000.0,120.0,0.6,0.21,906720.0,100,1444,9,135,0.9174311926605505,0.06476683937823834,0.12099213551119177
CatBoost_balanced_with_zip,with_billing_zip,CatBoost_original_balanced,enterprise_value,18000.0,120.0,0.6,0.22,886920.0,98,1429,11,150,0.8990825688073395,0.06417812704649639,0.1198044009779951
CatBoost_balanced_with_zip,with_billing_zip,CatBoost_original_balanced,enterprise_value,18000.0,120.0,0.6,0.23,888600.0,98,1415,11,164,0.8990825688073395,0.06477197620621282,0.12083847102342787
CatBoost_balanced_with_zip,with_billing_zip,CatBoost_original_balanced,enterprise_value,18000.0,120.0,0.6,0.24,869400.0,96,1395,13,184,0.8807339449541285,0.06438631790744467,0.12
CatBoost_balanced_with_zip,with_billing_zip,CatBoost_original_balanced,enterprise_value,18000.0,120.0,0.6,0.25,860760.0,95,1377,14,202,0.8715596330275229,0.06453804347826086,0.12017710309930424
CatBoost_balanced_with_zip,with_billing_zip,CatBoost_original_balanced,enterprise_value,18000.0,120.0,0.6,0.26,863520.0,95,1354,14,225,0.8715596330275229,0.06556245686680469,0.12195121951219512
CatBoost_balanced_with_zip,with_billing_zip,CatBoost_original_balanced,enterprise_value,18000.0,120.0,0.6,0.27,854760.0,94,1337,15,242,0.8623853211009175,0.06568832983927324,0.12207792207792208
CatBoost_balanced_with_zip,with_billing_zip,CatBoost_original_balanced,enterprise_value,18000.0,120.0,0.6,0.28,857160.0,94,1317,15,262,0.8623853211009175,0.0666194188518781,0.12368421052631579
CatBoost_balanced_with_zip,with_billing_zip,CatBoost_original_balanced,enterprise_value,18000.0,120.0,0.6,0.29,861360.0,94,1282,15,297,0.8623853211009175,0.06831395348837209,0.1265993265993266
CatBoost_balanced_with_zip,with_billing_zip,CatBoost_original_balanced,enterprise_value,18000.0,120.0,0.6,0.3,853200.0,93,1260,16,319,0.8532110091743119,0.06873614190687362,0.12722298221614228
CatBoost_balanced_with_zip,with_billing_zip,CatBoost_original_balanced,enterprise_value,18000.0,120.0,0.6,0.31,846000.0,92,1230,17,349,0.8440366972477065,0.06959152798789713,0.12858141160027953
CatBoost_balanced_with_zip,with_billing_zip,CatBoost_original_balanced,enterprise_value,18000.0,120.0,0.6,0.32,828600.0,90,1195,19,384,0.8256880733944955,0.07003891050583658,0.1291248206599713
CatBoost_balanced_with_zip,with_billing_zip,CatBoost_original_balanced,enterprise_value,18000.0,120.0,0.6,0.33,810720.0,88,1164,21,415,0.8073394495412844,0.07028753993610223,0.1293166789125643
CatBoost_balanced_with_zip,with_billing_zip,CatBoost_original_balanced,enterprise_value,18000.0,120.0,0.6,0.34,804600.0,87,1125,22,454,0.7981651376146789,0.07178217821782178,0.13171839515518546
CatBoost_balanced_with_zip,with_billing_zip,CatBoost_original_balanced,enterprise_value,18000.0,120.0,0.6,0.35,787320.0,85,1089,24,490,0.7798165137614679,0.07240204429301533,0.13250194855806702
CatBoost_balanced_with_zip,with_billing_zip,CatBoost_original_balanced,enterprise_value,18000.0,120.0,0.6,0.36,770520.0,83,1049,26,530,0.7614678899082569,0.07332155477031801,0.13376309427880742
CatBoost_balanced_with_zip,with_billing_zip,CatBoost_original_balanced,enterprise_value,18000.0,120.0,0.6,0.37,753600.0,81,1010,28,569,0.7431192660550459,0.07424381301558204,0.135
CatBoost_balanced_with_zip,with_billing_zip,CatBoost_original_balanced,enterprise_value,18000.0,120.0,0.6,0.38,736920.0,79,969,30,610,0.7247706422018348,0.07538167938931298,0.1365600691443388
CatBoost_balanced_with_zip,with_billing_zip,CatBoost_original_balanced,enterprise_value,18000.0,120.0,0.6,0.39,710760.0,76,917,33,662,0.6972477064220184,0.07653575025176233,0.13793103448275862
CatBoost_balanced_with_zip,with_billing_zip,CatBoost_original_balanced,enterprise_value,18000.0,120.0,0.6,0.4,682680.0,73,881,36,698,0.6697247706422018,0.07651991614255765,0.13734713076199437
CatBoost_balanced_with_zip,with_billing_zip,CatBoost_original_balanced,enterprise_value,18000.0,120.0,0.6,0.41,655800.0,70,835,39,744,0.6422018348623854,0.07734806629834254,0.13806706114398423
CatBoost_balanced_with_zip,with_billing_zip,CatBoost_original_balanced,enterprise_value,18000.0,120.0,0.6,0.42,617880.0,66,791,43,788,0.6055045871559633,0.07701283547257877,0.13664596273291926
CatBoost_balanced_with_zip,with_billing_zip,CatBoost_original_balanced,enterprise_value,18000.0,120.0,0.6,0.43,580200.0,62,745,47,834,0.5688073394495413,0.0768277571251549,0.13537117903930132
CatBoost_balanced_with_zip,with_billing_zip,CatBoost_original_balanced,enterprise_value,18000.0,120.0,0.6,0.44,573120.0,61,714,48,865,0.5596330275229358,0.07870967741935483,0.13800904977375567
CatBoost_balanced_with_zip,with_billing_zip,CatBoost_original_balanced,enterprise_value,18000.0,120.0,0.6,0.45,557040.0,59,668,50,911,0.5412844036697247,0.0811554332874828,0.14114832535885166
CatBoost_balanced_with_zip,with_billing_zip,CatBoost_original_balanced,enterprise_value,18000.0,120.0,0.6,0.46,529920.0,56,624,53,955,0.5137614678899083,0.08235294117647059,0.14195183776932827
CatBoost_balanced_with_zip,with_billing_zip,CatBoost_original_balanced,enterprise_value,18000.0,120.0,0.6,0.47,469080.0,50,591,59,988,0.45871559633027525,0.078003120124805,0.13333333333333333
CatBoost_balanced_with_zip,with_billing_zip,CatBoost_original_balanced,enterprise_value,18000.0,120.0,0.6,0.48,442320.0,47,544,62,1035,0.43119266055045874,0.07952622673434856,0.13428571428571429
CatBoost_balanced_with_zip,with_billing_zip,CatBoost_original_balanced,enterprise_value,18000.0,120.0,0.6,0.49,425400.0,45,505,64,1074,0.41284403669724773,0.08181818181818182,0.13657056145675264
CatBoost_balanced_with_zip,with_billing_zip,CatBoost_original_balanced,enterprise_value,18000.0,120.0,0.6,0.5,388080.0,41,456,68,1123,0.3761467889908257,0.08249496981891348,0.1353135313531353
CatBoost_balanced_with_zip,with_billing_zip,CatBoost_original_balanced,enterprise_value,18000.0,120.0,0.6,0.51,360720.0,38,414,71,1165,0.3486238532110092,0.084070796460177,0.1354723707664884
CatBoost_balanced_with_zip,with_billing_zip,CatBoost_original_balanced,enterprise_value,18000.0,120.0,0.6,0.52,333720.0,35,369,74,1210,0.3211009174311927,0.08663366336633663,0.1364522417153996
CatBoost_balanced_with_zip,with_billing_zip,CatBoost_original_balanced,enterprise_value,18000.0,120.0,0.6,0.53,305520.0,32,334,77,1245,0.29357798165137616,0.08743169398907104,0.13473684210526315
CatBoost_balanced_with_zip,with_billing_zip,CatBoost_original_balanced,enterprise_value,18000.0,120.0,0.6,0.54,265920.0,28,304,81,1275,0.25688073394495414,0.08433734939759036,0.12698412698412698
CatBoost_balanced_with_zip,with_billing_zip,CatBoost_original_balanced,enterprise_value,18000.0,120.0,0.6,0.55,250680.0,26,251,83,1328,0.23853211009174313,0.09386281588447654,0.13471502590673576
CatBoost_balanced_with_zip,with_billing_zip,CatBoost_original_balanced,enterprise_value,18000.0,120.0,0.6,0.56,234240.0,24,208,85,1371,0.22018348623853212,0.10344827586206896,0.14076246334310852
CatBoost_balanced_with_zip,with_billing_zip,CatBoost_original_balanced,enterprise_value,18000.0,120.0,0.6,0.57,193680.0,20,186,89,1393,0.1834862385321101,0.0970873786407767,0.12698412698412698
CatBoost_balanced_with_zip,with_billing_zip,CatBoost_original_balanced,enterprise_value,18000.0,120.0,0.6,0.58,165120.0,17,154,92,1425,0.1559633027522936,0.09941520467836257,0.12142857142857143
CatBoost_balanced_with_zip,with_billing_zip,CatBoost_original_balanced,enterprise_value,18000.0,120.0,0.6,0.59,157080.0,16,131,93,1448,0.14678899082568808,0.10884353741496598,0.125
CatBoost_balanced_with_zip,with_billing_zip,CatBoost_original_balanced,enterprise_value,18000.0,120.0,0.6,0.6,105960.0,11,107,98,1472,0.10091743119266056,0.09322033898305085,0.09691629955947137
CatBoost_balanced_with_zip,with_billing_zip,CatBoost_original_balanced,enterprise_value,18000.0,120.0,0.6,0.61,108120.0,11,89,98,1490,0.10091743119266056,0.11,0.10526315789473684
CatBoost_balanced_with_zip,with_billing_zip,CatBoost_original_balanced,enterprise_value,18000.0,120.0,0.6,0.62,88080.0,9,76,100,1503,0.08256880733944955,0.10588235294117647,0.09278350515463918
CatBoost_balanced_with_zip,with_billing_zip,CatBoost_original_balanced,enterprise_value,18000.0,120.0,0.6,0.63,89760.0,9,62,100,1517,0.08256880733944955,0.1267605633802817,0.1
CatBoost_balanced_with_zip,with_billing_zip,CatBoost_original_balanced,enterprise_value,18000.0,120.0,0.6,0.64,80640.0,8,48,101,1531,0.07339449541284404,0.14285714285714285,0.09696969696969697
CatBoost_balanced_with_zip,with_billing_zip,CatBoost_original_balanced,enterprise_value,18000.0,120.0,0.6,0.65,59880.0,6,41,103,1538,0.05504587155963303,0.1276595744680851,0.07692307692307693
CatBoost_balanced_with_zip,with_billing_zip,CatBoost_original_balanced,enterprise_value,18000.0,120.0,0.6,0.66,39600.0,4,30,105,1549,0.03669724770642202,0.11764705882352941,0.055944055944055944
CatBoost_balanced_with_zip,with_billing_zip,CatBoost_original_balanced,enterprise_value,18000.0,120.0,0.6,0.67,19080.0,2,21,107,1558,0.01834862385321101,0.08695652173913043,0.030303030303030304
CatBoost_balanced_with_zip,with_billing_zip,CatBoost_original_balanced,enterprise_value,18000.0,120.0,0.6,0.68,19200.0,2,20,107,1559,0.01834862385321101,0.09090909090909091,0.030534351145038167
CatBoost_balanced_with_zip,with_billing_zip,CatBoost_original_balanced,enterprise_value,18000.0,120.0,0.6,0.69,20040.0,2,13,107,1566,0.01834862385321101,0.13333333333333333,0.03225806451612903
CatBoost_balanced_with_zip,with_billing_zip,CatBoost_original_balanced,enterprise_value,18000.0,120.0,0.6,0.7,20400.0,2,10,107,1569,0.01834862385321101,0.16666666666666666,0.03305785123966942
CatBoost_balanced_with_zip,with_billing_zip,CatBoost_original_balanced,enterprise_value,18000.0,120.0,0.6,0.71,21120.0,2,4,107,1575,0.01834862385321101,0.3333333333333333,0.034782608695652174
CatBoost_balanced_with_zip,with_billing_zip,CatBoost_original_balanced,enterprise_value,18000.0,120.0,0.6,0.72,21360.0,2,2,107,1577,0.01834862385321101,0.5,0.035398230088495575
CatBoost_balanced_with_zip,with_billing_zip,CatBoost_original_balanced,enterprise_value,18000.0,120.0,0.6,0.73,21360.0,2,2,107,1577,0.01834862385321101,0.5,0.035398230088495575
CatBoost_balanced_with_zip,with_billing_zip,CatBoost_original_balanced,enterprise_value,18000.0,120.0,0.6,0.74,21480.0,2,1,107,1578,0.01834862385321101,0.6666666666666666,0.03571428571428571
CatBoost_balanced_with_zip,with_billing_zip,CatBoost_original_balanced,enterprise_value,18000.0,120.0,0.6,0.75,21480.0,2,1,107,1578,0.01834862385321101,0.6666666666666666,0.03571428571428571
CatBoost_balanced_with_zip,with_billing_zip,CatBoost_original_balanced,enterprise_value,18000.0,120.0,0.6,0.76,21480.0,2,1,107,1578,0.01834862385321101,0.6666666666666666,0.03571428571428571
CatBoost_balanced_with_zip,with_billing_zip,CatBoost_original_balanced,enterprise_value,18000.0,120.0,0.6,0.77,10800.0,1,0,108,1579,0.009174311926605505,1.0,0.01818181818181818
CatBoost_balanced_with_zip,with_billing_zip,CatBoost_original_balanced,enterprise_value,18000.0,120.0,0.6,0.78,0.0,0,0,109,1579,0.0,0.0,0.0
CatBoost_balanced_with_zip,with_billing_zip,CatBoost_original_balanced,enterprise_value,18000.0,120.0,0.6,0.79,0.0,0,0,109,1579,0.0,0.0,0.0
CatBoost_balanced_with_zip,with_billing_zip,CatBoost_original_balanced,enterprise_value,18000.0,120.0,0.6,0.8,0.0,0,0,109,1579,0.0,0.0,0.0
CatBoost_balanced_with_zip,with_billing_zip,CatBoost_original_balanced,enterprise_value,18000.0,120.0,0.6,0.81,0.0,0,0,109,1579,0.0,0.0,0.0
CatBoost_balanced_with_zip,with_billing_zip,CatBoost_original_balanced,enterprise_value,18000.0,120.0,0.6,0.82,0.0,0,0,109,1579,0.0,0.0,0.0
CatBoost_balanced_with_zip,with_billing_zip,CatBoost_original_balanced,enterprise_value,18000.0,120.0,0.6,0.83,0.0,0,0,109,1579,0.0,0.0,0.0
CatBoost_balanced_with_zip,with_billing_zip,CatBoost_original_balanced,enterprise_value,18000.0,120.0,0.6,0.84,0.0,0,0,109,1579,0.0,0.0,0.0
CatBoost_balanced_with_zip,with_billing_zip,CatBoost_original_balanced,enterprise_value,18000.0,120.0,0.6,0.85,0.0,0,0,109,1579,0.0,0.0,0.0
CatBoost_balanced_with_zip,with_billing_zip,CatBoost_original_balanced,enterprise_value,18000.0,120.0,0.6,0.86,0.0,0,0,109,1579,0.0,0.0,0.0
CatBoost_balanced_with_zip,with_billing_zip,CatBoost_original_balanced,enterprise_value,18000.0,120.0,0.6,0.87,0.0,0,0,109,1579,0.0,0.0,0.0
CatBoost_balanced_with_zip,with_billing_zip,CatBoost_original_balanced,enterprise_value,18000.0,120.0,0.6,0.88,0.0,0,0,109,1579,0.0,0.0,0.0
CatBoost_balanced_with_zip,with_billing_zip,CatBoost_original_balanced,enterprise_value,18000.0,120.0,0.6,0.89,0.0,0,0,109,1579,0.0,0.0,0.0
CatBoost_balanced_with_zip,with_billing_zip,CatBoost_original_balanced,enterprise_value,18000.0,120.0,0.6,0.9,0.0,0,0,109,1579,0.0,0.0,0.0
CatBoost_balanced_with_zip,with_billing_zip,CatBoost_original_balanced,enterprise_value,18000.0,120.0,0.6,0.91,0.0,0,0,109,1579,0.0,0.0,0.0
CatBoost_balanced_with_zip,with_billing_zip,CatBoost_original_balanced,enterprise_value,18000.0,120.0,0.6,0.92,0.0,0,0,109,1579,0.0,0.0,0.0
CatBoost_balanced_with_zip,with_billing_zip,CatBoost_original_balanced,enterprise_value,18000.0,120.0,0.6,0.93,0.0,0,0,109,1579,0.0,0.0,0.0
CatBoost_balanced_with_zip,with_billing_zip,CatBoost_original_balanced,enterprise_value,18000.0,120.0,0.6,0.94,0.0,0,0,109,1579,0.0,0.0,0.0
CatBoost_balanced_with_zip,with_billing_zip,CatBoost_original_balanced,enterprise_value,18000.0,120.0,0.6,0.95,0.0,0,0,109,1579,0.0,0.0,0.0
CatBoost_balanced_with_zip,with_billing_zip,CatBoost_original_balanced,enterprise_value,18000.0,120.0,0.6,0.96,0.0,0,0,109,1579,0.0,0.0,0.0
CatBoost_balanced_with_zip,with_billing_zip,CatBoost_original_balanced,enterprise_value,18000.0,120.0,0.6,0.97,0.0,0,0,109,1579,0.0,0.0,0.0
CatBoost_balanced_with_zip,with_billing_zip,CatBoost_original_balanced,enterprise_value,18000.0,120.0,0.6,0.98,0.0,0,0,109,1579,0.0,0.0,0.0
CatBoost_balanced_with_zip,with_billing_zip,CatBoost_original_balanced,enterprise_value,18000.0,120.0,0.6,0.99,0.0,0,0,109,1579,0.0,0.0,0.0
XGBoost_with_zip,with_billing_zip,XGBoost_SMOTE,optimistic_low_campaign_cost,5400.0,30.0,0.6,0.01,306030.0,109,1571,0,8,1.0,0.06488095238095239,0.1218557853549469
XGBoost_with_zip,with_billing_zip,XGBoost_SMOTE,optimistic_low_campaign_cost,5400.0,30.0,0.6,0.02,303090.0,108,1561,1,18,0.9908256880733946,0.06470940683043738,0.12148481439820022
XGBoost_with_zip,with_billing_zip,XGBoost_SMOTE,optimistic_low_campaign_cost,5400.0,30.0,0.6,0.03,300240.0,107,1548,2,31,0.981651376146789,0.06465256797583081,0.12131519274376418
XGBoost_with_zip,with_billing_zip,XGBoost_SMOTE,optimistic_low_campaign_cost,5400.0,30.0,0.6,0.04,294000.0,105,1540,4,39,0.963302752293578,0.06382978723404255,0.11972633979475485
XGBoost_with_zip,with_billing_zip,XGBoost_SMOTE,optimistic_low_campaign_cost,5400.0,30.0,0.6,0.05,294150.0,105,1535,4,44,0.963302752293578,0.06402439024390244,0.12006861063464837
XGBoost_with_zip,with_billing_zip,XGBoost_SMOTE,optimistic_low_campaign_cost,5400.0,30.0,0.6,0.06,294390.0,105,1527,4,52,0.963302752293578,0.06433823529411764,0.12062033314187248
XGBoost_with_zip,with_billing_zip,XGBoost_SMOTE,optimistic_low_campaign_cost,5400.0,30.0,0.6,0.07,294780.0,105,1514,4,65,0.963302752293578,0.06485484867201977,0.12152777777777778
XGBoost_with_zip,with_billing_zip,XGBoost_SMOTE,optimistic_low_campaign_cost,5400.0,30.0,0.6,0.08,295110.0,105,1503,4,76,0.963302752293578,0.06529850746268656,0.12230634828188701
XGBoost_with_zip,with_billing_zip,XGBoost_SMOTE,optimistic_low_campaign_cost,5400.0,30.0,0.6,0.09,295350.0,105,1495,4,84,0.963302752293578,0.065625,0.12287887653598596
XGBoost_with_zip,with_billing_zip,XGBoost_SMOTE,optimistic_low_campaign_cost,5400.0,30.0,0.6,0.1,295770.0,105,1481,4,98,0.963302752293578,0.06620428751576292,0.12389380530973451
XGBoost_with_zip,with_billing_zip,XGBoost_SMOTE,optimistic_low_campaign_cost,5400.0,30.0,0.6,0.11,292800.0,104,1472,5,107,0.9541284403669725,0.06598984771573604,0.12344213649851632
XGBoost_with_zip,with_billing_zip,XGBoost_SMOTE,optimistic_low_campaign_cost,5400.0,30.0,0.6,0.12,293130.0,104,1461,5,118,0.9541284403669725,0.06645367412140575,0.12425328554360812
XGBoost_with_zip,with_billing_zip,XGBoost_SMOTE,optimistic_low_campaign_cost,5400.0,30.0,0.6,0.13,290190.0,103,1451,6,128,0.944954128440367,0.06628056628056628,0.1238725195429946
XGBoost_with_zip,with_billing_zip,XGBoost_SMOTE,optimistic_low_campaign_cost,5400.0,30.0,0.6,0.14,287640.0,102,1428,7,151,0.9357798165137615,0.06666666666666667,0.12446613788895668
XGBoost_with_zip,with_billing_zip,XGBoost_SMOTE,optimistic_low_campaign_cost,5400.0,30.0,0.6,0.15,288000.0,102,1416,7,163,0.9357798165137615,0.06719367588932806,0.1253841425937308
XGBoost_with_zip,with_billing_zip,XGBoost_SMOTE,optimistic_low_campaign_cost,5400.0,30.0,0.6,0.16,285180.0,101,1402,8,177,0.926605504587156,0.06719893546240852,0.12531017369727046
XGBoost_with_zip,with_billing_zip,XGBoost_SMOTE,optimistic_low_campaign_cost,5400.0,30.0,0.6,0.17,282150.0,100,1395,9,184,0.9174311926605505,0.06688963210702341,0.12468827930174564
XGBoost_with_zip,with_billing_zip,XGBoost_SMOTE,optimistic_low_campaign_cost,5400.0,30.0,0.6,0.18,279360.0,99,1380,10,199,0.908256880733945,0.06693711967545639,0.12468513853904283
XGBoost_with_zip,with_billing_zip,XGBoost_SMOTE,optimistic_low_campaign_cost,5400.0,30.0,0.6,0.19,279690.0,99,1369,10,210,0.908256880733945,0.06743869209809264,0.12555485098287889
XGBoost_with_zip,with_billing_zip,XGBoost_SMOTE,optimistic_low_campaign_cost,5400.0,30.0,0.6,0.2,280050.0,99,1357,10,222,0.908256880733945,0.06799450549450549,0.12651757188498403
XGBoost_with_zip,with_billing_zip,XGBoost_SMOTE,optimistic_low_campaign_cost,5400.0,30.0,0.6,0.21,277320.0,98,1340,11,239,0.8990825688073395,0.06815020862308763,0.12669683257918551
XGBoost_with_zip,with_billing_zip,XGBoost_SMOTE,optimistic_low_campaign_cost,5400.0,30.0,0.6,0.22,274530.0,97,1325,12,254,0.8899082568807339,0.06821378340365682,0.12671456564337036
XGBoost_with_zip,with_billing_zip,XGBoost_SMOTE,optimistic_low_campaign_cost,5400.0,30.0,0.6,0.23,274740.0,97,1318,12,261,0.8899082568807339,0.0685512367491166,0.1272965879265092
XGBoost_with_zip,with_billing_zip,XGBoost_SMOTE,optimistic_low_campaign_cost,5400.0,30.0,0.6,0.24,275010.0,97,1309,12,270,0.8899082568807339,0.0689900426742532,0.12805280528052806
XGBoost_with_zip,with_billing_zip,XGBoost_SMOTE,optimistic_low_campaign_cost,5400.0,30.0,0.6,0.25,275610.0,97,1289,12,290,0.8899082568807339,0.06998556998556998,0.12976588628762542
XGBoost_with_zip,with_billing_zip,XGBoost_SMOTE,optimistic_low_campaign_cost,5400.0,30.0,0.6,0.26,269550.0,95,1275,14,304,0.8715596330275229,0.06934306569343066,0.12846517917511832
XGBoost_with_zip,with_billing_zip,XGBoost_SMOTE,optimistic_low_campaign_cost,5400.0,30.0,0.6,0.27,266850.0,94,1257,15,322,0.8623853211009175,0.0695780903034789,0.12876712328767123
XGBoost_with_zip,with_billing_zip,XGBoost_SMOTE,optimistic_low_campaign_cost,5400.0,30.0,0.6,0.28,267120.0,94,1248,15,331,0.8623853211009175,0.07004470938897168,0.129565816678153
XGBoost_with_zip,with_billing_zip,XGBoost_SMOTE,optimistic_low_campaign_cost,5400.0,30.0,0.6,0.29,261180.0,92,1230,17,349,0.8440366972477065,0.06959152798789713,0.12858141160027953
XGBoost_with_zip,with_billing_zip,XGBoost_SMOTE,optimistic_low_campaign_cost,5400.0,30.0,0.6,0.3,258300.0,91,1218,18,361,0.8348623853211009,0.06951871657754011,0.12834978843441466
XGBoost_with_zip,with_billing_zip,XGBoost_SMOTE,optimistic_low_campaign_cost,5400.0,30.0,0.6,0.31,255660.0,90,1198,19,381,0.8256880733944955,0.06987577639751552,0.12884753042233357
XGBoost_with_zip,with_billing_zip,XGBoost_SMOTE,optimistic_low_campaign_cost,5400.0,30.0,0.6,0.32,249810.0,88,1177,21,402,0.8073394495412844,0.06956521739130435,0.12809315866084425
XGBoost_with_zip,with_billing_zip,XGBoost_SMOTE,optimistic_low_campaign_cost,5400.0,30.0,0.6,0.33,247110.0,87,1159,22,420,0.7981651376146789,0.06982343499197431,0.12841328413284134
XGBoost_with_zip,with_billing_zip,XGBoost_SMOTE,optimistic_low_campaign_cost,5400.0,30.0,0.6,0.34,241260.0,85,1138,24,441,0.7798165137614679,0.06950122649223221,0.12762762762762764
XGBoost_with_zip,with_billing_zip,XGBoost_SMOTE,optimistic_low_campaign_cost,5400.0,30.0,0.6,0.35,238440.0,84,1124,25,455,0.7706422018348624,0.0695364238410596,0.1275626423690205
XGBoost_with_zip,with_billing_zip,XGBoost_SMOTE,optimistic_low_campaign_cost,5400.0,30.0,0.6,0.36,232380.0,82,1110,27,469,0.7522935779816514,0.06879194630872483,0.12605687932359724
XGBoost_with_zip,with_billing_zip,XGBoost_SMOTE,optimistic_low_campaign_cost,5400.0,30.0,0.6,0.37,219690.0,78,1101,31,478,0.7155963302752294,0.06615776081424936,0.12111801242236025
XGBoost_with_zip,with_billing_zip,XGBoost_SMOTE,optimistic_low_campaign_cost,5400.0,30.0,0.6,0.38,213660.0,76,1086,33,493,0.6972477064220184,0.06540447504302926,0.11959087332808813
XGBoost_with_zip,with_billing_zip,XGBoost_SMOTE,optimistic_low_campaign_cost,5400.0,30.0,0.6,0.39,214290.0,76,1065,33,514,0.6972477064220184,0.06660823838737949,0.1216
XGBoost_with_zip,with_billing_zip,XGBoost_SMOTE,optimistic_low_campaign_cost,5400.0,30.0,0.6,0.4,214740.0,76,1050,33,529,0.6972477064220184,0.0674955595026643,0.12307692307692308
XGBoost_with_zip,with_billing_zip,XGBoost_SMOTE,optimistic_low_campaign_cost,5400.0,30.0,0.6,0.41,215040.0,76,1040,33,539,0.6972477064220184,0.06810035842293907,0.12408163265306123
XGBoost_with_zip,with_billing_zip,XGBoost_SMOTE,optimistic_low_campaign_cost,5400.0,30.0,0.6,0.42,209190.0,74,1019,35,560,0.6788990825688074,0.0677035681610247,0.12312811980033278
XGBoost_with_zip,with_billing_zip,XGBoost_SMOTE,optimistic_low_campaign_cost,5400.0,30.0,0.6,0.43,209730.0,74,1001,35,578,0.6788990825688074,0.06883720930232558,0.125
XGBoost_with_zip,with_billing_zip,XGBoost_SMOTE,optimistic_low_campaign_cost,5400.0,30.0,0.6,0.44,203850.0,72,981,37,598,0.6605504587155964,0.06837606837606838,0.12392426850258176
XGBoost_with_zip,with_billing_zip,XGBoost_SMOTE,optimistic_low_campaign_cost,5400.0,30.0,0.6,0.45,204390.0,72,963,37,616,0.6605504587155964,0.06956521739130435,0.1258741258741259
XGBoost_with_zip,with_billing_zip,XGBoost_SMOTE,optimistic_low_campaign_cost,5400.0,30.0,0.6,0.46,201570.0,71,949,38,630,0.6513761467889908,0.0696078431372549,0.12577502214348982
XGBoost_with_zip,with_billing_zip,XGBoost_SMOTE,optimistic_low_campaign_cost,5400.0,30.0,0.6,0.47,198900.0,70,930,39,649,0.6422018348623854,0.07,0.12623985572587917
XGBoost_with_zip,with_billing_zip,XGBoost_SMOTE,optimistic_low_campaign_cost,5400.0,30.0,0.6,0.48,196140.0,69,914,40,665,0.6330275229357798,0.07019328585961343,0.12637362637362637
XGBoost_with_zip,with_billing_zip,XGBoost_SMOTE,optimistic_low_campaign_cost,5400.0,30.0,0.6,0.49,190170.0,67,897,42,682,0.6146788990825688,0.06950207468879668,0.12488350419384903
XGBoost_with_zip,with_billing_zip,XGBoost_SMOTE,optimistic_low_campaign_cost,5400.0,30.0,0.6,0.5,190650.0,67,881,42,698,0.6146788990825688,0.07067510548523206,0.12677388836329234
XGBoost_with_zip,with_billing_zip,XGBoost_SMOTE,optimistic_low_campaign_cost,5400.0,30.0,0.6,0.51,184680.0,65,864,44,715,0.5963302752293578,0.06996770721205597,0.1252408477842004
XGBoost_with_zip,with_billing_zip,XGBoost_SMOTE,optimistic_low_campaign_cost,5400.0,30.0,0.6,0.52,178890.0,63,841,46,738,0.5779816513761468,0.06969026548672566,0.12438302073050346
XGBoost_with_zip,with_billing_zip,XGBoost_SMOTE,optimistic_low_campaign_cost,5400.0,30.0,0.6,0.53,172800.0,61,828,48,751,0.5596330275229358,0.0686164229471316,0.12224448897795591
XGBoost_with_zip,with_billing_zip,XGBoost_SMOTE,optimistic_low_campaign_cost,5400.0,30.0,0.6,0.54,167130.0,59,801,50,778,0.5412844036697247,0.0686046511627907,0.1217750257997936
XGBoost_with_zip,with_billing_zip,XGBoost_SMOTE,optimistic_low_campaign_cost,5400.0,30.0,0.6,0.55,167640.0,59,784,50,795,0.5412844036697247,0.06998813760379596,0.12394957983193278
XGBoost_with_zip,with_billing_zip,XGBoost_SMOTE,optimistic_low_campaign_cost,5400.0,30.0,0.6,0.56,155190.0,55,767,54,812,0.5045871559633027,0.06690997566909976,0.11815252416756176
XGBoost_with_zip,with_billing_zip,XGBoost_SMOTE,optimistic_low_campaign_cost,5400.0,30.0,0.6,0.57,152310.0,54,755,55,824,0.4954128440366973,0.06674907292954264,0.11764705882352941
XGBoost_with_zip,with_billing_zip,XGBoost_SMOTE,optimistic_low_campaign_cost,5400.0,30.0,0.6,0.58,152910.0,54,735,55,844,0.4954128440366973,0.06844106463878327,0.12026726057906459
XGBoost_with_zip,with_billing_zip,XGBoost_SMOTE,optimistic_low_campaign_cost,5400.0,30.0,0.6,0.59,150180.0,53,718,56,861,0.48623853211009177,0.06874189364461739,0.12045454545454545
XGBoost_with_zip,with_billing_zip,XGBoost_SMOTE,optimistic_low_campaign_cost,5400.0,30.0,0.6,0.6,144300.0,51,698,58,881,0.46788990825688076,0.06809078771695594,0.11888111888111888
XGBoost_with_zip,with_billing_zip,XGBoost_SMOTE,optimistic_low_campaign_cost,5400.0,30.0,0.6,0.61,145080.0,51,672,58,907,0.46788990825688076,0.07053941908713693,0.12259615384615384
XGBoost_with_zip,with_billing_zip,XGBoost_SMOTE,optimistic_low_campaign_cost,5400.0,30.0,0.6,0.62,139200.0,49,652,60,927,0.44954128440366975,0.06990014265335236,0.12098765432098765
XGBoost_with_zip,with_billing_zip,XGBoost_SMOTE,optimistic_low_campaign_cost,5400.0,30.0,0.6,0.63,129990.0,46,635,63,944,0.42201834862385323,0.06754772393538913,0.11645569620253164
XGBoost_with_zip,with_billing_zip,XGBoost_SMOTE,optimistic_low_campaign_cost,5400.0,30.0,0.6,0.64,127260.0,45,618,64,961,0.41284403669724773,0.06787330316742081,0.11658031088082901
XGBoost_with_zip,with_billing_zip,XGBoost_SMOTE,optimistic_low_campaign_cost,5400.0,30.0,0.6,0.65,127980.0,45,594,64,985,0.41284403669724773,0.07042253521126761,0.12032085561497326
XGBoost_with_zip,with_billing_zip,XGBoost_SMOTE,optimistic_low_campaign_cost,5400.0,30.0,0.6,0.66,128730.0,45,569,64,1010,0.41284403669724773,0.0732899022801303,0.12448132780082988
XGBoost_with_zip,with_billing_zip,XGBoost_SMOTE,optimistic_low_campaign_cost,5400.0,30.0,0.6,0.67,119460.0,42,554,67,1025,0.3853211009174312,0.07046979865771812,0.11914893617021277
XGBoost_with_zip,with_billing_zip,XGBoost_SMOTE,optimistic_low_campaign_cost,5400.0,30.0,0.6,0.68,117030.0,41,527,68,1052,0.3761467889908257,0.0721830985915493,0.12112259970457903
XGBoost_with_zip,with_billing_zip,XGBoost_SMOTE,optimistic_low_campaign_cost,5400.0,30.0,0.6,0.69,114450.0,40,505,69,1074,0.3669724770642202,0.07339449541284404,0.12232415902140673
XGBoost_with_zip,with_billing_zip,XGBoost_SMOTE,optimistic_low_campaign_cost,5400.0,30.0,0.6,0.7,115200.0,40,480,69,1099,0.3669724770642202,0.07692307692307693,0.1271860095389507
XGBoost_with_zip,with_billing_zip,XGBoost_SMOTE,optimistic_low_campaign_cost,5400.0,30.0,0.6,0.71,99480.0,35,464,74,1115,0.3211009174311927,0.07014028056112225,0.11513157894736842
XGBoost_with_zip,with_billing_zip,XGBoost_SMOTE,optimistic_low_campaign_cost,5400.0,30.0,0.6,0.72,90420.0,32,442,77,1137,0.29357798165137616,0.06751054852320675,0.1097770154373928
XGBoost_with_zip,with_billing_zip,XGBoost_SMOTE,optimistic_low_campaign_cost,5400.0,30.0,0.6,0.73,84660.0,30,418,79,1161,0.27522935779816515,0.06696428571428571,0.10771992818671454
XGBoost_with_zip,with_billing_zip,XGBoost_SMOTE,optimistic_low_campaign_cost,5400.0,30.0,0.6,0.74,75720.0,27,392,82,1187,0.24770642201834864,0.06443914081145585,0.10227272727272728
XGBoost_with_zip,with_billing_zip,XGBoost_SMOTE,optimistic_low_campaign_cost,5400.0,30.0,0.6,0.75,73410.0,26,361,83,1218,0.23853211009174313,0.06718346253229975,0.10483870967741936
XGBoost_with_zip,with_billing_zip,XGBoost_SMOTE,optimistic_low_campaign_cost,5400.0,30.0,0.6,0.76,64350.0,23,339,86,1240,0.21100917431192662,0.06353591160220995,0.09766454352441614
XGBoost_with_zip,with_billing_zip,XGBoost_SMOTE,optimistic_low_campaign_cost,5400.0,30.0,0.6,0.77,61980.0,22,310,87,1269,0.2018348623853211,0.06626506024096386,0.09977324263038549
XGBoost_with_zip,with_billing_zip,XGBoost_SMOTE,optimistic_low_campaign_cost,5400.0,30.0,0.6,0.78,63030.0,22,275,87,1304,0.2018348623853211,0.07407407407407407,0.10837438423645321
XGBoost_with_zip,with_billing_zip,XGBoost_SMOTE,optimistic_low_campaign_cost,5400.0,30.0,0.6,0.79,63600.0,22,256,87,1323,0.2018348623853211,0.07913669064748201,0.11369509043927649
XGBoost_with_zip,with_billing_zip,XGBoost_SMOTE,optimistic_low_campaign_cost,5400.0,30.0,0.6,0.8,51510.0,18,227,91,1352,0.1651376146788991,0.07346938775510205,0.1016949152542373
XGBoost_with_zip,with_billing_zip,XGBoost_SMOTE,optimistic_low_campaign_cost,5400.0,30.0,0.6,0.81,52110.0,18,207,91,1372,0.1651376146788991,0.08,0.10778443113772455
XGBoost_with_zip,with_billing_zip,XGBoost_SMOTE,optimistic_low_campaign_cost,5400.0,30.0,0.6,0.82,49470.0,17,187,92,1392,0.1559633027522936,0.08333333333333333,0.10862619808306709
XGBoost_with_zip,with_billing_zip,XGBoost_SMOTE,optimistic_low_campaign_cost,5400.0,30.0,0.6,0.83,46890.0,16,165,93,1414,0.14678899082568808,0.08839779005524862,0.1103448275862069
XGBoost_with_zip,with_billing_zip,XGBoost_SMOTE,optimistic_low_campaign_cost,5400.0,30.0,0.6,0.84,31350.0,11,143,98,1436,0.10091743119266056,0.07142857142857142,0.08365019011406843
XGBoost_with_zip,with_billing_zip,XGBoost_SMOTE,optimistic_low_campaign_cost,5400.0,30.0,0.6,0.85,28710.0,10,123,99,1456,0.09174311926605505,0.07518796992481203,0.08264462809917356
XGBoost_with_zip,with_billing_zip,XGBoost_SMOTE,optimistic_low_campaign_cost,5400.0,30.0,0.6,0.86,29250.0,10,105,99,1474,0.09174311926605505,0.08695652173913043,0.08928571428571429
XGBoost_with_zip,with_billing_zip,XGBoost_SMOTE,optimistic_low_campaign_cost,5400.0,30.0,0.6,0.87,26760.0,9,80,100,1499,0.08256880733944955,0.10112359550561797,0.09090909090909091
XGBoost_with_zip,with_billing_zip,XGBoost_SMOTE,optimistic_low_campaign_cost,5400.0,30.0,0.6,0.88,27180.0,9,66,100,1513,0.08256880733944955,0.12,0.09782608695652174
XGBoost_with_zip,with_billing_zip,XGBoost_SMOTE,optimistic_low_campaign_cost,5400.0,30.0,0.6,0.89,24330.0,8,53,101,1526,0.07339449541284404,0.13114754098360656,0.09411764705882353
XGBoost_with_zip,with_billing_zip,XGBoost_SMOTE,optimistic_low_campaign_cost,5400.0,30.0,0.6,0.9,24780.0,8,38,101,1541,0.07339449541284404,0.17391304347826086,0.1032258064516129
XGBoost_with_zip,with_billing_zip,XGBoost_SMOTE,optimistic_low_campaign_cost,5400.0,30.0,0.6,0.91,18570.0,6,29,103,1550,0.05504587155963303,0.17142857142857143,0.08333333333333333
XGBoost_with_zip,with_billing_zip,XGBoost_SMOTE,optimistic_low_campaign_cost,5400.0,30.0,0.6,0.92,15450.0,5,25,104,1554,0.045871559633027525,0.16666666666666666,0.07194244604316546
XGBoost_with_zip,with_billing_zip,XGBoost_SMOTE,optimistic_low_campaign_cost,5400.0,30.0,0.6,0.93,9180.0,3,18,106,1561,0.027522935779816515,0.14285714285714285,0.046153846153846156
XGBoost_with_zip,with_billing_zip,XGBoost_SMOTE,optimistic_low_campaign_cost,5400.0,30.0,0.6,0.94,2880.0,1,12,108,1567,0.009174311926605505,0.07692307692307693,0.01639344262295082
XGBoost_with_zip,with_billing_zip,XGBoost_SMOTE,optimistic_low_campaign_cost,5400.0,30.0,0.6,0.95,2970.0,1,9,108,1570,0.009174311926605505,0.1,0.01680672268907563
XGBoost_with_zip,with_billing_zip,XGBoost_SMOTE,optimistic_low_campaign_cost,5400.0,30.0,0.6,0.96,-60.0,0,2,109,1577,0.0,0.0,0.0
XGBoost_with_zip,with_billing_zip,XGBoost_SMOTE,optimistic_low_campaign_cost,5400.0,30.0,0.6,0.97,0.0,0,0,109,1579,0.0,0.0,0.0
XGBoost_with_zip,with_billing_zip,XGBoost_SMOTE,optimistic_low_campaign_cost,5400.0,30.0,0.6,0.98,0.0,0,0,109,1579,0.0,0.0,0.0
XGBoost_with_zip,with_billing_zip,XGBoost_SMOTE,optimistic_low_campaign_cost,5400.0,30.0,0.6,0.99,0.0,0,0,109,1579,0.0,0.0,0.0
XGBoost_with_zip,with_billing_zip,XGBoost_SMOTE,paper_baseline,5400.0,120.0,0.6,0.01,164640.0,109,1571,0,8,1.0,0.06488095238095239,0.1218557853549469
XGBoost_with_zip,with_billing_zip,XGBoost_SMOTE,paper_baseline,5400.0,120.0,0.6,0.02,162600.0,108,1561,1,18,0.9908256880733946,0.06470940683043738,0.12148481439820022
XGBoost_with_zip,with_billing_zip,XGBoost_SMOTE,paper_baseline,5400.0,120.0,0.6,0.03,160920.0,107,1548,2,31,0.981651376146789,0.06465256797583081,0.12131519274376418
XGBoost_with_zip,with_billing_zip,XGBoost_SMOTE,paper_baseline,5400.0,120.0,0.6,0.04,155400.0,105,1540,4,39,0.963302752293578,0.06382978723404255,0.11972633979475485
XGBoost_with_zip,with_billing_zip,XGBoost_SMOTE,paper_baseline,5400.0,120.0,0.6,0.05,156000.0,105,1535,4,44,0.963302752293578,0.06402439024390244,0.12006861063464837
XGBoost_with_zip,with_billing_zip,XGBoost_SMOTE,paper_baseline,5400.0,120.0,0.6,0.06,156960.0,105,1527,4,52,0.963302752293578,0.06433823529411764,0.12062033314187248
XGBoost_with_zip,with_billing_zip,XGBoost_SMOTE,paper_baseline,5400.0,120.0,0.6,0.07,158520.0,105,1514,4,65,0.963302752293578,0.06485484867201977,0.12152777777777778
XGBoost_with_zip,with_billing_zip,XGBoost_SMOTE,paper_baseline,5400.0,120.0,0.6,0.08,159840.0,105,1503,4,76,0.963302752293578,0.06529850746268656,0.12230634828188701
XGBoost_with_zip,with_billing_zip,XGBoost_SMOTE,paper_baseline,5400.0,120.0,0.6,0.09,160800.0,105,1495,4,84,0.963302752293578,0.065625,0.12287887653598596
XGBoost_with_zip,with_billing_zip,XGBoost_SMOTE,paper_baseline,5400.0,120.0,0.6,0.1,162480.0,105,1481,4,98,0.963302752293578,0.06620428751576292,0.12389380530973451
XGBoost_with_zip,with_billing_zip,XGBoost_SMOTE,paper_baseline,5400.0,120.0,0.6,0.11,160320.0,104,1472,5,107,0.9541284403669725,0.06598984771573604,0.12344213649851632
XGBoost_with_zip,with_billing_zip,XGBoost_SMOTE,paper_baseline,5400.0,120.0,0.6,0.12,161640.0,104,1461,5,118,0.9541284403669725,0.06645367412140575,0.12425328554360812
XGBoost_with_zip,with_billing_zip,XGBoost_SMOTE,paper_baseline,5400.0,120.0,0.6,0.13,159600.0,103,1451,6,128,0.944954128440367,0.06628056628056628,0.1238725195429946
XGBoost_with_zip,with_billing_zip,XGBoost_SMOTE,paper_baseline,5400.0,120.0,0.6,0.14,159120.0,102,1428,7,151,0.9357798165137615,0.06666666666666667,0.12446613788895668
XGBoost_with_zip,with_billing_zip,XGBoost_SMOTE,paper_baseline,5400.0,120.0,0.6,0.15,160560.0,102,1416,7,163,0.9357798165137615,0.06719367588932806,0.1253841425937308
XGBoost_with_zip,with_billing_zip,XGBoost_SMOTE,paper_baseline,5400.0,120.0,0.6,0.16,159000.0,101,1402,8,177,0.926605504587156,0.06719893546240852,0.12531017369727046
XGBoost_with_zip,with_billing_zip,XGBoost_SMOTE,paper_baseline,5400.0,120.0,0.6,0.17,156600.0,100,1395,9,184,0.9174311926605505,0.06688963210702341,0.12468827930174564
XGBoost_with_zip,with_billing_zip,XGBoost_SMOTE,paper_baseline,5400.0,120.0,0.6,0.18,155160.0,99,1380,10,199,0.908256880733945,0.06693711967545639,0.12468513853904283
XGBoost_with_zip,with_billing_zip,XGBoost_SMOTE,paper_baseline,5400.0,120.0,0.6,0.19,156480.0,99,1369,10,210,0.908256880733945,0.06743869209809264,0.12555485098287889
XGBoost_with_zip,with_billing_zip,XGBoost_SMOTE,paper_baseline,5400.0,120.0,0.6,0.2,157920.0,99,1357,10,222,0.908256880733945,0.06799450549450549,0.12651757188498403
XGBoost_with_zip,with_billing_zip,XGBoost_SMOTE,paper_baseline,5400.0,120.0,0.6,0.21,156720.0,98,1340,11,239,0.8990825688073395,0.06815020862308763,0.12669683257918551
XGBoost_with_zip,with_billing_zip,XGBoost_SMOTE,paper_baseline,5400.0,120.0,0.6,0.22,155280.0,97,1325,12,254,0.8899082568807339,0.06821378340365682,0.12671456564337036
XGBoost_with_zip,with_billing_zip,XGBoost_SMOTE,paper_baseline,5400.0,120.0,0.6,0.23,156120.0,97,1318,12,261,0.8899082568807339,0.0685512367491166,0.1272965879265092
XGBoost_with_zip,with_billing_zip,XGBoost_SMOTE,paper_baseline,5400.0,120.0,0.6,0.24,157200.0,97,1309,12,270,0.8899082568807339,0.0689900426742532,0.12805280528052806
XGBoost_with_zip,with_billing_zip,XGBoost_SMOTE,paper_baseline,5400.0,120.0,0.6,0.25,159600.0,97,1289,12,290,0.8899082568807339,0.06998556998556998,0.12976588628762542
XGBoost_with_zip,with_billing_zip,XGBoost_SMOTE,paper_baseline,5400.0,120.0,0.6,0.26,154800.0,95,1275,14,304,0.8715596330275229,0.06934306569343066,0.12846517917511832
XGBoost_with_zip,with_billing_zip,XGBoost_SMOTE,paper_baseline,5400.0,120.0,0.6,0.27,153720.0,94,1257,15,322,0.8623853211009175,0.0695780903034789,0.12876712328767123
XGBoost_with_zip,with_billing_zip,XGBoost_SMOTE,paper_baseline,5400.0,120.0,0.6,0.28,154800.0,94,1248,15,331,0.8623853211009175,0.07004470938897168,0.129565816678153
XGBoost_with_zip,with_billing_zip,XGBoost_SMOTE,paper_baseline,5400.0,120.0,0.6,0.29,150480.0,92,1230,17,349,0.8440366972477065,0.06959152798789713,0.12858141160027953
XGBoost_with_zip,with_billing_zip,XGBoost_SMOTE,paper_baseline,5400.0,120.0,0.6,0.3,148680.0,91,1218,18,361,0.8348623853211009,0.06951871657754011,0.12834978843441466
XGBoost_with_zip,with_billing_zip,XGBoost_SMOTE,paper_baseline,5400.0,120.0,0.6,0.31,147840.0,90,1198,19,381,0.8256880733944955,0.06987577639751552,0.12884753042233357
XGBoost_with_zip,with_billing_zip,XGBoost_SMOTE,paper_baseline,5400.0,120.0,0.6,0.32,143880.0,88,1177,21,402,0.8073394495412844,0.06956521739130435,0.12809315866084425
XGBoost_with_zip,with_billing_zip,XGBoost_SMOTE,paper_baseline,5400.0,120.0,0.6,0.33,142800.0,87,1159,22,420,0.7981651376146789,0.06982343499197431,0.12841328413284134
XGBoost_with_zip,with_billing_zip,XGBoost_SMOTE,paper_baseline,5400.0,120.0,0.6,0.34,138840.0,85,1138,24,441,0.7798165137614679,0.06950122649223221,0.12762762762762764
XGBoost_with_zip,with_billing_zip,XGBoost_SMOTE,paper_baseline,5400.0,120.0,0.6,0.35,137280.0,84,1124,25,455,0.7706422018348624,0.0695364238410596,0.1275626423690205
XGBoost_with_zip,with_billing_zip,XGBoost_SMOTE,paper_baseline,5400.0,120.0,0.6,0.36,132480.0,82,1110,27,469,0.7522935779816514,0.06879194630872483,0.12605687932359724
XGBoost_with_zip,with_billing_zip,XGBoost_SMOTE,paper_baseline,5400.0,120.0,0.6,0.37,120600.0,78,1101,31,478,0.7155963302752294,0.06615776081424936,0.12111801242236025
XGBoost_with_zip,with_billing_zip,XGBoost_SMOTE,paper_baseline,5400.0,120.0,0.6,0.38,115920.0,76,1086,33,493,0.6972477064220184,0.06540447504302926,0.11959087332808813
XGBoost_with_zip,with_billing_zip,XGBoost_SMOTE,paper_baseline,5400.0,120.0,0.6,0.39,118440.0,76,1065,33,514,0.6972477064220184,0.06660823838737949,0.1216
XGBoost_with_zip,with_billing_zip,XGBoost_SMOTE,paper_baseline,5400.0,120.0,0.6,0.4,120240.0,76,1050,33,529,0.6972477064220184,0.0674955595026643,0.12307692307692308
XGBoost_with_zip,with_billing_zip,XGBoost_SMOTE,paper_baseline,5400.0,120.0,0.6,0.41,121440.0,76,1040,33,539,0.6972477064220184,0.06810035842293907,0.12408163265306123
XGBoost_with_zip,with_billing_zip,XGBoost_SMOTE,paper_baseline,5400.0,120.0,0.6,0.42,117480.0,74,1019,35,560,0.6788990825688074,0.0677035681610247,0.12312811980033278
XGBoost_with_zip,with_billing_zip,XGBoost_SMOTE,paper_baseline,5400.0,120.0,0.6,0.43,119640.0,74,1001,35,578,0.6788990825688074,0.06883720930232558,0.125
XGBoost_with_zip,with_billing_zip,XGBoost_SMOTE,paper_baseline,5400.0,120.0,0.6,0.44,115560.0,72,981,37,598,0.6605504587155964,0.06837606837606838,0.12392426850258176
XGBoost_with_zip,with_billing_zip,XGBoost_SMOTE,paper_baseline,5400.0,120.0,0.6,0.45,117720.0,72,963,37,616,0.6605504587155964,0.06956521739130435,0.1258741258741259
XGBoost_with_zip,with_billing_zip,XGBoost_SMOTE,paper_baseline,5400.0,120.0,0.6,0.46,116160.0,71,949,38,630,0.6513761467889908,0.0696078431372549,0.12577502214348982
XGBoost_with_zip,with_billing_zip,XGBoost_SMOTE,paper_baseline,5400.0,120.0,0.6,0.47,115200.0,70,930,39,649,0.6422018348623854,0.07,0.12623985572587917
XGBoost_with_zip,with_billing_zip,XGBoost_SMOTE,paper_baseline,5400.0,120.0,0.6,0.48,113880.0,69,914,40,665,0.6330275229357798,0.07019328585961343,0.12637362637362637
XGBoost_with_zip,with_billing_zip,XGBoost_SMOTE,paper_baseline,5400.0,120.0,0.6,0.49,109440.0,67,897,42,682,0.6146788990825688,0.06950207468879668,0.12488350419384903
XGBoost_with_zip,with_billing_zip,XGBoost_SMOTE,paper_baseline,5400.0,120.0,0.6,0.5,111360.0,67,881,42,698,0.6146788990825688,0.07067510548523206,0.12677388836329234
XGBoost_with_zip,with_billing_zip,XGBoost_SMOTE,paper_baseline,5400.0,120.0,0.6,0.51,106920.0,65,864,44,715,0.5963302752293578,0.06996770721205597,0.1252408477842004
XGBoost_with_zip,with_billing_zip,XGBoost_SMOTE,paper_baseline,5400.0,120.0,0.6,0.52,103200.0,63,841,46,738,0.5779816513761468,0.06969026548672566,0.12438302073050346
XGBoost_with_zip,with_billing_zip,XGBoost_SMOTE,paper_baseline,5400.0,120.0,0.6,0.53,98280.0,61,828,48,751,0.5596330275229358,0.0686164229471316,0.12224448897795591
XGBoost_with_zip,with_billing_zip,XGBoost_SMOTE,paper_baseline,5400.0,120.0,0.6,0.54,95040.0,59,801,50,778,0.5412844036697247,0.0686046511627907,0.1217750257997936
XGBoost_with_zip,with_billing_zip,XGBoost_SMOTE,paper_baseline,5400.0,120.0,0.6,0.55,97080.0,59,784,50,795,0.5412844036697247,0.06998813760379596,0.12394957983193278
XGBoost_with_zip,with_billing_zip,XGBoost_SMOTE,paper_baseline,5400.0,120.0,0.6,0.56,86160.0,55,767,54,812,0.5045871559633027,0.06690997566909976,0.11815252416756176
XGBoost_with_zip,with_billing_zip,XGBoost_SMOTE,paper_baseline,5400.0,120.0,0.6,0.57,84360.0,54,755,55,824,0.4954128440366973,0.06674907292954264,0.11764705882352941
XGBoost_with_zip,with_billing_zip,XGBoost_SMOTE,paper_baseline,5400.0,120.0,0.6,0.58,86760.0,54,735,55,844,0.4954128440366973,0.06844106463878327,0.12026726057906459
XGBoost_with_zip,with_billing_zip,XGBoost_SMOTE,paper_baseline,5400.0,120.0,0.6,0.59,85560.0,53,718,56,861,0.48623853211009177,0.06874189364461739,0.12045454545454545
XGBoost_with_zip,with_billing_zip,XGBoost_SMOTE,paper_baseline,5400.0,120.0,0.6,0.6,81480.0,51,698,58,881,0.46788990825688076,0.06809078771695594,0.11888111888111888
XGBoost_with_zip,with_billing_zip,XGBoost_SMOTE,paper_baseline,5400.0,120.0,0.6,0.61,84600.0,51,672,58,907,0.46788990825688076,0.07053941908713693,0.12259615384615384
XGBoost_with_zip,with_billing_zip,XGBoost_SMOTE,paper_baseline,5400.0,120.0,0.6,0.62,80520.0,49,652,60,927,0.44954128440366975,0.06990014265335236,0.12098765432098765
XGBoost_with_zip,with_billing_zip,XGBoost_SMOTE,paper_baseline,5400.0,120.0,0.6,0.63,72840.0,46,635,63,944,0.42201834862385323,0.06754772393538913,0.11645569620253164
XGBoost_with_zip,with_billing_zip,XGBoost_SMOTE,paper_baseline,5400.0,120.0,0.6,0.64,71640.0,45,618,64,961,0.41284403669724773,0.06787330316742081,0.11658031088082901
XGBoost_with_zip,with_billing_zip,XGBoost_SMOTE,paper_baseline,5400.0,120.0,0.6,0.65,74520.0,45,594,64,985,0.41284403669724773,0.07042253521126761,0.12032085561497326
XGBoost_with_zip,with_billing_zip,XGBoost_SMOTE,paper_baseline,5400.0,120.0,0.6,0.66,77520.0,45,569,64,1010,0.41284403669724773,0.0732899022801303,0.12448132780082988
XGBoost_with_zip,with_billing_zip,XGBoost_SMOTE,paper_baseline,5400.0,120.0,0.6,0.67,69600.0,42,554,67,1025,0.3853211009174312,0.07046979865771812,0.11914893617021277
XGBoost_with_zip,with_billing_zip,XGBoost_SMOTE,paper_baseline,5400.0,120.0,0.6,0.68,69600.0,41,527,68,1052,0.3761467889908257,0.0721830985915493,0.12112259970457903
XGBoost_with_zip,with_billing_zip,XGBoost_SMOTE,paper_baseline,5400.0,120.0,0.6,0.69,69000.0,40,505,69,1074,0.3669724770642202,0.07339449541284404,0.12232415902140673
XGBoost_with_zip,with_billing_zip,XGBoost_SMOTE,paper_baseline,5400.0,120.0,0.6,0.7,72000.0,40,480,69,1099,0.3669724770642202,0.07692307692307693,0.1271860095389507
XGBoost_with_zip,with_billing_zip,XGBoost_SMOTE,paper_baseline,5400.0,120.0,0.6,0.71,57720.0,35,464,74,1115,0.3211009174311927,0.07014028056112225,0.11513157894736842
XGBoost_with_zip,with_billing_zip,XGBoost_SMOTE,paper_baseline,5400.0,120.0,0.6,0.72,50640.0,32,442,77,1137,0.29357798165137616,0.06751054852320675,0.1097770154373928
XGBoost_with_zip,with_billing_zip,XGBoost_SMOTE,paper_baseline,5400.0,120.0,0.6,0.73,47040.0,30,418,79,1161,0.27522935779816515,0.06696428571428571,0.10771992818671454
XGBoost_with_zip,with_billing_zip,XGBoost_SMOTE,paper_baseline,5400.0,120.0,0.6,0.74,40440.0,27,392,82,1187,0.24770642201834864,0.06443914081145585,0.10227272727272728
XGBoost_with_zip,with_billing_zip,XGBoost_SMOTE,paper_baseline,5400.0,120.0,0.6,0.75,40920.0,26,361,83,1218,0.23853211009174313,0.06718346253229975,0.10483870967741936
XGBoost_with_zip,with_billing_zip,XGBoost_SMOTE,paper_baseline,5400.0,120.0,0.6,0.76,33840.0,23,339,86,1240,0.21100917431192662,0.06353591160220995,0.09766454352441614
XGBoost_with_zip,with_billing_zip,XGBoost_SMOTE,paper_baseline,5400.0,120.0,0.6,0.77,34080.0,22,310,87,1269,0.2018348623853211,0.06626506024096386,0.09977324263038549
XGBoost_with_zip,with_billing_zip,XGBoost_SMOTE,paper_baseline,5400.0,120.0,0.6,0.78,38280.0,22,275,87,1304,0.2018348623853211,0.07407407407407407,0.10837438423645321
XGBoost_with_zip,with_billing_zip,XGBoost_SMOTE,paper_baseline,5400.0,120.0,0.6,0.79,40560.0,22,256,87,1323,0.2018348623853211,0.07913669064748201,0.11369509043927649
XGBoost_with_zip,with_billing_zip,XGBoost_SMOTE,paper_baseline,5400.0,120.0,0.6,0.8,31080.0,18,227,91,1352,0.1651376146788991,0.07346938775510205,0.1016949152542373
XGBoost_with_zip,with_billing_zip,XGBoost_SMOTE,paper_baseline,5400.0,120.0,0.6,0.81,33480.0,18,207,91,1372,0.1651376146788991,0.08,0.10778443113772455
XGBoost_with_zip,with_billing_zip,XGBoost_SMOTE,paper_baseline,5400.0,120.0,0.6,0.82,32640.0,17,187,92,1392,0.1559633027522936,0.08333333333333333,0.10862619808306709
XGBoost_with_zip,with_billing_zip,XGBoost_SMOTE,paper_baseline,5400.0,120.0,0.6,0.83,32040.0,16,165,93,1414,0.14678899082568808,0.08839779005524862,0.1103448275862069
XGBoost_with_zip,with_billing_zip,XGBoost_SMOTE,paper_baseline,5400.0,120.0,0.6,0.84,18480.0,11,143,98,1436,0.10091743119266056,0.07142857142857142,0.08365019011406843
XGBoost_with_zip,with_billing_zip,XGBoost_SMOTE,paper_baseline,5400.0,120.0,0.6,0.85,17640.0,10,123,99,1456,0.09174311926605505,0.07518796992481203,0.08264462809917356
XGBoost_with_zip,with_billing_zip,XGBoost_SMOTE,paper_baseline,5400.0,120.0,0.6,0.86,19800.0,10,105,99,1474,0.09174311926605505,0.08695652173913043,0.08928571428571429
XGBoost_with_zip,with_billing_zip,XGBoost_SMOTE,paper_baseline,5400.0,120.0,0.6,0.87,19560.0,9,80,100,1499,0.08256880733944955,0.10112359550561797,0.09090909090909091
XGBoost_with_zip,with_billing_zip,XGBoost_SMOTE,paper_baseline,5400.0,120.0,0.6,0.88,21240.0,9,66,100,1513,0.08256880733944955,0.12,0.09782608695652174
XGBoost_with_zip,with_billing_zip,XGBoost_SMOTE,paper_baseline,5400.0,120.0,0.6,0.89,19560.0,8,53,101,1526,0.07339449541284404,0.13114754098360656,0.09411764705882353
XGBoost_with_zip,with_billing_zip,XGBoost_SMOTE,paper_baseline,5400.0,120.0,0.6,0.9,21360.0,8,38,101,1541,0.07339449541284404,0.17391304347826086,0.1032258064516129
XGBoost_with_zip,with_billing_zip,XGBoost_SMOTE,paper_baseline,5400.0,120.0,0.6,0.91,15960.0,6,29,103,1550,0.05504587155963303,0.17142857142857143,0.08333333333333333
XGBoost_with_zip,with_billing_zip,XGBoost_SMOTE,paper_baseline,5400.0,120.0,0.6,0.92,13200.0,5,25,104,1554,0.045871559633027525,0.16666666666666666,0.07194244604316546
XGBoost_with_zip,with_billing_zip,XGBoost_SMOTE,paper_baseline,5400.0,120.0,0.6,0.93,7560.0,3,18,106,1561,0.027522935779816515,0.14285714285714285,0.046153846153846156
XGBoost_with_zip,with_billing_zip,XGBoost_SMOTE,paper_baseline,5400.0,120.0,0.6,0.94,1800.0,1,12,108,1567,0.009174311926605505,0.07692307692307693,0.01639344262295082
XGBoost_with_zip,with_billing_zip,XGBoost_SMOTE,paper_baseline,5400.0,120.0,0.6,0.95,2160.0,1,9,108,1570,0.009174311926605505,0.1,0.01680672268907563
XGBoost_with_zip,with_billing_zip,XGBoost_SMOTE,paper_baseline,5400.0,120.0,0.6,0.96,-240.0,0,2,109,1577,0.0,0.0,0.0
XGBoost_with_zip,with_billing_zip,XGBoost_SMOTE,paper_baseline,5400.0,120.0,0.6,0.97,0.0,0,0,109,1579,0.0,0.0,0.0
XGBoost_with_zip,with_billing_zip,XGBoost_SMOTE,paper_baseline,5400.0,120.0,0.6,0.98,0.0,0,0,109,1579,0.0,0.0,0.0
XGBoost_with_zip,with_billing_zip,XGBoost_SMOTE,paper_baseline,5400.0,120.0,0.6,0.99,0.0,0,0,109,1579,0.0,0.0,0.0
XGBoost_with_zip,with_billing_zip,XGBoost_SMOTE,conservative_campaign_cost,5400.0,360.0,0.6,0.01,-212400.0,109,1571,0,8,1.0,0.06488095238095239,0.1218557853549469
XGBoost_with_zip,with_billing_zip,XGBoost_SMOTE,conservative_campaign_cost,5400.0,360.0,0.6,0.02,-212040.0,108,1561,1,18,0.9908256880733946,0.06470940683043738,0.12148481439820022
XGBoost_with_zip,with_billing_zip,XGBoost_SMOTE,conservative_campaign_cost,5400.0,360.0,0.6,0.03,-210600.0,107,1548,2,31,0.981651376146789,0.06465256797583081,0.12131519274376418
XGBoost_with_zip,with_billing_zip,XGBoost_SMOTE,conservative_campaign_cost,5400.0,360.0,0.6,0.04,-214200.0,105,1540,4,39,0.963302752293578,0.06382978723404255,0.11972633979475485
XGBoost_with_zip,with_billing_zip,XGBoost_SMOTE,conservative_campaign_cost,5400.0,360.0,0.6,0.05,-212400.0,105,1535,4,44,0.963302752293578,0.06402439024390244,0.12006861063464837
XGBoost_with_zip,with_billing_zip,XGBoost_SMOTE,conservative_campaign_cost,5400.0,360.0,0.6,0.06,-209520.0,105,1527,4,52,0.963302752293578,0.06433823529411764,0.12062033314187248
XGBoost_with_zip,with_billing_zip,XGBoost_SMOTE,conservative_campaign_cost,5400.0,360.0,0.6,0.07,-204840.0,105,1514,4,65,0.963302752293578,0.06485484867201977,0.12152777777777778
XGBoost_with_zip,with_billing_zip,XGBoost_SMOTE,conservative_campaign_cost,5400.0,360.0,0.6,0.08,-200880.0,105,1503,4,76,0.963302752293578,0.06529850746268656,0.12230634828188701
XGBoost_with_zip,with_billing_zip,XGBoost_SMOTE,conservative_campaign_cost,5400.0,360.0,0.6,0.09,-198000.0,105,1495,4,84,0.963302752293578,0.065625,0.12287887653598596
XGBoost_with_zip,with_billing_zip,XGBoost_SMOTE,conservative_campaign_cost,5400.0,360.0,0.6,0.1,-192960.0,105,1481,4,98,0.963302752293578,0.06620428751576292,0.12389380530973451
XGBoost_with_zip,with_billing_zip,XGBoost_SMOTE,conservative_campaign_cost,5400.0,360.0,0.6,0.11,-192960.0,104,1472,5,107,0.9541284403669725,0.06598984771573604,0.12344213649851632
XGBoost_with_zip,with_billing_zip,XGBoost_SMOTE,conservative_campaign_cost,5400.0,360.0,0.6,0.12,-189000.0,104,1461,5,118,0.9541284403669725,0.06645367412140575,0.12425328554360812
XGBoost_with_zip,with_billing_zip,XGBoost_SMOTE,conservative_campaign_cost,5400.0,360.0,0.6,0.13,-188640.0,103,1451,6,128,0.944954128440367,0.06628056628056628,0.1238725195429946
XGBoost_with_zip,with_billing_zip,XGBoost_SMOTE,conservative_campaign_cost,5400.0,360.0,0.6,0.14,-183600.0,102,1428,7,151,0.9357798165137615,0.06666666666666667,0.12446613788895668
XGBoost_with_zip,with_billing_zip,XGBoost_SMOTE,conservative_campaign_cost,5400.0,360.0,0.6,0.15,-179280.0,102,1416,7,163,0.9357798165137615,0.06719367588932806,0.1253841425937308
XGBoost_with_zip,with_billing_zip,XGBoost_SMOTE,conservative_campaign_cost,5400.0,360.0,0.6,0.16,-177480.0,101,1402,8,177,0.926605504587156,0.06719893546240852,0.12531017369727046
XGBoost_with_zip,with_billing_zip,XGBoost_SMOTE,conservative_campaign_cost,5400.0,360.0,0.6,0.17,-178200.0,100,1395,9,184,0.9174311926605505,0.06688963210702341,0.12468827930174564
XGBoost_with_zip,with_billing_zip,XGBoost_SMOTE,conservative_campaign_cost,5400.0,360.0,0.6,0.18,-176040.0,99,1380,10,199,0.908256880733945,0.06693711967545639,0.12468513853904283
XGBoost_with_zip,with_billing_zip,XGBoost_SMOTE,conservative_campaign_cost,5400.0,360.0,0.6,0.19,-172080.0,99,1369,10,210,0.908256880733945,0.06743869209809264,0.12555485098287889
XGBoost_with_zip,with_billing_zip,XGBoost_SMOTE,conservative_campaign_cost,5400.0,360.0,0.6,0.2,-167760.0,99,1357,10,222,0.908256880733945,0.06799450549450549,0.12651757188498403
XGBoost_with_zip,with_billing_zip,XGBoost_SMOTE,conservative_campaign_cost,5400.0,360.0,0.6,0.21,-164880.0,98,1340,11,239,0.8990825688073395,0.06815020862308763,0.12669683257918551
XGBoost_with_zip,with_billing_zip,XGBoost_SMOTE,conservative_campaign_cost,5400.0,360.0,0.6,0.22,-162720.0,97,1325,12,254,0.8899082568807339,0.06821378340365682,0.12671456564337036
XGBoost_with_zip,with_billing_zip,XGBoost_SMOTE,conservative_campaign_cost,5400.0,360.0,0.6,0.23,-160200.0,97,1318,12,261,0.8899082568807339,0.0685512367491166,0.1272965879265092
XGBoost_with_zip,with_billing_zip,XGBoost_SMOTE,conservative_campaign_cost,5400.0,360.0,0.6,0.24,-156960.0,97,1309,12,270,0.8899082568807339,0.0689900426742532,0.12805280528052806
XGBoost_with_zip,with_billing_zip,XGBoost_SMOTE,conservative_campaign_cost,5400.0,360.0,0.6,0.25,-149760.0,97,1289,12,290,0.8899082568807339,0.06998556998556998,0.12976588628762542
XGBoost_with_zip,with_billing_zip,XGBoost_SMOTE,conservative_campaign_cost,5400.0,360.0,0.6,0.26,-151200.0,95,1275,14,304,0.8715596330275229,0.06934306569343066,0.12846517917511832
XGBoost_with_zip,with_billing_zip,XGBoost_SMOTE,conservative_campaign_cost,5400.0,360.0,0.6,0.27,-147960.0,94,1257,15,322,0.8623853211009175,0.0695780903034789,0.12876712328767123
XGBoost_with_zip,with_billing_zip,XGBoost_SMOTE,conservative_campaign_cost,5400.0,360.0,0.6,0.28,-144720.0,94,1248,15,331,0.8623853211009175,0.07004470938897168,0.129565816678153
XGBoost_with_zip,with_billing_zip,XGBoost_SMOTE,conservative_campaign_cost,5400.0,360.0,0.6,0.29,-144720.0,92,1230,17,349,0.8440366972477065,0.06959152798789713,0.12858141160027953
XGBoost_with_zip,with_billing_zip,XGBoost_SMOTE,conservative_campaign_cost,5400.0,360.0,0.6,0.3,-143640.0,91,1218,18,361,0.8348623853211009,0.06951871657754011,0.12834978843441466
XGBoost_with_zip,with_billing_zip,XGBoost_SMOTE,conservative_campaign_cost,5400.0,360.0,0.6,0.31,-139680.0,90,1198,19,381,0.8256880733944955,0.06987577639751552,0.12884753042233357
XGBoost_with_zip,with_billing_zip,XGBoost_SMOTE,conservative_campaign_cost,5400.0,360.0,0.6,0.32,-138600.0,88,1177,21,402,0.8073394495412844,0.06956521739130435,0.12809315866084425
XGBoost_with_zip,with_billing_zip,XGBoost_SMOTE,conservative_campaign_cost,5400.0,360.0,0.6,0.33,-135360.0,87,1159,22,420,0.7981651376146789,0.06982343499197431,0.12841328413284134
XGBoost_with_zip,with_billing_zip,XGBoost_SMOTE,conservative_campaign_cost,5400.0,360.0,0.6,0.34,-134280.0,85,1138,24,441,0.7798165137614679,0.06950122649223221,0.12762762762762764
XGBoost_with_zip,with_billing_zip,XGBoost_SMOTE,conservative_campaign_cost,5400.0,360.0,0.6,0.35,-132480.0,84,1124,25,455,0.7706422018348624,0.0695364238410596,0.1275626423690205
XGBoost_with_zip,with_billing_zip,XGBoost_SMOTE,conservative_campaign_cost,5400.0,360.0,0.6,0.36,-133920.0,82,1110,27,469,0.7522935779816514,0.06879194630872483,0.12605687932359724
XGBoost_with_zip,with_billing_zip,XGBoost_SMOTE,conservative_campaign_cost,5400.0,360.0,0.6,0.37,-143640.0,78,1101,31,478,0.7155963302752294,0.06615776081424936,0.12111801242236025
XGBoost_with_zip,with_billing_zip,XGBoost_SMOTE,conservative_campaign_cost,5400.0,360.0,0.6,0.38,-144720.0,76,1086,33,493,0.6972477064220184,0.06540447504302926,0.11959087332808813
XGBoost_with_zip,with_billing_zip,XGBoost_SMOTE,conservative_campaign_cost,5400.0,360.0,0.6,0.39,-137160.0,76,1065,33,514,0.6972477064220184,0.06660823838737949,0.1216
XGBoost_with_zip,with_billing_zip,XGBoost_SMOTE,conservative_campaign_cost,5400.0,360.0,0.6,0.4,-131760.0,76,1050,33,529,0.6972477064220184,0.0674955595026643,0.12307692307692308
XGBoost_with_zip,with_billing_zip,XGBoost_SMOTE,conservative_campaign_cost,5400.0,360.0,0.6,0.41,-128160.0,76,1040,33,539,0.6972477064220184,0.06810035842293907,0.12408163265306123
XGBoost_with_zip,with_billing_zip,XGBoost_SMOTE,conservative_campaign_cost,5400.0,360.0,0.6,0.42,-127080.0,74,1019,35,560,0.6788990825688074,0.0677035681610247,0.12312811980033278
XGBoost_with_zip,with_billing_zip,XGBoost_SMOTE,conservative_campaign_cost,5400.0,360.0,0.6,0.43,-120600.0,74,1001,35,578,0.6788990825688074,0.06883720930232558,0.125
XGBoost_with_zip,with_billing_zip,XGBoost_SMOTE,conservative_campaign_cost,5400.0,360.0,0.6,0.44,-119880.0,72,981,37,598,0.6605504587155964,0.06837606837606838,0.12392426850258176
XGBoost_with_zip,with_billing_zip,XGBoost_SMOTE,conservative_campaign_cost,5400.0,360.0,0.6,0.45,-113400.0,72,963,37,616,0.6605504587155964,0.06956521739130435,0.1258741258741259
XGBoost_with_zip,with_billing_zip,XGBoost_SMOTE,conservative_campaign_cost,5400.0,360.0,0.6,0.46,-111600.0,71,949,38,630,0.6513761467889908,0.0696078431372549,0.12577502214348982
XGBoost_with_zip,with_billing_zip,XGBoost_SMOTE,conservative_campaign_cost,5400.0,360.0,0.6,0.47,-108000.0,70,930,39,649,0.6422018348623854,0.07,0.12623985572587917
XGBoost_with_zip,with_billing_zip,XGBoost_SMOTE,conservative_campaign_cost,5400.0,360.0,0.6,0.48,-105480.0,69,914,40,665,0.6330275229357798,0.07019328585961343,0.12637362637362637
XGBoost_with_zip,with_billing_zip,XGBoost_SMOTE,conservative_campaign_cost,5400.0,360.0,0.6,0.49,-105840.0,67,897,42,682,0.6146788990825688,0.06950207468879668,0.12488350419384903
XGBoost_with_zip,with_billing_zip,XGBoost_SMOTE,conservative_campaign_cost,5400.0,360.0,0.6,0.5,-100080.0,67,881,42,698,0.6146788990825688,0.07067510548523206,0.12677388836329234
XGBoost_with_zip,with_billing_zip,XGBoost_SMOTE,conservative_campaign_cost,5400.0,360.0,0.6,0.51,-100440.0,65,864,44,715,0.5963302752293578,0.06996770721205597,0.1252408477842004
XGBoost_with_zip,with_billing_zip,XGBoost_SMOTE,conservative_campaign_cost,5400.0,360.0,0.6,0.52,-98640.0,63,841,46,738,0.5779816513761468,0.06969026548672566,0.12438302073050346
XGBoost_with_zip,with_billing_zip,XGBoost_SMOTE,conservative_campaign_cost,5400.0,360.0,0.6,0.53,-100440.0,61,828,48,751,0.5596330275229358,0.0686164229471316,0.12224448897795591
XGBoost_with_zip,with_billing_zip,XGBoost_SMOTE,conservative_campaign_cost,5400.0,360.0,0.6,0.54,-97200.0,59,801,50,778,0.5412844036697247,0.0686046511627907,0.1217750257997936
XGBoost_with_zip,with_billing_zip,XGBoost_SMOTE,conservative_campaign_cost,5400.0,360.0,0.6,0.55,-91080.0,59,784,50,795,0.5412844036697247,0.06998813760379596,0.12394957983193278
XGBoost_with_zip,with_billing_zip,XGBoost_SMOTE,conservative_campaign_cost,5400.0,360.0,0.6,0.56,-97920.0,55,767,54,812,0.5045871559633027,0.06690997566909976,0.11815252416756176
XGBoost_with_zip,with_billing_zip,XGBoost_SMOTE,conservative_campaign_cost,5400.0,360.0,0.6,0.57,-96840.0,54,755,55,824,0.4954128440366973,0.06674907292954264,0.11764705882352941
XGBoost_with_zip,with_billing_zip,XGBoost_SMOTE,conservative_campaign_cost,5400.0,360.0,0.6,0.58,-89640.0,54,735,55,844,0.4954128440366973,0.06844106463878327,0.12026726057906459
XGBoost_with_zip,with_billing_zip,XGBoost_SMOTE,conservative_campaign_cost,5400.0,360.0,0.6,0.59,-86760.0,53,718,56,861,0.48623853211009177,0.06874189364461739,0.12045454545454545
XGBoost_with_zip,with_billing_zip,XGBoost_SMOTE,conservative_campaign_cost,5400.0,360.0,0.6,0.6,-86040.0,51,698,58,881,0.46788990825688076,0.06809078771695594,0.11888111888111888
XGBoost_with_zip,with_billing_zip,XGBoost_SMOTE,conservative_campaign_cost,5400.0,360.0,0.6,0.61,-76680.0,51,672,58,907,0.46788990825688076,0.07053941908713693,0.12259615384615384
XGBoost_with_zip,with_billing_zip,XGBoost_SMOTE,conservative_campaign_cost,5400.0,360.0,0.6,0.62,-75960.0,49,652,60,927,0.44954128440366975,0.06990014265335236,0.12098765432098765
XGBoost_with_zip,with_billing_zip,XGBoost_SMOTE,conservative_campaign_cost,5400.0,360.0,0.6,0.63,-79560.0,46,635,63,944,0.42201834862385323,0.06754772393538913,0.11645569620253164
XGBoost_with_zip,with_billing_zip,XGBoost_SMOTE,conservative_campaign_cost,5400.0,360.0,0.6,0.64,-76680.0,45,618,64,961,0.41284403669724773,0.06787330316742081,0.11658031088082901
XGBoost_with_zip,with_billing_zip,XGBoost_SMOTE,conservative_campaign_cost,5400.0,360.0,0.6,0.65,-68040.0,45,594,64,985,0.41284403669724773,0.07042253521126761,0.12032085561497326
XGBoost_with_zip,with_billing_zip,XGBoost_SMOTE,conservative_campaign_cost,5400.0,360.0,0.6,0.66,-59040.0,45,569,64,1010,0.41284403669724773,0.0732899022801303,0.12448132780082988
XGBoost_with_zip,with_billing_zip,XGBoost_SMOTE,conservative_campaign_cost,5400.0,360.0,0.6,0.67,-63360.0,42,554,67,1025,0.3853211009174312,0.07046979865771812,0.11914893617021277
XGBoost_with_zip,with_billing_zip,XGBoost_SMOTE,conservative_campaign_cost,5400.0,360.0,0.6,0.68,-56880.0,41,527,68,1052,0.3761467889908257,0.0721830985915493,0.12112259970457903
XGBoost_with_zip,with_billing_zip,XGBoost_SMOTE,conservative_campaign_cost,5400.0,360.0,0.6,0.69,-52200.0,40,505,69,1074,0.3669724770642202,0.07339449541284404,0.12232415902140673
XGBoost_with_zip,with_billing_zip,XGBoost_SMOTE,conservative_campaign_cost,5400.0,360.0,0.6,0.7,-43200.0,40,480,69,1099,0.3669724770642202,0.07692307692307693,0.1271860095389507
XGBoost_with_zip,with_billing_zip,XGBoost_SMOTE,conservative_campaign_cost,5400.0,360.0,0.6,0.71,-53640.0,35,464,74,1115,0.3211009174311927,0.07014028056112225,0.11513157894736842
XGBoost_with_zip,with_billing_zip,XGBoost_SMOTE,conservative_campaign_cost,5400.0,360.0,0.6,0.72,-55440.0,32,442,77,1137,0.29357798165137616,0.06751054852320675,0.1097770154373928
XGBoost_with_zip,with_billing_zip,XGBoost_SMOTE,conservative_campaign_cost,5400.0,360.0,0.6,0.73,-53280.0,30,418,79,1161,0.27522935779816515,0.06696428571428571,0.10771992818671454
XGBoost_with_zip,with_billing_zip,XGBoost_SMOTE,conservative_campaign_cost,5400.0,360.0,0.6,0.74,-53640.0,27,392,82,1187,0.24770642201834864,0.06443914081145585,0.10227272727272728
XGBoost_with_zip,with_billing_zip,XGBoost_SMOTE,conservative_campaign_cost,5400.0,360.0,0.6,0.75,-45720.0,26,361,83,1218,0.23853211009174313,0.06718346253229975,0.10483870967741936
XGBoost_with_zip,with_billing_zip,XGBoost_SMOTE,conservative_campaign_cost,5400.0,360.0,0.6,0.76,-47520.0,23,339,86,1240,0.21100917431192662,0.06353591160220995,0.09766454352441614
XGBoost_with_zip,with_billing_zip,XGBoost_SMOTE,conservative_campaign_cost,5400.0,360.0,0.6,0.77,-40320.0,22,310,87,1269,0.2018348623853211,0.06626506024096386,0.09977324263038549
XGBoost_with_zip,with_billing_zip,XGBoost_SMOTE,conservative_campaign_cost,5400.0,360.0,0.6,0.78,-27720.0,22,275,87,1304,0.2018348623853211,0.07407407407407407,0.10837438423645321
XGBoost_with_zip,with_billing_zip,XGBoost_SMOTE,conservative_campaign_cost,5400.0,360.0,0.6,0.79,-20880.0,22,256,87,1323,0.2018348623853211,0.07913669064748201,0.11369509043927649
XGBoost_with_zip,with_billing_zip,XGBoost_SMOTE,conservative_campaign_cost,5400.0,360.0,0.6,0.8,-23400.0,18,227,91,1352,0.1651376146788991,0.07346938775510205,0.1016949152542373
XGBoost_with_zip,with_billing_zip,XGBoost_SMOTE,conservative_campaign_cost,5400.0,360.0,0.6,0.81,-16200.0,18,207,91,1372,0.1651376146788991,0.08,0.10778443113772455
XGBoost_with_zip,with_billing_zip,XGBoost_SMOTE,conservative_campaign_cost,5400.0,360.0,0.6,0.82,-12240.0,17,187,92,1392,0.1559633027522936,0.08333333333333333,0.10862619808306709
XGBoost_with_zip,with_billing_zip,XGBoost_SMOTE,conservative_campaign_cost,5400.0,360.0,0.6,0.83,-7560.0,16,165,93,1414,0.14678899082568808,0.08839779005524862,0.1103448275862069
XGBoost_with_zip,with_billing_zip,XGBoost_SMOTE,conservative_campaign_cost,5400.0,360.0,0.6,0.84,-15840.0,11,143,98,1436,0.10091743119266056,0.07142857142857142,0.08365019011406843
XGBoost_with_zip,with_billing_zip,XGBoost_SMOTE,conservative_campaign_cost,5400.0,360.0,0.6,0.85,-11880.0,10,123,99,1456,0.09174311926605505,0.07518796992481203,0.08264462809917356
XGBoost_with_zip,with_billing_zip,XGBoost_SMOTE,conservative_campaign_cost,5400.0,360.0,0.6,0.86,-5400.0,10,105,99,1474,0.09174311926605505,0.08695652173913043,0.08928571428571429
XGBoost_with_zip,with_billing_zip,XGBoost_SMOTE,conservative_campaign_cost,5400.0,360.0,0.6,0.87,360.0,9,80,100,1499,0.08256880733944955,0.10112359550561797,0.09090909090909091
XGBoost_with_zip,with_billing_zip,XGBoost_SMOTE,conservative_campaign_cost,5400.0,360.0,0.6,0.88,5400.0,9,66,100,1513,0.08256880733944955,0.12,0.09782608695652174
XGBoost_with_zip,with_billing_zip,XGBoost_SMOTE,conservative_campaign_cost,5400.0,360.0,0.6,0.89,6840.0,8,53,101,1526,0.07339449541284404,0.13114754098360656,0.09411764705882353
XGBoost_with_zip,with_billing_zip,XGBoost_SMOTE,conservative_campaign_cost,5400.0,360.0,0.6,0.9,12240.0,8,38,101,1541,0.07339449541284404,0.17391304347826086,0.1032258064516129
XGBoost_with_zip,with_billing_zip,XGBoost_SMOTE,conservative_campaign_cost,5400.0,360.0,0.6,0.91,9000.0,6,29,103,1550,0.05504587155963303,0.17142857142857143,0.08333333333333333
XGBoost_with_zip,with_billing_zip,XGBoost_SMOTE,conservative_campaign_cost,5400.0,360.0,0.6,0.92,7200.0,5,25,104,1554,0.045871559633027525,0.16666666666666666,0.07194244604316546
XGBoost_with_zip,with_billing_zip,XGBoost_SMOTE,conservative_campaign_cost,5400.0,360.0,0.6,0.93,3240.0,3,18,106,1561,0.027522935779816515,0.14285714285714285,0.046153846153846156
XGBoost_with_zip,with_billing_zip,XGBoost_SMOTE,conservative_campaign_cost,5400.0,360.0,0.6,0.94,-1080.0,1,12,108,1567,0.009174311926605505,0.07692307692307693,0.01639344262295082
XGBoost_with_zip,with_billing_zip,XGBoost_SMOTE,conservative_campaign_cost,5400.0,360.0,0.6,0.95,0.0,1,9,108,1570,0.009174311926605505,0.1,0.01680672268907563
XGBoost_with_zip,with_billing_zip,XGBoost_SMOTE,conservative_campaign_cost,5400.0,360.0,0.6,0.96,-720.0,0,2,109,1577,0.0,0.0,0.0
XGBoost_with_zip,with_billing_zip,XGBoost_SMOTE,conservative_campaign_cost,5400.0,360.0,0.6,0.97,0.0,0,0,109,1579,0.0,0.0,0.0
XGBoost_with_zip,with_billing_zip,XGBoost_SMOTE,conservative_campaign_cost,5400.0,360.0,0.6,0.98,0.0,0,0,109,1579,0.0,0.0,0.0
XGBoost_with_zip,with_billing_zip,XGBoost_SMOTE,conservative_campaign_cost,5400.0,360.0,0.6,0.99,0.0,0,0,109,1579,0.0,0.0,0.0
XGBoost_with_zip,with_billing_zip,XGBoost_SMOTE,budget_limited_high_campaign_cost,5400.0,720.0,0.6,0.01,-777960.0,109,1571,0,8,1.0,0.06488095238095239,0.1218557853549469
XGBoost_with_zip,with_billing_zip,XGBoost_SMOTE,budget_limited_high_campaign_cost,5400.0,720.0,0.6,0.02,-774000.0,108,1561,1,18,0.9908256880733946,0.06470940683043738,0.12148481439820022
XGBoost_with_zip,with_billing_zip,XGBoost_SMOTE,budget_limited_high_campaign_cost,5400.0,720.0,0.6,0.03,-767880.0,107,1548,2,31,0.981651376146789,0.06465256797583081,0.12131519274376418
XGBoost_with_zip,with_billing_zip,XGBoost_SMOTE,budget_limited_high_campaign_cost,5400.0,720.0,0.6,0.04,-768600.0,105,1540,4,39,0.963302752293578,0.06382978723404255,0.11972633979475485
XGBoost_with_zip,with_billing_zip,XGBoost_SMOTE,budget_limited_high_campaign_cost,5400.0,720.0,0.6,0.05,-765000.0,105,1535,4,44,0.963302752293578,0.06402439024390244,0.12006861063464837
XGBoost_with_zip,with_billing_zip,XGBoost_SMOTE,budget_limited_high_campaign_cost,5400.0,720.0,0.6,0.06,-759240.0,105,1527,4,52,0.963302752293578,0.06433823529411764,0.12062033314187248
XGBoost_with_zip,with_billing_zip,XGBoost_SMOTE,budget_limited_high_campaign_cost,5400.0,720.0,0.6,0.07,-749880.0,105,1514,4,65,0.963302752293578,0.06485484867201977,0.12152777777777778
XGBoost_with_zip,with_billing_zip,XGBoost_SMOTE,budget_limited_high_campaign_cost,5400.0,720.0,0.6,0.08,-741960.0,105,1503,4,76,0.963302752293578,0.06529850746268656,0.12230634828188701
XGBoost_with_zip,with_billing_zip,XGBoost_SMOTE,budget_limited_high_campaign_cost,5400.0,720.0,0.6,0.09,-736200.0,105,1495,4,84,0.963302752293578,0.065625,0.12287887653598596
XGBoost_with_zip,with_billing_zip,XGBoost_SMOTE,budget_limited_high_campaign_cost,5400.0,720.0,0.6,0.1,-726120.0,105,1481,4,98,0.963302752293578,0.06620428751576292,0.12389380530973451
XGBoost_with_zip,with_billing_zip,XGBoost_SMOTE,budget_limited_high_campaign_cost,5400.0,720.0,0.6,0.11,-722880.0,104,1472,5,107,0.9541284403669725,0.06598984771573604,0.12344213649851632
XGBoost_with_zip,with_billing_zip,XGBoost_SMOTE,budget_limited_high_campaign_cost,5400.0,720.0,0.6,0.12,-714960.0,104,1461,5,118,0.9541284403669725,0.06645367412140575,0.12425328554360812
XGBoost_with_zip,with_billing_zip,XGBoost_SMOTE,budget_limited_high_campaign_cost,5400.0,720.0,0.6,0.13,-711000.0,103,1451,6,128,0.944954128440367,0.06628056628056628,0.1238725195429946
XGBoost_with_zip,with_billing_zip,XGBoost_SMOTE,budget_limited_high_campaign_cost,5400.0,720.0,0.6,0.14,-697680.0,102,1428,7,151,0.9357798165137615,0.06666666666666667,0.12446613788895668
XGBoost_with_zip,with_billing_zip,XGBoost_SMOTE,budget_limited_high_campaign_cost,5400.0,720.0,0.6,0.15,-689040.0,102,1416,7,163,0.9357798165137615,0.06719367588932806,0.1253841425937308
XGBoost_with_zip,with_billing_zip,XGBoost_SMOTE,budget_limited_high_campaign_cost,5400.0,720.0,0.6,0.16,-682200.0,101,1402,8,177,0.926605504587156,0.06719893546240852,0.12531017369727046
XGBoost_with_zip,with_billing_zip,XGBoost_SMOTE,budget_limited_high_campaign_cost,5400.0,720.0,0.6,0.17,-680400.0,100,1395,9,184,0.9174311926605505,0.06688963210702341,0.12468827930174564
XGBoost_with_zip,with_billing_zip,XGBoost_SMOTE,budget_limited_high_campaign_cost,5400.0,720.0,0.6,0.18,-672840.0,99,1380,10,199,0.908256880733945,0.06693711967545639,0.12468513853904283
XGBoost_with_zip,with_billing_zip,XGBoost_SMOTE,budget_limited_high_campaign_cost,5400.0,720.0,0.6,0.19,-664920.0,99,1369,10,210,0.908256880733945,0.06743869209809264,0.12555485098287889
XGBoost_with_zip,with_billing_zip,XGBoost_SMOTE,budget_limited_high_campaign_cost,5400.0,720.0,0.6,0.2,-656280.0,99,1357,10,222,0.908256880733945,0.06799450549450549,0.12651757188498403
XGBoost_with_zip,with_billing_zip,XGBoost_SMOTE,budget_limited_high_campaign_cost,5400.0,720.0,0.6,0.21,-647280.0,98,1340,11,239,0.8990825688073395,0.06815020862308763,0.12669683257918551
XGBoost_with_zip,with_billing_zip,XGBoost_SMOTE,budget_limited_high_campaign_cost,5400.0,720.0,0.6,0.22,-639720.0,97,1325,12,254,0.8899082568807339,0.06821378340365682,0.12671456564337036
XGBoost_with_zip,with_billing_zip,XGBoost_SMOTE,budget_limited_high_campaign_cost,5400.0,720.0,0.6,0.23,-634680.0,97,1318,12,261,0.8899082568807339,0.0685512367491166,0.1272965879265092
XGBoost_with_zip,with_billing_zip,XGBoost_SMOTE,budget_limited_high_campaign_cost,5400.0,720.0,0.6,0.24,-628200.0,97,1309,12,270,0.8899082568807339,0.0689900426742532,0.12805280528052806
XGBoost_with_zip,with_billing_zip,XGBoost_SMOTE,budget_limited_high_campaign_cost,5400.0,720.0,0.6,0.25,-613800.0,97,1289,12,290,0.8899082568807339,0.06998556998556998,0.12976588628762542
XGBoost_with_zip,with_billing_zip,XGBoost_SMOTE,budget_limited_high_campaign_cost,5400.0,720.0,0.6,0.26,-610200.0,95,1275,14,304,0.8715596330275229,0.06934306569343066,0.12846517917511832
XGBoost_with_zip,with_billing_zip,XGBoost_SMOTE,budget_limited_high_campaign_cost,5400.0,720.0,0.6,0.27,-600480.0,94,1257,15,322,0.8623853211009175,0.0695780903034789,0.12876712328767123
XGBoost_with_zip,with_billing_zip,XGBoost_SMOTE,budget_limited_high_campaign_cost,5400.0,720.0,0.6,0.28,-594000.0,94,1248,15,331,0.8623853211009175,0.07004470938897168,0.129565816678153
XGBoost_with_zip,with_billing_zip,XGBoost_SMOTE,budget_limited_high_campaign_cost,5400.0,720.0,0.6,0.29,-587520.0,92,1230,17,349,0.8440366972477065,0.06959152798789713,0.12858141160027953
XGBoost_with_zip,with_billing_zip,XGBoost_SMOTE,budget_limited_high_campaign_cost,5400.0,720.0,0.6,0.3,-582120.0,91,1218,18,361,0.8348623853211009,0.06951871657754011,0.12834978843441466
XGBoost_with_zip,with_billing_zip,XGBoost_SMOTE,budget_limited_high_campaign_cost,5400.0,720.0,0.6,0.31,-570960.0,90,1198,19,381,0.8256880733944955,0.06987577639751552,0.12884753042233357
XGBoost_with_zip,with_billing_zip,XGBoost_SMOTE,budget_limited_high_campaign_cost,5400.0,720.0,0.6,0.32,-562320.0,88,1177,21,402,0.8073394495412844,0.06956521739130435,0.12809315866084425
XGBoost_with_zip,with_billing_zip,XGBoost_SMOTE,budget_limited_high_campaign_cost,5400.0,720.0,0.6,0.33,-552600.0,87,1159,22,420,0.7981651376146789,0.06982343499197431,0.12841328413284134
XGBoost_with_zip,with_billing_zip,XGBoost_SMOTE,budget_limited_high_campaign_cost,5400.0,720.0,0.6,0.34,-543960.0,85,1138,24,441,0.7798165137614679,0.06950122649223221,0.12762762762762764
XGBoost_with_zip,with_billing_zip,XGBoost_SMOTE,budget_limited_high_campaign_cost,5400.0,720.0,0.6,0.35,-537120.0,84,1124,25,455,0.7706422018348624,0.0695364238410596,0.1275626423690205
XGBoost_with_zip,with_billing_zip,XGBoost_SMOTE,budget_limited_high_campaign_cost,5400.0,720.0,0.6,0.36,-533520.0,82,1110,27,469,0.7522935779816514,0.06879194630872483,0.12605687932359724
XGBoost_with_zip,with_billing_zip,XGBoost_SMOTE,budget_limited_high_campaign_cost,5400.0,720.0,0.6,0.37,-540000.0,78,1101,31,478,0.7155963302752294,0.06615776081424936,0.12111801242236025
XGBoost_with_zip,with_billing_zip,XGBoost_SMOTE,budget_limited_high_campaign_cost,5400.0,720.0,0.6,0.38,-535680.0,76,1086,33,493,0.6972477064220184,0.06540447504302926,0.11959087332808813
XGBoost_with_zip,with_billing_zip,XGBoost_SMOTE,budget_limited_high_campaign_cost,5400.0,720.0,0.6,0.39,-520560.0,76,1065,33,514,0.6972477064220184,0.06660823838737949,0.1216
XGBoost_with_zip,with_billing_zip,XGBoost_SMOTE,budget_limited_high_campaign_cost,5400.0,720.0,0.6,0.4,-509760.0,76,1050,33,529,0.6972477064220184,0.0674955595026643,0.12307692307692308
XGBoost_with_zip,with_billing_zip,XGBoost_SMOTE,budget_limited_high_campaign_cost,5400.0,720.0,0.6,0.41,-502560.0,76,1040,33,539,0.6972477064220184,0.06810035842293907,0.12408163265306123
XGBoost_with_zip,with_billing_zip,XGBoost_SMOTE,budget_limited_high_campaign_cost,5400.0,720.0,0.6,0.42,-493920.0,74,1019,35,560,0.6788990825688074,0.0677035681610247,0.12312811980033278
XGBoost_with_zip,with_billing_zip,XGBoost_SMOTE,budget_limited_high_campaign_cost,5400.0,720.0,0.6,0.43,-480960.0,74,1001,35,578,0.6788990825688074,0.06883720930232558,0.125
XGBoost_with_zip,with_billing_zip,XGBoost_SMOTE,budget_limited_high_campaign_cost,5400.0,720.0,0.6,0.44,-473040.0,72,981,37,598,0.6605504587155964,0.06837606837606838,0.12392426850258176
XGBoost_with_zip,with_billing_zip,XGBoost_SMOTE,budget_limited_high_campaign_cost,5400.0,720.0,0.6,0.45,-460080.0,72,963,37,616,0.6605504587155964,0.06956521739130435,0.1258741258741259
XGBoost_with_zip,with_billing_zip,XGBoost_SMOTE,budget_limited_high_campaign_cost,5400.0,720.0,0.6,0.46,-453240.0,71,949,38,630,0.6513761467889908,0.0696078431372549,0.12577502214348982
XGBoost_with_zip,with_billing_zip,XGBoost_SMOTE,budget_limited_high_campaign_cost,5400.0,720.0,0.6,0.47,-442800.0,70,930,39,649,0.6422018348623854,0.07,0.12623985572587917
XGBoost_with_zip,with_billing_zip,XGBoost_SMOTE,budget_limited_high_campaign_cost,5400.0,720.0,0.6,0.48,-434520.0,69,914,40,665,0.6330275229357798,0.07019328585961343,0.12637362637362637
XGBoost_with_zip,with_billing_zip,XGBoost_SMOTE,budget_limited_high_campaign_cost,5400.0,720.0,0.6,0.49,-428760.0,67,897,42,682,0.6146788990825688,0.06950207468879668,0.12488350419384903
XGBoost_with_zip,with_billing_zip,XGBoost_SMOTE,budget_limited_high_campaign_cost,5400.0,720.0,0.6,0.5,-417240.0,67,881,42,698,0.6146788990825688,0.07067510548523206,0.12677388836329234
XGBoost_with_zip,with_billing_zip,XGBoost_SMOTE,budget_limited_high_campaign_cost,5400.0,720.0,0.6,0.51,-411480.0,65,864,44,715,0.5963302752293578,0.06996770721205597,0.1252408477842004
XGBoost_with_zip,with_billing_zip,XGBoost_SMOTE,budget_limited_high_campaign_cost,5400.0,720.0,0.6,0.52,-401400.0,63,841,46,738,0.5779816513761468,0.06969026548672566,0.12438302073050346
XGBoost_with_zip,with_billing_zip,XGBoost_SMOTE,budget_limited_high_campaign_cost,5400.0,720.0,0.6,0.53,-398520.0,61,828,48,751,0.5596330275229358,0.0686164229471316,0.12224448897795591
XGBoost_with_zip,with_billing_zip,XGBoost_SMOTE,budget_limited_high_campaign_cost,5400.0,720.0,0.6,0.54,-385560.0,59,801,50,778,0.5412844036697247,0.0686046511627907,0.1217750257997936
XGBoost_with_zip,with_billing_zip,XGBoost_SMOTE,budget_limited_high_campaign_cost,5400.0,720.0,0.6,0.55,-373320.0,59,784,50,795,0.5412844036697247,0.06998813760379596,0.12394957983193278
XGBoost_with_zip,with_billing_zip,XGBoost_SMOTE,budget_limited_high_campaign_cost,5400.0,720.0,0.6,0.56,-374040.0,55,767,54,812,0.5045871559633027,0.06690997566909976,0.11815252416756176
XGBoost_with_zip,with_billing_zip,XGBoost_SMOTE,budget_limited_high_campaign_cost,5400.0,720.0,0.6,0.57,-368640.0,54,755,55,824,0.4954128440366973,0.06674907292954264,0.11764705882352941
XGBoost_with_zip,with_billing_zip,XGBoost_SMOTE,budget_limited_high_campaign_cost,5400.0,720.0,0.6,0.58,-354240.0,54,735,55,844,0.4954128440366973,0.06844106463878327,0.12026726057906459
XGBoost_with_zip,with_billing_zip,XGBoost_SMOTE,budget_limited_high_campaign_cost,5400.0,720.0,0.6,0.59,-345240.0,53,718,56,861,0.48623853211009177,0.06874189364461739,0.12045454545454545
XGBoost_with_zip,with_billing_zip,XGBoost_SMOTE,budget_limited_high_campaign_cost,5400.0,720.0,0.6,0.6,-337320.0,51,698,58,881,0.46788990825688076,0.06809078771695594,0.11888111888111888
XGBoost_with_zip,with_billing_zip,XGBoost_SMOTE,budget_limited_high_campaign_cost,5400.0,720.0,0.6,0.61,-318600.0,51,672,58,907,0.46788990825688076,0.07053941908713693,0.12259615384615384
XGBoost_with_zip,with_billing_zip,XGBoost_SMOTE,budget_limited_high_campaign_cost,5400.0,720.0,0.6,0.62,-310680.0,49,652,60,927,0.44954128440366975,0.06990014265335236,0.12098765432098765
XGBoost_with_zip,with_billing_zip,XGBoost_SMOTE,budget_limited_high_campaign_cost,5400.0,720.0,0.6,0.63,-308160.0,46,635,63,944,0.42201834862385323,0.06754772393538913,0.11645569620253164
XGBoost_with_zip,with_billing_zip,XGBoost_SMOTE,budget_limited_high_campaign_cost,5400.0,720.0,0.6,0.64,-299160.0,45,618,64,961,0.41284403669724773,0.06787330316742081,0.11658031088082901
XGBoost_with_zip,with_billing_zip,XGBoost_SMOTE,budget_limited_high_campaign_cost,5400.0,720.0,0.6,0.65,-281880.0,45,594,64,985,0.41284403669724773,0.07042253521126761,0.12032085561497326
XGBoost_with_zip,with_billing_zip,XGBoost_SMOTE,budget_limited_high_campaign_cost,5400.0,720.0,0.6,0.66,-263880.0,45,569,64,1010,0.41284403669724773,0.0732899022801303,0.12448132780082988
XGBoost_with_zip,with_billing_zip,XGBoost_SMOTE,budget_limited_high_campaign_cost,5400.0,720.0,0.6,0.67,-262800.0,42,554,67,1025,0.3853211009174312,0.07046979865771812,0.11914893617021277
XGBoost_with_zip,with_billing_zip,XGBoost_SMOTE,budget_limited_high_campaign_cost,5400.0,720.0,0.6,0.68,-246600.0,41,527,68,1052,0.3761467889908257,0.0721830985915493,0.12112259970457903
XGBoost_with_zip,with_billing_zip,XGBoost_SMOTE,budget_limited_high_campaign_cost,5400.0,720.0,0.6,0.69,-234000.0,40,505,69,1074,0.3669724770642202,0.07339449541284404,0.12232415902140673
XGBoost_with_zip,with_billing_zip,XGBoost_SMOTE,budget_limited_high_campaign_cost,5400.0,720.0,0.6,0.7,-216000.0,40,480,69,1099,0.3669724770642202,0.07692307692307693,0.1271860095389507
XGBoost_with_zip,with_billing_zip,XGBoost_SMOTE,budget_limited_high_campaign_cost,5400.0,720.0,0.6,0.71,-220680.0,35,464,74,1115,0.3211009174311927,0.07014028056112225,0.11513157894736842
XGBoost_with_zip,with_billing_zip,XGBoost_SMOTE,budget_limited_high_campaign_cost,5400.0,720.0,0.6,0.72,-214560.0,32,442,77,1137,0.29357798165137616,0.06751054852320675,0.1097770154373928
XGBoost_with_zip,with_billing_zip,XGBoost_SMOTE,budget_limited_high_campaign_cost,5400.0,720.0,0.6,0.73,-203760.0,30,418,79,1161,0.27522935779816515,0.06696428571428571,0.10771992818671454
XGBoost_with_zip,with_billing_zip,XGBoost_SMOTE,budget_limited_high_campaign_cost,5400.0,720.0,0.6,0.74,-194760.0,27,392,82,1187,0.24770642201834864,0.06443914081145585,0.10227272727272728
XGBoost_with_zip,with_billing_zip,XGBoost_SMOTE,budget_limited_high_campaign_cost,5400.0,720.0,0.6,0.75,-175680.0,26,361,83,1218,0.23853211009174313,0.06718346253229975,0.10483870967741936
XGBoost_with_zip,with_billing_zip,XGBoost_SMOTE,budget_limited_high_campaign_cost,5400.0,720.0,0.6,0.76,-169560.0,23,339,86,1240,0.21100917431192662,0.06353591160220995,0.09766454352441614
XGBoost_with_zip,with_billing_zip,XGBoost_SMOTE,budget_limited_high_campaign_cost,5400.0,720.0,0.6,0.77,-151920.0,22,310,87,1269,0.2018348623853211,0.06626506024096386,0.09977324263038549
XGBoost_with_zip,with_billing_zip,XGBoost_SMOTE,budget_limited_high_campaign_cost,5400.0,720.0,0.6,0.78,-126720.0,22,275,87,1304,0.2018348623853211,0.07407407407407407,0.10837438423645321
XGBoost_with_zip,with_billing_zip,XGBoost_SMOTE,budget_limited_high_campaign_cost,5400.0,720.0,0.6,0.79,-113040.0,22,256,87,1323,0.2018348623853211,0.07913669064748201,0.11369509043927649
XGBoost_with_zip,with_billing_zip,XGBoost_SMOTE,budget_limited_high_campaign_cost,5400.0,720.0,0.6,0.8,-105120.0,18,227,91,1352,0.1651376146788991,0.07346938775510205,0.1016949152542373
XGBoost_with_zip,with_billing_zip,XGBoost_SMOTE,budget_limited_high_campaign_cost,5400.0,720.0,0.6,0.81,-90720.0,18,207,91,1372,0.1651376146788991,0.08,0.10778443113772455
XGBoost_with_zip,with_billing_zip,XGBoost_SMOTE,budget_limited_high_campaign_cost,5400.0,720.0,0.6,0.82,-79560.0,17,187,92,1392,0.1559633027522936,0.08333333333333333,0.10862619808306709
XGBoost_with_zip,with_billing_zip,XGBoost_SMOTE,budget_limited_high_campaign_cost,5400.0,720.0,0.6,0.83,-66960.0,16,165,93,1414,0.14678899082568808,0.08839779005524862,0.1103448275862069
XGBoost_with_zip,with_billing_zip,XGBoost_SMOTE,budget_limited_high_campaign_cost,5400.0,720.0,0.6,0.84,-67320.0,11,143,98,1436,0.10091743119266056,0.07142857142857142,0.08365019011406843
XGBoost_with_zip,with_billing_zip,XGBoost_SMOTE,budget_limited_high_campaign_cost,5400.0,720.0,0.6,0.85,-56160.0,10,123,99,1456,0.09174311926605505,0.07518796992481203,0.08264462809917356
XGBoost_with_zip,with_billing_zip,XGBoost_SMOTE,budget_limited_high_campaign_cost,5400.0,720.0,0.6,0.86,-43200.0,10,105,99,1474,0.09174311926605505,0.08695652173913043,0.08928571428571429
XGBoost_with_zip,with_billing_zip,XGBoost_SMOTE,budget_limited_high_campaign_cost,5400.0,720.0,0.6,0.87,-28440.0,9,80,100,1499,0.08256880733944955,0.10112359550561797,0.09090909090909091
XGBoost_with_zip,with_billing_zip,XGBoost_SMOTE,budget_limited_high_campaign_cost,5400.0,720.0,0.6,0.88,-18360.0,9,66,100,1513,0.08256880733944955,0.12,0.09782608695652174
XGBoost_with_zip,with_billing_zip,XGBoost_SMOTE,budget_limited_high_campaign_cost,5400.0,720.0,0.6,0.89,-12240.0,8,53,101,1526,0.07339449541284404,0.13114754098360656,0.09411764705882353
XGBoost_with_zip,with_billing_zip,XGBoost_SMOTE,budget_limited_high_campaign_cost,5400.0,720.0,0.6,0.9,-1440.0,8,38,101,1541,0.07339449541284404,0.17391304347826086,0.1032258064516129
XGBoost_with_zip,with_billing_zip,XGBoost_SMOTE,budget_limited_high_campaign_cost,5400.0,720.0,0.6,0.91,-1440.0,6,29,103,1550,0.05504587155963303,0.17142857142857143,0.08333333333333333
XGBoost_with_zip,with_billing_zip,XGBoost_SMOTE,budget_limited_high_campaign_cost,5400.0,720.0,0.6,0.92,-1800.0,5,25,104,1554,0.045871559633027525,0.16666666666666666,0.07194244604316546
XGBoost_with_zip,with_billing_zip,XGBoost_SMOTE,budget_limited_high_campaign_cost,5400.0,720.0,0.6,0.93,-3240.0,3,18,106,1561,0.027522935779816515,0.14285714285714285,0.046153846153846156
XGBoost_with_zip,with_billing_zip,XGBoost_SMOTE,budget_limited_high_campaign_cost,5400.0,720.0,0.6,0.94,-5400.0,1,12,108,1567,0.009174311926605505,0.07692307692307693,0.01639344262295082
XGBoost_with_zip,with_billing_zip,XGBoost_SMOTE,budget_limited_high_campaign_cost,5400.0,720.0,0.6,0.95,-3240.0,1,9,108,1570,0.009174311926605505,0.1,0.01680672268907563
XGBoost_with_zip,with_billing_zip,XGBoost_SMOTE,budget_limited_high_campaign_cost,5400.0,720.0,0.6,0.96,-1440.0,0,2,109,1577,0.0,0.0,0.0
XGBoost_with_zip,with_billing_zip,XGBoost_SMOTE,budget_limited_high_campaign_cost,5400.0,720.0,0.6,0.97,0.0,0,0,109,1579,0.0,0.0,0.0
XGBoost_with_zip,with_billing_zip,XGBoost_SMOTE,budget_limited_high_campaign_cost,5400.0,720.0,0.6,0.98,0.0,0,0,109,1579,0.0,0.0,0.0
XGBoost_with_zip,with_billing_zip,XGBoost_SMOTE,budget_limited_high_campaign_cost,5400.0,720.0,0.6,0.99,0.0,0,0,109,1579,0.0,0.0,0.0
XGBoost_with_zip,with_billing_zip,XGBoost_SMOTE,small_business_value,1200.0,120.0,0.6,0.01,-110040.0,109,1571,0,8,1.0,0.06488095238095239,0.1218557853549469
XGBoost_with_zip,with_billing_zip,XGBoost_SMOTE,small_business_value,1200.0,120.0,0.6,0.02,-109560.0,108,1561,1,18,0.9908256880733946,0.06470940683043738,0.12148481439820022
XGBoost_with_zip,with_billing_zip,XGBoost_SMOTE,small_business_value,1200.0,120.0,0.6,0.03,-108720.0,107,1548,2,31,0.981651376146789,0.06465256797583081,0.12131519274376418
XGBoost_with_zip,with_billing_zip,XGBoost_SMOTE,small_business_value,1200.0,120.0,0.6,0.04,-109200.0,105,1540,4,39,0.963302752293578,0.06382978723404255,0.11972633979475485
XGBoost_with_zip,with_billing_zip,XGBoost_SMOTE,small_business_value,1200.0,120.0,0.6,0.05,-108600.0,105,1535,4,44,0.963302752293578,0.06402439024390244,0.12006861063464837
XGBoost_with_zip,with_billing_zip,XGBoost_SMOTE,small_business_value,1200.0,120.0,0.6,0.06,-107640.0,105,1527,4,52,0.963302752293578,0.06433823529411764,0.12062033314187248
XGBoost_with_zip,with_billing_zip,XGBoost_SMOTE,small_business_value,1200.0,120.0,0.6,0.07,-106080.0,105,1514,4,65,0.963302752293578,0.06485484867201977,0.12152777777777778
XGBoost_with_zip,with_billing_zip,XGBoost_SMOTE,small_business_value,1200.0,120.0,0.6,0.08,-104760.0,105,1503,4,76,0.963302752293578,0.06529850746268656,0.12230634828188701
XGBoost_with_zip,with_billing_zip,XGBoost_SMOTE,small_business_value,1200.0,120.0,0.6,0.09,-103800.0,105,1495,4,84,0.963302752293578,0.065625,0.12287887653598596
XGBoost_with_zip,with_billing_zip,XGBoost_SMOTE,small_business_value,1200.0,120.0,0.6,0.1,-102120.0,105,1481,4,98,0.963302752293578,0.06620428751576292,0.12389380530973451
XGBoost_with_zip,with_billing_zip,XGBoost_SMOTE,small_business_value,1200.0,120.0,0.6,0.11,-101760.0,104,1472,5,107,0.9541284403669725,0.06598984771573604,0.12344213649851632
XGBoost_with_zip,with_billing_zip,XGBoost_SMOTE,small_business_value,1200.0,120.0,0.6,0.12,-100440.0,104,1461,5,118,0.9541284403669725,0.06645367412140575,0.12425328554360812
XGBoost_with_zip,with_billing_zip,XGBoost_SMOTE,small_business_value,1200.0,120.0,0.6,0.13,-99960.0,103,1451,6,128,0.944954128440367,0.06628056628056628,0.1238725195429946
XGBoost_with_zip,with_billing_zip,XGBoost_SMOTE,small_business_value,1200.0,120.0,0.6,0.14,-97920.0,102,1428,7,151,0.9357798165137615,0.06666666666666667,0.12446613788895668
XGBoost_with_zip,with_billing_zip,XGBoost_SMOTE,small_business_value,1200.0,120.0,0.6,0.15,-96480.0,102,1416,7,163,0.9357798165137615,0.06719367588932806,0.1253841425937308
XGBoost_with_zip,with_billing_zip,XGBoost_SMOTE,small_business_value,1200.0,120.0,0.6,0.16,-95520.0,101,1402,8,177,0.926605504587156,0.06719893546240852,0.12531017369727046
XGBoost_with_zip,with_billing_zip,XGBoost_SMOTE,small_business_value,1200.0,120.0,0.6,0.17,-95400.0,100,1395,9,184,0.9174311926605505,0.06688963210702341,0.12468827930174564
XGBoost_with_zip,with_billing_zip,XGBoost_SMOTE,small_business_value,1200.0,120.0,0.6,0.18,-94320.0,99,1380,10,199,0.908256880733945,0.06693711967545639,0.12468513853904283
XGBoost_with_zip,with_billing_zip,XGBoost_SMOTE,small_business_value,1200.0,120.0,0.6,0.19,-93000.0,99,1369,10,210,0.908256880733945,0.06743869209809264,0.12555485098287889
XGBoost_with_zip,with_billing_zip,XGBoost_SMOTE,small_business_value,1200.0,120.0,0.6,0.2,-91560.0,99,1357,10,222,0.908256880733945,0.06799450549450549,0.12651757188498403
XGBoost_with_zip,with_billing_zip,XGBoost_SMOTE,small_business_value,1200.0,120.0,0.6,0.21,-90240.0,98,1340,11,239,0.8990825688073395,0.06815020862308763,0.12669683257918551
XGBoost_with_zip,with_billing_zip,XGBoost_SMOTE,small_business_value,1200.0,120.0,0.6,0.22,-89160.0,97,1325,12,254,0.8899082568807339,0.06821378340365682,0.12671456564337036
XGBoost_with_zip,with_billing_zip,XGBoost_SMOTE,small_business_value,1200.0,120.0,0.6,0.23,-88320.0,97,1318,12,261,0.8899082568807339,0.0685512367491166,0.1272965879265092
XGBoost_with_zip,with_billing_zip,XGBoost_SMOTE,small_business_value,1200.0,120.0,0.6,0.24,-87240.0,97,1309,12,270,0.8899082568807339,0.0689900426742532,0.12805280528052806
XGBoost_with_zip,with_billing_zip,XGBoost_SMOTE,small_business_value,1200.0,120.0,0.6,0.25,-84840.0,97,1289,12,290,0.8899082568807339,0.06998556998556998,0.12976588628762542
XGBoost_with_zip,with_billing_zip,XGBoost_SMOTE,small_business_value,1200.0,120.0,0.6,0.26,-84600.0,95,1275,14,304,0.8715596330275229,0.06934306569343066,0.12846517917511832
XGBoost_with_zip,with_billing_zip,XGBoost_SMOTE,small_business_value,1200.0,120.0,0.6,0.27,-83160.0,94,1257,15,322,0.8623853211009175,0.0695780903034789,0.12876712328767123
XGBoost_with_zip,with_billing_zip,XGBoost_SMOTE,small_business_value,1200.0,120.0,0.6,0.28,-82080.0,94,1248,15,331,0.8623853211009175,0.07004470938897168,0.129565816678153
XGBoost_with_zip,with_billing_zip,XGBoost_SMOTE,small_business_value,1200.0,120.0,0.6,0.29,-81360.0,92,1230,17,349,0.8440366972477065,0.06959152798789713,0.12858141160027953
XGBoost_with_zip,with_billing_zip,XGBoost_SMOTE,small_business_value,1200.0,120.0,0.6,0.3,-80640.0,91,1218,18,361,0.8348623853211009,0.06951871657754011,0.12834978843441466
XGBoost_with_zip,with_billing_zip,XGBoost_SMOTE,small_business_value,1200.0,120.0,0.6,0.31,-78960.0,90,1198,19,381,0.8256880733944955,0.06987577639751552,0.12884753042233357
XGBoost_with_zip,with_billing_zip,XGBoost_SMOTE,small_business_value,1200.0,120.0,0.6,0.32,-77880.0,88,1177,21,402,0.8073394495412844,0.06956521739130435,0.12809315866084425
XGBoost_with_zip,with_billing_zip,XGBoost_SMOTE,small_business_value,1200.0,120.0,0.6,0.33,-76440.0,87,1159,22,420,0.7981651376146789,0.06982343499197431,0.12841328413284134
XGBoost_with_zip,with_billing_zip,XGBoost_SMOTE,small_business_value,1200.0,120.0,0.6,0.34,-75360.0,85,1138,24,441,0.7798165137614679,0.06950122649223221,0.12762762762762764
XGBoost_with_zip,with_billing_zip,XGBoost_SMOTE,small_business_value,1200.0,120.0,0.6,0.35,-74400.0,84,1124,25,455,0.7706422018348624,0.0695364238410596,0.1275626423690205
XGBoost_with_zip,with_billing_zip,XGBoost_SMOTE,small_business_value,1200.0,120.0,0.6,0.36,-74160.0,82,1110,27,469,0.7522935779816514,0.06879194630872483,0.12605687932359724
XGBoost_with_zip,with_billing_zip,XGBoost_SMOTE,small_business_value,1200.0,120.0,0.6,0.37,-75960.0,78,1101,31,478,0.7155963302752294,0.06615776081424936,0.12111801242236025
XGBoost_with_zip,with_billing_zip,XGBoost_SMOTE,small_business_value,1200.0,120.0,0.6,0.38,-75600.0,76,1086,33,493,0.6972477064220184,0.06540447504302926,0.11959087332808813
XGBoost_with_zip,with_billing_zip,XGBoost_SMOTE,small_business_value,1200.0,120.0,0.6,0.39,-73080.0,76,1065,33,514,0.6972477064220184,0.06660823838737949,0.1216
XGBoost_with_zip,with_billing_zip,XGBoost_SMOTE,small_business_value,1200.0,120.0,0.6,0.4,-71280.0,76,1050,33,529,0.6972477064220184,0.0674955595026643,0.12307692307692308
XGBoost_with_zip,with_billing_zip,XGBoost_SMOTE,small_business_value,1200.0,120.0,0.6,0.41,-70080.0,76,1040,33,539,0.6972477064220184,0.06810035842293907,0.12408163265306123
XGBoost_with_zip,with_billing_zip,XGBoost_SMOTE,small_business_value,1200.0,120.0,0.6,0.42,-69000.0,74,1019,35,560,0.6788990825688074,0.0677035681610247,0.12312811980033278
XGBoost_with_zip,with_billing_zip,XGBoost_SMOTE,small_business_value,1200.0,120.0,0.6,0.43,-66840.0,74,1001,35,578,0.6788990825688074,0.06883720930232558,0.125
XGBoost_with_zip,with_billing_zip,XGBoost_SMOTE,small_business_value,1200.0,120.0,0.6,0.44,-65880.0,72,981,37,598,0.6605504587155964,0.06837606837606838,0.12392426850258176
XGBoost_with_zip,with_billing_zip,XGBoost_SMOTE,small_business_value,1200.0,120.0,0.6,0.45,-63720.0,72,963,37,616,0.6605504587155964,0.06956521739130435,0.1258741258741259
XGBoost_with_zip,with_billing_zip,XGBoost_SMOTE,small_business_value,1200.0,120.0,0.6,0.46,-62760.0,71,949,38,630,0.6513761467889908,0.0696078431372549,0.12577502214348982
XGBoost_with_zip,with_billing_zip,XGBoost_SMOTE,small_business_value,1200.0,120.0,0.6,0.47,-61200.0,70,930,39,649,0.6422018348623854,0.07,0.12623985572587917
XGBoost_with_zip,with_billing_zip,XGBoost_SMOTE,small_business_value,1200.0,120.0,0.6,0.48,-60000.0,69,914,40,665,0.6330275229357798,0.07019328585961343,0.12637362637362637
XGBoost_with_zip,with_billing_zip,XGBoost_SMOTE,small_business_value,1200.0,120.0,0.6,0.49,-59400.0,67,897,42,682,0.6146788990825688,0.06950207468879668,0.12488350419384903
XGBoost_with_zip,with_billing_zip,XGBoost_SMOTE,small_business_value,1200.0,120.0,0.6,0.5,-57480.0,67,881,42,698,0.6146788990825688,0.07067510548523206,0.12677388836329234
XGBoost_with_zip,with_billing_zip,XGBoost_SMOTE,small_business_value,1200.0,120.0,0.6,0.51,-56880.0,65,864,44,715,0.5963302752293578,0.06996770721205597,0.1252408477842004
XGBoost_with_zip,with_billing_zip,XGBoost_SMOTE,small_business_value,1200.0,120.0,0.6,0.52,-55560.0,63,841,46,738,0.5779816513761468,0.06969026548672566,0.12438302073050346
XGBoost_with_zip,with_billing_zip,XGBoost_SMOTE,small_business_value,1200.0,120.0,0.6,0.53,-55440.0,61,828,48,751,0.5596330275229358,0.0686164229471316,0.12224448897795591
XGBoost_with_zip,with_billing_zip,XGBoost_SMOTE,small_business_value,1200.0,120.0,0.6,0.54,-53640.0,59,801,50,778,0.5412844036697247,0.0686046511627907,0.1217750257997936
XGBoost_with_zip,with_billing_zip,XGBoost_SMOTE,small_business_value,1200.0,120.0,0.6,0.55,-51600.0,59,784,50,795,0.5412844036697247,0.06998813760379596,0.12394957983193278
XGBoost_with_zip,with_billing_zip,XGBoost_SMOTE,small_business_value,1200.0,120.0,0.6,0.56,-52440.0,55,767,54,812,0.5045871559633027,0.06690997566909976,0.11815252416756176
XGBoost_with_zip,with_billing_zip,XGBoost_SMOTE,small_business_value,1200.0,120.0,0.6,0.57,-51720.0,54,755,55,824,0.4954128440366973,0.06674907292954264,0.11764705882352941
XGBoost_with_zip,with_billing_zip,XGBoost_SMOTE,small_business_value,1200.0,120.0,0.6,0.58,-49320.0,54,735,55,844,0.4954128440366973,0.06844106463878327,0.12026726057906459
XGBoost_with_zip,with_billing_zip,XGBoost_SMOTE,small_business_value,1200.0,120.0,0.6,0.59,-48000.0,53,718,56,861,0.48623853211009177,0.06874189364461739,0.12045454545454545
XGBoost_with_zip,with_billing_zip,XGBoost_SMOTE,small_business_value,1200.0,120.0,0.6,0.6,-47040.0,51,698,58,881,0.46788990825688076,0.06809078771695594,0.11888111888111888
XGBoost_with_zip,with_billing_zip,XGBoost_SMOTE,small_business_value,1200.0,120.0,0.6,0.61,-43920.0,51,672,58,907,0.46788990825688076,0.07053941908713693,0.12259615384615384
XGBoost_with_zip,with_billing_zip,XGBoost_SMOTE,small_business_value,1200.0,120.0,0.6,0.62,-42960.0,49,652,60,927,0.44954128440366975,0.06990014265335236,0.12098765432098765
XGBoost_with_zip,with_billing_zip,XGBoost_SMOTE,small_business_value,1200.0,120.0,0.6,0.63,-43080.0,46,635,63,944,0.42201834862385323,0.06754772393538913,0.11645569620253164
XGBoost_with_zip,with_billing_zip,XGBoost_SMOTE,small_business_value,1200.0,120.0,0.6,0.64,-41760.0,45,618,64,961,0.41284403669724773,0.06787330316742081,0.11658031088082901
XGBoost_with_zip,with_billing_zip,XGBoost_SMOTE,small_business_value,1200.0,120.0,0.6,0.65,-38880.0,45,594,64,985,0.41284403669724773,0.07042253521126761,0.12032085561497326
XGBoost_with_zip,with_billing_zip,XGBoost_SMOTE,small_business_value,1200.0,120.0,0.6,0.66,-35880.0,45,569,64,1010,0.41284403669724773,0.0732899022801303,0.12448132780082988
XGBoost_with_zip,with_billing_zip,XGBoost_SMOTE,small_business_value,1200.0,120.0,0.6,0.67,-36240.0,42,554,67,1025,0.3853211009174312,0.07046979865771812,0.11914893617021277
XGBoost_with_zip,with_billing_zip,XGBoost_SMOTE,small_business_value,1200.0,120.0,0.6,0.68,-33720.0,41,527,68,1052,0.3761467889908257,0.0721830985915493,0.12112259970457903
XGBoost_with_zip,with_billing_zip,XGBoost_SMOTE,small_business_value,1200.0,120.0,0.6,0.69,-31800.0,40,505,69,1074,0.3669724770642202,0.07339449541284404,0.12232415902140673
XGBoost_with_zip,with_billing_zip,XGBoost_SMOTE,small_business_value,1200.0,120.0,0.6,0.7,-28800.0,40,480,69,1099,0.3669724770642202,0.07692307692307693,0.1271860095389507
XGBoost_with_zip,with_billing_zip,XGBoost_SMOTE,small_business_value,1200.0,120.0,0.6,0.71,-30480.0,35,464,74,1115,0.3211009174311927,0.07014028056112225,0.11513157894736842
XGBoost_with_zip,with_billing_zip,XGBoost_SMOTE,small_business_value,1200.0,120.0,0.6,0.72,-30000.0,32,442,77,1137,0.29357798165137616,0.06751054852320675,0.1097770154373928
XGBoost_with_zip,with_billing_zip,XGBoost_SMOTE,small_business_value,1200.0,120.0,0.6,0.73,-28560.0,30,418,79,1161,0.27522935779816515,0.06696428571428571,0.10771992818671454
XGBoost_with_zip,with_billing_zip,XGBoost_SMOTE,small_business_value,1200.0,120.0,0.6,0.74,-27600.0,27,392,82,1187,0.24770642201834864,0.06443914081145585,0.10227272727272728
XGBoost_with_zip,with_billing_zip,XGBoost_SMOTE,small_business_value,1200.0,120.0,0.6,0.75,-24600.0,26,361,83,1218,0.23853211009174313,0.06718346253229975,0.10483870967741936
XGBoost_with_zip,with_billing_zip,XGBoost_SMOTE,small_business_value,1200.0,120.0,0.6,0.76,-24120.0,23,339,86,1240,0.21100917431192662,0.06353591160220995,0.09766454352441614
XGBoost_with_zip,with_billing_zip,XGBoost_SMOTE,small_business_value,1200.0,120.0,0.6,0.77,-21360.0,22,310,87,1269,0.2018348623853211,0.06626506024096386,0.09977324263038549
XGBoost_with_zip,with_billing_zip,XGBoost_SMOTE,small_business_value,1200.0,120.0,0.6,0.78,-17160.0,22,275,87,1304,0.2018348623853211,0.07407407407407407,0.10837438423645321
XGBoost_with_zip,with_billing_zip,XGBoost_SMOTE,small_business_value,1200.0,120.0,0.6,0.79,-14880.0,22,256,87,1323,0.2018348623853211,0.07913669064748201,0.11369509043927649
XGBoost_with_zip,with_billing_zip,XGBoost_SMOTE,small_business_value,1200.0,120.0,0.6,0.8,-14280.0,18,227,91,1352,0.1651376146788991,0.07346938775510205,0.1016949152542373
XGBoost_with_zip,with_billing_zip,XGBoost_SMOTE,small_business_value,1200.0,120.0,0.6,0.81,-11880.0,18,207,91,1372,0.1651376146788991,0.08,0.10778443113772455
XGBoost_with_zip,with_billing_zip,XGBoost_SMOTE,small_business_value,1200.0,120.0,0.6,0.82,-10200.0,17,187,92,1392,0.1559633027522936,0.08333333333333333,0.10862619808306709
XGBoost_with_zip,with_billing_zip,XGBoost_SMOTE,small_business_value,1200.0,120.0,0.6,0.83,-8280.0,16,165,93,1414,0.14678899082568808,0.08839779005524862,0.1103448275862069
XGBoost_with_zip,with_billing_zip,XGBoost_SMOTE,small_business_value,1200.0,120.0,0.6,0.84,-9240.0,11,143,98,1436,0.10091743119266056,0.07142857142857142,0.08365019011406843
XGBoost_with_zip,with_billing_zip,XGBoost_SMOTE,small_business_value,1200.0,120.0,0.6,0.85,-7560.0,10,123,99,1456,0.09174311926605505,0.07518796992481203,0.08264462809917356
XGBoost_with_zip,with_billing_zip,XGBoost_SMOTE,small_business_value,1200.0,120.0,0.6,0.86,-5400.0,10,105,99,1474,0.09174311926605505,0.08695652173913043,0.08928571428571429
XGBoost_with_zip,with_billing_zip,XGBoost_SMOTE,small_business_value,1200.0,120.0,0.6,0.87,-3120.0,9,80,100,1499,0.08256880733944955,0.10112359550561797,0.09090909090909091
XGBoost_with_zip,with_billing_zip,XGBoost_SMOTE,small_business_value,1200.0,120.0,0.6,0.88,-1440.0,9,66,100,1513,0.08256880733944955,0.12,0.09782608695652174
XGBoost_with_zip,with_billing_zip,XGBoost_SMOTE,small_business_value,1200.0,120.0,0.6,0.89,-600.0,8,53,101,1526,0.07339449541284404,0.13114754098360656,0.09411764705882353
XGBoost_with_zip,with_billing_zip,XGBoost_SMOTE,small_business_value,1200.0,120.0,0.6,0.9,1200.0,8,38,101,1541,0.07339449541284404,0.17391304347826086,0.1032258064516129
XGBoost_with_zip,with_billing_zip,XGBoost_SMOTE,small_business_value,1200.0,120.0,0.6,0.91,840.0,6,29,103,1550,0.05504587155963303,0.17142857142857143,0.08333333333333333
XGBoost_with_zip,with_billing_zip,XGBoost_SMOTE,small_business_value,1200.0,120.0,0.6,0.92,600.0,5,25,104,1554,0.045871559633027525,0.16666666666666666,0.07194244604316546
XGBoost_with_zip,with_billing_zip,XGBoost_SMOTE,small_business_value,1200.0,120.0,0.6,0.93,0.0,3,18,106,1561,0.027522935779816515,0.14285714285714285,0.046153846153846156
XGBoost_with_zip,with_billing_zip,XGBoost_SMOTE,small_business_value,1200.0,120.0,0.6,0.94,-720.0,1,12,108,1567,0.009174311926605505,0.07692307692307693,0.01639344262295082
XGBoost_with_zip,with_billing_zip,XGBoost_SMOTE,small_business_value,1200.0,120.0,0.6,0.95,-360.0,1,9,108,1570,0.009174311926605505,0.1,0.01680672268907563
XGBoost_with_zip,with_billing_zip,XGBoost_SMOTE,small_business_value,1200.0,120.0,0.6,0.96,-240.0,0,2,109,1577,0.0,0.0,0.0
XGBoost_with_zip,with_billing_zip,XGBoost_SMOTE,small_business_value,1200.0,120.0,0.6,0.97,0.0,0,0,109,1579,0.0,0.0,0.0
XGBoost_with_zip,with_billing_zip,XGBoost_SMOTE,small_business_value,1200.0,120.0,0.6,0.98,0.0,0,0,109,1579,0.0,0.0,0.0
XGBoost_with_zip,with_billing_zip,XGBoost_SMOTE,small_business_value,1200.0,120.0,0.6,0.99,0.0,0,0,109,1579,0.0,0.0,0.0
XGBoost_with_zip,with_billing_zip,XGBoost_SMOTE,enterprise_value,18000.0,120.0,0.6,0.01,988680.0,109,1571,0,8,1.0,0.06488095238095239,0.1218557853549469
XGBoost_with_zip,with_billing_zip,XGBoost_SMOTE,enterprise_value,18000.0,120.0,0.6,0.02,979080.0,108,1561,1,18,0.9908256880733946,0.06470940683043738,0.12148481439820022
XGBoost_with_zip,with_billing_zip,XGBoost_SMOTE,enterprise_value,18000.0,120.0,0.6,0.03,969840.0,107,1548,2,31,0.981651376146789,0.06465256797583081,0.12131519274376418
XGBoost_with_zip,with_billing_zip,XGBoost_SMOTE,enterprise_value,18000.0,120.0,0.6,0.04,949200.0,105,1540,4,39,0.963302752293578,0.06382978723404255,0.11972633979475485
XGBoost_with_zip,with_billing_zip,XGBoost_SMOTE,enterprise_value,18000.0,120.0,0.6,0.05,949800.0,105,1535,4,44,0.963302752293578,0.06402439024390244,0.12006861063464837
XGBoost_with_zip,with_billing_zip,XGBoost_SMOTE,enterprise_value,18000.0,120.0,0.6,0.06,950760.0,105,1527,4,52,0.963302752293578,0.06433823529411764,0.12062033314187248
XGBoost_with_zip,with_billing_zip,XGBoost_SMOTE,enterprise_value,18000.0,120.0,0.6,0.07,952320.0,105,1514,4,65,0.963302752293578,0.06485484867201977,0.12152777777777778
XGBoost_with_zip,with_billing_zip,XGBoost_SMOTE,enterprise_value,18000.0,120.0,0.6,0.08,953640.0,105,1503,4,76,0.963302752293578,0.06529850746268656,0.12230634828188701
XGBoost_with_zip,with_billing_zip,XGBoost_SMOTE,enterprise_value,18000.0,120.0,0.6,0.09,954600.0,105,1495,4,84,0.963302752293578,0.065625,0.12287887653598596
XGBoost_with_zip,with_billing_zip,XGBoost_SMOTE,enterprise_value,18000.0,120.0,0.6,0.1,956280.0,105,1481,4,98,0.963302752293578,0.06620428751576292,0.12389380530973451
XGBoost_with_zip,with_billing_zip,XGBoost_SMOTE,enterprise_value,18000.0,120.0,0.6,0.11,946560.0,104,1472,5,107,0.9541284403669725,0.06598984771573604,0.12344213649851632
XGBoost_with_zip,with_billing_zip,XGBoost_SMOTE,enterprise_value,18000.0,120.0,0.6,0.12,947880.0,104,1461,5,118,0.9541284403669725,0.06645367412140575,0.12425328554360812
XGBoost_with_zip,with_billing_zip,XGBoost_SMOTE,enterprise_value,18000.0,120.0,0.6,0.13,938280.0,103,1451,6,128,0.944954128440367,0.06628056628056628,0.1238725195429946
XGBoost_with_zip,with_billing_zip,XGBoost_SMOTE,enterprise_value,18000.0,120.0,0.6,0.14,930240.0,102,1428,7,151,0.9357798165137615,0.06666666666666667,0.12446613788895668
XGBoost_with_zip,with_billing_zip,XGBoost_SMOTE,enterprise_value,18000.0,120.0,0.6,0.15,931680.0,102,1416,7,163,0.9357798165137615,0.06719367588932806,0.1253841425937308
XGBoost_with_zip,with_billing_zip,XGBoost_SMOTE,enterprise_value,18000.0,120.0,0.6,0.16,922560.0,101,1402,8,177,0.926605504587156,0.06719893546240852,0.12531017369727046
XGBoost_with_zip,with_billing_zip,XGBoost_SMOTE,enterprise_value,18000.0,120.0,0.6,0.17,912600.0,100,1395,9,184,0.9174311926605505,0.06688963210702341,0.12468827930174564
XGBoost_with_zip,with_billing_zip,XGBoost_SMOTE,enterprise_value,18000.0,120.0,0.6,0.18,903600.0,99,1380,10,199,0.908256880733945,0.06693711967545639,0.12468513853904283
XGBoost_with_zip,with_billing_zip,XGBoost_SMOTE,enterprise_value,18000.0,120.0,0.6,0.19,904920.0,99,1369,10,210,0.908256880733945,0.06743869209809264,0.12555485098287889
XGBoost_with_zip,with_billing_zip,XGBoost_SMOTE,enterprise_value,18000.0,120.0,0.6,0.2,906360.0,99,1357,10,222,0.908256880733945,0.06799450549450549,0.12651757188498403
XGBoost_with_zip,with_billing_zip,XGBoost_SMOTE,enterprise_value,18000.0,120.0,0.6,0.21,897600.0,98,1340,11,239,0.8990825688073395,0.06815020862308763,0.12669683257918551
XGBoost_with_zip,with_billing_zip,XGBoost_SMOTE,enterprise_value,18000.0,120.0,0.6,0.22,888600.0,97,1325,12,254,0.8899082568807339,0.06821378340365682,0.12671456564337036
XGBoost_with_zip,with_billing_zip,XGBoost_SMOTE,enterprise_value,18000.0,120.0,0.6,0.23,889440.0,97,1318,12,261,0.8899082568807339,0.0685512367491166,0.1272965879265092
XGBoost_with_zip,with_billing_zip,XGBoost_SMOTE,enterprise_value,18000.0,120.0,0.6,0.24,890520.0,97,1309,12,270,0.8899082568807339,0.0689900426742532,0.12805280528052806
XGBoost_with_zip,with_billing_zip,XGBoost_SMOTE,enterprise_value,18000.0,120.0,0.6,0.25,892920.0,97,1289,12,290,0.8899082568807339,0.06998556998556998,0.12976588628762542
XGBoost_with_zip,with_billing_zip,XGBoost_SMOTE,enterprise_value,18000.0,120.0,0.6,0.26,873000.0,95,1275,14,304,0.8715596330275229,0.06934306569343066,0.12846517917511832
XGBoost_with_zip,with_billing_zip,XGBoost_SMOTE,enterprise_value,18000.0,120.0,0.6,0.27,864360.0,94,1257,15,322,0.8623853211009175,0.0695780903034789,0.12876712328767123
XGBoost_with_zip,with_billing_zip,XGBoost_SMOTE,enterprise_value,18000.0,120.0,0.6,0.28,865440.0,94,1248,15,331,0.8623853211009175,0.07004470938897168,0.129565816678153
XGBoost_with_zip,with_billing_zip,XGBoost_SMOTE,enterprise_value,18000.0,120.0,0.6,0.29,846000.0,92,1230,17,349,0.8440366972477065,0.06959152798789713,0.12858141160027953
XGBoost_with_zip,with_billing_zip,XGBoost_SMOTE,enterprise_value,18000.0,120.0,0.6,0.3,836640.0,91,1218,18,361,0.8348623853211009,0.06951871657754011,0.12834978843441466
XGBoost_with_zip,with_billing_zip,XGBoost_SMOTE,enterprise_value,18000.0,120.0,0.6,0.31,828240.0,90,1198,19,381,0.8256880733944955,0.06987577639751552,0.12884753042233357
XGBoost_with_zip,with_billing_zip,XGBoost_SMOTE,enterprise_value,18000.0,120.0,0.6,0.32,809160.0,88,1177,21,402,0.8073394495412844,0.06956521739130435,0.12809315866084425
XGBoost_with_zip,with_billing_zip,XGBoost_SMOTE,enterprise_value,18000.0,120.0,0.6,0.33,800520.0,87,1159,22,420,0.7981651376146789,0.06982343499197431,0.12841328413284134
XGBoost_with_zip,with_billing_zip,XGBoost_SMOTE,enterprise_value,18000.0,120.0,0.6,0.34,781440.0,85,1138,24,441,0.7798165137614679,0.06950122649223221,0.12762762762762764
XGBoost_with_zip,with_billing_zip,XGBoost_SMOTE,enterprise_value,18000.0,120.0,0.6,0.35,772320.0,84,1124,25,455,0.7706422018348624,0.0695364238410596,0.1275626423690205
XGBoost_with_zip,with_billing_zip,XGBoost_SMOTE,enterprise_value,18000.0,120.0,0.6,0.36,752400.0,82,1110,27,469,0.7522935779816514,0.06879194630872483,0.12605687932359724
XGBoost_with_zip,with_billing_zip,XGBoost_SMOTE,enterprise_value,18000.0,120.0,0.6,0.37,710280.0,78,1101,31,478,0.7155963302752294,0.06615776081424936,0.12111801242236025
XGBoost_with_zip,with_billing_zip,XGBoost_SMOTE,enterprise_value,18000.0,120.0,0.6,0.38,690480.0,76,1086,33,493,0.6972477064220184,0.06540447504302926,0.11959087332808813
XGBoost_with_zip,with_billing_zip,XGBoost_SMOTE,enterprise_value,18000.0,120.0,0.6,0.39,693000.0,76,1065,33,514,0.6972477064220184,0.06660823838737949,0.1216
XGBoost_with_zip,with_billing_zip,XGBoost_SMOTE,enterprise_value,18000.0,120.0,0.6,0.4,694800.0,76,1050,33,529,0.6972477064220184,0.0674955595026643,0.12307692307692308
XGBoost_with_zip,with_billing_zip,XGBoost_SMOTE,enterprise_value,18000.0,120.0,0.6,0.41,696000.0,76,1040,33,539,0.6972477064220184,0.06810035842293907,0.12408163265306123
XGBoost_with_zip,with_billing_zip,XGBoost_SMOTE,enterprise_value,18000.0,120.0,0.6,0.42,676920.0,74,1019,35,560,0.6788990825688074,0.0677035681610247,0.12312811980033278
XGBoost_with_zip,with_billing_zip,XGBoost_SMOTE,enterprise_value,18000.0,120.0,0.6,0.43,679080.0,74,1001,35,578,0.6788990825688074,0.06883720930232558,0.125
XGBoost_with_zip,with_billing_zip,XGBoost_SMOTE,enterprise_value,18000.0,120.0,0.6,0.44,659880.0,72,981,37,598,0.6605504587155964,0.06837606837606838,0.12392426850258176
XGBoost_with_zip,with_billing_zip,XGBoost_SMOTE,enterprise_value,18000.0,120.0,0.6,0.45,662040.0,72,963,37,616,0.6605504587155964,0.06956521739130435,0.1258741258741259
XGBoost_with_zip,with_billing_zip,XGBoost_SMOTE,enterprise_value,18000.0,120.0,0.6,0.46,652920.0,71,949,38,630,0.6513761467889908,0.0696078431372549,0.12577502214348982
XGBoost_with_zip,with_billing_zip,XGBoost_SMOTE,enterprise_value,18000.0,120.0,0.6,0.47,644400.0,70,930,39,649,0.6422018348623854,0.07,0.12623985572587917
XGBoost_with_zip,with_billing_zip,XGBoost_SMOTE,enterprise_value,18000.0,120.0,0.6,0.48,635520.0,69,914,40,665,0.6330275229357798,0.07019328585961343,0.12637362637362637
XGBoost_with_zip,with_billing_zip,XGBoost_SMOTE,enterprise_value,18000.0,120.0,0.6,0.49,615960.0,67,897,42,682,0.6146788990825688,0.06950207468879668,0.12488350419384903
XGBoost_with_zip,with_billing_zip,XGBoost_SMOTE,enterprise_value,18000.0,120.0,0.6,0.5,617880.0,67,881,42,698,0.6146788990825688,0.07067510548523206,0.12677388836329234
XGBoost_with_zip,with_billing_zip,XGBoost_SMOTE,enterprise_value,18000.0,120.0,0.6,0.51,598320.0,65,864,44,715,0.5963302752293578,0.06996770721205597,0.1252408477842004
XGBoost_with_zip,with_billing_zip,XGBoost_SMOTE,enterprise_value,18000.0,120.0,0.6,0.52,579480.0,63,841,46,738,0.5779816513761468,0.06969026548672566,0.12438302073050346
XGBoost_with_zip,with_billing_zip,XGBoost_SMOTE,enterprise_value,18000.0,120.0,0.6,0.53,559440.0,61,828,48,751,0.5596330275229358,0.0686164229471316,0.12224448897795591
XGBoost_with_zip,with_billing_zip,XGBoost_SMOTE,enterprise_value,18000.0,120.0,0.6,0.54,541080.0,59,801,50,778,0.5412844036697247,0.0686046511627907,0.1217750257997936
XGBoost_with_zip,with_billing_zip,XGBoost_SMOTE,enterprise_value,18000.0,120.0,0.6,0.55,543120.0,59,784,50,795,0.5412844036697247,0.06998813760379596,0.12394957983193278
XGBoost_with_zip,with_billing_zip,XGBoost_SMOTE,enterprise_value,18000.0,120.0,0.6,0.56,501960.0,55,767,54,812,0.5045871559633027,0.06690997566909976,0.11815252416756176
XGBoost_with_zip,with_billing_zip,XGBoost_SMOTE,enterprise_value,18000.0,120.0,0.6,0.57,492600.0,54,755,55,824,0.4954128440366973,0.06674907292954264,0.11764705882352941
XGBoost_with_zip,with_billing_zip,XGBoost_SMOTE,enterprise_value,18000.0,120.0,0.6,0.58,495000.0,54,735,55,844,0.4954128440366973,0.06844106463878327,0.12026726057906459
XGBoost_with_zip,with_billing_zip,XGBoost_SMOTE,enterprise_value,18000.0,120.0,0.6,0.59,486240.0,53,718,56,861,0.48623853211009177,0.06874189364461739,0.12045454545454545
XGBoost_with_zip,with_billing_zip,XGBoost_SMOTE,enterprise_value,18000.0,120.0,0.6,0.6,467040.0,51,698,58,881,0.46788990825688076,0.06809078771695594,0.11888111888111888
XGBoost_with_zip,with_billing_zip,XGBoost_SMOTE,enterprise_value,18000.0,120.0,0.6,0.61,470160.0,51,672,58,907,0.46788990825688076,0.07053941908713693,0.12259615384615384
XGBoost_with_zip,with_billing_zip,XGBoost_SMOTE,enterprise_value,18000.0,120.0,0.6,0.62,450960.0,49,652,60,927,0.44954128440366975,0.06990014265335236,0.12098765432098765
XGBoost_with_zip,with_billing_zip,XGBoost_SMOTE,enterprise_value,18000.0,120.0,0.6,0.63,420600.0,46,635,63,944,0.42201834862385323,0.06754772393538913,0.11645569620253164
XGBoost_with_zip,with_billing_zip,XGBoost_SMOTE,enterprise_value,18000.0,120.0,0.6,0.64,411840.0,45,618,64,961,0.41284403669724773,0.06787330316742081,0.11658031088082901
XGBoost_with_zip,with_billing_zip,XGBoost_SMOTE,enterprise_value,18000.0,120.0,0.6,0.65,414720.0,45,594,64,985,0.41284403669724773,0.07042253521126761,0.12032085561497326
XGBoost_with_zip,with_billing_zip,XGBoost_SMOTE,enterprise_value,18000.0,120.0,0.6,0.66,417720.0,45,569,64,1010,0.41284403669724773,0.0732899022801303,0.12448132780082988
XGBoost_with_zip,with_billing_zip,XGBoost_SMOTE,enterprise_value,18000.0,120.0,0.6,0.67,387120.0,42,554,67,1025,0.3853211009174312,0.07046979865771812,0.11914893617021277
XGBoost_with_zip,with_billing_zip,XGBoost_SMOTE,enterprise_value,18000.0,120.0,0.6,0.68,379560.0,41,527,68,1052,0.3761467889908257,0.0721830985915493,0.12112259970457903
XGBoost_with_zip,with_billing_zip,XGBoost_SMOTE,enterprise_value,18000.0,120.0,0.6,0.69,371400.0,40,505,69,1074,0.3669724770642202,0.07339449541284404,0.12232415902140673
XGBoost_with_zip,with_billing_zip,XGBoost_SMOTE,enterprise_value,18000.0,120.0,0.6,0.7,374400.0,40,480,69,1099,0.3669724770642202,0.07692307692307693,0.1271860095389507
XGBoost_with_zip,with_billing_zip,XGBoost_SMOTE,enterprise_value,18000.0,120.0,0.6,0.71,322320.0,35,464,74,1115,0.3211009174311927,0.07014028056112225,0.11513157894736842
XGBoost_with_zip,with_billing_zip,XGBoost_SMOTE,enterprise_value,18000.0,120.0,0.6,0.72,292560.0,32,442,77,1137,0.29357798165137616,0.06751054852320675,0.1097770154373928
XGBoost_with_zip,with_billing_zip,XGBoost_SMOTE,enterprise_value,18000.0,120.0,0.6,0.73,273840.0,30,418,79,1161,0.27522935779816515,0.06696428571428571,0.10771992818671454
XGBoost_with_zip,with_billing_zip,XGBoost_SMOTE,enterprise_value,18000.0,120.0,0.6,0.74,244560.0,27,392,82,1187,0.24770642201834864,0.06443914081145585,0.10227272727272728
XGBoost_with_zip,with_billing_zip,XGBoost_SMOTE,enterprise_value,18000.0,120.0,0.6,0.75,237480.0,26,361,83,1218,0.23853211009174313,0.06718346253229975,0.10483870967741936
XGBoost_with_zip,with_billing_zip,XGBoost_SMOTE,enterprise_value,18000.0,120.0,0.6,0.76,207720.0,23,339,86,1240,0.21100917431192662,0.06353591160220995,0.09766454352441614
XGBoost_with_zip,with_billing_zip,XGBoost_SMOTE,enterprise_value,18000.0,120.0,0.6,0.77,200400.0,22,310,87,1269,0.2018348623853211,0.06626506024096386,0.09977324263038549
XGBoost_with_zip,with_billing_zip,XGBoost_SMOTE,enterprise_value,18000.0,120.0,0.6,0.78,204600.0,22,275,87,1304,0.2018348623853211,0.07407407407407407,0.10837438423645321
XGBoost_with_zip,with_billing_zip,XGBoost_SMOTE,enterprise_value,18000.0,120.0,0.6,0.79,206880.0,22,256,87,1323,0.2018348623853211,0.07913669064748201,0.11369509043927649
XGBoost_with_zip,with_billing_zip,XGBoost_SMOTE,enterprise_value,18000.0,120.0,0.6,0.8,167160.0,18,227,91,1352,0.1651376146788991,0.07346938775510205,0.1016949152542373
XGBoost_with_zip,with_billing_zip,XGBoost_SMOTE,enterprise_value,18000.0,120.0,0.6,0.81,169560.0,18,207,91,1372,0.1651376146788991,0.08,0.10778443113772455
XGBoost_with_zip,with_billing_zip,XGBoost_SMOTE,enterprise_value,18000.0,120.0,0.6,0.82,161160.0,17,187,92,1392,0.1559633027522936,0.08333333333333333,0.10862619808306709
XGBoost_with_zip,with_billing_zip,XGBoost_SMOTE,enterprise_value,18000.0,120.0,0.6,0.83,153000.0,16,165,93,1414,0.14678899082568808,0.08839779005524862,0.1103448275862069
XGBoost_with_zip,with_billing_zip,XGBoost_SMOTE,enterprise_value,18000.0,120.0,0.6,0.84,101640.0,11,143,98,1436,0.10091743119266056,0.07142857142857142,0.08365019011406843
XGBoost_with_zip,with_billing_zip,XGBoost_SMOTE,enterprise_value,18000.0,120.0,0.6,0.85,93240.0,10,123,99,1456,0.09174311926605505,0.07518796992481203,0.08264462809917356
XGBoost_with_zip,with_billing_zip,XGBoost_SMOTE,enterprise_value,18000.0,120.0,0.6,0.86,95400.0,10,105,99,1474,0.09174311926605505,0.08695652173913043,0.08928571428571429
XGBoost_with_zip,with_billing_zip,XGBoost_SMOTE,enterprise_value,18000.0,120.0,0.6,0.87,87600.0,9,80,100,1499,0.08256880733944955,0.10112359550561797,0.09090909090909091
XGBoost_with_zip,with_billing_zip,XGBoost_SMOTE,enterprise_value,18000.0,120.0,0.6,0.88,89280.0,9,66,100,1513,0.08256880733944955,0.12,0.09782608695652174
XGBoost_with_zip,with_billing_zip,XGBoost_SMOTE,enterprise_value,18000.0,120.0,0.6,0.89,80040.0,8,53,101,1526,0.07339449541284404,0.13114754098360656,0.09411764705882353
XGBoost_with_zip,with_billing_zip,XGBoost_SMOTE,enterprise_value,18000.0,120.0,0.6,0.9,81840.0,8,38,101,1541,0.07339449541284404,0.17391304347826086,0.1032258064516129
XGBoost_with_zip,with_billing_zip,XGBoost_SMOTE,enterprise_value,18000.0,120.0,0.6,0.91,61320.0,6,29,103,1550,0.05504587155963303,0.17142857142857143,0.08333333333333333
XGBoost_with_zip,with_billing_zip,XGBoost_SMOTE,enterprise_value,18000.0,120.0,0.6,0.92,51000.0,5,25,104,1554,0.045871559633027525,0.16666666666666666,0.07194244604316546
XGBoost_with_zip,with_billing_zip,XGBoost_SMOTE,enterprise_value,18000.0,120.0,0.6,0.93,30240.0,3,18,106,1561,0.027522935779816515,0.14285714285714285,0.046153846153846156
XGBoost_with_zip,with_billing_zip,XGBoost_SMOTE,enterprise_value,18000.0,120.0,0.6,0.94,9360.0,1,12,108,1567,0.009174311926605505,0.07692307692307693,0.01639344262295082
XGBoost_with_zip,with_billing_zip,XGBoost_SMOTE,enterprise_value,18000.0,120.0,0.6,0.95,9720.0,1,9,108,1570,0.009174311926605505,0.1,0.01680672268907563
XGBoost_with_zip,with_billing_zip,XGBoost_SMOTE,enterprise_value,18000.0,120.0,0.6,0.96,-240.0,0,2,109,1577,0.0,0.0,0.0
XGBoost_with_zip,with_billing_zip,XGBoost_SMOTE,enterprise_value,18000.0,120.0,0.6,0.97,0.0,0,0,109,1579,0.0,0.0,0.0
XGBoost_with_zip,with_billing_zip,XGBoost_SMOTE,enterprise_value,18000.0,120.0,0.6,0.98,0.0,0,0,109,1579,0.0,0.0,0.0
XGBoost_with_zip,with_billing_zip,XGBoost_SMOTE,enterprise_value,18000.0,120.0,0.6,0.99,0.0,0,0,109,1579,0.0,0.0,0.0
