row_id,actual,CRM_PID_Value_Segment,CRM_segment_bucket,LR_no_zip_f1_score,LR_no_zip_f1_pred,LR_with_zip_recall_constraint_score,LR_with_zip_recall_constraint_pred,BalancedBagging_with_zip_score,BalancedBagging_with_zip_pred,BalancedBagging_no_zip_score,BalancedBagging_no_zip_pred,EasyEnsemble_with_zip_score,EasyEnsemble_with_zip_pred,CatBoost_native_with_zip_score,CatBoost_native_with_zip_pred,CatBoost_balanced_with_zip_score,CatBoost_balanced_with_zip_pred,XGBoost_with_zip_score,XGBoost_with_zip_pred
0,0,Bronze,low_value,0.3242368709900281,0,0.27646451389433935,0,0.4294649827064787,0,0.43997019495272177,0,0.42109990846538087,0,0.4459298420334997,1,0.4229486878502313,1,0.8631914854049683,1
1,0,Iron,low_value,0.07042537805902747,0,0.07947303376684534,0,0.4019897844863857,0,0.4338643125419324,0,0.46873724997552957,0,0.17695015637461006,0,0.14631500122801347,0,0.10942035168409348,0
2,0,Gold,high_value,0.18536357764773076,0,0.197821017742992,0,0.5200758118433136,1,0.5551290527934878,1,0.49413375449490643,0,0.4540213737904034,1,0.3773827534682313,1,0.7370736598968506,1
3,0,Silver,mid_value,0.11664664755042757,0,0.147583440976911,0,0.26859043014963896,0,0.2527797166873887,0,0.4013342050212665,0,0.07017997450494516,0,0.10293753800424267,0,0.11219502985477448,0
4,0,SE,mid_value,0.6668459644064655,1,0.6129207024480443,1,0.6184214333413255,1,0.638386093516033,1,0.6368425795912136,1,0.6504730979374365,1,0.6161603912724607,1,0.7312265634536743,1
5,0,Bronze,low_value,0.2878460976759824,0,0.24973657355886886,0,0.325208622492082,0,0.32631496161693613,0,0.3961429886866508,0,0.342218925081394,0,0.3380590247833496,0,0.716974139213562,1
6,0,Bronze,low_value,0.39411707763553067,0,0.38176374263917345,0,0.43551511456601255,0,0.40219203305391227,0,0.48920904271019383,0,0.49571793512944834,1,0.45002699887434305,1,0.47873109579086304,1
7,0,Lead,low_value,0.47850702387007904,0,0.4712159946005145,1,0.5044089608984195,1,0.5001965358770495,1,0.6033194421371844,1,0.3660000464454003,1,0.1269277659256938,0,0.029833491891622543,0
8,0,Bronze,low_value,0.2693371372515231,0,0.272273437646084,0,0.3589162469706482,0,0.36547616888216233,0,0.4138105338994345,0,0.3070332511567875,0,0.36684103293049347,1,0.48644500970840454,1
9,0,Gold,high_value,0.39287235302231943,0,0.4073363120235387,0,0.5381345729037738,1,0.5188346094303897,1,0.5438788660061301,1,0.49901360679606865,1,0.5507609221029143,1,0.7435551881790161,1
10,0,Bronze,low_value,0.20029832093900585,0,0.23157486886271075,0,0.4043419737659738,0,0.3960850210751832,0,0.4262289338348877,0,0.24521388884174647,0,0.3323455726537238,0,0.3896411657333374,1
11,0,Bronze,low_value,0.25469419212013006,0,0.22463949632940922,0,0.31671719223025796,0,0.3044162425296621,0,0.4068922901929145,0,0.33242327473679634,0,0.34578449064185374,1,0.45897385478019714,1
12,0,Bronze,low_value,0.46492070755175685,0,0.42871615904696664,0,0.5220595835340339,1,0.47099399768455896,1,0.49013412777097926,0,0.5600271385005374,1,0.5498605832617794,1,0.7447553277015686,1
13,0,Gold,high_value,0.5173220330663286,1,0.5195845839289852,1,0.5864629672208556,1,0.6096201600592766,1,0.5416722955176612,1,0.3271275622166495,0,0.3390532993099763,0,0.19032558798789978,1
14,0,Bronze,low_value,0.1448427651390992,0,0.13833653875583682,0,0.3303475661673408,0,0.34223742811085855,0,0.4130142268926276,0,0.19150302493397856,0,0.18007726192026502,0,0.1015644446015358,0
15,0,Bronze,low_value,0.23139528064722323,0,0.24347917979132414,0,0.3525566857625121,0,0.3686758612140194,0,0.41567386299780845,0,0.32908829503916914,0,0.3462097824958774,1,0.7045828700065613,1
16,0,Bronze,low_value,0.40272812498229127,0,0.3255706654066729,0,0.5619465158418996,1,0.5978185682174673,1,0.5144693559234836,1,0.6010373483517024,1,0.5950236772867006,1,0.870762288570404,1
17,0,Silver,mid_value,0.46191922414644393,0,0.4504406134897619,0,0.6491678442381168,1,0.6367447534136276,1,0.5784695820389706,1,0.6235555441164637,1,0.7019759227565315,1,0.8660167455673218,1
18,0,Gold,high_value,0.3201529964285867,0,0.352790931992415,0,0.5658837981543435,1,0.5480497325227309,1,0.58727077592279,1,0.567211168274264,1,0.5301604480549368,1,0.3369399607181549,1
19,0,Iron,low_value,0.06112892215525582,0,0.09705451013898647,0,0.3762785439585597,0,0.3641499560593678,0,0.4518301509946213,0,0.3393819683102689,0,0.23004029640853524,0,0.23079466819763184,1
20,0,Silver,mid_value,0.4910700869680941,0,0.3945975186716061,0,0.5802363859591574,1,0.5553792408367104,1,0.5678288944404285,1,0.5335011904369187,1,0.5745966258404894,1,0.684662401676178,1
21,0,Platinum,high_value,0.5714926420478499,1,0.6140492537691862,1,0.5671459975158821,1,0.5997520514971874,1,0.5940542336890415,1,0.6152414097438895,1,0.539759935303071,1,0.8945358991622925,1
22,0,Bronze,low_value,0.19828918855832706,0,0.23257929948975542,0,0.3911910768804417,0,0.3851686562231009,0,0.43434567239684724,0,0.37459550772783967,1,0.32086551463539,0,0.23408916592597961,1
23,0,Bronze,low_value,0.3797214324077009,0,0.37717899769119256,0,0.47620470573389007,0,0.4717481347659234,1,0.4731548574662888,0,0.5159004729420907,1,0.4657072987449418,1,0.8481965661048889,1
24,0,Platinum,high_value,0.421832779293902,0,0.43474320182277526,0,0.49031459248401815,0,0.44080112191582077,1,0.5744429385962857,1,0.3728581011270146,1,0.3506035788115048,1,0.17186379432678223,1
25,0,Bronze,low_value,0.460718848110089,0,0.4469638991272028,0,0.572069913866315,1,0.5861726231101202,1,0.5316438985769845,1,0.5564239982367194,1,0.5390405486798624,1,0.7365787029266357,1
26,0,Silver,mid_value,0.2597717074368646,0,0.25633385675285153,0,0.38467083117750844,0,0.44057680217393896,1,0.5007975088380804,1,0.36750877452532327,1,0.3140597094516423,0,0.3268393278121948,1
27,0,Bronze,low_value,0.24355154677184174,0,0.25547744583824433,0,0.3242415496854647,0,0.3027883649444158,0,0.41374131535631486,0,0.3019077933514433,0,0.3315164935492844,0,0.44985780119895935,1
28,0,Bronze,low_value,0.1446930681900283,0,0.1862129534137776,0,0.276100703161673,0,0.2419018211470782,0,0.3735766510163942,0,0.25574649917504505,0,0.08860303035949146,0,0.03757575526833534,0
29,0,SME,mid_value,0.30636408907530466,0,0.30861116699563734,0,0.4613856275607893,0,0.4520083553783958,1,0.5582586871956653,1,0.44438756496304527,1,0.3873401365863168,1,0.5994771718978882,1
30,0,Silver,mid_value,0.4061983541091529,0,0.4040186593294966,0,0.5714880043457974,1,0.554306475434572,1,0.5420418058006166,1,0.5435110302925434,1,0.5288731092741481,1,0.7496042847633362,1
31,0,Gold,high_value,0.6188180168382104,1,0.7170852827226116,1,0.5890129907545816,1,0.5812759701718938,1,0.6128222333463784,1,0.552902204943596,1,0.615838901672384,1,0.7973059415817261,1
32,0,Bronze,low_value,0.517469066584589,1,0.44135214944173456,0,0.5296586979985566,1,0.5477231662521371,1,0.5245691859063148,1,0.5327723914788379,1,0.5144175192980324,1,0.6675289273262024,1
33,0,Gold,high_value,0.26596820688018247,0,0.3404678234991765,0,0.6092888877225804,1,0.5964153475292491,1,0.5709370235818364,1,0.4471460380896536,1,0.5224129789166183,1,0.7921397089958191,1
34,0,Iron,low_value,0.03374402509130466,0,0.07415885291972432,0,0.2892511045253878,0,0.2558203478253425,0,0.4058149651073313,0,0.17664372837640732,0,0.21555651271391707,0,0.12343039363622665,0
35,0,Silver,mid_value,0.2931496243580341,0,0.2991853553415519,0,0.4756288239780725,0,0.48631234503519877,1,0.49071554486167396,0,0.48446131854290714,1,0.26066110851842766,0,0.3627118468284607,1
36,0,Bronze,low_value,0.357914323960438,0,0.3419764728189326,0,0.41483208722550785,0,0.43959444466673175,0,0.44989856557416275,0,0.4551564070278274,1,0.356763348875554,1,0.645929753780365,1
37,0,Silver,mid_value,0.09237163328810796,0,0.07985234779636896,0,0.5412415021231547,1,0.5130297553430744,1,0.5868412885277347,1,0.34308531176009116,0,0.15540101579142943,0,0.06625599414110184,0
38,0,Silver,mid_value,0.4180080644214271,0,0.4005336221028503,0,0.5198552135562176,1,0.5286968800030994,1,0.5400511542903851,1,0.5219493189794618,1,0.5240530912298478,1,0.7531751990318298,1
39,0,Platinum,high_value,0.8711613916467995,1,0.8262027784307142,1,0.6242503382443743,1,0.6002817977749227,1,0.4603131231258052,0,0.37707977459338243,1,0.12987847403940522,0,0.11432231962680817,0
40,0,Silver,mid_value,0.3431399047534173,0,0.3052639686452741,0,0.5466851245419203,1,0.5495344629223109,1,0.5400511542903851,1,0.5539325816380026,1,0.5501997114488459,1,0.7314962148666382,1
41,0,Bronze,low_value,0.22217363798434595,0,0.19344871706330988,0,0.4053276026671739,0,0.3972293179536707,0,0.4086289860615754,0,0.4284924017675797,1,0.42150541905525907,1,0.8856304287910461,1
42,0,Bronze,low_value,0.3080782772158318,0,0.32437661887717195,0,0.3669089301375065,0,0.3672124345802207,0,0.43797104131071274,0,0.4133849200146955,1,0.4163929306499005,1,0.6374319195747375,1
43,0,Bronze,low_value,0.16811284440774332,0,0.19643725717607505,0,0.4084828350826232,0,0.46754111653100267,1,0.4256962583952409,0,0.48176985539792483,1,0.4012178998668034,1,0.6489217877388,1
44,0,Bronze,low_value,0.3376704400550674,0,0.2698836495598767,0,0.3531656091291381,0,0.37170771523687796,0,0.43659285927860214,0,0.4041726218098773,1,0.3767540251253446,1,0.3994967043399811,1
45,0,Gold,high_value,0.4640739183363127,0,0.5113581063367305,1,0.664043481461015,1,0.6318644530470179,1,0.6255822496581285,1,0.6599309868669195,1,0.7055257305569756,1,0.894446611404419,1
46,0,Bronze,low_value,0.3006541428932607,0,0.29407338741963257,0,0.38408160742658365,0,0.3784185945059378,0,0.40102264690561445,0,0.39243057442720497,1,0.385588126165842,1,0.8081575036048889,1
47,0,Bronze,low_value,0.3542200621578672,0,0.35567867480755794,0,0.4760974667926225,0,0.48896145864182516,1,0.5140984792512466,1,0.4967369621959356,1,0.47863147562338304,1,0.5471840500831604,1
48,0,Lead,low_value,9.507299306790506e-08,0,5.525582514895414e-07,0,0.3293269851373022,0,0.26707485941535475,0,0.321746159474469,0,0.02918109430109069,0,0.013077597313144148,0,0.009016571566462517,0
49,0,Bronze,low_value,0.26710866648008386,0,0.27303308830181483,0,0.39482047764031597,0,0.3861968603525494,0,0.427287357368343,0,0.38173853833402427,1,0.3861384993538043,1,0.6503337025642395,1
50,0,Silver,mid_value,0.47049444920687283,0,0.3909431600805612,0,0.4663521682574987,0,0.4924194047252592,1,0.5233256575289287,1,0.42547411538641294,1,0.4405204327001368,1,0.6935274600982666,1
51,0,Silver,mid_value,0.4298752396495652,0,0.3905848549710017,0,0.5556921140427528,1,0.5854193524459447,1,0.5091193521250089,1,0.5451713841192755,1,0.5113746492405511,1,0.6044631004333496,1
52,0,Bronze,low_value,0.240311100828455,0,0.2577515333802027,0,0.30279818483492127,0,0.2993271980919445,0,0.41374131535631486,0,0.2954316455504192,0,0.2886734015117964,0,0.4431503713130951,1
53,1,Bronze,low_value,0.25002908324708106,0,0.2633734240739711,0,0.2990041390103193,0,0.3044162425296621,0,0.41722862321462334,0,0.2670902997534043,0,0.3102057321128396,0,0.26732662320137024,1
54,0,Gold,high_value,0.47131902952075727,0,0.5197432372121848,1,0.6015873009165503,1,0.5190445123046278,1,0.5993225655524823,1,0.5606640031263929,1,0.31090330127792926,0,0.43427780270576477,1
55,0,Bronze,low_value,0.36333917446070546,0,0.4086351108543356,0,0.4712261933109773,0,0.4946347483188016,1,0.4936034767751023,0,0.48544872429255703,1,0.4341754028139581,1,0.5622125864028931,1
56,0,SME,mid_value,0.23785828164104228,0,0.20937358321253793,0,0.504154346958235,1,0.4927458402481449,1,0.5731592167516177,1,0.3425191936218677,0,0.34611482579421154,1,0.6824347376823425,1
57,0,Bronze,low_value,0.2315838355922462,0,0.19299531853755073,0,0.32478389026475585,0,0.37489989276952124,0,0.4391776110521371,0,0.23747325634067665,0,0.18816054823596687,0,0.14578458666801453,0
58,0,Bronze,low_value,0.17030610519648492,0,0.17771494662950751,0,0.30373736273815094,0,0.3182531354227864,0,0.42732434943144587,0,0.1911105939111582,0,0.16024152138018094,0,0.09073680639266968,0
59,0,Silver,mid_value,0.5085118217669182,1,0.45286731351194104,0,0.6499472023876475,1,0.6584746165921568,1,0.5765760658372121,1,0.6257170791766189,1,0.69512901276449,1,0.6421068906784058,1
60,1,Gold,high_value,0.3243762789280724,0,0.328992274282414,0,0.5647213117451604,1,0.5693124699673654,1,0.5777744141353933,1,0.5072199768928365,1,0.5953837475068877,1,0.5955141186714172,1
61,0,Bronze,low_value,0.5241588709635461,1,0.3858193310302251,0,0.3272594183998912,0,0.3270858820941042,0,0.39960050816746245,0,0.14915333164678496,0,0.17105206936353426,0,0.3302767872810364,1
62,0,Gold,high_value,0.3149495628561397,0,0.3961391641902897,0,0.5980266458493382,1,0.5955763058037029,1,0.5925287985824189,1,0.5479626171271675,1,0.5466236909397919,1,0.7278628945350647,1
63,0,Bronze,low_value,0.2781186848684746,0,0.24681917039164333,0,0.3816896647041668,0,0.3792774210304967,0,0.4178395966996704,0,0.4093688654140676,1,0.40752941718439667,1,0.8197214007377625,1
64,0,Bronze,low_value,0.44871694187718,0,0.34912424560734096,0,0.4256447201357252,0,0.48199432295552763,1,0.4743388928714631,0,0.4996348206532532,1,0.46827256536306866,1,0.4523869752883911,1
65,0,Gold,high_value,0.3675037174566014,0,0.4415283044181468,0,0.5526548540598859,1,0.5465434269613478,1,0.5542553099101643,1,0.45468611109860285,1,0.5629026146490549,1,0.6026945114135742,1
66,0,Bronze,low_value,0.2680863402497989,0,0.22987380353787226,0,0.35720783052022015,0,0.3861968603525494,0,0.417082642242112,0,0.345370584331322,0,0.31510145954593205,0,0.3093230426311493,1
67,0,SME,mid_value,0.6908699763835568,1,0.6849142832301875,1,0.5678367135499645,1,0.6057990867626196,1,0.6035069278764804,1,0.41505279822163604,1,0.39184157509154643,1,0.7054906487464905,1
68,0,Platinum,high_value,0.4336323322683161,0,0.4373586887205172,0,0.6307631093146885,1,0.616820041419746,1,0.5875449393537704,1,0.6437386503189195,1,0.6394846328320948,1,0.8368968367576599,1
69,0,Bronze,low_value,0.17907201502662365,0,0.13614318189431054,0,0.3482976318278574,0,0.4006553834901737,0,0.45402497748705634,0,0.3779728381487872,1,0.2935389855251672,0,0.12307137250900269,0
70,0,Silver,mid_value,0.5526934857991248,1,0.4976591398881199,1,0.6012587727101262,1,0.5703392381900193,1,0.5625497347450213,1,0.5620203645046573,1,0.5701360416018324,1,0.22987516224384308,1
71,0,Bronze,low_value,0.25799575860915575,0,0.2310902848303419,0,0.3501103761164572,0,0.34196042771968577,0,0.4178395966996704,0,0.3874820510379838,1,0.3361971981685904,0,0.8317180275917053,1
72,0,Bronze,low_value,0.2622592924094562,0,0.16487574599352658,0,0.4579080114717305,0,0.44501693449146534,1,0.4832601639723282,0,0.36216779248989706,1,0.23011907197057685,0,0.8024782538414001,1
73,0,Gold,high_value,0.24923909609685505,0,0.29141186708179667,0,0.4947731643791274,0,0.5137416587377399,1,0.5412760001045027,1,0.41123075853176155,1,0.4700706971033857,1,0.13699840009212494,0
74,0,Gold,high_value,0.23663935198258804,0,0.22337700005718178,0,0.39346735629950913,0,0.4269005142160113,0,0.48474646481566525,0,0.3739412428251854,1,0.33921856788619786,0,0.3328738510608673,1
75,0,Silver,mid_value,0.3051830740687932,0,0.32017367823817267,0,0.5090099264830754,1,0.49713289207293987,1,0.543517716926098,1,0.5299721357592796,1,0.5656955674267152,1,0.6577683687210083,1
76,0,Silver,mid_value,0.21559078400137005,0,0.18882004397886543,0,0.4224530919123094,0,0.49508306836896915,1,0.43263587654084174,0,0.404620953731319,1,0.35179566669952667,1,0.46095478534698486,1
77,0,Gold,high_value,0.46877829350206596,0,0.46251889831649323,1,0.6043197041595995,1,0.6377643067688876,1,0.5457004584960163,1,0.6154089805590651,1,0.6030768316785103,1,0.8619998097419739,1
78,0,Bronze,low_value,0.33457624997882585,0,0.3427525113715816,0,0.40523178492246076,0,0.43138608458471145,0,0.4634044082160087,0,0.43775222400737673,1,0.4136042138235717,1,0.9074920415878296,1
79,0,Bronze,low_value,0.3298980044904787,0,0.28388024167844994,0,0.4027825410653283,0,0.38987055673345367,0,0.4447008932059293,0,0.4378525216824435,1,0.4367449268965473,1,0.69856196641922,1
80,0,Silver,mid_value,0.28069412088855245,0,0.2926595524803479,0,0.4744363818643431,0,0.4746636958619539,1,0.4952796540102815,0,0.43375410870951375,1,0.472337038156191,1,0.458048552274704,1
81,0,Bronze,low_value,0.30333867933332204,0,0.27387803100782887,0,0.33474073479067323,0,0.34423749901465844,0,0.4245689048299094,0,0.33838923609613897,0,0.3527357335810397,1,0.29654815793037415,1
82,0,Silver,mid_value,0.28196178113142367,0,0.3031131624360804,0,0.5343612937381055,1,0.48909195709431086,1,0.5767083686031788,1,0.36122404229925115,1,0.30011894538229156,0,0.07945124059915543,0
83,1,Bronze,low_value,0.4055354713551745,0,0.35748926765498645,0,0.47411357481300903,0,0.47241932547635507,1,0.4612907659139881,0,0.43687049735725825,1,0.35686505140516706,1,0.3095201849937439,1
84,0,Bronze,low_value,0.4403338507580265,0,0.37539364280864096,0,0.4154777097981448,0,0.4269737196985443,0,0.43133662862823263,0,0.4561455407324707,1,0.3722692611202521,1,0.7425910234451294,1
85,0,Silver,mid_value,0.31533647464410963,0,0.2799611339353362,0,0.5661599401188442,1,0.5780792238616617,1,0.5316438985769845,1,0.5827192513293841,1,0.5488493228604018,1,0.8963298201560974,1
86,0,Platinum,high_value,0.35525639621900906,0,0.29632263458033786,0,0.6020565593466144,1,0.5735046410293962,1,0.5517808035782277,1,0.3839357924331986,1,0.5156487904604413,1,0.728772759437561,1
87,0,Silver,mid_value,0.5405371866968098,1,0.4196042214543705,0,0.44006642909508964,0,0.4531552839919125,1,0.5100933313093157,1,0.49283867184101815,1,0.3427045691480382,1,0.18677297234535217,1
88,0,Silver,mid_value,0.1326402985992132,0,0.17132837764950476,0,0.3695141644517442,0,0.33065394142666915,0,0.4765404219224202,0,0.29733330548386877,0,0.259845376976676,0,0.27059024572372437,1
89,0,Iron,low_value,0.03643390068170068,0,0.07260815778709724,0,0.33259162828522354,0,0.3701102653120509,0,0.410323226041126,0,0.26213542497221143,0,0.19687888266687095,0,0.21423307061195374,1
90,1,Platinum,high_value,0.009876927349337952,0,0.030784678173087193,0,0.3342572357948727,0,0.31849878531982095,0,0.3340111347407144,0,0.08612391065749096,0,0.1278504133514041,0,0.021479127928614616,0
91,0,Gold,high_value,0.3359187638540952,0,0.4076388746312307,0,0.5107230920774964,1,0.5554354457164525,1,0.568742076736252,1,0.5265359902369999,1,0.4745269676752644,1,0.5011023879051208,1
92,0,Silver,mid_value,0.3641277882298197,0,0.37330818113602393,0,0.4965669346043598,0,0.5069193138735792,1,0.5749427288053035,1,0.5804167962643764,1,0.4807043828025814,1,0.5961982011795044,1
93,0,Bronze,low_value,0.3029516271366026,0,0.31142951987155576,0,0.34830853083498503,0,0.34157878667080466,0,0.4117286183316023,0,0.3849740062586503,1,0.37925666987379375,1,0.6241624355316162,1
94,0,Bronze,low_value,0.0810316045155186,0,0.054806051258744506,0,0.39465314059014156,0,0.3848887666419757,0,0.3912552539012241,0,0.1802337504354391,0,0.18979897364452836,0,0.18950709700584412,1
95,0,Bronze,low_value,0.3994013769976226,0,0.3914802066860116,0,0.5189399991289155,1,0.5010287608933992,1,0.5043843423878024,1,0.5228839371212131,1,0.530900467624175,1,0.8950327634811401,1
96,0,Silver,mid_value,0.06037874835721054,0,0.09736360637829285,0,0.3105870412690131,0,0.2686548814342194,0,0.32666017823177984,0,0.07350326284303232,0,0.10112404865135552,0,0.07582763582468033,0
97,1,Silver,mid_value,0.7633215712612481,1,0.8088759772624714,1,0.5687479048523447,1,0.5512501528356668,1,0.5551407659014749,1,0.5609965506142175,1,0.5668130158137039,1,0.7665420174598694,1
98,0,Silver,mid_value,0.14274426808164675,0,0.15953284765847314,0,0.37713832936677505,0,0.36903414647267674,0,0.4562317590049288,0,0.21905699378582144,0,0.19327325699629905,0,0.18205535411834717,1
99,0,Silver,mid_value,0.6045111103139374,1,0.5542736708400456,1,0.5356477411886972,1,0.5163085140795842,1,0.58727077592279,1,0.5030947366740066,1,0.5341138953886201,1,0.773873507976532,1
100,0,Silver,mid_value,0.4717397856630616,0,0.44023024957673185,0,0.4873904717466492,0,0.4850501319250261,1,0.5649972091103386,1,0.5113340191227483,1,0.42824708680112383,1,0.5425957441329956,1
101,0,Bronze,low_value,0.23849771016253088,0,0.27148760915661924,0,0.4139484997724153,0,0.4286002328347918,0,0.430874152632561,0,0.44703546426879276,1,0.4661554455094265,1,0.8615311980247498,1
102,0,Bronze,low_value,0.32238714470504903,0,0.31585559785041156,0,0.35589283201599853,0,0.35942367639060036,0,0.40945448137654383,0,0.3716977458956499,1,0.37859842916775827,1,0.4547632932662964,1
103,0,Silver,mid_value,0.4928503779968966,0,0.3814762002037365,0,0.499370874440441,0,0.5079212700923268,1,0.5515935154208863,1,0.34493366482801086,0,0.30104520916576605,0,0.15221837162971497,0
104,0,Bronze,low_value,0.6075970274677781,1,0.4897033311840249,1,0.4715422608156073,0,0.5004804955841532,1,0.5270997139291558,1,0.4665031777219069,1,0.4717718902237453,1,0.49309563636779785,1
105,0,Bronze,low_value,0.2850162189912564,0,0.2531317786981138,0,0.3428620635771103,0,0.3170036792257455,0,0.4138105338994345,0,0.4054957787209041,1,0.395119940489114,1,0.6561550498008728,1
106,0,Silver,mid_value,0.35241686274498984,0,0.3075880680855175,0,0.5307790450333324,1,0.5700688872492263,1,0.5175952273050843,1,0.518738351399928,1,0.5102845719347284,1,0.7377414703369141,1
107,0,Bronze,low_value,0.2769553139447478,0,0.2687901939128615,0,0.35453653384701894,0,0.37344408769716336,0,0.417415317980075,0,0.4007354922909404,1,0.4265493213881297,1,0.771933913230896,1
108,0,Platinum,high_value,0.5505579978347718,1,0.565286981676164,1,0.6407714086711672,1,0.5819144842088592,1,0.6608506304312156,1,0.6449221566588611,1,0.5720810288345962,1,0.9610554575920105,1
109,0,Silver,mid_value,0.4055916187756703,0,0.45225050946746426,0,0.5545240778285209,1,0.5187414211927142,1,0.5595094943122713,1,0.4579119866153577,1,0.4786417567028989,1,0.6021907925605774,1
110,0,Bronze,low_value,0.44443539109839536,0,0.45845613463115975,0,0.481654700060341,0,0.48801248937229064,1,0.5307962828865119,1,0.5241746510916432,1,0.5034466805279801,1,0.5706633925437927,1
111,0,Gold,high_value,0.12741739785311756,0,0.16264200641841398,0,0.29287248094739043,0,0.2827997056310313,0,0.4309420458442001,0,0.08639006641514303,0,0.10087068750187021,0,0.012438056990504265,0
112,0,Silver,mid_value,0.5844605532925287,1,0.5136172727097011,1,0.4649261557453682,0,0.4551243787340441,1,0.5402384092221519,1,0.4523787206228684,1,0.47174715657505023,1,0.5786820650100708,1
113,0,Silver,mid_value,0.3865335762242387,0,0.3653005877799992,0,0.4451831950234137,0,0.4426166762463887,1,0.5485816700579766,1,0.42620345360780526,1,0.41495865185927716,1,0.7491632103919983,1
114,0,Silver,mid_value,0.48868212457891236,0,0.5013491508301338,1,0.5555114054820193,1,0.5535025559778737,1,0.5516195301575034,1,0.37000747826860525,1,0.507190638418942,1,0.2907112240791321,1
115,0,Gold,high_value,0.19259451173443878,0,0.24652254058994952,0,0.4114524310682112,0,0.34126222183913396,0,0.5233178145900965,1,0.4323396726607519,1,0.5661156626416997,1,0.6704894304275513,1
116,0,Bronze,low_value,0.6283828898412727,1,0.4969809244485981,1,0.49787237948654706,0,0.5244624824126668,1,0.5222647314856722,1,0.5273147336258558,1,0.5679376560018697,1,0.44956135749816895,1
117,0,Bronze,low_value,0.2902677422612656,0,0.29394004163168497,0,0.3076902716296732,0,0.2924150043811297,0,0.42388160355717347,0,0.3090434758193419,0,0.3883332314999363,1,0.7444108724594116,1
118,0,Silver,mid_value,0.3125405994675802,0,0.3286401432863603,0,0.5595257594431383,1,0.590398899939204,1,0.5316438985769845,1,0.5684955067269651,1,0.5384973755653627,1,0.8245773911476135,1
119,1,Bronze,low_value,0.25888172090417433,0,0.31019836930700617,0,0.42531738489201637,0,0.42174757773462446,0,0.4405882894960052,0,0.4699102059084729,1,0.46069832972508523,1,0.2950047552585602,1
120,0,Bronze,low_value,0.5365652449822136,1,0.4709396268216323,1,0.4979627752568473,0,0.4725740933131346,1,0.528705199710035,1,0.47418198089368807,1,0.5681738594695638,1,0.8432943224906921,1
121,1,Silver,mid_value,0.27788729993672795,0,0.29173929386736613,0,0.5249553796037643,1,0.5138142301245031,1,0.5066658442998178,1,0.5958376700829677,1,0.6130806366036511,1,0.9012853503227234,1
122,0,Bronze,low_value,0.4055874215709502,0,0.33970376007217234,0,0.4852827920310002,0,0.5050297092132868,1,0.4761274039139094,0,0.4612871812641908,1,0.34569121340238873,1,0.6996609568595886,1
123,0,Bronze,low_value,0.2984597541111079,0,0.32846477867840085,0,0.348697297713765,0,0.33393973148110717,0,0.4205398420296735,0,0.3882799652230723,1,0.4048080448621829,1,0.4560546875,1
124,0,SME,mid_value,0.004570885152890428,0,0.014956209314811416,0,0.44818483606492276,0,0.4626327416548165,1,0.35049909397318035,0,0.2020257811784611,0,0.17122883785296927,0,0.027752680703997612,0
125,0,Bronze,low_value,0.408071802063851,0,0.44921776480305287,0,0.5897246765965176,1,0.5495315596551369,1,0.5184038746848303,1,0.5919713369049937,1,0.6471348512828617,1,0.9362790584564209,1
126,0,Silver,mid_value,0.3586100716068863,0,0.39045383463738453,0,0.567002152547209,1,0.5325502054364228,1,0.5573211503622345,1,0.518062903894967,1,0.5750416348880554,1,0.8254846334457397,1
127,0,Bronze,low_value,0.2600651956947978,0,0.27182186743770587,0,0.41368271721055294,0,0.4284926312482669,0,0.40384648724436695,0,0.43402188493765,1,0.42628522234952076,1,0.7919319272041321,1
128,0,Bronze,low_value,0.43813623480995484,0,0.3602369855521419,0,0.4084567580255791,0,0.43520777981176806,0,0.48112035781774365,0,0.3683727228947781,1,0.33181122296939625,0,0.1710672229528427,1
129,0,Bronze,low_value,0.22078934326947675,0,0.25178383817570743,0,0.37217798684050085,0,0.3512480216860648,0,0.43434567239684724,0,0.23803517625919013,0,0.32372125678184593,0,0.5177816152572632,1
130,0,Bronze,low_value,0.349638705810342,0,0.36319601116553407,0,0.3751128966747631,0,0.35728786575943206,0,0.4410676099090757,0,0.3921430270854191,1,0.30926274951387145,0,0.1385270208120346,0
131,0,Gold,high_value,0.2992034065970697,0,0.33329093816850824,0,0.5248990198469098,1,0.553093218843709,1,0.5746982283569755,1,0.4201601709735499,1,0.3052275853200183,0,0.6442746520042419,1
132,0,Bronze,low_value,0.36537933820382545,0,0.3067305352116175,0,0.48213202704307634,0,0.4887954099051097,1,0.47597266498075647,0,0.4473224390461023,1,0.3842776599156297,1,0.9016566872596741,1
133,0,Gold,high_value,0.3686086062650231,0,0.3789757989742221,0,0.5141365603505138,1,0.5302048901307255,1,0.5661443757439194,1,0.5169010945749676,1,0.47502866463592625,1,0.3420841693878174,1
134,0,SME,mid_value,0.3834201888943533,0,0.4542679012854649,0,0.5786099371814948,1,0.4900794328926674,1,0.6257094782846009,1,0.4753582955430337,1,0.33396374821036173,0,0.6536911129951477,1
135,0,Bronze,low_value,0.21731466362704102,0,0.24370158780632578,0,0.36791997706793295,0,0.3639965777175221,0,0.43434567239684724,0,0.2599024234935566,0,0.3200311487938452,0,0.26434028148651123,1
136,0,Bronze,low_value,0.19474786980057504,0,0.2007249442938758,0,0.4377959662977324,0,0.3822888209884615,0,0.46211823554982284,0,0.46690884266832916,1,0.42137737120837265,1,0.7006370425224304,1
137,0,Bronze,low_value,0.024061051708842297,0,0.005386167255154927,0,0.4575689418177664,0,0.4516583474443081,1,0.4787762114354625,0,0.37791292105535546,1,0.4057352476963626,1,0.24462933838367462,1
138,0,Iron,low_value,0.04203253900377347,0,0.07780460141345426,0,0.4377398947510623,0,0.36072184342933333,0,0.43248812515047386,0,0.4130077704265573,1,0.5412270332674749,1,0.5815157294273376,1
139,0,Platinum,high_value,0.3916833045511008,0,0.32778770821295766,0,0.5041566526563023,1,0.5054279057034907,1,0.5753291849714635,1,0.3634498550702101,1,0.4297938294070986,1,0.46520277857780457,1
140,0,Bronze,low_value,0.17304125019836605,0,0.16957289946514398,0,0.3082029877673613,0,0.3108671141910099,0,0.43412342062475195,0,0.24520594586071517,0,0.1889360261708844,0,0.026071785017848015,0
141,0,Bronze,low_value,0.3891811188445016,0,0.32433667571309144,0,0.33277481623530664,0,0.33647507003965416,0,0.42748615157596215,0,0.2240796746144678,0,0.2419106195905528,0,0.43965277075767517,1
142,0,Bronze,low_value,0.16805555415992404,0,0.18205565812196675,0,0.3954520976307234,0,0.36364088378152554,0,0.4303147790901651,0,0.3414567837889397,0,0.4929858738214619,1,0.5947070121765137,1
143,0,Bronze,low_value,0.39264026613257885,0,0.29633116649186664,0,0.37493965870449886,0,0.4446893355230058,1,0.4697616395282765,0,0.4531155728545011,1,0.3987205665636599,1,0.2660476565361023,1
144,0,Bronze,low_value,0.30702595557385537,0,0.31843457132147396,0,0.3404055399972891,0,0.3171443873339639,0,0.4282569044472685,0,0.37600099943426757,1,0.34826806597910254,1,0.6581903100013733,1
145,0,SME,mid_value,0.7963521008970601,1,0.7620291660080359,1,0.5489942955731992,1,0.5854953663496817,1,0.6065834791595334,1,0.18660371320000657,0,0.2566680090105831,0,0.5174373984336853,1
146,0,Bronze,low_value,0.298016727257339,0,0.2708096751916907,0,0.4621197870209729,0,0.4657763449962509,1,0.4724137073400382,0,0.3317563124828778,0,0.358499983418323,1,0.5374844670295715,1
147,0,Bronze,low_value,0.18270615511766464,0,0.17075566532067976,0,0.32596236338455187,0,0.30951919206807454,0,0.4072200079215679,0,0.19774587805961438,0,0.2115625823040945,0,0.06354470551013947,0
148,0,Bronze,low_value,0.15963232474071096,0,0.18136830502058274,0,0.3991144309672463,0,0.38671533597557656,0,0.446215171106929,0,0.3687513419929395,1,0.3790432478773789,1,0.5391987562179565,1
149,0,Iron,low_value,0.053757773333230195,0,0.10627320695117846,0,0.439847372237735,0,0.44024865854760087,1,0.4405882894960052,0,0.44518596518237424,1,0.42751499949677013,1,0.729871928691864,1
150,0,Silver,mid_value,0.3012201003373916,0,0.3324712580269047,0,0.5110365662668569,1,0.48390395070863695,1,0.5052646016902522,1,0.4653122850435251,1,0.4328384939259619,1,0.7073929309844971,1
151,1,Gold,high_value,0.36323886498110863,0,0.37852045395988543,0,0.5455309867065412,1,0.5306398458805676,1,0.5749710760862603,1,0.5667452177284199,1,0.5309350039459129,1,0.6685972809791565,1
152,0,Bronze,low_value,0.31014861459265136,0,0.24642514045896424,0,0.48051589089158325,0,0.5019603891482773,1,0.4820987399536092,0,0.3329602343017613,0,0.3741519320637,1,0.14314314723014832,0
153,0,Bronze,low_value,0.20934557400211032,0,0.20828141651849127,0,0.3307491407990063,0,0.3303900881010931,0,0.3921832163491338,0,0.3761935759293597,1,0.3312228027967079,0,0.42263829708099365,1
154,0,Platinum,high_value,0.22132474684064202,0,0.22266708149606518,0,0.5411918498290507,1,0.53869191557245,1,0.5807557150036295,1,0.4677180179081988,1,0.4778000258914477,1,0.2759241759777069,1
155,0,Bronze,low_value,0.4048542830005763,0,0.3374928323606179,0,0.5023600217666071,1,0.5100728777126174,1,0.4802450643973339,0,0.5256725935309099,1,0.49788443673216254,1,0.8231961727142334,1
156,0,Gold,high_value,0.5190061612253222,1,0.45260253347822005,0,0.48623677462858,0,0.49225125876338827,1,0.5543421982813685,1,0.45086377402456224,1,0.47670602814327934,1,0.3012692630290985,1
157,1,Gold,high_value,0.6855859843464163,1,0.6581443963792071,1,0.6879800895301575,1,0.6901136601778177,1,0.6437708837309846,1,0.6351110554685057,1,0.5962240310239033,1,0.5358905792236328,1
158,1,Bronze,low_value,0.538126179552774,1,0.4260448653481177,0,0.462970920954714,0,0.48507705041560484,1,0.49003225836006,0,0.49306498493726814,1,0.40078837611052837,1,0.47512632608413696,1
159,0,Silver,mid_value,0.39965949871169304,0,0.37835664874464353,0,0.5110319416938177,1,0.5452680878731484,1,0.5280657077694243,1,0.5319340368420232,1,0.4986870173283067,1,0.6740036606788635,1
160,0,Silver,mid_value,0.27590476958638743,0,0.24991828072454855,0,0.32980375120852984,0,0.3348642736957035,0,0.40965263631064025,0,0.30448830270459903,0,0.33348940424618706,0,0.3590834140777588,1
161,0,Bronze,low_value,0.4993411375380196,0,0.41074165427351855,0,0.5538054920836873,1,0.5616808968681529,1,0.5316438985769845,1,0.5853028197989448,1,0.5661449343337963,1,0.844012975692749,1
162,0,SME,mid_value,0.5494527911801813,1,0.5511917271661869,1,0.6458477933752995,1,0.6236749882368879,1,0.6549035754815202,1,0.6627541820145195,1,0.3738865944798573,1,0.6526803374290466,1
163,0,Bronze,low_value,0.1986140930905083,0,0.2229692040742468,0,0.36642965088790896,0,0.36836673405952824,0,0.41167335624566076,0,0.34262173052643025,0,0.31492066231499466,0,0.38972240686416626,1
164,0,Bronze,low_value,0.19715602536429178,0,0.2011357646993598,0,0.2986277252240906,0,0.3133518296125072,0,0.40340498233460603,0,0.25956392528792316,0,0.28703739914977583,0,0.21638786792755127,1
165,0,Bronze,low_value,0.3345288159658434,0,0.348525834947187,0,0.3470786448814826,0,0.3484112157056673,0,0.43498621257750747,0,0.34265170416418916,0,0.3859776681227214,1,0.35104984045028687,1
166,0,Silver,mid_value,0.23482182247860856,0,0.2476631369491431,0,0.48220840923108915,0,0.4768670032037817,1,0.49151578391869616,0,0.5344554920760014,1,0.5164262634064815,1,0.5968216061592102,1
167,0,Bronze,low_value,0.32047541860980594,0,0.31069610337048775,0,0.37228311771843,0,0.4026178694130477,0,0.46849937458634816,0,0.3971660522228373,1,0.38065971474514293,1,0.5275934338569641,1
168,0,Bronze,low_value,0.28063233670700144,0,0.2818745133174947,0,0.3566457306673656,0,0.35820548388792156,0,0.4138105338994345,0,0.3199756102305332,0,0.37231166315861725,1,0.6087804436683655,1
169,0,Bronze,low_value,0.3060200685731015,0,0.2519241838845843,0,0.3425324003692207,0,0.3594564340827191,0,0.4468158893539358,0,0.274981269978093,0,0.32974543060761646,0,0.19365032017230988,1
170,1,Silver,mid_value,0.20294220572108868,0,0.20961373694540478,0,0.3888027701140059,0,0.4280228874671576,0,0.45467259601583454,0,0.3979423881947475,1,0.3915140627782938,1,0.37972626090049744,1
171,0,Bronze,low_value,0.4143207614149064,0,0.3568956351329239,0,0.4792778083255357,0,0.4889377144827926,1,0.49531543248976384,0,0.5196119831286076,1,0.451451135646259,1,0.6800982356071472,1
172,1,Gold,high_value,0.29747234741309053,0,0.3957504160058654,0,0.5865872127362527,1,0.5527944767636985,1,0.5525355357110406,1,0.46712227726629996,1,0.5085184901196678,1,0.8240345120429993,1
173,0,Gold,high_value,0.47289016635525544,0,0.5063754584606414,1,0.666408495639099,1,0.6313369672865451,1,0.6537178169113377,1,0.5991640053828413,1,0.40988783786985317,1,0.6146109104156494,1
174,0,Silver,mid_value,0.22838546267516585,0,0.23048499009189785,0,0.5208603390564304,1,0.46096709216802606,1,0.557779232478122,1,0.44368448090645657,1,0.26500802614066976,0,0.19579242169857025,1
175,0,Platinum,high_value,0.4881067195149158,0,0.5694701924224145,1,0.6867007935503631,1,0.7079383489791556,1,0.640912259812862,1,0.660736208606909,1,0.6387754630511496,1,0.7621602416038513,1
176,0,Bronze,low_value,0.09843346304558434,0,0.025435807606277068,0,0.3619286848920524,0,0.3369556278176388,0,0.39712783963193815,0,0.24951922095311307,0,0.28370716235144705,0,0.4116629660129547,1
177,0,Iron,low_value,0.03829969804689606,0,0.07310089078555926,0,0.32362795992593296,0,0.30125978851168894,0,0.41374131535631486,0,0.19670359808747284,0,0.29831341974108394,0,0.1792905181646347,1
178,1,Bronze,low_value,0.2986625130811442,0,0.2975218363417474,0,0.3399685882873286,0,0.33382265391467203,0,0.4228324190357455,0,0.4338510881632496,1,0.2619665073873422,0,0.15903396904468536,0
179,0,Silver,mid_value,0.46016935814293924,0,0.44259878838518557,0,0.5071186036122236,1,0.5331947535170609,1,0.519621537367248,1,0.4612172443676382,1,0.20888992083409647,0,0.399095743894577,1
180,0,Bronze,low_value,0.2979862096091099,0,0.25536264642720347,0,0.3922142175928948,0,0.3790167340245598,0,0.41211629391988386,0,0.43198900558454184,1,0.4421874528249206,1,0.7130669951438904,1
181,0,Gold,high_value,0.78262758314368,1,0.7593957828365816,1,0.6479524384287793,1,0.6397534164394371,1,0.628799508580631,1,0.5999917823831883,1,0.5398099253962454,1,0.7716395258903503,1
182,0,Bronze,low_value,0.21315235065947738,0,0.19440746277921025,0,0.33990900448546,0,0.3341253165799059,0,0.4143522888413619,0,0.3026080760350978,0,0.2942790745380998,0,0.38898053765296936,1
183,0,Silver,mid_value,0.46694039296307066,0,0.4833683726391754,1,0.5520218640013362,1,0.5586237049550374,1,0.5356745467344421,1,0.5154115426229784,1,0.543633663779159,1,0.6374412178993225,1
184,1,Iron,low_value,0.03741891735701917,0,0.06580720385879124,0,0.35154848755103885,0,0.26697179153764333,0,0.4705230578762933,0,0.145772315594224,0,0.08897531912732462,0,0.3506854474544525,1
185,0,Bronze,low_value,0.2952071047399934,0,0.255653252894048,0,0.33965802712330423,0,0.3305331802304614,0,0.3922375208951643,0,0.39400282053659663,1,0.34083696925954815,1,0.6412933468818665,1
186,0,Bronze,low_value,0.15151851502406774,0,0.05830184415546244,0,0.3336697072675961,0,0.32805595529656,0,0.41120341944842254,0,0.243106175475334,0,0.2019810600246313,0,0.09210319817066193,0
187,0,Bronze,low_value,0.23453741056327718,0,0.19533791993638452,0,0.3162562249476169,0,0.3585539673317966,0,0.42349679082528946,0,0.26111134206069087,0,0.2265757598211946,0,0.15121571719646454,0
188,0,Iron,low_value,0.026598511445024977,0,0.012006730373382889,0,0.3485188219587656,0,0.32161576845437795,0,0.39572515032125477,0,0.18621139227175754,0,0.25058419952916305,0,0.20793494582176208,1
189,0,Silver,mid_value,0.4013581354753784,0,0.4190817481817359,0,0.562799390290404,1,0.5602175019659289,1,0.5516195301575034,1,0.5455736995874809,1,0.5144377852537644,1,0.6589144468307495,1
190,0,Bronze,low_value,0.3946302792258957,0,0.3320826572772602,0,0.33108037373442734,0,0.3403146235353116,0,0.39941591614778854,0,0.261043832544457,0,0.27877296099317683,0,0.30927056074142456,1
191,0,Silver,mid_value,0.21043683530161605,0,0.19976423792480694,0,0.5432634834686495,1,0.5141154960312261,1,0.5301276013364077,1,0.4524491456024837,1,0.5187767999870244,1,0.6195538640022278,1
192,1,Bronze,low_value,0.36630434122918926,0,0.3530296101316059,0,0.5068598343837981,1,0.5117266222333372,1,0.5043843423878024,1,0.5242743982106366,1,0.5703599028614941,1,0.9147222638130188,1
193,0,Bronze,low_value,0.6532451759272082,1,0.48446632771159165,1,0.49738958683177686,0,0.5210651165740808,1,0.5252877388422983,1,0.4904582508080966,1,0.4296922184336811,1,0.41211333870887756,1
194,0,Gold,high_value,0.4719883402000965,0,0.5613301226122559,1,0.6370278978359899,1,0.6156149157287834,1,0.6067673232729087,1,0.6631295564774079,1,0.6611410889536931,1,0.9447497725486755,1
195,0,Bronze,low_value,0.3324772602286831,0,0.324505524208867,0,0.4010468518422074,0,0.4091143921660788,0,0.45310684225348197,0,0.41198430268507935,1,0.4225442657958059,1,0.5759614706039429,1
196,0,Silver,mid_value,0.3925765269820266,0,0.36048254134122004,0,0.5484155933532011,1,0.5802143247593429,1,0.5144693559234836,1,0.6256107488366753,1,0.6116831372899129,1,0.8811806440353394,1
197,0,Silver,mid_value,0.3392299257706267,0,0.3709419785357515,0,0.48694912105036614,0,0.5511068554305452,1,0.5175952273050843,1,0.533412424674079,1,0.42411137928237236,1,0.5874181389808655,1
198,0,Bronze,low_value,0.4261378730799912,0,0.43344552898463173,0,0.5747232871831686,1,0.571901518190494,1,0.5403220507236155,1,0.5201920268733273,1,0.44594915520885703,1,0.7213261723518372,1
199,0,Gold,high_value,0.44789136347926894,0,0.5499369408358418,1,0.5688033679274636,1,0.5705473504469903,1,0.5470251128916158,1,0.560979548545966,1,0.5481087341393246,1,0.6266914010047913,1
200,0,Bronze,low_value,0.5526132960163053,1,0.4300003989224639,0,0.4349224792638748,0,0.43971323414827596,0,0.54549607383789,1,0.5026357070365884,1,0.47035644312362174,1,0.31482651829719543,1
201,0,Platinum,high_value,0.5366931590942856,1,0.6103036365224409,1,0.6115862461318047,1,0.5706908855448617,1,0.6462099586375778,1,0.48838681889298097,1,0.601412301133533,1,0.8871508240699768,1
202,0,Gold,high_value,0.39738365610451004,0,0.4454791812217189,0,0.5467671865073467,1,0.5500829269401573,1,0.5420418058006166,1,0.5083008934752158,1,0.5028795468918072,1,0.46331217885017395,1
203,0,Bronze,low_value,0.2520732623314583,0,0.24864511001557277,0,0.3507906681136164,0,0.3044162425296621,0,0.476184977473479,0,0.2939822790326279,0,0.22076258258820605,0,0.3457041382789612,1
204,0,Bronze,low_value,0.21567953240818402,0,0.2987895267315455,0,0.3099335561980601,0,0.26195901939154664,0,0.39925785957735943,0,0.30751687841592423,0,0.2475391694144629,0,0.25293099880218506,1
205,0,Silver,mid_value,0.2267152072357088,0,0.23477603076739184,0,0.4203618902341482,0,0.42883015877697384,0,0.43133662862823263,0,0.40903623398598565,1,0.39750117762234416,1,0.7135706543922424,1
206,0,Gold,high_value,0.26312284381026335,0,0.2491806161257891,0,0.5343712032927698,1,0.5476929465441869,1,0.5075453755374056,1,0.559338427680696,1,0.550908665208032,1,0.6199889779090881,1
207,0,Bronze,low_value,0.5194355873717088,1,0.39032592591108173,0,0.392662833910719,0,0.4188252968641533,0,0.5001710309296216,1,0.5031392970368365,1,0.44769218466209565,1,0.34201979637145996,1
208,0,Gold,high_value,0.08697408972191567,0,0.22390199416618106,0,0.5761050128652171,1,0.5790704204215364,1,0.5176687224091465,1,0.3142657427635188,0,0.44583207353853643,1,0.4465583860874176,1
209,0,Gold,high_value,0.3234497713560244,0,0.40093764216121924,0,0.4907060508623396,0,0.5394003074733699,1,0.5746982283569755,1,0.5399161835224255,1,0.37000360385653563,1,0.3874921500682831,1
210,0,Bronze,low_value,0.40785611253267917,0,0.34719436821969796,0,0.36635642382433276,0,0.3728149274244438,0,0.46271518279608725,0,0.3626493151612961,1,0.39077785418852795,1,0.47942668199539185,1
211,0,SME,mid_value,0.2200313718895463,0,0.20248269917923184,0,0.5147477761514553,1,0.49694258952294135,1,0.5184083090142835,1,0.36544026048173744,1,0.45380941434637795,1,0.2839823365211487,1
212,1,Bronze,low_value,0.31981457393080465,0,0.32293362714532525,0,0.444398318056592,0,0.4767397774838069,1,0.46099559180049365,0,0.5114253937925551,1,0.49732118682111376,1,0.6214128732681274,1
213,0,Silver,mid_value,0.3878074946725281,0,0.41960875406247927,0,0.47252782661821485,0,0.4427535956332769,1,0.5679560949176878,1,0.4857377210324288,1,0.4326537479728324,1,0.7593311071395874,1
214,0,Bronze,low_value,0.3184198199642262,0,0.3274736337549846,0,0.4031085168803186,0,0.40157299781443123,0,0.43797104131071274,0,0.4395099811184498,1,0.49131789147059385,1,0.8455382585525513,1
215,0,Gold,high_value,0.4636646351817908,0,0.47223450610672774,1,0.5527533303723332,1,0.5437808020617324,1,0.5813811851052829,1,0.5306412314191764,1,0.5836195502922344,1,0.5393818020820618,1
216,0,Gold,high_value,0.565323448908419,1,0.6243873599733798,1,0.6266538239980991,1,0.6147348471910685,1,0.6030208693122419,1,0.5951105210183912,1,0.6661256181384206,1,0.9501991271972656,1
217,0,Bronze,low_value,0.2587079205923235,0,0.2776073409996838,0,0.35090810492345686,0,0.3502580127955433,0,0.4138105338994345,0,0.3888980025068033,1,0.42185463592650047,1,0.5649669766426086,1
218,0,Silver,mid_value,0.28774474274869904,0,0.31108556199221843,0,0.4025462170819757,0,0.4224647510111757,0,0.4577127487890672,0,0.3513612757605181,1,0.3840032625654908,1,0.3886614739894867,1
219,0,Bronze,low_value,0.2955365769613457,0,0.32175407970121506,0,0.34252195232296967,0,0.3348707659638658,0,0.4205398420296735,0,0.3589026490607471,1,0.4030687257788798,1,0.3571500778198242,1
220,0,SE,mid_value,0.17172415244784675,0,0.15183038438060786,0,0.4935472989795981,0,0.5002201297895765,1,0.530847293249569,1,0.22299125531285183,0,0.2943245071012657,0,0.08388320356607437,0
221,0,Gold,high_value,0.1157456892476154,0,0.1744763819172357,0,0.32587788651869765,0,0.2781722143300574,0,0.4651343721068436,0,0.17797398486413557,0,0.3137093454919805,0,0.1646745651960373,1
222,0,Bronze,low_value,0.4523255952584324,0,0.36796008825579907,0,0.4176625818427159,0,0.4269558406407877,0,0.5017919670718801,1,0.4845693102551682,1,0.409681652781384,1,0.48802152276039124,1
223,0,Bronze,low_value,0.5029346405368595,1,0.4088534428171101,0,0.41652634425176693,0,0.476598084365898,1,0.45297908816635146,0,0.5069307420111266,1,0.4701144623749784,1,0.5119558572769165,1
224,0,Silver,mid_value,0.44635505605161746,0,0.39689594417353186,0,0.5594735865285451,1,0.5623318045669201,1,0.5400511542903851,1,0.5766626873182435,1,0.5766998236660718,1,0.8554507493972778,1
225,0,Bronze,low_value,0.3491115056678517,0,0.296845840542384,0,0.4378034640026123,0,0.461980237447478,1,0.4409012468717745,0,0.42829294571508286,1,0.37151730413290557,1,0.7417393922805786,1
226,0,Gold,high_value,0.5069081923902722,1,0.540862134676283,1,0.5435518562453932,1,0.5648257256901591,1,0.5362969448589107,1,0.556184064562728,1,0.4985354636648479,1,0.8615231513977051,1
227,0,Bronze,low_value,0.23658849083706093,0,0.23611902213906658,0,0.37522258872862824,0,0.36639111783268996,0,0.4318278115842852,0,0.430523759789736,1,0.4101773235773813,1,0.5008658766746521,1
228,0,Gold,high_value,0.42774639600769826,0,0.4862983154647594,1,0.6251934865871186,1,0.6373089142003548,1,0.5875444067046791,1,0.6229045595585628,1,0.6530791670092726,1,0.6523192524909973,1
229,0,Iron,low_value,0.034294212129713515,0,0.06808886319352732,0,0.2919075978532034,0,0.3021526439553952,0,0.41205075143789216,0,0.17210252407995227,0,0.14357881230286598,0,0.0717979446053505,0
230,0,Gold,high_value,0.6449111470022637,1,0.5829113868938979,1,0.5753420681630691,1,0.5654771161286959,1,0.62340491288547,1,0.29501588017997593,0,0.4258631335425887,1,0.34188640117645264,1
231,0,Bronze,low_value,0.33127989808272074,0,0.3007308255678866,0,0.4581266398928823,0,0.45313649021604496,1,0.4552197122263707,0,0.2691323936261912,0,0.2553535922040087,0,0.5184007883071899,1
232,0,Platinum,high_value,0.22180748320884697,0,0.3196129110005336,0,0.49014874539376696,0,0.4607553188314602,1,0.5445000695525413,1,0.35914587757599925,1,0.4196138757944675,1,0.6110301613807678,1
233,1,Silver,mid_value,0.5947126054994025,1,0.5036047248800557,1,0.6254854567900594,1,0.5235857033726191,1,0.6189641176207731,1,0.6013125662124046,1,0.29055076326319873,0,0.21566736698150635,1
234,0,Iron,low_value,0.033533830883196204,0,0.0673571929343108,0,0.3385549984067072,0,0.31001970562045367,0,0.44732991892656315,0,0.20819541314816756,0,0.15745350044498635,0,0.0768360048532486,0
235,0,Bronze,low_value,0.22719043131001732,0,0.24089490579974196,0,0.3826688804636795,0,0.3880127884416785,0,0.40809924281128207,0,0.4200142716564482,1,0.39044499463891646,1,0.7375969886779785,1
236,0,Silver,mid_value,0.5197992280454143,1,0.5871713677118002,1,0.5821494151027279,1,0.5454370149607097,1,0.6100166515841182,1,0.46697429749437724,1,0.3191824642901704,0,0.18559253215789795,1
237,0,Gold,high_value,0.3016904592058082,0,0.3012115440154605,0,0.4322514425665943,0,0.43824879336283473,0,0.5338240550818669,1,0.5472218114078424,1,0.3881690963527054,1,0.1605488806962967,1
238,0,Platinum,high_value,0.41188589204657355,0,0.5196382409371274,1,0.6012307997131564,1,0.6046935908129345,1,0.5916372830481814,1,0.5757143852632233,1,0.5810654260751706,1,0.4885410964488983,1
239,0,Bronze,low_value,0.4149927351582358,0,0.33237210720094684,0,0.4149115414908243,0,0.4386653412203534,0,0.4689783670412585,0,0.4530632914559565,1,0.3998262882246866,1,0.25415390729904175,1
240,0,Gold,high_value,0.2540492144456923,0,0.3054919404504419,0,0.5410250428938628,1,0.5479261667480961,1,0.5316438985769845,1,0.511980396538469,1,0.4892857954753258,1,0.4273166060447693,1
241,0,Lead,low_value,0.03275820637984674,0,0.060838787337604755,0,0.41501863112147946,0,0.45639271011949056,1,0.40674668037988504,0,0.3908827442921272,1,0.23226506422604584,0,0.2666739821434021,1
242,0,Silver,mid_value,0.3631313346542277,0,0.40794361503064336,0,0.5976959964223013,1,0.5882148724682309,1,0.5804086495971001,1,0.5515183418065013,1,0.5487296705713589,1,0.6716312766075134,1
243,0,Bronze,low_value,0.4962597779482797,0,0.3843243128202455,0,0.4074419196842133,0,0.4472351032258394,1,0.48337545723091696,0,0.462319508457013,1,0.4240045455032623,1,0.4785119295120239,1
244,0,Gold,high_value,0.23081196127030526,0,0.23969852424216637,0,0.37653902352955515,0,0.36400937694045815,0,0.5113702177069179,1,0.2698350173531029,0,0.2053343608415321,0,0.06503963470458984,0
245,0,Silver,mid_value,0.42502936078568293,0,0.4511542529108617,0,0.5633044890373045,1,0.5412390438827902,1,0.5668988747191211,1,0.4363941761724766,1,0.5119990278476215,1,0.8015928864479065,1
246,0,Bronze,low_value,0.15327692532857637,0,0.16798026572682112,0,0.284146282350211,0,0.23329413706726332,0,0.39329876717808154,0,0.09687990911450516,0,0.023621438147370687,0,0.05175389349460602,0
247,0,SME,mid_value,0.7259997909862375,1,0.6447071461114622,1,0.5544949385422138,1,0.6431444181005826,1,0.5991100197561507,1,0.6476683388986605,1,0.4976566013134479,1,0.5912250876426697,1
248,0,Silver,mid_value,0.27237912411665144,0,0.26135718888790627,0,0.49765127527704633,0,0.49458873309930157,1,0.53850454084078,1,0.4620012166268428,1,0.4169284382691019,1,0.2883111834526062,1
249,0,Iron,low_value,0.03510272514201694,0,0.06563130163687912,0,0.34297084721703863,0,0.3778240735963788,0,0.410323226041126,0,0.32942777566969744,0,0.34692923722672686,1,0.24710960686206818,1
250,0,Silver,mid_value,0.3864572902253243,0,0.31486920715924077,0,0.4364336199019798,0,0.44374344832186274,1,0.5348778833919473,1,0.4826719015972722,1,0.44188431811228573,1,0.578479528427124,1
251,0,Silver,mid_value,0.51126093817081,1,0.5358123843204322,1,0.5825337006622704,1,0.5440841317730407,1,0.5627728442456446,1,0.4997840014362967,1,0.46290996725185807,1,0.4346356987953186,1
252,0,Iron,low_value,0.00011135865388461616,0,0.00017848502609571062,0,0.4411637414556316,0,0.42795735762808684,0,0.43885132013369993,0,0.025492236327514597,0,0.016690575703676845,0,0.001455347053706646,0
253,0,Bronze,low_value,0.42636791907051136,0,0.3368829613673956,0,0.5123510329228652,1,0.49155396357802694,1,0.5210525741498039,1,0.5208713781117129,1,0.49562364028450373,1,0.3946050703525543,1
254,1,Bronze,low_value,0.29770587662061987,0,0.25518958402995223,0,0.3703428303963966,0,0.3681226195553343,0,0.41211629391988386,0,0.43198900558454184,1,0.4421874528249206,1,0.708391010761261,1
255,0,Bronze,low_value,0.4743094572963213,0,0.3815506593821441,0,0.4543279460076597,0,0.4787815651396561,1,0.5228075521062057,1,0.5062526037143431,1,0.4065354265931662,1,0.6273636221885681,1
256,0,Gold,high_value,0.47129219973388975,0,0.5342470070171387,1,0.5555355385415051,1,0.573556285058417,1,0.5502626403088301,1,0.5799979627861248,1,0.505866449680541,1,0.6359471082687378,1
257,0,Silver,mid_value,0.3976237276257949,0,0.3633293808179616,0,0.5587269504758191,1,0.595009477880255,1,0.5144693559234836,1,0.6299143359450028,1,0.6242042677145875,1,0.8875811696052551,1
258,0,Bronze,low_value,0.34503257394959735,0,0.40028923883740025,0,0.43995202295543384,0,0.4183990031678719,0,0.4913793155081163,0,0.3075926953090642,0,0.36451740680961947,1,0.5280511975288391,1
259,0,Gold,high_value,0.5999768284867962,1,0.6081691533193034,1,0.5591257777598033,1,0.5939636197320821,1,0.5759828743731534,1,0.6572139426074504,1,0.6136473444462195,1,0.8911049365997314,1
260,0,SME,mid_value,0.2569501761455258,0,0.27603539303636343,0,0.4705224409617939,0,0.48306802411956,1,0.4970845871160735,0,0.4241378671994624,1,0.3921526134360068,1,0.06309717148542404,0
261,0,Bronze,low_value,0.3510172898537093,0,0.2962693183487007,0,0.4187188365490336,0,0.42149036322787664,0,0.4450189073551991,0,0.4550798927917475,1,0.4500248472473495,1,0.8677895069122314,1
262,0,Bronze,low_value,0.3032620175676574,0,0.3087840083409815,0,0.3910946805638861,0,0.3558996505094504,0,0.43498621257750747,0,0.3677122129280805,1,0.4120812480567909,1,0.602129340171814,1
263,0,Silver,mid_value,0.09217317292902093,0,0.07227035327339275,0,0.47594397898918556,0,0.48801814996104276,1,0.497182440307734,0,0.5587891135355018,1,0.4907020160403554,1,0.6804432272911072,1
264,0,Platinum,high_value,0.46806322936725914,0,0.4894751125311369,1,0.7024774621055245,1,0.7007494028027685,1,0.6877178749518944,1,0.7507669489422879,1,0.612654430528037,1,0.9277385473251343,1
265,0,SE,mid_value,0.2719315940566904,0,0.26997832540479716,0,0.559134486622763,1,0.5597721487404855,1,0.5287424676695334,1,0.3198998908205906,0,0.4260057326748276,1,0.28391584753990173,1
266,1,Gold,high_value,0.40926155954641097,0,0.4929929499267763,1,0.5721023238989543,1,0.531562319658214,1,0.576349252463487,1,0.4956530934933006,1,0.557861148276476,1,0.3236921429634094,1
267,0,Bronze,low_value,0.40825777544760605,0,0.36949200095288204,0,0.4988695602258813,0,0.531694940025031,1,0.47192589620210584,0,0.537299295294564,1,0.5162767824014789,1,0.8589039444923401,1
268,0,Silver,mid_value,0.28496297868962467,0,0.2527383369792805,0,0.5956879052491734,1,0.6183337850814372,1,0.5369230582723916,1,0.6197080658007313,1,0.6246432386976002,1,0.8301621675491333,1
269,0,Bronze,low_value,0.3597097891677904,0,0.33500748678848846,0,0.45206520347353674,0,0.4405336779941526,1,0.4804098036469499,0,0.5211099710829434,1,0.46601549247250607,1,0.3054417073726654,1
270,0,SME,mid_value,0.39106085205849767,0,0.39777807623430284,0,0.5332751118793083,1,0.5385849177467172,1,0.5440650661775429,1,0.4641226870910814,1,0.41741647661756304,1,0.8318897485733032,1
271,0,Silver,mid_value,0.362977625884321,0,0.31535531327324134,0,0.5134659928879934,1,0.5549529494764898,1,0.5175952273050843,1,0.5157367350758584,1,0.51221156927227,1,0.7387244701385498,1
272,0,Bronze,low_value,0.21289840167486793,0,0.19752561087927542,0,0.4447753443316747,0,0.4130787857024284,0,0.47420131041286584,0,0.5817759133625364,1,0.540887225985246,1,0.46033957600593567,1
273,0,Bronze,low_value,0.24983432939824704,0,0.24955008535441076,0,0.34597403991767933,0,0.3391013072331169,0,0.405712693264873,0,0.24407864634320312,0,0.28800589132296034,0,0.23389321565628052,1
274,0,Gold,high_value,0.530527457068529,1,0.5514643044558176,1,0.6094734296552403,1,0.6155646521291164,1,0.5716671877491083,1,0.6268447615550337,1,0.6500258909570721,1,0.8922048211097717,1
275,0,Platinum,high_value,0.39414635527216274,0,0.3706209521173371,0,0.592636437879801,1,0.614799412247978,1,0.5987223079034045,1,0.5080427783773452,1,0.3370340771444038,0,0.21143829822540283,1
276,0,Bronze,low_value,0.30505984221371585,0,0.2737347201244622,0,0.3340194696976161,0,0.3292765714662811,0,0.39896682902540326,0,0.32646411350000365,0,0.30993815758030335,0,0.6999915838241577,1
277,0,Silver,mid_value,0.5311026941402761,1,0.4654144479715275,1,0.5331255209740181,1,0.4985702831753007,1,0.5747589730606857,1,0.36954254979017237,1,0.3569907889409211,1,0.3960902690887451,1
278,0,Silver,mid_value,0.3845403758754747,0,0.3926956998676315,0,0.5105387053352795,1,0.5409240641705828,1,0.5245691859063148,1,0.5075068628894931,1,0.5170049043543089,1,0.689198911190033,1
279,0,Bronze,low_value,0.29257781674673716,0,0.24842927509740276,0,0.36893108831747556,0,0.3921389300458853,0,0.44050254626772717,0,0.3955611914936787,1,0.4007473096586577,1,0.26533952355384827,1
280,0,Bronze,low_value,0.3540142029348764,0,0.25834585576613395,0,0.3538194535121746,0,0.38140058148253414,0,0.4556135401267434,0,0.25706651505817146,0,0.21926938472004473,0,0.15951237082481384,0
281,0,Silver,mid_value,0.41692145377195994,0,0.4037806852743145,0,0.6077873940711803,1,0.5798791997445085,1,0.6083014429447016,1,0.546064667239688,1,0.49039549833382134,1,0.5773844122886658,1
282,0,Bronze,low_value,0.29751740920157754,0,0.3034442230658876,0,0.377898782187674,0,0.37978836048553694,0,0.44775922629047826,0,0.35814517440667526,1,0.30741744008196314,0,0.49492117762565613,1
283,0,Gold,high_value,0.526617400870907,1,0.5610331967419556,1,0.5760715667207158,1,0.5637435829067312,1,0.5749710760862603,1,0.62374946686438,1,0.592206117777309,1,0.6937199831008911,1
284,0,Bronze,low_value,0.3865687623052629,0,0.38353975199516005,0,0.42690074691068,0,0.3621257328371003,0,0.5165550142905634,1,0.34904798703873324,0,0.24413319474236408,0,0.44991180300712585,1
285,1,Bronze,low_value,0.35310757672308263,0,0.33749719813128803,0,0.42906809419728015,0,0.44804282856615407,1,0.44989856557416275,0,0.4529651386453624,1,0.426332323632554,1,0.7049421072006226,1
286,0,Silver,mid_value,0.6104180606350472,1,0.6176009113928446,1,0.5977822431379294,1,0.5759807525676951,1,0.5769156861458796,1,0.4961799406133702,1,0.6008463652608866,1,0.1205233708024025,0
287,0,Gold,high_value,0.3042153459411512,0,0.2916725891977531,0,0.5311880496032615,1,0.5520023982103797,1,0.5091193521250089,1,0.5009872924786533,1,0.4599931574509916,1,0.5889328122138977,1
288,0,Silver,mid_value,0.2739223771203799,0,0.26955621597371915,0,0.32611025651425707,0,0.3465948852669263,0,0.48519854544831037,0,0.3951182688764505,1,0.32396310068275036,0,0.13236722350120544,0
289,0,SME,mid_value,0.6236112160164975,1,0.6019117921091636,1,0.623799492936084,1,0.6335512751515192,1,0.6003543769019043,1,0.4376876138616704,1,0.4722083656765006,1,0.7605603933334351,1
290,0,Silver,mid_value,0.28561143999847816,0,0.3199205260945335,0,0.495294896243216,0,0.4876803738433829,1,0.5224025585457859,1,0.4919454272770097,1,0.49671434694368743,1,0.7166450619697571,1
291,0,Gold,high_value,0.03353355251242566,0,0.03492147442280983,0,0.4754648555896734,0,0.4918547850638076,1,0.497182440307734,0,0.24203846887538147,0,0.4051924005153497,1,0.04523448273539543,0
292,0,Silver,mid_value,0.2248832138673144,0,0.232386427323037,0,0.4720280667496625,0,0.4811013407516333,1,0.4923649733231759,0,0.4695030265469036,1,0.4429573672867594,1,0.46432259678840637,1
293,0,Bronze,low_value,0.21141230406182915,0,0.2003881681680806,0,0.47307504960790064,0,0.4705054661011489,1,0.49276092967251195,0,0.40754246084156365,1,0.40451670038011683,1,0.33058255910873413,1
294,0,Silver,mid_value,0.39669970015683,0,0.3451701426172744,0,0.533414536596446,1,0.5377186247396633,1,0.5356745467344421,1,0.5259567094309158,1,0.4957678861144149,1,0.8539080023765564,1
295,0,Bronze,low_value,0.254857844795543,0,0.26476678822451727,0,0.39904287650599846,0,0.44154786247285854,1,0.42008828261844355,0,0.4815501866046294,1,0.47896793146388367,1,0.38476628065109253,1
296,0,Silver,mid_value,0.25007566782185314,0,0.23435800834441242,0,0.42579511052272645,0,0.441668312285938,1,0.4667891209804485,0,0.4557195760158162,1,0.43377313479608304,1,0.5872206687927246,1
297,0,Silver,mid_value,0.3841734730989464,0,0.3937217980530708,0,0.563881173871743,1,0.533261215393962,1,0.5681257046483797,1,0.5150744077372147,1,0.49590419788487256,1,0.7674437165260315,1
298,0,Bronze,low_value,0.4432502247393936,0,0.36601435774516344,0,0.4342281601520736,0,0.45965753579395285,1,0.4901591335102129,0,0.5352906659632255,1,0.482739255492431,1,0.74064701795578,1
299,0,Silver,mid_value,0.17561295497533266,0,0.1931426747306922,0,0.34490613116075197,0,0.34018330089807924,0,0.44986433924434677,0,0.29605898467246716,0,0.35082781245716,1,0.2239842563867569,1
300,0,Bronze,low_value,0.4048012593348493,0,0.29929817641458184,0,0.3650060173882427,0,0.41223467621178683,0,0.447530979247067,0,0.448060274919282,1,0.4062130168267272,1,0.5062580108642578,1
301,0,Bronze,low_value,0.3697338331056723,0,0.34510009972869987,0,0.44890709593911127,0,0.46512089607366547,1,0.46491628754650743,0,0.4296628310389972,1,0.48141728185707194,1,0.5320426821708679,1
302,1,Bronze,low_value,0.5793597445053953,1,0.48209862775494533,1,0.5163171682143255,1,0.5445883839626604,1,0.5157191591157197,1,0.5538919131318591,1,0.45600467484237905,1,0.28491711616516113,1
303,0,Silver,mid_value,0.4000205622377838,0,0.38580812703187994,0,0.5410158755672579,1,0.5377186247396633,1,0.5356745467344421,1,0.49790189037479055,1,0.4873554727384328,1,0.7726143002510071,1
304,0,Silver,mid_value,0.45326850936112634,0,0.3575775616610862,0,0.4706346931951778,0,0.4587776432211244,1,0.54549607383789,1,0.5299674613831856,1,0.4769856053372121,1,0.5600597262382507,1
305,0,Silver,mid_value,0.6488984211734808,1,0.6083635755820012,1,0.5289316713107644,1,0.5155850162333587,1,0.5771466502948834,1,0.33496010850970664,0,0.28204552655713333,0,0.26121971011161804,1
306,0,Iron,low_value,0.0470518858407928,0,0.06554893745208393,0,0.3131912537769551,0,0.3542503190488322,0,0.4391776110521371,0,0.2617269600322837,0,0.12889656943777295,0,0.05803417041897774,0
307,0,Platinum,high_value,0.33744098835192343,0,0.30281693153187017,0,0.5364471568092698,1,0.5146140387098813,1,0.5588368240457761,1,0.5033892808966888,1,0.4943027702230071,1,0.4367596209049225,1
308,0,Gold,high_value,0.3147709068333029,0,0.33571645694042535,0,0.5432743662139031,1,0.5638774085295681,1,0.5661443757439194,1,0.6416675983570569,1,0.5242276622324823,1,0.6187742948532104,1
309,0,Platinum,high_value,0.4576123196942024,0,0.4724897609520251,1,0.5882222639600188,1,0.5935618172802586,1,0.5616595459417344,1,0.5916599915849328,1,0.6505875111293551,1,0.8953741192817688,1
310,0,Gold,high_value,0.24358127049514125,0,0.30787641988163195,0,0.4514354817992946,0,0.3749942507382611,0,0.5072039039668977,1,0.22726086291646064,0,0.16837515330268224,0,0.25563302636146545,1
311,0,Gold,high_value,0.40494811293262745,0,0.4150141123866661,0,0.6062855236148605,1,0.599508876133895,1,0.6064173356251461,1,0.49494611364549396,1,0.4792391182158094,1,0.2076711803674698,1
312,1,Platinum,high_value,0.11378882253987593,0,0.195634654730478,0,0.3602935513781725,0,0.4156926889527018,0,0.35327456791452316,0,0.08999462389593385,0,0.05239555274604421,0,0.03245621174573898,0
313,0,Bronze,low_value,0.6375834286533044,1,0.630201488041009,1,0.6019516327590133,1,0.5604228782982142,1,0.575138772704667,1,0.5368648532436301,1,0.6131881376039082,1,0.7768047451972961,1
314,0,Platinum,high_value,0.3422402731168618,0,0.2720278182624881,0,0.4284618868466793,0,0.4079101537725191,0,0.5477821839931944,1,0.18653224419420725,0,0.22213639869377316,0,0.2820838689804077,1
315,0,Bronze,low_value,0.1998322636646149,0,0.20622334428527236,0,0.40321877327887184,0,0.3587550886164594,0,0.48379428828755433,0,0.3729624117999845,1,0.21910605337654168,0,0.4205872118473053,1
316,0,Silver,mid_value,0.3241063658569196,0,0.3502740998304604,0,0.4085140009367176,0,0.3637312137634647,0,0.5212642546056714,1,0.33885142384985006,0,0.41254746296901385,1,0.76155686378479,1
317,0,Bronze,low_value,0.3858726989652354,0,0.459413603680061,0,0.49438854616248884,0,0.4914291211007908,1,0.5052646016902522,1,0.4940694010129527,1,0.46314153120669505,1,0.859431803226471,1
318,0,Silver,mid_value,0.3039096436168801,0,0.3135884483488731,0,0.5115100601484006,1,0.5090064288395567,1,0.49984978504161415,0,0.45983943060879773,1,0.4882908461784489,1,0.35124289989471436,1
319,0,Gold,high_value,0.4065194529695455,0,0.39278520162930125,0,0.5984640014898648,1,0.6132090844999458,1,0.5488268208164682,1,0.5949626131217534,1,0.5761564293454148,1,0.7513765096664429,1
320,0,Bronze,low_value,0.30893001858658703,0,0.27173880883472884,0,0.38336358580120644,0,0.3726744512756512,0,0.4138105338994345,0,0.4655529633718835,1,0.41508000668287004,1,0.6778716444969177,1
321,1,Gold,high_value,0.5381896929046899,1,0.5397980429790841,1,0.6003638298977769,1,0.5881632921558804,1,0.5475702868488483,1,0.5844901473362475,1,0.7705849700078515,1,0.7522837519645691,1
322,0,Gold,high_value,0.3406426841588696,0,0.31512844876763374,0,0.47689369837035755,0,0.5110719567526144,1,0.506960504207294,1,0.44603793898672517,1,0.22404822513910233,0,0.4549623131752014,1
323,0,Gold,high_value,0.4196706150858065,0,0.38946620536578547,0,0.5472313787569955,1,0.5213785574458025,1,0.5369230582723916,1,0.5604509155678209,1,0.6110467542225879,1,0.8304497599601746,1
324,0,SME,mid_value,0.6762254437754135,1,0.6288970932386978,1,0.5598179965382831,1,0.5745536248574733,1,0.5887658391239599,1,0.45731635975086193,1,0.5458334420843514,1,0.8622574806213379,1
325,1,Bronze,low_value,0.14981339432356441,0,0.1812975997033214,0,0.34753101066476333,0,0.30007497835175634,0,0.41548354121111586,0,0.1672709537304151,0,0.2164597351945708,0,0.2087090164422989,1
326,0,Bronze,low_value,0.44670582858197894,0,0.475116836583055,1,0.5448579583309309,1,0.492953596657107,1,0.5640028464802864,1,0.5841626384386585,1,0.5783590195122247,1,0.8324263095855713,1
327,0,Bronze,low_value,0.09479878585969174,0,0.02434521184117809,0,0.3518224645794398,0,0.33487343575483663,0,0.39712783963193815,0,0.24691780204282687,0,0.281163227860443,0,0.4116629660129547,1
328,0,Platinum,high_value,0.4348960379843206,0,0.498232705786688,1,0.5942903540305937,1,0.5670975737396685,1,0.562119768148236,1,0.5381826155848338,1,0.41486827751051575,1,0.7510427236557007,1
329,0,SME,mid_value,0.801569239895687,1,0.7365090784607168,1,0.532855936542489,1,0.5854953663496817,1,0.5982345441737138,1,0.1525328353477586,0,0.1837873561424584,0,0.2752830982208252,1
330,0,Bronze,low_value,0.4721356859670548,0,0.40506941467427177,0,0.49150953802073344,0,0.45998644290147156,1,0.485377561029196,0,0.5041011158679166,1,0.4967797403296995,1,0.8079020977020264,1
331,1,Silver,mid_value,0.21145247538866804,0,0.26533182895584406,0,0.4278082602818261,0,0.43048856131424634,0,0.4752897971284318,0,0.40832444850221467,1,0.48343758742467263,1,0.675706684589386,1
332,1,Gold,high_value,0.28675219105732797,0,0.32572113115483053,0,0.5121950647159106,1,0.5185952029080985,1,0.5402384092221519,1,0.5015822499690615,1,0.49219107977536347,1,0.6287513375282288,1
333,0,Platinum,high_value,0.4429191012515804,0,0.5583373178871497,1,0.5883165770717729,1,0.5744078313386531,1,0.6060373159838169,1,0.5851584307720424,1,0.5263638123128261,1,0.0728500634431839,0
334,0,Platinum,high_value,0.6188194311283212,1,0.5967362138308895,1,0.6636951388738581,1,0.6892069099783076,1,0.5950832324645707,1,0.6558960771077711,1,0.66283701616117,1,0.7256971597671509,1
335,0,Silver,mid_value,0.5164814131427896,1,0.47490445204120624,1,0.5617393540465165,1,0.5693103226053826,1,0.5326891765637997,1,0.5405753022815729,1,0.5502294912570292,1,0.5941140651702881,1
336,0,SME,mid_value,0.6329385171195834,1,0.6394625527886942,1,0.7267521193603791,1,0.7300066318490093,1,0.6445830005572841,1,0.7594468946091301,1,0.763786683070114,1,0.90976881980896,1
337,0,Bronze,low_value,0.23573249811244595,0,0.24239013921845343,0,0.38075223544020736,0,0.37939643896673025,0,0.45166773283869766,0,0.3908693789566919,1,0.37960004368477174,1,0.3718601167201996,1
338,0,Gold,high_value,0.47388922004082984,0,0.4991926778053013,1,0.6058999995698905,1,0.6126531065050606,1,0.5893218527949832,1,0.5958181929619669,1,0.596932129215829,1,0.8341171145439148,1
339,0,Silver,mid_value,0.5016058248185599,1,0.4685688326254046,1,0.5409682024741043,1,0.5320987486720895,1,0.5356745467344421,1,0.5344380287652898,1,0.5499517953463405,1,0.3923756778240204,1
340,0,Silver,mid_value,0.5426728384989886,1,0.5465618928793045,1,0.4843128212612885,0,0.535616731330705,1,0.5258561130041807,1,0.5437032478445522,1,0.39742254069464106,1,0.4041585326194763,1
341,0,Silver,mid_value,0.26834611343496767,0,0.2711393038062842,0,0.4461314041241286,0,0.48061056990497775,1,0.4802450643973339,0,0.4930360883794937,1,0.4042626822084453,1,0.3121109902858734,1
342,0,Silver,mid_value,0.2744566578403848,0,0.24122308061567294,0,0.47684054060137876,0,0.5104397638390232,1,0.47710895732629355,0,0.5628405657494796,1,0.5377246813917216,1,0.7676454186439514,1
343,0,Gold,high_value,0.42249885498016443,0,0.35055979584891545,0,0.5330711874805898,1,0.5525331583965396,1,0.5421769858689285,1,0.5655816873927058,1,0.5459157249575772,1,0.3368198573589325,1
344,0,Bronze,low_value,0.2480804547237953,0,0.2564318073182079,0,0.45253340977338463,0,0.39856315588405017,0,0.49019374997757603,0,0.46191890684122955,1,0.28214788746926117,0,0.10560955852270126,0
345,0,Platinum,high_value,0.5193890050015108,1,0.5425150391652205,1,0.5455054928149132,1,0.5454322020244555,1,0.5987883120872584,1,0.37218030275666536,1,0.4760875270310736,1,0.8658599853515625,1
346,0,Bronze,low_value,0.29572618126377115,0,0.2758883820753487,0,0.3738908050633442,0,0.3775505042023226,0,0.42854728362217936,0,0.3993505903398168,1,0.42128569234087915,1,0.31149035692214966,1
347,0,Bronze,low_value,0.16655045020539253,0,0.19029440301545253,0,0.43071374468767654,0,0.41040482155302,0,0.4206575366440135,0,0.5335948333647625,1,0.5095137245493915,1,0.6672024130821228,1
348,0,Iron,low_value,0.025701311231299772,0,0.057844119128471386,0,0.38573641111707735,0,0.34566556140854965,0,0.4462531352168604,0,0.2874695677067275,0,0.33022438362345735,0,0.20447593927383423,1
349,0,Silver,mid_value,0.3599834196744373,0,0.36698205115467664,0,0.5529159895905628,1,0.5265247559659713,1,0.5420418058006166,1,0.5145982035867113,1,0.5557388613414502,1,0.8706556558609009,1
350,0,Bronze,low_value,0.3706851259010313,0,0.3341503514576141,0,0.48288280724970173,0,0.4978310556300316,1,0.48857780329860817,0,0.40257972998302965,1,0.24907045907484907,0,0.10507289320230484,0
351,1,Silver,mid_value,0.3345595862691508,0,0.30980770840988464,0,0.46284018566727275,0,0.493875102767844,1,0.5022046206286671,1,0.46028323728804393,1,0.4635335970813815,1,0.5925658345222473,1
352,0,Silver,mid_value,0.5431555067017966,1,0.5350247252883729,1,0.5607427101445432,1,0.5566324405982158,1,0.5356745467344421,1,0.5441761014243925,1,0.5480819859107458,1,0.8135786056518555,1
353,0,Gold,high_value,0.23764585965596371,0,0.21493632509845134,0,0.4046843534104106,0,0.39836531405894404,0,0.4437305842952391,0,0.26249543639508793,0,0.31350337248949195,0,0.625234842300415,1
354,0,Bronze,low_value,0.3776825495928132,0,0.3942040976181431,0,0.5184717390694797,1,0.5103067714732393,1,0.5140984792512466,1,0.4670198457845103,1,0.4576963024986215,1,0.806654155254364,1
355,0,Bronze,low_value,0.33357108904519056,0,0.33663002435360223,0,0.3865863076904447,0,0.39261163013565065,0,0.45510032892146934,0,0.3919218210455747,1,0.4006435866317145,1,0.7260866761207581,1
356,0,Bronze,low_value,0.245712573954809,0,0.25436675337702447,0,0.44738197676616415,0,0.40591360204970917,0,0.49019374997757603,0,0.46684743327328765,1,0.28194140559662534,0,0.09026055783033371,0
357,0,Bronze,low_value,0.48220049371852836,0,0.37780963396188116,0,0.4653075510610885,0,0.48270822053505996,1,0.5290563657527055,1,0.5130554884800755,1,0.48429129928240483,1,0.3304746150970459,1
358,0,Bronze,low_value,0.2537328170747945,0,0.238482283375833,0,0.4034872617135721,0,0.4260648033651469,0,0.41592496508692917,0,0.27227536460766166,0,0.31241221359196053,0,0.36739447712898254,1
359,0,Bronze,low_value,0.10652678378357076,0,0.03164546145709686,0,0.30675550452212846,0,0.3523320724274805,0,0.3856722645066767,0,0.31374282888265187,0,0.2447938945772962,0,0.13763116300106049,0
360,0,Bronze,low_value,0.2559434829854257,0,0.2559816418343152,0,0.38390233516033545,0,0.3498407696000277,0,0.48728316511098163,0,0.377174017786114,1,0.2431641269917654,0,0.5068467259407043,1
361,0,Bronze,low_value,0.22670713983549456,0,0.2531317937954711,0,0.3478988222279685,0,0.3405142212380427,0,0.417052534171365,0,0.14131321581710593,0,0.2327299634637603,0,0.25777849555015564,1
362,0,Silver,mid_value,0.5122719026336506,1,0.4258299944112361,0,0.5954261134902317,1,0.6206191041068346,1,0.5144693559234836,1,0.604060110227604,1,0.6071547200587273,1,0.9145764708518982,1
363,0,Silver,mid_value,0.5586823634808703,1,0.4957933988103654,1,0.507953716794891,1,0.5358726567695032,1,0.5225867665098569,1,0.5052712327102128,1,0.48190693625358305,1,0.4222608208656311,1
364,1,SME,mid_value,0.6356655582506952,1,0.5849583913184603,1,0.6183546329286808,1,0.6276156552539081,1,0.5800682371204557,1,0.6264043027476092,1,0.6489602735839396,1,0.6656376719474792,1
365,0,Bronze,low_value,0.2359259938639401,0,0.26022246969136287,0,0.37217592637983465,0,0.38537481524659756,0,0.4178395966996704,0,0.39918773990169454,1,0.4325783270722048,1,0.7127165198326111,1
366,0,Bronze,low_value,0.2358958991414218,0,0.23909807504174826,0,0.2911386591840984,0,0.2993271980919445,0,0.40340498233460603,0,0.24526642846693475,0,0.24006840838512958,0,0.24050140380859375,1
367,0,Bronze,low_value,0.2162737134706537,0,0.1950758485089269,0,0.34486036778636797,0,0.35860772392959267,0,0.41167335624566076,0,0.3715397583642641,1,0.3512636738915627,1,0.37242287397384644,1
368,1,Bronze,low_value,0.29951601730747107,0,0.29773829236360755,0,0.33517459345978134,0,0.3350852801772982,0,0.4138105338994345,0,0.40600524667114957,1,0.38562937061484676,1,0.4509626030921936,1
369,0,Silver,mid_value,0.22836602147652865,0,0.24412985041789917,0,0.39347072675511396,0,0.42287379359770133,0,0.44157266958176916,0,0.38391885331656944,1,0.36976691613366885,1,0.6132875084877014,1
370,0,Silver,mid_value,0.3268569897368824,0,0.3815205062350585,0,0.5391601964447212,1,0.5204989693910974,1,0.5632544170531125,1,0.34232266896541674,0,0.4981183180699334,1,0.20544184744358063,1
371,0,Silver,mid_value,0.13503936597726057,0,0.1657017663504797,0,0.33336973864266917,0,0.32218158912291933,0,0.4122960850000455,0,0.2399332355327798,0,0.25214809756148193,0,0.685543417930603,1
372,0,Silver,mid_value,0.5373454425855736,1,0.5781245460252841,1,0.5704174283153106,1,0.5525780271537488,1,0.5400511542903851,1,0.5332496954402292,1,0.5344565314161911,1,0.8675904273986816,1
373,0,Silver,mid_value,0.3707903361861951,0,0.3276124007689563,0,0.5621575289016509,1,0.5613815173485304,1,0.5216196417175893,1,0.5116439767954877,1,0.5777078021319447,1,0.6429370641708374,1
374,0,Silver,mid_value,0.5720569442866876,1,0.6321524848743495,1,0.5103275278642478,1,0.5209628543134862,1,0.5309536396828526,1,0.5326934897848433,1,0.5400692213464279,1,0.5259613394737244,1
375,0,Silver,mid_value,0.294343035659464,0,0.3221103926466786,0,0.4898635188631583,0,0.5078529382838408,1,0.5023923842117229,1,0.48721575965254815,1,0.5231510125081732,1,0.6721506714820862,1
376,0,Platinum,high_value,0.5666255355602089,1,0.6349132378313675,1,0.5701456706389952,1,0.5669630951625902,1,0.6129295441889862,1,0.3417056507006239,0,0.2641382799345015,0,0.7206605672836304,1
377,1,Silver,mid_value,0.6385853405731317,1,0.5933266313902444,1,0.6289652809357883,1,0.629337919422067,1,0.5844131455725596,1,0.6296757475384146,1,0.664272457209329,1,0.5589537620544434,1
378,0,Gold,high_value,0.23965472363713997,0,0.2376735675824303,0,0.5504321768932923,1,0.5566474095890301,1,0.5144693559234836,1,0.5797554764354519,1,0.571308412778829,1,0.8424161076545715,1
379,1,Bronze,low_value,0.3424788302142192,0,0.349841783263992,0,0.4073577740585146,0,0.4175530731723448,0,0.46878260764843593,0,0.4451432419907578,1,0.41171103297489803,1,0.5833337903022766,1
380,0,Gold,high_value,0.36393163297538933,0,0.3872266717914453,0,0.5333346599128747,1,0.5122345727561286,1,0.5481668073002443,1,0.4645572360055955,1,0.47279744466620505,1,0.7614253759384155,1
381,1,Bronze,low_value,0.36269043733247264,0,0.2622013697264067,0,0.3960085600884047,0,0.4478051991491796,1,0.46734148571752987,0,0.24725204690997818,0,0.23894851782605822,0,0.3362559974193573,1
382,0,Gold,high_value,0.24291433590523379,0,0.23967704319377897,0,0.5569229060257335,1,0.570839331474105,1,0.5144693559234836,1,0.6062887955050702,1,0.6050524789691007,1,0.8613139390945435,1
383,0,SME,mid_value,0.5174143323924448,1,0.5436809277439124,1,0.5986283865908324,1,0.5781838655674668,1,0.5869756606157402,1,0.6426875338964079,1,0.541433421123772,1,0.9338463544845581,1
384,0,Bronze,low_value,0.21192035511423063,0,0.21590751885385048,0,0.39279731866278206,0,0.3495615583848888,0,0.4811154141496159,0,0.317852360908715,0,0.3663166416754117,1,0.48754432797431946,1
385,0,Bronze,low_value,0.16994566961815877,0,0.06035112661544614,0,0.3380808665014061,0,0.347433117848718,0,0.40929095509227376,0,0.07606742931431452,0,0.18973914261561142,0,0.07256005704402924,0
386,0,Bronze,low_value,0.406841845388905,0,0.3920469947086953,0,0.45548937454654703,0,0.4761664217870283,1,0.49768950346290464,0,0.482111192206417,1,0.4890412365792428,1,0.5833675861358643,1
387,0,Gold,high_value,0.08899414635094012,0,0.11008861515689847,0,0.33330919395404196,0,0.33187527922588606,0,0.4753315379959574,0,0.13604680177042516,0,0.0875462427485075,0,0.024819450452923775,0
388,0,Platinum,high_value,0.4176504405873138,0,0.38427888514184333,0,0.5216580500462558,1,0.47652687761855594,1,0.566016919353571,1,0.4374243918521062,1,0.4504374389270227,1,0.33501020073890686,1
389,0,Gold,high_value,0.4579478057627387,0,0.4651737660014397,1,0.5065541755770556,1,0.5043838590995909,1,0.5091193521250089,1,0.5285063092652866,1,0.4738735021801011,1,0.5097083449363708,1
390,0,Bronze,low_value,0.3409052672987403,0,0.34206111491479907,0,0.3576347774766949,0,0.3486654359463741,0,0.4410676099090757,0,0.3895400600721302,1,0.3848474304336368,1,0.4642644226551056,1
391,0,Bronze,low_value,0.1714962037691903,0,0.15873550960798025,0,0.3066164668638125,0,0.33751829396754546,0,0.4096025789323212,0,0.17367626055144048,0,0.20802497881183543,0,0.29033201932907104,1
392,0,Bronze,low_value,0.33069920374333744,0,0.28233687202270674,0,0.3920135254278929,0,0.40538249065565746,0,0.43133662862823263,0,0.41424414331197507,1,0.3838713288316377,1,0.7475490570068359,1
393,0,SME,mid_value,0.5572802630839263,1,0.47022321692860447,1,0.4863924999193815,0,0.44984423810810875,1,0.545908019464543,1,0.43257744257366837,1,0.2301142852859024,0,0.47752276062965393,1
394,0,Bronze,low_value,0.21320925188342865,0,0.21423576078816697,0,0.4000681639894046,0,0.43431957855982317,0,0.4221078045531975,0,0.37387230800938354,1,0.2927058978491715,0,0.6186335682868958,1
395,0,Bronze,low_value,0.4163056817551791,0,0.42832074432188116,0,0.43789478433213425,0,0.3886474937216913,0,0.487770487853707,0,0.35928055310367746,1,0.3660304377033562,1,0.44011935591697693,1
396,0,Silver,mid_value,0.42285576849122325,0,0.39011678535463556,0,0.5293072652056449,1,0.522742926766832,1,0.5772929168496228,1,0.5548014635305077,1,0.4171351489073149,1,0.7101099491119385,1
397,0,Silver,mid_value,0.5318211059524655,1,0.482292087109552,1,0.4842917887088076,0,0.46475894655139877,1,0.5558631306545428,1,0.4764834031895375,1,0.5143446891962816,1,0.6076238751411438,1
398,0,Silver,mid_value,0.22569094467657191,0,0.2272651922926673,0,0.35222642251928593,0,0.3347607951544147,0,0.43077656219252514,0,0.27749642328288865,0,0.23057636026028502,0,0.32793450355529785,1
399,0,Silver,mid_value,0.21867479333106668,0,0.1696321715141089,0,0.33832889615547446,0,0.37055072730757616,0,0.4567304941018701,0,0.06754742516072484,0,0.08357778582472067,0,0.05853185057640076,0
400,0,Silver,mid_value,0.27006847883589746,0,0.36832529807375186,0,0.5040286824870989,1,0.4412215706598376,1,0.5156636964226167,1,0.4136996471217347,1,0.41941462918064076,1,0.7155802249908447,1
401,0,Gold,high_value,0.43914457233800924,0,0.5448735507336129,1,0.6287030279668854,1,0.65684926094873,1,0.57968419497862,1,0.6835290557667832,1,0.6872237893942507,1,0.8136324882507324,1
402,0,Platinum,high_value,0.34632688934634653,0,0.33745748471923437,0,0.5452341800761534,1,0.5165214703492281,1,0.5461918941784911,1,0.45201837315810484,1,0.4749731058118053,1,0.2178441435098648,1
403,0,Bronze,low_value,0.18244411099811766,0,0.15179517317580973,0,0.34145209854174396,0,0.39202273542007615,0,0.39741522932437967,0,0.3537744781748775,1,0.3899058445643406,1,0.2559092342853546,1
404,0,Silver,mid_value,0.4544123814091589,0,0.4921623898072313,1,0.5694492299361258,1,0.5563016452472893,1,0.5503471917610038,1,0.526083692869115,1,0.5197267178018313,1,0.8390608429908752,1
405,0,Gold,high_value,0.5058785569341009,1,0.540719900482019,1,0.5364039025148076,1,0.4821774985490583,1,0.586251903571217,1,0.347036560273979,0,0.4577035862420584,1,0.21697640419006348,1
406,0,Bronze,low_value,0.5761801004818103,1,0.6173630323071058,1,0.6128353621392221,1,0.5665555559454539,1,0.5573211503622345,1,0.5654206307077434,1,0.5300940713500353,1,0.7661084532737732,1
407,0,Gold,high_value,0.35965897455738494,0,0.3212007176930383,0,0.5398971966199926,1,0.4852674371780237,1,0.543395833722117,1,0.43537834008693566,1,0.4454178686289539,1,0.6207614541053772,1
408,0,Silver,mid_value,0.2568407745830795,0,0.2613237103171098,0,0.4256510047881251,0,0.3636531205373029,0,0.5340055430664604,1,0.44011822485075897,1,0.37123197223929,1,0.13349755108356476,0
409,0,Silver,mid_value,0.4929450530906782,0,0.4706430617045848,1,0.5484955537076246,1,0.5548546094558788,1,0.5539421958881812,1,0.596906494879405,1,0.6283957944709769,1,0.8557412624359131,1
410,0,Silver,mid_value,0.2600119422496632,0,0.3212589165728257,0,0.42783533762146275,0,0.42890492182713297,0,0.4951391517898494,0,0.33328682150503774,0,0.1967125828901607,0,0.034695517271757126,0
411,1,Platinum,high_value,0.09591166262342549,0,0.1680345274737113,0,0.5560157935016456,1,0.5529329117508568,1,0.4885010014911142,0,0.21298496389973073,0,0.21969001412066952,0,0.1651749163866043,1
412,0,Bronze,low_value,0.2837468972787261,0,0.2853179775110412,0,0.3590123645794233,0,0.358558765376812,0,0.44050254626772717,0,0.27516995592816773,0,0.3026333072005126,0,0.26093924045562744,1
413,0,Silver,mid_value,0.4537050754789956,0,0.38824554604050393,0,0.5755558334366537,1,0.5785213177451329,1,0.5369230582723916,1,0.5560234184392436,1,0.578805594834906,1,0.7884984612464905,1
414,0,Silver,mid_value,0.267156034705748,0,0.295867792854566,0,0.3936621768788238,0,0.38855274611620677,0,0.44050254626772717,0,0.4065352492011693,1,0.394860342880424,1,0.3245845139026642,1
415,0,Bronze,low_value,0.4613083854439694,0,0.45527684021466164,0,0.5681878935574621,1,0.5608535059411976,1,0.5568986898529105,1,0.6025177921788207,1,0.590617484260822,1,0.7942888140678406,1
416,1,Bronze,low_value,0.37236667126625417,0,0.3789072874687953,0,0.5214095202599782,1,0.5353738432562348,1,0.5023923842117229,1,0.5324477223494607,1,0.5417177309545018,1,0.5699613690376282,1
417,0,Bronze,low_value,0.19196141887921375,0,0.21655741050979702,0,0.34242611067076045,0,0.37536329656989653,0,0.41167335624566076,0,0.34049445026596314,0,0.28744513333711574,0,0.3183475732803345,1
418,0,Silver,mid_value,0.4316574832365248,0,0.36513086137030776,0,0.6048357375931073,1,0.5862287469395497,1,0.5316438985769845,1,0.5554318040059961,1,0.5561519563534236,1,0.716336190700531,1
419,0,Gold,high_value,0.47025266258302756,0,0.4206330589315855,0,0.6000760368587104,1,0.634389442908809,1,0.5522779078436967,1,0.610994913970741,1,0.5543801362861438,1,0.7136488556861877,1
420,1,Silver,mid_value,0.35280368051896244,0,0.3838650083160725,0,0.4778850888532496,0,0.4497046291130518,1,0.5215434796531491,1,0.38012008060201,1,0.4028199590154332,1,0.48466506600379944,1
421,0,Silver,mid_value,0.3660062975268838,0,0.3425576393820065,0,0.47021312616503635,0,0.4849565707623505,1,0.5468480293419038,1,0.46005918487226083,1,0.45339880136058275,1,0.678746223449707,1
422,0,Bronze,low_value,0.2814745344505557,0,0.2968901894330909,0,0.3840868308011492,0,0.394996477272656,0,0.4178395966996704,0,0.3744929074114451,1,0.4053063981779226,1,0.7697146534919739,1
423,0,SME,mid_value,0.4768325366160167,0,0.5435075800784498,1,0.5291062927551973,1,0.5168668234914832,1,0.5499260998561579,1,0.4357440713413452,1,0.20050887150833746,0,0.22090694308280945,1
424,0,Silver,mid_value,0.31640913059507014,0,0.29289463615747857,0,0.4671555825333553,0,0.4951563875472712,1,0.5144012080718274,1,0.4276905295069859,1,0.43089175166125543,1,0.1381208449602127,0
425,0,Silver,mid_value,0.3956522624865032,0,0.3601970362360267,0,0.4389008017745788,0,0.42755858541147485,0,0.513217887510868,1,0.345085285581154,0,0.3765672192893955,1,0.14309397339820862,0
426,0,SME,mid_value,0.5784693136608527,1,0.5959412536925507,1,0.587798932846314,1,0.587509821589148,1,0.5812260037227516,1,0.6133424782641419,1,0.5530635526806364,1,0.855783224105835,1
427,0,Silver,mid_value,0.43573321014599103,0,0.3980328345341935,0,0.5520824028926438,1,0.5679665029032679,1,0.5589868692225602,1,0.47598942617541057,1,0.40097408361134484,1,0.6853650808334351,1
428,0,Gold,high_value,0.46649413736659506,0,0.5924133992284698,1,0.6460105655228324,1,0.6018696075604417,1,0.6033293434607456,1,0.6141825622523421,1,0.6857210912171424,1,0.9066795110702515,1
429,0,Platinum,high_value,0.8999048312643498,1,0.8887692864031027,1,0.6277667469865993,1,0.6309102709881574,1,0.5913324752363609,1,0.4684725155212897,1,0.3021460817504232,0,0.5178399085998535,1
430,0,Gold,high_value,0.24241201284047334,0,0.33918751359080657,0,0.5806945833185427,1,0.5586930746071039,1,0.5966703499168243,1,0.5263249305588843,1,0.5713891324267937,1,0.802307665348053,1
431,0,Bronze,low_value,0.255162954918818,0,0.20538611356160963,0,0.40654582210705587,0,0.48713393690538853,1,0.44769110350640995,0,0.4516556721149121,1,0.45685807983981486,1,0.3351573050022125,1
432,0,Silver,mid_value,0.5138062168942827,1,0.48677813613008913,1,0.5024811956250592,1,0.4931423793152318,1,0.5326870821348523,1,0.5712017245129194,1,0.5040503051614037,1,0.40234196186065674,1
433,0,Silver,mid_value,0.302090434736838,0,0.33292916235831665,0,0.46954111977914065,0,0.47882916076358434,1,0.5492342326910622,1,0.4851484588648395,1,0.2523638029506039,0,0.3722335696220398,1
434,0,Iron,low_value,0.04729638132828757,0,0.06585235769980892,0,0.3131912537769551,0,0.3542503190488322,0,0.4391776110521371,0,0.2617269600322837,0,0.12889656943777295,0,0.05694916844367981,0
435,0,Bronze,low_value,0.32122476017418244,0,0.3046020339059687,0,0.4137713365464314,0,0.43030409351688087,0,0.4424397501230607,0,0.447604533320579,1,0.4408588977616386,1,0.8189586400985718,1
436,0,Silver,mid_value,0.39992168184087873,0,0.4135044528902356,0,0.5194710772171502,1,0.5564536211501228,1,0.5631478799090248,1,0.5922038462529511,1,0.5901846227815237,1,0.5527359247207642,1
437,0,Silver,mid_value,0.39918588652097864,0,0.3941070145285242,0,0.5190518051827104,1,0.5312128382852572,1,0.5210525741498039,1,0.43666517835119883,1,0.5030369829990718,1,0.3787619471549988,1
438,0,Silver,mid_value,0.5269440838281677,1,0.45175851120731575,0,0.5994930073489262,1,0.5898267013920035,1,0.5316438985769845,1,0.6149628994367137,1,0.5999920252226891,1,0.7865568995475769,1
439,0,Gold,high_value,0.3830305967684098,0,0.43351070303924477,0,0.5205584331133896,1,0.5233891423969255,1,0.5447286126437503,1,0.4780844858739178,1,0.4402671008412976,1,0.5497381091117859,1
440,0,Silver,mid_value,0.6956196470776427,1,0.7636110087523976,1,0.6294475193643272,1,0.5473992941177177,1,0.5793245272037619,1,0.5571375908567955,1,0.6654083293440913,1,0.7811145782470703,1
441,0,Bronze,low_value,0.20373317964768997,0,0.18081310551683066,0,0.3340285954887197,0,0.32749943446726243,0,0.40340498233460603,0,0.29266266685113385,0,0.32954998390021273,0,0.4614679217338562,1
442,0,Silver,mid_value,0.26478593215523133,0,0.30276088697753817,0,0.5384546271908751,1,0.5140174044092108,1,0.5224025585457859,1,0.4407640604674473,1,0.5233987448084176,1,0.6459429860115051,1
443,0,Platinum,high_value,0.49853502287779883,0,0.4966575447888331,1,0.607770003466406,1,0.6807091975327628,1,0.6057481450327445,1,0.6788543374381633,1,0.6254280473283681,1,0.687380850315094,1
444,0,Bronze,low_value,0.3853921680511631,0,0.3799353983320118,0,0.5151398633448585,1,0.5249739269682492,1,0.5043843423878024,1,0.44914403643004025,1,0.437047249265567,1,0.7950077056884766,1
445,0,Bronze,low_value,0.3193152872374731,0,0.3577995880936697,0,0.39600146221078164,0,0.3715309692654421,0,0.4405882894960052,0,0.3977989036618334,1,0.3443094660140381,1,0.7143682837486267,1
446,0,Bronze,low_value,0.17786101009674948,0,0.1994206919680895,0,0.280508886636546,0,0.26776874249719096,0,0.41205075143789216,0,0.16910425049492672,0,0.17997945870348966,0,0.14533546566963196,0
447,0,Gold,high_value,0.18206081628560497,0,0.1554089060501409,0,0.5135250886724629,1,0.5041088281815937,1,0.5571708621324089,1,0.22320151559419973,0,0.21421615921857162,0,0.08305009454488754,0
448,0,Iron,low_value,0.07761830816841644,0,0.130927425555486,0,0.3317216675802841,0,0.2983078795273943,0,0.4313534730456314,0,0.34997538315201815,0,0.3598503384142159,1,0.3932161033153534,1
449,0,Silver,mid_value,0.8072761316067373,1,0.7254048908480388,1,0.565091431385582,1,0.615093141187345,1,0.6059363275371994,1,0.584068162059672,1,0.3846225063503858,1,0.33389779925346375,1
450,0,Bronze,low_value,0.24496030238677208,0,0.21492336959964164,0,0.3929887842106771,0,0.3941202895969915,0,0.3961429886866508,0,0.37268484008961644,1,0.33098175401176305,0,0.7482675313949585,1
451,0,Bronze,low_value,0.16839888561379082,0,0.2064095479409831,0,0.33961645479463803,0,0.28264061203194624,0,0.41533848451673644,0,0.21845297519751533,0,0.26625195454462813,0,0.13911674916744232,0
452,0,Silver,mid_value,0.16841700475788332,0,0.23596060014762255,0,0.31387597321845395,0,0.2525945589398756,0,0.37726109266462327,0,0.15504992945725632,0,0.07438143837706783,0,0.013608771376311779,0
453,0,Bronze,low_value,0.14611224888785448,0,0.15872722567556816,0,0.28393073340743563,0,0.2285769653500916,0,0.37763886668950086,0,0.09417023648050211,0,0.05496019464074854,0,0.09747803211212158,0
454,0,Silver,mid_value,0.3557221015258245,0,0.31433705229195724,0,0.5398218458232154,1,0.5431673262910427,1,0.5356745467344421,1,0.5342132283971293,1,0.5406036876006071,1,0.6907104253768921,1
455,0,Gold,high_value,0.46318705618481926,0,0.4999331440425767,1,0.5472713175294861,1,0.5926223456297903,1,0.5413005411389091,1,0.5610235044269208,1,0.48118383364384765,1,0.7019253373146057,1
456,0,Gold,high_value,0.18096157593546083,0,0.2214573544283052,0,0.5251769943260525,1,0.561974466777729,1,0.5412760001045027,1,0.5695661047060555,1,0.5424288982946318,1,0.48289328813552856,1
457,0,Iron,low_value,7.590768903967205e-09,0,1.1796837538651487e-08,0,0.4099008222932528,0,0.40166766828384654,0,0.45292003274213544,0,0.21216703676488977,0,0.1757968588467232,0,0.11174260079860687,0
458,1,Gold,high_value,0.5287554501304962,1,0.5242595083429522,1,0.5831298688587284,1,0.5960083145555711,1,0.5616595459417344,1,0.5953951330599433,1,0.5972162511605231,1,0.9387766718864441,1
459,0,Gold,high_value,0.4976123983974515,0,0.5694220060898529,1,0.5068650193571433,1,0.5635294752156834,1,0.546346188510408,1,0.5720753523489759,1,0.5041767296708242,1,0.6402332782745361,1
460,0,Platinum,high_value,0.41407612214000156,0,0.45029397729470977,0,0.6056870221021186,1,0.6037282974585297,1,0.570027600634443,1,0.5800907187922714,1,0.5608539343905836,1,0.6237893104553223,1
461,0,Bronze,low_value,0.2650720961438078,0,0.2061870900450027,0,0.3959589909402338,0,0.4618422712398683,1,0.43987065053511676,0,0.32592270203515206,0,0.3201570209393757,0,0.5115194320678711,1
462,0,SME,mid_value,0.40271787753392946,0,0.332486069123297,0,0.5268893111518522,1,0.5315703032475205,1,0.5807557150036295,1,0.48957814019885887,1,0.4283551535287296,1,0.3807845115661621,1
463,0,Bronze,low_value,0.2181652164113708,0,0.19551917597692595,0,0.34023669335627393,0,0.3442335931134608,0,0.38586251412617895,0,0.2079989500358206,0,0.15080629961525377,0,0.13924993574619293,0
464,0,Bronze,low_value,0.35976794671577766,0,0.4008943508264574,0,0.45216662883635744,0,0.4551211297064106,1,0.4936034767751023,0,0.5101076738018541,1,0.17185644173776848,0,0.41991549730300903,1
465,0,Bronze,low_value,0.1789683882638704,0,0.1964412840114399,0,0.33898517947902795,0,0.26287985360830207,0,0.4212466138508625,0,0.09773193456933135,0,0.22113835010062943,0,0.24215590953826904,1
466,0,Bronze,low_value,0.3300672509255537,0,0.3131983532608109,0,0.38551555392341996,0,0.4037528038270481,0,0.4526764702859124,0,0.45155649526391406,1,0.41537850545850036,1,0.42455074191093445,1
467,0,Gold,high_value,0.2573408408706502,0,0.2576652572124825,0,0.5014194576003721,1,0.5384301362783716,1,0.5175952273050843,1,0.5011667388413539,1,0.49027814696448646,1,0.5475013256072998,1
468,0,Gold,high_value,0.5944476450191272,1,0.44558070772668207,0,0.4827595892748311,0,0.43142716724609814,0,0.5554483292664498,1,0.22688810112546426,0,0.18231821365742526,0,0.1603926420211792,1
469,1,Bronze,low_value,0.42489406578010547,0,0.36479527535557466,0,0.5124228064773031,1,0.5198026011097795,1,0.49861966035374844,0,0.4907163499515905,1,0.4944118538422613,1,0.2524701952934265,1
470,0,Bronze,low_value,0.09964815762977652,0,0.025803099928810587,0,0.3605757437155818,0,0.33912345998547094,0,0.39712783963193815,0,0.24951922095311307,0,0.2829847629681519,0,0.4116629660129547,1
471,0,Bronze,low_value,0.5062078579706483,1,0.45834624399982576,0,0.5007272330948208,1,0.5175004688988483,1,0.47192589620210584,0,0.5496524672063587,1,0.4673806189287069,1,0.746833860874176,1
472,0,Silver,mid_value,0.38525910712438605,0,0.3606932315941033,0,0.5004566259090554,1,0.5297921428104039,1,0.5091193521250089,1,0.47415040901496414,1,0.438433746108457,1,0.5355361700057983,1
473,0,Bronze,low_value,0.03863908922936361,0,0.03476425699591211,0,0.3412003657964784,0,0.38094632047730803,0,0.4308041394103837,0,0.056852086687963065,0,0.04401233826052485,0,0.08135958760976791,0
474,0,Silver,mid_value,0.6010625129660807,1,0.5851914050732835,1,0.6242970181402913,1,0.6288374969740871,1,0.5709370235818364,1,0.582554606333511,1,0.5749829252307145,1,0.7715232372283936,1
475,0,Bronze,low_value,0.3259844838597958,0,0.3491708010426613,0,0.4060487168621058,0,0.44056543304795986,1,0.46288182491660124,0,0.4336273112810626,1,0.3816261242201676,1,0.5744771361351013,1
476,0,Bronze,low_value,0.4403386385277155,0,0.3715256850010239,0,0.5671008296488194,1,0.5835292061473605,1,0.5400511542903851,1,0.5895135275531559,1,0.5539293296920103,1,0.7953774929046631,1
477,1,Silver,mid_value,0.334471521013205,0,0.2989264182861838,0,0.5506423623482328,1,0.5517027454508421,1,0.5400511542903851,1,0.5540024055224777,1,0.5545645610636115,1,0.7919171452522278,1
478,0,Bronze,low_value,0.3161273410960547,0,0.29689977965847925,0,0.3433644696387651,0,0.33976620107323396,0,0.3880312273257921,0,0.3545238151235953,1,0.33149544418422855,0,0.4326559603214264,1
479,1,Silver,mid_value,0.5496460308144823,1,0.5486033542699126,1,0.6125976610486394,1,0.5889608551646974,1,0.6320448329773951,1,0.49032508756099863,1,0.5131208459356725,1,0.5141400098800659,1
480,0,Silver,mid_value,0.4854357361512817,0,0.4595168211473861,0,0.5439205315942847,1,0.5285914694295681,1,0.5568986898529105,1,0.3837347033991553,1,0.5411693087203461,1,0.48645228147506714,1
481,0,Gold,high_value,0.29859949650093387,0,0.27605303586351787,0,0.5304907528339847,1,0.5305605087984963,1,0.5210525741498039,1,0.4128216739457847,1,0.4500461155931985,1,0.4516116976737976,1
482,0,Bronze,low_value,0.5975780033338673,1,0.6456180690691847,1,0.537436417114986,1,0.4957908214889719,1,0.5633263052822554,1,0.43252141893872365,1,0.4847483912280414,1,0.7842915654182434,1
483,0,Platinum,high_value,0.3959115556748464,0,0.47995098424953286,1,0.5099537693435032,1,0.5609353034139853,1,0.5564939277956518,1,0.5874363071303564,1,0.24174224521800183,0,0.40335702896118164,1
484,0,Bronze,low_value,0.35482540373852045,0,0.29945919841408253,0,0.3295276729714613,0,0.3294334219270346,0,0.41663054893096946,0,0.32170653827242723,0,0.34850434225529187,1,0.2567954659461975,1
485,0,Silver,mid_value,0.41864528011527563,0,0.36682202064563074,0,0.5645304254150213,1,0.5680034413679632,1,0.6235861515039026,1,0.5826017711898456,1,0.17263594133883134,0,0.35437917709350586,1
486,0,Bronze,low_value,0.29543849535239936,0,0.30809984895908044,0,0.28472480370388237,0,0.28347512944125486,0,0.42388160355717347,0,0.3132068827481192,0,0.32106802142895374,0,0.631984293460846,1
487,0,Platinum,high_value,0.46122377285376875,0,0.4472344493922199,0,0.5932042951259714,1,0.6133787195050614,1,0.5699811292455164,1,0.6307218430224216,1,0.5749611059009582,1,0.6709190607070923,1
488,0,Silver,mid_value,0.4101778824666635,0,0.4303979407683756,0,0.608869502396411,1,0.5906615434740412,1,0.5813131192178573,1,0.581556082868816,1,0.5947324894219841,1,0.7906675338745117,1
489,0,Bronze,low_value,0.3898358549577594,0,0.35857169235561087,0,0.39677977414729637,0,0.41169547834018677,0,0.42432328408914294,0,0.40749375797809934,1,0.45128553298983837,1,0.6882367730140686,1
490,0,Silver,mid_value,0.26019390125008734,0,0.26779966613533557,0,0.3741191089887355,0,0.4100483497260422,0,0.4684587295521318,0,0.40979855813126936,1,0.4059155376802341,1,0.3888985216617584,1
491,0,Bronze,low_value,0.2912519405210776,0,0.2973333960134195,0,0.32180913060506794,0,0.32337378514634785,0,0.4282569044472685,0,0.3794447166354765,1,0.45025922592520046,1,0.7430739402770996,1
492,0,Bronze,low_value,0.2905214952761506,0,0.2571468307111165,0,0.3418668034674124,0,0.32631496161693613,0,0.4178395966996704,0,0.4223315760097058,1,0.3967461806748138,1,0.6915624141693115,1
493,0,Bronze,low_value,0.23142652732921104,0,0.22500367890115672,0,0.310203812522143,0,0.2604119264683991,0,0.4052348400450638,0,0.3054182129887054,0,0.3345230883530342,0,0.2366485446691513,1
494,0,Gold,high_value,0.34613177903323933,0,0.42905777193964434,0,0.48046252250169735,0,0.5286453982695153,1,0.568742076736252,1,0.5410944576352464,1,0.45358703026700753,1,0.3796282708644867,1
495,0,Gold,high_value,0.8149799511160738,1,0.822246114714634,1,0.6323096487618208,1,0.6439521515462024,1,0.5871189719507542,1,0.41132608128870624,1,0.2179808100874334,0,0.5345637798309326,1
496,0,Bronze,low_value,0.3740479701475967,0,0.3548724164573739,0,0.49836507603040514,0,0.5132015036507239,1,0.48535916212710106,0,0.4978523204906195,1,0.44700497613461276,1,0.6489114165306091,1
497,0,Bronze,low_value,0.20010118326988097,0,0.17813595969438079,0,0.32979902542870304,0,0.3340823058079224,0,0.40340498233460603,0,0.325042110911768,0,0.3750529674457689,1,0.421846479177475,1
498,0,Gold,high_value,0.3930174991319554,0,0.3782191510945868,0,0.6597468958362566,1,0.6822875417133496,1,0.6112580696532256,1,0.3802157509705135,1,0.5722570018356211,1,0.43745750188827515,1
499,0,Platinum,high_value,0.4303768212833912,0,0.4157671658183586,0,0.5163412728203559,1,0.5424776203853897,1,0.5802330461424899,1,0.6248617293222803,1,0.5596179634963513,1,0.37423956394195557,1
500,0,Bronze,low_value,0.4581238845718023,0,0.39071311544115983,0,0.4994997878644287,0,0.5037935845169776,1,0.510276293977372,1,0.40097069714199396,1,0.41705563123978834,1,0.5698944330215454,1
501,0,Gold,high_value,0.2636001818439192,0,0.272436504980447,0,0.45652213900410926,0,0.46723271452129855,1,0.5348778833919473,1,0.466680157059128,1,0.4533762578663372,1,0.5532478094100952,1
502,0,Bronze,low_value,0.2830510427381991,0,0.29805156683155054,0,0.33854041797867673,0,0.2913517846909918,0,0.42104162638276393,0,0.3453709113632227,0,0.3530536395216413,1,0.39163342118263245,1
503,0,Bronze,low_value,0.28223948052634923,0,0.24330415331381225,0,0.37868780456959206,0,0.37918000612513064,0,0.3961429886866508,0,0.37293787343881873,1,0.36150405497754023,1,0.7912353873252869,1
504,0,Bronze,low_value,0.4903765847616371,0,0.5447041030525585,1,0.5490083153573929,1,0.48887350005681063,1,0.5593838474663124,1,0.3433485924009134,0,0.26348204703543826,0,0.44880130887031555,1
505,0,Bronze,low_value,0.5970530035996849,1,0.47555201448784007,1,0.3894590696322938,0,0.427679685059139,0,0.4917428838384656,0,0.44722067306681496,1,0.42328908099987306,1,0.24824459850788116,1
506,1,Silver,mid_value,0.5607604906815346,1,0.5379181071235826,1,0.5687244964491974,1,0.5809373034115421,1,0.57044751154722,1,0.5647161792831039,1,0.4722160378290371,1,0.8389041423797607,1
507,0,Bronze,low_value,0.3040891018353405,0,0.2315553999269707,0,0.3949745291789671,0,0.45990791670007697,1,0.46198095988732535,0,0.3216803798628797,0,0.32445880887716894,0,0.31690001487731934,1
508,0,Bronze,low_value,0.34538133982844643,0,0.33569127299950263,0,0.41989649482103486,0,0.4500170658915003,1,0.46268737985774716,0,0.46381691783560086,1,0.4628764870381992,1,0.6814702153205872,1
509,0,Bronze,low_value,0.2982084522744391,0,0.26432835135908034,0,0.3489691655133134,0,0.35670065094209613,0,0.4028722968168898,0,0.35021778170973733,1,0.3585286572941306,1,0.4806040823459625,1
510,0,Gold,high_value,0.5854428072076425,1,0.6302668265661977,1,0.6560270135966637,1,0.6246228445429778,1,0.6643860549094054,1,0.49186217674614624,1,0.42178563705689465,1,0.7779945731163025,1
511,0,Bronze,low_value,0.21006646059426687,0,0.18536165511247252,0,0.3492492343629657,0,0.34522137195411623,0,0.4086289860615754,0,0.39187348842588404,1,0.38330058574978004,1,0.5044644474983215,1
512,0,Platinum,high_value,0.4454316833787045,0,0.4815566798441201,1,0.5705340270499325,1,0.6042387490483652,1,0.5493564934530448,1,0.5925296921048815,1,0.5648682594924641,1,0.8081015348434448,1
513,0,Bronze,low_value,0.2909883922758184,0,0.3434935848449009,0,0.3554668624743431,0,0.3882156101559085,0,0.40898448191430026,0,0.35479099952083987,1,0.2798354956213463,0,0.3967181146144867,1
514,0,Bronze,low_value,0.3836473855495759,0,0.36330509832801333,0,0.49963141578037534,0,0.5249739269682492,1,0.49398643516417035,0,0.4930665065128717,1,0.43456019290969294,1,0.7972358465194702,1
515,0,Bronze,low_value,0.2013339459491405,0,0.209989485685159,0,0.38001579802185537,0,0.33809993858919024,0,0.41374131535631486,0,0.28662721895880283,0,0.37674152977979836,1,0.41307201981544495,1
516,0,Bronze,low_value,0.7005270863156087,1,0.6045355462326485,1,0.582371630899627,1,0.5668651298933581,1,0.5446986582795584,1,0.16478643997934647,0,0.5807094124240159,1,0.5189393758773804,1
517,0,Bronze,low_value,0.24014973280013185,0,0.22724063487105253,0,0.3927634005082683,0,0.4331961924307513,0,0.4205398420296735,0,0.4485897254717445,1,0.4228745228137044,1,0.6554054021835327,1
518,0,Silver,mid_value,0.2449929621101257,0,0.2887488593309903,0,0.462786998786767,0,0.4917406065030392,1,0.4761274039139094,0,0.479064296741957,1,0.3368585167563654,0,0.31776297092437744,1
519,0,Gold,high_value,0.44675025932024137,0,0.485764388894077,1,0.6219811680498795,1,0.6178446741815823,1,0.606663262579989,1,0.5987148581964792,1,0.6368859817647731,1,0.8452144265174866,1
520,0,Silver,mid_value,0.4313070318972845,0,0.38993775702052,0,0.5637586318488773,1,0.5786399281067883,1,0.5488268208164682,1,0.5120548315582292,1,0.4332850339238374,1,0.7254366278648376,1
521,0,Silver,mid_value,0.5122258618771615,1,0.5027241089672783,1,0.5992678226576781,1,0.6096355635665058,1,0.5813811851052829,1,0.6115809162905399,1,0.6423269221063633,1,0.5349388718605042,1
522,0,Bronze,low_value,0.38540834384937744,0,0.3851979335341871,0,0.35334896994888637,0,0.32903038394668227,0,0.41211629391988386,0,0.39582701432434153,1,0.3721842932862707,1,0.4078037440776825,1
523,0,Bronze,low_value,0.16320387048715276,0,0.1787853384795565,0,0.4043880900383671,0,0.36809187806196414,0,0.41835055496912066,0,0.4937407448375025,1,0.2827204914517334,0,0.38606497645378113,1
524,0,Silver,mid_value,0.39396713251210214,0,0.33924794575853007,0,0.4098521777501729,0,0.4057581089958561,0,0.4881710870729794,0,0.4701890521537264,1,0.24516932209995773,0,0.28612327575683594,1
525,1,Silver,mid_value,0.5374037663597281,1,0.49485968620909476,1,0.5124279631288888,1,0.5286842160925969,1,0.5481508907330651,1,0.5041562047193686,1,0.42525906803578584,1,0.7107088565826416,1
526,1,Platinum,high_value,0.3081273771648508,0,0.28227604189612726,0,0.5183231721569175,1,0.5481692598626591,1,0.5654779897966516,1,0.48573194175364354,1,0.5630545189567525,1,0.7035611867904663,1
527,0,Bronze,low_value,0.3668743045057673,0,0.30781436177929256,0,0.4711063860174353,0,0.4777697688794686,1,0.47192589620210584,0,0.44472484494658077,1,0.37228076698427054,1,0.9011147618293762,1
528,0,Platinum,high_value,0.5845432810263484,1,0.6295045149842966,1,0.6396159774921509,1,0.6791300627676246,1,0.5986707912341144,1,0.48391814380196013,1,0.5574879214164404,1,0.6876721382141113,1
529,0,Bronze,low_value,0.2261332346229083,0,0.18139832100900907,0,0.485682744088509,0,0.4865049540454798,1,0.48440572919249975,0,0.5345481753333001,1,0.5683072863322758,1,0.5795852541923523,1
530,0,Platinum,high_value,0.6349920978472418,1,0.6076054200721132,1,0.589007177971712,1,0.646519377456978,1,0.5950832324645707,1,0.6509799806641523,1,0.5840546685543789,1,0.6135015487670898,1
531,0,Bronze,low_value,0.473357219456974,0,0.4079009757181347,0,0.4969719295882355,0,0.4709700211865859,1,0.4864577152981969,0,0.5977515674680913,1,0.3505331611882363,1,0.41287168860435486,1
532,0,Bronze,low_value,0.024061051708842297,0,0.005386167255154927,0,0.4575689418177664,0,0.4516583474443081,1,0.4787762114354625,0,0.37791292105535546,1,0.4057352476963626,1,0.24462933838367462,1
533,0,Silver,mid_value,0.40246735658713795,0,0.3577667262533993,0,0.559052961532083,1,0.5691471525339906,1,0.5434608843810883,1,0.5030443792310191,1,0.541504474006301,1,0.7974269986152649,1
534,0,Platinum,high_value,0.39009115630397323,0,0.3829312190791289,0,0.585228203019562,1,0.5581209576491645,1,0.6097574935475708,1,0.30093317895382876,0,0.47951868947274456,1,0.5252750515937805,1
535,0,Silver,mid_value,0.36336205806545535,0,0.34854842379957796,0,0.5187403031551964,1,0.5331673262910427,1,0.519621537367248,1,0.44181448843233145,1,0.38356638766052775,1,0.5329444408416748,1
536,0,Silver,mid_value,0.40910525856604574,0,0.4137230084760161,0,0.49137773527691875,0,0.5191029239828302,1,0.5245691859063148,1,0.4983879431682656,1,0.4756951774798213,1,0.6389570236206055,1
537,0,Gold,high_value,0.4201793500079513,0,0.5390527075112342,1,0.5900903364461079,1,0.5612726327313592,1,0.5636112354349726,1,0.5606327730630225,1,0.556138390644268,1,0.7442595958709717,1
538,0,Bronze,low_value,0.10652678378357076,0,0.036778626728500755,0,0.34377065658206746,0,0.3523320724274805,0,0.4167169373546885,0,0.2844894599001491,0,0.26628770891039694,0,0.08082196861505508,0
539,0,SME,mid_value,0.5819502717276134,1,0.5190730629271794,1,0.5263786060387314,1,0.5626341420519454,1,0.5899789901931352,1,0.5399712012024709,1,0.5171413996819468,1,0.6640915870666504,1
540,0,Silver,mid_value,0.28079332845180754,0,0.2872816866813183,0,0.46146613046176455,0,0.49341696291220877,1,0.48535916212710106,0,0.48518501427912025,1,0.44648607730649376,1,0.5943536162376404,1
541,0,Gold,high_value,0.30474220171368127,0,0.28191822482574524,0,0.5199998607989386,1,0.520870201387504,1,0.49861966035374844,0,0.4902881877815492,1,0.48734252770781666,1,0.24231600761413574,1
542,0,Gold,high_value,0.34058256070694437,0,0.40979047770020305,0,0.49670897108458745,0,0.5047148741295859,1,0.5293546156882576,1,0.46665869740105964,1,0.4228171985567398,1,0.3365195095539093,1
543,0,Bronze,low_value,0.19489151114172082,0,0.22354948509650138,0,0.43027784887754783,0,0.41378962156595445,0,0.43434567239684724,0,0.45304616628503386,1,0.3911742432005166,1,0.29331445693969727,1
544,0,Silver,mid_value,0.30875171730092676,0,0.30807540616282153,0,0.4993643063669823,0,0.4906461252441284,1,0.5580532960732404,1,0.5072226784893821,1,0.5587438117543838,1,0.785443127155304,1
545,0,Bronze,low_value,0.4658561595963778,0,0.3627361851721765,0,0.3798442101915672,0,0.41585559684824086,0,0.48777783744006753,0,0.48023689302820466,1,0.4634889032920826,1,0.41547465324401855,1
546,0,Silver,mid_value,0.15155505639241873,0,0.21927534167096266,0,0.3732264013911174,0,0.40426098299369917,0,0.31292292878282135,0,0.11733796256287313,0,0.1947263400188975,0,0.03884265571832657,0
547,0,Bronze,low_value,0.3828557826357872,0,0.32007369464061347,0,0.5272889910908846,1,0.5236224278065127,1,0.49928682111505074,0,0.5851394989184349,1,0.5762026635525576,1,0.8223881721496582,1
548,0,Bronze,low_value,0.18593650472553347,0,0.1706657220857624,0,0.3177356808338329,0,0.3709861035874403,0,0.41167335624566076,0,0.3062384358773963,0,0.27855964406428924,0,0.23286190629005432,1
549,0,Bronze,low_value,0.4937105870501666,0,0.47698352264158095,1,0.4351182778682123,0,0.4344112845776121,0,0.5307962828865119,1,0.4657665151037358,1,0.40144636227122416,1,0.45253339409828186,1
550,0,Silver,mid_value,0.441178416599365,0,0.3855832341696944,0,0.5313057805634851,1,0.5637442117923116,1,0.5492938636367368,1,0.3974388415799125,1,0.3118365802368589,0,0.13874582946300507,0
551,0,Bronze,low_value,0.24593490259459508,0,0.22208824503759417,0,0.3544001191270897,0,0.35935042276719725,0,0.4138105338994345,0,0.41447022665356714,1,0.42931110232207154,1,0.7275670170783997,1
552,0,Bronze,low_value,0.27207218073332184,0,0.2356518971900192,0,0.3676082879330674,0,0.35633543553035024,0,0.3961429886866508,0,0.37762175926170505,1,0.35521672577440955,1,0.7912353873252869,1
553,0,Silver,mid_value,0.3548623995905625,0,0.36947766700894547,0,0.5453269544053911,1,0.5603373352627199,1,0.5316438985769845,1,0.5440956137849307,1,0.5523846924646841,1,0.8017185926437378,1
554,1,Silver,mid_value,2.956018320870545e-05,0,0.0012273268423362296,0,0.5377263725253649,1,0.5162490153126709,1,0.3815436873504908,0,0.17831580433252425,0,0.13634643805796653,0,0.2547925114631653,1
555,0,Gold,high_value,0.3091378600261212,0,0.37048537367481893,0,0.48588074881017584,0,0.5152573000204979,1,0.5302089220542539,1,0.505160471261562,1,0.36726786702930303,1,0.450248122215271,1
556,0,Bronze,low_value,0.45558492881838264,0,0.39338585677800175,0,0.32642231039236497,0,0.36750002894314887,0,0.494810505099417,0,0.40517826012650515,1,0.3411514745066578,1,0.3702165484428406,1
557,0,Iron,low_value,0.05920716289757857,0,0.10019350193517333,0,0.3785007218819375,0,0.355098055790118,0,0.483226821619111,0,0.3641114958660485,1,0.2037695854174027,0,0.227028489112854,1
558,0,SE,mid_value,0.7582188581706897,1,0.7480421587933057,1,0.6855598427899828,1,0.6442591481791741,1,0.6148047206198441,1,0.6368805463368522,1,0.5507714568003516,1,0.8300418257713318,1
559,0,Bronze,low_value,0.2721613815857266,0,0.28879219558742564,0,0.36224843787158106,0,0.3729174383165815,0,0.4178395966996704,0,0.37303506198488623,1,0.3999181206134826,1,0.721384584903717,1
560,1,Silver,mid_value,0.48542696573065436,0,0.4615752980749111,1,0.5899335471208378,1,0.5885285031741685,1,0.5678288944404285,1,0.5478868421395079,1,0.5942318398827142,1,0.7360959053039551,1
561,0,Gold,high_value,0.4533317978145851,0,0.41469371561368784,0,0.566422167309304,1,0.5277680528229779,1,0.6324919504257397,1,0.5103300788828118,1,0.17432658446680652,0,0.05153629928827286,0
562,0,Bronze,low_value,0.3360234793184628,0,0.33659873596927486,0,0.3551760642530135,0,0.3500362224632281,0,0.42100584982106454,0,0.353419476333374,1,0.337049066090843,0,0.1924041211605072,1
563,0,Bronze,low_value,0.4121320319517061,0,0.38480143500508707,0,0.3758769040117487,0,0.37505420707483245,0,0.4545574221705637,0,0.33871356327543306,0,0.3219554730468042,0,0.6214014291763306,1
564,1,Platinum,high_value,0.540788709986386,1,0.5200070643954249,1,0.4759934452437442,0,0.43391775934232596,0,0.5712150854862896,1,0.26628704735595055,0,0.37726557425092194,1,0.36740273237228394,1
565,0,Gold,high_value,0.10310597274690597,0,0.12479365145084263,0,0.4784150167892048,0,0.49211162115388446,1,0.4996213686634789,0,0.09797854713267229,0,0.07789826641903154,0,0.028750328347086906,0
566,0,Bronze,low_value,0.732750668851644,1,0.6903240174517781,1,0.5739783739199326,1,0.592959012547132,1,0.5589556752436888,1,0.6787682109158217,1,0.6569681444840145,1,0.8177566528320312,1
567,0,Bronze,low_value,0.29117215658614626,0,0.2569283328905289,0,0.38857909209250374,0,0.37001064351262875,0,0.4178395966996704,0,0.3854818026530553,1,0.38582571627240625,1,0.8661618828773499,1
568,0,Silver,mid_value,0.17390203569135348,0,0.2191327153908358,0,0.28188663367871103,0,0.2429617541206652,0,0.39925785957735943,0,0.1597130745151638,0,0.1584890344951584,0,0.06686856597661972,0
569,0,Silver,mid_value,0.28700065546192904,0,0.2884636641181764,0,0.389245507334264,0,0.41873603374696455,0,0.45805403911840853,0,0.39147054773554246,1,0.3956925598245793,1,0.5375072956085205,1
570,0,Silver,mid_value,0.32087874753634965,0,0.3297220642612594,0,0.3936482386051258,0,0.39721982677017353,0,0.5017919670718801,1,0.393470543647757,1,0.37874153081833706,1,0.37813347578048706,1
571,0,Bronze,low_value,0.2687738260781653,0,0.2911359409542956,0,0.38032111484294573,0,0.38140163927226944,0,0.4138105338994345,0,0.39580514917881426,1,0.37182185807555385,1,0.6608175039291382,1
572,0,Silver,mid_value,0.2950016032531305,0,0.28869808895845805,0,0.4748943302643891,0,0.4976285194861782,1,0.47192589620210584,0,0.5240781259132447,1,0.5056376554387376,1,0.7473850250244141,1
573,0,Bronze,low_value,0.1953360751028199,0,0.19399310854781318,0,0.31571258182355694,0,0.31417733963931943,0,0.3922570292290377,0,0.2514782430991912,0,0.22507888646405738,0,0.11085864156484604,0
574,0,Gold,high_value,0.49361617711440753,0,0.5365311506417269,1,0.5482751809007184,1,0.49984609988507084,1,0.5678288944404285,1,0.4045940439453177,1,0.44436821777974794,1,0.46937188506126404,1
575,1,Bronze,low_value,0.3012687174173208,0,0.2803105880441,0,0.37001599761605597,0,0.36751030570049786,0,0.42854728362217936,0,0.3960202077215801,1,0.4177420164002896,1,0.3158761262893677,1
576,0,SME,mid_value,0.15224019443972542,0,0.2202136234809365,0,0.44744894273540614,0,0.44111721492934053,1,0.4828021399454638,0,0.46611804098925214,1,0.47510577630021456,1,0.6457993388175964,1
577,0,Bronze,low_value,0.3731444027135004,0,0.43198275666592834,0,0.4836843899397893,0,0.46914819224957127,1,0.5514252678022109,1,0.5124186210901168,1,0.548949057674406,1,0.5912283062934875,1
578,0,Bronze,low_value,0.2482552788323248,0,0.2174719764574987,0,0.3929887842106771,0,0.3887793805060824,0,0.3961429886866508,0,0.37268484008961644,1,0.3405184935719487,1,0.7776902318000793,1
579,0,Silver,mid_value,0.40806100064865,0,0.38720135193978916,0,0.46408231956418594,0,0.4599104780349267,1,0.5481508907330651,1,0.4688439858063957,1,0.349138245993699,1,0.8644716143608093,1
580,0,Bronze,low_value,0.26755647177768727,0,0.2891169809224683,0,0.36691142864812826,0,0.3697956832931556,0,0.4178395966996704,0,0.4062724098665815,1,0.39028843376427047,1,0.7733016014099121,1
581,0,Bronze,low_value,0.4685837110417196,0,0.4272400312131419,0,0.5236322377353327,1,0.5215292904221375,1,0.5260906119812607,1,0.512826298879703,1,0.5191313332743012,1,0.6092166304588318,1
582,0,Bronze,low_value,0.22711577408194575,0,0.2035815555198107,0,0.2979433515267236,0,0.29567360930788644,0,0.4073654040918952,0,0.3298063878571847,0,0.33934070677575656,0,0.30112701654434204,1
583,0,Bronze,low_value,0.5217098087483927,1,0.4756756448068037,1,0.5751060360527922,1,0.590626149928749,1,0.5245691859063148,1,0.509251220640545,1,0.4636756249226906,1,0.6750657558441162,1
584,0,Silver,mid_value,0.45577831204259717,0,0.48012096145873506,1,0.5463595220154196,1,0.6012218284339871,1,0.5245691859063148,1,0.5503973993581681,1,0.5554037133757869,1,0.8521507978439331,1
585,0,Silver,mid_value,0.3666463777534793,0,0.326895206626681,0,0.499466192041187,0,0.5131506732305047,1,0.5360213787813488,1,0.5402940112675747,1,0.55210741595925,1,0.5464658141136169,1
586,0,Silver,mid_value,0.40609316023437436,0,0.42784208109840194,0,0.5096019508817524,1,0.5183503929515774,1,0.5374894159425878,1,0.4805904903366985,1,0.31929303074113863,0,0.09009227156639099,0
587,0,Bronze,low_value,0.2887456982292099,0,0.2203766941330587,0,0.4044846057901643,0,0.4823152883513708,1,0.46198095988732535,0,0.32586744542271706,0,0.32138859648552465,0,0.31690001487731934,1
588,0,Bronze,low_value,0.30275757037877266,0,0.25847648328372574,0,0.4423113434664427,0,0.43618539695356573,0,0.43707659291067535,0,0.49503294631120637,1,0.48934725903798165,1,0.7700856328010559,1
589,0,Silver,mid_value,0.37052036294764656,0,0.30610327351966254,0,0.581544218088986,1,0.5875975540439768,1,0.5210525741498039,1,0.5982140842768155,1,0.5943844596828702,1,0.8308735489845276,1
590,1,Silver,mid_value,0.3567639706807362,0,0.3551478296599515,0,0.516286658944566,1,0.5386179511158415,1,0.5746982283569755,1,0.5397471092591882,1,0.46847592486427136,1,0.3569621443748474,1
591,0,Platinum,high_value,0.579804197975352,1,0.6005865337392597,1,0.5251986981759681,1,0.6150227913562447,1,0.5823209786147717,1,0.6184451549724674,1,0.48845974566498246,1,0.7959727048873901,1
592,0,Silver,mid_value,0.4773876354558914,0,0.5275695180261327,1,0.6253031780622194,1,0.595009948065317,1,0.6301962087558189,1,0.5286260569385772,1,0.5800747826638896,1,0.5424495935440063,1
593,1,Bronze,low_value,0.31402608377475094,0,0.32640109994493693,0,0.3563892579057096,0,0.33614214481095245,0,0.40950387405228617,0,0.3669885385185185,1,0.3466740936203489,1,0.5232831835746765,1
594,0,Silver,mid_value,0.35673846836805695,0,0.3338710740261739,0,0.5220080495154269,1,0.5336540007029273,1,0.4945482644661518,0,0.40786006171567474,1,0.2976377796303294,0,0.7270652651786804,1
595,0,Silver,mid_value,0.39326437978458806,0,0.29667515205738537,0,0.42710252455681963,0,0.4479566601680273,1,0.5001710309296216,1,0.48497170449563487,1,0.3534470362938351,1,0.12892933189868927,0
596,0,Silver,mid_value,0.3185618272844886,0,0.3657859468258541,0,0.4415008323415265,0,0.4514942211334549,1,0.4856883166783684,0,0.3094908504282191,0,0.3479017197502674,1,0.06160769239068031,0
597,0,Silver,mid_value,0.4395731356535018,0,0.39106934686336225,0,0.5989016483164733,1,0.5802975878756673,1,0.5709370235818364,1,0.532898350334761,1,0.5256808570160745,1,0.7975749969482422,1
598,0,Platinum,high_value,0.001004488138202551,0,0.000940526752122771,0,0.5041564651263092,1,0.4613043120128809,1,0.5306590821132876,1,0.2890329548131235,0,0.3239810473360221,0,0.32376205921173096,1
599,0,Silver,mid_value,0.2007400501784431,0,0.21265254360192842,0,0.35961322404017193,0,0.2738947423587301,0,0.528910210940734,1,0.1871803840099594,0,0.36879310868532117,1,0.3119937777519226,1
600,0,Bronze,low_value,0.4054153225090366,0,0.3143563984643104,0,0.4925453104263678,0,0.5145906905913957,1,0.47507428092988846,0,0.48068569848338744,1,0.444688982234043,1,0.40884801745414734,1
601,0,Gold,high_value,0.4710066873892975,0,0.43865551882763587,0,0.54644078570257,1,0.4939689921830761,1,0.6284350666556842,1,0.46668070576643916,1,0.1911815005887231,0,0.04311557114124298,0
602,0,Bronze,low_value,0.190688169037985,0,0.208092553457663,0,0.34130137159699103,0,0.34648588885772824,0,0.44442702046777455,0,0.33899719230497055,0,0.4012784955479278,1,0.07486584782600403,0
603,0,Silver,mid_value,0.20703849338232724,0,0.213652930857098,0,0.39273135489677946,0,0.40688429811661125,0,0.4205398420296735,0,0.3533802857288682,1,0.3675163045602688,1,0.5419203042984009,1
604,0,Bronze,low_value,0.25439797588684754,0,0.22406159100664613,0,0.3819152109567471,0,0.3904925125024632,0,0.3922375208951643,0,0.33116013246912057,0,0.3596759933425519,1,0.650119960308075,1
605,0,Bronze,low_value,0.211720583947056,0,0.1865078660746992,0,0.35827612486386096,0,0.35747551438832964,0,0.4086289860615754,0,0.3964403016142729,1,0.40666462156051963,1,0.5634271502494812,1
606,0,Bronze,low_value,0.40500409837142654,0,0.3387004297480176,0,0.47871264193284085,0,0.4926873439512157,1,0.4802450643973339,0,0.5163282202822779,1,0.49266267585092255,1,0.718194842338562,1
607,0,Silver,mid_value,0.2971795188924791,0,0.31209761948205317,0,0.5408381202144502,1,0.5374628840717599,1,0.5299791582915593,1,0.5150744141054755,1,0.557486396738089,1,0.6513185501098633,1
608,0,Bronze,low_value,0.4005658193738601,0,0.33656853296767014,0,0.33554527685469715,0,0.34688446709041365,0,0.4548672043130929,0,0.25035229842740164,0,0.25556102444702955,0,0.29548409581184387,1
609,0,Bronze,low_value,0.2851016346908252,0,0.32792462650988957,0,0.3962398075791464,0,0.37778478746843647,0,0.4405882894960052,0,0.3999326842913854,1,0.31300499278691085,0,0.5327242016792297,1
610,0,Bronze,low_value,0.38463650342344435,0,0.32061881322739794,0,0.4991212718281347,0,0.5249739269682492,1,0.47192589620210584,0,0.48395909242685814,1,0.4230207573438986,1,0.8834115862846375,1
611,1,Gold,high_value,0.3799344440485532,0,0.4010947275802934,0,0.5630675195921145,1,0.5391524590225467,1,0.556637276833742,1,0.4802230822690935,1,0.4608436005557221,1,0.5532402396202087,1
612,0,Silver,mid_value,0.4154724448061856,0,0.409662520171183,0,0.5610985295084204,1,0.5860570069443842,1,0.5310833242558632,1,0.5198369585782839,1,0.26402280480671736,0,0.7818816304206848,1
613,0,Bronze,low_value,0.24026353829885153,0,0.21279913162179612,0,0.36330942758988066,0,0.3634889844987533,0,0.3922375208951643,0,0.3825322023854983,1,0.3682528367530451,1,0.7758060097694397,1
614,0,Bronze,low_value,0.2131551317423173,0,0.21079508862537083,0,0.3517905748800467,0,0.3458760666614223,0,0.3902485130589403,0,0.3533047731094931,1,0.2928773627664226,0,0.27044060826301575,1
615,0,Bronze,low_value,0.2781186848684746,0,0.2983984389374703,0,0.37105591700765567,0,0.3792774210304967,0,0.4178395966996704,0,0.4037408972996695,1,0.3899415368324262,1,0.7583504915237427,1
616,0,Bronze,low_value,0.257274923838304,0,0.221655380907437,0,0.32518929249147793,0,0.3223603668444119,0,0.38550802807114903,0,0.38735818086488705,1,0.3286720963402355,0,0.49948227405548096,1
617,0,Gold,high_value,0.5879173485328657,1,0.622582309384517,1,0.6483424723566441,1,0.5776104452728064,1,0.6425522942723232,1,0.619185400699971,1,0.43313274626491116,1,0.8233604431152344,1
618,0,Bronze,low_value,0.22555351595350984,0,0.22335203300678172,0,0.36418740301687125,0,0.35771878630375586,0,0.3928712000372235,0,0.2604122145034522,0,0.3060224069022723,0,0.5687264204025269,1
619,0,Bronze,low_value,0.24886718479430966,0,0.2712710634635478,0,0.3971321652623753,0,0.3887793805060824,0,0.4178395966996704,0,0.3839160517861098,1,0.4012645899496929,1,0.4265254735946655,1
620,0,Silver,mid_value,0.3559945185377641,0,0.36827881808794927,0,0.5342894807140308,1,0.5431673262910427,1,0.5356745467344421,1,0.5188007287946143,1,0.5182050915887669,1,0.5277577042579651,1
621,0,Gold,high_value,0.3463590575928936,0,0.3776691795792292,0,0.6303102784541822,1,0.624598743493368,1,0.5844131455725596,1,0.5907855547332045,1,0.6383248130835165,1,0.793692946434021,1
622,0,Bronze,low_value,0.3116017118736299,0,0.3295504537451799,0,0.3270276622863621,0,0.30882630601850414,0,0.42554966532042615,0,0.30003622968365357,0,0.35028632618852973,1,0.44784465432167053,1
623,0,Bronze,low_value,0.2142126949733587,0,0.25041720396916073,0,0.41063158079917444,0,0.39965646675035627,0,0.4206575366440135,0,0.24198676300216046,0,0.3232045855299064,0,0.51736980676651,1
624,0,Gold,high_value,0.33284926129173187,0,0.3316108779396807,0,0.5708970399585048,1,0.49336850937848736,1,0.6103212813053284,1,0.45411067433723007,1,0.2599276027880822,0,0.11039219796657562,0
625,0,Platinum,high_value,0.3787959970966971,0,0.3887738158872625,0,0.5660076167194901,1,0.6079933776414201,1,0.6043693271686094,1,0.635549914795629,1,0.5412351785509834,1,0.37063103914260864,1
626,0,Bronze,low_value,0.2873184178954245,0,0.27728317783747397,0,0.3673237516114743,0,0.37001064351262875,0,0.417415317980075,0,0.36553656441989557,1,0.37128727777242393,1,0.8083444237709045,1
627,0,Bronze,low_value,0.23366873977323477,0,0.21081868062507825,0,0.36929413243955334,0,0.37378141550355193,0,0.4143522888413619,0,0.34268296871278786,0,0.3456836096389651,1,0.5375062227249146,1
628,0,Silver,mid_value,0.5550862931095656,1,0.5111275984878523,1,0.5710707634566865,1,0.5485633114418994,1,0.556637276833742,1,0.4919587324945654,1,0.46712587789771026,1,0.3089837431907654,1
629,0,Gold,high_value,0.47474646759536243,0,0.49793168483827716,1,0.5840727782521662,1,0.5797979355738171,1,0.5761020254098759,1,0.5824325324218419,1,0.6149928137604309,1,0.8018755912780762,1
630,0,Bronze,low_value,0.4005076286405426,0,0.33058221958133815,0,0.5839400280382236,1,0.5978185682174673,1,0.5369230582723916,1,0.6150326716961131,1,0.6097899694148163,1,0.811561644077301,1
631,0,Silver,mid_value,3.0291057748558488e-06,0,9.31382262713739e-06,0,0.5004995138451007,1,0.4584343087305125,1,0.5188491837661038,1,0.06228239923170086,0,0.046384869228241615,0,0.027524666860699654,0
632,0,Bronze,low_value,0.17846837842251134,0,0.20364160500836434,0,0.3372225201880372,0,0.3322001189199338,0,0.4096025789323212,0,0.17254427793555524,0,0.1858254733904286,0,0.3779202401638031,1
633,0,SME,mid_value,0.6233223979595577,1,0.5780366441546404,1,0.6160847621964236,1,0.6515572968793993,1,0.6188660910081539,1,0.6958018896301041,1,0.6357509174232386,1,0.9123020172119141,1
634,0,Gold,high_value,6.841358615256658e-08,0,2.1472376565379626e-08,0,0.5134715808243715,1,0.5015580247315158,1,0.5187544286942862,1,0.24502929989019287,0,0.31132142550780667,0,0.12480973452329636,0
635,0,Silver,mid_value,0.0011878945165218174,0,0.00217055565656996,0,0.5859598086948384,1,0.6024097978659655,1,0.5713680155311295,1,0.28837291995906433,0,0.19539433048283553,0,0.03891962766647339,0
636,0,Silver,mid_value,0.3267215465397835,0,0.318311329765185,0,0.5055955841721014,1,0.5606584166051855,1,0.5175952273050843,1,0.5366535229465408,1,0.4314223896611382,1,0.4344046711921692,1
637,0,Gold,high_value,0.573437821306724,1,0.6227340433046035,1,0.5854795058522192,1,0.5905603561652802,1,0.5700072969734744,1,0.5938788578468007,1,0.6087520437608956,1,0.5278838872909546,1
638,0,Silver,mid_value,0.29865173578694826,0,0.370414023424357,0,0.5342223849507408,1,0.5466230419948532,1,0.5206459966128814,1,0.5329749958334613,1,0.5658132064776551,1,0.7383997440338135,1
639,0,Silver,mid_value,0.23582846070652505,0,0.23220661334481651,0,0.45442512991293377,0,0.48688217957428803,1,0.4863372548289722,0,0.5313755528267815,1,0.4874698099554646,1,0.6403530240058899,1
640,0,Gold,high_value,0.21961309072522567,0,0.26811660116783154,0,0.5463250277654051,1,0.5383142970067236,1,0.5440650661775429,1,0.4877741525310245,1,0.5028005413940594,1,0.784530758857727,1
641,0,Gold,high_value,0.43316249277474694,0,0.4422655216042788,0,0.48099146287183403,0,0.5133724884256498,1,0.519621537367248,1,0.4978613356306966,1,0.2436652894779019,0,0.28299012780189514,1
642,1,SME,mid_value,0.3844954193277239,0,0.4487341264038421,0,0.5469453385599568,1,0.5493749111001438,1,0.5512202089395575,1,0.5302701397227522,1,0.5272262446697318,1,0.6295791268348694,1
643,0,Bronze,low_value,0.22897757749266778,0,0.2527265937643722,0,0.3760770780269581,0,0.36786492936125936,0,0.4143522888413619,0,0.281943255872132,0,0.32573926740878334,0,0.4936944842338562,1
644,0,Bronze,low_value,0.18715730382154344,0,0.21483912262155683,0,0.37585923693592244,0,0.3497921603135083,0,0.410323226041126,0,0.21069611446329886,0,0.21433354046864372,0,0.17060577869415283,1
645,0,Bronze,low_value,0.2758523422756174,0,0.21612277434617036,0,0.361430293376557,0,0.38273094570926036,0,0.4318941372404098,0,0.34675690817488897,0,0.30895798922783846,0,0.3851833641529083,1
646,0,Bronze,low_value,0.30534144130603624,0,0.2580250483348172,0,0.34466611705990535,0,0.36717016964607607,0,0.44050254626772717,0,0.42121799800853,1,0.41866731187992934,1,0.25810617208480835,1
647,0,Bronze,low_value,0.18460802077909924,0,0.20302179261482098,0,0.2900294054452002,0,0.2726288384635932,0,0.4116705380429752,0,0.1349009885898728,0,0.21583733444181238,0,0.24682362377643585,1
648,0,Bronze,low_value,0.17626426958178423,0,0.1799998726258608,0,0.4019562624194811,0,0.3011409757185122,0,0.48135830466824225,0,0.2916914100651482,0,0.1433663925062146,0,0.5067709684371948,1
649,0,Bronze,low_value,0.4809456058364129,0,0.4706005093273159,1,0.5143482375450791,1,0.5385563051338548,1,0.5360213787813488,1,0.5536390657780055,1,0.5237681432933395,1,0.5385056734085083,1
650,0,Bronze,low_value,0.23073575830628162,0,0.2586531919893032,0,0.31028672378556804,0,0.3002131360812962,0,0.42735878764738056,0,0.2968613550733542,0,0.33021262540103624,0,0.2476038634777069,1
651,0,Bronze,low_value,0.17748375891845142,0,0.20182501132725203,0,0.40245357317385133,0,0.4126977701301967,0,0.410323226041126,0,0.42582533334296374,1,0.3823463063606115,1,0.4822254180908203,1
652,1,Bronze,low_value,0.28169037961064936,0,0.29556998516904315,0,0.36871568425710066,0,0.3733466727917973,0,0.43797104131071274,0,0.3632152588502427,1,0.4284109589464813,1,0.5314136147499084,1
653,0,Bronze,low_value,0.32613356612770616,0,0.337763337719568,0,0.49505813904908824,0,0.4871181681271463,1,0.5001888885494563,1,0.4410413224911048,1,0.49985114920463486,1,0.3036549985408783,1
654,0,Silver,mid_value,0.2974667818509055,0,0.31152665020945036,0,0.4388102704708249,0,0.4349857248693423,0,0.501771288278218,1,0.3263419418560702,0,0.2736888497777938,0,0.15693138539791107,0
655,0,Bronze,low_value,0.3289535073422898,0,0.3277350572983125,0,0.41617121533324825,0,0.43171982645362056,0,0.4634044082160087,0,0.42799152615792446,1,0.4912421007737779,1,0.8851866126060486,1
656,0,Lead,low_value,0.0867544886080775,0,0.12147321242931623,0,0.3414996474996388,0,0.35478842049643605,0,0.4758128573186939,0,0.30507179256066724,0,0.0801282434767796,0,0.02851065993309021,0
657,0,Silver,mid_value,0.41069448827880345,0,0.45991055415647586,0,0.5344223002501937,1,0.5202630939435149,1,0.5470251128916158,1,0.49799783655181173,1,0.5298663836896346,1,0.6883513927459717,1
658,0,Gold,high_value,0.35106540154815663,0,0.39558330659946395,0,0.537343931319744,1,0.51329544575246,1,0.5568986898529105,1,0.4248663913410904,1,0.5211436528158598,1,0.11534401029348373,0
659,0,SME,mid_value,0.19987641095304698,0,0.23110156835446544,0,0.3650560682579759,0,0.36824877463172906,0,0.4387683809679289,0,0.27258682387487326,0,0.19900559945882093,0,0.1487732231616974,0
660,0,Silver,mid_value,0.364841634160903,0,0.3570758050666779,0,0.37695396774083006,0,0.3732324262696134,0,0.5094163624284334,1,0.4072437261736368,1,0.4662245235460527,1,0.7011385560035706,1
661,0,Gold,high_value,0.505466367947973,1,0.5628281021291061,1,0.5392468636296438,1,0.6013278789937061,1,0.5838329739283022,1,0.611240675847888,1,0.5547934936699253,1,0.7927291393280029,1
662,0,Bronze,low_value,0.4402517089152623,0,0.4242268091813654,0,0.5009639639187735,1,0.49411770422329676,1,0.5401528649570708,1,0.5467332885633324,1,0.5538670479139375,1,0.7484880089759827,1
663,0,Bronze,low_value,0.16024509798325284,0,0.18683454412536124,0,0.35976746648266583,0,0.36154313557931955,0,0.40825244872778643,0,0.19681154682187044,0,0.18232952401594185,0,0.3621535003185272,1
664,0,Bronze,low_value,0.2044924093264786,0,0.19726719200307186,0,0.4274925564490183,0,0.4364293136557298,0,0.4076363234270202,0,0.42493388052913206,1,0.47859073948285313,1,0.5610406398773193,1
665,0,Bronze,low_value,0.3687361814004463,0,0.3339385747041118,0,0.3816545431121002,0,0.42866022960810823,0,0.4451223815044528,0,0.3130087401551748,0,0.357741815775573,1,0.7599387764930725,1
666,0,Gold,high_value,0.7013598667153872,1,0.774066520578377,1,0.5649581528603482,1,0.5575161348267921,1,0.5636112354349726,1,0.5940779755183313,1,0.5393840576868624,1,0.5427513122558594,1
667,0,Bronze,low_value,0.5320166592021244,1,0.4751874890463635,1,0.45439665067531143,0,0.49094440550593244,1,0.5317922871718607,1,0.5223069825856739,1,0.48363306017829794,1,0.33574679493904114,1
668,0,Bronze,low_value,0.47268009056888594,0,0.3661138116127742,0,0.4591335420088026,0,0.5166344732026077,1,0.47146020193521976,0,0.3517276233934842,1,0.40675621218643637,1,0.4526505172252655,1
669,0,Bronze,low_value,0.2614149741091038,0,0.23459307813839442,0,0.3775411453218389,0,0.35499387905984636,0,0.4138105338994345,0,0.32702919161613686,0,0.4040226371070042,1,0.5888697504997253,1
670,0,Platinum,high_value,0.5391568540168166,1,0.5911003297298822,1,0.6561866001567079,1,0.6332645182001904,1,0.6679464815433622,1,0.653079604743125,1,0.6812370631527974,1,0.8467803001403809,1
671,0,Bronze,low_value,0.42221596260002103,0,0.3741255261051929,0,0.41974372801922366,0,0.4255506713309678,0,0.45550113219906796,0,0.46245604144384306,1,0.39988573189814663,1,0.4741024672985077,1
672,0,SME,mid_value,0.7707816192467711,1,0.725730006698375,1,0.6465078943965493,1,0.6267514550561469,1,0.5982120330424167,1,0.4157339376721638,1,0.22501861873531995,0,0.5422911643981934,1
673,0,Gold,high_value,0.487602701260091,0,0.4777210882165698,1,0.5455897887834912,1,0.5805432647685752,1,0.5457004584960163,1,0.5608177403087555,1,0.5627644360247908,1,0.5152456164360046,1
674,0,Gold,high_value,0.2651724444994547,0,0.28379747114134035,0,0.4997786247639442,0,0.5398427780396213,1,0.5126594732671726,1,0.5228640222112414,1,0.5362405394623213,1,0.5916216969490051,1
675,0,Silver,mid_value,0.23049420441114193,0,0.2020868455740094,0,0.42256334007391066,0,0.47024399300272746,1,0.46782615979056674,0,0.4832123544475843,1,0.38887056458963426,1,0.34146848320961,1
676,0,Bronze,low_value,0.22742534945556647,0,0.23223626252612026,0,0.35676411951732495,0,0.36230866842588527,0,0.39384539046470063,0,0.21001261104028549,0,0.1747435555648731,0,0.5502623915672302,1
677,0,Platinum,high_value,0.4420975867891336,0,0.5256088423021958,1,0.5719581171570204,1,0.5665137319384873,1,0.5634251974341083,1,0.5935983283043479,1,0.576011889735843,1,0.8716429471969604,1
678,0,Silver,mid_value,0.155961873671929,0,0.16351549832132173,0,0.3140729511672921,0,0.37081370228191174,0,0.3854384995132401,0,0.35193307284051645,1,0.20865377879834715,0,0.2855891287326813,1
679,1,Bronze,low_value,0.6179183371208822,1,0.5517708732975583,1,0.5669630511252904,1,0.5676572643539651,1,0.5203536075392118,1,0.6578342073238108,1,0.4783194023108532,1,0.6633626222610474,1
680,0,Silver,mid_value,0.2957911846329298,0,0.3171989209223499,0,0.38077598185357453,0,0.4027212560127769,0,0.5048595883328315,1,0.4042772744239773,1,0.4278129277771915,1,0.43806159496307373,1
681,0,Bronze,low_value,0.2968878454080523,0,0.26132556005144947,0,0.3873669708803826,0,0.3617985223005076,0,0.4178395966996704,0,0.3869673505858443,1,0.3891614514873401,1,0.8648889660835266,1
682,0,Bronze,low_value,0.4321493701872906,0,0.36635232695392334,0,0.5510518513091142,1,0.5484201280202451,1,0.5247477377355827,1,0.5788416745517123,1,0.5158136427997592,1,0.8439465165138245,1
683,0,Bronze,low_value,0.26578346844184886,0,0.27181211299627744,0,0.35039850477075013,0,0.3601692445665392,0,0.4117286183316023,0,0.3700815425911509,1,0.36593109755574266,1,0.714652955532074,1
684,0,Bronze,low_value,0.367785225001635,0,0.3687449614401242,0,0.4938662205586284,0,0.5045247144431941,1,0.49398643516417035,0,0.5302047768558709,1,0.5082052500466133,1,0.6490529179573059,1
685,0,Bronze,low_value,0.5731779641756914,1,0.44094351168009915,0,0.49860601952276246,0,0.5409458192240499,1,0.4612194450963528,0,0.5332603503302862,1,0.493143602220439,1,0.700725257396698,1
686,0,Silver,mid_value,0.4318068577523774,0,0.37645619330048397,0,0.577704546748082,1,0.5739365991300793,1,0.5777744141353933,1,0.6153046237048224,1,0.5792415424773656,1,0.7132499814033508,1
687,0,Silver,mid_value,0.4333886025772102,0,0.45285440329164467,0,0.5911059878670518,1,0.5588724965659767,1,0.5881414709520462,1,0.5886211943222186,1,0.5793180340783305,1,0.8212310075759888,1
688,0,Platinum,high_value,0.3181682633523892,0,0.38040245803107614,0,0.6287532526375964,1,0.6142812250809268,1,0.5972162956177547,1,0.6426843486703547,1,0.6415953698079454,1,0.544556200504303,1
689,0,Bronze,low_value,0.36158603490789615,0,0.38234369659679635,0,0.3685670152214261,0,0.3619484660297788,0,0.43480562499276115,0,0.3962288988104978,1,0.383428232700193,1,0.46150240302085876,1
690,0,Iron,low_value,0.060932194138476364,0,0.10937681331921834,0,0.35135701104105366,0,0.36115584914212495,0,0.43797104131071274,0,0.36039938986035186,1,0.39831838666424585,1,0.5811296105384827,1
691,0,Silver,mid_value,0.08270349281552801,0,0.06568030580668223,0,0.5046329879526289,1,0.4963060122659196,1,0.5196541192276509,1,0.46562004064619866,1,0.4875666699951464,1,0.6025660037994385,1
692,0,Bronze,low_value,0.1875802244704111,0,0.20554543261063343,0,0.45538466240573605,0,0.5144532951093629,1,0.4278253617452271,0,0.5462104337057652,1,0.521780063194907,1,0.36777040362358093,1
693,0,Bronze,low_value,0.6292137547388077,1,0.599652303571971,1,0.6262588732447779,1,0.6235089994719485,1,0.6007121077138899,1,0.572115418800066,1,0.6254068236245803,1,0.6565321087837219,1
694,0,Bronze,low_value,0.5045188501936744,1,0.447967320962017,0,0.4576531049357786,0,0.40901468986496775,0,0.5313466128198988,1,0.44656606270629207,1,0.37147723105020153,1,0.2779383659362793,1
695,0,Bronze,low_value,0.4575462174246664,0,0.494914972163657,1,0.5378004115058058,1,0.541161120450622,1,0.5424154265714678,1,0.5141454307630199,1,0.26138391491704477,0,0.6711702346801758,1
696,0,Bronze,low_value,0.35828633405321003,0,0.4320472286932963,0,0.46739112346558115,0,0.42137925236873314,0,0.5170728335854511,1,0.3963370569607366,1,0.43270010484587174,1,0.7464553117752075,1
697,0,Silver,mid_value,0.4706900996833938,0,0.40655000263273994,0,0.6149413900863895,1,0.6272925163617916,1,0.5398133516198718,1,0.5866852424184892,1,0.5951531999708323,1,0.8337492346763611,1
698,0,Bronze,low_value,0.0713436517137986,0,0.04011510641566921,0,0.3607883756517184,0,0.3828218021811021,0,0.3957571495273367,0,0.2591008707524525,0,0.21227610024529553,0,0.45440229773521423,1
699,0,Platinum,high_value,0.5141729115859434,1,0.5644703583688111,1,0.7308708055378755,1,0.7376058997560412,1,0.6394849415133805,1,0.699263666004132,1,0.7353766626479752,1,0.9465128183364868,1
700,0,Gold,high_value,0.35199127054706025,0,0.38867243921545497,0,0.5694406278923048,1,0.5547841624623203,1,0.5966703499168243,1,0.5576933547195245,1,0.5956459467779176,1,0.8194467425346375,1
701,0,Silver,mid_value,0.29325640460583463,0,0.3139717334263093,0,0.489673585705591,0,0.5107897832292891,1,0.49398643516417035,0,0.5227565431514228,1,0.5202088182427635,1,0.7425073981285095,1
702,0,Platinum,high_value,0.5224980321986106,1,0.5472103141289549,1,0.5381497970059779,1,0.6504394606538831,1,0.5783957807053833,1,0.44571113587574857,1,0.40395050871039867,1,0.6715847253799438,1
703,0,Bronze,low_value,0.31222165272480695,0,0.26957431361752027,0,0.3706725509230017,0,0.3752699546312431,0,0.4028722968168898,0,0.33935289220999315,0,0.3431695443520517,1,0.6513190865516663,1
704,0,Silver,mid_value,0.5420776929701178,1,0.3951253289563109,0,0.43592773866126316,0,0.4784040063449641,1,0.530672204440914,1,0.4076921451316097,1,0.2564742660637384,0,0.09554287791252136,0
705,0,Iron,low_value,0.028852912045317928,0,0.013247806734979663,0,0.3120768271157178,0,0.2837919122348276,0,0.3903484590284843,0,0.051819129367754777,0,0.07710125444659195,0,0.037520285695791245,0
706,0,Gold,high_value,0.4000710483053997,0,0.3255574729151619,0,0.4762329701087716,0,0.4646972426874219,1,0.5734451798876146,1,0.15263739680889868,0,0.4314621216186698,1,0.34020519256591797,1
707,0,Silver,mid_value,0.46400794750155444,0,0.4628472388948654,1,0.6329702953109831,1,0.6252071904827676,1,0.5592921274531139,1,0.5739197804535572,1,0.6323840667889365,1,0.8826639652252197,1
708,0,Bronze,low_value,0.32283326701061216,0,0.27047106670425103,0,0.3974737062528634,0,0.4498548962846188,1,0.46564292331058654,0,0.38536673009939515,1,0.31942407244638843,0,0.31056299805641174,1
709,0,Silver,mid_value,0.41603698495369296,0,0.41489406389986905,0,0.5348445588154993,1,0.5419666221210246,1,0.5503471917610038,1,0.5332861993981094,1,0.5363059322065842,1,0.7161149978637695,1
710,0,Bronze,low_value,0.3339418932170693,0,0.31946347745782067,0,0.4883892812849036,0,0.45313649021604496,1,0.47031112880523607,0,0.4595440418738774,1,0.39093688066873444,1,0.5948107242584229,1
711,0,Bronze,low_value,0.4040075179429916,0,0.3343011033153496,0,0.5141586067880849,1,0.5242124745525162,1,0.47192589620210584,0,0.5419066980123683,1,0.5055395315707109,1,0.8783361315727234,1
712,0,Gold,high_value,0.35845534764117193,0,0.39803395298295374,0,0.5648716641463707,1,0.5694991859697303,1,0.5777744141353933,1,0.5771144098699883,1,0.5552485528412122,1,0.6015604734420776,1
713,0,Silver,mid_value,0.20102520571875837,0,0.22352929022739473,0,0.36395942785356994,0,0.3565349819239972,0,0.4468158893539358,0,0.24829992354935487,0,0.3075602345120608,0,0.21405552327632904,1
714,0,Bronze,low_value,0.17677796917226646,0,0.16457970660236168,0,0.3193312409524327,0,0.38052826079147983,0,0.410323226041126,0,0.3445372549822146,0,0.29281388108039574,0,0.190761998295784,1
715,0,Gold,high_value,0.24355561338993817,0,0.2907761459293833,0,0.5101475890076231,1,0.5072680487234025,1,0.5777744141353933,1,0.526380047987768,1,0.5262255937163726,1,0.39256706833839417,1
716,0,Bronze,low_value,0.2825029264451562,0,0.2440593702152972,0,0.40898241871128227,0,0.4144828488965357,0,0.4607812675752606,0,0.2777916595934542,0,0.2073116134649934,0,0.41499418020248413,1
717,0,Gold,high_value,0.8029134885726267,1,0.8186529307684525,1,0.6704782848207576,1,0.703692387589798,1,0.6212344259041245,1,0.6804117525397613,1,0.6426371958625736,1,0.8733812570571899,1
718,0,Bronze,low_value,0.38115306360445306,0,0.36053706036206773,0,0.48155929764975497,0,0.5017566756900496,1,0.48535916212710106,0,0.5086026531751376,1,0.4578169140721053,1,0.6547670960426331,1
719,0,Bronze,low_value,0.4228272062337414,0,0.39220416034479355,0,0.5672358722621553,1,0.5923137100028891,1,0.5316438985769845,1,0.5698779019589135,1,0.5545269066632326,1,0.7889298796653748,1
720,1,Bronze,low_value,0.14081103622411828,0,0.1294856530682596,0,0.2931897820758723,0,0.32826134572496124,0,0.4140374047802366,0,0.22171356686194443,0,0.30496034147457757,0,0.1303844153881073,0
721,0,Gold,high_value,0.28208607803222585,0,0.3064843126685443,0,0.5426108327896542,1,0.5582010552850513,1,0.5692125946195514,1,0.5083617041810677,1,0.2249750580317499,0,0.31248950958251953,1
722,0,Silver,mid_value,0.2675172787734396,0,0.31924550649993005,0,0.37013443758168046,0,0.3623010415391358,0,0.48519854544831037,0,0.42151644631411345,1,0.35708718325067346,1,0.20858338475227356,1
723,0,Bronze,low_value,0.2983455491623833,0,0.2512619717607188,0,0.32405762855752035,0,0.3393478682161627,0,0.39941591614778854,0,0.29954918101413897,0,0.27942288083909766,0,0.4334928095340729,1
724,0,Gold,high_value,0.9048410940153313,1,0.8830237005652497,1,0.6362413732908931,1,0.6433021910491012,1,0.44874637094791103,0,0.2271355826442655,0,0.13913615216197187,0,0.26111432909965515,1
725,0,Bronze,low_value,0.287716318427981,0,0.2484377897513386,0,0.3369803785452568,0,0.31856501933392994,0,0.4068922901929145,0,0.3226735881599435,0,0.35010731093889347,1,0.6438894867897034,1
726,0,Bronze,low_value,0.1984400825219595,0,0.1988982226211019,0,0.3908810251255014,0,0.3154769022025188,0,0.47269610065005185,0,0.3077026537998951,0,0.15366338108872493,0,0.1718522161245346,1
727,0,Bronze,low_value,0.23124508733280155,0,0.24331886637745864,0,0.34074007539494017,0,0.3686758612140194,0,0.425290463296853,0,0.3160528315146699,0,0.3377510669910488,0,0.6047840714454651,1
728,0,Bronze,low_value,0.2074996140594794,0,0.23980092892210517,0,0.3788630371827809,0,0.3579419155277458,0,0.43166673980114617,0,0.32003665415487215,0,0.35021497130275764,1,0.32649651169776917,1
729,0,Bronze,low_value,0.40905681821136786,0,0.3531502302408901,0,0.45558712121331396,0,0.471155970542906,1,0.47353674427159814,0,0.45731818723024553,1,0.43510582486788096,1,0.7304840087890625,1
730,0,Bronze,low_value,0.2636309554088098,0,0.25956073289689424,0,0.3099540260397131,0,0.323813670822241,0,0.39552881787846506,0,0.35655832612467064,1,0.1553608020468227,0,0.1442757397890091,0
731,0,Bronze,low_value,0.2902677422612656,0,0.3026638304766908,0,0.3028014384755414,0,0.2924150043811297,0,0.41346429580957533,0,0.3247799928568525,0,0.3359473739257453,0,0.5289963483810425,1
732,0,Gold,high_value,0.39798425600766935,0,0.33550369357296383,0,0.5106723424592325,1,0.4969524437273,1,0.5587907482141625,1,0.4320377948621841,1,0.5421997905689053,1,0.3641739785671234,1
733,0,SME,mid_value,0.4497969052433331,0,0.44330378569130924,0,0.576707920795561,1,0.5616620435459561,1,0.5481668073002443,1,0.5818959269859701,1,0.5297050885035874,1,0.8564766645431519,1
734,0,Gold,high_value,0.4345264914445475,0,0.5397081200067188,1,0.5736085532357117,1,0.5671094821090013,1,0.5472340675143237,1,0.5612509175941498,1,0.5358275579721943,1,0.603450357913971,1
735,0,Bronze,low_value,0.5524861834387146,1,0.5264937884536183,1,0.5849784928467779,1,0.5920379438306901,1,0.5516195301575034,1,0.6005339216782045,1,0.5728490051268524,1,0.5879032611846924,1
736,0,Bronze,low_value,0.387811350012265,0,0.39303226604379093,0,0.37583835648574576,0,0.3635055422394426,0,0.44522293274035923,0,0.3804213824757867,1,0.3851649102684729,1,0.3482547700405121,1
737,0,Bronze,low_value,0.27926859171629304,0,0.27487298558188017,0,0.37126881807304224,0,0.3794280508731754,0,0.40102264690561445,0,0.37098761724193685,1,0.35550028020590413,1,0.7953802347183228,1
738,0,Bronze,low_value,0.2792860281148127,0,0.18916980494270597,0,0.44213208113244745,0,0.47886435919058706,1,0.48124150164367646,0,0.32341195345754187,0,0.27141099766646126,0,0.4926472306251526,1
739,0,Silver,mid_value,0.48893380451522866,0,0.4616139395606605,1,0.5534862702525976,1,0.5275718838758245,1,0.5568986898529105,1,0.526399486416133,1,0.559934978270583,1,0.5058111548423767,1
740,1,Bronze,low_value,0.2617362324772612,0,0.22987031294419163,0,0.3256914855708289,0,0.31501248538921695,0,0.4068922901929145,0,0.37224817560972495,1,0.36827285106471624,1,0.5273114442825317,1
741,0,Bronze,low_value,0.2599333336506134,0,0.22664446332363017,0,0.32636541010147174,0,0.35234200668783716,0,0.4283048267709767,0,0.22462988260714967,0,0.2540498296564662,0,0.13568229973316193,0
742,0,Bronze,low_value,0.37729875662440243,0,0.3233275402545878,0,0.5262118352975315,1,0.529900283666653,1,0.5023923842117229,1,0.5544516043458808,1,0.5475479987381043,1,0.8367560505867004,1
743,0,Bronze,low_value,0.27207218073332184,0,0.29189310832075693,0,0.3283573730895929,0,0.35633543553035024,0,0.43797104131071274,0,0.3645984630393664,1,0.29209590973391464,0,0.5059421062469482,1
744,1,Gold,high_value,0.6439464411748218,1,0.6762437523478836,1,0.6573855741276892,1,0.6903748005740062,1,0.5932288782731742,1,0.6046961060913488,1,0.6527548195594416,1,0.83607017993927,1
745,1,Bronze,low_value,0.4465828595102761,0,0.39028093463280966,0,0.3632236150145045,0,0.36556592727394943,0,0.5041555094757593,1,0.38316009807727813,1,0.39708891064446755,1,0.43037810921669006,1
746,0,Silver,mid_value,0.2541670716952903,0,0.2891595706942174,0,0.35399694445611657,0,0.35988116915554513,0,0.42100584982106454,0,0.31027285746934397,0,0.3062106365108092,0,0.1833460032939911,1
747,0,Platinum,high_value,0.43515768553024436,0,0.49059108862951456,1,0.5278632116303835,1,0.4804604296121473,1,0.5900076631271884,1,0.24211700711262282,0,0.271967848372036,0,0.3397004306316376,1
748,0,Gold,high_value,0.5196532535102142,1,0.5932899353559142,1,0.5678535171141497,1,0.5673904720251265,1,0.5847879369625716,1,0.5889196208624701,1,0.5694166751586478,1,0.4409535527229309,1
749,0,Silver,mid_value,0.5333730766909905,1,0.449972614908816,0,0.5324948710659346,1,0.5403075591673817,1,0.5263140075569719,1,0.5315178394530229,1,0.47158591186950616,1,0.6389446258544922,1
750,0,Bronze,low_value,0.360258222786502,0,0.37191994446523985,0,0.3528226017013906,0,0.34463200052492016,0,0.43480562499276115,0,0.3417250285238369,0,0.31402494403178904,0,0.20458997786045074,1
751,0,Gold,high_value,0.4966867223504044,0,0.5244093705835262,1,0.5604884230536686,1,0.5907057786044126,1,0.5508145562257835,1,0.5593377888707122,1,0.5418733734159139,1,0.5838882327079773,1
752,0,Silver,mid_value,0.007485554362137918,0,0.0023373196540935745,0,0.48962205102120265,0,0.4932763509545215,1,0.5161428830993582,1,0.4643740542649737,1,0.4690691042595057,1,0.4338388741016388,1
753,0,Bronze,low_value,0.19567630333300606,0,0.2075984839326813,0,0.3777830601720865,0,0.42264013887917273,0,0.4242369079031837,0,0.40030347582092046,1,0.32377186355381943,0,0.41512587666511536,1
754,0,SME,mid_value,0.0004741747572676417,0,0.00037782902193095606,0,0.5727954720835071,1,0.47102855619209316,1,0.5976024117864683,1,0.20891245245015266,0,0.14389791147019454,0,0.027613699436187744,0
755,0,Gold,high_value,0.5343654089459411,1,0.6481227734036936,1,0.5768085641456391,1,0.5833830932428242,1,0.5314666872029793,1,0.5628761334290016,1,0.6000032553326764,1,0.3518761694431305,1
756,0,Silver,mid_value,0.2864102080182021,0,0.3119850975246262,0,0.47203232662930944,0,0.4800165911133137,1,0.5023923842117229,1,0.47794931418191516,1,0.49278469183067186,1,0.49622926115989685,1
757,0,Silver,mid_value,0.24582029120170493,0,0.22987344166221468,0,0.4013058442316699,0,0.4154415139240335,0,0.4667891209804485,0,0.43200099489566096,1,0.43798887490308985,1,0.792864203453064,1
758,0,Silver,mid_value,0.4681020858149916,0,0.3966358280222454,0,0.5622815609806033,1,0.5592212438168268,1,0.5316438985769845,1,0.5275603450126467,1,0.5150805537785689,1,0.7396590709686279,1
759,0,Gold,high_value,0.4011804225965494,0,0.4394864325982556,0,0.5974819923526242,1,0.5866156240431826,1,0.5844131455725596,1,0.5988348650166678,1,0.6038771137567939,1,0.8013151288032532,1
760,0,Silver,mid_value,0.35164243187779853,0,0.3709622354138691,0,0.5769071495878567,1,0.5758543101505034,1,0.6316886067816142,1,0.5124139238761074,1,0.4505064099731508,1,0.4291629195213318,1
761,0,Silver,mid_value,0.23505227435209547,0,0.2009691402615093,0,0.523875994625829,1,0.5120429310921293,1,0.5184083090142835,1,0.5599054345002834,1,0.558699414752714,1,0.7307788133621216,1
762,0,Bronze,low_value,0.3274531751179554,0,0.32079967365088224,0,0.48953575538685906,0,0.49220986537405054,1,0.4858763519533206,0,0.5131866020518345,1,0.40290193982464545,1,0.43066728115081787,1
763,0,Bronze,low_value,0.4553104825368053,0,0.39326680793376184,0,0.43380667221578834,0,0.4160294844407889,0,0.4747198041169627,0,0.33675970416519524,0,0.31175635800598545,0,0.631151020526886,1
764,0,Bronze,low_value,0.16198443522998862,0,0.09340609576193114,0,0.5102331649425179,1,0.5284303533167396,1,0.508308400280955,1,0.2266357069550822,0,0.3115660031550939,0,0.08317344635725021,0
765,0,Bronze,low_value,0.33665640417061926,0,0.2698725309306959,0,0.44206914246097234,0,0.4736347742357985,1,0.459111586862873,0,0.5075950480819592,1,0.4472235983071952,1,0.26757171750068665,1
766,0,Platinum,high_value,0.6568964400789823,1,0.6407218569639508,1,0.5025039813795307,1,0.5860764994274202,1,0.5947815329939123,1,0.17080967667888977,0,0.14074951350764045,0,0.28850510716438293,1
767,0,Silver,mid_value,0.0031506876605804784,0,0.0009954244869180484,0,0.47465567049418894,0,0.4688444347911503,1,0.5363928674702069,1,0.4117456220658589,1,0.4345404195949838,1,0.39985546469688416,1
768,0,Silver,mid_value,0.7040970826254811,1,0.7350739651095459,1,0.5274606486137755,1,0.561357025235169,1,0.5476165445571786,1,0.462446236224693,1,0.424332016431227,1,0.12934309244155884,0
769,0,Bronze,low_value,0.1635063150770016,0,0.1542384739803253,0,0.3525731634469531,0,0.3768282118516629,0,0.40825244872778643,0,0.3079014559406185,0,0.2856864186874174,0,0.2604231536388397,1
770,1,Silver,mid_value,0.32199229176484073,0,0.35634909014658633,0,0.55305120812503,1,0.5890707528084341,1,0.5516195301575034,1,0.5241162732555784,1,0.43241834323472494,1,0.4341336488723755,1
771,0,Silver,mid_value,0.37295785591719643,0,0.4656445777893957,1,0.5866463039160195,1,0.5246672036699151,1,0.5629001908581656,1,0.5141752578527191,1,0.5398856271272575,1,0.8173885941505432,1
772,0,Gold,high_value,0.11266055800815444,0,0.15554409530285881,0,0.35813022750873036,0,0.2697355948936408,0,0.5187056725150937,1,0.18704892494970252,0,0.2359848186340521,0,0.03161296993494034,0
773,0,Iron,low_value,0.0011331553704959614,0,0.0005051392207218987,0,0.33557203247980255,0,0.3239621859015402,0,0.38993508884210115,0,0.08377969639055241,0,0.048265963626133085,0,0.01930856518447399,0
774,0,Gold,high_value,0.5037000071856816,1,0.5385806565420436,1,0.5072758041905593,1,0.5586832118384232,1,0.5343265825376784,1,0.5847705734214276,1,0.505759066305472,1,0.7622657418251038,1
775,0,Silver,mid_value,0.3779135910813254,0,0.35696483497535303,0,0.5488716356042876,1,0.514008402861369,1,0.5309259564444078,1,0.4990523040745718,1,0.4824548483943844,1,0.514022946357727,1
776,0,Silver,mid_value,0.36525049482017286,0,0.39384565180528736,0,0.5486989657612452,1,0.5432788104957559,1,0.5392701925802748,1,0.5459149756020987,1,0.5315822552269798,1,0.7714962363243103,1
777,0,Platinum,high_value,0.23988943076825867,0,0.25769748831713324,0,0.5185361393565614,1,0.5328003367877359,1,0.6078593304665032,1,0.6111061535391156,1,0.364554493209799,1,0.068282350897789,0
778,0,Silver,mid_value,0.5128555761749239,1,0.4424574747091872,0,0.528290456287112,1,0.5466572126263918,1,0.5561988560489547,1,0.5390478695660218,1,0.26574930476594627,0,0.6219339370727539,1
779,0,Bronze,low_value,0.023122965251094436,0,0.013423074742849397,0,0.3255629442746939,0,0.3787978651960039,0,0.4153336053187764,0,0.10767891947517425,0,0.15483405234095143,0,0.06712591648101807,0
780,0,Silver,mid_value,0.3391976259200317,0,0.33440553354670627,0,0.4877467862005358,0,0.47746830519715433,1,0.5544455892475062,1,0.525597193912439,1,0.5556903482737453,1,0.820078432559967,1
781,0,SME,mid_value,0.29191333845013695,0,0.33044431984946443,0,0.43347063411724746,0,0.4368689263551502,0,0.46570387123603235,0,0.2450970216414671,0,0.17235072699694776,0,0.096012182533741,0
782,0,Bronze,low_value,0.39974321440917643,0,0.33128266209416596,0,0.49767866733466287,0,0.5028519982320288,1,0.47192589620210584,0,0.5354952839638235,1,0.5007046732567066,1,0.8783361315727234,1
783,0,Bronze,low_value,0.1940043488420145,0,0.2025928030695844,0,0.35133024040473104,0,0.37536329656989653,0,0.41167335624566076,0,0.32267931046646964,0,0.33024769833009504,0,0.254718154668808,1
784,0,Silver,mid_value,0.416405125072438,0,0.3540295463003288,0,0.49810525051570376,0,0.5419666221210246,1,0.5175952273050843,1,0.5340135312494078,1,0.5035925076161226,1,0.7688617706298828,1
785,0,Bronze,low_value,0.40503061215887776,0,0.39527002331059924,0,0.46909724943750974,0,0.4770131134000487,1,0.495684064085987,0,0.4643012602360995,1,0.4613225425355692,1,0.4369024932384491,1
786,0,Gold,high_value,0.4402488894879138,0,0.391529035843856,0,0.45784253582362205,0,0.44964867057116253,1,0.5455459513004058,1,0.3454902861528933,0,0.42274196786524754,1,0.1269817054271698,0
787,0,Gold,high_value,0.34838485070569947,0,0.41179306694052725,0,0.5542667465146659,1,0.49875522811994855,1,0.5846419828434377,1,0.33152065271280595,0,0.6248204229715252,1,0.6102108955383301,1
788,0,Bronze,low_value,0.24286939283383913,0,0.2548587569306359,0,0.38247309675928515,0,0.3891248152465976,0,0.4282569044472685,0,0.3918515028270749,1,0.48363243723820115,1,0.8473586440086365,1
789,0,Bronze,low_value,0.00010869351115185635,0,0.0017851607373945923,0,0.40072659338216143,0,0.35351960985931086,0,0.358144009470054,0,0.08961348904267231,0,0.0387309693298868,0,0.06784246861934662,0
790,0,Bronze,low_value,0.5288392258348151,1,0.48926204811020724,1,0.6082895848362285,1,0.6166520075438159,1,0.5473209654960237,1,0.6414128434410442,1,0.6827987159625739,1,0.9361873269081116,1
791,1,Silver,mid_value,0.6016316541733656,1,0.5632325750399696,1,0.600568979965903,1,0.5932357234286405,1,0.5737923456829435,1,0.5469390691780229,1,0.5264680224989373,1,0.5523207187652588,1
792,0,Platinum,high_value,0.6784483942385798,1,0.6955395373676801,1,0.6257489749258499,1,0.5972286186188583,1,0.6370774389380383,1,0.6353328657192263,1,0.6563944883611245,1,0.9255481958389282,1
793,0,Platinum,high_value,0.5080255647146537,1,0.5349232191393452,1,0.5471114647268771,1,0.5828772060238485,1,0.539362409394201,1,0.5951566763400243,1,0.5007603481999998,1,0.7227127552032471,1
794,0,Silver,mid_value,0.27067067280354284,0,0.2535470460422266,0,0.41791309977095353,0,0.38725891989114575,0,0.48607096025057894,0,0.37308989470691073,1,0.41772387190183025,1,0.6252553462982178,1
795,0,Silver,mid_value,0.2747870608807616,0,0.27644455137197876,0,0.47030054209170513,0,0.511925549081088,1,0.4761274039139094,0,0.4782238507337162,1,0.40820305371948556,1,0.2885541319847107,1
796,0,Bronze,low_value,0.16132679804648956,0,0.1888489937176743,0,0.35846697635194935,0,0.33966589728327984,0,0.40825244872778643,0,0.20549551928023857,0,0.2337735709593537,0,0.35235723853111267,1
797,0,Platinum,high_value,0.6851195592231762,1,0.7131691627426262,1,0.6112505422658735,1,0.6333852726733138,1,0.6076827269119824,1,0.5518779152819475,1,0.49955711338799785,1,0.7408657670021057,1
798,0,Bronze,low_value,0.21753291709943076,0,0.19949713824784812,0,0.344897193117304,0,0.33105599845341,0,0.4072200079215679,0,0.2028060765184118,0,0.25886028118278576,0,0.1830112338066101,1
799,0,Silver,mid_value,0.32175353869402035,0,0.3731517806897315,0,0.44325489083464853,0,0.4569965612650308,1,0.4856883166783684,0,0.31516852612295804,0,0.350967497680647,1,0.10093053430318832,0
800,0,Silver,mid_value,0.24385341757242587,0,0.2800779237458789,0,0.4983887027582835,0,0.509083714164253,1,0.5683270480264333,1,0.4106603183839187,1,0.46435101981840493,1,0.26959607005119324,1
801,0,Gold,high_value,0.510698652415104,1,0.5062703729492405,1,0.6258473731937897,1,0.6598485964779647,1,0.5662564604972634,1,0.6299616924586863,1,0.6093260362884443,1,0.80819171667099,1
802,0,Bronze,low_value,0.25105946845184884,0,0.2532075144449871,0,0.37200282859746414,0,0.35707983698441637,0,0.3971171791141279,0,0.393651020244007,1,0.3746554494267837,1,0.733117938041687,1
803,0,Bronze,low_value,0.2541499711622005,0,0.26990550206873587,0,0.36094784802710295,0,0.3531644426670761,0,0.4283048267709767,0,0.25524010962860283,0,0.27327312501800105,0,0.22281749546527863,1
804,0,Bronze,low_value,0.23026155061230824,0,0.19799429377158276,0,0.39823143050169785,0,0.3758086540747535,0,0.4054920131838376,0,0.3471484660325994,0,0.39382593353851164,1,0.8507837653160095,1
805,0,Gold,high_value,0.30828430518354866,0,0.3419921107969398,0,0.5442455217849184,1,0.5273898530583088,1,0.5392701925802748,1,0.5239625636110281,1,0.5424009194362437,1,0.5818401575088501,1
806,0,Gold,high_value,0.30231384388619265,0,0.2914741938354703,0,0.5161222940986531,1,0.5506774532256139,1,0.5200372221580987,1,0.4376764336949685,1,0.44508599039069346,1,0.5891004800796509,1
807,0,Bronze,low_value,0.14220938609166836,0,0.04567269426063134,0,0.3848069149382525,0,0.3320528157133342,0,0.46161375862647924,0,0.302494961250318,0,0.09947717889795209,0,0.07760158181190491,0
808,0,Gold,high_value,0.4792245331417145,0,0.5539331313144441,1,0.5785270919722622,1,0.5648837643766736,1,0.5667715281066001,1,0.5098375455928725,1,0.5034132745484311,1,0.9294351935386658,1
809,0,Silver,mid_value,0.35053016692246025,0,0.41581224120356525,0,0.5533137184511596,1,0.5535384305284992,1,0.5804086495971001,1,0.5571041336051258,1,0.589105859423065,1,0.6925246119499207,1
810,0,Silver,mid_value,0.425157150584444,0,0.4040342893678211,0,0.5415349809646398,1,0.5430350868049595,1,0.5316438985769845,1,0.4854485021360082,1,0.45536231461434,1,0.7584361433982849,1
811,0,Bronze,low_value,0.40373552980008814,0,0.4070096040022017,0,0.49602286429700876,0,0.4800686689556043,1,0.5059801015566057,1,0.4793029218517152,1,0.5202866826250038,1,0.7663475871086121,1
812,0,Bronze,low_value,0.27329678397004653,0,0.2436879282191709,0,0.36246082157780113,0,0.3688992277833625,0,0.4138105338994345,0,0.35018032222199696,1,0.28179654869837817,0,0.6931698322296143,1
813,0,SME,mid_value,0.7045410693139753,1,0.6290368654571514,1,0.5766959226285732,1,0.6577890140139715,1,0.5753428260050242,1,0.6435417205139777,1,0.563049400079936,1,0.6764302253723145,1
814,0,Bronze,low_value,0.22895180510927043,0,0.24187818868491312,0,0.37819754036614023,0,0.37939198740808683,0,0.4054920131838376,0,0.3888243784263244,1,0.38380715483431305,1,0.837363064289093,1
815,0,Bronze,low_value,0.3969573934665969,0,0.3804158667710541,0,0.49543663736922666,0,0.47611959659943265,1,0.49984978504161415,0,0.42770761156047565,1,0.39441685202522897,1,0.7453870177268982,1
816,0,Bronze,low_value,0.1974432950404904,0,0.23076659618714152,0,0.31605329400100013,0,0.23642147671102642,0,0.40900179729684466,0,0.22841277932393333,0,0.259989104028542,0,0.26594826579093933,1
817,0,Platinum,high_value,0.5336694636978914,1,0.5229990155492419,1,0.6357258797064106,1,0.6699761119423772,1,0.6300976498045127,1,0.6550141946471355,1,0.5176529636158004,1,0.6885117888450623,1
818,1,Gold,high_value,0.332136150300758,0,0.38668677393953366,0,0.6398996297833073,1,0.6169931110563361,1,0.6531923146582811,1,0.44030800821297833,1,0.1751288521122277,0,0.3644810616970062,1
819,0,Gold,high_value,0.4128276064217566,0,0.5307074354969129,1,0.6474317536035271,1,0.5993749414582275,1,0.6063275022623501,1,0.5474379603970801,1,0.5892540428157307,1,0.6374096274375916,1
820,0,Bronze,low_value,0.10820463237581997,0,0.09405573501660498,0,0.49589631897427244,0,0.5088647241571747,1,0.5398775451823496,1,0.4169403651308427,1,0.37850492791525236,1,0.15780366957187653,0
821,0,Gold,high_value,0.38560087099903817,0,0.46484189435497036,1,0.5594187240114494,1,0.6068928860023151,1,0.5245691859063148,1,0.5798002988332804,1,0.5457936257041869,1,0.8221160173416138,1
822,0,Gold,high_value,0.31247234996248696,0,0.3807674271285769,0,0.6048087090221188,1,0.5376914037847979,1,0.6073573176080928,1,0.5524958747606917,1,0.35475387987916157,1,0.5930396318435669,1
823,0,Bronze,low_value,0.13478669056357492,0,0.16207155979997195,0,0.3350311964924618,0,0.330656509341116,0,0.426300514793588,0,0.20326166826555517,0,0.1881660232810244,0,0.0737689882516861,0
824,0,Bronze,low_value,0.5384892140731373,1,0.48273110887076603,1,0.47743931888870506,0,0.506991059186901,1,0.46917407443621684,0,0.46254358789172795,1,0.3879052993052407,1,0.6156027317047119,1
825,0,Silver,mid_value,0.6005580846246028,1,0.4888201005436695,1,0.494674965446556,0,0.4889485920680033,1,0.5159840600364903,1,0.461665950425797,1,0.496028913822732,1,0.4190387725830078,1
826,0,Bronze,low_value,0.2557797810680764,0,0.2379885580571573,0,0.3755245956437848,0,0.35978151361509886,0,0.40685122723737627,0,0.31927496036424674,0,0.29481236249182247,0,0.47889071702957153,1
827,0,Silver,mid_value,0.10706791970517172,0,0.08802146602493911,0,0.5022378863698013,1,0.49300565025624477,1,0.5196541192276509,1,0.4576338521044473,1,0.4930428791914337,1,0.6914445757865906,1
828,0,Bronze,low_value,0.2551697801098932,0,0.24818800531539656,0,0.39356889869409606,0,0.38835249508864705,0,0.3961429886866508,0,0.41019668724635644,1,0.38563091042274045,1,0.6056337356567383,1
829,0,Bronze,low_value,0.26580698252426443,0,0.2836348598341534,0,0.37656624812220535,0,0.38322044697465585,0,0.42414484450232204,0,0.33546028400270367,0,0.40745376915169124,1,0.6804172396659851,1
830,0,Bronze,low_value,0.2124838721899099,0,0.1894892842104703,0,0.33043288479150545,0,0.324125316579906,0,0.3928712000372235,0,0.2641547038484696,0,0.22026868206557174,0,0.729171633720398,1
831,0,Gold,high_value,0.5393257297860629,1,0.5821588553491694,1,0.6123447076891823,1,0.5982600399612675,1,0.5718956669676061,1,0.5954981253704812,1,0.5870769180385451,1,0.9518848657608032,1
832,0,Silver,mid_value,0.13922028183383914,0,0.1574215094433559,0,0.4722116057282054,0,0.448459436641779,1,0.5022273509318018,1,0.47225845091996044,1,0.420103061755568,1,0.4201020300388336,1
833,0,Silver,mid_value,0.41291681443624545,0,0.41167351948376457,0,0.5204136131911674,1,0.5264915124430983,1,0.5906831654117888,1,0.4198197337140975,1,0.5355941244404553,1,0.5953415632247925,1
834,0,Platinum,high_value,0.4562025231372824,0,0.4673568426915577,1,0.5950733433235394,1,0.5991293157886419,1,0.5784132077126931,1,0.6231135208188294,1,0.5708343812055826,1,0.8522355556488037,1
835,0,Gold,high_value,0.26555426424072626,0,0.22647813485581264,0,0.5574887479815551,1,0.5679481297231682,1,0.5554273053160846,1,0.4772441228599718,1,0.48923717722290516,1,0.4997047781944275,1
836,0,Platinum,high_value,0.5735658065586569,1,0.5858697000369305,1,0.6429337237409587,1,0.6497570717505657,1,0.5848084547479797,1,0.6557936157099569,1,0.6454564714862224,1,0.834176242351532,1
837,0,Silver,mid_value,0.4312383830471084,0,0.42726131475522855,0,0.595483533825849,1,0.5842288762554685,1,0.5316438985769845,1,0.5391557661504336,1,0.5414161750373081,1,0.5044399499893188,1
838,1,Bronze,low_value,0.3869295864765057,0,0.39096588693658485,0,0.5153991385752176,1,0.521292130943063,1,0.5023923842117229,1,0.5222798635024072,1,0.5070602895185041,1,0.7215046286582947,1
839,0,Gold,high_value,0.2806367241754209,0,0.35998552964090175,0,0.5861425570188065,1,0.5976398675544243,1,0.6082813539659021,1,0.5946102081676271,1,0.536686265446079,1,0.4273982644081116,1
840,0,Gold,high_value,0.22396242475005848,0,0.23463964763569223,0,0.3881000246424421,0,0.374838359090339,0,0.47844880324030237,0,0.2578437353324636,0,0.2237171449234898,0,0.25411897897720337,1
841,0,Bronze,low_value,0.17084385978404837,0,0.18854843646627278,0,0.32954162020262834,0,0.3182531354227864,0,0.4377538431186759,0,0.2148580946420602,0,0.17260469172201287,0,0.16760951280593872,1
842,0,Silver,mid_value,0.3459798525964655,0,0.31829006818695477,0,0.43501594762205903,0,0.4641803201049182,1,0.5043610179102254,1,0.5005663420747176,1,0.432235652968425,1,0.24631832540035248,1
843,0,Silver,mid_value,0.3278245089082141,0,0.3168940642440333,0,0.4300986934208069,0,0.458961954132604,1,0.4964724765964215,0,0.5381980348919162,1,0.4773547482628308,1,0.37049368023872375,1
844,0,Silver,mid_value,0.42562462660254446,0,0.42958722915928504,0,0.4705235136343866,0,0.48092002441639636,1,0.5485816700579766,1,0.48096434672305005,1,0.49642512360875113,1,0.7269209027290344,1
845,0,Bronze,low_value,0.14435426151749564,0,0.05233771900735148,0,0.34399655410236507,0,0.32532204648256496,0,0.41183063087378563,0,0.26884992242379885,0,0.3259761454697283,0,0.1616119146347046,1
846,0,Bronze,low_value,0.4898018176644101,0,0.48043806876833894,1,0.582536809359228,1,0.5555150534782822,1,0.5429233717689145,1,0.5440680076629347,1,0.5177481639590825,1,0.6781812906265259,1
847,0,Bronze,low_value,0.1889882457913955,0,0.21621353259819553,0,0.313242092015619,0,0.2910411967574732,0,0.4212466138508625,0,0.22231740041102258,0,0.3340124111084151,0,0.21634317934513092,1
848,0,Silver,mid_value,0.4013581354753784,0,0.41628995559564297,0,0.5399189621984902,1,0.5602175019659289,1,0.5516195301575034,1,0.546329679872044,1,0.4382920868419325,1,0.3656235635280609,1
849,0,Bronze,low_value,0.3710473769702924,0,0.35180750689643375,0,0.6421922276122888,1,0.5318217491864,1,0.5663078362308157,1,0.580404283368713,1,0.39400513802904935,1,0.662039041519165,1
850,0,Gold,high_value,0.3943967534470176,0,0.3924742109665352,0,0.5155171234052784,1,0.49523923397422753,1,0.5805239285147619,1,0.4367788934997727,1,0.4584844387129555,1,0.28556695580482483,1
851,0,Bronze,low_value,0.32731138923087827,0,0.29685949599762435,0,0.36552790967897614,0,0.3445414830869173,0,0.4205398420296735,0,0.3475631040352625,0,0.3656230472135586,1,0.4420391023159027,1
852,0,Bronze,low_value,0.16951510810374562,0,0.18509076745298086,0,0.43770994293555726,0,0.38582809830447684,0,0.4308167606643837,0,0.5430136422629276,1,0.5417796324569877,1,0.7812893986701965,1
853,0,Silver,mid_value,0.4043579370364847,0,0.3813380252649855,0,0.6103222280739766,1,0.5522852399133364,1,0.5993225655524823,1,0.5482136956436999,1,0.3189019611561107,0,0.17661134898662567,1
854,0,Iron,low_value,0.03613040871644585,0,0.055818811353506755,0,0.254763722325655,0,0.2585717264948918,0,0.4013342050212665,0,0.07172633386436898,0,0.11005682318444157,0,0.10153159499168396,0
855,0,Platinum,high_value,0.46844978838711415,0,0.5043208915930587,1,0.5490083672265125,1,0.5712825032493288,1,0.5497961442781718,1,0.53050737004899,1,0.5199976145847257,1,0.819198727607727,1
856,0,Bronze,low_value,0.2310367477657673,0,0.20626728826653204,0,0.3730120221498448,0,0.403683736441576,0,0.4205398420296735,0,0.34888591359427323,0,0.3950825482536501,1,0.28413665294647217,1
857,0,Bronze,low_value,0.7053606737209211,1,0.5866865759987889,1,0.5726848060875602,1,0.5846745353303018,1,0.5364159235800416,1,0.6737659580369498,1,0.7105016659144439,1,0.9671829342842102,1
858,0,Bronze,low_value,0.36072221512611996,0,0.3379312784841145,0,0.5016662117046089,1,0.4957338040304002,1,0.49790194744821503,0,0.5206158492535938,1,0.4390143233280184,1,0.6964427828788757,1
859,0,Bronze,low_value,0.31903706146704747,0,0.27390732461118633,0,0.3843199295432838,0,0.406507570526202,0,0.42109990846538087,0,0.35218224777829693,1,0.2568517029507605,0,0.6615741848945618,1
860,0,Silver,mid_value,0.2538102681828566,0,0.2597110875670104,0,0.36350296280813443,0,0.34001825859654256,0,0.4887646995805507,0,0.22695109394176358,0,0.24073595047697516,0,0.3046687841415405,1
861,0,Gold,high_value,0.39754231100839915,0,0.41455786780253884,0,0.5653420076939407,1,0.5391524590225467,1,0.556637276833742,1,0.49759124699033147,1,0.502502309214825,1,0.6385799050331116,1
862,1,Bronze,low_value,0.22164217341527587,0,0.2021589440593547,0,0.34865990496139687,0,0.36133168075153127,0,0.410323226041126,0,0.25678013475224276,0,0.3290494791192774,0,0.6356074213981628,1
863,0,Bronze,low_value,0.3765911908736613,0,0.45223170044375915,0,0.4693505980916259,0,0.4816310274158288,1,0.5052646016902522,1,0.4900523624536032,1,0.493688371051607,1,0.7150446772575378,1
864,0,Gold,high_value,0.09251693254086654,0,0.13670060373190915,0,0.37807598299861034,0,0.4287277437855634,0,0.40898448191430026,0,0.3711449863137393,1,0.3453295007485102,1,0.4148118495941162,1
865,0,Platinum,high_value,0.4950085412285678,0,0.5369930585002187,1,0.5097130074751887,1,0.5306914855769669,1,0.5594010065564412,1,0.5125446817266788,1,0.4229206575681069,1,0.8730453252792358,1
866,0,Silver,mid_value,0.4226088019321165,0,0.4273541840633849,0,0.5179252746966196,1,0.5250012278291865,1,0.5400511542903851,1,0.5239706372460551,1,0.5161184715597696,1,0.6953167915344238,1
867,0,Bronze,low_value,0.42802980342432273,0,0.33171802513299004,0,0.47156737936555865,0,0.49474867639088627,1,0.4412184254785771,0,0.5417132397430808,1,0.4976182630634313,1,0.8887124061584473,1
868,0,Silver,mid_value,0.325276079762655,0,0.32987304539881623,0,0.5324187122201122,1,0.44172940276180234,1,0.5963617398398242,1,0.49425922321112964,1,0.4135777369194258,1,0.556681752204895,1
869,0,Bronze,low_value,0.3419489987742209,0,0.3522417902880418,0,0.3832495548781275,0,0.37446227077432614,0,0.4543293248382409,0,0.39303535296547515,1,0.4485246868480301,1,0.646662712097168,1
870,0,Bronze,low_value,0.27134299451511473,0,0.2542269310716334,0,0.42492724106865104,0,0.4521763882196601,1,0.43751553475980537,0,0.38004405893343507,1,0.2770834738876254,0,0.7105185389518738,1
871,0,Silver,mid_value,0.5340756284304629,1,0.4613755590195378,1,0.545816209678653,1,0.5759977588688778,1,0.5323486576539891,1,0.49551543541979526,1,0.4118611253968822,1,0.7714403867721558,1
872,0,Bronze,low_value,0.28711308924578866,0,0.30653753847734516,0,0.3336875486070449,0,0.32631496161693613,0,0.4178395966996704,0,0.3586508712293697,1,0.3878090112724484,1,0.6144020557403564,1
873,0,Bronze,low_value,0.2474437574647454,0,0.21683157297893038,0,0.3929887842106771,0,0.3941202895969915,0,0.3961429886866508,0,0.37268484008961644,1,0.33640142712433,0,0.7776902318000793,1
874,0,Silver,mid_value,0.5375113874945704,1,0.45488604118911213,0,0.5313273359895947,1,0.5213802031925594,1,0.5714817748898232,1,0.5101701735572098,1,0.47138385232907243,1,0.4681333601474762,1
875,0,Silver,mid_value,0.31276604548689046,0,0.2782487860429032,0,0.5685841570783553,1,0.5843908228966443,1,0.5316438985769845,1,0.5808112713795067,1,0.5487415748924814,1,0.8963298201560974,1
876,0,Platinum,high_value,0.003378336472374697,0,0.010146037549099042,0,0.4530328675197693,0,0.45615644893539875,1,0.5287799593769841,1,0.14813366194819996,0,0.10143826127350462,0,0.11398547887802124,0
877,0,Platinum,high_value,0.409383434901015,0,0.4467676451389593,0,0.5812216173621646,1,0.6005362494614631,1,0.5443977144150436,1,0.6037647142201457,1,0.5531642005218328,1,0.8003183007240295,1
878,0,Bronze,low_value,0.3446067803709513,0,0.2617453959977771,0,0.41335506521493365,0,0.4748653846224758,1,0.47146020193521976,0,0.3809409195445229,1,0.38481604709000616,1,0.47567108273506165,1
879,0,Gold,high_value,0.7154535405163089,1,0.7368786801930619,1,0.698532728772105,1,0.6900000431427284,1,0.6142543919550608,1,0.6627139488745866,1,0.6611079093128343,1,0.8365086913108826,1
880,0,Bronze,low_value,0.38898017485049263,0,0.3258024477805433,0,0.513342704026205,1,0.5323126950496504,1,0.4802450643973339,0,0.5285422422634247,1,0.48400845902469813,1,0.8231961727142334,1
881,1,Silver,mid_value,0.2751411289610244,0,0.3757751945514241,0,0.5188661671555479,1,0.4575854941667392,1,0.525377833286061,1,0.4180993444566794,1,0.38806182704973646,1,0.833121120929718,1
882,0,Silver,mid_value,0.45233616786383873,0,0.40402042064393373,0,0.5985390839556106,1,0.6185559264359963,1,0.5488268208164682,1,0.5457632374890724,1,0.5613524870766754,1,0.7486963272094727,1
883,0,SME,mid_value,0.14208105062464427,0,0.1495790279879976,0,0.27823612483730453,0,0.27836154063257124,0,0.4073654040918952,0,0.12351117998575696,0,0.14026680319339946,0,0.15218289196491241,0
884,0,Silver,mid_value,0.41154677819651253,0,0.4580984299061071,0,0.5728363267761546,1,0.5161138781734853,1,0.5627728442456446,1,0.5524750760199205,1,0.5793576690825996,1,0.6905742287635803,1
885,0,Bronze,low_value,0.4046131888131617,0,0.37617307846426234,0,0.43234252560519976,0,0.4546687123637922,1,0.48710954568855386,0,0.5162877707868828,1,0.46518538441945967,1,0.5253308415412903,1
886,0,Silver,mid_value,0.5520586939707146,1,0.6108672824863414,1,0.5417509495172737,1,0.52211831436485,1,0.5421581244937032,1,0.4276187580585906,1,0.38225063332259024,1,0.4665217697620392,1
887,0,Platinum,high_value,0.41728048619770297,0,0.3434568527010972,0,0.5369274271071853,1,0.5428781018621415,1,0.5899997999864348,1,0.5502221664888968,1,0.5414980519056621,1,0.43662285804748535,1
888,0,Gold,high_value,0.5147951172075388,1,0.5511996913774484,1,0.6136412841349517,1,0.619526828604768,1,0.5837564041955426,1,0.6173208519125977,1,0.6281284698388079,1,0.9369150400161743,1
889,0,Bronze,low_value,0.008465362395411865,0,0.012544586166304179,0,0.4602400804518115,0,0.4324632281408713,0,0.45071822521203053,0,0.09025122376377574,0,0.029165250918700678,0,0.10260988026857376,0
890,0,Bronze,low_value,0.27926859171629304,0,0.24107521793305212,0,0.3772264519125872,0,0.3794280508731754,0,0.3961429886866508,0,0.372368035578451,1,0.3637860703614975,1,0.7912353873252869,1
891,0,Bronze,low_value,0.12430258173179186,0,0.14437439895069892,0,0.33137962254931297,0,0.3403202465176941,0,0.32484461787555774,0,0.09981038856295699,0,0.04247254316422418,0,0.027328960597515106,0
892,0,Gold,high_value,0.35186424302033253,0,0.36671189679150207,0,0.5191386383193257,1,0.5763975083794627,1,0.5669332800807504,1,0.44219811293306743,1,0.3230727402327171,0,0.41901782155036926,1
893,0,Bronze,low_value,0.1971637341357676,0,0.17808417692433828,0,0.36720877619120273,0,0.35878911374716455,0,0.388965732245737,0,0.20763423630193417,0,0.198980777912105,0,0.5182790756225586,1
894,1,SME,mid_value,0.5824171757066791,1,0.5197041817517567,1,0.6285249994848245,1,0.643990432488629,1,0.6251637262924339,1,0.6293404218474683,1,0.6543537688138417,1,0.9239121675491333,1
895,0,Bronze,low_value,0.23456305731491003,0,0.23552374227342548,0,0.369444908360794,0,0.37464274579480616,0,0.4022551737840613,0,0.3461488605848389,0,0.31206873940071006,0,0.48941293358802795,1
896,0,Bronze,low_value,0.37377128386437647,0,0.3378187447657762,0,0.4165431738097258,0,0.4791614053387862,1,0.45297908816635146,0,0.4673228849897835,1,0.4600182123024461,1,0.773266077041626,1
897,0,Bronze,low_value,0.6163120919052265,1,0.54217681235354,1,0.6201600210891866,1,0.6011434676034019,1,0.577965614643347,1,0.6828113024552658,1,0.6912870667030188,1,0.7697505950927734,1
898,0,Gold,high_value,0.4569476911524838,0,0.4056989734640964,0,0.5324196295252104,1,0.5705821091980178,1,0.5279367703083319,1,0.5373044320386633,1,0.5414264767448513,1,0.6884067058563232,1
899,0,Gold,high_value,0.5377911117833364,1,0.5399475078939676,1,0.6453829912772471,1,0.6482449597085888,1,0.6087307982064196,1,0.6589810214147945,1,0.7101339788164467,1,0.927311360836029,1
900,0,Gold,high_value,0.0824509096203526,0,0.1052690359570889,0,0.3019097658287698,0,0.31262827839103496,0,0.47925765339716725,0,0.15805554067273606,0,0.08611602484328296,0,0.01824180595576763,0
901,0,Bronze,low_value,0.32551437022963897,0,0.33719620869069605,0,0.4949781891516394,0,0.48872267236872236,1,0.5125102550403451,1,0.4589258767413809,1,0.4983498035832996,1,0.32070839405059814,1
902,0,Silver,mid_value,0.20579292619846346,0,0.19909290174734337,0,0.32645902275369915,0,0.31165618306614534,0,0.4178395966996704,0,0.3777280147954421,1,0.3203752929993706,0,0.4794774651527405,1
903,0,Bronze,low_value,0.29474000342624074,0,0.3379074538403791,0,0.36395550574799246,0,0.33663852666183014,0,0.4405882894960052,0,0.42153336369999184,1,0.4156378449773258,1,0.39625874161720276,1
904,0,Silver,mid_value,0.3843889975621683,0,0.3682422919875011,0,0.4100610479209269,0,0.4650878257361508,1,0.4785078127855463,0,0.44135953326633587,1,0.4572114837821106,1,0.46321240067481995,1
905,0,Gold,high_value,0.4818785275623194,0,0.5314119053610006,1,0.6469843311127867,1,0.6259545757215446,1,0.5976234995599252,1,0.6227915597424595,1,0.6166490403042008,1,0.9363783001899719,1
906,0,Gold,high_value,0.6477659393260836,1,0.6858491275793877,1,0.6372804294100087,1,0.6783621262065137,1,0.6190790116156333,1,0.7796820188097326,1,0.6349193050138938,1,0.79176265001297,1
907,0,Silver,mid_value,0.5095552311760985,1,0.5391485986750884,1,0.5136007039074504,1,0.5007500415648011,1,0.5316438985769845,1,0.40439007591025744,1,0.3803602289058799,1,0.3035331070423126,1
908,0,Bronze,low_value,0.20717887144781233,0,0.2383317784422611,0,0.36555639857013394,0,0.3610556808204073,0,0.45989372242819,0,0.42610984720005923,1,0.3225962238055453,0,0.19376656413078308,1
909,0,Platinum,high_value,0.5085192570340683,1,0.5400778719952107,1,0.6305618422109389,1,0.5352505543785311,1,0.6282318266673194,1,0.5581595084312073,1,0.3661203082740119,1,0.5983425974845886,1
910,0,Silver,mid_value,0.5480775422608413,1,0.5445355434280316,1,0.5823283843195359,1,0.5639312262681099,1,0.5470251128916158,1,0.5777707685953718,1,0.551524028201898,1,0.7235327959060669,1
911,0,Gold,high_value,0.3965946008519714,0,0.40552834918258684,0,0.5187248866884119,1,0.5658826209044124,1,0.5570877065155646,1,0.5515072267561019,1,0.49823901168655216,1,0.7310032844543457,1
912,0,Silver,mid_value,0.2588340093637551,0,0.23599151999527515,0,0.4616272728251434,0,0.4809332794636291,1,0.4802450643973339,0,0.4499433779368661,1,0.44656770246696736,1,0.646973192691803,1
913,0,Silver,mid_value,0.4477030236315898,0,0.3792969345354603,0,0.5845727561322144,1,0.5942455807479076,1,0.5556459781909814,1,0.6358325947401348,1,0.6441111476472374,1,0.8696163296699524,1
914,0,Silver,mid_value,0.29996062774966364,0,0.2539682706084451,0,0.44004892282051267,0,0.4733601641383929,1,0.4632227796970244,0,0.5347022821769876,1,0.5143242850845262,1,0.7458550333976746,1
915,0,Gold,high_value,0.20950871881435018,0,0.3016640975738162,0,0.5478437894318969,1,0.5805930893912449,1,0.5350396663706549,1,0.4869726479057345,1,0.4970200601553796,1,0.6039173007011414,1
916,0,Silver,mid_value,0.2862912925978299,0,0.3013904247039371,0,0.5860797270641759,1,0.6127533205180558,1,0.5369230582723916,1,0.6047958675780425,1,0.6152028320249955,1,0.7879433035850525,1
917,0,Bronze,low_value,0.1966498223979147,0,0.20070331566196598,0,0.29657198929335465,0,0.3214881932488708,0,0.40340498233460603,0,0.2594513373298283,0,0.2719066756101072,0,0.21638786792755127,1
918,0,Bronze,low_value,0.4229202439604747,0,0.4450705238771985,0,0.48564866029602494,0,0.4786353663391335,1,0.5196623802835723,1,0.46982401977685895,1,0.4423744402670338,1,0.6031466126441956,1
919,0,Gold,high_value,0.3378603154063976,0,0.3754695714463378,0,0.5031214463053392,1,0.546949269902288,1,0.5175952273050843,1,0.5043814429246118,1,0.48947436416155926,1,0.6161431670188904,1
920,0,Bronze,low_value,0.24711083057575128,0,0.23800086324057107,0,0.353636562490401,0,0.35257418404628305,0,0.4174366239101154,0,0.3600471876153978,1,0.38213991706036116,1,0.26753145456314087,1
921,0,Silver,mid_value,0.5155250460205414,1,0.47993775881073647,1,0.519766037890284,1,0.5073255960600717,1,0.5400511542903851,1,0.42443629019181617,1,0.4140787766829163,1,0.3316657543182373,1
922,0,Bronze,low_value,0.23090638744183542,0,0.23715349114337228,0,0.3703751605761269,0,0.37378141550355193,0,0.4143522888413619,0,0.30881063670073405,0,0.3303086202549938,0,0.46868014335632324,1
923,0,Bronze,low_value,0.24795910381220687,0,0.26760968546779007,0,0.3182887360042658,0,0.30975715162057116,0,0.4068922901929145,0,0.33254225811204635,0,0.3181858146447575,0,0.3057626783847809,1
924,0,Bronze,low_value,0.21719016897650784,0,0.19024316402965818,0,0.3969432949666921,0,0.39781620519831856,0,0.4086289860615754,0,0.42467302322040773,1,0.41574559760155094,1,0.8859613537788391,1
925,0,Platinum,high_value,0.4194905060925451,0,0.41429373442899015,0,0.45877106968987186,0,0.47421305058583135,1,0.5472533886003206,1,0.3300628394615901,0,0.24922652788121774,0,0.11906514316797256,0
926,1,SME,mid_value,0.5639618501598074,1,0.5488370557908963,1,0.5641021629848159,1,0.49851477886290757,1,0.5854900971288265,1,0.4129494328293408,1,0.4136178529936452,1,0.6186206340789795,1
927,0,Gold,high_value,0.34435007488401664,0,0.43780565741215166,0,0.6011000890730662,1,0.6104304983245386,1,0.5784695820389706,1,0.5700423383946314,1,0.5885454765739246,1,0.4972991943359375,1
928,0,Bronze,low_value,0.3602496127095844,0,0.31182643787511966,0,0.3687716659448826,0,0.3675634841737244,0,0.42100584982106454,0,0.3050527791262773,0,0.31916507290663915,0,0.29802635312080383,1
929,0,Bronze,low_value,0.3062821401432267,0,0.30006647102723116,0,0.3024552127608837,0,0.29615814980196087,0,0.40950387405228617,0,0.2881911438527308,0,0.279283333471605,0,0.4787716567516327,1
930,0,Gold,high_value,0.32659678443086204,0,0.3858515688957574,0,0.6016787006774821,1,0.5899826804208564,1,0.5709370235818364,1,0.5666136452169559,1,0.5841546551715544,1,0.8111943602561951,1
931,0,Silver,mid_value,0.23383278767211663,0,0.2660527114071695,0,0.36538987349707236,0,0.3504553905616198,0,0.4410676099090757,0,0.36596132023133143,1,0.33521988377191486,0,0.15852154791355133,0
932,0,Platinum,high_value,0.41771974875725915,0,0.3836470119592949,0,0.5354586697930965,1,0.5335182068436268,1,0.5838606456511086,1,0.5474936563596697,1,0.5812388140111736,1,0.3668060004711151,1
933,0,Silver,mid_value,0.4265645818696949,0,0.5085373941682172,1,0.5382090077039543,1,0.5533943694150366,1,0.5668988747191211,1,0.5318784948972346,1,0.5284487476889357,1,0.3284054398536682,1
934,0,Silver,mid_value,0.3144608018445021,0,0.3177558955731298,0,0.4555558936654117,0,0.4337900250961439,0,0.519138925600965,1,0.43873741470511735,1,0.2567253270414306,0,0.5764930248260498,1
935,0,Bronze,low_value,0.34951487880125476,0,0.37293137884346517,0,0.3476075293224945,0,0.329980942312764,0,0.43480562499276115,0,0.3030766598399705,0,0.34457717016497397,1,0.2575443387031555,1
936,0,SME,mid_value,0.34470746648021533,0,0.13993316109109322,0,0.5006352358786227,1,0.5077895173390948,1,0.5427711530827157,1,0.07720847280099927,0,0.04474993984976492,0,0.013567247427999973,0
937,0,Bronze,low_value,0.1916373864684024,0,0.22283937301243928,0,0.44412965344276256,0,0.45406248120167136,1,0.4273868447742525,0,0.5513069832084692,1,0.5634828301305043,1,0.7995468974113464,1
938,0,Silver,mid_value,0.4092528906954298,0,0.36073414835607,0,0.5190296486465459,1,0.5496438103395406,1,0.5026096296749817,1,0.570871533496081,1,0.5379161213777799,1,0.7360140085220337,1
939,0,Gold,high_value,0.2612746908621457,0,0.3017467784523608,0,0.5343197726574779,1,0.5467589814375742,1,0.570999344201498,1,0.5785104430801723,1,0.5594949612726472,1,0.3881828188896179,1
940,0,Bronze,low_value,0.18786323572339902,0,0.18483421115602824,0,0.38068719150975805,0,0.4028098682617104,0,0.4562317590049288,0,0.3664862474624731,1,0.21702417846758465,0,0.3367421329021454,1
941,0,Platinum,high_value,0.5894772983727553,1,0.6084613944099089,1,0.6897414347841074,1,0.6839677492095391,1,0.661720518748482,1,0.70535307981675,1,0.5483219690101654,1,0.959640383720398,1
942,0,Bronze,low_value,0.21110822760026232,0,0.23301116598473684,0,0.35251302140080926,0,0.35287955479237004,0,0.4285413948911715,0,0.3659899049041712,1,0.3813226575953841,1,0.17275600135326385,1
943,1,Silver,mid_value,0.5569484047717077,1,0.5652077335250675,1,0.5251142824627445,1,0.5371759411377203,1,0.5432321017114832,1,0.42078776954586533,1,0.45441081864253946,1,0.17159225046634674,1
944,0,Bronze,low_value,0.2561146142268148,0,0.286875920557113,0,0.34446054304654966,0,0.3542117413783584,0,0.449122715859479,0,0.3955242558335821,1,0.25085062680929354,0,0.28736722469329834,1
945,0,Iron,low_value,0.033580289751179736,0,0.0627020593505564,0,0.3588585760353416,0,0.33693635732714067,0,0.3969126078212944,0,0.2360668114103207,0,0.23698746969698165,0,0.19721826910972595,1
946,1,Bronze,low_value,0.37546381647484756,0,0.3774478303730593,0,0.5311091644622361,1,0.524263722323841,1,0.4982906430890216,0,0.5377644377271432,1,0.5241902592522639,1,0.7982859015464783,1
947,0,Bronze,low_value,0.23809496255763304,0,0.22343004693023788,0,0.39159431543263534,0,0.41511006920492866,0,0.39896682902540326,0,0.4252439998339062,1,0.34972322478121487,1,0.5198397040367126,1
948,0,Bronze,low_value,0.49692857095947607,0,0.4231168038943775,0,0.4451679619402167,0,0.46251972195463414,1,0.5315171104764392,1,0.5023568750363128,1,0.2610596084442959,0,0.0911204144358635,0
949,0,Platinum,high_value,0.5702343643448985,1,0.6115834683850431,1,0.6266358952182005,1,0.7056268592210146,1,0.6260105297345087,1,0.7311628381465081,1,0.6637916290060689,1,0.895459771156311,1
950,0,Bronze,low_value,0.20716658599014715,0,0.22111497111839024,0,0.3644838905170751,0,0.3186710856009388,0,0.4285413948911715,0,0.3334385279721488,0,0.4156390750592884,1,0.31131935119628906,1
951,1,Platinum,high_value,0.4386333404004962,0,0.39037272830261427,0,0.5691573634384299,1,0.5896706471052439,1,0.6134933711002171,1,0.6879854236758146,1,0.5384542140610115,1,0.3149378001689911,1
952,0,Bronze,low_value,0.15137831084968772,0,0.043325058421208505,0,0.32284810812016046,0,0.33222262196322666,0,0.4008939434903492,0,0.1704969006701127,0,0.16643386123268808,0,0.1651630848646164,1
953,0,Silver,mid_value,0.09065979929030957,0,0.0968911794171882,0,0.48518815710785523,0,0.4955188611985961,1,0.5398775451823496,1,0.45231405233158767,1,0.3470925319862497,1,0.3277418613433838,1
954,0,Platinum,high_value,0.42224691371776096,0,0.42865993289010823,0,0.5438561433906126,1,0.49726890811312324,1,0.567347397154658,1,0.3036852627158481,0,0.3417413866245975,1,0.26854512095451355,1
955,0,Silver,mid_value,0.34765592728700573,0,0.37771154974589505,0,0.4974403849013262,0,0.5586556507106972,1,0.5134775668216596,1,0.554654057035281,1,0.44002188035138173,1,0.40123456716537476,1
956,0,Bronze,low_value,0.19653763777816663,0,0.20847765209420493,0,0.40103827536233994,0,0.42264013887917273,0,0.4242369079031837,0,0.3153727528165474,0,0.23026959845745074,0,0.4064842164516449,1
957,0,Bronze,low_value,0.34206031856714414,0,0.286728481386894,0,0.40348846959951296,0,0.4117875258736086,0,0.43669973915997096,0,0.45316434790566984,1,0.41515828816737543,1,0.795813798904419,1
958,0,Silver,mid_value,0.4318006505620579,0,0.4107515869595854,0,0.5401796748187199,1,0.5438654234078536,1,0.5400511542903851,1,0.5077037720117229,1,0.5294061904954516,1,0.7266421914100647,1
959,0,Bronze,low_value,0.42061483627601565,0,0.34688292859353337,0,0.3734394807998008,0,0.3691514220702943,0,0.49002300697850626,0,0.44674237457864163,1,0.45387665836915064,1,0.39454665780067444,1
960,0,SME,mid_value,0.7072855973293984,1,0.7101256296032821,1,0.6287065800688394,1,0.5951269299337798,1,0.6330500248901002,1,0.5016179282628795,1,0.5486573272308854,1,0.8985155820846558,1
961,0,Bronze,low_value,0.26267872407164305,0,0.21455235545440143,0,0.37229740785938586,0,0.41490678250980906,0,0.41632629440033453,0,0.2726863099276779,0,0.3009241238234635,0,0.3578377962112427,1
962,0,Bronze,low_value,0.05005434693704706,0,0.015741850769608504,0,0.3795298596926879,0,0.3871458246418944,0,0.4424815281807136,0,0.33315691422599647,0,0.2883244902091923,0,0.1876133531332016,1
963,0,Bronze,low_value,0.35311190079852944,0,0.2999314466423281,0,0.4426263598757903,0,0.48188586130645433,1,0.4409012468717745,0,0.49364893687157024,1,0.439911566432262,1,0.7844489216804504,1
964,0,Bronze,low_value,0.2179705597295963,0,0.1982834019022135,0,0.35603096813693663,0,0.3570713148587555,0,0.4143522888413619,0,0.2879521723711827,0,0.3293809279406331,0,0.3824084401130676,1
965,0,Gold,high_value,0.46781487638787567,0,0.5065140907427264,1,0.5024411050656958,1,0.5145099064776812,1,0.5091193521250089,1,0.5401112876386234,1,0.5114063358762422,1,0.6278233528137207,1
966,0,SME,mid_value,0.5193886579689129,1,0.5209033633483348,1,0.5514754131870316,1,0.5591166611413025,1,0.5480438178288403,1,0.49880242669180913,1,0.5015386902370899,1,0.48116612434387207,1
967,0,Bronze,low_value,0.2754714571895525,0,0.26125175072466067,0,0.4364643655892293,0,0.4713242873604477,1,0.46564292331058654,0,0.4535031439937473,1,0.4508962229680005,1,0.532135546207428,1
968,1,Gold,high_value,0.5027175680962828,1,0.40199381634519804,0,0.4821455844312535,0,0.5547481017041862,1,0.5555549316776764,1,0.42374260062322017,1,0.24340538577998283,0,0.36889877915382385,1
969,1,Gold,high_value,0.054204054487244135,0,0.08300837696574147,0,0.35395869305280847,0,0.34898194364626073,0,0.471502857771058,0,0.14626611918823745,0,0.09036941539501571,0,0.018405171111226082,0
970,0,Bronze,low_value,0.17106632020385804,0,0.1663516117364076,0,0.35750457369106997,0,0.36837260755805823,0,0.4022948875433433,0,0.3242429875190616,0,0.3579736282998261,1,0.21482735872268677,1
971,0,Silver,mid_value,0.17120262750520682,0,0.18693331806657945,0,0.3578618416584219,0,0.36458387309650625,0,0.3922375208951643,0,0.3755753114697838,1,0.30351241771238646,0,0.22264352440834045,1
972,0,Silver,mid_value,0.30565021827471883,0,0.37184889543368965,0,0.550705499626218,1,0.4946261216476676,1,0.5734414554658679,1,0.5340223505470474,1,0.5474885524522044,1,0.8676328063011169,1
973,0,Bronze,low_value,0.22084333121762326,0,0.220680144891711,0,0.4074535899797894,0,0.3963016199103499,0,0.4128500725218533,0,0.42703733298582575,1,0.23579614460289272,0,0.2967475652694702,1
974,0,Silver,mid_value,0.22399333771057964,0,0.26495993810357965,0,0.3826092083669401,0,0.3434521469214329,0,0.49300590040962583,0,0.31878943829410256,0,0.28261487619743747,0,0.40230125188827515,1
975,0,Silver,mid_value,0.5619311833129718,1,0.5910077314489981,1,0.5172976537041779,1,0.578146250825692,1,0.529683283636082,1,0.5463110484350371,1,0.47579847523515206,1,0.6948765516281128,1
976,0,Bronze,low_value,0.12903431233449164,0,0.15654899364549965,0,0.2808986670884607,0,0.27704627622504235,0,0.4041012284194527,0,0.24114888584355987,0,0.2059812888381519,0,0.05635187029838562,0
977,0,Bronze,low_value,0.534815876218659,1,0.49723656603292055,1,0.5644934774252066,1,0.5326224809918235,1,0.5420418058006166,1,0.4963236065253325,1,0.44693070674343044,1,0.8621149659156799,1
978,0,Silver,mid_value,0.17007414531878234,0,0.2304288794817149,0,0.4074703085700338,0,0.37483619777149363,0,0.4691000379601526,0,0.4357687045557165,1,0.36847739497332777,1,0.7777115106582642,1
979,0,Platinum,high_value,0.5382890812763491,1,0.5952694535044397,1,0.5420724384841002,1,0.6060013861722553,1,0.5834414280768823,1,0.4734951419632691,1,0.39887386402934727,1,0.795814573764801,1
980,1,Silver,mid_value,0.4457641580197577,0,0.4997130757995279,1,0.5668320602366199,1,0.5632395747025553,1,0.5779111827163529,1,0.5113954490882444,1,0.5451469641700156,1,0.48147904872894287,1
981,0,Bronze,low_value,0.2220760872849103,0,0.257874243374355,0,0.42128902100033727,0,0.39239928307704014,0,0.4302336124519008,0,0.2542995976579142,0,0.2615580976180131,0,0.14061574637889862,0
982,0,Bronze,low_value,0.30866428774339416,0,0.328040450253075,0,0.3519069839009632,0,0.34423749901465844,0,0.43498621257750747,0,0.36163004980846786,1,0.3919357583206215,1,0.47392672300338745,1
983,0,Silver,mid_value,0.4596759737017916,0,0.42848913241759723,0,0.5894410787643637,1,0.6174037501538379,1,0.5607600759207484,1,0.6408537528774547,1,0.6474441460689357,1,0.8541306257247925,1
984,0,Bronze,low_value,0.30523349258475035,0,0.26728389219469073,0,0.4499677577972054,0,0.4989275161527129,1,0.46198095988732535,0,0.45904705646411254,1,0.36793752991045825,1,0.7558642029762268,1
985,0,Silver,mid_value,0.46827224136513595,0,0.4548861826407123,0,0.5367389180093461,1,0.5588020417797006,1,0.5510630359216354,1,0.45810207699367167,1,0.4002807204523043,1,0.1745140254497528,1
986,0,Bronze,low_value,0.5407710015573747,1,0.4963472741173826,1,0.5384114963026922,1,0.49797522456978655,1,0.5779016146126527,1,0.5675402258184853,1,0.5249056771656709,1,0.7512131929397583,1
987,0,Bronze,low_value,0.21192035511423063,0,0.1916271144350642,0,0.3311378221281128,0,0.3495615583848888,0,0.41167335624566076,0,0.36923393832792306,1,0.3463606900996349,1,0.3125244081020355,1
988,0,Gold,high_value,0.28578799671777944,0,0.32469895756520695,0,0.5569066209688116,1,0.5510342699247783,1,0.5400511542903851,1,0.5325900271901414,1,0.5080534126733803,1,0.8052502274513245,1
989,0,Bronze,low_value,0.2745517999054315,0,0.29907097408020805,0,0.34996078588330787,0,0.3662466673013461,0,0.4282569044472685,0,0.3586388105377208,1,0.36182365668063704,1,0.5324615240097046,1
990,0,Platinum,high_value,0.7473490285188017,1,0.7738203578721216,1,0.689555450441686,1,0.7282091121351205,1,0.6241825348288066,1,0.7636701750150258,1,0.69044599597971,1,0.9448699355125427,1
991,0,Silver,mid_value,0.3711425139156918,0,0.3159091082468654,0,0.37766987558348036,0,0.39323675841417566,0,0.5094163624284334,1,0.43052233318235605,1,0.3759605100515407,1,0.37208792567253113,1
992,0,Bronze,low_value,0.25943650690698644,0,0.2814400799014871,0,0.3634742319233693,0,0.3462623203662883,0,0.4178395966996704,0,0.3724922141495983,1,0.3316534071314212,0,0.7645299434661865,1
993,0,Gold,high_value,0.36116657343088376,0,0.4299626527882538,0,0.4984015379864505,0,0.5344127250701463,1,0.55446169096476,1,0.42797762855318744,1,0.37832147400403715,1,0.7201082706451416,1
994,0,Bronze,low_value,0.2997941041121302,0,0.2741535677781896,0,0.43574561990212607,0,0.36606375361359483,0,0.5005748948090281,1,0.39868472676088434,1,0.1560998967011154,0,0.33728671073913574,1
995,0,Bronze,low_value,0.17731850462108673,0,0.16723110972441607,0,0.3879679892651439,0,0.4175282811612952,0,0.40625306621278484,0,0.4170773516191706,1,0.34878956290990165,1,0.3793490529060364,1
996,0,Bronze,low_value,0.2424560609830974,0,0.23580765892073172,0,0.34125072960111624,0,0.3760524920427717,0,0.449122715859479,0,0.4283634562194536,1,0.32691599540331434,0,0.4206809103488922,1
997,0,Silver,mid_value,0.3922499334100859,0,0.4139786538770421,0,0.4744469670086366,0,0.5273018063002383,1,0.5217384525207561,1,0.5504883111710207,1,0.4291121081418081,1,0.320227712392807,1
998,0,Silver,mid_value,0.40910525856604574,0,0.47917773726172974,1,0.5606570373957195,1,0.5191029239828302,1,0.5573211503622345,1,0.505268612352892,1,0.5438071700957879,1,0.795667827129364,1
999,0,SME,mid_value,0.10435310913085406,0,0.14068568318298355,0,0.5232408396453372,1,0.5465475670710096,1,0.5750206326867875,1,0.4519744168545607,1,0.4264100724453476,1,0.774425208568573,1
1000,0,Silver,mid_value,0.4090425816323093,0,0.36051430072988677,0,0.5670412111791544,1,0.5670274021914985,1,0.5201400795048903,1,0.4962824519962486,1,0.46159158004482354,1,0.7455075979232788,1
1001,0,Bronze,low_value,0.2504588852052502,0,0.27188622857579153,0,0.4045171467649397,0,0.3763792894283926,0,0.4946573782057956,0,0.47590358540551,1,0.5163118790763511,1,0.742009162902832,1
1002,0,Gold,high_value,0.2272543214274614,0,0.23970852551497043,0,0.5025986301043978,1,0.5105271130683513,1,0.5223070310140363,1,0.3553706973587681,1,0.42886436899620767,1,0.04754165560007095,0
1003,0,Bronze,low_value,0.2940364556067769,0,0.31289398271655716,0,0.34516235812870855,0,0.3305331802304614,0,0.4138105338994345,0,0.4173651040911378,1,0.39268213756383236,1,0.6060554385185242,1
1004,0,Bronze,low_value,0.3263739905710085,0,0.2721343973307373,0,0.5031824015386913,1,0.4871181681271463,1,0.4897577436957314,0,0.48173865882058725,1,0.5224779363290304,1,0.4778948128223419,1
1005,0,Gold,high_value,0.25679901110575604,0,0.18997732581670979,0,0.5519275623457628,1,0.5383126004394841,1,0.5608079189819313,1,0.27361587181694785,0,0.3493441029254877,1,0.24942198395729065,1
1006,0,Bronze,low_value,0.1908301453746886,0,0.2115929457714581,0,0.39181935286915837,0,0.35221466256617506,0,0.4206575366440135,0,0.21898228688062096,0,0.2811585960700582,0,0.500447154045105,1
1007,0,Bronze,low_value,0.40270847752902333,0,0.3741021830118615,0,0.39747343120425943,0,0.45063699047539285,1,0.4640952013407902,0,0.4944000687464255,1,0.4853499097143812,1,0.38735175132751465,1
1008,0,Silver,mid_value,0.2587797503484922,0,0.27757920693104443,0,0.44702992003731024,0,0.4569363872351609,1,0.4911936273224792,0,0.4048221972708262,1,0.3936118198174289,1,0.13235461711883545,0
1009,0,Bronze,low_value,0.02698521425496542,0,0.020180068429432384,0,0.32785062693844075,0,0.3105152371731475,0,0.40812118916934353,0,0.09126201510880959,0,0.11130127566595018,0,0.060457102954387665,0
1010,0,Silver,mid_value,0.2436249882986939,0,0.1496325594581394,0,0.5042376185684231,1,0.48834318961106615,1,0.5333960191779484,1,0.14242117248432531,0,0.12001391957690528,0,0.11329756677150726,0
1011,0,Gold,high_value,0.5581538920824566,1,0.5066718895883162,1,0.6951890177013822,1,0.6558782928018099,1,0.6586486525296611,1,0.5048944895966019,1,0.22811918833612946,0,0.4564460813999176,1
1012,0,Silver,mid_value,0.25162597285731525,0,0.26889961777698485,0,0.3679936373515972,0,0.3663170154223368,0,0.4548924356066834,0,0.4197252322440876,1,0.40171608542006776,1,0.24599649012088776,1
1013,0,Iron,low_value,0.060520212130287195,0,0.07967654702970267,0,0.3455278571844129,0,0.3511000045017277,0,0.40410067236839875,0,0.24513710282207635,0,0.14251445333020085,0,0.18656277656555176,1
1014,0,Gold,high_value,0.002063314162732997,0,0.005551829979524737,0,0.5984413187775599,1,0.5594132499589,1,0.5784217261134361,1,0.07683812085926219,0,0.06503250681818375,0,0.21909748017787933,1
1015,0,Gold,high_value,0.4063049939425869,0,0.501562341216372,1,0.6226947647975226,1,0.6002661868986722,1,0.6080197571370748,1,0.6269323750881001,1,0.6655505749018826,1,0.6754028797149658,1
1016,0,Silver,mid_value,0.1781145373223577,0,0.19832663069922943,0,0.41830312960475374,0,0.38060642682689844,0,0.483226821619111,0,0.38768659074135103,1,0.25779294999189867,0,0.058001112192869186,0
1017,0,Silver,mid_value,0.31463532123949384,0,0.2832577571669428,0,0.4315518473235766,0,0.4932003482320213,1,0.463362168257787,0,0.5319226997837776,1,0.524670347574144,1,0.2957390546798706,1
1018,0,Bronze,low_value,0.2637664630024724,0,0.2944951185976831,0,0.3753939256627107,0,0.3601692445665392,0,0.43385898136576617,0,0.3817272671019622,1,0.4470777415198747,1,0.6615376472473145,1
1019,0,Bronze,low_value,0.23734594250262248,0,0.19885800987558358,0,0.3527218653044313,0,0.33447815945744996,0,0.3968476230306324,0,0.39753584219867893,1,0.40429542083351827,1,0.7648678421974182,1
1020,0,Platinum,high_value,0.4086428602101076,0,0.41060411406564573,0,0.5253565800617648,1,0.5524398307218678,1,0.54913292620544,1,0.5608228205355885,1,0.49960672749963575,1,0.5561810731887817,1
1021,0,Platinum,high_value,0.6284032709795072,1,0.4656893632500291,1,0.5147736723946862,1,0.5621015244868502,1,0.5537718277429134,1,0.37464651329611975,1,0.24272478629001168,0,0.17866340279579163,1
1022,0,Silver,mid_value,0.7271121577204206,1,0.6684464291759504,1,0.491650095157668,0,0.611147546995067,1,0.5753428260050242,1,0.4666876366309568,1,0.3031654187884658,0,0.09315668791532516,0
1023,0,Gold,high_value,0.3796478377049091,0,0.4585719648419697,0,0.606774555281725,1,0.5918906433081211,1,0.5742399190210502,1,0.47295934071178436,1,0.5412822854179317,1,0.7311035990715027,1
1024,0,Bronze,low_value,0.1825101262332358,0,0.21130674491716828,0,0.37984811818763803,0,0.33320011891993384,0,0.42959596248780657,0,0.226005254030394,0,0.28907538442561387,0,0.4208986163139343,1
1025,0,Bronze,low_value,0.5807876237053132,1,0.4713771837775955,1,0.3965033705289331,0,0.43327858314350437,0,0.515185479001828,1,0.5139467693545584,1,0.45859074722078824,1,0.4661724865436554,1
1026,0,Gold,high_value,0.06118203474339896,0,0.09381148203120544,0,0.3419809099638255,0,0.33886649606170083,0,0.34968748187059767,0,0.2054719898696006,0,0.1295251235151375,0,0.016536153852939606,0
1027,0,Gold,high_value,0.4974604434741977,0,0.54238380108427,1,0.6351247027233102,1,0.6110711747173547,1,0.5768007624298088,1,0.6150275070875426,1,0.6081893461039508,1,0.9015326499938965,1
1028,0,Silver,mid_value,0.21492227670598768,0,0.2461584607903369,0,0.3171369488791992,0,0.33659612516921267,0,0.42100584982106454,0,0.35914539353041064,1,0.33517868029055486,0,0.11026424169540405,0
1029,0,SME,mid_value,0.40796221600737786,0,0.3837386937442947,0,0.5196500352702316,1,0.49996456760362323,1,0.5737381376695774,1,0.32766029856203105,0,0.472259217084524,1,0.8091006875038147,1
1030,0,Silver,mid_value,0.3929275292543023,0,0.3872699205516277,0,0.5517341044860318,1,0.5607067885133431,1,0.5400511542903851,1,0.5533537732983681,1,0.5578191891432397,1,0.8698495626449585,1
1031,1,Bronze,low_value,0.38659165243054355,0,0.33152523429282627,0,0.5196867803523616,1,0.5164935929632847,1,0.5023923842117229,1,0.5477802023579385,1,0.4862548782628445,1,0.8834115862846375,1
1032,0,Silver,mid_value,0.3448438684992892,0,0.30196328942945055,0,0.5227253964194262,1,0.556572410284887,1,0.5175952273050843,1,0.5157980858063069,1,0.49527781331116566,1,0.641173243522644,1
1033,0,Silver,mid_value,0.27089345873974924,0,0.2954947814993454,0,0.47870417845959834,0,0.48752936649589684,1,0.49928682111505074,0,0.5507868158979816,1,0.5466470524485386,1,0.6108514070510864,1
1034,0,Bronze,low_value,0.21453314955175912,0,0.24394384055961846,0,0.333325795485177,0,0.3431531499947556,0,0.43166673980114617,0,0.33965027934827996,0,0.26792053347363837,0,0.08983233571052551,0
1035,0,Bronze,low_value,0.2892495621758112,0,0.2554457855043889,0,0.38857909209250374,0,0.37001064351262875,0,0.4178395966996704,0,0.3852758398311621,1,0.38472469036388324,1,0.8661618828773499,1
1036,0,Silver,mid_value,0.30666039239421333,0,0.37387248462656847,0,0.44449575686334564,0,0.45121277944366306,1,0.4775102916304812,0,0.43114141716937726,1,0.40926422841395654,1,0.7331359386444092,1
1037,0,Bronze,low_value,0.3664542384313283,0,0.3799599042316804,0,0.4832749575632073,0,0.482128743238443,1,0.5140984792512466,1,0.44516079902821276,1,0.39575074954287986,1,0.8442389965057373,1
1038,0,Bronze,low_value,0.19489151114172082,0,0.17955906120058082,0,0.3749473520673391,0,0.41378962156595445,0,0.4143522888413619,0,0.47817339088857586,1,0.4609733624961365,1,0.40203893184661865,1
1039,0,Gold,high_value,0.5222620938371443,1,0.5276347414418434,1,0.6045598038391728,1,0.5856850839452531,1,0.5939128045804687,1,0.5892366876988395,1,0.5700316699521135,1,0.8493754863739014,1
1040,0,Silver,mid_value,0.3169306009904756,0,0.41036314827796067,0,0.5367547816483537,1,0.49173154592860535,1,0.530967112977419,1,0.4641036691210392,1,0.561979630600483,1,0.8411394357681274,1
1041,0,Bronze,low_value,0.2816077174802868,0,0.27607929307074697,0,0.4514301923346186,0,0.4377855193428902,0,0.4650461055977589,0,0.48662361784188674,1,0.5461166145727979,1,0.8241459131240845,1
1042,1,Platinum,high_value,0.531655133641572,1,0.5710868423707448,1,0.6737903602592377,1,0.6960944714938829,1,0.6546792542235179,1,0.7580717949852678,1,0.7649012910892303,1,0.9556792974472046,1
1043,0,Gold,high_value,0.43976330311821843,0,0.5026538207897558,1,0.5657962339756669,1,0.6389926841420548,1,0.599051104981269,1,0.47444584591488626,1,0.32163042426331945,0,0.24412313103675842,1
1044,0,Platinum,high_value,0.4290218673263045,0,0.4335182786449657,0,0.53456460445849,1,0.5340953263451957,1,0.5502639168319559,1,0.49756331896919476,1,0.45663272932331145,1,0.6402138471603394,1
1045,0,Bronze,low_value,0.37389636959949674,0,0.3282625027368572,0,0.3578004099295785,0,0.35567129505689654,0,0.43480562499276115,0,0.31265596741894397,0,0.2926663395887196,0,0.3054370582103729,1
1046,0,Bronze,low_value,0.2423662801130097,0,0.24921469352159634,0,0.3510810671389889,0,0.32468839996494653,0,0.44636733230466047,0,0.14181657295677616,0,0.18596351572805503,0,0.19527311623096466,1
1047,0,Bronze,low_value,0.18404976964637032,0,0.17143812947738685,0,0.4219547825008875,0,0.4493759762398502,1,0.410323226041126,0,0.46458849823946236,1,0.4521872748241762,1,0.6173887848854065,1
1048,0,Gold,high_value,0.457507622919852,0,0.43078782116430747,0,0.5955186083632316,1,0.6202647753771938,1,0.5570877065155646,1,0.5945055063391349,1,0.5482714850050678,1,0.7775855660438538,1
1049,0,Bronze,low_value,0.41668150072982213,0,0.4135031207157807,0,0.5147412369192792,1,0.5328356697397751,1,0.4980170833216279,0,0.5357615522904451,1,0.5084058820206145,1,0.7718751430511475,1
1050,0,Bronze,low_value,0.2925932008296611,0,0.32306603164898395,0,0.35242813077328955,0,0.3305331802304614,0,0.42414484450232204,0,0.4205235630068158,1,0.4120925953263552,1,0.5767927765846252,1
1051,0,Gold,high_value,0.2251549810639709,0,0.27946143445783783,0,0.43389918427528934,0,0.43877226944075853,0,0.5315763532685877,1,0.4057477156634246,1,0.3993236971305629,1,0.5855465531349182,1
1052,0,Platinum,high_value,7.304015764631227e-07,0,9.753023301241166e-07,0,0.46298495180922106,0,0.43646327354673836,0,0.5509924541180857,1,0.09467537833537208,0,0.13400450540070083,0,0.026197267696261406,0
1053,0,Bronze,low_value,0.30063345778713285,0,0.3095954331209712,0,0.31846551204260914,0,0.3154423671319437,0,0.4282569044472685,0,0.37422681884345016,1,0.3518525027587667,1,0.7432661056518555,1
1054,0,Bronze,low_value,0.3540142029348764,0,0.3121477055545699,0,0.4312949695564772,0,0.38140058148253414,0,0.4758469687694773,0,0.31267292951136394,0,0.3339089445577416,0,0.2531667649745941,1
1055,0,Silver,mid_value,0.4421671249157045,0,0.5121827302560976,1,0.590235141748225,1,0.5146646693352471,1,0.5697468028468752,1,0.4722579662731615,1,0.5801844186332831,1,0.8448021411895752,1
1056,0,Iron,low_value,0.026478307616006603,0,0.058028878319510195,0,0.36362931574302976,0,0.3561437684394695,0,0.4388389282712909,0,0.2693531971217759,0,0.3050492864315832,0,0.1899184286594391,1
1057,0,Bronze,low_value,0.1609410105353311,0,0.16866542152577543,0,0.36894741664310154,0,0.3503764689126529,0,0.3969126078212944,0,0.16708981134430245,0,0.21840964251454825,0,0.32260164618492126,1
1058,0,Bronze,low_value,0.3255939461098852,0,0.32663077159509296,0,0.3807923087308252,0,0.3959712984235202,0,0.43077656219252514,0,0.3172942859008119,0,0.3697312882396965,1,0.5392524003982544,1
1059,1,Platinum,high_value,0.4475021821730959,0,0.48015201665927343,1,0.6438170253147106,1,0.6322308924934266,1,0.6207216247597122,1,0.6736107861706234,1,0.6331510815172378,1,0.9273865222930908,1
1060,0,Gold,high_value,0.36101127735625826,0,0.40121123017623905,0,0.5528789630271653,1,0.5476672070284165,1,0.5400511542903851,1,0.5379924806249243,1,0.5531595641805839,1,0.7557671666145325,1
1061,1,Gold,high_value,0.5100113791472283,1,0.5494034101311434,1,0.5480657874946042,1,0.5846121830193317,1,0.5413256747446741,1,0.5551792902697991,1,0.5396401046069529,1,0.8638020753860474,1
1062,0,Silver,mid_value,0.28935287443882146,0,0.2722171715859054,0,0.5275807642739745,1,0.5360937240661405,1,0.534889483641121,1,0.5559779271443284,1,0.5425476845115382,1,0.5729605555534363,1
1063,0,Gold,high_value,0.273607312285893,0,0.3157417447654866,0,0.5471010918844388,1,0.5290159218200075,1,0.5481668073002443,1,0.5280283029149055,1,0.5595862599477929,1,0.8280866742134094,1
1064,0,Silver,mid_value,0.23784740766079937,0,0.23218425743007276,0,0.31295246948533256,0,0.3294188409598195,0,0.40920354918825497,0,0.3226990075762663,0,0.2904446655383333,0,0.3032698929309845,1
1065,0,Gold,high_value,0.3041066197757694,0,0.3544233113936127,0,0.5451677738877402,1,0.5567539253186841,1,0.5372500839765476,1,0.39188718642508896,1,0.5203715385457865,1,0.2940591275691986,1
1066,0,Iron,low_value,0.034668995566263974,0,0.064932732971022,0,0.3702000524497898,0,0.3013193106220619,0,0.42248024512512217,0,0.189796854112622,0,0.2957228326577465,0,0.13793063163757324,0
1067,0,SME,mid_value,0.015051027193222908,0,0.03223763179450125,0,0.2383065881621996,0,0.21868884582198003,0,0.3101445433483544,0,0.012409547790773868,0,0.015401249397950156,0,0.003876456758007407,0
1068,0,Bronze,low_value,0.34603234688861034,0,0.3454751989212301,0,0.4058375142396584,0,0.43437733053859234,0,0.46878260764843593,0,0.4249285504863078,1,0.4340436000716119,1,0.697801411151886,1
1069,0,Gold,high_value,0.5398707963869969,1,0.583689176035788,1,0.5968810416519863,1,0.667405542509286,1,0.5677495149651921,1,0.6928034964408353,1,0.6218811672908822,1,0.7547976970672607,1
1070,0,Bronze,low_value,0.32701389576730655,0,0.33770761325756765,0,0.4789199286341532,0,0.4100875658006231,0,0.5109210878847035,1,0.08978687015070738,0,0.46386505529048117,1,0.6344602108001709,1
1071,0,Silver,mid_value,0.4006553554296808,0,0.3357620218152682,0,0.5096560956569927,1,0.5073677924528429,1,0.5210525741498039,1,0.4550022571128988,1,0.49786576285974293,1,0.3017820715904236,1
1072,0,Bronze,low_value,0.40757001691471184,0,0.32550682254547475,0,0.4476687565657288,0,0.4963186824799935,1,0.45297908816635146,0,0.5320767150414363,1,0.4999638957556379,1,0.7608604431152344,1
1073,0,Gold,high_value,0.2866123807642629,0,0.3637794162659565,0,0.5507287912858992,1,0.5417142685963579,1,0.5400511542903851,1,0.49454509668112834,1,0.5044431141513568,1,0.6782488226890564,1
1074,0,Bronze,low_value,0.3602175797608916,0,0.3480855723400325,0,0.49052768210643527,0,0.47465806757230594,1,0.5114614186835584,1,0.49982118737192066,1,0.2730852885884928,0,0.4047705829143524,1
1075,0,Gold,high_value,0.045320024467398946,0,0.04149119049080459,0,0.48758579160907994,0,0.5140751777876786,1,0.5137850538100545,1,0.2190714043124281,0,0.30143774161100556,0,0.011156768538057804,0
1076,0,Silver,mid_value,0.4444995722387767,0,0.41672485346187493,0,0.5586540230102522,1,0.5796656493039678,1,0.5347046194867324,1,0.5760905637313964,1,0.5823694893624044,1,0.5552840828895569,1
1077,0,Silver,mid_value,0.4529257312665622,0,0.36955442277296563,0,0.5734084850237281,1,0.5813189928567383,1,0.5144693559234836,1,0.6221246613516288,1,0.6085521497817995,1,0.6166930794715881,1
1078,0,Silver,mid_value,0.15617148168790942,0,0.16490141811279962,0,0.43011412500945995,0,0.4601092993295753,1,0.46198095988732535,0,0.49480694192265207,1,0.3682930743805859,1,0.4109686315059662,1
1079,0,Bronze,low_value,0.3622706803854319,0,0.3127197438881414,0,0.5028316800638991,1,0.49648763522782846,1,0.5023923842117229,1,0.5287760002657402,1,0.5055571348885999,1,0.7852256298065186,1
1080,0,Silver,mid_value,0.30881563044259114,0,0.2523600301518682,0,0.5151593953921165,1,0.5188742465959959,1,0.49861966035374844,0,0.5580310654173285,1,0.513959836675636,1,0.7052857279777527,1
1081,1,Bronze,low_value,0.19469055145872047,0,0.25251239413284327,0,0.29205723708854414,0,0.25836144504508896,0,0.4253130621328739,0,0.24799389019592483,0,0.16607696752366646,0,0.12554600834846497,0
1082,0,Gold,high_value,0.6132349886536642,1,0.6522905092526379,1,0.663980844094317,1,0.6659551146487804,1,0.5940542336890415,1,0.690610672136535,1,0.7030480919088107,1,0.9546364545822144,1
1083,1,SME,mid_value,0.744897823866366,1,0.6614389526288353,1,0.558926214642481,1,0.5891730151616567,1,0.6077906817285961,1,0.5202744007728315,1,0.32907108358878745,0,0.5064297318458557,1
1084,0,Silver,mid_value,0.47025033834660424,0,0.4620419908799429,1,0.5585997658387921,1,0.5554618453205863,1,0.5316438985769845,1,0.4998082745767587,1,0.5002065926096494,1,0.5531485080718994,1
1085,0,Bronze,low_value,0.24138233915631774,0,0.27316731148615436,0,0.41462508649516905,0,0.4029313640822459,0,0.43385898136576617,0,0.3768854935415792,1,0.3972935751443962,1,0.2810840308666229,1
1086,0,Bronze,low_value,0.14194193424528423,0,0.053202289516093584,0,0.3584171813447554,0,0.3290528157133343,0,0.41513654485321655,0,0.29564322386075753,0,0.26553068866624907,0,0.06655452400445938,0
1087,0,Gold,high_value,0.3039191237563224,0,0.358220150449407,0,0.581530642739379,1,0.5546992034608144,1,0.5966703499168243,1,0.546380069286722,1,0.5885270895457295,1,0.726786732673645,1
1088,0,Bronze,low_value,0.3497101776956024,0,0.322077047094701,0,0.4402861543447063,0,0.4532612050110052,1,0.43669973915997096,0,0.44482599461260136,1,0.4438568781729435,1,0.6331591010093689,1
1089,0,Bronze,low_value,0.3547801163239524,0,0.3323884752803036,0,0.45519881232250403,0,0.4586899623878399,1,0.466358749012879,0,0.4793295723576812,1,0.4850017748604715,1,0.7363446950912476,1
1090,0,Iron,low_value,0.27963334527503103,0,0.21030755311375632,0,0.43169616120486276,0,0.4836352969882378,1,0.47861543851861166,0,0.06862743816706356,0,0.06882477780764028,0,0.029773686081171036,0
1091,0,Platinum,high_value,0.5608894363868118,1,0.620687576567591,1,0.5969359628583152,1,0.5826626292427729,1,0.613243938865089,1,0.6346433254783447,1,0.5027688014077919,1,0.7771732211112976,1
1092,0,Gold,high_value,0.4180109225416433,0,0.38527303299679877,0,0.4765971338056662,0,0.47639999200338035,1,0.5402208618467494,1,0.3852011050445624,1,0.3683003448813179,1,0.3118732273578644,1
1093,0,Bronze,low_value,0.2643117717963825,0,0.3172546624398339,0,0.40947289336267745,0,0.38293526661797783,0,0.4726753533716882,0,0.43372713268345636,1,0.424191808950226,1,0.8098906874656677,1
1094,1,Silver,mid_value,0.48744800811348027,0,0.502463872878208,1,0.5381963768770132,1,0.5141248949203877,1,0.5595094943122713,1,0.5017572592438665,1,0.576483735496627,1,0.8478257656097412,1
1095,0,Gold,high_value,0.7105833588234503,1,0.6993962382601859,1,0.6241061395598121,1,0.6251298683091603,1,0.5875098777081257,1,0.6262501277747092,1,0.703943482208436,1,0.737298846244812,1
1096,0,Bronze,low_value,0.4618674660754811,0,0.3522606250382875,0,0.4369583639234833,0,0.4761956407521869,1,0.4521495927260359,0,0.5303072071530285,1,0.48607861082571785,1,0.623801589012146,1
1097,0,Bronze,low_value,0.30315790549891963,0,0.31556509422644563,0,0.40998988088085825,0,0.3896274144311648,0,0.42414484450232204,0,0.43219524922899855,1,0.3786020569732494,1,0.7746983170509338,1
1098,0,Gold,high_value,0.3233636407450948,0,0.30445062104888604,0,0.5425360996882223,1,0.5250554763601977,1,0.5369230582723916,1,0.5348401413973691,1,0.5271089254713129,1,0.6746228933334351,1
1099,0,Platinum,high_value,0.5150290014831954,1,0.5512374087787068,1,0.6505653863576951,1,0.5881414896560654,1,0.6322468906680709,1,0.6575750677958881,1,0.5277037987464934,1,0.8912957310676575,1
1100,0,Silver,mid_value,0.3702826328512297,0,0.30050200938881766,0,0.5570506482352565,1,0.5404873400283847,1,0.5210525741498039,1,0.5848355724541519,1,0.5847276429604219,1,0.6787782907485962,1
1101,0,Silver,mid_value,0.5112307417488616,1,0.4777308549297807,1,0.5837462607376035,1,0.5463698933969254,1,0.575138772704667,1,0.5195055704245867,1,0.5509355802334097,1,0.5136843323707581,1
1102,0,Platinum,high_value,0.5756154570919719,1,0.5895032547382703,1,0.5592821981823787,1,0.6219612868547975,1,0.6169508384213007,1,0.49873211603157686,1,0.4539029523066912,1,0.6700323224067688,1
1103,0,Silver,mid_value,0.1512413659349527,0,0.09570451675207582,0,0.519066579482859,1,0.5345552665282817,1,0.515963442268718,1,0.4021003910132598,1,0.4004055898977621,1,0.2623387575149536,1
1104,0,Gold,high_value,0.6899070174899111,1,0.7040194290869433,1,0.686384398167679,1,0.6587422050626709,1,0.6019042377790669,1,0.47708817124735764,1,0.4632814219498459,1,0.7459185719490051,1
1105,0,Bronze,low_value,0.2745517999054315,0,0.23753022107663502,0,0.36908092474898774,0,0.3662466673013461,0,0.3961429886866508,0,0.3776091088902215,1,0.353601267407853,1,0.7912353873252869,1
1106,0,Gold,high_value,0.1861951479989376,0,0.18421468475493413,0,0.49177756599802763,0,0.48688617128913625,1,0.5103372635890623,1,0.34105993088056563,0,0.37993527795445486,1,0.04856862127780914,0
1107,1,Silver,mid_value,0.23637902808646732,0,0.2053233611800503,0,0.5214760483392965,1,0.504752978884927,1,0.5184083090142835,1,0.5289884410943213,1,0.5629894428970028,1,0.7564679980278015,1
1108,0,Silver,mid_value,0.22906798510168372,0,0.24245028592459605,0,0.46968370349255517,0,0.42287379359770133,0,0.5214259577199621,1,0.3882381778357633,1,0.32246715918501906,0,0.7361752390861511,1
1109,0,Iron,low_value,0.1098452999081752,0,0.15068745408952242,0,0.5528204627131736,1,0.5301808107858627,1,0.5191344320426119,1,0.27536121930172475,0,0.28367286171632056,0,0.21711164712905884,1
1110,0,Gold,high_value,0.2526114760451995,0,0.29736792740602824,0,0.5414428695558692,1,0.5434884630125922,1,0.5400511542903851,1,0.5237927904655287,1,0.5364836127667533,1,0.7727632522583008,1
1111,0,SME,mid_value,0.7550227553488053,1,0.7678681854408469,1,0.6104601212493133,1,0.6395043928675537,1,0.5835119066943649,1,0.5966039460131646,1,0.6842186523118813,1,0.9341339468955994,1
1112,0,Gold,high_value,0.3530621110068952,0,0.395532587634542,0,0.5034677408430339,1,0.5280767596395184,1,0.5412760001045027,1,0.4872129286581558,1,0.45685558862829223,1,0.3873039186000824,1
1113,0,Silver,mid_value,0.3571788169396917,0,0.2773930028057867,0,0.4979677140327564,0,0.4900271621888781,1,0.5223070310140363,1,0.3059979600747804,0,0.41355352385342414,1,0.10218694061040878,0
1114,0,Bronze,low_value,0.20791729064901507,0,0.1796344437903057,0,0.3202773504907389,0,0.3186710856009388,0,0.38730355813017014,0,0.3563375492354113,1,0.2960229857849983,0,0.4175332486629486,1
1115,0,Bronze,low_value,0.36063424542407774,0,0.3754840240910388,0,0.4074894688066192,0,0.3963482067861371,0,0.4286946466246929,0,0.42429265956052276,1,0.3191024207404561,0,0.5551078915596008,1
1116,0,Bronze,low_value,0.178464241325141,0,0.16143466642426002,0,0.25795232520749256,0,0.26287985360830207,0,0.4013342050212665,0,0.13600915592188623,0,0.18322813540109587,0,0.14449310302734375,0
1117,0,Bronze,low_value,0.15745182362965532,0,0.1469478263135604,0,0.3306736283374297,0,0.39391401449004454,0,0.4357991384502923,0,0.3029415652766821,0,0.23438513929832538,0,0.25616204738616943,1
1118,0,Gold,high_value,0.4617269654875377,0,0.4243543416527611,0,0.5692477695009514,1,0.581945245769846,1,0.559283184218972,1,0.5935777166271085,1,0.6090251981506296,1,0.667479932308197,1
1119,0,Platinum,high_value,0.44656916709055217,0,0.4852463099336181,1,0.502939996798077,1,0.5366593877682234,1,0.5412274561697195,1,0.467918297726784,1,0.2866725675829904,0,0.7598442435264587,1
1120,0,Bronze,low_value,0.1800049153922344,0,0.18191929106374943,0,0.3304940686560574,0,0.312866365154558,0,0.39760927590881256,0,0.1902858631149063,0,0.18462764350042452,0,0.04306420311331749,0
1121,0,Bronze,low_value,0.3552309885278107,0,0.3212474094328723,0,0.4330614441735024,0,0.4286680937093043,0,0.48758466221673896,0,0.26687084311715237,0,0.30047427745516286,0,0.5516975522041321,1
1122,0,Silver,mid_value,0.11769413301824776,0,0.13472038513752024,0,0.27059895831760533,0,0.2867704557100088,0,0.35113710515112473,0,0.1610111993858066,0,0.03824516810280604,0,0.0047716316767036915,0
1123,0,Silver,mid_value,0.3283995061895503,0,0.3348491134115827,0,0.5430198980106948,1,0.5772606392063125,1,0.5293546156882576,1,0.4646511789984157,1,0.44493705347278856,1,0.6354361772537231,1
1124,0,Gold,high_value,0.4554910503586223,0,0.5173429328423708,1,0.5880735614951899,1,0.585413944808106,1,0.5873751461873491,1,0.49172577325866523,1,0.5771584760980969,1,0.6217432022094727,1
1125,0,Silver,mid_value,0.10761822526552302,0,0.07874437508760768,0,0.5162893212208304,1,0.5284037108479278,1,0.5017188716732527,1,0.34228216301022457,0,0.2166123856643158,0,0.03485366329550743,0
1126,0,Gold,high_value,0.31416284433374964,0,0.4027435498631989,0,0.5537987012246351,1,0.532152047488514,1,0.5503471917610038,1,0.5150870048620164,1,0.5116517319610929,1,0.7799694538116455,1
1127,0,Silver,mid_value,0.3631532052488045,0,0.3883222558802457,0,0.5207755174945583,1,0.5097880007422662,1,0.5749427288053035,1,0.572636905962926,1,0.5181907568757916,1,0.7748959064483643,1
1128,0,Gold,high_value,0.4408121324211475,0,0.40538098563150027,0,0.5916978298635747,1,0.6064058848911685,1,0.5488268208164682,1,0.5838267472331132,1,0.5537870504852407,1,0.5756949782371521,1
1129,0,Gold,high_value,0.28399444105336363,0,0.33634659793805194,0,0.49398038828907986,0,0.546385168018997,1,0.563295985229358,1,0.37651978202092407,1,0.2809694841396214,0,0.30944475531578064,1
1130,0,Bronze,low_value,0.38749220323576533,0,0.36842411741978576,0,0.5161604109367839,1,0.5323126950496504,1,0.5023923842117229,1,0.533849831905973,1,0.5061424402126888,1,0.6747934222221375,1
1131,0,Gold,high_value,0.30814804786099603,0,0.3635872524597113,0,0.5555425958036124,1,0.523712791424232,1,0.5503471917610038,1,0.5252223054209092,1,0.563015130654554,1,0.798816442489624,1
1132,0,Bronze,low_value,0.26096164708712444,0,0.2605973287112882,0,0.36678187378187643,0,0.38057315848960416,0,0.4063115172759318,0,0.38277661054374146,1,0.18615981446405816,0,0.37625032663345337,1
1133,0,Gold,high_value,0.621473849258895,1,0.7001668551447404,1,0.5152764445885917,1,0.5816305903001855,1,0.5850805593869453,1,0.6618459086801182,1,0.46030683641031955,1,0.7382924556732178,1
1134,0,Bronze,low_value,0.3014345859596517,0,0.28703900272238625,0,0.367443977307435,0,0.3929524625458565,0,0.39545500499856107,0,0.46444758194180297,1,0.40236492766510906,1,0.6007686853408813,1
1135,0,Platinum,high_value,0.49619364557576595,0,0.5354177589571524,1,0.6390904369593162,1,0.6438784839443328,1,0.5953847072238595,1,0.6213476153036049,1,0.5896754111308852,1,0.6531640887260437,1
1136,0,Bronze,low_value,0.3683591755942334,0,0.36379764241677914,0,0.49334730641030416,0,0.49300575807960195,1,0.5043843423878024,1,0.44627231723751715,1,0.42195511268849617,1,0.9291432499885559,1
1137,0,Silver,mid_value,0.4353477244930128,0,0.4402395790290455,0,0.5656466023387842,1,0.5512963156356987,1,0.5470251128916158,1,0.5368161984235377,1,0.557339652456369,1,0.6496454477310181,1
1138,0,Gold,high_value,0.36456963549842,0,0.4413660075461612,0,0.4946610915845172,0,0.5421269123778188,1,0.5280657077694243,1,0.510879499448862,1,0.27310600838116494,0,0.44691166281700134,1
1139,0,Bronze,low_value,0.49211440712034,0,0.39184150698460823,0,0.5831370850656055,1,0.5773444805077734,1,0.5278610019202906,1,0.5559094230518189,1,0.5975861352208774,1,0.6763087511062622,1
1140,1,Bronze,low_value,0.3006541428932607,0,0.25875723236678805,0,0.3838763462578329,0,0.3784185945059378,0,0.3961429886866508,0,0.38923002761134445,1,0.3826707314465504,1,0.8389896750450134,1
1141,0,Gold,high_value,0.48308094866034784,0,0.5090934205072768,1,0.5484622277509074,1,0.5044007023442368,1,0.6268860405445115,1,0.4176507999748578,1,0.38479057361789,1,0.0964726135134697,0
1142,0,Silver,mid_value,0.45644354847453256,0,0.41278871377141685,0,0.522925319478777,1,0.5590073952165351,1,0.5091193521250089,1,0.5312649664182763,1,0.5317682423958022,1,0.7591162323951721,1
1143,0,Silver,mid_value,0.20342310103586597,0,0.1906898735952439,0,0.29914945214185285,0,0.2884275023064961,0,0.3918705892700734,0,0.2991190655854897,0,0.3210418022541601,0,0.5166709423065186,1
1144,0,Platinum,high_value,0.5720415341227792,1,0.5556541678855378,1,0.5616348700665523,1,0.5987231914683274,1,0.6172077909300212,1,0.6842874303016405,1,0.6609533826623714,1,0.85721355676651,1
1145,0,Silver,mid_value,0.30410354813634716,0,0.27642493982208227,0,0.49135775951494665,0,0.48674822549216645,1,0.5023923842117229,1,0.5301494827360498,1,0.5374595285459166,1,0.690307080745697,1
1146,0,Platinum,high_value,0.49514333085377404,0,0.5613627624696321,1,0.6160695542032082,1,0.592007979023779,1,0.5616595459417344,1,0.6231562865600839,1,0.6295636562031091,1,0.9007676839828491,1
1147,0,Bronze,low_value,0.362180975684192,0,0.3591562869367966,0,0.47679029755461505,0,0.4843865278009072,1,0.4799211980481358,0,0.3894184070123398,1,0.32402498116593104,0,0.4491851031780243,1
1148,0,Bronze,low_value,0.20765198911883773,0,0.23107596065319683,0,0.397225800141731,0,0.39633055404640244,0,0.410323226041126,0,0.25601380447663485,0,0.3058224647650255,0,0.43225911259651184,1
1149,1,Silver,mid_value,0.5039992548566332,1,0.4318008782486967,0,0.5440842959626816,1,0.5247984285182286,1,0.5558631306545428,1,0.570314152154115,1,0.5914482008118339,1,0.7941913604736328,1
1150,0,Bronze,low_value,0.22366687109165678,0,0.22149536212519452,0,0.3682098168684897,0,0.40461579712446366,0,0.41211629391988386,0,0.4286470484722306,1,0.4242852312241001,1,0.736116349697113,1
1151,0,Bronze,low_value,0.21086060408469023,0,0.1934361719900388,0,0.350781117082609,0,0.35691898621021684,0,0.410323226041126,0,0.2554012712857031,0,0.285643578670421,0,0.5724599361419678,1
1152,0,Iron,low_value,0.04483568272819006,0,0.06959912177428797,0,0.33371936259495016,0,0.3540315339604707,0,0.410323226041126,0,0.27065368395024997,0,0.33200089819059875,0,0.41749438643455505,1
1153,0,Gold,high_value,0.06639318976402692,0,0.09680676897233427,0,0.33705116186705497,0,0.34132639123023845,0,0.3384873735506527,0,0.05936361181008249,0,0.054308991207748576,0,0.005195311736315489,0
1154,0,Bronze,low_value,0.23256632582092968,0,0.1893856365206751,0,0.4084827245417451,0,0.42485255287396806,0,0.44551009031125177,0,0.4594561892985849,1,0.4440003231865027,1,0.6060512065887451,1
1155,0,Bronze,low_value,0.5774113304004594,1,0.4835243621323774,1,0.5436401442067091,1,0.5459367507948623,1,0.5131661209036595,1,0.5220226878184913,1,0.5023829097433041,1,0.6252679228782654,1
1156,0,Bronze,low_value,0.3362651233778465,0,0.2911999134201477,0,0.42896506075913826,0,0.430227762230737,0,0.45310684225348197,0,0.4538715728320033,1,0.44324044838271587,1,0.894550621509552,1
1157,0,Gold,high_value,0.29420690805428723,0,0.32130243021883015,0,0.6057170738512303,1,0.5672154342579767,1,0.6393183441115594,1,0.5391842085856089,1,0.29903485751591335,0,0.3968866765499115,1
1158,0,Silver,mid_value,0.4065781749820004,0,0.36009985310685644,0,0.45355159244616383,0,0.4205423537813266,0,0.5314682320095718,1,0.3799655525725841,1,0.47087802594450157,1,0.6419181227684021,1
1159,0,Silver,mid_value,0.5919317962165365,1,0.5548419058547889,1,0.5536646399077789,1,0.5475627498204303,1,0.5400511542903851,1,0.5553737952100424,1,0.5726402395841983,1,0.5445729494094849,1
1160,0,Silver,mid_value,0.29965811371516493,0,0.26796473272782384,0,0.48149044911635025,0,0.5119730019417067,1,0.4802450643973339,0,0.4811441111673149,1,0.44737953668776703,1,0.5395171642303467,1
1161,0,Platinum,high_value,0.12576931916843948,0,0.14353461635336184,0,0.44152493813462906,0,0.42243481131652266,0,0.45335454738988873,0,0.21627610328296246,0,0.28831053788550154,0,0.197122722864151,1
1162,0,Platinum,high_value,0.49118435715284525,0,0.5336710571917489,1,0.5571386892409158,1,0.5986655772577862,1,0.5444080567656998,1,0.6396793857025157,1,0.561117774417015,1,0.8590312004089355,1
1163,0,Bronze,low_value,0.39873935385307036,0,0.3296113643620437,0,0.5944304331554945,1,0.6138894378981194,1,0.5369230582723916,1,0.6153294406354094,1,0.6086422338584377,1,0.811561644077301,1
1164,0,Bronze,low_value,0.26854692215788234,0,0.2778738459769277,0,0.35691132774487516,0,0.3614883953882034,0,0.42414484450232204,0,0.39821455704381103,1,0.48875049960026656,1,0.7695406675338745,1
1165,0,Silver,mid_value,0.37309273351145406,0,0.36527185814801294,0,0.5054965711294725,1,0.5356439948283159,1,0.5175952273050843,1,0.5138930386122698,1,0.4891470001267895,1,0.7741618752479553,1
1166,0,Silver,mid_value,0.4345167335653079,0,0.32416356770617993,0,0.4578522941880551,0,0.47748763525264976,1,0.5230691091078519,1,0.3971585901873894,1,0.2964526729211943,0,0.11597893387079239,0
1167,0,Silver,mid_value,0.18307398193541763,0,0.22935835280025813,0,0.2464449468491049,0,0.24442233892839077,0,0.4155473620052292,0,0.18202804439641998,0,0.08325426932749332,0,0.010929505340754986,0
1168,0,Gold,high_value,0.4089683509731345,0,0.40354846093029595,0,0.5620618333742383,1,0.5533867059577965,1,0.5502639168319559,1,0.4591097619168818,1,0.4975533216567536,1,0.7370707392692566,1
1169,0,Gold,high_value,0.09217118696137214,0,0.1382359938705929,0,0.3446907168301464,0,0.3456905958743263,0,0.4283048267709767,0,0.24896208720057109,0,0.28080064551285255,0,0.170295849442482,1
1170,0,Bronze,low_value,0.2130699397804209,0,0.20423129267846088,0,0.359447837246277,0,0.3736208859483617,0,0.44612614236023573,0,0.42368033613631134,1,0.32857835676883873,0,0.44549885392189026,1
1171,0,Silver,mid_value,0.3029079315062539,0,0.25574750602312574,0,0.447254894462357,0,0.46695295479000704,1,0.4632227796970244,0,0.4992613153301802,1,0.4856374344887734,1,0.7221547365188599,1
1172,0,Silver,mid_value,0.37038490965884646,0,0.3521533593673526,0,0.5553797897934509,1,0.5404873400283847,1,0.5315260562585606,1,0.5516036708327388,1,0.5864534902406685,1,0.7472889423370361,1
1173,0,Bronze,low_value,0.5443800293274125,1,0.5034146134833395,1,0.543515871108462,1,0.5343295578922548,1,0.5818794098260943,1,0.5689141133380881,1,0.5046770050616428,1,0.4935196340084076,1
1174,0,Platinum,high_value,0.4475327086515827,0,0.4989450681014205,1,0.5454465347366887,1,0.5543079122284227,1,0.5766205541720891,1,0.36337077080392827,1,0.3362951763753314,0,0.7902025580406189,1
1175,0,Bronze,low_value,0.31915152922928747,0,0.3263181110848424,0,0.38585602493283444,0,0.3638594190437216,0,0.4545777456220619,0,0.3638184529750691,1,0.3916623705358417,1,0.42595571279525757,1
1176,0,Silver,mid_value,0.2817119344344573,0,0.274335499390366,0,0.5329354929528435,1,0.5272143572837612,1,0.5196541192276509,1,0.33180824117807606,0,0.4649346809434531,1,0.20299869775772095,1
1177,1,Silver,mid_value,0.5166656598683009,1,0.43403274873700826,0,0.5673527438305634,1,0.5693103226053826,1,0.5326891765637997,1,0.5655437109745084,1,0.5644051714505608,1,0.7055073976516724,1
1178,0,Bronze,low_value,0.3116017118736299,0,0.2650061681022155,0,0.3211164490207058,0,0.30882630601850414,0,0.3880312273257921,0,0.3369783902941679,0,0.3309937915595699,0,0.6841498017311096,1
1179,0,Bronze,low_value,0.3241463319028793,0,0.31365707456591907,0,0.3920098111377586,0,0.3800866676657098,0,0.46386436627892735,0,0.29462322716039413,0,0.4133856967056265,1,0.5463517308235168,1
1180,0,Bronze,low_value,0.3698826847368621,0,0.2927839736151475,0,0.40040841146865197,0,0.4115625647174022,0,0.452141432297522,0,0.20991742849201045,0,0.19946170540382505,0,0.12137720733880997,0
1181,0,Gold,high_value,0.2790883495801492,0,0.2889227313852442,0,0.5742898599913985,1,0.566719339385766,1,0.5619821966092502,1,0.4933412039459425,1,0.5208970360417964,1,0.5671918988227844,1
1182,0,Bronze,low_value,0.3450439696675893,0,0.32557746053973746,0,0.4462983393498387,0,0.4905897667313508,1,0.5007975088380804,1,0.4483521130463292,1,0.4482693718250381,1,0.5314448475837708,1
1183,0,Bronze,low_value,0.24690263540866164,0,0.2634581567740278,0,0.30774686921329925,0,0.3181689163264535,0,0.41722862321462334,0,0.31665959418990997,0,0.30627057200882746,0,0.47528406977653503,1
1184,1,Bronze,low_value,0.3962204075507814,0,0.3833574117531147,0,0.4439566859749157,0,0.41868269381336487,0,0.4719164653321372,0,0.2337497553367391,0,0.49544913742338215,1,0.5035584568977356,1
1185,0,Silver,mid_value,0.17135043184616985,0,0.18716555293523116,0,0.29188012767021954,0,0.29204199246260404,0,0.38634534903351503,0,0.1735757712229208,0,0.09354415203197917,0,0.014864180237054825,0
1186,0,Bronze,low_value,0.365314736010621,0,0.3853020624626835,0,0.5135632706527796,1,0.49648763522782846,1,0.5224025585457859,1,0.5206795299686128,1,0.5068355827333807,1,0.20236025750637054,1
1187,0,Silver,mid_value,0.37428317928998744,0,0.34901082159019076,0,0.5115181882855705,1,0.5483425686946787,1,0.5091193521250089,1,0.5684756036731361,1,0.5253790493205056,1,0.8242734670639038,1
1188,0,Bronze,low_value,0.3237301308607506,0,0.27609797284883497,0,0.4294649827064787,0,0.43997019495272177,0,0.42109990846538087,0,0.4459298420334997,1,0.43157620680978726,1,0.8585072159767151,1
1189,0,Gold,high_value,0.20775926457453905,0,0.2500724218818058,0,0.4568724448287466,0,0.47466485256071544,1,0.5404271454606485,1,0.5078569373133598,1,0.5078954275193751,1,0.5341421365737915,1
1190,0,Silver,mid_value,0.471051508202714,0,0.4358881929969985,0,0.6116657374905146,1,0.6005430176366686,1,0.5781959512570813,1,0.5680490208224842,1,0.5992627129515021,1,0.7866211533546448,1
1191,0,Bronze,low_value,0.28813675864640786,0,0.2843545506453127,0,0.44406107689666496,0,0.40463064892053224,0,0.4456333077372309,0,0.44349399657242206,1,0.4168445104554856,1,0.6317059397697449,1
1192,0,Silver,mid_value,0.17156128936254547,0,0.22076836313945658,0,0.3471284227175508,0,0.3481007951650983,0,0.48519854544831037,0,0.4065417629310549,1,0.2856718664000375,0,0.2185528725385666,1
1193,0,Gold,high_value,0.003876578044413076,0,0.010756573149461709,0,0.2631009985405262,0,0.30191173474652105,0,0.32517399949605824,0,0.012923824178302097,0,0.017271482800567693,0,0.00471227802336216,0
1194,0,Platinum,high_value,0.18082036859082481,0,0.15580899704402507,0,0.48908578484193,0,0.4748793457146195,1,0.5267214543980817,1,0.17837365995870563,0,0.13960669460808953,0,0.34829965233802795,1
1195,0,Bronze,low_value,0.3018187766578429,0,0.30746334526967783,0,0.31259856067496405,0,0.3154423671319437,0,0.4157849618234727,0,0.3856250125943172,1,0.26119774426418146,0,0.3323684334754944,1
1196,0,Gold,high_value,0.19659261813732248,0,0.2089281189984258,0,0.4478218669806891,0,0.45049425830843765,1,0.522343915524009,1,0.38085477845166005,1,0.35757452298521597,1,0.3803130090236664,1
1197,0,Platinum,high_value,0.516434142846209,1,0.5796522663268657,1,0.6145687512455844,1,0.5881168598998566,1,0.5656901940991921,1,0.6398336049462156,1,0.6557313531992269,1,0.9111713767051697,1
1198,0,Gold,high_value,0.5084597307152471,1,0.5800879505620732,1,0.5716558996820443,1,0.5458195570450851,1,0.556637276833742,1,0.5542443455655409,1,0.542167263337094,1,0.7950509190559387,1
1199,0,Bronze,low_value,0.41792729975034937,0,0.4150023849981325,0,0.5007298096417891,1,0.4922928715927943,1,0.47484678678778003,0,0.5666037561640987,1,0.5263146375575205,1,0.7809827327728271,1
1200,0,Gold,high_value,0.4726812947813962,0,0.4887206710918177,1,0.5870181595897739,1,0.5781346380855866,1,0.5525355357110406,1,0.6186872157753001,1,0.5997489727750529,1,0.8783091902732849,1
1201,0,Bronze,low_value,0.17311044446589427,0,0.20556149148162534,0,0.44952433518056073,0,0.45780052299629154,1,0.44570143521699535,0,0.5805271748474616,1,0.5065143180688713,1,0.7740353941917419,1
1202,0,Silver,mid_value,0.5578681014626979,1,0.47168256627416794,1,0.6057878538343182,1,0.5974605504727963,1,0.5765059357208584,1,0.5827064587616674,1,0.5200652583031271,1,0.6605830192565918,1
1203,0,Silver,mid_value,0.07649323920682306,0,0.12402492597644732,0,0.3682214199888511,0,0.33303573633970524,0,0.3413585712439859,0,0.3072536135039099,0,0.23229113727222742,0,0.1759946346282959,1
1204,0,Bronze,low_value,0.3812457174410687,0,0.3717650129412888,0,0.41131180438411286,0,0.39957979315748504,0,0.45187209261144323,0,0.46701889405363,1,0.4721198595599021,1,0.5891978740692139,1
1205,0,Bronze,low_value,0.43711908732246296,0,0.42616744221265596,0,0.5760817345135112,1,0.5484201280202451,1,0.5350437752062015,1,0.5593589172480125,1,0.5465142532848993,1,0.8417831063270569,1
1206,1,Bronze,low_value,0.2755413137225177,0,0.26107880345172657,0,0.3247524982913316,0,0.3282758482436721,0,0.38550802807114903,0,0.36302712778631774,1,0.3301792873739629,0,0.2863372266292572,1
1207,0,Bronze,low_value,0.4121320319517061,0,0.41999141616900215,0,0.40291238506464055,0,0.37505420707483245,0,0.4917671375374718,0,0.3688159946253625,1,0.2849007086090935,0,0.20895230770111084,1
1208,0,Bronze,low_value,0.19196141887921375,0,0.17558432550291786,0,0.3265479691744232,0,0.37536329656989653,0,0.41167335624566076,0,0.2895625185525253,0,0.28397218557733217,0,0.23187242448329926,1
1209,0,Silver,mid_value,0.4262484968139255,0,0.40106158967257427,0,0.549916588583734,1,0.5911618653563075,1,0.5310833242558632,1,0.5869057649959096,1,0.30310512770720394,0,0.6822214126586914,1
1210,1,Bronze,low_value,0.29907271706213895,0,0.30315006077284673,0,0.3903912767149938,0,0.3919444236837404,0,0.4224526269415927,0,0.4549973766155054,1,0.4491490829363701,1,0.7003868222236633,1
1211,0,Silver,mid_value,0.3008871771849309,0,0.3086529759897773,0,0.4973223235054282,0,0.49603762620286873,1,0.5023923842117229,1,0.47701777269361567,1,0.5287198149750667,1,0.6345273852348328,1
1212,0,SE,mid_value,0.0026380797134208495,0,0.0023538407323287647,0,0.48711018755610147,0,0.516896805435844,1,0.49904364459375905,0,0.08656765516165528,0,0.08403885522819406,0,0.006481553427875042,0
1213,0,Silver,mid_value,0.42698977924958526,0,0.4194086737552298,0,0.57405244414349,1,0.5587501132058528,1,0.5844131455725596,1,0.5743963313804181,1,0.5941800119829767,1,0.8620201945304871,1
1214,0,Gold,high_value,0.5067590119965055,1,0.626261968775004,1,0.623215655713175,1,0.6172430521304304,1,0.6035625663154522,1,0.6512900620640745,1,0.5910699622467084,1,0.8323142528533936,1
1215,0,Silver,mid_value,0.49168759714493104,0,0.42629012268475386,0,0.48266146936731097,0,0.46983315235738615,1,0.5296086275697803,1,0.5231992901881639,1,0.4483812572153317,1,0.5092368721961975,1
1216,0,Bronze,low_value,0.14249097034912409,0,0.039881757682423684,0,0.3288659802682339,0,0.32532204648256496,0,0.39241923634182385,0,0.21062329374046687,0,0.22800656487595047,0,0.2011522352695465,1
1217,0,Platinum,high_value,0.4207739573796356,0,0.43274805208426853,0,0.6216265755964197,1,0.6718751412517592,1,0.6199493843385488,1,0.6413824601824699,1,0.6509619867464611,1,0.9075607061386108,1
1218,0,Bronze,low_value,0.30877127671663124,0,0.3011681351713673,0,0.46971183284527107,0,0.4110737697886055,0,0.5071528478508759,1,0.4832144144349438,1,0.3132678651110035,0,0.2780405282974243,1
1219,0,Bronze,low_value,0.22628648996106004,0,0.23705581118619592,0,0.4605018127159913,0,0.3963016199103499,0,0.43461722850046,0,0.515298447944772,1,0.5810898646595637,1,0.7629326581954956,1
1220,0,Bronze,low_value,0.2526822222000579,0,0.2445684951792584,0,0.299878073979267,0,0.3044162425296621,0,0.40637165049372265,0,0.31048222770857753,0,0.23807424981749983,0,0.18530012667179108,1
1221,0,Bronze,low_value,0.2630832809558984,0,0.23084413940356516,0,0.33547070635004966,0,0.323813670822241,0,0.4068922901929145,0,0.37224817560972495,1,0.365749774255027,1,0.5310109853744507,1
1222,0,Bronze,low_value,0.266065436869386,0,0.23304547089272767,0,0.32647070635004966,0,0.31815115409520855,0,0.4068922901929145,0,0.368996341661062,1,0.37407453897240206,1,0.5310109853744507,1
1223,0,Bronze,low_value,0.4099799719968241,0,0.4003126027326908,0,0.4002713112815969,0,0.4053296723416363,0,0.45805403911840853,0,0.40860368530006175,1,0.4033413116531465,1,0.3909921944141388,1
1224,0,Gold,high_value,0.48735358995436306,0,0.5127102545288257,1,0.5276993917365711,1,0.5003482549239302,1,0.5678288944404285,1,0.4343914768310741,1,0.4215754600644322,1,0.3997402489185333,1
1225,0,Gold,high_value,0.3509947377677489,0,0.30788706513276254,0,0.5606908481809788,1,0.5344669159274527,1,0.5678288944404285,1,0.5505025302049318,1,0.4983648681105794,1,0.38643133640289307,1
1226,0,Silver,mid_value,0.4713455626150476,0,0.4554023519661905,0,0.4932912926471905,0,0.5345051968615157,1,0.5134775668216596,1,0.5295482465738783,1,0.4667656712055258,1,0.5419274568557739,1
1227,0,Gold,high_value,0.46398832092212866,0,0.5242450235101245,1,0.6183529305616585,1,0.6122360379098918,1,0.5769156861458796,1,0.4497849950373312,1,0.597587417540467,1,0.49312543869018555,1
1228,0,Silver,mid_value,0.17565482868465496,0,0.2151357163257492,0,0.3797703342723305,0,0.3964644393838681,0,0.4138105338994345,0,0.30762724397135754,0,0.3203632090510625,0,0.24232180416584015,1
1229,1,Gold,high_value,0.2918793124115614,0,0.4005804030771048,0,0.5876763729521929,1,0.549531314107734,1,0.576349252463487,1,0.48661911625559195,1,0.4578424391128897,1,0.689899742603302,1
1230,0,Silver,mid_value,0.5069103027377769,1,0.507553991090363,1,0.4976059617609971,0,0.5512171997083013,1,0.5447286126437503,1,0.49482953908107324,1,0.38762527081638987,1,0.13445821404457092,0
1231,0,Silver,mid_value,0.39359033883984357,0,0.45115790234213266,0,0.550953093894835,1,0.5607067885133431,1,0.5400511542903851,1,0.532970247655948,1,0.5494739570937461,1,0.8916671872138977,1
1232,0,Bronze,low_value,0.30922367251540983,0,0.31149070213633423,0,0.42653471696477935,0,0.4284530725325199,0,0.4473133130735271,0,0.47907652476213847,1,0.47075267678325317,1,0.6109141707420349,1
1233,0,Silver,mid_value,0.12482127131192892,0,0.1788730604227339,0,0.39738340662553084,0,0.32338853568402415,0,0.4876547815030192,0,0.2975265643403654,0,0.2897078938286264,0,0.428072065114975,1
1234,0,Gold,high_value,0.49445177103005616,0,0.5049319625258012,1,0.5741966452356858,1,0.5491168363423643,1,0.556637276833742,1,0.5810518997856602,1,0.5392264061975299,1,0.777413010597229,1
1235,0,Bronze,low_value,0.2364800290939562,0,0.2205674521964812,0,0.3810462863035756,0,0.406106995773791,0,0.4483257357772061,0,0.4239202559229664,1,0.363749127112055,1,0.3115910589694977,1
1236,0,Bronze,low_value,0.3352846719015659,0,0.31040624255154614,0,0.47697445992400533,0,0.46060346205542685,1,0.4858763519533206,0,0.44980241474616683,1,0.40114695552217866,1,0.5998943448066711,1
1237,0,Bronze,low_value,0.22033685917332263,0,0.18794102290434841,0,0.35509552815161904,0,0.39098335983838417,0,0.38730355813017014,0,0.4115036382484528,1,0.36199985747649355,1,0.75298011302948,1
1238,0,Silver,mid_value,0.5763893601028793,1,0.5859170892276317,1,0.6184722762523178,1,0.6118132952555331,1,0.5719960293944111,1,0.5318931813796737,1,0.603878897836666,1,0.20260415971279144,1
1239,0,Bronze,low_value,0.3400382386034016,0,0.43673032211143153,0,0.48173148722095177,0,0.42837691215583357,0,0.5100988749842204,1,0.40921016448118386,1,0.35844923851312605,1,0.49464818835258484,1
1240,0,Gold,high_value,0.3461684471122156,0,0.3649362176369183,0,0.49338400747692107,0,0.4974050842464864,1,0.5091193521250089,1,0.46171481715172774,1,0.34844271410293837,1,0.30359578132629395,1
1241,0,Gold,high_value,0.3151436185638753,0,0.32865163606945313,0,0.5104957879827131,1,0.531409841603316,1,0.4956568939605651,0,0.5312763515612953,1,0.5246748417252096,1,0.635591447353363,1
1242,0,Bronze,low_value,0.4267112186113846,0,0.3548495461328145,0,0.5190581805032641,1,0.5432971655802871,1,0.4802450643973339,0,0.5784510968707872,1,0.570705508247665,1,0.7699375152587891,1
1243,0,Silver,mid_value,0.32128869138057947,0,0.31594542962406585,0,0.5462251416850246,1,0.5644414460955683,1,0.519621537367248,1,0.5141294532652174,1,0.27261733442971015,0,0.7375242114067078,1
1244,0,Bronze,low_value,0.3424788302142192,0,0.2928387043234623,0,0.40874720364789324,0,0.4175530731723448,0,0.4583831719328959,0,0.463662056943556,1,0.41330757569820636,1,0.7060843706130981,1
1245,0,Bronze,low_value,0.3255619525460923,0,0.26063018006556254,0,0.385945062127311,0,0.4201361330861006,0,0.4132837210438187,0,0.3171287914890023,0,0.29849565425974484,0,0.7939158082008362,1
1246,0,Bronze,low_value,0.23462532752240084,0,0.2501085775619409,0,0.29688827196940254,0,0.2993271980919445,0,0.41374131535631486,0,0.2376975828017926,0,0.2359102509746382,0,0.24071456491947174,1
1247,0,Iron,low_value,0.08024621123668939,0,0.13038419797509332,0,0.41455112870999583,0,0.4332968675488075,0,0.4459991881457984,0,0.33791950773855656,0,0.3168359735036377,0,0.21498243510723114,1
1248,0,Platinum,high_value,0.427855128159818,0,0.4973765527101352,1,0.49975733366766273,0,0.47706438342848867,1,0.6209823461833794,1,0.2946056568434938,0,0.3626850806386275,1,0.3007166385650635,1
1249,0,Bronze,low_value,0.1609410105353311,0,0.16866542152577543,0,0.36894741664310154,0,0.3503764689126529,0,0.3969126078212944,0,0.16708981134430245,0,0.21840964251454825,0,0.32260164618492126,1
1250,0,Gold,high_value,0.366344555512289,0,0.4222601378865795,0,0.5302419315501321,1,0.5444245924723325,1,0.5555483085619476,1,0.4919739086868697,1,0.40479952804609726,1,0.5209313035011292,1
1251,0,Bronze,low_value,0.23298209081958393,0,0.24357747631888102,0,0.37150457027622386,0,0.36852404284527396,0,0.4054920131838376,0,0.37749373559948657,1,0.3743031800660258,1,0.833624541759491,1
1252,0,Bronze,low_value,0.17578174567473123,0,0.1909233537787874,0,0.3663765747270997,0,0.30955274042439457,0,0.4195244122501447,0,0.3017979529107421,0,0.3024593190367963,0,0.24749189615249634,1
1253,0,Bronze,low_value,0.3501065022563556,0,0.29818803661154775,0,0.43941954791717436,0,0.4532612050110052,1,0.4583831719328959,0,0.4999387866438433,1,0.4500834000608384,1,0.7753936052322388,1
1254,0,Bronze,low_value,0.3744036244553553,0,0.2822435779672825,0,0.4854173341251893,0,0.5030776027337215,1,0.48857780329860817,0,0.41223275421102745,1,0.24988167116176555,0,0.13513445854187012,0
1255,0,Bronze,low_value,0.36581541091569614,0,0.34400245329091617,0,0.4790191991884388,0,0.49648763522782846,1,0.49071554486167396,0,0.4884685942095071,1,0.4395300056081072,1,0.4972999095916748,1
1256,0,Silver,mid_value,0.46594555001876015,0,0.4691683921406698,1,0.6207497669617659,1,0.6278392450748947,1,0.552522026414514,1,0.5825951282995486,1,0.6284100496960886,1,0.7094565033912659,1
1257,0,Bronze,low_value,0.06446384638100222,0,0.037199237822617935,0,0.37466565184089506,0,0.3910050810689485,0,0.38310380703283314,0,0.04618245578030294,0,0.08665691112213403,0,0.10355637222528458,0
1258,0,SE,mid_value,0.19342820771673608,0,0.22292068083514036,0,0.3453657853478127,0,0.3418818820128178,0,0.42973834196010213,0,0.24882719479639773,0,0.137180193629955,0,0.15484093129634857,0
1259,0,Bronze,low_value,0.17005591619805907,0,0.2044806075835583,0,0.44756177521420865,0,0.4121759719164041,0,0.4302336124519008,0,0.5249158872351114,1,0.4111046361545081,1,0.24523606896400452,1
1260,0,Bronze,low_value,0.3229463051407737,0,0.33578599183815755,0,0.45799847831423735,0,0.4683453963719596,1,0.5125102550403451,1,0.41763602058654276,1,0.4938613861126255,1,0.32014793157577515,1
1261,0,Gold,high_value,0.3038671809991316,0,0.3543643623478866,0,0.6413596645536234,1,0.6271110790245735,1,0.5722382945521488,1,0.5983393858856534,1,0.6588673416540322,1,0.8277278542518616,1
1262,0,Gold,high_value,0.2598971123016293,0,0.3179959817839756,0,0.5967717789814241,1,0.6118990238614795,1,0.5568986898529105,1,0.6258166284886051,1,0.6393079905737622,1,0.5969914793968201,1
1263,0,Bronze,low_value,0.3909254702969786,0,0.38561802284354635,0,0.4088641121677348,0,0.41169547834018677,0,0.441497004501527,0,0.4149757349217817,1,0.4588277848608333,1,0.3807062804698944,1
1264,0,Bronze,low_value,0.27613964069715363,0,0.24710347595587856,0,0.34016145488892013,0,0.33834456735525004,0,0.39896682902540326,0,0.3340576509932365,0,0.29548584989150994,0,0.5103932023048401,1
1265,0,Silver,mid_value,0.4466849654245373,0,0.44198247467696195,0,0.4435471484465733,0,0.41569334085014975,0,0.5264445827230503,1,0.47922015570315524,1,0.489481512763687,1,0.5962451696395874,1
1266,0,SME,mid_value,0.23848228539603145,0,0.2693513468048295,0,0.5505874860252087,1,0.5596500285879413,1,0.5750206326867875,1,0.4479086051776964,1,0.42069025292598566,1,0.7034241557121277,1
1267,0,Silver,mid_value,0.3361489425079065,0,0.3001689689733732,0,0.5473956091014796,1,0.5469219986197354,1,0.5400511542903851,1,0.5555537800948799,1,0.5521243695963219,1,0.7919171452522278,1
1268,0,Silver,mid_value,0.2751941116972523,0,0.3119396647288373,0,0.46733983801425777,0,0.4633473394925883,1,0.5052646016902522,1,0.4391282279510198,1,0.4094089077102089,1,0.751015841960907,1
1269,0,Silver,mid_value,0.29661479439703786,0,0.2657942994487882,0,0.4697298944530207,0,0.5014740325145682,1,0.4802450643973339,0,0.4273073397547178,1,0.3460692742336054,1,0.46423178911209106,1
1270,0,Silver,mid_value,0.31425065260775714,0,0.27066477975526576,0,0.38828175282702665,0,0.41396800209818635,0,0.4588760281519558,0,0.3860257612336847,1,0.35638776747674944,1,0.31581732630729675,1
1271,0,Silver,mid_value,0.3124627527489773,0,0.27580097083778476,0,0.4119163499934482,0,0.440594258376639,1,0.5048595883328315,1,0.4680573162419555,1,0.4485420393779279,1,0.33997830748558044,1
1272,1,Bronze,low_value,0.41332544821850525,0,0.36006389951617074,0,0.44772857112457465,0,0.4706527534443332,1,0.4872190229985646,0,0.47920858246896575,1,0.469344045979375,1,0.7345409989356995,1
1273,0,Gold,high_value,0.3909956809121253,0,0.48159246018751345,1,0.6024288090705892,1,0.5907447721389704,1,0.5786165265769931,1,0.5484521094978879,1,0.5363049456041589,1,0.7744691967964172,1
1274,0,SE,mid_value,0.47181443085534036,0,0.48114182618373613,1,0.6342082156935137,1,0.6730915694033959,1,0.6248918935623908,1,0.6563190759551524,1,0.5792191766283823,1,0.9543858766555786,1
1275,0,Platinum,high_value,0.364650379110535,0,0.3271520446491375,0,0.5026024862555276,1,0.5095570400970793,1,0.5461918941784911,1,0.38164376869621514,1,0.5154535773365027,1,0.25056424736976624,1
1276,0,Platinum,high_value,0.6057753293779183,1,0.6591329933925556,1,0.5997717514059816,1,0.582561405612652,1,0.6631667239455892,1,0.5340888439241027,1,0.4204584732601793,1,0.8321487903594971,1
1277,0,Silver,mid_value,0.40880715373677207,0,0.3668084150604454,0,0.5230572313856596,1,0.5239327482010158,1,0.5488268208164682,1,0.5022907435296512,1,0.4085186521503451,1,0.8610742688179016,1
1278,0,Gold,high_value,0.20383132330694695,0,0.21478008872566906,0,0.5157576632680341,1,0.538810493911649,1,0.5175952273050843,1,0.48538934009692813,1,0.5068830123637053,1,0.6450731754302979,1
1279,0,Bronze,low_value,0.27524121423763037,0,0.20506007372176283,0,0.3963916466264055,0,0.4341593328637306,0,0.46198095988732535,0,0.313637004089536,0,0.3130117564774454,0,0.23495042324066162,1
1280,0,Gold,high_value,0.4144987191937974,0,0.46589072213030513,1,0.4886295457472357,0,0.526716596086684,1,0.5447286126437503,1,0.4901478432495669,1,0.3844351057782437,1,0.3433977961540222,1
1281,0,Gold,high_value,0.5268275065876161,1,0.5566259986764385,1,0.5962630819076777,1,0.5979108686566614,1,0.5531890764082367,1,0.5802541561982162,1,0.581772771279703,1,0.8530101776123047,1
1282,0,Silver,mid_value,0.3840704147739394,0,0.41073604215616394,0,0.5512871145741307,1,0.5576463659897675,1,0.5470251128916158,1,0.48254592986728934,1,0.4192165148662545,1,0.55572110414505,1
1283,0,Silver,mid_value,0.38377206512908096,0,0.44266566793883355,0,0.5349493146837118,1,0.5433273116448689,1,0.5400511542903851,1,0.5180535797061961,1,0.5347815468764638,1,0.8787404894828796,1
1284,0,Bronze,low_value,0.3282339916688885,0,0.33631196164832106,0,0.4154946372273482,0,0.40254838927316905,0,0.4634044082160087,0,0.4333937152465019,1,0.44697316462497905,1,0.7212923765182495,1
1285,0,Bronze,low_value,0.44536123517038767,0,0.32506780711862476,0,0.4142036726690756,0,0.46436894614772867,1,0.47086625887024447,0,0.3396335360296701,0,0.3348016198753323,0,0.31017518043518066,1
1286,0,Silver,mid_value,0.35931101375474694,0,0.3517650273044151,0,0.5132653130248105,1,0.5331673262910427,1,0.5236366013679996,1,0.4885680820602104,1,0.388025787784267,1,0.5562704205513,1
1287,0,Silver,mid_value,0.34413043824196693,0,0.3112245280340863,0,0.48011891099770976,0,0.500380437891044,1,0.5212429638067893,1,0.3552654172964945,1,0.43158556276560006,1,0.5582868456840515,1
1288,0,Bronze,low_value,0.28973609201915596,0,0.28338733047099673,0,0.30605336063789945,0,0.2998129151123738,0,0.39675024748903703,0,0.32271059744180636,0,0.31365947004713945,0,0.7333106398582458,1
1289,0,Gold,high_value,0.23326681201628002,0,0.2418160874117316,0,0.5163837273739404,1,0.5291838317155311,1,0.5056355349991379,1,0.5158208728888403,1,0.49025709791801875,1,0.1302032172679901,0
1290,0,Silver,mid_value,0.40302753141749775,0,0.3953517244585952,0,0.554166657287994,1,0.5446812831687123,1,0.5440650661775429,1,0.5605553233948073,1,0.5765252847959433,1,0.8170790076255798,1
1291,0,Bronze,low_value,0.4402459770269247,0,0.41700229875877776,0,0.4033357489285681,0,0.4068413634808514,0,0.5017919670718801,1,0.3715301864947443,1,0.35212448523441015,1,0.4199654757976532,1
1292,0,Bronze,low_value,0.2510641353877864,0,0.2896172955240299,0,0.42268693372044863,0,0.4315600316625307,0,0.4205398420296735,0,0.4868087300106363,1,0.4580412638754768,1,0.656840980052948,1
1293,0,SME,mid_value,0.3123616328157787,0,0.33358106728430903,0,0.5045360520335503,1,0.523929269487656,1,0.5620577920487,1,0.528113796200142,1,0.5006407883797445,1,0.5890376567840576,1
1294,0,Gold,high_value,0.3029566718264031,0,0.33443725793355045,0,0.4336906898494467,0,0.41221275260261026,0,0.5021164434564739,1,0.3695803941767091,1,0.4515017020466368,1,0.440529465675354,1
1295,0,Bronze,low_value,0.22896115499187766,0,0.1953426550924661,0,0.3818603326506436,0,0.4152806985726846,0,0.40625306621278484,0,0.2193658224974498,0,0.29727134376399234,0,0.24626518785953522,1
1296,0,Bronze,low_value,0.4345158778648009,0,0.3977282058483229,0,0.5354556092511275,1,0.5564339085342694,1,0.5130801101393218,1,0.5729009350827216,1,0.5305779155794347,1,0.6567927598953247,1
1297,0,Silver,mid_value,0.22545897320509845,0,0.20757411744922832,0,0.5112078149405478,1,0.5297768748393268,1,0.5097669021301984,1,0.5607961588128513,1,0.48056337871448923,1,0.3151736557483673,1
1298,0,SE,mid_value,0.7459075447788442,1,0.7063927118597948,1,0.6181755014810587,1,0.6319198115629038,1,0.5794311961695593,1,0.5428805542830674,1,0.5624619104141231,1,0.5375049114227295,1
1299,0,Bronze,low_value,0.22670713983549456,0,0.2505367475088581,0,0.36929400660072276,0,0.3405142212380427,0,0.4273868447742525,0,0.1532440448095328,0,0.2714306065014449,0,0.5786309242248535,1
1300,0,Bronze,low_value,0.23185197064005503,0,0.21845077977258873,0,0.3253859549214851,0,0.36958809012698346,0,0.40514407817535913,0,0.3607980007007746,1,0.28085276693386435,0,0.6042972803115845,1
1301,0,Gold,high_value,0.2936256542550693,0,0.40457841484879836,0,0.6265557034875665,1,0.5668128221805664,1,0.589312630390315,1,0.4291078085055905,1,0.4777753065950994,1,0.8599480986595154,1
1302,0,Gold,high_value,0.17429772654277978,0,0.20177456291434287,0,0.49070285310023737,0,0.502398392214739,1,0.5075453755374056,1,0.5112894789254651,1,0.5168631772557948,1,0.2628185749053955,1
1303,0,Bronze,low_value,0.3051578450776705,0,0.30783431066329053,0,0.378559930337619,0,0.38408065525426854,0,0.4117286183316023,0,0.4351813549378787,1,0.3547937860686321,1,0.329578697681427,1
1304,0,Iron,low_value,0.042229200857162356,0,0.07984481701589936,0,0.38166801343584517,0,0.34926671383989116,0,0.4189997906574533,0,0.31925705696434287,0,0.3494961887171479,1,0.34352678060531616,1
1305,0,SE,mid_value,0.4759274794230134,0,0.5541817616523116,1,0.6461646202183665,1,0.6160433859795754,1,0.594779643000693,1,0.6658900448576469,1,0.5795276736441597,1,0.7764180302619934,1
1306,0,Silver,mid_value,0.2838843406893959,0,0.3569429428015407,0,0.5046657762038101,1,0.5101105867407592,1,0.4982906430890216,0,0.4942747865733502,1,0.5066288841589641,1,0.6793837547302246,1
1307,0,Bronze,low_value,0.048448334050204565,0,0.032928061703666606,0,0.3473010242099716,0,0.3416219949338803,0,0.3929196312976917,0,0.10379404692798536,0,0.1305883092916892,0,0.09393740445375443,0
1308,0,Bronze,low_value,0.3934388653775825,0,0.3749636235124667,0,0.41139692262347777,0,0.40219203305391227,0,0.4689783670412585,0,0.4582059746388868,1,0.4160619772531291,1,0.3621419668197632,1
1309,0,Gold,high_value,0.3941420991802022,0,0.39674343370729714,0,0.4344024628324386,0,0.4175906688346692,0,0.5171308915286802,1,0.44429103352177596,1,0.46743484436807986,1,0.3567563593387604,1
1310,0,Gold,high_value,0.49544229277369456,0,0.5388555671129653,1,0.6483912990774023,1,0.6427182352870585,1,0.5820799221252159,1,0.605499234950211,1,0.6524843588616003,1,0.8427366018295288,1
1311,0,Platinum,high_value,0.0006031812671341866,0,0.0014864248065587194,0,0.6033500617894406,1,0.6071400354530645,1,0.6197534981295275,1,0.09472626338197065,0,0.04777011109857967,0,0.35210078954696655,1
1312,0,Gold,high_value,0.5377049041824623,1,0.4659968199571646,1,0.5082294178116695,1,0.5391298602055797,1,0.557469524815301,1,0.4875316631162261,1,0.5482786000064251,1,0.6906262636184692,1
1313,0,Silver,mid_value,0.3538920701771083,0,0.34950648616090835,0,0.4962173330478968,0,0.4820853681053453,1,0.5658086503495078,1,0.49818897092559805,1,0.4398095430734666,1,0.6567118167877197,1
1314,0,Bronze,low_value,0.1893216365372393,0,0.20404986703930034,0,0.3898638555321377,0,0.37536329656989653,0,0.4096733980217623,0,0.4407586887211781,1,0.2995461290359178,0,0.2273465394973755,1
1315,1,Bronze,low_value,0.43981475025119743,0,0.3760770409185766,0,0.4684255833595668,0,0.48438032118978697,1,0.4872190229985646,0,0.46165913893922383,1,0.411440694716071,1,0.7965953350067139,1
1316,0,Silver,mid_value,0.3490559005902647,0,0.3272662004758749,0,0.4239377320220884,0,0.42760497887815374,0,0.4712947250241573,0,0.39905674426826104,1,0.38585795519234234,1,0.7664046287536621,1
1317,0,Bronze,low_value,0.42339538342152827,0,0.3394705026063195,0,0.5066100271304573,1,0.4996032982339794,1,0.5210525741498039,1,0.5190662252359207,1,0.5011292165832589,1,0.46555858850479126,1
1318,0,Gold,high_value,0.28193774976447833,0,0.33611966900040335,0,0.5356235347006215,1,0.5063107376030417,1,0.5801451659449813,1,0.42401058968212313,1,0.4179921142774867,1,0.800445556640625,1
1319,0,Bronze,low_value,0.4533496453842435,0,0.4062487927330294,0,0.46986378203832274,0,0.47088682582441066,1,0.48551475129974264,0,0.5194008668789829,1,0.4966448130891104,1,0.75853031873703,1
1320,0,Platinum,high_value,0.4387830405692649,0,0.5300014067147442,1,0.5778378881106743,1,0.5692434616682169,1,0.5634251974341083,1,0.5935121116575773,1,0.5967900103843079,1,0.883787214756012,1
1321,0,Silver,mid_value,0.33328328031990045,0,0.2729208011790098,0,0.43322019788508087,0,0.48558728021117936,1,0.4743388928714631,0,0.5140339468704701,1,0.5072776244712258,1,0.4452814757823944,1
1322,0,Bronze,low_value,0.289226290074771,0,0.26397287999768865,0,0.46676130512553293,0,0.4176257060393928,0,0.4809576005010701,0,0.4234377480641449,1,0.23739991841406655,0,0.5844709873199463,1
1323,0,Bronze,low_value,0.4005028184854833,0,0.3289277902484592,0,0.4794562917707826,0,0.519167681513586,1,0.5005549646124124,1,0.39069903723022337,1,0.38234293709344896,1,0.3812343180179596,1
1324,0,Bronze,low_value,0.3048984382549656,0,0.3253366191005346,0,0.3429131414549068,0,0.34423749901465844,0,0.4245689048299094,0,0.34773585803173496,0,0.3667242738479429,1,0.21196474134922028,1
1325,0,Bronze,low_value,0.42621015580687005,0,0.42336125844174205,0,0.5335189451829385,1,0.5338535029294142,1,0.5023923842117229,1,0.5593035599346485,1,0.5614813088097217,1,0.810392439365387,1
1326,0,Silver,mid_value,0.30109588450168756,0,0.3051975256060262,0,0.4766847929632071,0,0.4825495115245762,1,0.5580532960732404,1,0.5037751682053643,1,0.49764028198525845,1,0.7282522916793823,1
1327,0,Platinum,high_value,0.7820121760677087,1,0.7889447077160162,1,0.653223719235103,1,0.6934722143235872,1,0.6383466820856468,1,0.7479020619963875,1,0.6286418484352886,1,0.7635743021965027,1
1328,0,Bronze,low_value,0.3077329141989332,0,0.29473480117982126,0,0.4073596967684676,0,0.43488428988555666,0,0.4473133130735271,0,0.47898171208285484,1,0.4453000315959965,1,0.5192481875419617,1
1329,0,Bronze,low_value,0.5007499810104223,1,0.4594374648539486,0,0.5267205782993921,1,0.5349715469560422,1,0.535881033463028,1,0.5855107675833022,1,0.4712837727893146,1,0.6237922310829163,1
1330,0,Silver,mid_value,0.5026848984054277,1,0.48862430180248617,1,0.5206912850426955,1,0.5337275731153445,1,0.5328300716054113,1,0.5086007401654201,1,0.46957734835863146,1,0.42468273639678955,1
1331,0,Silver,mid_value,0.4293356859361735,0,0.357212466886362,0,0.5804024331192109,1,0.5876236076415792,1,0.5091193521250089,1,0.5947533442141063,1,0.5567289302980707,1,0.6901129484176636,1
1332,0,Gold,high_value,0.43546778901882505,0,0.5145330845101818,1,0.6393909687072243,1,0.6177469778809539,1,0.5944877416497437,1,0.6120377641467494,1,0.5921589329391224,1,0.8125608563423157,1
1333,0,Gold,high_value,0.3969302621270833,0,0.4655402048038123,1,0.6056795880872974,1,0.5486942178663864,1,0.6073573176080928,1,0.5762909862559438,1,0.3291889806122987,0,0.4759811460971832,1
1334,0,Bronze,low_value,0.27501548955098165,0,0.27447792069678234,0,0.42595545569506255,0,0.37234766081828696,0,0.4456333077372309,0,0.4783631231685356,1,0.4390661052512953,1,0.5290139317512512,1
1335,0,Silver,mid_value,0.5249884766218789,1,0.5638980085357843,1,0.6320629951441327,1,0.6166623631824885,1,0.6035625663154522,1,0.5841948619024157,1,0.6390015822298167,1,0.6629343032836914,1
1336,0,Bronze,low_value,0.26351097388437267,0,0.2303801578010939,0,0.371907850640903,0,0.36465713560187146,0,0.3961429886866508,0,0.3681058846764325,1,0.3529320215760045,1,0.8234516382217407,1
1337,0,Bronze,low_value,0.37194735180258476,0,0.36429797409880893,0,0.47243103195175573,0,0.4924478258371215,1,0.4799211980481358,0,0.4528112221187292,1,0.4499298473276833,1,0.47463458776474,1
1338,0,Bronze,low_value,0.05617914540766004,0,0.017063544470791114,0,0.3766091049247083,0,0.3760759268144293,0,0.43210802818559096,0,0.34570823435364134,0,0.3101881712525995,0,0.2907470166683197,1
1339,0,Bronze,low_value,0.33941766884818103,0,0.3603908548668037,0,0.4053644404150376,0,0.4078471199984537,0,0.46481446578491364,0,0.4340860554267561,1,0.41452855310594056,1,0.514610767364502,1
1340,0,Bronze,low_value,0.20373317964768997,0,0.22267677503680208,0,0.3486887096206482,0,0.32749943446726243,0,0.40340498233460603,0,0.27925789997028516,0,0.31678964685133515,0,0.33728814125061035,1
1341,0,Gold,high_value,0.5476237115843884,1,0.6068262908161366,1,0.5108862095567998,1,0.6012017667241362,1,0.5720745939495006,1,0.45382632689272595,1,0.43297804674648904,1,0.7581629753112793,1
1342,0,Silver,mid_value,0.366928948818216,0,0.4475944385284969,0,0.5629049813850354,1,0.5432073719064257,1,0.5563563242989111,1,0.47816199619902433,1,0.5779670179213706,1,0.48768237233161926,1
1343,0,Bronze,low_value,0.20962873473488702,0,0.1872178686634267,0,0.33043288479150545,0,0.324125316579906,0,0.3928712000372235,0,0.2641547038484696,0,0.22122405935068656,0,0.7121735215187073,1
1344,0,Bronze,low_value,0.1212702698176135,0,0.14621982262316355,0,0.24927403904238268,0,0.2185196687769644,0,0.3210125289537107,0,0.07533551803858966,0,0.09228362707170379,0,0.02134455367922783,0
1345,0,Iron,low_value,0.07667556502100614,0,0.09739208555231826,0,0.4353387026413668,0,0.390221426169169,0,0.5316806970430548,1,0.23166863861735645,0,0.11394957989662162,0,0.09077977389097214,0
1346,1,Platinum,high_value,0.4619141121957571,0,0.4743519320831094,1,0.6170701158295439,1,0.6069706529230301,1,0.5616595459417344,1,0.6159159245441196,1,0.6424205275192034,1,0.9026117324829102,1
1347,0,Gold,high_value,0.4807153158831747,0,0.4519364390196718,0,0.5638996589774335,1,0.5568728620344143,1,0.5618312981978317,1,0.5840359432314753,1,0.5930412988052335,1,0.5663867592811584,1
1348,0,Bronze,low_value,0.2872617082436182,0,0.24811351031649606,0,0.3369803785452568,0,0.31856501933392994,0,0.4068922901929145,0,0.36687155896173684,1,0.37309792178295326,1,0.6438894867897034,1
1349,0,Bronze,low_value,0.3404384202521227,0,0.34801522997751794,0,0.3981548606311168,0,0.40490873799482086,0,0.4447008932059293,0,0.4388122436985092,1,0.39498158599507455,1,0.6612204909324646,1
1350,0,Bronze,low_value,0.25124135808826764,0,0.1979095372975656,0,0.41065280639902957,0,0.49434178854685873,1,0.42558079415420125,0,0.5351421473075956,1,0.41469480223832544,1,0.4347988963127136,1
1351,0,Bronze,low_value,0.2028297350531467,0,0.205755241550166,0,0.3538136755512962,0,0.34763535245111155,0,0.41008718583877724,0,0.25603193171857797,0,0.23714131491672139,0,0.2808815836906433,1
1352,0,Platinum,high_value,0.32592651359876806,0,0.43281512265207184,0,0.5271889637520363,1,0.5042620848023806,1,0.576349252463487,1,0.4537252021827354,1,0.4981371021837285,1,0.3479953706264496,1
1353,0,Bronze,low_value,0.2794337437458134,0,0.24433949079753609,0,0.3473702137867864,0,0.34444646461210654,0,0.4028722968168898,0,0.3365979972292565,0,0.3502428724813428,1,0.5190079212188721,1
1354,0,Iron,low_value,0.05401083674255998,0,0.08870249572048766,0,0.4663213260807458,0,0.47061232518751267,1,0.4581238509591226,0,0.44641394853367056,1,0.3766133028786714,1,0.5793181657791138,1
1355,0,Bronze,low_value,0.2842964742128063,0,0.25746965286873913,0,0.3705953921551516,0,0.38552003467736795,0,0.39896682902540326,0,0.3424862256209242,0,0.27365243255040617,0,0.8203427195549011,1
1356,0,Iron,low_value,0.02892668279726397,0,0.015637831028712947,0,0.2951894097377722,0,0.2837919122348276,0,0.3903484590284843,0,0.14609321453331098,0,0.156690473067893,0,0.018856164067983627,0
1357,0,Silver,mid_value,0.35511343491345615,0,0.3052766540677514,0,0.4661656417360353,0,0.5051158527997364,1,0.5332711772238936,1,0.5295114721103078,1,0.47609328965292547,1,0.7874641418457031,1
1358,0,Silver,mid_value,0.2995117516442989,0,0.28327533142835903,0,0.36409601242593403,0,0.3827776603054433,0,0.5057628736768722,1,0.330256977386852,0,0.41587374069967414,1,0.4584600329399109,1
1359,0,Platinum,high_value,0.2266622625044386,0,0.23509990003691247,0,0.5457466108188781,1,0.5382750352995166,1,0.5808825432768012,1,0.49001337684419966,1,0.4376646275914663,1,0.44301629066467285,1
1360,1,Bronze,low_value,0.3701969335879603,0,0.3118576043133959,0,0.5137412678595418,1,0.514039019662918,1,0.49398643516417035,0,0.4940372863538653,1,0.5029288358493484,1,0.8193646669387817,1
1361,0,Platinum,high_value,0.18212357888087766,0,0.16704565639301458,0,0.5170074415455592,1,0.4792156544204304,1,0.5609319489967252,1,0.2235552280066311,0,0.49673260862843194,1,0.3569205105304718,1
1362,0,Bronze,low_value,0.3856871017313009,0,0.3806023667459901,0,0.51745137233124,1,0.5306504761903206,1,0.49928682111505074,0,0.5842100776184348,1,0.5712383305027711,1,0.8127885460853577,1
1363,0,Platinum,high_value,0.418164254956477,0,0.42547916156388366,0,0.6429883267052305,1,0.6350074910537037,1,0.5875449393537704,1,0.6319173118854114,1,0.6367073133450548,1,0.8368968367576599,1
1364,1,Bronze,low_value,0.386506597804252,0,0.3660532328950039,0,0.628851074855006,1,0.5421039126078465,1,0.5663078362308157,1,0.37566512705862415,1,0.6183410159790135,1,0.7352564334869385,1
1365,0,Bronze,low_value,0.398487894582257,0,0.3304008531067546,0,0.49353108493994086,0,0.49843135829599644,1,0.47192589620210584,0,0.5340303785174032,1,0.5001449094475698,1,0.8762696385383606,1
1366,0,SME,mid_value,0.2285343004697586,0,0.20874289297376597,0,0.5305818592677952,1,0.4910085345799945,1,0.5662413806462644,1,0.3063290750510921,0,0.1992362239654646,0,0.15379883348941803,0
1367,0,Bronze,low_value,0.2724433362024626,0,0.3009038093978392,0,0.3553776646848095,0,0.33834456735525004,0,0.4205398420296735,0,0.3530518168686068,1,0.3134727241347875,0,0.2769145965576172,1
1368,0,Bronze,low_value,0.23073309805249792,0,0.20345093703250883,0,0.32819464774589824,0,0.4121521529557359,0,0.4283048267709767,0,0.31792355685470414,0,0.2378153838588128,0,0.13597989082336426,0
1369,0,Bronze,low_value,0.30197941048543114,0,0.3144453142154589,0,0.3738128933534741,0,0.37352195838974445,0,0.4178395966996704,0,0.39040760901993465,1,0.41475881383591723,1,0.7674226760864258,1
1370,1,Bronze,low_value,0.3106151374575964,0,0.33007524089007145,0,0.3837128831951057,0,0.35913579616640284,0,0.4660462875794561,0,0.4287212121700457,1,0.3194328802688091,0,0.517749011516571,1
1371,0,Bronze,low_value,0.32928778888991717,0,0.30736221288761784,0,0.456643152640344,0,0.4641026796441986,1,0.4897577436957314,0,0.4729564073533103,1,0.4821479691438857,1,0.2638081908226013,1
1372,0,Gold,high_value,0.3627261647066503,0,0.37057278112371983,0,0.5009478699900206,1,0.523271463337876,1,0.5229080404225683,1,0.5306571937660514,1,0.5128645774811924,1,0.5058952569961548,1
1373,0,Gold,high_value,0.3428573541308613,0,0.34230430804547,0,0.5653340846497718,1,0.5820988868973824,1,0.5460446391066934,1,0.5751820638780328,1,0.5537495082037055,1,0.749907374382019,1
1374,0,Bronze,low_value,0.0988463349607121,0,0.034529694123387605,0,0.3383871211894383,0,0.3369556278176388,0,0.4167169373546885,0,0.2571765138864074,0,0.24235061385825754,0,0.23422648012638092,1
1375,0,Silver,mid_value,0.35435156210400287,0,0.31764283763788687,0,0.48021494415277216,0,0.5040589400959242,1,0.5022046206286671,1,0.4477692054813967,1,0.41043427620672057,1,0.8076344728469849,1
1376,0,Bronze,low_value,0.13318968182953558,0,0.16930226307896273,0,0.2990380882230881,0,0.2708772648861986,0,0.43374948043707773,0,0.3667454930121354,1,0.27507931249269235,0,0.08631958067417145,0
1377,0,Bronze,low_value,0.16736485289356276,0,0.19925533977392912,0,0.40951472574310566,0,0.3999181983900003,0,0.44039283647227095,0,0.5120355983368395,1,0.4059598829659606,1,0.27134573459625244,1
1378,0,SME,mid_value,0.23030134713800976,0,0.226746867307507,0,0.38161871641221995,0,0.39668292480870576,0,0.4624138200903535,0,0.35882902458521043,1,0.24593359547984991,0,0.616798460483551,1
1379,0,Bronze,low_value,0.19756932889977383,0,0.17624431756024356,0,0.30012084503066966,0,0.3133518296125072,0,0.40340498233460603,0,0.2505691557078091,0,0.2811324200507647,0,0.29929670691490173,1
1380,1,Gold,high_value,0.06275317648101644,0,0.058311317952270424,0,0.5166083601254746,1,0.5262106344904327,1,0.5508249592327945,1,0.21944925651307595,0,0.34951247613661085,1,0.035484056919813156,0
1381,0,Bronze,low_value,0.4005076286405426,0,0.39669091232723347,0,0.5921191229275188,1,0.5978185682174673,1,0.5473209654960237,1,0.6003078556491747,1,0.5989923581550126,1,0.7675015926361084,1
1382,0,Bronze,low_value,0.5281045230566719,1,0.43523650059957025,0,0.5507352083735484,1,0.5538557628321635,1,0.5316438985769845,1,0.5719096244659937,1,0.51157864586354,1,0.707258939743042,1
1383,1,Silver,mid_value,0.37514204818389163,0,0.4631229600456401,1,0.5708261377440302,1,0.5527198390720525,1,0.5668988747191211,1,0.5349616182057308,1,0.5829897313456834,1,0.33442360162734985,1
1384,0,Bronze,low_value,0.3841766055130964,0,0.3623513767484559,0,0.6409526791330807,1,0.5421039126078465,1,0.5663078362308157,1,0.5888784720993737,1,0.3981672818507796,1,0.6026890873908997,1
1385,0,Silver,mid_value,0.4490702340088609,0,0.42074496287063584,0,0.6135467809476438,1,0.5777816980636135,1,0.604154468991923,1,0.5298586577455219,1,0.20625209648372442,0,0.15049973130226135,0
1386,0,Bronze,low_value,0.3544201070711096,0,0.3074426741077073,0,0.3692202851690427,0,0.36469363184876563,0,0.42100584982106454,0,0.32630493075354267,0,0.3323196048913496,0,0.30496180057525635,1
1387,1,Silver,mid_value,0.345199691521632,0,0.31761232100583187,0,0.41749869175418475,0,0.44051404996327614,1,0.47086625887024447,0,0.3941440205617611,1,0.3997000900538111,1,0.46004989743232727,1
1388,0,Silver,mid_value,0.33802958119455084,0,0.24709539208578668,0,0.48316221553911526,0,0.5301239955473542,1,0.5175952273050843,1,0.40852660098358495,1,0.4577864692433005,1,0.6896917819976807,1
1389,0,Platinum,high_value,0.4138633889458052,0,0.43873828891963895,0,0.5025731207277311,1,0.5420185461270788,1,0.5343265825376784,1,0.5501247019152106,1,0.4741725476588485,1,0.6922861933708191,1
1390,0,SME,mid_value,0.671099179352313,1,0.6471190280431323,1,0.5919795849044859,1,0.5884638530247046,1,0.6106222819773828,1,0.6910903031018634,1,0.6780712522552319,1,0.9215500354766846,1
1391,0,Bronze,low_value,0.22977303600487228,0,0.2256502507368715,0,0.44562130637760944,0,0.4540705551573874,1,0.49487921130125645,0,0.4655701801372164,1,0.4728659942947508,1,0.5486146211624146,1
1392,0,Gold,high_value,0.3072574416949114,0,0.3113916340894723,0,0.5590532900994947,1,0.5707236468853164,1,0.5488268208164682,1,0.497549786886348,1,0.5044243768500976,1,0.6919462084770203,1
1393,0,Silver,mid_value,0.2657881846805625,0,0.29246541648959457,0,0.513233025951889,1,0.5140174044092108,1,0.5126884216823416,1,0.49369186985504654,1,0.530026121172437,1,0.7428916692733765,1
1394,0,Silver,mid_value,0.3949401434565068,0,0.41761994413090986,0,0.5394473610522939,1,0.5441642192477919,1,0.5470251128916158,1,0.513286292606559,1,0.5322217171443907,1,0.5764436721801758,1
1395,0,Gold,high_value,0.34441364937903796,0,0.40589533603059413,0,0.5412732739877923,1,0.5370262511895015,1,0.5420418058006166,1,0.49417249965862337,1,0.48395265013724914,1,0.46514081954956055,1
1396,0,Platinum,high_value,0.425722228569515,0,0.4729722030509411,1,0.5452529505896297,1,0.5137827921861146,1,0.6021369528658206,1,0.2613322776923844,0,0.3881492045485267,1,0.342509388923645,1
1397,0,Bronze,low_value,0.28629117637304413,0,0.2993265040111961,0,0.3710202366500597,0,0.3799767641289378,0,0.4178395966996704,0,0.3737663593730094,1,0.4065980742723668,1,0.5772263407707214,1
1398,0,Bronze,low_value,0.39927671466797915,0,0.36684836371490015,0,0.3991145895503271,0,0.43220803089275095,0,0.44688846560342965,0,0.38303969170847746,1,0.25620671752176905,0,0.15436141192913055,0
1399,0,Silver,mid_value,0.2969990487011815,0,0.3033532032692392,0,0.4391700693930438,0,0.42263709269506305,0,0.5121068510934343,1,0.4596913525418807,1,0.476573412264575,1,0.5755451321601868,1
1400,1,Bronze,low_value,0.3765911908736613,0,0.46463144485880487,1,0.5094361426435168,1,0.4816310274158288,1,0.5156636964226167,1,0.5285918493914283,1,0.5199634457398538,1,0.8352178335189819,1
1401,0,Silver,mid_value,0.3294714168603711,0,0.3627040830360217,0,0.4931463259117731,0,0.5636203062479731,1,0.5134775668216596,1,0.5571955670210639,1,0.47004254892195296,1,0.5344248414039612,1
1402,0,Silver,mid_value,0.2105897450902962,0,0.19620115801119586,0,0.30489720266074366,0,0.29759200414868364,0,0.3880312273257921,0,0.31776340923870283,0,0.3007792827651953,0,0.5063202977180481,1
1403,0,Gold,high_value,0.37342020052619246,0,0.46960620673330733,1,0.49988867701192885,0,0.564500811795098,1,0.5350396663706549,1,0.5673783990219076,1,0.4779435479299702,1,0.5332818031311035,1
1404,0,Bronze,low_value,0.2630832809558984,0,0.29062923099063565,0,0.3270941105541976,0,0.323813670822241,0,0.41722862321462334,0,0.3506025838407722,1,0.34604683124098057,1,0.3425634503364563,1
1405,0,Silver,mid_value,0.2321870763483489,0,0.2795722602470227,0,0.3977424451989417,0,0.3870643402265594,0,0.5053728709325302,1,0.28012310026411824,0,0.2311593273831351,0,0.6898059844970703,1
1406,0,SE,mid_value,0.39306203506581255,0,0.4033782712617731,0,0.5970771996350606,1,0.6154710163951782,1,0.5911903311247999,1,0.4412393831797072,1,0.35534583084228605,1,0.7821552753448486,1
1407,0,Gold,high_value,0.5701736405188881,1,0.6078370291847507,1,0.6157483082309496,1,0.5929889014364187,1,0.5812260037227516,1,0.6061726177535045,1,0.626347541872323,1,0.7437058091163635,1
1408,0,Bronze,low_value,0.2584482196785947,0,0.2593839484432561,0,0.36495868408549503,0,0.3598167376083412,0,0.39896682902540326,0,0.35034932444155825,1,0.31175144619106887,0,0.27649712562561035,1
1409,0,Bronze,low_value,0.2462240244943751,0,0.24340806489080608,0,0.449949007156003,0,0.5060517890406662,1,0.4329674311569355,0,0.4474407493585274,1,0.3668288197400056,1,0.6234355568885803,1
1410,0,Bronze,low_value,0.18072700197992814,0,0.1914041629785306,0,0.4317237204379722,0,0.4569791293361882,1,0.40900362108176236,0,0.44251955494448747,1,0.4179427297128311,1,0.7853553891181946,1
1411,0,Gold,high_value,0.35532066057727363,0,0.4406733008023425,0,0.522613241637741,1,0.4977099188789543,1,0.5316438985769845,1,0.4588520855001591,1,0.49132696132105314,1,0.48464488983154297,1
1412,0,Silver,mid_value,0.45466130118005177,0,0.34076380610324586,0,0.42848195906557485,0,0.4612902698886829,1,0.48474646481566525,0,0.5086032245598503,1,0.46588871179003954,1,0.5592136383056641,1
1413,0,Silver,mid_value,0.48557601197598205,0,0.42915837404782997,0,0.5722173261786512,1,0.5764868184004077,1,0.5556459781909814,1,0.6273262116639909,1,0.6147290524814351,1,0.8107712864875793,1
1414,0,Platinum,high_value,0.5896829181793877,1,0.5970762420919185,1,0.5406129349451307,1,0.6069281844601914,1,0.5941474977237832,1,0.5054347010205221,1,0.47108872882558767,1,0.8620635271072388,1
1415,0,Bronze,low_value,0.20604414198481655,0,0.2173085640287077,0,0.35362433912260455,0,0.3223565773244052,0,0.41896531908328416,0,0.3298052065268163,0,0.38407648165752933,1,0.3887479901313782,1
1416,0,Bronze,low_value,0.24075810961992594,0,0.21338294011763248,0,0.39449500265451604,0,0.4029313640822459,0,0.3922375208951643,0,0.3264364257015586,0,0.3032016321832267,0,0.650119960308075,1
1417,0,Platinum,high_value,0.19581362619469184,0,0.27549265734529393,0,0.5936139138657598,1,0.5832067534576159,1,0.5498545518559993,1,0.5678411363167141,1,0.6838589579679165,1,0.35891619324684143,1
1418,0,Silver,mid_value,0.335892268856683,0,0.29531192775970144,0,0.5213625326061645,1,0.5598494361471746,1,0.5175952273050843,1,0.5158630415763447,1,0.49238745961154146,1,0.641173243522644,1
1419,0,Silver,mid_value,0.34576628802291437,0,0.356048173854023,0,0.38284515852422524,0,0.3817656107224551,0,0.5057628736768722,1,0.39530720011146225,1,0.3713001651979696,1,0.5140834450721741,1
1420,0,Bronze,low_value,0.39453685961223944,0,0.27979383073900965,0,0.39046623002339936,0,0.42060251146210254,0,0.45179885125681807,0,0.275871513525606,0,0.255243073916859,0,0.44313928484916687,1
1421,0,Bronze,low_value,0.27604333018666005,0,0.24023889913289032,0,0.33089554150099026,0,0.3282758482436721,0,0.4068922901929145,0,0.3803463206012284,1,0.37870080010846585,1,0.5508801341056824,1
1422,0,Silver,mid_value,0.16086577815374692,0,0.10124426245811827,0,0.5446747700780107,1,0.5515679809927875,1,0.5359416068343739,1,0.33554662581948924,0,0.4454412442855821,1,0.13828220963478088,0
1423,0,Silver,mid_value,8.206460483726367e-10,0,3.2289911377934024e-09,0,0.42768558555718367,0,0.4010054628840215,0,0.49118387104734096,0,0.03428791578968291,0,0.030334316525556716,0,0.02913854643702507,0
1424,0,Silver,mid_value,0.369234041543598,0,0.3386910271227862,0,0.54455815434844,1,0.5428416298347658,1,0.5470251128916158,1,0.506750414697688,1,0.48497544295276074,1,0.6027288436889648,1
1425,0,Bronze,low_value,0.19916822121838787,0,0.22359022382583757,0,0.39179435254541223,0,0.37709605224280474,0,0.4220906639932589,0,0.3485952365193557,0,0.3745290809347437,1,0.31019383668899536,1
1426,0,Silver,mid_value,0.22647209451056283,0,0.20502264055111605,0,0.47882987003875094,0,0.475246021511189,1,0.4897577436957314,0,0.4757144699550063,1,0.47398750065217826,1,0.5507281422615051,1
1427,0,Silver,mid_value,0.4913755895659486,0,0.5077657179947688,1,0.5284009248012087,1,0.5526757454396196,1,0.5729286678988621,1,0.5384579814772636,1,0.35230069639547423,1,0.4112256169319153,1
1428,0,Silver,mid_value,0.2862912925978299,0,0.28173786258932915,0,0.6234888522672626,1,0.6127533205180558,1,0.604154468991923,1,0.6137403680059876,1,0.36533885885517026,1,0.3263615667819977,1
1429,0,Bronze,low_value,0.23047792462924782,0,0.27044182404556055,0,0.42543926363537005,0,0.4123739980761208,0,0.4205398420296735,0,0.443903752097969,1,0.4686321332946308,1,0.32265472412109375,1
1430,1,Bronze,low_value,0.17967244182772896,0,0.19379338263030754,0,0.4329502583566108,0,0.43143554069296736,0,0.39898338513463394,0,0.48725554663743215,1,0.42603259198266125,1,0.7248927354812622,1
1431,0,Platinum,high_value,0.1623485342277491,0,0.2607722654376938,0,0.5561713252088081,1,0.5389307559309322,1,0.5503471917610038,1,0.4739973994654898,1,0.5257075338606028,1,0.8797485828399658,1
1432,0,Silver,mid_value,0.30565515084462336,0,0.2612711211531931,0,0.511611088967726,1,0.5111545589612964,1,0.5210525741498039,1,0.5682195025791096,1,0.5494622403742242,1,0.7100251913070679,1
1433,0,Silver,mid_value,0.4956550089310311,0,0.40599582905495574,0,0.5470022418851412,1,0.5247841114251343,1,0.5369230582723916,1,0.5536967049016437,1,0.5908067812685245,1,0.5704823732376099,1
1434,0,Silver,mid_value,0.6067540154926359,1,0.6111853520870743,1,0.5125635504860185,1,0.5442847900509996,1,0.5459912214312621,1,0.5276043057591807,1,0.45428305094469446,1,0.6127324104309082,1
1435,0,Silver,mid_value,0.27206755347565686,0,0.2951822975218273,0,0.4902210316445266,0,0.5007354368391741,1,0.5043843423878024,1,0.4521931137418641,1,0.41718729660619663,1,0.7098925113677979,1
1436,0,SME,mid_value,0.6108381698793196,1,0.5445566723000594,1,0.5328405547051462,1,0.5465228214756793,1,0.5766205541720891,1,0.4359628127480011,1,0.3818056116865199,1,0.6966410875320435,1
1437,0,Bronze,low_value,0.2039410101248375,0,0.1818061912751433,0,0.31749556566751114,0,0.374961018181161,0,0.4221078045531975,0,0.3089666506722236,0,0.25156648038077317,0,0.13814157247543335,0
1438,0,Silver,mid_value,0.36348324154536327,0,0.3376733980576019,0,0.4020746851740581,0,0.36493512838918457,0,0.5252223602263606,1,0.2030502348553171,0,0.17408369406588564,0,0.35030171275138855,1
1439,0,Silver,mid_value,0.4887248648680948,0,0.4205656057459356,0,0.57602130037841,1,0.5660063722494365,1,0.6324919504257397,1,0.5263768652746182,1,0.3919303438969807,1,0.5241368412971497,1
1440,0,Bronze,low_value,0.448135279357698,0,0.4461104143143856,0,0.47843120523520744,0,0.4951154133526961,1,0.5013711151586674,1,0.4867169374253626,1,0.44144650974564975,1,0.48922351002693176,1
1441,0,SME,mid_value,0.47918387506075677,0,0.49683223447254743,1,0.5974243564340289,1,0.5273905220151817,1,0.5993225655524823,1,0.47852331025211237,1,0.4216391172761466,1,0.6063756346702576,1
1442,0,Bronze,low_value,0.18267443754586926,0,0.21516370648069214,0,0.40137226314236096,0,0.3787854669999055,0,0.4302336124519008,0,0.4174655840143677,1,0.2592136287149787,0,0.20671790838241577,1
1443,0,Bronze,low_value,0.3473189538064512,0,0.28251450747716356,0,0.3911732347482928,0,0.4740923886639227,1,0.44966115156905967,0,0.491094251819724,1,0.49443647711852373,1,0.6566562652587891,1
1444,0,Bronze,low_value,0.24987267273130126,0,0.1821566918755902,0,0.40120426360920036,0,0.47235981556760853,1,0.482103687671691,0,0.4583948165576068,1,0.514273610014201,1,0.48223716020584106,1
1445,0,Bronze,low_value,0.344893429918958,0,0.2752296146890933,0,0.43721122685844044,0,0.4890077033487685,1,0.45467259601583454,0,0.4641253832979328,1,0.41414341355148176,1,0.4157293140888214,1
1446,0,Bronze,low_value,0.3683591755942334,0,0.36875447284015583,0,0.4856812366892531,0,0.49300575807960195,1,0.49398643516417035,0,0.4501524704466609,1,0.3839920149811933,1,0.8729508519172668,1
1447,0,Bronze,low_value,0.20029832093900585,0,0.1852661054005992,0,0.3840937274934194,0,0.3960850210751832,0,0.410323226041126,0,0.2501972730190225,0,0.29691497674581546,0,0.28132757544517517,1
1448,0,Silver,mid_value,0.41918277675048843,0,0.4068332572407845,0,0.5137761311042697,1,0.5488167405216611,1,0.5623803935478419,1,0.5314481447672522,1,0.4736450737229551,1,0.7685040831565857,1
1449,0,Platinum,high_value,0.22212057658985146,0,0.11913468453491866,0,0.596507408522237,1,0.6287966968794682,1,0.5923989027486558,1,0.31981611775304725,0,0.2652990106962114,0,0.43593883514404297,1
1450,0,Bronze,low_value,0.43204409559850904,0,0.45169332236742626,0,0.5559701390729552,1,0.5753613932983996,1,0.5354414679702372,1,0.49615652033289304,1,0.2074123110457552,0,0.8420223593711853,1
1451,0,Silver,mid_value,0.30220310696103714,0,0.29098344226117917,0,0.5162936160734347,1,0.4937237098832008,1,0.5093663428129536,1,0.47315985023439033,1,0.4590475153831815,1,0.5451274514198303,1
1452,0,Bronze,low_value,0.44441599920222563,0,0.38703697853496627,0,0.4926293542112322,0,0.5443149921705777,1,0.4945482644661518,0,0.45014694300991626,1,0.3630442991591997,1,0.7411814332008362,1
1453,0,Bronze,low_value,0.1749077323992944,0,0.20018472431046475,0,0.3849472266700009,0,0.45780052299629154,1,0.4256962583952409,0,0.4304727311964843,1,0.3087689783936424,0,0.5742411017417908,1
1454,0,Gold,high_value,0.8178267246393479,1,0.8426766273723737,1,0.6143263789837258,1,0.7119885603998859,1,0.6233743827523626,1,0.6909118417318203,1,0.6690342197181399,1,0.8431878089904785,1
1455,1,Bronze,low_value,0.44457425278885926,0,0.4557067435263141,0,0.6218749448472456,1,0.5449726009933482,1,0.6109805810979544,1,0.6279870563928265,1,0.40296178027927904,1,0.7140423059463501,1
1456,0,Silver,mid_value,0.5232022059748591,1,0.5597224343422903,1,0.6047382576803167,1,0.5486590305584659,1,0.5723505686025314,1,0.475045664870914,1,0.5953099091292258,1,0.3228473663330078,1
1457,0,Bronze,low_value,0.3530562560020732,0,0.3615830794244138,0,0.39817708697786836,0,0.42712625777883373,0,0.4624138200903535,0,0.45280396796238576,1,0.4295642911224075,1,0.652583122253418,1
1458,0,Platinum,high_value,0.5437288842679914,1,0.5540885153790167,1,0.5559249143230152,1,0.5791708336203786,1,0.5887658391239599,1,0.4485555228571536,1,0.5865808859454384,1,0.8379347920417786,1
1459,0,Silver,mid_value,0.40821052287101023,0,0.35328357752725625,0,0.523414536596446,1,0.5277186247396631,1,0.5316438985769845,1,0.5006028237401661,1,0.44401759646699385,1,0.8486537337303162,1
1460,0,Bronze,low_value,0.3756080088681838,0,0.2833486998842244,0,0.4668048345862191,0,0.4834452599303261,1,0.45284069861544235,0,0.4117257386734234,1,0.2524225534307685,0,0.13276724517345428,0
1461,0,Bronze,low_value,0.2131263855559316,0,0.18749386648463118,0,0.37474705243911843,0,0.3717815222543733,0,0.4086289860615754,0,0.4200661648375261,1,0.4094925440308963,1,0.6454178690910339,1
1462,0,Silver,mid_value,0.3501136822940439,0,0.3207249854555088,0,0.48669601110723515,0,0.5068605671297164,1,0.5246697593677561,1,0.4316991668408845,1,0.41442238064471143,1,0.672944188117981,1
1463,0,Silver,mid_value,0.5668808850027215,1,0.5291985912244409,1,0.5303252880296068,1,0.5690323117399267,1,0.5175952273050843,1,0.5527538926738897,1,0.4718942974033552,1,0.7002338171005249,1
1464,1,Platinum,high_value,0.22202790175640005,0,0.2097924660481672,0,0.5150887571586904,1,0.47784934506072857,1,0.5267214543980817,1,0.29912982153978074,0,0.2016211865753901,0,0.3469017744064331,1
1465,1,Bronze,low_value,0.3281531504935738,0,0.2865838748376643,0,0.4157492303329153,0,0.4001164401906843,0,0.45310684225348197,0,0.466834577696779,1,0.46189068082081597,1,0.7411311268806458,1
1466,0,Bronze,low_value,0.31753326615562644,0,0.2620006661885942,0,0.410561449308621,0,0.4366597275395145,0,0.43924385861377635,0,0.49906420435405535,1,0.44714413037555584,1,0.5762673616409302,1
1467,0,Bronze,low_value,0.3270455670200349,0,0.33692699279854577,0,0.3843688179407778,0,0.3741303024864375,0,0.4447008932059293,0,0.3658907616952298,1,0.3670860341611302,1,0.6108364462852478,1
1468,0,Gold,high_value,0.10962409662337559,0,0.14377873423050716,0,0.4341835710222833,0,0.4484657890647467,1,0.5305354404008952,1,0.2901244645377335,0,0.2871613043331274,0,0.20432116091251373,1
1469,0,Silver,mid_value,0.36711011229197454,0,0.35471929113635947,0,0.4348254344576823,0,0.4479054478429932,1,0.5162131393806231,1,0.4417584017831847,1,0.447748415688515,1,0.6477069854736328,1
1470,0,Iron,low_value,0.05131205625048133,0,0.09166933771453575,0,0.3107451145832049,0,0.2922401203272682,0,0.41374131535631486,0,0.2624258077048379,0,0.31491367110315216,0,0.24705778062343597,1
1471,0,Silver,mid_value,0.38766320367553847,0,0.38704594478943977,0,0.55516526069391,1,0.5637221627199506,1,0.5369230582723916,1,0.5937282877163809,1,0.6021136324277879,1,0.8017318248748779,1
1472,0,Silver,mid_value,0.2638310297787856,0,0.3033900863867271,0,0.49486729745173663,0,0.4875378866780031,1,0.5140984792512466,1,0.44402283789722075,1,0.3686642046229469,1,0.4212263524532318,1
1473,0,Bronze,low_value,0.307267339278345,0,0.31620688696669824,0,0.3097152484313037,0,0.29615814980196087,0,0.41984020707399494,0,0.3308997217091447,0,0.33538460904163214,0,0.6528541445732117,1
1474,0,Bronze,low_value,0.20108254513179225,0,0.18167099796868055,0,0.3760851806982403,0,0.39464239812436347,0,0.388965732245737,0,0.23847700601927693,0,0.20633751914691142,0,0.33544158935546875,1
1475,0,Iron,low_value,0.9989754339702717,1,0.9975032591740499,1,0.30658117538754026,0,0.2966041434562756,0,0.33208476963962374,0,0.028924188073514368,0,0.02064323724442345,0,0.0049764979630708694,0
1476,0,Silver,mid_value,0.5831679489659264,1,0.5609497629288397,1,0.6157006808978301,1,0.5968351647364787,1,0.5709370235818364,1,0.5827082797799225,1,0.5866132227277008,1,0.7591650485992432,1
1477,0,Bronze,low_value,0.42587568500803213,0,0.33356747395979464,0,0.5393395891589492,1,0.5148030630292051,1,0.5210525741498039,1,0.5363645301543046,1,0.5045420169809464,1,0.4954296052455902,1
1478,0,Bronze,low_value,0.27329678397004653,0,0.2436879282191709,0,0.36246082157780113,0,0.3688992277833625,0,0.4138105338994345,0,0.35018032222199696,1,0.28179654869837817,0,0.6931698322296143,1
1479,0,Bronze,low_value,0.4053871344699525,0,0.3934073886362338,0,0.5775765493742262,1,0.5808674425084751,1,0.5369230582723916,1,0.5959120597440033,1,0.5653060243920858,1,0.7815124988555908,1
1480,0,Bronze,low_value,0.3698746412814755,0,0.3603706535047867,0,0.42405666425277067,0,0.400901793492993,0,0.47896535117952094,0,0.4700124243469779,1,0.443835122497812,1,0.20013804733753204,1
1481,0,Iron,low_value,0.02938982614977094,0,0.04983089907029197,0,0.35259379830780935,0,0.3656269182055552,0,0.4426224303334704,0,0.23256503889287972,0,0.15013974510920597,0,0.06380604207515717,0
1482,0,SME,mid_value,0.31405357334391576,0,0.23261929356114064,0,0.506464581791815,1,0.5166554904341017,1,0.5612333077436322,1,0.373927331027258,1,0.3052340666014384,0,0.19882215559482574,1
1483,0,Gold,high_value,0.5626196875459238,1,0.5486396899431755,1,0.5402398647992495,1,0.641860748350422,1,0.5670669076067573,1,0.5997548372633558,1,0.556079134637782,1,0.8224043250083923,1
1484,0,Gold,high_value,0.27248125371490506,0,0.2984680558637561,0,0.5493915814019971,1,0.5412460228933533,1,0.5870710456740693,1,0.5166012877717907,1,0.5284546387758664,1,0.6257455348968506,1
1485,1,Bronze,low_value,0.2755413137225177,0,0.23987101035617578,0,0.33089554150099026,0,0.3282758482436721,0,0.4068922901929145,0,0.37985643174235667,1,0.37870080010846585,1,0.5508801341056824,1
1486,0,Bronze,low_value,0.36010464849201074,0,0.3827687842629096,0,0.4993374970440335,0,0.5076232426387843,1,0.4866295181738717,0,0.5329267430374515,1,0.3690703098074027,1,0.5939463973045349,1
1487,0,Gold,high_value,0.4713536979551573,0,0.49561664450566234,1,0.6121777312381904,1,0.6046281570569186,1,0.57044751154722,1,0.6218882179385037,1,0.6364963079143103,1,0.8145369291305542,1
1488,0,Platinum,high_value,0.3953777546278198,0,0.43008635152837116,0,0.5540705074650544,1,0.5499733707476714,1,0.5920239423234019,1,0.4899452926583181,1,0.5048162312272468,1,0.19479990005493164,1
1489,0,Bronze,low_value,0.3251729051390559,0,0.34265010217789976,0,0.3379125911811935,0,0.3327280477701622,0,0.4245689048299094,0,0.3360183191302553,0,0.34579747000919714,1,0.20550638437271118,1
1490,0,Gold,high_value,0.4041539869382505,0,0.4995037785520097,1,0.5455627439521377,1,0.5444881383973965,1,0.5400511542903851,1,0.5358177362119317,1,0.5149089988346733,1,0.547318160533905,1
1491,0,Bronze,low_value,0.22485724658519207,0,0.1950724781732844,0,0.4113088674919256,0,0.4116701757653327,0,0.41211629391988386,0,0.4388628162604012,1,0.4780132370534171,1,0.8893086314201355,1
1492,0,Bronze,low_value,0.4514991053846691,0,0.3777636936869843,0,0.5575817188718354,1,0.5694675782888151,1,0.5316438985769845,1,0.4983614014173261,1,0.4826118156816176,1,0.7622917294502258,1
1493,0,Platinum,high_value,0.6797063206106472,1,0.7474392321707028,1,0.6396206579093281,1,0.6905903119036164,1,0.5924541030990333,1,0.7415626020397681,1,0.659694908620337,1,0.8237906098365784,1
1494,0,Bronze,low_value,0.3006541428932607,0,0.31442254497769073,0,0.37830460608641076,0,0.3784185945059378,0,0.4282569044472685,0,0.3832707156407735,1,0.4181176115252327,1,0.8763434886932373,1
1495,0,Gold,high_value,0.48140288941321974,0,0.5166820593556054,1,0.5926583980786588,1,0.6038686040691877,1,0.5781959512570813,1,0.5242153757322349,1,0.5420615491740846,1,0.6614310145378113,1
1496,0,Gold,high_value,0.3285648346718104,0,0.3279950745530105,0,0.5220249751244751,1,0.49033136894244345,1,0.5573991533773806,1,0.45065157722106064,1,0.3633021477739476,1,0.4829823672771454,1
1497,0,Silver,mid_value,0.38572754552968,0,0.3630424634836589,0,0.4871208214610303,0,0.5039022775706787,1,0.5175952273050843,1,0.5329798365816522,1,0.4983143913990029,1,0.7744240760803223,1
1498,0,Bronze,low_value,0.1945099802952832,0,0.18051605950789265,0,0.3635616481980513,0,0.3706735278061087,0,0.410323226041126,0,0.2162216803882287,0,0.28852468839631457,0,0.2611505687236786,1
1499,0,Silver,mid_value,0.47718064454443504,0,0.4522522873065066,0,0.4869561957072231,0,0.4692134285979421,1,0.5841085630389131,1,0.48069275700958597,1,0.4570132178566586,1,0.13856753706932068,0
1500,0,Gold,high_value,0.4798382127080119,0,0.5302968346268642,1,0.5228566938361698,1,0.5213858931218347,1,0.5316438985769845,1,0.5248500926049272,1,0.5049961027294574,1,0.5957212448120117,1
1501,0,Bronze,low_value,0.22067793402983366,0,0.19754216975835873,0,0.313973879606989,0,0.30502831341437686,0,0.38425517891535477,0,0.2266027290136306,0,0.12930716917573898,0,0.14354567229747772,0
1502,0,Silver,mid_value,0.25801573064977035,0,0.287973687845053,0,0.4819270518622578,0,0.4809332794636291,1,0.5126884216823416,1,0.4505526273233089,1,0.48779008280554903,1,0.8394091725349426,1
1503,0,Gold,high_value,0.28971111694198726,0,0.4083491534450903,0,0.6599948246197427,1,0.6443347586862118,1,0.6182786388976984,1,0.6405338124048061,1,0.6245131723398818,1,0.8794470429420471,1
1504,0,Gold,high_value,0.4740108811501201,0,0.41038020543908327,0,0.5460493775296611,1,0.5144596921485143,1,0.5678288944404285,1,0.5213674052522751,1,0.45889167299007716,1,0.5071509480476379,1
1505,0,Gold,high_value,0.5174664031788989,1,0.5195247431608389,1,0.5374561784703407,1,0.5567634583690396,1,0.5561988560489547,1,0.40702748088299734,1,0.3652695048213453,1,0.6046546697616577,1
1506,0,Bronze,low_value,0.24014481775954624,0,0.21698267976614516,0,0.375339367501666,0,0.39446572433750665,0,0.4178395966996704,0,0.41244871696073504,1,0.4515356291279943,1,0.803045928478241,1
1507,0,Bronze,low_value,0.17922171933302944,0,0.18915899165054434,0,0.3332604750251829,0,0.3322001189199338,0,0.4096025789323212,0,0.16779646726793876,0,0.21402137475907737,0,0.1957365870475769,1
1508,0,Bronze,low_value,0.38113487519229694,0,0.32116153501750494,0,0.47669247757079347,0,0.5001622301972232,1,0.4802450643973339,0,0.5183112778572079,1,0.4586794268610568,1,0.7777087688446045,1
1509,0,Gold,high_value,0.5204710555574155,1,0.5877291138434209,1,0.490970201306694,0,0.5573236564627218,1,0.546346188510408,1,0.5346903240192359,1,0.4939422996989901,1,0.6837857961654663,1
1510,0,Iron,low_value,0.058768808479152015,0,0.07767274994077011,0,0.34492486286329777,0,0.35376667116839433,0,0.40410067236839875,0,0.2332248484047877,0,0.1540061517346463,0,0.15241049230098724,0
1511,0,Platinum,high_value,0.4998381280062767,0,0.5116190638114269,1,0.7120261238505228,1,0.7191678890562132,1,0.6914523723107523,1,0.7390561611324616,1,0.5804528179131812,1,0.9591309428215027,1
1512,0,Silver,mid_value,0.39154857066336746,0,0.41014452692893877,0,0.5333773021710237,1,0.5506730284738403,1,0.5163404820221822,1,0.5491044785864194,1,0.5112038219713869,1,0.7550041079521179,1
1513,0,SME,mid_value,0.6587279776914413,1,0.6211231451163682,1,0.5916533736960118,1,0.5921307054222423,1,0.6003543769019043,1,0.4851381079147985,1,0.45226435992538566,1,0.7126311659812927,1
1514,0,Iron,low_value,0.06635703127638211,0,0.09885667700555123,0,0.33540811639434226,0,0.353568014647166,0,0.410323226041126,0,0.2422160436984781,0,0.27577580746420627,0,0.3054894804954529,1
1515,0,Bronze,low_value,0.4858026600419508,0,0.45526718709903174,0,0.5402495052701283,1,0.5104964391423781,1,0.562209707902994,1,0.5776802176474994,1,0.5575106969517863,1,0.8408116698265076,1
1516,0,Platinum,high_value,0.4503266400393091,0,0.4406600404394377,0,0.5532090149259858,1,0.5054843753708238,1,0.5784974347798003,1,0.4347697856331272,1,0.5332483241436128,1,0.4950343668460846,1
1517,0,Bronze,low_value,0.23709452574502007,0,0.2641983037634291,0,0.41372664029398387,0,0.39630254636696344,0,0.45989372242819,0,0.4017052375594397,1,0.3662506010563071,1,0.3198622763156891,1
1518,0,Silver,mid_value,0.38018365057844233,0,0.3680125998515288,0,0.5576255696892705,1,0.5758726524289692,1,0.5250099293158328,1,0.4913819692419982,1,0.43285359893590897,1,0.7795372605323792,1
1519,0,Bronze,low_value,0.23629850228671734,0,0.19974974041468493,0,0.3565854293968551,0,0.3466413931483457,0,0.3968476230306324,0,0.3598616219581991,1,0.36386795089613116,1,0.8410757780075073,1
1520,0,Bronze,low_value,0.27714765695724314,0,0.25308327417194293,0,0.4173726310347542,0,0.4334573211178089,0,0.43751553475980537,0,0.27888531468441147,0,0.28918697757254785,0,0.6061275601387024,1
1521,0,Gold,high_value,0.5055010638205337,1,0.5474895621744494,1,0.5184743167555627,1,0.49589285570913666,1,0.5639162029299992,1,0.3336712874613273,0,0.33218781103941153,0,0.6056306958198547,1
1522,0,Silver,mid_value,0.36978519802014465,0,0.30682262003484084,0,0.5841632657080337,1,0.5896484505159258,1,0.5210525741498039,1,0.599398247389019,1,0.5972646974064532,1,0.8308735489845276,1
1523,0,Bronze,low_value,0.27825686394854743,0,0.23667902140282426,0,0.33973663371819013,0,0.34252717423306417,0,0.38550802807114903,0,0.37745580408210383,1,0.3384964380328451,0,0.5183810591697693,1
1524,1,Bronze,low_value,0.5800374619137552,1,0.4767374489314332,1,0.5175505034567149,1,0.5217799886086649,1,0.4872310085830672,0,0.5206861768869241,1,0.5334516162053627,1,0.7105216979980469,1
1525,0,Platinum,high_value,0.649841734466243,1,0.6691798058284258,1,0.5002070733032774,1,0.4990690265436981,1,0.5940639561963775,1,0.4910570594666605,1,0.46383313703859647,1,0.2610122561454773,1
1526,0,Gold,high_value,0.6267747830576103,1,0.6128345403542633,1,0.5781208061160797,1,0.6617549726775153,1,0.5719914985121878,1,0.5370552868539062,1,0.37406306992414445,1,0.1431313008069992,0
1527,0,Bronze,low_value,0.254161052259213,0,0.22884450156481245,0,0.3549305716906771,0,0.3412205609563637,0,0.4138105338994345,0,0.2763231379706059,0,0.357079978556201,1,0.5257388949394226,1
1528,0,Gold,high_value,0.3197435954429409,0,0.35292360368384246,0,0.6081945650205408,1,0.5849565493419908,1,0.5966703499168243,1,0.5495983694115715,1,0.6007272840721539,1,0.7691120505332947,1
1529,0,Gold,high_value,0.3600038930550424,0,0.3428176957495264,0,0.5698400375131453,1,0.5771249518721127,1,0.5091193521250089,1,0.53514660783216,1,0.5122296274560458,1,0.6506100296974182,1
1530,0,Silver,mid_value,0.37742432902970524,0,0.3987897550745024,0,0.47335261586541355,0,0.48026288466382494,1,0.5126884216823416,1,0.49285786527919917,1,0.46504122892120947,1,0.8556346893310547,1
1531,0,Gold,high_value,0.401685697246545,0,0.45289303220800947,0,0.620466651881295,1,0.5334522863223742,1,0.6230501443085754,1,0.5126363143372591,1,0.3304626372762439,0,0.46803268790245056,1
1532,0,Bronze,low_value,0.4188233057932413,0,0.4293588229163539,0,0.4569686054306748,0,0.4710794850323003,1,0.5093663428129536,1,0.46984106401161047,1,0.440113127980592,1,0.5049399137496948,1
1533,0,Bronze,low_value,0.38463650342344435,0,0.32061881322739794,0,0.4991212718281347,0,0.5249739269682492,1,0.47192589620210584,0,0.48395909242685814,1,0.4230207573438986,1,0.8834115862846375,1
1534,1,Bronze,low_value,0.2666311791897287,0,0.23624379174753815,0,0.2913186540720665,0,0.31387178355634954,0,0.44986433924434677,0,0.3978913458152066,1,0.2378024733355557,0,0.10875903815031052,0
1535,0,Gold,high_value,0.4423581167674123,0,0.4750927437680318,1,0.658256617107041,1,0.650982250447781,1,0.6203933111145976,1,0.6484159474557417,1,0.704090523993394,1,0.9255250096321106,1
1536,0,Silver,mid_value,0.730499087045967,1,0.6088409608526336,1,0.5583448580325516,1,0.554832532828923,1,0.5083977020318793,1,0.4698802658230746,1,0.45838417204131315,1,0.4223529100418091,1
1537,0,Bronze,low_value,0.33899422307384874,0,0.34096795869151614,0,0.4750803821956677,0,0.4869912969078478,1,0.52331900102302,1,0.4447817458525219,1,0.42271786389847293,1,0.0944007933139801,0
1538,0,Bronze,low_value,0.09077904278709419,0,0.027192347639192413,0,0.3345002372888001,0,0.3447846675258324,0,0.39712783963193815,0,0.3014664340592642,0,0.24323384953317126,0,0.17627079784870148,1
1539,0,Bronze,low_value,0.23878431916346451,0,0.2129942724464509,0,0.2948498508144463,0,0.3121037403428824,0,0.44986433924434677,0,0.39264291078856717,1,0.2463268628423455,0,0.03588663414120674,0
1540,0,Bronze,low_value,0.26935020116887315,0,0.23543518866239918,0,0.32111926483647824,0,0.31483383912511803,0,0.4068922901929145,0,0.368996341661062,1,0.3717624919431119,1,0.5310109853744507,1
1541,0,Bronze,low_value,0.38279349637820204,0,0.4003520439062316,0,0.3650197356165614,0,0.34548055734772987,0,0.4509323909867903,0,0.3741691095590897,1,0.372463525233233,1,0.3328658938407898,1
1542,0,Bronze,low_value,0.47427866754556675,0,0.35178781657283076,0,0.35769988811437564,0,0.404546668574798,0,0.4724157122898923,0,0.4593448113189025,1,0.3544712724433915,1,0.43263253569602966,1
1543,0,Silver,mid_value,0.34224966816629904,0,0.3586491936968934,0,0.545298126274862,1,0.55003928744661,1,0.5400511542903851,1,0.5187439095821749,1,0.5633858055713006,1,0.7735114693641663,1
1544,0,Bronze,low_value,0.32867117786440253,0,0.2975579197615006,0,0.46006232457673824,0,0.4711544278959468,1,0.48951416056042224,0,0.45019718597219166,1,0.38624595064329703,1,0.14952850341796875,0
1545,0,Silver,mid_value,0.31665135783470244,0,0.3343722206093073,0,0.44702103899436074,0,0.4997373560008638,1,0.4923331207283317,0,0.45095253111280353,1,0.44782705100132675,1,0.5484057664871216,1
1546,0,Bronze,low_value,0.22838460229506988,0,0.2415370455090981,0,0.3811605033291032,0,0.37939198740808683,0,0.40809924281128207,0,0.4143403732965476,1,0.3867887544899555,1,0.8281824588775635,1
1547,0,Silver,mid_value,0.5064001287135113,1,0.5393023855618386,1,0.5607071923707077,1,0.5482125474126479,1,0.556637276833742,1,0.44834521749874734,1,0.409938950955547,1,0.5298486351966858,1
1548,0,Gold,high_value,0.40712074995608666,0,0.41360316857727,0,0.539549120805801,1,0.5357596099266471,1,0.4969593293123872,0,0.43659328961862465,1,0.4451353979577913,1,0.49169570207595825,1
1549,0,Silver,mid_value,0.4479648364720304,0,0.3783451286255209,0,0.4972775388844343,0,0.4892501342859174,1,0.5402384092221519,1,0.5300561275515467,1,0.5106573386134753,1,0.6701356768608093,1
1550,0,Bronze,low_value,0.30371479855725825,0,0.2991565365301771,0,0.29976840201308547,0,0.3129423671319437,0,0.4063115172759318,0,0.3819104582350379,1,0.25989686328539585,0,0.4871073365211487,1
1551,0,Bronze,low_value,0.2779656249593936,0,0.28626200632423626,0,0.3471657069358129,0,0.32892641928538263,0,0.42414484450232204,0,0.34197316561343993,0,0.3910844645774394,1,0.7205196022987366,1
1552,0,Silver,mid_value,0.42386072961349136,0,0.444863248964491,0,0.4894446788851343,0,0.5523045378146029,1,0.5623803935478419,1,0.5682505301362264,1,0.501307295071135,1,0.7646681666374207,1
1553,0,Silver,mid_value,0.4887097258741813,0,0.5191745052079154,1,0.6299489316619953,1,0.6377646688123376,1,0.5844131455725596,1,0.5793963792431597,1,0.6391277094153784,1,0.7554632425308228,1
1554,0,Silver,mid_value,0.4839768311117632,0,0.4613934708000379,1,0.5938754249151745,1,0.5924703809685054,1,0.5678288944404285,1,0.4871136715455811,1,0.5584212875929369,1,0.6653124690055847,1
1555,0,Bronze,low_value,0.1796977010584103,0,0.17323186225079437,0,0.39005009417319003,0,0.44948401617737666,1,0.4278253617452271,0,0.385612601958022,1,0.3259715274349715,0,0.3017410933971405,1
1556,0,Bronze,low_value,0.20117125373555625,0,0.20054552391272326,0,0.3871224502537723,0,0.38783192228100044,0,0.3902485130589403,0,0.3905193558343818,1,0.27204862397405793,0,0.33984050154685974,1
1557,0,Bronze,low_value,0.3994013769976226,0,0.40972086994632784,0,0.519922398367324,1,0.5010287608933992,1,0.5140984792512466,1,0.5225374565490051,1,0.5161301140058734,1,0.8284597396850586,1
1558,0,Bronze,low_value,0.275363214930549,0,0.25577348952968487,0,0.3855196368957406,0,0.42474628443655726,0,0.4205398420296735,0,0.3496853464013675,0,0.29482886778433626,0,0.6967315673828125,1
1559,1,Bronze,low_value,0.3503464693200585,0,0.31939708817401957,0,0.4292723703847151,0,0.4465003414073678,1,0.46014712993711016,0,0.3765204849961634,1,0.3613633654604553,1,0.4166465699672699,1
1560,0,Platinum,high_value,0.48807074321347454,0,0.5463861911792866,1,0.5655893519056603,1,0.551930961959852,1,0.5766205541720891,1,0.4744506605379972,1,0.4201536146730337,1,0.865307629108429,1
1561,0,Bronze,low_value,0.19498134670592634,0,0.18046572437536554,0,0.347718023711084,0,0.35878911374716455,0,0.410323226041126,0,0.24970871058896843,0,0.2369425648734033,0,0.43517395853996277,1
1562,0,Gold,high_value,0.35257006467545254,0,0.3329102122985,0,0.5219568000905039,1,0.5242189919183791,1,0.5290485927026821,1,0.520799786580041,1,0.5259049693051463,1,0.7022006511688232,1
1563,0,Bronze,low_value,0.5847226936032628,1,0.509325425669088,1,0.5252643674173396,1,0.5447631787959597,1,0.5245691859063148,1,0.5743570234668265,1,0.5227711671777182,1,0.5652870535850525,1
1564,0,Bronze,low_value,0.33255744786054914,0,0.3404544950990143,0,0.44622412855354454,0,0.4317436521738343,0,0.459405724355053,0,0.4695672994212031,1,0.545413202882949,1,0.882683277130127,1
1565,0,Gold,high_value,0.28800204632053106,0,0.3304420302221442,0,0.5872827069197377,1,0.5596709600842082,1,0.5473209654960237,1,0.5313230572695856,1,0.6117507485405989,1,0.7321368455886841,1
1566,0,Silver,mid_value,0.2986942912758777,0,0.3337677405847963,0,0.5479744555866595,1,0.5397394935765294,1,0.5140984792512466,1,0.5562852412357651,1,0.5456891301173714,1,0.8518437743186951,1
1567,1,Platinum,high_value,0.09297883473307757,0,0.08250986641189936,0,0.48841558128694706,0,0.4681524896120112,1,0.5522445290485378,1,0.17854444736352623,0,0.15332914377474427,0,0.37574303150177,1
1568,0,Bronze,low_value,0.19921102394430576,0,0.21156934543720712,0,0.3569702339057158,0,0.3193230560486726,0,0.41374131535631486,0,0.31529675489172304,0,0.37349336888463064,1,0.3634956181049347,1
1569,0,Gold,high_value,0.36615411326903413,0,0.39876289994312986,0,0.6020569466301462,1,0.6244739372869983,1,0.6012313807812062,1,0.5667848691951581,1,0.5267403198197322,1,0.7239407300949097,1
1570,0,Bronze,low_value,0.30709553858628397,0,0.2520068649041147,0,0.35942343624381856,0,0.3870377715442766,0,0.4309595860751281,0,0.3593330341572066,1,0.35692524061628284,1,0.3577236831188202,1
1571,0,Gold,high_value,0.26736319195996977,0,0.2652126405926824,0,0.5000036830617214,1,0.5263132268350181,1,0.5175952273050843,1,0.4974876036583168,1,0.4665998612546687,1,0.6076381206512451,1
1572,0,Bronze,low_value,0.1845990644140106,0,0.20911680593400914,0,0.3406699661106532,0,0.3361550596313963,0,0.4096025789323212,0,0.17349627799101222,0,0.20118742830325723,0,0.2920421063899994,1
1573,0,Bronze,low_value,0.22802670265056696,0,0.19677099803216616,0,0.3662634332546569,0,0.4157885165920995,0,0.4027566652080566,0,0.35865356320622904,1,0.3474608851135743,1,0.48348361253738403,1
1574,0,Bronze,low_value,0.30207885936147444,0,0.2644271929731167,0,0.5291234259428662,1,0.5327659615475375,1,0.5301276013364077,1,0.3870525952217794,1,0.4420355684979738,1,0.2144421935081482,1
1575,0,Bronze,low_value,0.6001341548488414,1,0.4753262217612461,1,0.5319918204400846,1,0.5647916632939937,1,0.4869779787088854,0,0.5432235835777489,1,0.5442429918158724,1,0.7717251777648926,1
1576,0,Bronze,low_value,0.2729808082206782,0,0.2876830466558821,0,0.34690071106362835,0,0.3729174383165815,0,0.4282569044472685,0,0.33837578654282874,0,0.38960545740605956,1,0.7162133455276489,1
1577,0,Silver,mid_value,0.3037691126391912,0,0.3424500488955733,0,0.412545950541099,0,0.36962185945927795,0,0.5109210878847035,1,0.4148776206464523,1,0.40988651343171095,1,0.618606448173523,1
1578,0,Iron,low_value,0.12534445360237806,0,0.1576950464055236,0,0.5284222908439459,1,0.5304369973405751,1,0.4874209405621109,0,0.3304310542570915,0,0.3021821517842756,0,0.18260557949543,1
1579,0,Bronze,low_value,0.47159195641430207,0,0.34795418924848975,0,0.39118106748459297,0,0.41064691146174964,0,0.47531677365573943,0,0.4597032647630743,1,0.38036941121961876,1,0.20380406081676483,1
1580,0,Bronze,low_value,0.08602079864845014,0,0.02807719646857042,0,0.35256599702614644,0,0.3571451662356197,0,0.39712783963193815,0,0.291888033444633,0,0.26698355077372016,0,0.20712842047214508,1
1581,0,Silver,mid_value,0.3779099933810212,0,0.3690954159767079,0,0.49507948391417095,0,0.5245737719296657,1,0.5134775668216596,1,0.5162746482721218,1,0.4647550310971034,1,0.5535183548927307,1
1582,1,Silver,mid_value,0.5779317754471816,1,0.5440740451261202,1,0.5026084830640553,1,0.4821286118294473,1,0.5428779234639154,1,0.5266916522818735,1,0.5111191998043378,1,0.6184667348861694,1
1583,0,Silver,mid_value,0.38891532325854106,0,0.3997436527989407,0,0.5172174985996313,1,0.521000297345158,1,0.5400511542903851,1,0.5158300089564595,1,0.514300571958382,1,0.8151743412017822,1
1584,0,Bronze,low_value,0.11907180888195804,0,0.13803174616654496,0,0.3595168225998562,0,0.32979252095628175,0,0.3340796626750069,0,0.13423232615264927,0,0.07083352005059675,0,0.0545678548514843,0
1585,0,Bronze,low_value,0.24165019635316556,0,0.21712672613729347,0,0.37541825541442253,0,0.3896290615268161,0,0.4178395966996704,0,0.36807705326688467,1,0.4033250153515237,1,0.5647751092910767,1
1586,0,Bronze,low_value,0.3186895073530434,0,0.2701363634613443,0,0.35775932960443113,0,0.34926769396144364,0,0.3880312273257921,0,0.3630782118335196,1,0.3190085555321522,0,0.6706783175468445,1
1587,0,Bronze,low_value,0.2306582605018178,0,0.23124156487768482,0,0.4002853817565618,0,0.37489989276952124,0,0.44960894880620517,0,0.364715476062888,1,0.30511989614652224,0,0.31599438190460205,1
1588,0,Bronze,low_value,0.4065938591129383,0,0.38435094831654887,0,0.4344705582722365,0,0.41840234851856617,0,0.5152880543198377,1,0.45916022275109203,1,0.5167985079170682,1,0.7367362380027771,1
1589,0,Bronze,low_value,0.2052840920597698,0,0.18216723690525038,0,0.4253175848259821,0,0.39939020647107226,0,0.5251737743806315,1,0.35768108734002946,1,0.31871566413209385,0,0.17522947490215302,1
1590,0,Bronze,low_value,0.2847662682435522,0,0.29573697203818083,0,0.40611187759765427,0,0.45394001566614944,1,0.4529610249009595,0,0.3888843239531919,1,0.2892142648133987,0,0.4218581020832062,1
1591,0,Bronze,low_value,0.2385859625629894,0,0.212444181408333,0,0.30146187004524205,0,0.2993271980919445,0,0.40340498233460603,0,0.30953136490568156,0,0.3152240989725301,0,0.41208043694496155,1
1592,0,Bronze,low_value,0.339346365466304,0,0.27437839167203854,0,0.5301244475397208,1,0.5044755984224831,1,0.5184083090142835,1,0.46414660187461754,1,0.5159283530770501,1,0.4393909275531769,1
1593,1,Silver,mid_value,0.36499659323609385,0,0.39548237531113795,0,0.5675170999478106,1,0.5549529494764898,1,0.5599249161178906,1,0.545996807500496,1,0.574977773361698,1,0.7527307271957397,1
1594,0,Bronze,low_value,0.26587619106736465,0,0.2638585779086148,0,0.3590092353312857,0,0.37678138200017375,0,0.4256258941752756,0,0.34051530620203485,0,0.28048069768352196,0,0.32885295152664185,1
1595,0,Bronze,low_value,0.4969740075273795,0,0.4310921813418423,0,0.42361243389638786,0,0.4357791992181155,0,0.5001710309296216,1,0.4873722878305774,1,0.4417766851010024,1,0.4757739305496216,1
1596,0,Platinum,high_value,0.4459872641839387,0,0.4568020792517338,0,0.6185942690870653,1,0.5893023857715047,1,0.5758848467545642,1,0.5772798123524402,1,0.6214411766365382,1,0.6899375319480896,1
1597,0,Bronze,low_value,0.23452120253598913,0,0.19961913129171052,0,0.3689407751255178,0,0.36319365850327584,0,0.3968476230306324,0,0.37964281433515834,1,0.38770841207915907,1,0.8277300596237183,1
1598,0,Silver,mid_value,0.20857473444548405,0,0.18671722064383642,0,0.35077387350485517,0,0.3813573415795834,0,0.4309595860751281,0,0.3179949099659154,0,0.34742788627686566,1,0.34355199337005615,1
1599,0,Gold,high_value,0.2847658979614481,0,0.37528440336771407,0,0.5393480068652449,1,0.5406983919072985,1,0.5400511542903851,1,0.46817619518531994,1,0.4901507557462259,1,0.6319869756698608,1
1600,0,Bronze,low_value,0.31311133062944785,0,0.2636656460707729,0,0.36923297949862305,0,0.3806714530761948,0,0.4128400965913796,0,0.4188834744692487,1,0.375477591461118,1,0.6261855959892273,1
1601,0,Platinum,high_value,0.5116221076070948,1,0.5552522918787847,1,0.5565790783101199,1,0.5770784265930022,1,0.5694839689443998,1,0.6452887250323196,1,0.6317281186992038,1,0.909956693649292,1
1602,0,Silver,mid_value,0.45182215543454624,0,0.4620303511414637,1,0.5686924591159385,1,0.6243639831541766,1,0.5623803935478419,1,0.5760469696168695,1,0.4949757785087999,1,0.6739413738250732,1
1603,0,Silver,mid_value,0.41734844536892984,0,0.44993138715132086,0,0.5729741782008565,1,0.5604750096710841,1,0.5872450015512904,1,0.38711839701746875,1,0.45273362676843615,1,0.1472330391407013,0
1604,0,Bronze,low_value,0.2679011520541306,0,0.2789389253260108,0,0.32669771441546663,0,0.31944329441802655,0,0.41722862321462334,0,0.3692637694423469,1,0.358015219617497,1,0.500969648361206,1
1605,0,Silver,mid_value,0.1396180382571598,0,0.17449353884594182,0,0.32552380350850507,0,0.32218158912291933,0,0.42476959658895996,0,0.24164749949515016,0,0.2696000737742648,0,0.6343403458595276,1
1606,0,Gold,high_value,0.5032693380365268,1,0.4924477839945564,1,0.5155407366778983,1,0.5279931661811252,1,0.5721164226540256,1,0.5025444803823214,1,0.3830824549493798,1,0.3138468563556671,1
1607,0,Bronze,low_value,0.2722244116634086,0,0.2899804300281108,0,0.4114142356450522,0,0.3521109031147803,0,0.4447003494409517,0,0.36893909337948455,1,0.42185588676022245,1,0.5825359225273132,1
1608,0,Silver,mid_value,0.4006771530977414,0,0.3932285905868422,0,0.5475454399998472,1,0.5501289526945433,1,0.5400511542903851,1,0.5532706126497434,1,0.5577928675051925,1,0.8674407005310059,1
1609,0,Platinum,high_value,0.4579429129568876,0,0.5126753631666838,1,0.5317398340434668,1,0.5369500532323022,1,0.6219928934429791,1,0.5788666878445003,1,0.5198175933635442,1,0.679960310459137,1
1610,1,Bronze,low_value,0.17868939486457455,0,0.1959069930477855,0,0.34625210802501466,0,0.3074413270789914,0,0.4420199582480385,0,0.19388134285276182,0,0.35442925702270717,1,0.36704814434051514,1
1611,0,Gold,high_value,0.44640352579437503,0,0.48209944378355113,1,0.5429245271273136,1,0.5685983454718659,1,0.5245691859063148,1,0.5575633568723294,1,0.4733854351372854,1,0.53585284948349,1
1612,0,Gold,high_value,0.4145636904459982,0,0.4991327921411412,1,0.49192055408241664,0,0.552068612464576,1,0.5371828806554845,1,0.5637022241792915,1,0.4239602070864613,1,0.47185394167900085,1
1613,0,Bronze,low_value,0.2631209386139189,0,0.2720236530341849,0,0.4023757563986864,0,0.35525177771285243,0,0.4435042043872448,0,0.37522757482769337,1,0.3955446272267616,1,0.5578015446662903,1
1614,0,Bronze,low_value,0.4965489865391511,0,0.45352211298490963,0,0.5053782494365033,1,0.3790679561358024,0,0.5650555573853634,1,0.13480483781723532,0,0.48490561504392754,1,0.15186643600463867,0
1615,0,Bronze,low_value,0.3805457899112099,0,0.39406115586755996,0,0.47903962126448235,0,0.45914136485460283,1,0.48882370912579465,0,0.5059860466441019,1,0.44264952168924426,1,0.8670234680175781,1
1616,0,Bronze,low_value,0.18206961614707706,0,0.16429212435288026,0,0.2633832325976719,0,0.2673716305636987,0,0.4013342050212665,0,0.09898484096735549,0,0.13993684312873117,0,0.16969038546085358,1
1617,0,Silver,mid_value,0.3189941035681602,0,0.3133491006390282,0,0.5771207645657435,1,0.5578243428721091,1,0.5392701925802748,1,0.5538206890184809,1,0.5550410486006393,1,0.7608065605163574,1
1618,0,Bronze,low_value,0.19715583478016782,0,0.2438435373692003,0,0.42132146716262087,0,0.4075358130736014,0,0.4353089652947061,0,0.20043824393555035,0,0.1137312790522346,0,0.07910442352294922,0
1619,0,Silver,mid_value,0.3533603399319282,0,0.338496529456967,0,0.5808052662187904,1,0.5892981612032976,1,0.5369230582723916,1,0.5949559052342285,1,0.6172270499678761,1,0.8211009502410889,1
1620,0,Bronze,low_value,0.21611252835997827,0,0.1809187563787426,0,0.3264970443828016,0,0.3429848882263398,0,0.4419419026240132,0,0.2188366954638822,0,0.25770097942504083,0,0.1779748648405075,1
1621,0,Bronze,low_value,0.20604414198481655,0,0.22096266866209277,0,0.3250975415155905,0,0.3223565773244052,0,0.4086289860615754,0,0.3477212340154954,0,0.3412987779115129,1,0.285480797290802,1
1622,1,Gold,high_value,0.5343678772211375,1,0.48749643138936183,1,0.5510481553423078,1,0.6038393996647077,1,0.56228684655403,1,0.4841357534994528,1,0.47396531031121364,1,0.41193240880966187,1
1623,0,Bronze,low_value,0.38538392955905837,0,0.33063012132406117,0,0.3415195563616342,0,0.33357198455287423,0,0.4312425699839162,0,0.3030036327787087,0,0.331540692446181,0,0.3829481303691864,1
1624,0,Silver,mid_value,0.3772278434718008,0,0.35645627716586226,0,0.5488716356042876,1,0.514008402861369,1,0.5309259564444078,1,0.4990523040745718,1,0.48595790018798457,1,0.514022946357727,1
1625,0,Gold,high_value,0.4495367268044945,0,0.548001096719238,1,0.5929185336784982,1,0.5926502941480362,1,0.5426485053356728,1,0.5666410967838545,1,0.5761478583097132,1,0.6779149770736694,1
1626,0,Bronze,low_value,0.24995356940045196,0,0.17780006683615965,0,0.41896550063429366,0,0.41601149006801713,0,0.42404725406228616,0,0.27428847191697636,0,0.2218092498720355,0,0.5908662676811218,1
1627,0,Bronze,low_value,0.2897840632759054,0,0.28960294416606563,0,0.36738092373794756,0,0.37308750513539396,0,0.4138105338994345,0,0.36108911784031805,1,0.37171030479407435,1,0.6087804436683655,1
1628,0,Bronze,low_value,0.2273346202242488,0,0.26150002804480516,0,0.29078960585663877,0,0.24629480666067313,0,0.37805235116361785,0,0.17700130063214417,0,0.08390978387975366,0,0.07841665297746658,0
1629,0,Silver,mid_value,0.4299342502985033,0,0.48053330092517466,1,0.5562460192183122,1,0.5506512249542291,1,0.5400511542903851,1,0.5147061063244055,1,0.5480660980035396,1,0.7496864795684814,1
1630,0,Silver,mid_value,0.2813242848410309,0,0.26895204001536566,0,0.4179349809877847,0,0.44971425775700624,1,0.48310136251513996,0,0.39144505133687557,1,0.36223230680620766,1,0.2591037154197693,1
1631,0,Gold,high_value,0.3340516932891993,0,0.5639985868196867,1,0.5945699331446301,1,0.5902143958781805,1,0.5513635217789188,1,0.6416327270732205,1,0.658030579341286,1,0.38914966583251953,1
1632,0,Silver,mid_value,0.4878354362627934,0,0.5331013589048978,1,0.6184511645693643,1,0.549085802591552,1,0.5723505686025314,1,0.5268852024117091,1,0.5496757023577338,1,0.6742722392082214,1
1633,0,Platinum,high_value,0.5423000501294405,1,0.6026712904911479,1,0.5847584271525873,1,0.5544864021907159,1,0.5978517643649963,1,0.5812419822213593,1,0.547592969460085,1,0.9114388823509216,1
1634,0,Silver,mid_value,0.2723963201693639,0,0.2835115670564359,0,0.5049762198788883,1,0.5097464147324482,1,0.5096847283386828,1,0.5572651457937285,1,0.6099884823691243,1,0.8693416714668274,1
1635,0,Gold,high_value,0.398704094424788,0,0.4492062342143059,0,0.5277624268311171,1,0.5630820747191101,1,0.5328300716054113,1,0.5306733976286869,1,0.4549803585997896,1,0.6822332143783569,1
1636,0,Silver,mid_value,0.45833034394898475,0,0.4645273138016995,1,0.5222377202202528,1,0.5231409084993066,1,0.5316438985769845,1,0.5436577938017093,1,0.5182656184310372,1,0.819586992263794,1
1637,0,SME,mid_value,0.5171687149707471,1,0.5343557009820062,1,0.5646982650961153,1,0.5517416241072194,1,0.560661824055588,1,0.5428949736563196,1,0.5758442513246483,1,0.7200714349746704,1
1638,0,Bronze,low_value,0.143997367125354,0,0.15564380790920107,0,0.44892458134997953,0,0.3354437773172077,0,0.48239127708072155,0,0.38267636253133874,1,0.14190808262518015,0,0.13189511001110077,0
1639,0,Silver,mid_value,0.23463819596344473,0,0.2388757593306224,0,0.4221082309308441,0,0.46008071869230205,1,0.47873732349458376,0,0.5076486295035959,1,0.4508329469492566,1,0.49956217408180237,1
1640,0,Bronze,low_value,0.29583692846113807,0,0.26127045588909215,0,0.33642637658876234,0,0.3210560131642316,0,0.4178395966996704,0,0.4071620835148646,1,0.3423728257297591,1,0.6915624141693115,1
1641,0,Bronze,low_value,0.23209742381733325,0,0.2005019652279523,0,0.41065645820837254,0,0.3812220397948301,0,0.46696065978976187,0,0.17775644545958183,0,0.1486046788561235,0,0.17142125964164734,1
1642,0,Gold,high_value,0.37838463890906476,0,0.3594871512916525,0,0.550596527971275,1,0.553921541007596,1,0.5091193521250089,1,0.5659300164078606,1,0.5313054156626041,1,0.7594082951545715,1
1643,0,Silver,mid_value,0.15730588162629153,0,0.15340234024508698,0,0.3322050494325203,0,0.3349182081872262,0,0.47425408586882545,0,0.20863721457533738,0,0.1037274258729474,0,0.09413869678974152,0
1644,0,Bronze,low_value,0.3308897256937367,0,0.298999297806391,0,0.44672793297828906,0,0.4885639621022135,1,0.4660996761050152,0,0.48941149929736744,1,0.46934786843863147,1,0.7635079622268677,1
1645,0,SE,mid_value,0.12141167225799276,0,0.11910161278584477,0,0.3901122223437992,0,0.44775807795215283,1,0.40007716062128384,0,0.23032301979755215,0,0.10939245816923403,0,0.1285073310136795,0
1646,0,Gold,high_value,0.3710913610764712,0,0.3760212756552723,0,0.5887391175577726,1,0.5662341609426358,1,0.5502639168319559,1,0.5636522653285371,1,0.5558193283289741,1,0.7804481387138367,1
1647,0,Silver,mid_value,0.14343837922661257,0,0.13613168507097204,0,0.3500685834658863,0,0.3954024404974222,0,0.38730355813017014,0,0.3890453528980307,1,0.31847912788620464,0,0.580786943435669,1
1648,0,Bronze,low_value,0.2891038937787172,0,0.3061147755603037,0,0.38668378513289303,0,0.36945114149903036,0,0.43385898136576617,0,0.35556818108478433,1,0.39324773307844807,1,0.7185193300247192,1
1649,0,Bronze,low_value,0.4303016708524447,0,0.3836612621097239,0,0.414701881773985,0,0.42679786995440866,0,0.4898042476826146,0,0.4121096026907848,1,0.2735408397635021,0,0.3740459382534027,1
1650,0,Bronze,low_value,0.34608174934559466,0,0.3758924595649842,0,0.3500705621263905,0,0.3320642756460973,0,0.44522293274035923,0,0.33598959661881633,0,0.3692428401826753,1,0.4506072998046875,1
1651,0,Silver,mid_value,0.3695253239262323,0,0.34301754004449353,0,0.5761872385613495,1,0.5896484505159258,1,0.5210525741498039,1,0.579400023506735,1,0.58674732252668,1,0.7608614563941956,1
1652,0,Platinum,high_value,0.526275953046239,1,0.6016087243671164,1,0.6847611642835354,1,0.6841102968902484,1,0.6489163041846803,1,0.6724035917157921,1,0.7028343289598266,1,0.9561554193496704,1
1653,0,Platinum,high_value,0.05851956566700109,0,0.09647822981393814,0,0.4486829349967346,0,0.44672239143901377,1,0.48521314846337954,0,0.1965842558769055,0,0.21802835030628534,0,0.2888713479042053,1
1654,0,Bronze,low_value,0.2152007634507177,0,0.2161105306994273,0,0.4334665914863396,0,0.4353195785598232,0,0.4221078045531975,0,0.35784756512015603,1,0.320062971116028,0,0.5913336873054504,1
1655,0,Bronze,low_value,0.4197038096951877,0,0.39866034618302576,0,0.45250711386479525,0,0.45715752061342146,1,0.48400722473593805,0,0.4156560068182024,1,0.19370794146165532,0,0.4146811366081238,1
1656,0,Silver,mid_value,0.3440896754746908,0,0.3135064340294198,0,0.3999604202476394,0,0.41440561231758744,0,0.5086401288579797,1,0.4093904442300571,1,0.35840529911280017,1,0.5118818283081055,1
1657,0,Bronze,low_value,0.16873488820328333,0,0.1794892624507331,0,0.41930352449329705,0,0.4121759719164041,0,0.39384539046470063,0,0.3975064599028597,1,0.34681225775473234,1,0.517501711845398,1
1658,0,Gold,high_value,0.5069651564140812,1,0.5457799538612006,1,0.6504710895022832,1,0.645207157962125,1,0.6364728857842537,1,0.6797552257515233,1,0.6898096302311939,1,0.537505030632019,1
1659,0,Gold,high_value,0.5991992337367846,1,0.6184272181418936,1,0.5677332371514898,1,0.7062011247203763,1,0.5730668089204113,1,0.6817300335173291,1,0.5969421226070535,1,0.8916988372802734,1
1660,0,Bronze,low_value,0.17300748821993928,0,0.20353481104098825,0,0.3322519901569831,0,0.3001213248547538,0,0.43205632093300944,0,0.25963513478881844,0,0.201166576285612,0,0.08520238101482391,0
1661,0,Gold,high_value,0.22693458571368974,0,0.24103496580578387,0,0.5269890597606053,1,0.5529688340273369,1,0.49861966035374844,0,0.5553798086062536,1,0.5442124182599604,1,0.5699767470359802,1
1662,0,Bronze,low_value,0.1504730872568484,0,0.042943446596256624,0,0.3165978052881189,0,0.3062541175200327,0,0.4008939434903492,0,0.16176906739853888,0,0.1846376166628872,0,0.1361645609140396,0
1663,0,Silver,mid_value,0.39984254249537665,0,0.4174623051986669,0,0.5813120709686851,1,0.5847153721163105,1,0.5470251128916158,1,0.48019693918166934,1,0.45468928224952154,1,0.5395452380180359,1
1664,0,Silver,mid_value,0.20062554854937364,0,0.19426699410825485,0,0.377682570806534,0,0.3580123382347092,0,0.4178395966996704,0,0.3578803191640468,1,0.34680535387764827,1,0.7185054421424866,1
1665,0,Silver,mid_value,0.24909456812150116,0,0.279844277910832,0,0.47761902986038857,0,0.4835139483376847,1,0.4982906430890216,0,0.36775324673710114,1,0.4212262201719813,1,0.7009015083312988,1
1666,0,Gold,high_value,0.635843418529664,1,0.6933024778157081,1,0.5055161183579154,1,0.5272525152557689,1,0.5371828806554845,1,0.49717952152683687,1,0.406381072563099,1,0.6900668144226074,1
1667,0,Silver,mid_value,0.30676131880709556,0,0.3406077333959981,0,0.5561540047601049,1,0.5942551021034647,1,0.5516195301575034,1,0.5638745735085986,1,0.48453964133860944,1,0.6514975428581238,1
1668,0,Bronze,low_value,0.2758409866230643,0,0.2680675912408729,0,0.3110471842673666,0,0.29867594417991744,0,0.4061826927271165,0,0.12302064208090964,0,0.08232652267279483,0,0.13116733729839325,0
1669,0,Iron,low_value,0.11402283146922661,0,0.14227030688797346,0,0.4050839748061517,0,0.40357622146689,0,0.5017919670718801,1,0.391100245390259,1,0.3052855208909277,0,0.15752607583999634,0
1670,1,SME,mid_value,0.5972734593219723,1,0.5709145315011861,1,0.6905922064933881,1,0.7029940547860448,1,0.6300976498045127,1,0.5908003745820282,1,0.6673234649684991,1,0.9385147094726562,1
1671,0,Bronze,low_value,0.17363116200727238,0,0.16051429913781298,0,0.2964498001971458,0,0.32435162730087874,0,0.4096025789323212,0,0.16170948679754232,0,0.17924517528171194,0,0.28872916102409363,1
1672,0,Gold,high_value,0.6053855589527989,1,0.6222786423590966,1,0.6157132487408007,1,0.6198954338084145,1,0.5922773202478288,1,0.6534177754491058,1,0.6394355274550935,1,0.8990433216094971,1
1673,0,SME,mid_value,0.6495235477786999,1,0.6070560351979698,1,0.5483338596736519,1,0.5692768384315658,1,0.5783957807053833,1,0.41556711940147073,1,0.38341986827844116,1,0.658471941947937,1
1674,0,Bronze,low_value,0.344872911012736,0,0.3835176878143814,0,0.4376855379826422,0,0.4477725679885517,1,0.5148061759326,1,0.4043144055516893,1,0.4252616845306412,1,0.7545124888420105,1
1675,0,Gold,high_value,0.3900450364090963,0,0.43639035658107694,0,0.5508052999228821,1,0.5785328105706715,1,0.5245691859063148,1,0.5705892660125682,1,0.511544710909395,1,0.6694402098655701,1
1676,0,Silver,mid_value,0.3679564444759377,0,0.34627162238667725,0,0.5559198407201326,1,0.5304030982119605,1,0.5309259564444078,1,0.5634970098562945,1,0.5137232526066077,1,0.8193563222885132,1
1677,0,Bronze,low_value,0.397396839192368,0,0.2980000135560631,0,0.42603673178991314,0,0.44939978406310543,1,0.43145936700435134,0,0.44190192283793045,1,0.3025124408701276,0,0.24734678864479065,1
1678,0,Bronze,low_value,0.323727444884667,0,0.259664600471957,0,0.384239796927355,0,0.4107765889079121,0,0.43263587654084174,0,0.4184454180157351,1,0.38291750163557126,1,0.4600816071033478,1
1679,0,Gold,high_value,0.3084706487094002,0,0.27179948704919105,0,0.49259516124525216,0,0.5118177325973225,1,0.48604730504570687,0,0.5039288208213278,1,0.4461911735083429,1,0.3037832975387573,1
1680,0,Silver,mid_value,0.47302865356280804,0,0.4534639731126993,0,0.5680058158479873,1,0.5641897312173447,1,0.507190820566617,1,0.5954142391592464,1,0.48829792044307874,1,0.8220803141593933,1
1681,0,Bronze,low_value,0.48028403911819967,0,0.4106610099999912,0,0.4548979668309098,0,0.4785887533456236,1,0.5332711772238936,1,0.5044979104325352,1,0.4742709860920044,1,0.125203937292099,0
1682,0,Bronze,low_value,0.18385377815033452,0,0.20982426464715773,0,0.3815777911015543,0,0.33320011891993384,0,0.42959596248780657,0,0.2321218309622789,0,0.31875191441398043,0,0.4301472306251526,1
1683,0,Bronze,low_value,0.30645482536275975,0,0.3422870788610966,0,0.37130904285547045,0,0.34423749901465844,0,0.4447003494409517,0,0.3920208812807167,1,0.38679115137828807,1,0.06406108289957047,0
1684,0,Gold,high_value,0.3282332112223854,0,0.4066362171018819,0,0.4959799457624589,0,0.5380702959067623,1,0.5377987860904339,1,0.42903575706299807,1,0.414184667351452,1,0.3278493285179138,1
1685,0,Bronze,low_value,0.2794337437458134,0,0.3010408774118198,0,0.3568448841567891,0,0.34444646461210654,0,0.4245689048299094,0,0.35637949072491476,1,0.34879339186688063,1,0.23504638671875,1
1686,0,Bronze,low_value,0.20636440062916575,0,0.18271187201623978,0,0.32470280500013865,0,0.3223565773244052,0,0.4086289860615754,0,0.36328152905733374,1,0.36833874370640496,1,0.442115843296051,1
1687,0,Gold,high_value,0.4185909477623399,0,0.5291298205443297,1,0.5668094558260398,1,0.5498819441339309,1,0.5470251128916158,1,0.538596949626084,1,0.5464490431682429,1,0.6604480147361755,1
